0.001   1.8323317162928217e-12
0.0010009215505167933   1.8306446847375373e-12
0.0010018439502889405   1.8289592064356544e-12
0.0010027672000990757   1.8272752799570866e-12
0.0010036913007305502   1.825592903873068e-12
0.0010046162529674394   1.823912076756148e-12
0.0010055420575945395   1.8222327971801906e-12
0.0010064687153973732   1.820555063720368e-12
0.0010073962271621838   1.8188788749531708e-12
0.0010083245936759408   1.8172042294563964e-12
0.0010092538157263373   1.8155311258091546e-12
0.0010101838941017954   1.8138595625918575e-12
0.0010111148295914613   1.8121895383862302e-12
0.0010120466229852085   1.8105210517753017e-12
0.0010129792750736386   1.8088541013434066e-12
0.0010139127866480835   1.807188685676179e-12
0.0010148471585006023   1.8055248033605589e-12
0.0010157823914239848   1.8038624529847867e-12
0.0010167184862117501   1.802201633138404e-12
0.0010176554436581518   1.8005423424122458e-12
0.0010185932645581726   1.7988845793984496e-12
0.0010195319497075283   1.797228342690448e-12
0.0010204714999026674   1.7955736308829692e-12
0.0010214119159407755   1.7939204425720305e-12
0.0010223531986197697   1.7879192890532633e-12
0.001023295348738303   1.7823437153849469e-12
0.001024238367095764   1.7781358456857973e-12
0.0010251822544922805   1.7744501903482707e-12
0.0010261270117287152   1.7710658622608855e-12
0.0010270726396066695   1.7678849565668439e-12
0.001028019138928482   1.7648537866334407e-12
0.001028966510497235   1.7619391090637435e-12
0.0010299147551167467   1.759118630742806e-12
0.0010308638735915777   1.7563765303270173e-12
0.0010318138667270284   1.7537010924423461e-12
0.0010327647353291453   1.7510833505367941e-12
0.0010337164802047137   1.7485162576753652e-12
0.001034669102161264   1.7459941539662687e-12
0.0010356226020070698   1.7435124103391166e-12
0.0010365769805511522   1.7410671821209357e-12
0.0010375322386032752   1.7386552336554344e-12
0.0010384883769739498   1.736273810413526e-12
0.0010394453964744329   1.733920543752553e-12
0.0010404032979167324   1.731593378672872e-12
0.001041362082113601   1.729290518122681e-12
0.0010423217498785418   1.727010379437062e-12
0.001043282302025806   1.7247515598253957e-12
0.0010442437393703991   1.7225128087083587e-12
0.0010452060627280742   1.7202930053110295e-12
0.0010461692729153368   1.7180911403391909e-12
0.0010471333707494442   1.7159063008635123e-12
0.0010480983570484096   1.7137376577498638e-12
0.001049064232630998   1.7115844551297056e-12
0.0010500309983167283   1.709446001519253e-12
0.001050998654925875   1.7073216622819713e-12
0.001051967203279471   1.70521085319367e-12
0.0010529366441993028   1.7031130349189365e-12
0.0010539069785079154   1.7010277082456332e-12
0.0010548782070286104   1.6989544099538402e-12
0.0010558503305854515   1.6968927092187437e-12
0.001056823350003259   1.694842204465315e-12
0.0010577972661076137   1.6928025206071346e-12
0.0010587720797248566   1.690773306613419e-12
0.0010597477916820934   1.6887542333576656e-12
0.0010607244028071885   1.6867449917090126e-12
0.0010617019139287707   1.684745290833533e-12
0.001062680325876231   1.682754856677876e-12
0.0010636596394797285   1.6807734306117995e-12
0.001064639855570183   1.6788007682096888e-12
0.0010656209749792826   1.6768366381539544e-12
0.0010666029985394794   1.6748808212457353e-12
0.0010675859270839968   1.6729331095102744e-12
0.0010685697614468224   1.6709933053861254e-12
0.0010695545024627133   1.6690612209887155e-12
0.0010705401509671954   1.667136677440099e-12
0.0010715267077965672   1.6652195042577272e-12
0.0010725141737878948   1.6633095387960113e-12
0.0010735025497790173   1.6614066257351537e-12
0.0010744918366085438   1.6595106166124641e-12
0.0010754820351158607   1.6576213693918743e-12
0.0010764731461411236   1.655738748067944e-12
0.001077465170525263   1.6538626223009762e-12
0.0010784581091099873   1.6519928670803232e-12
0.0010794519627377775   1.6501293624132632e-12
0.001080446732251892   1.6482719930370724e-12
0.0010814424184963653   1.6464206481522348e-12
0.001082439022316013   1.6445752211748914e-12
0.0010834365445564255   1.6427356095068813e-12
0.0010844349860639742   1.6409017143218253e-12
0.001085434347685809   1.6390734403659376e-12
0.0010864346302698641   1.6372506957723004e-12
0.0010874358346648514   1.6354333918875459e-12
0.0010884379617202664   1.633621443109896e-12
0.001089441012286386   1.6318147667376911e-12
0.0010904449872142744   1.6300132828275628e-12
0.0010914498873557763   1.6282169140615376e-12
0.001092455713563523   1.6264255856223485e-12
0.0010934624666909302   1.6246392250763759e-12
0.0010944701475922032   1.6228577622636254e-12
0.0010954787571223316   1.6210811291942581e-12
0.0010964882961370939   1.6193092599511686e-12
0.0010974987654930556   1.617542090598204e-12
0.0010985101660475757   1.6157795590936092e-12
0.0010995224986587997   1.6140216052083681e-12
0.0011005357641856645   1.6122681704490654e-12
0.0011015499634878982   1.6105191979849903e-12
0.001102565097426024   1.6087746325791876e-12
0.0011035811668613552   1.6070344205232125e-12
0.0011045981726559998   1.6052985095753212e-12
0.0011056161156728587   1.603566848901902e-12
0.0011066349967756319   1.601839389021916e-12
0.001107654816828812   1.6001160817541924e-12
0.0011086755766976893   1.5983968801673643e-12
0.00110969727724835   1.5966817385323101e-12
0.0011107199193476824   1.5949706122769203e-12
0.0011117435038633698   1.5932634579431002e-12
0.0011127680316638966   1.5915602331458092e-12
0.0011137935036185465   1.589860896534076e-12
0.001114819920597407   1.5881654077538302e-12
0.0011158472834713652   1.586473727412489e-12
0.0011168755931121107   1.5847858170451577e-12
0.0011179048503921357   1.5831016390823823e-12
0.0011189350561847404   1.581421156819345e-12
0.0011199662113640255   1.57974433438646e-12
0.0011209983168048992   1.578071136721241e-12
0.001122031373383074   1.5764015295414226e-12
0.0011230653819750734   1.5747354793192225e-12
0.0011241003434582252   1.573072953256736e-12
0.0011251362587106667   1.5714139192623513e-12
0.0011261731286113432   1.5697583459281671e-12
0.0011272109540400137   1.5681062025083433e-12
0.0011282497358772443   1.5664574588983566e-12
0.001129289475004414   1.5648120856150913e-12
0.0011303301723037122   1.5631700537777419e-12
0.001131371828658146   1.5615313350894692e-12
0.0011324144449515311   1.559895901819807e-12
0.0011334580220685004   1.55826372678774e-12
0.0011345025608945   1.5566347833454512e-12
0.0011355480623157956   1.5550090453626859e-12
0.0011365945272194663   1.553386487211736e-12
0.0011376419564934099   1.551767083752968e-12
0.001138690351026341   1.5501508103209174e-12
0.001139739711707797   1.5485376427108758e-12
0.001140790039428131   1.5469275571660055e-12
0.0011418413350785187   1.5453205303648954e-12
0.001142893599550955   1.5437165394095925e-12
0.001143946833738261   1.5421155618140386e-12
0.0011450010385340766   1.5405175754929526e-12
0.0011460562148328665   1.538922558751076e-12
0.0011471123635299187   1.5373304902728138e-12
0.0011481694855213498   1.535741349112222e-12
0.0011492275817040981   1.5341551146833624e-12
0.0011502866529759306   1.5325717667509634e-12
0.0011513467002354399   1.5309912854214133e-12
0.0011524077243820503   1.5294136511340482e-12
0.001153469726316011   1.5278388446527439e-12
0.0011545327069384017   1.526266847057773e-12
0.0011555966671511356   1.5246976397379299e-12
0.0011566616078569534   1.5231312043829294e-12
0.0011577275299594289   1.5215675229760336e-12
0.0011587944343629678   1.5200065777869243e-12
0.0011598623219728121   1.5184483513647962e-12
0.0011609311936950353   1.5168928265316825e-12
0.0011620010504365464   1.515339986375976e-12
0.0011630718931050893   1.5137898142461587e-12
0.0011641437226092481   1.5122422937447202e-12
0.0011652165398584402   1.5106974087222764e-12
0.001166290345762923   1.509155143271851e-12
0.0011673651412337906   1.5076154817233432e-12
0.001168440927182981   1.5060784086381466e-12
0.001169517704523269   1.5045439088039498e-12
0.0011705954741682712   1.5030119672296754e-12
0.0011716742370324457   1.5014825691405709e-12
0.0011727539940310965   1.4999556999734417e-12
0.001173834746080367   1.498431345372033e-12
0.0011749164940972475   1.4969094911825304e-12
0.0011759992389995706   1.4953901234492018e-12
0.001177082981706019   1.493873228410147e-12
0.0011781677231361188   1.4923587924931877e-12
0.0011792534642102441   1.49084680231186e-12
0.0011803402058496162   1.4893372446615185e-12
0.0011814279489763089   1.4878301065155502e-12
0.001182516694513242   1.4863253750216973e-12
0.0011836064433841875   1.4848230374984735e-12
0.0011846971965137668   1.4833230814316816e-12
0.0011857889548274577   1.4818254944710175e-12
0.0011868817192515865   1.4803302644267807e-12
0.0011879754907133354   1.4788373792666548e-12
0.001189070270140739   1.4773468271125875e-12
0.0011901660584626905   1.4758585962377355e-12
0.0011912628566089368   1.4743726750635122e-12
0.0011923606655100815   1.472889052156692e-12
0.001193459486097585   1.471407716226599e-12
0.00119455931930377   1.46992865612236e-12
0.0011956601660618148   1.468451860830241e-12
0.0011967620273057582   1.466977319471038e-12
0.001197864903970499   1.4655050212975402e-12
0.0011989687969918017   1.4640349556920465e-12
0.0012000737073062885   1.4625671121639648e-12
0.0012011796358514467   1.4611014803474488e-12
0.0012022865835656258   1.4596380499991037e-12
0.0012033945513880446   1.4581768109957413e-12
0.0012045035402587824   1.4567177533322024e-12
0.0012056135511187872   1.4552608671192161e-12
0.0012067245849098724   1.4538061425813213e-12
0.0012078366425747234   1.4523535700548263e-12
0.00120894972505689   1.450903139985836e-12
0.0012100638333007933   1.449454842928304e-12
0.0012111789682517232   1.4480086695421467e-12
0.0012122951308558448   1.4465646105913852e-12
0.001213412322060191   1.4451226569423523e-12
0.0012145305428126689   1.4436827995619182e-12
0.001215649794062058   1.4422450295157716e-12
0.0012167700767580156   1.44080933796673e-12
0.0012178913918510705   1.4393757161731e-12
0.001219013740292629   1.4379441554870642e-12
0.0012201371230349724   1.4365146473531082e-12
0.001221261541031264   1.4350871833064771e-12
0.0012223869952355413   1.4336617549716824e-12
0.001223513486602722   1.432238354061021e-12
0.001224641016088603   1.4308169723731412e-12
0.0012257695846498657   1.4293976017916286e-12
0.0012268991932440692   1.427980234283638e-12
0.0012280298428296555   1.426564861898541e-12
0.0012291615343659526   1.4251514767666046e-12
0.0012302942688131701   1.4237400710977056e-12
0.0012314280471324027   1.4223306371800661e-12
0.0012325628702856313   1.420923167379016e-12
0.001233698739235722   1.419517654135783e-12
0.0012348356549464318   1.4181140899663039e-12
0.0012359736183824026   1.4167124674600705e-12
0.0012371126305091645   1.4153127792789913e-12
0.0012382526922931417   1.41391501815627e-12
0.0012393938047016453   1.4125191768953267e-12
0.0012405359687028784   1.4111252483687216e-12
0.001241679185265936   1.4097332255171142e-12
0.0012428234553608093   1.4083431013482277e-12
0.0012439687799583798   1.4069548689358567e-12
0.0012451151600304253   1.4055685214188734e-12
0.0012462625965496171   1.4041840520002672e-12
0.0012474110904895277   1.4028014539461896e-12
0.001248560642824622   1.4014207205850385e-12
0.0012497112545302646   1.4000418453065413e-12
0.0012508629265827183   1.398664821560864e-12
0.001252015659959148   1.3972896428577336e-12
0.0012531694556376168   1.3959163027655886e-12
0.001254324314597089   1.3945447949107299e-12
0.0012554802378174311   1.3931751129764994e-12
0.0012566372262794157   1.3918072507024647e-12
0.0012577952809647152   1.3904412018836346e-12
0.0012589544028559084   1.3890769603696725e-12
0.001260114592936478   1.3877145200641343e-12
0.0012612758521908175   1.3863538749237124e-12
0.0012624381816042228   1.3849950189575097e-12
0.0012636015821628997   1.3836379462263077e-12
0.0012647660548539615   1.382282650841862e-12
0.0012659316006654348   1.3809291269662e-12
0.0012670982205862532   1.3795773688109425e-12
0.0012682659156062622   1.3782273706366317e-12
0.001269434686716219   1.3768791267520683e-12
0.0012706045349077978   1.375532631513664e-12
0.0012717754611735821   1.37418787932481e-12
0.0012729474665070717   1.372844864635249e-12
0.0012741205519026806   1.371503581940463e-12
0.0012752947183557435   1.3701640257810653e-12
0.001276469966862508   1.3688261907422176e-12
0.0012776462984201411   1.3674900714530412e-12
0.001278823714026728   1.366155662586049e-12
0.001280002214681277   1.3648229588565781e-12
0.001281181801383713   1.3634919550222465e-12
0.0012823624751348843   1.3621626458824028e-12
0.00128354423693656   1.3608350262775993e-12
0.0012847270877914358   1.35950909108906e-12
0.0012859110287031285   1.3581848352381719e-12
0.00128709606067618   1.3568622536859782e-12
0.0012882821847160575   1.355541341432677e-12
0.0012894694018291582   1.3542220935171297e-12
0.0012906577130228029   1.3529045050163892e-12
0.0012918471193052424   1.351588571045214e-12
0.0012930376216856547   1.350274286755615e-12
0.0012942292211741524   1.3489616473363822e-12
0.0012954219187817743   1.3476506480126499e-12
0.001296615715520493   1.346341284045445e-12
0.0012978106124032118   1.3450335507312535e-12
0.0012990066104437718   1.3437274434015862e-12
0.0013002037106569443   1.342422957422567e-12
0.0013014019140584368   1.3411200881945101e-12
0.0013026012216648918   1.3398188311515144e-12
0.0013038016344938926   1.3385191817610582e-12
0.0013050031535639564   1.3372211355236081e-12
0.0013062057798945402   1.3359246879722281e-12
0.001307409514506039   1.3346298346721977e-12
0.0013086143584197926   1.3333365712206262e-12
0.0013098203126580775   1.3320448932460952e-12
0.001311027378244114   1.3307547964082837e-12
0.0013122355562020635   1.3294662763976118e-12
0.001313444847557036   1.3281793289348811e-12
0.0013146552533350817   1.3268939497709347e-12
0.0013158667745631978   1.3256101346863073e-12
0.0013170794122693262   1.3243278794908908e-12
0.0013182931674823608   1.323047180023594e-12
0.0013195080412321393   1.3217680321520243e-12
0.0013207240345494498   1.3204904317721596e-12
0.0013219411484660286   1.3192143748080302e-12
0.001323159384014568   1.3179398572114024e-12
0.0013243787422287064   1.3166668749614772e-12
0.001325599224143036   1.315395424064581e-12
0.0013268208307931058   1.3141255005538639e-12
0.0013280435632154154   1.3128571004890096e-12
0.0013292674224474204   1.3115902199559429e-12
0.001330492409527532   1.3103248550665416e-12
0.0013317185254951218   1.3090610019583524e-12
0.001332945771390515   1.3077986567943167e-12
0.0013341741482549973   1.306537815762495e-12
0.0013354036571308126   1.3052784750757969e-12
0.0013366342990611692   1.3040206309717077e-12
0.0013378660750902327   1.3027642797120378e-12
0.0013390989862631323   1.3015094175826545e-12
0.001340333033625959   1.3002560408932329e-12
0.001341568218225772   1.2990041459769952e-12
0.0013428045411105916   1.2977537291904725e-12
0.0013440420033294044   1.2965047869132574e-12
0.0013452806059321633   1.2952573155477602e-12
0.001346520349969792   1.2940113115189705e-12
0.0013477612364941793   1.2927667712742274e-12
0.0013490032665581845   1.2915236912829844e-12
0.0013502464412156357   1.2902820680365856e-12
0.0013514907615213363   1.2890418980480309e-12
0.0013527362285310576   1.2878031778517688e-12
0.0013539828433015455   1.2865659040034646e-12
0.001355230606890518   1.2853300730797945e-12
0.0013564795203566719   1.2840956816782218e-12
0.001357729584759676   1.2828627264167986e-12
0.001358980801160177   1.2816312039339522e-12
0.001360233170619797   1.2804011108882817e-12
0.0013614866942011409   1.279172443958354e-12
0.0013627413729677892   1.27794519984251e-12
0.0013639972079843032   1.2767193752586659e-12
0.0013652542003162245   1.2754949669441188e-12
0.00136651235103008   1.2742719716553543e-12
0.0013677716611933764   1.2730503861678615e-12
0.0013690321318746042   1.271830207275944e-12
0.0013702937641432386   1.2706114317925406e-12
0.0013715565590697433   1.2693940565490339e-12
0.0013728205177255654   1.2681780783950831e-12
0.0013740856411831397   1.266963494198442e-12
0.0013753519305158889   1.2657503008447848e-12
0.0013766193867982286   1.2645384952375308e-12
0.0013778880111055601   1.2633280742976826e-12
0.0013791578045142777   1.2621190349636503e-12
0.001380428768101766   1.260911374191093e-12
0.0013817009029464065   1.259705088952746e-12
0.0013829742101275704   1.2585001762382694e-12
0.0013842486907256254   1.2572966330540831e-12
0.0013855243458219327   1.256094456423212e-12
0.0013868011764988544   1.2548936433851253e-12
0.0013880791838397466   1.2536941909955898e-12
0.001389358368928964   1.2524960963265163e-12
0.0013906387328518602   1.2512993564658087e-12
0.0013919202766947926   1.2501039685172139e-12
0.0013932030015451158   1.2489099296001813e-12
0.0013944869084911878   1.247717236849716e-12
0.0013957719986223678   1.246525887416237e-12
0.001397058273029024   1.2453358784654314e-12
0.001398345732802524   1.2441472071781248e-12
0.001399634379035244   1.2429598707501362e-12
0.0014009242128205641   1.2417738663921486e-12
0.0014022152352528771   1.2405891913295665e-12
0.0014035074474275798   1.2394058428023932e-12
0.00140480085044108   1.2382238180650936e-12
0.0014060954453907943   1.2370431143864695e-12
0.001407391233375155   1.2358637290495242e-12
0.001408688215493602   1.234685659351347e-12
0.0014099863928465895   1.2335089026029821e-12
0.0014112857665355887   1.2323334561293026e-12
0.0014125863376630826   1.2311593172688974e-12
0.001413888107332571   1.229986483373944e-12
0.0014151910766485713   1.2288149518100918e-12
0.0014164952467166166   1.2276447199563475e-12
0.0014178006186432637   1.2264757852049503e-12
0.0014191071935360843   1.2253081449612678e-12
0.001420414972503671   1.2241417966436782e-12
0.0014217239566556427   1.2229767376834524e-12
0.0014230341471026362   1.2218129655246533e-12
0.001424345544956313   1.2206504776240202e-12
0.0014256581513293599   1.2194892714508615e-12
0.0014269719673354864   1.2183293444869494e-12
0.001428286994089434   1.2171706942264077e-12
0.0014296032327069663   1.2160133181756167e-12
0.0014309206843048754   1.2148572138531042e-12
0.0014322393500009866   1.2137023787894413e-12
0.0014335592309141518   1.2125488105271466e-12
0.0014348803281642546   1.2113965066205822e-12
0.0014362026428722094   1.2102454646358587e-12
0.001437526176159968   1.2090956821507293e-12
0.0014388509291505124   1.2079471567545033e-12
0.0014401769029678594   1.2067998860479452e-12
0.0014415040987370618   1.2056538676431805e-12
0.0014428325175842125   1.2045090991635994e-12
0.0014441621606364385   1.2033655782437708e-12
0.0014454930290219064   1.2022233025293468e-12
0.0014468251238698212   1.2010822696769729e-12
0.0014481584463104328   1.1999424773541957e-12
0.0014494929974750287   1.19880392323938e-12
0.0014508287784959402   1.1976666050216167e-12
0.0014521657905065403   1.1965305204006406e-12
0.001453504034641251   1.1953956670867363e-12
0.0014548435120355359   1.1942620428006636e-12
0.0014561842238259056   1.1931296452735681e-12
0.0014575261711499172   1.1919984722468999e-12
0.00145886935514618   1.1908685214723282e-12
0.0014602137769543489   1.1897397907116645e-12
0.0014615594377151298   1.188612277736782e-12
0.001462906338570279   1.1874859803295335e-12
0.0014642544806626086   1.1863608962816722e-12
0.00146560386513598   1.1852370233947787e-12
0.0014669544931353105   1.1841143594801782e-12
0.00146830636580657   1.1829929023588724e-12
0.0014696594842967898   1.1818726498614505e-12
0.0014710138497540538   1.1807535998280289e-12
0.0014723694633275047   1.1796357501081708e-12
0.0014737263261673434   1.1785190985608134e-12
0.0014750844394248348   1.1774036430541942e-12
0.0014764438042523004   1.176289381465784e-12
0.0014778044218031255   1.1751763116822105e-12
0.001479166293231756   1.1740644315991957e-12
0.001480529419693707   1.1729537391214746e-12
0.0014818938023455535   1.1718442321627399e-12
0.0014832594423449378   1.170735908645567e-12
0.0014846263408505678   1.1696287665013457e-12
0.0014859944990222235   1.1685228036702169e-12
0.0014873639180207495   1.1674180181010037e-12
0.0014887345990080613   1.1663144077511517e-12
0.0014901065431471435   1.1652119705866588e-12
0.001491479751602058   1.1641107045820082e-12
0.0014928542255379337   1.1630106077201175e-12
0.001494229966120975   1.1619116779922653e-12
0.0014956069745184603   1.1608139133980318e-12
0.0014969852518987475   1.1597173119452361e-12
0.0014983647994312667   1.1586218716498804e-12
0.0014997456182865275   1.1575275905360871e-12
0.0015011277096361165   1.1564344666360356e-12
0.0015025110746527044   1.155342497989908e-12
0.0015038957145100383   1.1542516826458273e-12
0.0015052816303829481   1.1531620186598049e-12
0.0015066688234473455   1.1520735040956755e-12
0.0015080572948802298   1.1509861370250458e-12
0.0015094470458596806   1.149899915527238e-12
0.001510838077564863   1.1488148376892327e-12
0.0015122303911760339   1.147730901605611e-12
0.0015136239878745328   1.1466481053785067e-12
0.0015150188688427893   1.1455664471175473e-12
0.0015164150352643228   1.144485924939803e-12
0.0015178124883237424   1.1434065369697303e-12
0.0015192112292067524   1.1423282813391217e-12
0.0015206112591001461   1.1412511561870542e-12
0.00152201257919181   1.1401751596598381e-12
0.00152341519067073   1.1391002899109627e-12
0.0015248190947269834   1.1380265451010495e-12
0.0015262242925517455   1.1369539233978002e-12
0.001527630785337289   1.1358824229759484e-12
0.0015290385742769844   1.1348120420172095e-12
0.0015304476605653061   1.1337427787102287e-12
0.0015318580453978251   1.1326746312505417e-12
0.001533269729971214   1.1316075978405177e-12
0.0015346827154832524   1.1305416766893168e-12
0.00153609700313282   1.1294768660128411e-12
0.0015375125941199015   1.1284131640336915e-12
0.0015389294896455874   1.127350568981119e-12
0.0015403476909120787   1.1262890790909763e-12
0.00154176719912268   1.1252286926056797e-12
0.0015431880154818064   1.1241694077741591e-12
0.0015446101411949814   1.1231112228518178e-12
0.0015460335774688438   1.1220541361004787e-12
0.00154745832551114   1.1209981457883545e-12
0.001548884386530731   1.119943250189997e-12
0.0015503117617375899   1.1188894475862532e-12
0.0015517404523428097   1.1178367362642264e-12
0.0015531704595585954   1.116785114517233e-12
0.0015546017845982697   1.115734580644759e-12
0.0015560344286762724   1.114685132952425e-12
0.0015574683930081672   1.1136367697519339e-12
0.001558903678810633   1.1125894893610452e-12
0.001560340287301472   1.1115432901035207e-12
0.0015617782196996064   1.1104981703090972e-12
0.0015632174772250871   1.1094541283134341e-12
0.0015646580610990844   1.1084111624580862e-12
0.0015660999725438949   1.1073692710904594e-12
0.001567543212782941   1.1063284525637731e-12
0.0015689877830407772   1.1052887052370195e-12
0.0015704336845430806   1.1042500274749315e-12
0.0015718809185166608   1.1032124176479415e-12
0.001573329486189456   1.1021758741321455e-12
0.00157477938879054   1.1011403953092645e-12
0.0015762306275501153   1.100105979566611e-12
0.0015776832036995196   1.0990726252970517e-12
0.0015791371184712233   1.0980403308989731e-12
0.0015805923730988379   1.0970090947762406e-12
0.0015820489688171068   1.095978915338171e-12
0.0015835069068619123   1.0949497909994934e-12
0.0015849661884702751   1.0939217201803153e-12
0.0015864268148803597   1.092894701306087e-12
0.0015878887873314676   1.0918687328075707e-12
0.0015893521070640432   1.0908438131208051e-12
0.001590816775319673   1.0898199406870732e-12
0.0015922827933410922   1.0887971139528645e-12
0.0015937501623721768   1.0877753313698499e-12
0.0015952188836579502   1.0867545913948435e-12
0.0015966889584445821   1.0857348924897736e-12
0.0015981603879793949   1.0847162331216465e-12
0.001599633173510856   1.0836986117625193e-12
0.0016011073162885844   1.0826820268894673e-12
0.00160258281756335   1.0816664769845523e-12
0.0016040596785870797   1.0806519605347889e-12
0.0016055379006128488   1.07963847603212e-12
0.00160701748489489   1.078626021973382e-12
0.001608498432688589   1.0776145968602766e-12
0.0016099807452504944   1.0766041991993367e-12
0.0016114644238383073   1.0755948275019043e-12
0.0016129494697108893   1.0745864802840951e-12
0.0016144358841282613   1.0735791560667725e-12
0.0016159236683516093   1.0725728533755144e-12
0.0016174128236432772   1.071567570740591e-12
0.0016189033512667723   1.0705633066969325e-12
0.0016203952524867706   1.0695600597840988e-12
0.001621888528569109   1.0685578285462576e-12
0.001623383180780793   1.0675566115321506e-12
0.0016248792103899952   1.0665564072950714e-12
0.0016263766186660551   1.0655572143928344e-12
0.0016278754068794873   1.064559031387746e-12
0.0016293755763019723   1.0635618568465849e-12
0.001630877128206362   1.0625656893405707e-12
0.001632380063866687   1.0615705274453333e-12
0.0016338843845581463   1.0605763697408978e-12
0.0016353900915571165   1.0595832148116484e-12
0.0016368971861411496   1.0585910612463077e-12
0.0016384056695889738   1.0575999076379115e-12
0.0016399155431805006   1.0566097525837771e-12
0.001641426808196816   1.0556205946854874e-12
0.0016429394659201863   1.0546324325488613e-12
0.001644453517634065   1.0536452647839254e-12
0.0016459689646230835   1.0526590900048965e-12
0.0016474858081730575   1.0516739068301542e-12
0.0016490040495709874   1.0506897138822156e-12
0.0016505236901050637   1.0497065097877107e-12
0.0016520447310646596   1.0487242931773625e-12
0.001653567173740338   1.0477430626859594e-12
0.001655091019423849   1.0467628169523369e-12
0.001656616269408139   1.0457835546193453e-12
0.0016581429249873404   1.0448052743338366e-12
0.0016596709874567796   1.043827974746637e-12
0.0016612004581129756   1.0428516545125248e-12
0.0016627313382536469   1.0418763122902044e-12
0.0016642636291777028   1.0409019467422914e-12
0.0016657973321852519   1.0399285565352846e-12
0.0016673324485775983   1.038956140339547e-12
0.0016688689796572514   1.03798469682928e-12
0.0016704069267279148   1.0370142246825077e-12
0.001671946291094496   1.0360447225810509e-12
0.001673487074063103   1.0350761892105084e-12
0.0016750292769410527   1.034108623260232e-12
0.0016765729010368617   1.0331420234233103e-12
0.001678117947660254   1.032176388396546e-12
0.0016796644181221586   1.0312117168804349e-12
0.0016812123137347184   1.0302480075791438e-12
0.0016827616358112798   1.0292852592004941e-12
0.0016843123856664017   1.028323470455938e-12
0.0016858645646158521   1.0273626400605427e-12
0.0016874181739766174   1.0264027667329624e-12
0.001688973215066892   1.0254438491954286e-12
0.0016905296892060868   1.0244858861737242e-12
0.0016920875977148274   1.0235288763971668e-12
0.001693646941914961   1.0225728185985853e-12
0.0016952077231295482   1.0216177115143066e-12
0.0016967699426828702   1.0206635538841332e-12
0.0016983336019004273   1.0197103444513259e-12
0.0016998987021089459   1.0187580819625809e-12
0.0017014652446363707   1.0178067651680176e-12
0.0017030332308118712   1.0168563928211556e-12
0.0017046026619658404   1.0159069636789e-12
0.001706173539429902   1.0149584765015165e-12
0.0017077458645369029   1.0140109300526223e-12
0.0017093196386209185   1.0130643230991624e-12
0.0017108948630172528   1.0121186544113942e-12
0.0017124715390624452   1.011173922762866e-12
0.001714049668094262   1.0102301269304058e-12
0.0017156292514517038   1.0092872656940994e-12
0.001717210290475003   1.008345337837276e-12
0.001718792786505633   1.0074043421464854e-12
0.0017203767408862979   1.0064642774114885e-12
0.0017219621549609408   1.0055251424252372e-12
0.0017235490300747417   1.0045869359838574e-12
0.0017251373675741257   1.0036496568866286e-12
0.0017267271688067532   1.0027133039359763e-12
0.001728318435121528   1.001777875937449e-12
0.001729911167868596   1.0008433716997036e-12
0.0017315053683993518   9.999097900344877e-13
0.0017331010380664306   9.989771297566268e-13
0.0017346981782237138   9.980453896840072e-13
0.0017362967902263362   9.971145686375575e-13
0.001737896875430676   9.96184665441237e-13
0.0017394984351943624   9.952556789220178e-13
0.001741101470876277   9.9432760790987e-13
0.0017427059838365508   9.934004512377468e-13
0.001744311975436574   9.92474207741566e-13
0.0017459194470389864   9.915488762602005e-13
0.001747528400007683   9.9062445563546e-13
0.001749138835707821   9.897009447120737e-13
0.0017507507555058108   9.887783423376812e-13
0.0017523641607693234   9.87856647362814e-13
0.0017539790528672905   9.86935858640881e-13
0.0017555954331699031   9.86015975028157e-13
0.0017572133030486208   9.850969953837617e-13
0.0017588326638761614   9.841789185696536e-13
0.0017604535170265075   9.832617434506115e-13
0.001762075863874914   9.823454688942184e-13
0.0017636997057978968   9.81430093770853e-13
0.001765325044173243   9.80515616953671e-13
0.0017669518803800073   9.79602037318595e-13
0.0017685802157985204   9.786893537442958e-13
0.00177021005181038   9.777775651121846e-13
0.0017718413897984584   9.768666703063958e-13
0.001773474231146901   9.759566682137762e-13
0.001775108577241134   9.750475577238664e-13
0.001776744429467855   9.741393377288951e-13
0.0017783817892150406   9.732320071237604e-13
0.0017800206578719457   9.723255648060194e-13
0.0017816610368291104   9.71420009675872e-13
0.0017833029274783507   9.705153406361538e-13
0.0017849463312127674   9.69611556592317e-13
0.001786591249426743   9.687086564524234e-13
0.0017882376835159507   9.678066391271256e-13
0.001789885634877344   9.669055035296604e-13
0.0017915351049091661   9.660052485758336e-13
0.0017931860950109466   9.651058731840085e-13
0.0017948386065835106   9.642073762750901e-13
0.0017964926410289682   9.63309756772519e-13
0.0017981481997507236   9.62413013602255e-13
0.0017998052841534731   9.615171456927677e-13
0.001801463895643212   9.606221519750202e-13
0.0018031240356272266   9.597280313824625e-13
0.0018047857055141013   9.58834782851017e-13
0.0018064489067137171   9.579424053190684e-13
0.0018081136406372597   9.570508977274478e-13
0.00180977990869721   9.56160259019427e-13
0.001811447712307352   9.552704881407034e-13
0.001813117052882771   9.543815840393919e-13
0.001814787931839862   9.53493545666006e-13
0.0018164603505963193   9.526063719734564e-13
0.0018181343105711457   9.517200619170343e-13
0.0018198098131846504   9.508346144544015e-13
0.0018214868598584563   9.499500285455772e-13
0.001823165452015491   9.490663031529316e-13
0.0018248455910799956   9.481834372411709e-13
0.0018265272784775215   9.4730142977733e-13
0.0018282105156349395   9.464202797307575e-13
0.0018298953039804298   9.455399860731086e-13
0.0018315816449434906   9.446605477783347e-13
0.0018332695399549356   9.437819638226704e-13
0.0018349589904469023   9.429042331846234e-13
0.0018366499978528432   9.42027354844966e-13
0.001838342563607533   9.411513277867237e-13
0.0018400366891470666   9.402761509951672e-13
0.0018417323759088687   9.394018234577951e-13
0.0018434296253316826   9.385283441643336e-13
0.0018451284388555772   9.376557121067203e-13
0.0018468288179219546   9.36783926279093e-13
0.0018485307639735393   9.359129856777866e-13
0.0018502342784543874   9.350428893013165e-13
0.0018519393628098858   9.341736361503722e-13
0.001853646018486751   9.333052252278075e-13
0.0018553542469330394   9.324376555386274e-13
0.0018570640495981351   9.315709260899843e-13
0.0018587754279327587   9.307050358911652e-13
0.001860488383388973   9.298399839535798e-13
0.001862202917420173   9.289757692907567e-13
0.0018639190314810954   9.281123909183299e-13
0.0018656367270278177   9.272498478540308e-13
0.0018673560055177567   9.263881391176801e-13
0.0018690768684096787   9.25527263731175e-13
0.0018707993171636881   9.246672207184846e-13
0.001872523353241235   9.238080091056389e-13
0.0018742489781051219   9.229496279207182e-13
0.001875976193219494   9.220920761938467e-13
0.0018777050000498474   9.212353529571832e-13
0.0018794354000630288   9.203794572449105e-13
0.0018811673947272344   9.195243880932299e-13
0.00188290098551202   9.18670144540347e-13
0.0018846361738882893   9.178167256264695e-13
0.0018863729613283013   9.169641303937959e-13
0.0018881113493056784   9.161123578865027e-13
0.0018898513392953944   9.152614071507442e-13
0.0018915929327737845   9.14411277234638e-13
0.0018933361312185447   9.135619671882583e-13
0.0018950809361087306   9.12713476063629e-13
0.001896827348924767   9.118658029147105e-13
0.001898575371148436   9.110189467973985e-13
0.001900325004262887   9.101729067695127e-13
0.0019020762497526406   9.09327681890784e-13
0.0019038291091035804   9.084832712228551e-13
0.001905583583802961   9.076396738292664e-13
0.0019073396753394075   9.067968887754502e-13
0.001909097385202915   9.059549151287226e-13
0.0019108567148848573   9.051137519582731e-13
0.0019126176658779775   9.042733983351618e-13
0.0019143802396763933   9.034338533323084e-13
0.001916144437775606   9.025951160244826e-13
0.0019179102616724887   9.017571854883013e-13
0.0019196777128652961   9.009200608022175e-13
0.001921446792853662   9.000837410465147e-13
0.001923217503138607   8.992482253032949e-13
0.0019249898452225302   8.98413512656478e-13
0.0019267638206092168   8.975796021917893e-13
0.001928539430803836   8.967464929967546e-13
0.0019303166773129495   8.959141841606896e-13
0.001932095561644502   8.950826747746972e-13
0.0019338760853078295   8.942519639316563e-13
0.0019356582498136572   8.934220507262189e-13
0.0019374420566741083   8.925929342547954e-13
0.0019392275074026932   8.917646136155559e-13
0.00194101460351432   8.909370879084182e-13
0.00194280334652529   8.901103562350434e-13
0.0019445937379533082   8.89284417698824e-13
0.001946385779317472   8.884592714048841e-13
0.0019481794721382811   8.876349164600665e-13
0.0019499748179376342   8.868113519729302e-13
0.0019517718182388386   8.859885770537378e-13
0.001953570474566599   8.851665908144559e-13
0.0019553707884470283   8.843453923687427e-13
0.001957172761407642   8.835249808319457e-13
0.001958976394977371   8.827053553210889e-13
0.0019607816906865483   8.818865149548726e-13
0.0019625886500669195   8.810684588536638e-13
0.001964397274651639   8.802511861394906e-13
0.0019662075659752816   8.794346959360325e-13
0.001968019525573829   8.786189873686183e-13
0.001969833154984681   8.778040595642178e-13
0.0019716484557466517   8.769899116514362e-13
0.0019734654293999798   8.76176542760504e-13
0.001975284077486317   8.75363952023276e-13
0.001977104401548736   8.745521385732235e-13
0.0019789264031317374   8.737411015454232e-13
0.0019807500837812396   8.729308400765581e-13
0.0019825754450445866   8.721213533049078e-13
0.001984402488470549   8.713126403703422e-13
0.001986231215609323   8.705047004143161e-13
0.001988061628012539   8.696975325798615e-13
0.0019898937272332506   8.688911360115846e-13
0.001991727514825944   8.680855098556585e-13
0.0019935629923465434   8.672806532598142e-13
0.0019954001613524002   8.6647656537334e-13
0.001997239023402304   8.656732453470714e-13
0.0019990795800564802   8.648706923333879e-13
0.0020009218328765903   8.640689054862061e-13
0.0020027657834257406   8.63267883960971e-13
0.0020046114332684726   8.624676269146564e-13
0.0020064587839707685   8.616681335057555e-13
0.0020083078371000616   8.60869402894272e-13
0.002010158594225221   8.600714342417223e-13
0.002012011056916566   8.59274226711123e-13
0.002013865226745861   8.584777794669886e-13
0.0020157211052863186   8.57682091675326e-13
0.0020175786941126067   8.568871625036249e-13
0.002019437994800837   8.560929911208592e-13
0.0020212990089285756   8.552995766974765e-13
0.0020231617380748477   8.545069184053919e-13
0.002025026183820127   8.537150154179875e-13
0.0020268923477463462   8.529238669101032e-13
0.0020287602314368962   8.521334720580318e-13
0.002030629836476625   8.513438300395153e-13
0.0020325011644518457   8.505549400337364e-13
0.002034374216950329   8.497668012213176e-13
0.002036248995561309   8.489794127843128e-13
0.0020381255018754882   8.481927739062019e-13
0.002040003737485031   8.474068837718886e-13
0.0020418837039835706   8.466217415676919e-13
0.0020437654029662085   8.458373464813436e-13
0.002045648836029514   8.45053697701982e-13
0.002047534004771535   8.442707944201448e-13
0.0020494209107917837   8.434886358277688e-13
0.002051309555691249   8.427072211181819e-13
0.002053199941072399   8.419265494860963e-13
0.0020550920685391745   8.411466201276079e-13
0.0020569859396969946   8.403674322401887e-13
0.002058881556152757   8.395889850226836e-13
0.0020607789195148454   8.388112776753012e-13
0.0020626780313931213   8.38034309399615e-13
0.0020645788933989296   8.372580793985544e-13
0.0020664815071451   8.364825868764029e-13
0.0020683858742459533   8.357078310387888e-13
0.0020702919963172927   8.349338110926858e-13
0.002072199874976412   8.341605262464049e-13
0.002074109511842093   8.333879757095921e-13
0.002076020908534617   8.32616158693219e-13
0.002077934066675751   8.318450744095845e-13
0.0020798489878887582   8.31074722072306e-13
0.002081765673798397   8.303051008963175e-13
0.0020836841260309285   8.295362100978602e-13
0.0020856043462141064   8.287680488944844e-13
0.0020875263359771863   8.280006165050413e-13
0.0020894500969509235   8.272339121496794e-13
0.0020913756307675826   8.264679350498373e-13
0.0020933029390609254   8.257026844282451e-13
0.002095232023466222   8.249381595089149e-13
0.002097162885620247   8.241743595171393e-13
0.00209909552716129   8.234112836794836e-13
0.0021010299497291438   8.226489312237864e-13
0.002102966154965115   8.218873013791512e-13
0.00210490414451202   8.21126393375945e-13
0.002106843920014195   8.203662064457902e-13
0.002108785483117487   8.196067398215649e-13
0.0021107288354692603   8.188479927373962e-13
0.002112673978718395   8.180899644286565e-13
0.0021146209145152988   8.173326541319572e-13
0.002116569644511892   8.165760610851494e-13
0.002118520170361621   8.15820184527315e-13
0.002120472493719453   8.150650236987665e-13
0.0021224266162418863   8.143105778410377e-13
0.0021243825395869395   8.135568461968859e-13
0.0021263402654141624   8.128038280102836e-13
0.002128299795384631   8.120515225264164e-13
0.002130261131160959   8.112999289916763e-13
0.002132224274407285   8.105490466536618e-13
0.002134189226789282   8.097988747611722e-13
0.0021361559899741645   8.090494125642006e-13
0.0021381245656306763   8.083006593139356e-13
0.0021400949554291017   8.075526142627532e-13
0.002142067161041264   8.068052766642146e-13
0.0021440411841405255   8.060586457730627e-13
0.002146017026401796   8.05312720845215e-13
0.0021479946895015243   8.04567501137765e-13
0.0021499741751177014   8.03822985908976e-13
0.0021519554849298733   8.03079174418274e-13
0.0021539386206191266   8.023360659262501e-13
0.002155923583868099   8.015936596946529e-13
0.0021579103763609796   8.008519549863849e-13
0.0021598989997835064   8.001109510655009e-13
0.0021618894558229785   7.993706471972004e-13
0.002163881746168242   7.986310426478293e-13
0.0021658758725097006   7.978921366848727e-13
0.0021678718365393222   7.971539285769497e-13
0.0021698696399506264   7.964164175938154e-13
0.0021718692844386973   7.956796030063518e-13
0.002173870771700179   7.949434840865681e-13
0.0021758741034332793   7.942080601075949e-13
0.0021778792813377753   7.934733303436801e-13
0.0021798863071150055   7.927392940701882e-13
0.0021818951824678755   7.920059505635952e-13
0.002183905909100868   7.912732991014833e-13
0.002185918488720028   7.905413389625411e-13
0.0021879329230329756   7.898100694265582e-13
0.002189949213748906   7.890794897744217e-13
0.0021919673625785847   7.883495992881131e-13
0.0021939873712343632   7.876203972507036e-13
0.002196009241430162   7.868918829463537e-13
0.0021980329748814828   7.861640556603082e-13
0.0022000585733054135   7.854369146788907e-13
0.0022020860384206185   7.847104592895046e-13
0.0022041153719473483   7.839846887806265e-13
0.0022061465756074363   7.832596024418056e-13
0.002208179651124309   7.825351995636553e-13
0.0022102146002229753   7.818114794378569e-13
0.002212251424630035   7.81088441357152e-13
0.002214290126073677   7.803660846153409e-13
0.0022163307062836902   7.79644408507276e-13
0.002218373166991451   7.789234123288642e-13
0.0022204175099299326   7.782030953770599e-13
0.002222463736833703   7.774834569498642e-13
0.0022245118494389365   7.767644963463171e-13
0.0022265618494833996   7.760462128665008e-13
0.0022286137387064636   7.753286058115323e-13
0.0022306675188490986   7.746116744835626e-13
0.002232723191653888   7.738954181857701e-13
0.002234780758865013   7.73179836222362e-13
0.002236840222228265   7.724649278985687e-13
0.0022389015834910412   7.717506925206425e-13
0.0022409648444023564   7.710371293958504e-13
0.0022430300067128313   7.703242378324762e-13
0.0022450970721747004   7.696120171398157e-13
0.0022471660425418117   7.689004666281733e-13
0.0022492369195696365   7.681895856088575e-13
0.002251309705015256   7.674793733941813e-13
0.002253384400637375   7.667698292974572e-13
0.002255461008196314   7.660609526329959e-13
0.0022575395294540243   7.65352742716099e-13
0.002259619966174074   7.646451988630624e-13
0.0022617023201216583   7.63938320391169e-13
0.0022637865930635968   7.632321066186887e-13
0.002265872786768344   7.625265568648716e-13
0.0022679609030059784   7.618216704499493e-13
0.0022700509435482105   7.6111744669513e-13
0.002272142910168382   7.604138849225975e-13
0.002274236804641476   7.597109844555041e-13
0.002276332628744104   7.590087446179733e-13
0.0022784303842545164   7.583071647350936e-13
0.0022805300729526012   7.57606244132918e-13
0.0022826316966198935   7.569059821384564e-13
0.0022847352570395624   7.562063780796807e-13
0.0022868407559964205   7.55507431285516e-13
0.002288948195276933   7.548091410858383e-13
0.0022910575766692037   7.541115068114754e-13
0.0022931689019629864   7.534145277942012e-13
0.0022952821729496846   7.527182033667349e-13
0.0022973973914223508   7.520225328627364e-13
0.0022995145591756952   7.513275156168038e-13
0.0023016336780060775   7.506331509644734e-13
0.0023037547497115106   7.499394382422157e-13
0.0023058777760916723   7.492463767874297e-13
0.0023080027589478915   7.485539659384456e-13
0.0023101297000831605   7.47862205034519e-13
0.0023122586013021315   7.471710934158295e-13
0.002314389464411119   7.464806304234775e-13
0.002316522291218108   7.457908153994806e-13
0.0023186570835327432   7.451016476867739e-13
0.002320793843166337   7.444131266292068e-13
0.0023229325719318775   7.437252515715364e-13
0.002325073271644017   7.430380218594317e-13
0.0023272159441190834   7.423514368394656e-13
0.002329360591175076   7.416654958591164e-13
0.002331507214631669   7.409801982667627e-13
0.00233365581631022   7.402955434116802e-13
0.002335806398033758   7.396115306440432e-13
0.0023379589616269927   7.389281593149195e-13
0.002340113508916322   7.382454287762663e-13
0.0023422700417298184   7.375633383809328e-13
0.002344428561897244   7.368818874826526e-13
0.0023465890712500454   7.362010754360447e-13
0.002348751571621355   7.355209015966114e-13
0.002350916064846002   7.348413653207308e-13
0.0023530825527604982   7.34162465965662e-13
0.0023552510372030497   7.334842028895376e-13
0.002357421520013562   7.328065754513623e-13
0.0023595940030336302   7.321295830110119e-13
0.002361768488106548   7.314532249292305e-13
0.0023639449770773064   7.30777500567628e-13
0.002366123471792603   7.301024092886762e-13
0.0023683039741008304   7.294279504557106e-13
0.0023704864858520866   7.287541234329235e-13
0.002372671008898173   7.280809275853662e-13
0.002374857545092603   7.274083622789416e-13
0.002377046096290594   7.267364268804079e-13
0.0023792366643490717   7.260651207573713e-13
0.0023814292511266737   7.253944432782878e-13
0.0023836238584837564   7.247243938124563e-13
0.0023858204882823827   7.240549717300218e-13
0.0023880191423863357   7.233861764019697e-13
0.0023902198226611114   7.227180072001255e-13
0.0023924225309739345   7.220504634971495e-13
0.0023946272691937414   7.213835446665391e-13
0.002396834039191194   7.20717250082624e-13
0.002399042842838676   7.200515791205642e-13
0.0024012536820103036   7.193865311563477e-13
0.002403466558581912   7.187221055667904e-13
0.0024056814744310684   7.180583017295316e-13
0.002407898431437068   7.173951190230338e-13
0.0024101174314809445   7.167325568265776e-13
0.002412338476445458   7.160706145202637e-13
0.002414561568215107   7.154092914850087e-13
0.0024167867086761223   7.147485871025433e-13
0.002419013899716482   7.140885007554082e-13
0.002421243143225896   7.13429031826957e-13
0.002423474441095818   7.127701797013494e-13
0.002425707795219443   7.121119437635527e-13
0.0024279432074917166   7.114543233993355e-13
0.0024301806798093257   7.107973179952705e-13
0.002432420214070705   7.101409269387303e-13
0.0024346618121760377   7.094851496178853e-13
0.0024369054760272654   7.088299854217002e-13
0.0024391512075280747   7.081754337399364e-13
0.002441399008583909   7.075214939631459e-13
0.0024436488811019658   7.068681654826723e-13
0.002445900826991207   7.062154476906452e-13
0.0024481548481623456   7.05563339979982e-13
0.002450410946527857   7.049118417443855e-13
0.002452669124001986   7.042609523783384e-13
0.002454929382500733   7.036106712771065e-13
0.0024571917239418675   7.029609978367332e-13
0.0024594561502449264   7.023119314540389e-13
0.0024617226633312124   7.016634715266203e-13
0.002463991265123807   7.010156174528437e-13
0.0024662619575475564   7.003683686318499e-13
0.002468534742529079   6.997217244635497e-13
0.002470809621996779   6.990756843486179e-13
0.002473086597880828   6.984302476884982e-13
0.00247536567211318   6.977854138853967e-13
0.002477646846627568   6.971411823422829e-13
0.0024799301233595066   6.964975524628856e-13
0.0024822155042462995   6.958545236516918e-13
0.00248450299122703   6.952120953139458e-13
0.0024867925862425673   6.945702668556475e-13
0.0024890842912355772   6.939290376835485e-13
0.0024913781081505075   6.932884072051528e-13
0.0024936740389336007   6.926483748287138e-13
0.002495972085532894   6.920089399632326e-13
0.002498272249898216   6.913701020184573e-13
0.0025005745339812   6.907318604048783e-13
0.0025028789397352705   6.900942145337306e-13
0.002505185469115652   6.894571638169905e-13
0.002507494124079379   6.888207076673706e-13
0.0025098049065852804   6.881848454983241e-13
0.002512117818593994   6.875495767240387e-13
0.0025144328620679652   6.86914900759436e-13
0.0025167500389714436   6.86280817020171e-13
0.002519069351270497   6.856473249226282e-13
0.002521390800932999   6.850144238839214e-13
0.002523714389928634   6.843821133218934e-13
0.0025260401202289113   6.837503926551097e-13
0.0025283679938071487   6.831192613028627e-13
0.0025306980126384854   6.824887186851655e-13
0.0025330301786998777   6.818587642227541e-13
0.0025353644939701114   6.812293973370802e-13
0.002537700960429789   6.80600617450316e-13
0.0025400395800613397   6.799724239853484e-13
0.002542380354849018   6.793448163657799e-13
0.0025447232867789145   6.787177940159225e-13
0.0025470683778389415   6.780913563608028e-13
0.0025494156300188467   6.774655028261553e-13
0.0025517650453102093   6.768402328384233e-13
0.0025541166257064497   6.762155458247543e-13
0.0025564703732028197   6.755914412130028e-13
0.002558826289796412   6.749679184317258e-13
0.0025611843774861554   6.743449769101824e-13
0.0025635446382728305   6.7372261607833e-13
0.0025659070741590535   6.731008353668263e-13
0.0025682716871492884   6.724796342070257e-13
0.002570638479249844   6.718590120309784e-13
0.0025730074524688853   6.712389682714266e-13
0.002575378608816421   6.70619502361807e-13
0.002577751950304314   6.700006137362467e-13
0.0025801274789462795   6.693823018295623e-13
0.002582505196757895   6.687645660772571e-13
0.0025848851057565887   6.681474059155216e-13
0.00258726720796165   6.675308207812317e-13
0.0025896515053942266   6.669148101119472e-13
0.002592038000077337   6.662993733459071e-13
0.002594426694035856   6.656845099220335e-13
0.0025968175892965273   6.650702192799266e-13
0.0025992106878879586   6.644565008598646e-13
0.002601605991840637   6.638433541028005e-13
0.00260400350318691   6.632307784503631e-13
0.0026064032239610036   6.626187733448542e-13
0.002608805156199014   6.620073382292477e-13
0.002611209301938922   6.613964725471862e-13
0.0026136156632205793   6.607861757429826e-13
0.0026160242420857193   6.601764472616174e-13
0.0026184350405779543   6.59567286548737e-13
0.0026208480607427887   6.589586930506508e-13
0.002623263304627603   6.583506662143338e-13
0.002625680774281665   6.57743205487422e-13
0.002628100471756138   6.571363103182109e-13
0.00263052239910407   6.565299801556559e-13
0.0026329465583804007   6.559242144493704e-13
0.0026353729516419653   6.553190126496232e-13
0.002637801580947491   6.547143742073397e-13
0.0026402324483576116   6.541102985740959e-13
0.00264266555593485   6.535067852021228e-13
0.0026451009057436308   6.529038335443016e-13
0.0026475384998502893   6.523014430541617e-13
0.0026499783403230565   6.516996131858814e-13
0.002652420429232072   6.510983433942869e-13
0.002654864768649384   6.504976331348483e-13
0.0026573113606489463   6.498974818636815e-13
0.0026597602073066334   6.492978890375426e-13
0.0026622113107002228   6.486988541138319e-13
0.002664664672909409   6.481003765505893e-13
0.0026671202960158093   6.475024558064916e-13
0.0026695781821029527   6.469050913408555e-13
0.00267203833325629   6.463082826136332e-13
0.002674500751563194   6.457120290854121e-13
0.002676965439112958   6.451163302174133e-13
0.0026794323979968102   6.445211854714891e-13
0.002681901630307897   6.439265943101244e-13
0.0026843731381412934   6.433325561964343e-13
0.0026868469235940134   6.427390705941605e-13
0.002689322988764996   6.421461369676735e-13
0.0026918013357551166   6.415537547819702e-13
0.0026942819666671866   6.409619235026711e-13
0.0026967648836059527   6.403706425960223e-13
0.00269925008867811   6.397799115288888e-13
0.0027017375839922856   6.391897297687597e-13
0.0027042273716590508   6.386000967837439e-13
0.0027067194537909295   6.380110120425667e-13
0.0027092138325023854   6.374224750145722e-13
0.0027117105099098314   6.368344851697213e-13
0.0027142094881316297   6.362470419785895e-13
0.0027167107692881026   6.356601449123642e-13
0.002719214355501518   6.350737934428479e-13
0.0027217202488961025   6.344879870424532e-13
0.0027242284515980367   6.339027251842037e-13
0.0027267389657354697   6.3331800734173e-13
0.0027292517934385035   6.327338329892722e-13
0.002731766936839206   6.321502016016768e-13
0.002734284398071606   6.315671126543959e-13
0.002736804179271709   6.309845656234842e-13
0.002739326282577479   6.304025599856008e-13
0.0027418507101288534   6.298210952180069e-13
0.00274437746406774   6.292401707985644e-13
0.0027469065465380274   6.286597862057331e-13
0.0027494379596855727   6.280799409185725e-13
0.0027519717056582117   6.275006344167401e-13
0.002754507786605759   6.269218661804888e-13
0.002757046204680017   6.263436356906651e-13
0.0027595869620347627   6.257659424287113e-13
0.0027621300608257618   6.251887858766617e-13
0.0027646755032107633   6.246121655171422e-13
0.0027672232913495127   6.240360808333685e-13
0.0027697734274037384   6.234605313091461e-13
0.0027723259135371625   6.228855164288693e-13
0.0027748807519154995   6.223110356775192e-13
0.002777437944706467   6.217370885406616e-13
0.0027799974940797725   6.211636745044484e-13
0.0027825594022071257   6.205907930556153e-13
0.002785123671262235   6.200184436814813e-13
0.00278769030342082   6.194466258699443e-13
0.002790259300860597   6.188753391094854e-13
0.0027928306657612925   6.183045828891641e-13
0.002795404400304638   6.177343566986192e-13
0.002797980506674385   6.171646600280641e-13
0.0028005589870562886   6.165954923682912e-13
0.0028031398436381204   6.160268532106667e-13
0.002805723078609666   6.154587420471317e-13
0.0028083086941627375   6.148911583701986e-13
0.0028108966924911584   6.143241016729532e-13
0.0028134870757907733   6.137575714490523e-13
0.0028160798462594596   6.131915671927209e-13
0.002818675006097111   6.126260883987542e-13
0.0028212725575056524   6.12061134562515e-13
0.0028238725026890365   6.114967051799321e-13
0.002826474843853245   6.109327997475013e-13
0.0028290795832063014   6.103694177622807e-13
0.0028316867229582544   6.098065587218941e-13
0.0028342962653211904   6.092442221245276e-13
0.0028369082125092424   6.086824074689272e-13
0.0028395225667385755   6.08121114254401e-13
0.0028421393302273997   6.075603419808162e-13
0.0028447585051959694   6.07000090148599e-13
0.0028473800938665817   6.064403582587324e-13
0.0028500040984635916   6.058811458127553e-13
0.0028526305212133937   6.053224523127632e-13
0.0028552593643444354   6.047642772614067e-13
0.002857890630087226   6.042066201618872e-13
0.0028605243206743214   6.036494805179614e-13
0.002863160438340339   6.03092857833936e-13
0.0028657989853219535   6.02536751614669e-13
0.0028684399638578997   6.01981161365568e-13
0.002871083376188983   6.014260865925879e-13
0.002873729224558067   6.008715268022326e-13
0.0028763775112100793   6.003174815015524e-13
0.002879028238392028   5.997639501981422e-13
0.0028816814083529804   5.992109324001429e-13
0.0028843370233440817   5.986584276162387e-13
0.0028869950856185507   5.981064353556565e-13
0.0028896555974316793   5.97554955128166e-13
0.002892318561040847   5.970039864440752e-13
0.002894983978705505   5.964535288142349e-13
0.0028976518526871863   5.959035817500339e-13
0.0029003221852495174   5.953541447633978e-13
0.0029029949786582012   5.948052173667912e-13
0.0029056702351810317   5.942567990732137e-13
0.002908347957087891   5.937088893962015e-13
0.00291102814665076   5.931614878498229e-13
0.002913710806143706   5.926145939486814e-13
0.0029163959378428936   5.920682072079126e-13
0.0029190835440265836   5.915223271431842e-13
0.0029217736269751445   5.909769532706922e-13
0.0029244661889710364   5.904320851071652e-13
0.002927161232298827   5.898877221698592e-13
0.0029298587592451863   5.893438639765589e-13
0.0029325587720989   5.888005100455745e-13
0.0029352612731508546   5.882576598957437e-13
0.0029379662646940503   5.877153130464292e-13
0.002940673749023597   5.87173469017518e-13
0.00294338372843673   5.866321273294201e-13
0.002946096205232792   5.860912875030681e-13
0.0029488111817132473   5.855509490599167e-13
0.002951528660181678   5.850111115219415e-13
0.0029542486429437985   5.844717744116373e-13
0.0029569711323074394   5.839329372520185e-13
0.0029596961305825603   5.833945995666168e-13
0.0029624236400812467   5.828567608794833e-13
0.0029651536631177242   5.823194207151828e-13
0.002967886202008342   5.817825785987964e-13
0.0029706212590715863   5.81246234055922e-13
0.0029733588366280777   5.807103866126685e-13
0.0029760989370005843   5.801750357956589e-13
0.0029788415625140053   5.796401811320291e-13
0.002981586715495385   5.791058221494248e-13
0.002984334398273911   5.785719583760036e-13
0.0029870846131809245   5.78038589340431e-13
0.0029898373625499067   5.77505714571882e-13
0.0029925926487164925   5.769733336000405e-13
0.002995350474018466   5.764414459550966e-13
0.0029981108407957746   5.759100511677459e-13
0.0030008737513905134   5.753791487691897e-13
0.003003639208146939   5.748487382911344e-13
0.0030064072134114643   5.743188192657912e-13
0.0030091777695326746   5.737893912258709e-13
0.0030119508788613103   5.732604537045889e-13
0.003014726543750278   5.727320062356629e-13
0.0030175047665546616   5.722040483533071e-13
0.003020285549631706   5.716765795922387e-13
0.0030230688953408326   5.711495994876723e-13
0.003025854806043636   5.706231075753218e-13
0.0030286432841038838   5.700971033913969e-13
0.003031434331887532   5.695715864726034e-13
0.003034227951762708   5.69046556356144e-13
0.0030370241460997206   5.685220125797164e-13
0.0030398229172710726   5.679979546815101e-13
0.003042624267651444   5.674743822002104e-13
0.003045428199617706   5.669512946749927e-13
0.0030482347155489204   5.664286916455255e-13
0.0030510438178263386   5.659065726519693e-13
0.0030538555088334154   5.653849372349709e-13
0.003056669790955793   5.648637849356692e-13
0.0030594866665813116   5.643431152956921e-13
0.0030623061381000218   5.638229278571528e-13
0.0030651282079041673   5.633032221626535e-13
0.003067952878388199   5.627839977552813e-13
0.003070780151948775   5.622652541786092e-13
0.003073610030984759   5.617469909766956e-13
0.003076442517897234   5.612292076940807e-13
0.003079277615089487   5.607119038757898e-13
0.0030821153249670197   5.601950790673303e-13
0.00308495564993756   5.596787328146892e-13
0.003087798592411044   5.591628646643369e-13
0.003090644154799634   5.586474741632226e-13
0.003093492339517714   5.581325608587751e-13
0.0030963431489818894   5.576181242989022e-13
0.003099196585611003   5.571041640319875e-13
0.0031020526518261166   5.56590679606894e-13
0.003104911350050524   5.560776705729605e-13
0.0031077726827097607   5.555651364800006e-13
0.0031106366522315877   5.550530768783033e-13
0.003113503261046008   5.545414913186322e-13
0.0031163725115852595   5.540303793522239e-13
0.003119244406283831   5.535197405307866e-13
0.003122118947578447   5.530095744065014e-13
0.003124996137908078   5.524998805320212e-13
0.0031278759797139406   5.519906584604692e-13
0.0031307584754395115   5.514819077454368e-13
0.003133643627530508   5.509736279409858e-13
0.0031365314384349044   5.504658186016464e-13
0.0031394219106029293   5.499584792824166e-13
0.0031423150464870778   5.494516095387593e-13
0.0031452108485420954   5.48945208926606e-13
0.0031481093192249933   5.484392770023526e-13
0.0031510104609950434   5.479338133228601e-13
0.0031539142763137946   5.474288174454524e-13
0.0031568207676450533   5.469242889279185e-13
0.0031597299374549006   5.464202273285088e-13
0.0031626417882116894   5.459166322059363e-13
0.0031655563223860444   5.454135031193752e-13
0.003168473542450878   5.449108396284593e-13
0.0031713934508813693   5.444086412932837e-13
0.0031743160501549804   5.439069076744022e-13
0.003177241342751466   5.434056383328258e-13
0.0031801693311528556   5.429048328300249e-13
0.0031831000178434666   5.424044907279273e-13
0.003186033405309915   5.419046115889151e-13
0.003188969496041099   5.414051949758277e-13
0.0031919082925282137   5.409062404519598e-13
0.00319484979726475   5.4040774758106e-13
0.003197794012746493   5.399097159273307e-13
0.003200740941471538   5.394121450554265e-13
0.003203690585940273   5.389150345304555e-13
0.0032066429486553886   5.384183839179778e-13
0.0032095980321218934   5.379221927840024e-13
0.003212555838847094   5.374264606949911e-13
0.003215516371340611   5.369311872178539e-13
0.003218479632114377   5.364363719199506e-13
0.0032214456236826375   5.359420143690897e-13
0.003224414348561964   5.354481141335255e-13
0.003227385809271237   5.349546707819613e-13
0.003230360008331659   5.344616838835469e-13
0.0032333369482667653   5.339691530078757e-13
0.0032363166316024075   5.334770777249883e-13
0.0032392990608667675   5.32985457605369e-13
0.0032422842385903573   5.324942922199461e-13
0.0032452721673060176   5.320035811400914e-13
0.0032482628495489334   5.315133239376175e-13
0.003251256287856616   5.31023520184781e-13
0.0032542524847689143   5.30534169454279e-13
0.0032572514428280287   5.300452713192484e-13
0.0032602531645784926   5.295568253532666e-13
0.003263257652567187   5.290688311303507e-13
0.00326626490934334   5.285812882249562e-13
0.0032692749374585257   5.280941962119772e-13
0.00327228773946668   5.276075546667435e-13
0.003275303317924082   5.271213631650235e-13
0.0032783216753893662   5.266356212830215e-13
0.003281342814423536   5.261503285973759e-13
0.003284366737589944   5.256654846851616e-13
0.003287393447454309   5.251810891238873e-13
0.0032904229465847133   5.246971414914955e-13
0.0032934552375516036   5.242136413663619e-13
0.0032964903229278047   5.237305883272935e-13
0.003299528205288503   5.232479819535303e-13
0.0033025688872112572   5.22765821824744e-13
0.0033056123712760124   5.222841075210348e-13
0.00330865866006508   5.218028386229349e-13
0.0033117077561631556   5.213220147114051e-13
0.003314759662157316   5.20841635367835e-13
0.0033178143806370194   5.203617001740432e-13
0.0033208719141941197   5.198822087122736e-13
0.0033239322654228494   5.194031605651995e-13
0.0033269954369198325   5.189245553159204e-13
0.003330061431284095   5.184463925479591e-13
0.0033331302511170483   5.179686718452663e-13
0.0033362018990225045   5.174913927922163e-13
0.0033392763776066755   5.170145549736071e-13
0.0033423536894781713   5.165381579746609e-13
0.003345433837248016   5.160622013810213e-13
0.0033485168235296296   5.155866847787552e-13
0.003351602650938841   5.15111607754352e-13
0.0033546913220938992   5.146369698947192e-13
0.003357782839615457   5.141627707871875e-13
0.003360877206126584   5.136890100195068e-13
0.003363974424252769   5.132156871798457e-13
0.0033670744966219153   5.127428018567924e-13
0.0033701774258643588   5.122703536393518e-13
0.003373283214612849   5.117983421169477e-13
0.0033763918655025623   5.113267668794209e-13
0.0033795033811711127   5.108556275170272e-13
0.003382617764258536   5.103849236204396e-13
0.003385735017407302   5.099146547807457e-13
0.003388855143262319   5.094448205894486e-13
0.003391978144470927   5.089754206384648e-13
0.0033951040236829154   5.085064545201239e-13
0.0033982327835505076   5.080379218271695e-13
0.003401364426728369   5.075698221527577e-13
0.0034044989558736226   5.07102155090455e-13
0.0034076363736458303   5.066349202342406e-13
0.0034107766827070037   5.061681171785045e-13
0.003413919885721619   5.057017455180457e-13
0.0034170659853565966   5.052358048480739e-13
0.0034202149842813188   5.047702947642075e-13
0.0034233668851676273   5.043052148624734e-13
0.003426521690689823   5.038405647393071e-13
0.003429679403524682   5.033763439915499e-13
0.0034328400263514353   5.029125522164517e-13
0.0034360035618517847   5.024491890116683e-13
0.003439170012709913   5.0198625397526e-13
0.0034423393816124656   5.015237467056942e-13
0.0034455116712485685   5.010616668018417e-13
0.0034486868843098253   5.006000138629779e-13
0.0034518650234903157   5.001387874887823e-13
0.0034550460914866137   4.996779872793361e-13
0.003458230090997768   4.992176128351243e-13
0.0034614170247253134   4.987576637570339e-13
0.003464606895373286   4.982981396463517e-13
0.003467799705648203   4.978390401047672e-13
0.003470995458259079   4.973803647343697e-13
0.0034741941559174247   4.969221131376482e-13
0.0034773958013372473   4.964642849174918e-13
0.003480600397235064   4.960068796771867e-13
0.003483807946329887   4.955498970204187e-13
0.0034870184513432325   4.950933365512716e-13
0.003490231914999136   4.946371978742248e-13
0.003493448340024132   4.941814805941559e-13
0.0034966677291472714   4.937261843163382e-13
0.0034998900851001217   4.932713086464404e-13
0.0035031154106167617   4.928168531905272e-13
0.0035063437084338024   4.923628175550563e-13
0.0035095749812903646   4.919092013468805e-13
0.003512809231928094   4.914560041732466e-13
0.0035160464630911736   4.910032256417931e-13
0.003519286677526304   4.905508653605523e-13
0.0035225298779827225   4.900989229379479e-13
0.003525776067212197   4.896473979827951e-13
0.0035290252479690306   4.891962901043011e-13
0.003532277423010073   4.887455989120614e-13
0.0035355325950947054   4.882953240160633e-13
0.0035387907669848506   4.87845465026684e-13
0.003542051941444989   4.87396021554687e-13
0.0035453161212421363   4.86946993211227e-13
0.0035485833091458627   4.864983796078453e-13
0.00355185350792829   4.860501803564714e-13
0.0035551267203640918   4.856023950694217e-13
0.003558402949230509   4.851550233593975e-13
0.003561682197307331   4.84708064839488e-13
0.0035649644673769096   4.842615191231672e-13
0.0035682497622241704   4.838153858242935e-13
0.003571538084636596   4.833696645571103e-13
0.0035748294374042394   4.829243549362453e-13
0.0035781238233197274   4.824794565767088e-13
0.0035814212451782544   4.820349690938954e-13
0.003584721705777603   4.815908921035804e-13
0.0035880252079181223   4.811472252219224e-13
0.003591331754402743   4.807039680654616e-13
0.003594641348036989   4.802611202511181e-13
0.003597953991628959   4.798186813961935e-13
0.0036012696879893433   4.793766511183693e-13
0.0036045884399314217   4.789350290357065e-13
0.003607910250271064   4.784938147666455e-13
0.0036112351218267453   4.780530079300043e-13
0.003614563057419527   4.7761260814498e-13
0.00361789405987307   4.771726150311476e-13
0.0036212281320136494   4.767330282084578e-13
0.003624565276670133   4.762938472972393e-13
0.0036279054966739995   4.758550719181968e-13
0.0036312487948593365   4.754167016924104e-13
0.0036345951740628405   4.749787362413363e-13
0.0036379446371238326   4.745411751868039e-13
0.0036412971868842394   4.741040181510181e-13
0.003644652826188607   4.736672647565581e-13
0.003648011557884113   4.73230914626375e-13
0.0036513733848205494   4.727949673837938e-13
0.0036547383098503323   4.723594226525123e-13
0.003658106335828519   4.719242800565988e-13
0.003661477465612787   4.714895392204947e-13
0.0036648517020634493   4.710551997690116e-13
0.0036682290480434566   4.706212613273321e-13
0.0036716095064183935   4.70187723521009e-13
0.0036749930800564963   4.697545859759636e-13
0.0036783797718286343   4.693218483184874e-13
0.003681769584608321   4.688895101752417e-13
0.0036851625212717307   4.684575711732534e-13
0.003688558584697676   4.680260309399194e-13
0.0036919577777676264   4.67594889103003e-13
0.0036953601033657075   4.67164145290635e-13
0.0036987655643786975   4.667337991313128e-13
0.003702174163696048   4.663038502538981e-13
0.003705585904209861   4.658742982876204e-13
0.0037090007888149036   4.654451428620734e-13
0.003712418820408623   4.650163836072144e-13
0.0037158400018911237   4.645880201533665e-13
0.0037192643361651876   4.641600521312158e-13
0.0037226918261362716   4.63732479171812e-13
0.0037261224747125055   4.633053009065678e-13
0.003729556284804712   4.628785169672569e-13
0.0037329932593263837   4.624521269860167e-13
0.003736433401193698   4.620261305953459e-13
0.003739876713325532   4.616005274281029e-13
0.00374332319864344   4.611753171175082e-13
0.0037467728600716742   4.607504992971418e-13
0.0037502257005371806   4.603260736009438e-13
0.0037536817229695983   4.59902039663214e-13
0.0037571409303012782   4.594783971186094e-13
0.003760603325467263   4.590551456021472e-13
0.0037640689114052978   4.586322847492025e-13
0.003767537691055849   4.582098141955063e-13
0.0037710096673620797   4.577877335771487e-13
0.00377448484326987   4.573660425305752e-13
0.0037779632217278137   4.569447406925885e-13
0.003781444805687219   4.56523827700347e-13
0.0037849295981021254   4.561033031913633e-13
0.0037884176019292825   4.556831668035064e-13
0.0037919088201281656   4.552634181749997e-13
0.0037954032556609878   4.548440569444196e-13
0.0037989009114926813   4.544250827506972e-13
0.003802401790590914   4.540064952331168e-13
0.0038059058959260886   4.5358829403131533e-13
0.003809413230471342   4.5317047878528264e-13
0.003812923797202562   4.5275304913535913e-13
0.0038164375990983675   4.523360047222381e-13
0.0038199546391401223   4.5191934518696437e-13
0.003823474920311949   4.515030701709317e-13
0.0038269984456007085   4.510871793158856e-13
0.003830525217996019   4.506716722639213e-13
0.003834055240490253   4.502565486574831e-13
0.003837588516078537   4.4984180813936505e-13
0.003841125047758769   4.4942745035270845e-13
0.003844664838531599   4.49013474941004e-13
0.0038482078914004406   4.4859988154809073e-13
0.0038517542093714887   4.4818666981815303e-13
0.003855303795453696   4.477738393957238e-13
0.0038588566526587915   4.473613899256824e-13
0.0038624127840012805   4.4694932105325406e-13
0.0038659721924984417   4.4653763242401045e-13
0.003869534881170347   4.461263236838666e-13
0.0038731008530398397   4.457153944790847e-13
0.0038766701111325468   4.4530484445627063e-13
0.0038802426584768983   4.4489467326237354e-13
0.003883818498104101   4.444848805446877e-13
0.0038873976330481602   4.440754659508496e-13
0.0038909800663458768   4.436664291288393e-13
0.0038945658010368462   4.4325776972697956e-13
0.0038981548401634774   4.428494873939336e-13
0.0039017471867709703   4.4244158177870804e-13
0.003905342843907332   4.4203405253065074e-13
0.0039089418146233896   4.4162689929944884e-13
0.003912544101972771   4.4122012173513154e-13
0.003916149709011917   4.4081371948806795e-13
0.003919758638800096   4.4040769220896577e-13
0.003923370894399388   4.400020395488727e-13
0.003926986478874693   4.3959676115917583e-13
0.003930605395293741   4.3919185669159997e-13
0.00393422764672708   4.387873257982087e-13
0.003937853236248103   4.3838316813140214e-13
0.003941482166933024   4.3797938334391873e-13
0.003945114441860889   4.375759710888341e-13
0.003948750064113595   4.3717293101955873e-13
0.003952389036775866   4.3677026278984094e-13
0.003956031362935275   4.363679660537641e-13
0.003959677045682238   4.3596604046574693e-13
0.003963326088110017   4.355644856805437e-13
0.003966978493314736   4.3516330135324166e-13
0.003970634264395358   4.3476248713926396e-13
0.003974293404453704   4.343620426943671e-13
0.003977955916594467   4.339619676746399e-13
0.003981621803925185   4.3356226173650544e-13
0.003985291069556268   4.331629245367191e-13
0.003988963716600989   4.327639557323684e-13
0.003992639748175489   4.3236535498087315e-13
0.003996319167398789   4.3196712193998344e-13
0.0040000019773927765   4.315692562677816e-13
0.004003688181282213   4.311717576226808e-13
0.004007377782194753   4.3077462566342337e-13
0.00401107078326092   4.3037786004908263e-13
0.004014767187614129   4.2998146043906116e-13
0.004018466998390679   4.295854264930907e-13
0.004022170218729759   4.291897578712324e-13
0.00402587685177346   4.287944542338744e-13
0.004029586900666758   4.283995152417342e-13
0.0040333003685575275   4.2800494055585713e-13
0.004037017258596553   4.276107298376144e-13
0.004040737573937517   4.272168827487054e-13
0.004044461317737005   4.2682339895115607e-13
0.004048188493154516   4.26430278107318e-13
0.004051919103352455   4.260375198798693e-13
0.004055653151496154   4.2564512393181223e-13
0.00405939064075385   4.2525308992647556e-13
0.004063131574296698   4.248614175275126e-13
0.004066875955298791   4.244701063988995e-13
0.004070623786937131   4.2407915620493816e-13
0.004074375072391653   4.2368856661025346e-13
0.004078129814845226   4.2329833727979333e-13
0.004081888017483643   4.2290846787882906e-13
0.004085649683495647   4.2251895807295345e-13
0.0040894148160729085   4.2212980752808253e-13
0.004093183418410039   4.2174101591045386e-13
0.004096955493704604   4.213525828866256e-13
0.004100731045157107   4.209645081234779e-13
0.004104510075971002   4.2057679128821127e-13
0.004108292589352696   4.2018943204834665e-13
0.004112078588511548   4.1980243007172527e-13
0.004115868076659885   4.1941578502650655e-13
0.004119661057012984   4.1902949658117064e-13
0.004123457532789083   4.186435644045165e-13
0.004127257507209401   4.1825798816566035e-13
0.004131060983498108   4.1787276753403793e-13
0.004134867964882356   4.1748790217940197e-13
0.0041386784545922655   4.1710339177182326e-13
0.004142492455860932   4.167192359816897e-13
0.004146309971924443   4.163354344797048e-13
0.0041501310060218545   4.159519869368896e-13
0.00415395556139521   4.1556889302458127e-13
0.00415778364128955   4.1518615241443153e-13
0.004161615248952895   4.148037647784083e-13
0.004165450387636263   4.144217297887946e-13
0.004169289060593666   4.1404004711818736e-13
0.0041731312710821125   4.1365871643949885e-13
0.004176977022361624   4.132777374259538e-13
0.004180826317695215   4.1289710975109155e-13
0.004184679160348906   4.1251683308876493e-13
0.0041885355535917395   4.1213690711313836e-13
0.004192395500695759   4.1175733149868963e-13
0.004196259004936023   4.113781059202094e-13
0.00420012606959062   4.1099923005279826e-13
0.004203996697940649   4.1062070357186996e-13
0.004207870893270233   4.1024252615314886e-13
0.004211748658866526   4.098646974726698e-13
0.004215629998019704   4.0948721720677907e-13
0.004219514914022988   4.091100850321314e-13
0.004223403410172623   4.087333006256926e-13
0.004227295489767889   4.08356863664738e-13
0.004231191156111123   4.0798077382685053e-13
0.004235090412507689   4.0760503078992327e-13
0.004238993262266001   4.072296342321574e-13
0.004242899708697526   4.06854583832062e-13
0.004246809755116774   4.0647987926845414e-13
0.004250723404841324   4.061055202204573e-13
0.0042546406611918015   4.05731506367503e-13
0.004258561527491888   4.053578373893297e-13
0.004262486007068344   4.0498451296598075e-13
0.004266414103250982   4.0461153277780704e-13
0.004270345819372688   4.0423889650546415e-13
0.0042742811587694165   4.0386660382991397e-13
0.004278220124780196   4.034946544324228e-13
0.0042821627207471425   4.031230479945611e-13
0.00428610895001544   4.027517841982046e-13
0.004290058815933355   4.0238086272553303e-13
0.004294012321852252   4.020102832590287e-13
0.004297969471126571   4.0164004548147857e-13
0.00430193026711385   4.012701490759719e-13
0.004305894713174717   4.009005937259009e-13
0.004309862812672897   4.0053137911496056e-13
0.004313834568975224   4.0016250492714657e-13
0.004317809985451624   3.9979397084675737e-13
0.004321789065475127   3.99425776558393e-13
0.0043257718124218875   3.990579217469534e-13
0.004329758229671155   3.9869040609764026e-13
0.0043337483206052985   3.983232292959553e-13
0.004337742088609805   3.9795639102770023e-13
0.004341739537073275   3.97589890978977e-13
0.004345740669387446   3.972237288361859e-13
0.0043497454889471696   3.9685790428602704e-13
0.004353753999150424   3.9649241701549964e-13
0.004357766203398332   3.9612726671190027e-13
0.004361782105095138   3.9576245306282436e-13
0.004365801707648228   3.953979757561651e-13
0.004369825014468129   3.950338344801132e-13
0.004373852028968504   3.9467002892315653e-13
0.0043778827545661765   3.943065587740789e-13
0.004381917194681108   3.939434237219616e-13
0.004385955352736407   3.935806234561824e-13
0.004389997232158354   3.932181576664134e-13
0.00439404283637637   3.928560260426237e-13
0.004398092168823045   3.924942282750769e-13
0.004402145232934128   3.921327640543319e-13
0.0044062020321485335   3.9177163307124243e-13
0.004410262569908356   3.9141083501695503e-13
0.004414326849658849   3.910503695829118e-13
0.004418394874848442   3.9069023646084826e-13
0.004422466648928755   3.903304353427921e-13
0.004426542175354577   3.899709659210651e-13
0.004430621457583882   3.8961182788828154e-13
0.004434704499077834   3.8925302093734777e-13
0.00443879130330078   3.8889454476146293e-13
0.004442881873720275   3.8853639905411667e-13
0.004446976213807053   3.881785835090911e-13
0.00445107432703505   3.8782109782045945e-13
0.004455176216881415   3.8746394168258464e-13
0.004459281886826487   3.8710711479012137e-13
0.004463391340353819   3.8675061683801427e-13
0.004467504580950172   3.8639444752149716e-13
0.004471621612105519   3.8603860653609467e-13
0.004475742437313059   3.856830935776191e-13
0.004479867060069198   3.8532790834217275e-13
0.004483995483873566   3.849730505261469e-13
0.004488127712229028   3.8461851982621987e-13
0.004492263748641668   3.84264315939359e-13
0.004496403596620796   3.839104385628195e-13
0.0045005472596789725   3.835568873941431e-13
0.004504694741331982   3.832036621311593e-13
0.004508846045098853   3.8285076247198417e-13
0.004513001174501855   3.824981881150207e-13
0.0045171601330665015   3.821459387589578e-13
0.004521322924321567   3.817940141027696e-13
0.0045254895517990645   3.814424138457169e-13
0.004529660019034263   3.810911376873455e-13
0.0045338343295657025   3.807401853274853e-13
0.0045380124869351685   3.803895564662523e-13
0.004542194494687718   3.8003925080404564e-13
0.0045463803563716735   3.796892680415494e-13
0.004550570075538622   3.793396078797314e-13
0.004554763655743439   3.789902700198421e-13
0.004558961100544261   3.786412541634156e-13
0.004563162413502503   3.7829256001226987e-13
0.004567367598182878   3.779441872685034e-13
0.0045715766581533685   3.775961356344988e-13
0.00457578959698525   3.772484048129198e-13
0.004580006418253089   3.769009945067122e-13
0.004584227125534742   3.765539044191032e-13
0.004588451722411377   3.7620713425360017e-13
0.004592680212467446   3.7586068371399234e-13
0.004596912599290706   3.755145525043496e-13
0.004601148886472237   3.7516874032902074e-13
0.004605389077606408   3.748232468926357e-13
0.004609633176290911   3.744780719001036e-13
0.004613881186126749   3.741332150566129e-13
0.004618133110718242   3.7378867606763143e-13
0.004622388953673045   3.734444546389047e-13
0.004626648718602122   3.731005504764578e-13
0.004630912409119766   3.727569632865938e-13
0.004635180028843615   3.7241369277589293e-13
0.004639451581394625   3.7207073865121354e-13
0.004643727070397097   3.7172810061969135e-13
0.004648006499478669   3.71385778388739e-13
0.004652289872270317   3.7104377166604583e-13
0.00465657719240638   3.70702080159577e-13
0.00466086846352453   3.7036070357757463e-13
0.004665163689265792   3.700196416285565e-13
0.00466946287327456   3.696788940213152e-13
0.0046737660191985735   3.693384604649196e-13
0.004678073130688937   3.6899834066871304e-13
0.00468238421140012   3.686585343423135e-13
0.004686699264989956   3.6831904119561386e-13
0.004691018295119662   3.6797986093878e-13
0.004695341305453816   3.6764099328225284e-13
0.0046996682996603735   3.673024379367465e-13
0.0047039992814106825   3.6696419461324757e-13
0.004708334254379462   3.666262630230167e-13
0.004712673222244821   3.6628864287758645e-13
0.004717016188688259   3.659513338887624e-13
0.004721363157394662   3.6561433576862225e-13
0.004725714132052328   3.6527764822951455e-13
0.004730069116352938   3.6494127098406053e-13
0.004734428113991576   3.6460520374515237e-13
0.004738791128666746   3.642694462259527e-13
0.004743158164080344   3.639339981398954e-13
0.004747529223937685   3.6359885920068515e-13
0.004751904311947496   3.63264029122296e-13
0.0047562834318219185   3.6292950761897247e-13
0.00476066658727653   3.625952944052279e-13
0.004765053782030315   3.6226138919584587e-13
0.004769445019805687   3.6192779170587883e-13
0.0047738403043285065   3.61594501650647e-13
0.004778239639328049   3.612615187457401e-13
0.004782643028537034   3.6092884270701587e-13
0.004787050475691621   3.605964732506e-13
0.004791461984531405   3.602644100928859e-13
0.0047958775587994456   3.5993265295053353e-13
0.0048002972022422345   3.59601201540471e-13
0.004804720918609717   3.5927005557989295e-13
0.004809148711655309   3.5893921478626e-13
0.004813580585135871   3.5860867887729983e-13
0.004818016542811724   3.582784475710059e-13
0.004822456588446671   3.5794852058563687e-13
0.004826900725807968   3.5761889763971723e-13
0.004831348958666346   3.572895784520371e-13
0.004835801290796014   3.5696056274165074e-13
0.004840257725974652   3.566318502278782e-13
0.004844718267983436   3.5630344063030183e-13
0.004849182920607014   3.5597533366876996e-13
0.00485365168763352   3.5564752906339444e-13
0.004858124572854593   3.5532002653454965e-13
0.004862601580065354   3.549928258028743e-13
0.004867082713064423   3.5466592658926954e-13
0.0048715679756539225   3.543393286148998e-13
0.004876057371639476   3.540130316011917e-13
0.004880550904830224   3.536870352698334e-13
0.004885048579038806   3.533613393427762e-13
0.004889550398081375   3.5303594354223237e-13
0.004894056365777613   3.5271084759067527e-13
0.004898566485950711   3.5238605121084e-13
0.004903080762427385   3.5206155412572264e-13
0.004907599199037879   3.5173735605857904e-13
0.004912121799615962   3.514134567329267e-13
0.00491664856799895   3.5108985587254143e-13
0.00492117950802768   3.507665532014602e-13
0.004925714623546531   3.504435484439793e-13
0.0049302539184034365   3.501208413246538e-13
0.004934797396449864   3.49798431568298e-13
0.004939345061540832   3.4947631889998524e-13
0.004943896917534915   3.491545030450469e-13
0.004948452968294237   3.4883298372907337e-13
0.004953013217684496   3.4851176067791155e-13
0.0049575776695749375   3.4819083361766736e-13
0.004962146327838372   3.478702022747039e-13
0.004966719196351195   3.4754986637564065e-13
0.00497129627899336   3.472298256473548e-13
0.004975877579648399   3.469100798169798e-13
0.004980463102203425   3.465906286119059e-13
0.004985052850549124   3.462714717597795e-13
0.00498964682857979   3.4595260898850167e-13
0.004994245040193284   3.4563404002623056e-13
0.0049988474892910615   3.453157646013793e-13
0.005003454179778188   3.449977824426151e-13
0.005008065115563314   3.4468009327886127e-13
0.005012680300558696   3.443626968392951e-13
0.005017299738680195   3.4404559285334845e-13
0.005021923433847279   3.4372878105070707e-13
0.005026551389983037   3.4341226116131015e-13
0.005031183611014164   3.4309603291535096e-13
0.00503582010087097   3.427800960432764e-13
0.005040460863487406   3.4246445027578484e-13
0.0050451059028010295   3.4214909534382906e-13
0.0050497552227530326   3.4183403097861355e-13
0.00505440882728824   3.4151925691159537e-13
0.005059066720355107   3.412047728744837e-13
0.005063728905905742   3.408905785992388e-13
0.005068395387895881   3.4057667381807285e-13
0.005073066170284904   3.402630582634499e-13
0.005077741257035856   3.3994973166808353e-13
0.0050824206521154205   3.3963669376493925e-13
0.005087104359493938   3.393239442872327e-13
0.005091792383145412   3.3901148296842994e-13
0.005096484727047498   3.3869930954224696e-13
0.005101181395181538   3.383874237426486e-13
0.005105882391532524   3.380758253038504e-13
0.005110587720089121   3.37764513960317e-13
0.005115297384843687   3.374534894467608e-13
0.005120011389792241   3.3714275149814434e-13
0.0051247297389344915   3.368322998496779e-13
0.005129452436273833   3.365221342368202e-13
0.005134179485817342   3.3621225439527823e-13
0.005138910891575806   3.3590266006100574e-13
0.005143646657563693   3.355933509702049e-13
0.0051483867877991675   3.3528432685932514e-13
0.005153131286304116   3.349755874650618e-13
0.005157880157104113   3.346671325243581e-13
0.00516263340422845   3.3435896177440317e-13
0.005167391031710126   3.3405107495263284e-13
0.0051721530435858715   3.337434717967283e-13
0.005176919443896122   3.334361520446168e-13
0.005181690236685042   3.331291154344712e-13
0.0051864654260005165   3.3282236170470986e-13
0.005191245015894178   3.3251589059399515e-13
0.005196029010421376   3.32209701841235e-13
0.005200817413641198   3.319037951855823e-13
0.005205610229616486   3.315981703664328e-13
0.005210407462413813   3.312928271234274e-13
0.005215209116103505   3.309877651964507e-13
0.005220015194759635   3.306829843256303e-13
0.005224825702460029   3.3037848425133805e-13
0.005229640643286286   3.300742647141873e-13
0.00523446002132375   3.2977032545503577e-13
0.005239283840661529   3.294666662149833e-13
0.005244112105392517   3.291632867353711e-13
0.005248944819613364   3.2886018675778355e-13
0.005253781987424498   3.285573660240468e-13
0.005258623612930129   3.2825482427622827e-13
0.0052634697002382404   3.279525612566372e-13
0.0052683202534606205   3.276505767078229e-13
0.00527317527671283   3.2734887037257653e-13
0.005278034774114221   3.2704744199393004e-13
0.005282898749787959   3.267462913151547e-13
0.005287767207860993   3.264454180797629e-13
0.00529264015246408   3.2614482203150674e-13
0.005297517587731784   3.258445029143778e-13
0.005302399517802475   3.2554446047260773e-13
0.0053072859468183495   3.252446944506661e-13
0.00531217687892541   3.249452045932626e-13
0.005317072318273476   3.246459906453457e-13
0.005321972269016208   3.243470523521013e-13
0.00532687673531108   3.240483894589545e-13
0.0053317857213193995   3.237500017115682e-13
0.005336699231206312   3.2345188885584306e-13
0.0053416172691407955   3.231540506379176e-13
0.005346539839295684   3.2285648680416666e-13
0.005351466945847643   3.225591971012032e-13
0.005356398592977186   3.2226218127587694e-13
0.005361334784868695   3.2196543907527327e-13
0.005366275525710393   3.2166897024671495e-13
0.0053712208196943665   3.213727745377606e-13
0.0053761706710165665   3.2107685169620466e-13
0.005381125083876805   3.2078120147007767e-13
0.005386084062478781   3.204858236076445e-13
0.005391047611030051   3.2019071785740637e-13
0.005396015733742048   3.198958839680993e-13
0.005400988434830102   3.1960132168869304e-13
0.005405965718513414   3.193070307683933e-13
0.005410947589015077   3.1901301095663915e-13
0.005415934050562075   3.187192620031041e-13
0.005420925107385284   3.184257836576955e-13
0.005425920763719493   3.1813257567055363e-13
0.005430921023803378   3.1783963779205285e-13
0.005435925891879522   3.175469697728006e-13
0.005440935372194433   3.172545713636367e-13
0.005445949468998518   3.16962442315634e-13
0.005450968186546104   3.1667058238009804e-13
0.00545599152909544   3.163789913085659e-13
0.005461019500908691   3.160876688528077e-13
0.005466052106251972   3.157966147648237e-13
0.005471089349395308   3.1550582879684716e-13
0.0054761312346126596   3.1521531070134227e-13
0.005481177766181945   3.1492506023100337e-13
0.005486228948385006   3.146350771387568e-13
0.005491284785507636   3.143453611777591e-13
0.00549634528183958   3.14055912101397e-13
0.0055014104416745285   3.137667296632879e-13
0.005506480269310146   3.1347781361727836e-13
0.005511554769048041   3.1318916371744504e-13
0.005516633945193785   3.129007797180947e-13
0.005521717802056938   3.126126613737621e-13
0.0055268063439510105   3.1232480843921167e-13
0.005531899575193495   3.120372206694371e-13
0.005536997500105863   3.1174989781965975e-13
0.005542100123013563   3.114628396453304e-13
0.005547207448246047   3.111760459021267e-13
0.005552319480136738   3.108895163459551e-13
0.005557436223023054   3.106032507329498e-13
0.005562557681246426   3.103172488194715e-13
0.005567683859152271   3.1003151036210905e-13
0.005572814761090009   3.0974603511767844e-13
0.005577950391413085   3.0946082284322137e-13
0.005583090754478939   3.09175873296007e-13
0.0055882358546490325   3.088911862335308e-13
0.005593385696288848   3.0860676141351395e-13
0.0055985402837678815   3.083225985939042e-13
0.005603699621459676   3.0803869753287397e-13
0.005608863713741786   3.077550579888219e-13
0.0056140325649958025   3.0747167972037196e-13
0.005619206179607369   3.071885624863722e-13
0.005624384561966154   3.069057060458967e-13
0.005629567716465878   3.066231101582432e-13
0.00563475564750431   3.063407745829344e-13
0.005639948359483266   3.060586990797168e-13
0.005645145856808635   3.057768834085606e-13
0.0056503481438903505   3.0549532732966023e-13
0.005655555225142409   3.0521403060343357e-13
0.005660767104982892   3.04932992990521e-13
0.0056659837878339355   3.046522142517867e-13
0.005671205278121756   3.043716941483177e-13
0.0056764315802766505   3.0409143244142315e-13
0.00568166269873299   3.038114288926353e-13
0.005686898637929253   3.035316832637074e-13
0.005692139402307988   3.032521953166159e-13
0.005697384996315839   3.0297296481355866e-13
0.005702635424403564   3.0269399151695417e-13
0.005707890691026007   3.0241527518944343e-13
0.005713150800642121   3.0213681559388787e-13
0.005718415757714971   3.018586124933702e-13
0.005723685566711726   3.0158066565119366e-13
0.005728960232103692   3.0130297483088134e-13
0.0057342397583662755   3.010255397961772e-13
0.005739524149979009   3.0074836031104576e-13
0.0057448134114255695   3.0047143613966963e-13
0.0057501075471937495   3.001947670464526e-13
0.005755406561775483   2.999183527960172e-13
0.005760710459666842   2.996421931532053e-13
0.005766019245368039   2.993662878830779e-13
0.005771332923383448   2.9909063675091374e-13
0.005776651498221578   2.988152395222113e-13
0.005781974974395094   2.98540095962687e-13
0.0057873033564208335   2.9826520583827475e-13
0.005792636648819782   2.979905689151271e-13
0.005797974856117098   2.9771618495961407e-13
0.005803317982842108   2.9744205373832294e-13
0.005808666033528306   2.971681750180589e-13
0.005814019012713383   2.968945485658428e-13
0.005819376924939195   2.9662117414891387e-13
0.005824739774751782   2.9634805153472723e-13
0.005830107566701391   2.960751804909539e-13
0.005835480305342445   2.9580256078548216e-13
0.0058408579952335705   2.955301921864156e-13
0.005846240640937595   2.952580744620739e-13
0.005851628247021542   2.9498620738099235e-13
0.005857020818056668   2.9471459071192095e-13
0.0058624183586184165   2.9444322422382554e-13
0.005867820873286454   2.94172107685887e-13
0.005873228366644681   2.9390124086750023e-13
0.005878640843281208   2.936306235382754e-13
0.005884058307788376   2.933602554680363e-13
0.00588948076476276   2.9309013642682145e-13
0.005894908218805166   2.928202661848833e-13
0.005900340674520654   2.9255064451268745e-13
0.005905778136518516   2.9228127118091314e-13
0.0059112206094122845   2.920121459604536e-13
0.005916668097819768   2.9174326862241355e-13
0.005922120606363008   2.914746389381126e-13
0.0059275781396683136   2.912062566790813e-13
0.005933040702366258   2.909381216170641e-13
0.005938508299091674   2.906702335240166e-13
0.005943980934483682   2.9040259217210687e-13
0.005949458613185666   2.901351973337147e-13
0.005954941339845281   2.89868048781432e-13
0.005960429119114489   2.896011462880611e-13
0.005965921955649519   2.8933448962661674e-13
0.00597141985411089   2.890680785703242e-13
0.005976922819163436   2.88801912892619e-13
0.005982430855476269   2.8853599236714805e-13
0.005987943967722814   2.882703167677685e-13
0.005993462160580798   2.880048858685478e-13
0.005998985438732256   2.8773969944376347e-13
0.0060045138068635555   2.8747475726790184e-13
0.006010047269665363   2.8721005911565987e-13
0.006015585831832669   2.8694560476194443e-13
0.006021129498064809   2.866813939818698e-13
0.00602667827306543   2.864174265507611e-13
0.00603223216154252   2.8615370224415086e-13
0.006037791168208407   2.8589022083778133e-13
0.006043355297779753   2.856269821076025e-13
0.006048924554977588   2.8536398582977233e-13
0.006054498944527271   2.851012317806574e-13
0.0060600784711585184   2.84838719736832e-13
0.0060656631396054225   2.845764494750774e-13
0.00607125295460642   2.843144207723828e-13
0.0060768479209043205   2.8405263340594437e-13
0.006082448043246304   2.837910871531658e-13
0.006088053326383919   2.835297817916572e-13
0.006093663775073114   2.832687170992348e-13
0.006099279394074197   2.8300789285392173e-13
0.006104900188151866   2.827473088339475e-13
0.00611052616207523   2.824869648177472e-13
0.006116157320617769   2.8222686058396163e-13
0.006121793668557373   2.819669959114378e-13
0.0061274352106763345   2.8170737057922785e-13
0.0061330819517613445   2.8144798436658933e-13
0.006138733896603525   2.811888370529837e-13
0.006144391049998397   2.809299284180785e-13
0.006150053416745897   2.806712582417458e-13
0.006155721001650406   2.80412826304061e-13
0.006161393809520712   2.8015463238530496e-13
0.006167071845170043   2.7989667626596216e-13
0.006172755113416061   2.796389577267206e-13
0.006178443619080862   2.7938147654847263e-13
0.006184137366991004   2.791242325123129e-13
0.006189836361977475   2.788672253995402e-13
0.006195540608875715   2.786104549916564e-13
0.006201250112525638   2.783539210703656e-13
0.006206964877771601   2.7809762341757475e-13
0.0062126849094624285   2.778415618153943e-13
0.006218410212451418   2.775857360461352e-13
0.006224140791596329   2.773301458923124e-13
0.006229876651759419   2.7707479113664063e-13
0.006235617797807406   2.7681967156203824e-13
0.006241364234611494   2.76564786951624e-13
0.006247115967047396   2.7631013708871785e-13
0.006252872999995296   2.760557217568418e-13
0.006258635338339885   2.758015407397178e-13
0.006264402986970352   2.755475938212693e-13
0.00627017595078039   2.7529388078562e-13
0.0062759542346682165   2.750404014170933e-13
0.006281737843536546   2.747871555002137e-13
0.006287526782292611   2.745341428197054e-13
0.006293321055848185   2.742813631604919e-13
0.006299120669119548   2.740288163076967e-13
0.006304925627027518   2.7377650204664287e-13
0.006310735934497449   2.7352442016285216e-13
0.006316551596459224   2.7327257044204593e-13
0.006322372617847293   2.730209526701436e-13
0.00632819900360063   2.727695666332637e-13
0.006334030758662762   2.725184121177234e-13
0.006339867887981793   2.722674889100374e-13
0.006345710396510364   2.7201679679691903e-13
0.006351558289205688   2.7176633556527955e-13
0.006357411571029549   2.7151610500222734e-13
0.006363270246948292   2.712661048950692e-13
0.006369134321932863   2.710163350313079e-13
0.006375003800958766   2.707667951986444e-13
0.006380878689006092   2.7051748518497653e-13
0.006386758991059541   2.70268404778398e-13
0.006392644712108386   2.7001955376719986e-13
0.006398535857146499   2.697709319398697e-13
0.006404432431172373   2.695225390850901e-13
0.006410334439189087   2.6927437499174084e-13
0.00641624188620434   2.690264394488968e-13
0.0064221547772304426   2.687787322458291e-13
0.006428073117284319   2.6853125317200403e-13
0.0064339969113875375   2.682840020170823e-13
0.006439926164566273   2.680369785709207e-13
0.006445860881851334   2.677901826235708e-13
0.006451801068278181   2.675436139652781e-13
0.006457746728886901   2.672972723864833e-13
0.006463697868722226   2.670511576778211e-13
0.006469654492833543   2.668052696301206e-13
0.006475616606274882   2.665596080344049e-13
0.006481584214104949   2.6631417268188984e-13
0.006487557321387097   2.6606896336398606e-13
0.006493535933189341   2.658239798722972e-13
0.006499520054584387   2.655792219986197e-13
0.006505509690649598   2.6533468953494334e-13
0.00651150484646702   2.6509038227345087e-13
0.006517505527123384   2.648463000065175e-13
0.0065235117377101005   2.646024425267111e-13
0.006529523483323294   2.6435880962679114e-13
0.006535540769063765   2.6411540109971003e-13
0.0065415636000370125   2.638722167386121e-13
0.006547591981353264   2.636292563368323e-13
0.006553625918127431   2.6338651968789827e-13
0.006559665415479151   2.6314400658552874e-13
0.006565710478532777   2.6290171682363343e-13
0.006571761112417377   2.6265965019631344e-13
0.006577817322266768   2.624178064978599e-13
0.0065838791132194745   2.6217618552275533e-13
0.00658994649041876   2.6193478706567274e-13
0.0065960194590126454   2.616936109214746e-13
0.0066020980241538775   2.6145265688521436e-13
0.006608182190999956   2.6121192475213496e-13
0.006614271964713136   2.6097141431766927e-13
0.006620367350460423   2.607311253774397e-13
0.006626468353413601   2.6049105772725757e-13
0.006632574978749204   2.6025121116312393e-13
0.006638687231648534   2.60011585481229e-13
0.006644805117297688   2.59772180477951e-13
0.006650928640887525   2.595329959498574e-13
0.00665705780761369   2.592940316937044e-13
0.0066631926226766195   2.5905528750643586e-13
0.006669333091281533   2.588167631851845e-13
0.006675479218638471   2.585784585272699e-13
0.00668163100996225   2.5834037333020033e-13
0.006687788470472496   2.5810250739167173e-13
0.006693951605393664   2.578648605095665e-13
0.0067001204199550034   2.5762743248195493e-13
0.00670629491939059   2.5739022310709446e-13
0.006712475108939324   2.5715323218342916e-13
0.006718660993844922   2.5691645950959003e-13
0.006724852579355958   2.56679904884394e-13
0.006731049870725822   2.5644356810684487e-13
0.006737252873212744   2.562074489761329e-13
0.006743461592079821   2.5597154729163317e-13
0.0067496760325949775   2.557358628529078e-13
0.006755896200031003   2.555003954597039e-13
0.006762122099665544   2.552651449119543e-13
0.006768353736781103   2.5503011100977717e-13
0.006774591116665073   2.547952935534753e-13
0.006780834244609699   2.545606923435368e-13
0.006787083125912102   2.543263071806348e-13
0.006793337765874306   2.5409213786562615e-13
0.006799598169803198   2.5385818419955295e-13
0.006805864343010567   2.536244459836412e-13
0.006812136290813094   2.5339092301930105e-13
0.006818414018532352   2.531576151081266e-13
0.006824697531494841   2.529245220518951e-13
0.006830986835031948   2.5269164365256803e-13
0.006837281934479973   2.5245897971229016e-13
0.006843582835180154   2.522265300333888e-13
0.006849889542478633   2.519942944183749e-13
0.006856202061726473   2.5176227266994246e-13
0.006862520398279697   2.515304645909671e-13
0.006868844557499236   2.51298869984508e-13
0.006875174544750972   2.5106748865380616e-13
0.006881510365405732   2.508363204022849e-13
0.006887852024839283   2.506053650335497e-13
0.006894199528432369   2.50374622351387e-13
0.006900552881570672   2.5014409215976584e-13
0.006906912089644836   2.499137742628365e-13
0.006913277158050494   2.4968366846493e-13
0.006919648092188231   2.4945377457055904e-13
0.006926024897463615   2.4922409238441716e-13
0.006932407579287195   2.4899462171137866e-13
0.0069387961430745024   2.487653623564986e-13
0.006945190594246076   2.4853631412501177e-13
0.006951590938227431   2.48307476822334e-13
0.006957997180449083   2.4807885025406126e-13
0.0069644093263465726   2.4785043422596855e-13
0.006970827381360427   2.4762222854401154e-13
0.006977251350936197   2.4739423301432514e-13
0.006983681240524449   2.4716644744322357e-13
0.006990117055580767   2.469388716372008e-13
0.006996558801565783   2.46711505402929e-13
0.007003006483945141   2.4648434854725987e-13
0.00700946010818952   2.4625740087722405e-13
0.007015919679774664   2.4603066220002994e-13
0.00702238520418134   2.4580413232306493e-13
0.007028856686895376   2.4557781105389457e-13
0.00703533413340765   2.453516982002624e-13
0.007041817549214098   2.4512579357009027e-13
0.007048306939815741   2.4490009697147676e-13
0.007054802310718645   2.4467460821269885e-13
0.007061303667433956   2.44449327102211e-13
0.0070678110154779135   2.4422425344864413e-13
0.007074324360371825   2.4399938706080665e-13
0.007080843707642089   2.4377472774768405e-13
0.007087369062820199   2.435502753184384e-13
0.0070939004314427385   2.433260295824085e-13
0.007100437819051415   2.4310199034910884e-13
0.0071069812311930205   2.428781574282308e-13
0.007113530673419459   2.42654530629642e-13
0.007120086151287774   2.42431109763385e-13
0.007126647670360106   2.4220789463967903e-13
0.00713321523620373   2.4198488506891844e-13
0.007139788854391051   2.4176208086167315e-13
0.007146368530499604   2.415394818286884e-13
0.007152954270112081   2.413170877808839e-13
0.007159546078816301   2.410948985293549e-13
0.007166143962205232   2.408729138853714e-13
0.0071727479258770176   2.4065113366037723e-13
0.007179357975434938   2.404295576659914e-13
0.007185974116487444   2.402081857140068e-13
0.007192596354648156   2.3998701761639064e-13
0.00719922469553586   2.397660531852841e-13
0.007205859144774542   2.3954529223300133e-13
0.0072124997079933495   2.3932473457203094e-13
0.007219146390826615   2.3910438001503486e-13
0.007225799198913888   2.3888422837484763e-13
0.007232458137899891   2.3866427946447765e-13
0.007239123213434558   2.3844453309710575e-13
0.007245794431173029   2.3822498908608583e-13
0.007252471796775648   2.3800564724494454e-13
0.007259155315907995   2.377865073873802e-13
0.007265844994240853   2.375675693272641e-13
0.007272540837450228   2.3734883287863994e-13
0.0072792428512173804   2.371302978557222e-13
0.007285951041228784   2.3691196407289824e-13
0.007292665413176159   2.366938313447267e-13
0.007299385972756472   2.3647589948593767e-13
0.007306112725671932   2.3625816831143277e-13
0.007312845677630025   2.360406376362841e-13
0.007319584834343475   2.3582330727573545e-13
0.007326330201530269   2.3560617704520145e-13
0.007333081784913688   2.3538924676026675e-13
0.0073398395902222625   2.3517251623668707e-13
0.007346603623189804   2.349559852903886e-13
0.00735337388955543   2.3473965373746693e-13
0.007360150395063525   2.3452352139418845e-13
0.007366933145463771   2.3430758807698923e-13
0.007373722146511156   2.3409185360247484e-13
0.007380517403965955   2.3387631778742087e-13
0.0073873189235937825   2.336609804487714e-13
0.007394126711165537   2.334458414036407e-13
0.007400940772457439   2.332309004693118e-13
0.007407761113251054   2.3301615746323607e-13
0.007414587739333252   2.3280161220303444e-13
0.007421420656496243   2.3258726450649617e-13
0.007428259870537578   2.3237311419157873e-13
0.007435105387260139   2.321591610764084e-13
0.007441957212472181   2.319454049792788e-13
0.007448815351987288   2.3173184571865206e-13
0.007455679811624403   2.3151848311315823e-13
0.007462550597207851   2.313053169815943e-13
0.007469427714567304   2.310923471429255e-13
0.007476311169537814   2.3087957341628414e-13
0.007483200967959808   2.3066699562096955e-13
0.007490097115679092   2.304546135764486e-13
0.0074969996185468785   2.30242427102354e-13
0.007503908482419749   2.300304360184862e-13
0.007510823713159686   2.2981864014481176e-13
0.007517745316634091   2.2960703930146344e-13
0.007524673298715755   2.293956333087406e-13
0.007531607665282888   2.291844219871085e-13
0.007538548422219114   2.289734051571984e-13
0.007545495575413473   2.2876258263980757e-13
0.007552449130760457   2.285519542558981e-13
0.007559409094159964   2.283415198265983e-13
0.0075663754715173314   2.2813127917320176e-13
0.007573348268743361   2.2792123211716655e-13
0.007580327491754277   2.2771137848011634e-13
0.007587313146471765   2.2750171808383953e-13
0.007594305238822969   2.2729225075028919e-13
0.007601303774740485   2.2708297630158296e-13
0.007608308760162399   2.2687389456000248e-13
0.00761532020103225   2.2666500534799405e-13
0.00762233810329905   2.264563084881681e-13
0.007629362472917319   2.2624780380329837e-13
0.007636393315847039   2.260394911163229e-13
0.007643430638053695   2.258313702503432e-13
0.0076504744455082666   2.2562344102862432e-13
0.007657524744187231   2.2541570327459464e-13
0.0076645815400725945   2.252081568118451e-13
0.007671644839151852   2.250008014641303e-13
0.00767871464741802   2.2479363705536775e-13
0.007685790970869656   2.245866634096369e-13
0.007692873815510826   2.243798803511804e-13
0.007699963187351136   2.2417328770440312e-13
0.0077070590924057285   2.2396688529387207e-13
0.0077141615366952835   2.2376067294431672e-13
0.0077212705262460525   2.2355465048062758e-13
0.007728386067089815   2.2334881772785778e-13
0.007735508165263912   2.2314317451122192e-13
0.007742636826811269   2.2293772065609573e-13
0.007749772057780361   2.2273245598801647e-13
0.007756913864225238   2.2252738033268264e-13
0.007764062252205536   2.2232249351595379e-13
0.007771217227786464   2.221177953638503e-13
0.007778378797038843   2.2191328570255295e-13
0.007785546966039068   2.2170896435840345e-13
0.007792721740869132   2.2150483115790404e-13
0.007799903127616656   2.2130088592771664e-13
0.007807091132374849   2.2109712849466393e-13
0.007814285761242542   2.2089355868572814e-13
0.007821487020324185   2.206901763280516e-13
0.007828694915729848   2.2048698124893636e-13
0.007835909453575257   2.2028397327584328e-13
0.007843130639981745   2.2008115223639354e-13
0.00785035848107629   2.198785179583671e-13
0.007857592982991537   2.1967607026970275e-13
0.007864834151865764   2.1947380899849855e-13
0.007872081993842902   2.1927173397301153e-13
0.007879336515072567   2.1906984502165663e-13
0.00788659772171002   2.1886814197300785e-13
0.007893865619916203   2.1866662465579743e-13
0.007901140215857734   2.1846529289891573e-13
0.007908421515706907   2.182641465314113e-13
0.007915709525641725   2.1806318538249003e-13
0.007923004251845866   2.1786240928151612e-13
0.007930305700508702   2.176618180580114e-13
0.007937613877825335   2.174614115416545e-13
0.00794492878999655   2.1726118956228204e-13
0.007952250443228857   2.1706115194988727e-13
0.007959578843734485   2.1686129853462088e-13
0.007966913997731377   2.1666162914679042e-13
0.007974255911443235   2.164621436168595e-13
0.007981604591099466   2.1626284177544895e-13
0.007988960042935226   2.1606372345333593e-13
0.007996322273191433   2.1586478848145342e-13
0.008003691288114739   2.1566603669089093e-13
0.008011067093957555   2.15467467912894e-13
0.008018449696978057   2.1526908197886375e-13
0.008025839103440182   2.1507087872035738e-13
0.008033235319613656   2.1487285796908688e-13
0.008040638351773969   2.1467501955692037e-13
0.008048048206202385   2.144773633158811e-13
0.008055464889185989   2.1427988907814687e-13
0.008062888407017629   2.140825966760511e-13
0.008070318765995961   2.1388548594208176e-13
0.008077755972425452   2.1368855670888142e-13
0.008085200032616362   2.1349180880924758e-13
0.008092650952884797   2.1329524207613128e-13
0.008100108739552657   2.130988563426386e-13
0.008107573398947665   2.129026514420296e-13
0.008115044937403405   2.1270662720771772e-13
0.008122523361259269   2.1251078347327086e-13
0.008130008676860503   2.1231512007241026e-13
0.008137500890558199   2.121196368390108e-13
0.00814500000870929   2.1192433360710086e-13
0.008152506037676597   2.1172921021086149e-13
0.008160018983828779   2.1153426648462738e-13
0.00816753885354036   2.1133950226288628e-13
0.00817506565319177   2.1114491738027795e-13
0.008182599389169288   2.1095051167159567e-13
0.008190140067865089   2.107562849717848e-13
0.00819768769567724   2.1056223711594312e-13
0.008205242279009694   2.1036836793932105e-13
0.008212803824272329   2.1017467727732031e-13
0.008220372337880909   2.0998116496549514e-13
0.008227947826257109   2.097878308395517e-13
0.008235530295828544   2.095946747353472e-13
0.008243119753028732   2.094016964888909e-13
0.008250716204297124   2.092088959363433e-13
0.00825831965607911   2.0901627291401614e-13
0.008265930114826004   2.0882382725837253e-13
0.0082735475869951   2.086315588060258e-13
0.008281172079049609   2.0843946739374077e-13
0.008288803597458703   2.08247552858433e-13
0.00829644214869754   2.0805581503716777e-13
0.008304087739247217   2.0786425376716172e-13
0.008311740375594817   2.0767286888578124e-13
0.008319400064233397   2.0748166023054294e-13
0.008327066811661994   2.0729062763911366e-13
0.008334740624385653   2.0709977094930928e-13
0.008342421508915395   2.069090899990963e-13
0.008350109471768234   2.067185846265906e-13
0.008357804519467223   2.0652825467005682e-13
0.008365506658541395   2.0633809996790946e-13
0.008373215895525811   2.0614812035871221e-13
0.008380932236961555   2.0595831568117752e-13
0.008388655689395728   2.0576868577416696e-13
0.008396386259381492   2.0557923047669034e-13
0.008404123953478022   2.0538994962790642e-13
0.008411868778250535   2.0520084306712265e-13
0.00841962074027033   2.0501191063379402e-13
0.008427379846114729   2.0482315216752446e-13
0.008435146102367121   2.0463456750806573e-13
0.008442919515616985   2.0444615649531704e-13
0.008450700092459846   2.0425791896932584e-13
0.008458487839497318   2.0406985477028713e-13
0.008466282763337095   2.0388196373854333e-13
0.008474084870592959   2.0369424571458434e-13
0.008481894167884804   2.0350670053904673e-13
0.008489710661838604   2.0331932805271472e-13
0.008497534359086439   2.0313212809651955e-13
0.008505365266266524   2.0294510051153854e-13
0.008513203390023167   2.027582451389963e-13
0.00852104873700681   2.0257156182026373e-13
0.008528901313874019   2.0238505039685828e-13
0.00853676112728749   2.0219871071044367e-13
0.008544628183916082   2.0201254260282918e-13
0.008552502490434776   2.0182654591597068e-13
0.008560384053524705   2.0164072049196984e-13
0.00856827287987318   2.0145506617307353e-13
0.008576168976173653   2.0126958280167478e-13
0.00858407234912575   2.0108427022031177e-13
0.00859198300543528   2.0089912827166796e-13
0.008599900951814208   2.0071415679857242e-13
0.008607826194980725   2.0052935564399823e-13
0.008615758741659176   2.0034472465106434e-13
0.00862369859858011   2.0016026366303425e-13
0.0086316457724803   1.999759725233157e-13
0.008639600270102707   1.997918510754612e-13
0.008647562098196507   1.9960789916316759e-13
0.008655531263517102   1.9942411663027607e-13
0.008663507772826108   1.9924050332077188e-13
0.008671491632891399   1.9905705907878372e-13
0.008679482850487058   1.9887378374858472e-13
0.008687481432393415   1.9869067717459166e-13
0.008695487385397068   1.985077392013643e-13
0.00870350071629085   1.983249696736064e-13
0.00871152143187386   1.9814236843616483e-13
0.008719549538951458   1.9795993533402965e-13
0.008727585044335276   1.977776702123339e-13
0.00873562795484324   1.9759557291635325e-13
0.00874367827729954   1.974136432915065e-13
0.00875173601853465   1.9723188118335507e-13
0.00875980118538537   1.9705028643760241e-13
0.008767873784694768   1.9686885890009475e-13
0.008775953823312232   1.9668759841682045e-13
0.00878404130809346   1.9650650483390995e-13
0.008792136245900459   1.9632557799763582e-13
0.008800238643601585   1.961448177544118e-13
0.0088083485080715   1.9596422395079412e-13
0.0088164658461912   1.9578379643348033e-13
0.008824590664848048   1.9560353504930883e-13
0.008832722970935727   1.9542343964526018e-13
0.008840862771354286   1.9524351006845563e-13
0.008849010073010127   1.9506374616615756e-13
0.008857164882816008   1.9488414778576947e-13
0.008865327207691091   1.9470471477483507e-13
0.00887349705456088   1.9452544698103922e-13
0.008881674430357266   1.9434634425220721e-13
0.00888985934201855   1.9416740643630442e-13
0.008898051796489408   1.9398863338143677e-13
0.008906251800720917   1.9381002493585028e-13
0.008914459361670561   1.9363158094793088e-13
0.008922674486302233   1.9345330126620456e-13
0.008930897181586264   1.9327518573933646e-13
0.008939127454499382   1.9309723421613192e-13
0.008947365312024749   1.9291944654553577e-13
0.008955610761151983   1.9274182257663156e-13
0.008963863808877122   1.925643621586426e-13
0.008972124462202658   1.9238706514093114e-13
0.008980392728137535   1.9220993137299837e-13
0.008988668613697147   1.920329607044845e-13
0.008996952125903384   1.9185615298516786e-13
0.009005243271784574   1.916795080649659e-13
0.009013542058375528   1.915030257939345e-13
0.009021848492717562   1.9132670602226731e-13
0.009030162581858457   1.9115054860029672e-13
0.009038484332852486   1.9097455337849311e-13
0.009046813752760454   1.9079872020746442e-13
0.009055150848649643   1.906230489379565e-13
0.009063495627593858   1.904475394208532e-13
0.009071848096673421   1.9027219150717566e-13
0.00908020826297517   1.9009700504808262e-13
0.009088576133592506   1.8992197989486954e-13
0.009096951715625334   1.897471158989696e-13
0.009105335016180103   1.89572412911953e-13
0.00911372604236984   1.8939787078552646e-13
0.009122124801314099   1.8922348937153367e-13
0.009130531300139003   1.8904926852195507e-13
0.009138945545977243   1.8887520808890756e-13
0.009147367545968075   1.887013079246446e-13
0.00915579730725736   1.885275678815553e-13
0.009164234836997517   1.8835398781216554e-13
0.009172680142347558   1.881805675691372e-13
0.009181133230473119   1.880073070052675e-13
0.009189594108546409   1.878342059734899e-13
0.00919806278374626   1.8766126432687344e-13
0.00920653926325812   1.874884819186225e-13
0.009215023554274043   1.8731585860207718e-13
0.009223515663992746   1.8714339423071229e-13
0.00923201559961955   1.869710886581382e-13
0.009240523368366414   1.8679894173810027e-13
0.009249038977451973   1.866269533244783e-13
0.009257562434101484   1.8645512327128744e-13
0.009266093745546877   1.8628345143267719e-13
0.009274632919026742   1.8611193766293144e-13
0.009283179961786328   1.8594058181646897e-13
0.009291734881077597   1.8576938374784195e-13
0.009300297684159162   1.8559834331173735e-13
0.009308868378296321   1.8542746036297618e-13
0.0093174469707611   1.852567347565128e-13
0.0093260334688322   1.850861663474357e-13
0.009334627879795034   1.8491575499096702e-13
0.009343230210941732   1.8474550054246243e-13
0.009351840469571134   1.8457540285741094e-13
0.009360458662988836   1.8440546179143438e-13
0.009369084798507135   1.8423567720028847e-13
0.00937771888344507   1.8406604893986163e-13
0.009386360925128451   1.8389657686617487e-13
0.009395010930889812   1.8372726083538232e-13
0.009403668908068452   1.8355810070377072e-13
0.009412334864010436   1.833890963277592e-13
0.009421008806068587   1.832202475638996e-13
0.009429690741602534   1.830515542688754e-13
0.009438380677978657   1.8288301629950293e-13
0.009447078622570132   1.827146335127303e-13
0.009455784582756949   1.8254640576563717e-13
0.009464498565925874   1.8237833291543547e-13
0.009473220579470492   1.8221041481946866e-13
0.0094819506307912   1.820426513352116e-13
0.009490688727295204   1.8187504232027096e-13
0.009499434876396567   1.8170758763238402e-13
0.009508189085516155   1.815402871294198e-13
0.009516951362081671   1.8137314066937832e-13
0.009525721713527694   1.8120614811039022e-13
0.009534500147295625   1.810393093107172e-13
0.00954328667083373   1.8087262412875172e-13
0.009552081291597144   1.8070609242301652e-13
0.009560884017047858   1.8053971405216526e-13
0.009569694854654769   1.8037348887498131e-13
0.00957851381189363   1.8020741675037854e-13
0.009587340896247083   1.8004149753740127e-13
0.009596176115204693   1.7987573109522304e-13
0.009605019476262898   1.7971011728314785e-13
0.009613870986925059   1.7954465596060911e-13
0.009622730654701444   1.7937934698716995e-13
0.009631598487109237   1.7921419022252316e-13
0.009640474491672577   1.790491855264904e-13
0.009649358675922511   1.788843327590229e-13
0.009658251047397022   1.7871963178020125e-13
0.009667151613641069   1.7855508245023439e-13
0.00967606038220654   1.7839068462946073e-13
0.009684977360652285   1.7822643817834717e-13
0.009693902556544115   1.780623429574896e-13
0.009702835977454843   1.7789839882761165e-13
0.009711777630964227   1.7773460564956628e-13
0.009720727524659025   1.7757096328433402e-13
0.00972968566613297   1.7740747159302436e-13
0.009738652062986831   1.7724413043687376e-13
0.009747626722828346   1.7708093967724752e-13
0.009756609653272267   1.7691789917563848e-13
0.009765600861940392   1.7675500879366688e-13
0.00977460035646151   1.7659226839308083e-13
0.009783608144471455   1.7642967783575606e-13
0.009792624233613096   1.7626723698369527e-13
0.009801648631536335   1.7610494569902875e-13
0.009810681345898152   1.7594280384401335e-13
0.00981972238436256   1.7578081128103335e-13
0.009828771754600625   1.756189678726001e-13
0.00983782946429052   1.7545727348135088e-13
0.009846895521117463   1.752957279700503e-13
0.009855969932773758   1.751343312015894e-13
0.009865052706958805   1.7497308303898545e-13
0.009874143851379085   1.7481198334538225e-13
0.009883243373748215   1.7465103198404922e-13
0.009892351281786888   1.744902288183823e-13
0.009901467583222908   1.7432957371190352e-13
0.009910592285791239   1.7416906652826007e-13
0.009919725397233937   1.7400870713122535e-13
0.009928866925300206   1.738484953846982e-13
0.009938016877746389   1.7368843115270295e-13
0.009947175262335966   1.7352851429938947e-13
0.009956342086839605   1.7336874468903223e-13
0.009965517359035104   1.7320912218603145e-13
0.009974701086707425   1.7304964665491235e-13
0.009983893277648738   1.728903179603244e-13
0.009993093939658365   1.7273113596704246e-13
0.010002303080542821   1.7257210053996584e-13
0.010011520708115814   1.7241321154411847e-13
0.010020746830198265   1.7225446884464842e-13
0.010029981454618283   1.7209587230682855e-13
0.010039224589211209   1.7193742179605537e-13
0.0100484762418196   1.717791171778498e-13
0.01005773642029323   1.7162095831785667e-13
0.01006700513248912   1.714629450818446e-13
0.010076282386271522   1.7130507733570606e-13
0.010085568189511946   1.7114735494545688e-13
0.01009486255008914   1.7098977777723685e-13
0.010104165475889132   1.7083234569730855e-13
0.010113476974805196   1.7067505857205846e-13
0.010122797054737906   1.705179162679956e-13
0.010132125723595089   1.7036091865175258e-13
0.010141462989291881   1.7020406559008456e-13
0.010150808859750698   1.700473569498698e-13
0.010160163342901271   1.6989079259810902e-13
0.010169526446680621   1.6973437240192574e-13
0.010178898179033103   1.695780962285657e-13
0.010188278547910372   1.694219639453974e-13
0.010197667561271433   1.6926597541991116e-13
0.010207065227082604   1.6911013051971978e-13
0.010216471553317565   1.689544291125578e-13
0.010225886547957324   1.6879887106628192e-13
0.010235310218990263   1.686434562488704e-13
0.010244742574412108   1.6848818452842356e-13
0.010254183622225972   1.6833305577316274e-13
0.010263633370442322   1.6817806985143134e-13
0.01027309182707903   1.6802322663169355e-13
0.010282559000161335   1.6786852598253527e-13
0.010292034897721892   1.6771396777266318e-13
0.010301519527800736   1.675595518709053e-13
0.010311012898445337   1.6740527814621015e-13
0.010320515017710558   1.6725114646764737e-13
0.0103300258936587   1.6709715670440704e-13
0.010339545534359486   1.6694330872580013e-13
0.010349073947890081   1.6678960240125762e-13
0.010358611142335087   1.666360376003312e-13
0.010368157125786566   1.6648261419269263e-13
0.010377711906344024   1.6632933204813382e-13
0.010387275492114448   1.6617619103656658e-13
0.010396847891212275   1.6602319102802288e-13
0.010406429111759442   1.6587033189265415e-13
0.010416019161885351   1.6571761350073181e-13
0.010425618049726916   1.6556503572264646e-13
0.010435225783428526   1.6541259842890867e-13
0.010444842371142099   1.6526030149014787e-13
0.010454467821027045   1.6510814477711298e-13
0.010464102141250311   1.6495612816067193e-13
0.010473745339986353   1.6480425151181183e-13
0.010483397425417179   1.646525147016384e-13
0.010493058405732315   1.6450091760137652e-13
0.01050272828912886   1.6434946008236937e-13
0.010512407083811442   1.6419814201607902e-13
0.01052209479799227   1.6404696327408574e-13
0.010531791439891101   1.6389592372808845e-13
0.010541497017735293   1.6374502324990397e-13
0.010551211539759757   1.635942617114676e-13
0.010560935014207018   1.6344363898483228e-13
0.010570667449327175   1.6329315494216932e-13
0.010580408853377953   1.6314280945576735e-13
0.010590159234624662   1.629926023980332e-13
0.010599918601340253   1.6284253364149077e-13
0.01060968696180528   1.6269260305878193e-13
0.010619464324307947   1.625428105226654e-13
0.010629250697144075   1.6239315590601778e-13
0.010639046088617155   1.6224363908183222e-13
0.010648850507038302   1.6209425992321943e-13
0.010658663960726317   1.6194501830340656e-13
0.010668486458007645   1.6179591409573802e-13
0.010678318007216425   1.6164694717367476e-13
0.010688158616694452   1.6149811741079428e-13
0.010698008294791237   1.6134942468079064e-13
0.010707867049863954   1.612008688574744e-13
0.010717734890277511   1.610524498147722e-13
0.010727611824404494   1.6090416742672714e-13
0.010737497860625231   1.6075602156749805e-13
0.010747393007327752   1.6060801211136009e-13
0.01075729727290783   1.6046013893270394e-13
0.010767210665768977   1.6031240190603628e-13
0.010777133194322434   1.6016480090597935e-13
0.010787064866987212   1.6001733580727091e-13
0.01079700569219006   1.5987000648476426e-13
0.01080695567836552   1.5972281281342765e-13
0.010816914833955873   1.595757546683452e-13
0.010826883167411216   1.5942883192471552e-13
0.010836860687189398   1.5928204445785271e-13
0.010846847401756095   1.5913539214318518e-13
0.010856843319584756   1.589888748562569e-13
0.010866848449156662   1.5884249247272586e-13
0.010876862798960892   1.5869624486836502e-13
0.010886886377494364   1.585501319190615e-13
0.010896919193261807   1.5840415350081726e-13
0.010906961254775813   1.5825830948974792e-13
0.010917012570556791   1.5811259976208382e-13
0.010927073149133026   1.5796702419416895e-13
0.010937142999040642   1.5782158266246154e-13
0.010947222128823651   1.576762750435334e-13
0.010957310547033913   1.5753110121407025e-13
0.010967408262231196   1.5738606105087135e-13
0.010977515282983134   1.5724115443084962e-13
0.010987631617865274   1.5709638123103118e-13
0.010997757275461045   1.5695174132855573e-13
0.011007892264361814   1.568072346006759e-13
0.011018036593166835   1.5666286092475768e-13
0.011028190270483317   1.5651862017827983e-13
0.01103835330492637   1.5637451223883426e-13
0.01104852570511907   1.562305369841254e-13
0.011058707479692422   1.5608669429197072e-13
0.011068898637285399   1.5594298404029982e-13
0.011079099186544917   1.557994061071552e-13
0.01108930913612588   1.556559603706914e-13
0.011099528494691152   1.5551264670917558e-13
0.011109757270911597   1.5536946500098666e-13
0.011119995473466048   1.5522641512461607e-13
0.01113024311104136   1.550834969586668e-13
0.01114050019233237   1.5494071038185402e-13
0.01115076672604195   1.5479805527300437e-13
0.011161042720880969   1.5465553151105645e-13
0.011171328185568348   1.5451313897506e-13
0.01118162312883102   1.5437087754417666e-13
0.011191927559403984   1.542287470976791e-13
0.01120224148603026   1.5408674751495135e-13
0.011212564917460954   1.5394487867548853e-13
0.011222897862455212   1.538031404588969e-13
0.011233240329780276   1.5366153274489333e-13
0.011243592328211443   1.535200554133061e-13
0.01125395386653212   1.5337870834407354e-13
0.011264324953533784   1.5323749141724518e-13
0.01127470559801604   1.5309640451298066e-13
0.01128509580878658   1.5295544751155028e-13
0.011295495594661229   1.528146202933345e-13
0.011305904964463919   1.5267392273882429e-13
0.011316323927026736   1.5253335472862028e-13
0.011326752491189883   1.523929161434335e-13
0.011337190665801728   1.522526068640846e-13
0.011347638459718777   1.521124267715043e-13
0.011358095881805714   1.519723757467329e-13
0.011368562940935373   1.5183245367092032e-13
0.01137903964598879   1.5169266042532586e-13
0.011389526005855157   1.515529958913185e-13
0.011400022029431883   1.514134599503762e-13
0.011410527725624555   1.5127405248408645e-13
0.01142104310334699   1.511347733741455e-13
0.011431568171521191   1.5099562250235895e-13
0.011442102939077414   1.5085659975064097e-13
0.011452647414954118   1.5071770500101483e-13
0.01146320160809802   1.5057893813561216e-13
0.011473765527464062   1.5044029903667357e-13
0.011484339182015463   1.5030178758654776e-13
0.011494922580723672   1.5016340366769229e-13
0.011505515732568437   1.500251471626725e-13
0.011516118646537753   1.4988701795416238e-13
0.011526731331627923   1.497490159249437e-13
0.011537353796843517   1.496111409579065e-13
0.01154798605119742   1.4947339293604845e-13
0.01155862810371082   1.4933577174247513e-13
0.011569279963413212   1.4919827726039994e-13
0.01157994163934242   1.4906090937314356e-13
0.011590613140544588   1.489236679641346e-13
0.011601294476074208   1.4878655291690866e-13
0.011611985654994099   1.4864956411510892e-13
0.011622686686375455   1.4851270144248561e-13
0.011633397579297806   1.4837596478289615e-13
0.011644118342849069   1.4823935402030484e-13
0.011654848986125519   1.4810286903878316e-13
0.01166558951823183   1.4796650972250896e-13
0.011676339948281048   1.4783027595576723e-13
0.011687100285394643   1.476941676229492e-13
0.011697870538702457   1.4755818460855308e-13
0.011708650717342778   1.4742232679718289e-13
0.011719440830462292   1.4728659407354942e-13
0.011730240887216133   1.4715098632246947e-13
0.01174105089676785   1.4701550342886616e-13
0.011751870868289464   1.4688014527776817e-13
0.011762700810961419   1.467449117543108e-13
0.011773540733972644   1.4660980274373464e-13
0.011784390646520518   1.4647481813138602e-13
0.011795250557810912   1.4633995780271705e-13
0.011806120477058164   1.4620522164328564e-13
0.01181700041348512   1.4607060953875447e-13
0.011827890376323109   1.4593612137489214e-13
0.011838790374811984   1.4580175703757217e-13
0.011849700418200094   1.4566751641277334e-13
0.011860620515744331   1.455333993865796e-13
0.0118715506767101   1.4539940584517953e-13
0.011882490910371359   1.4526553567486677e-13
0.011893441226010597   1.4513178876203993e-13
0.011904401632918877   1.4499816499320162e-13
0.011915372140395803   1.4486466425495956e-13
0.011926352757749569   1.4473128643402598e-13
0.011937343494296926   1.445980314172171e-13
0.011948344359363235   1.444648990914535e-13
0.011959355362282424   1.443318893437602e-13
0.01197037651239705   1.441990020612661e-13
0.011981407819058255   1.440662371312041e-13
0.011992449291625818   1.4393359444091086e-13
0.012003500939468127   1.4380107387782728e-13
0.012014562771962223   1.4366867532949723e-13
0.012025634798493764   1.4353639868356884e-13
0.012036717028457085   1.4340424382779337e-13
0.012047809471255147   1.4327221065002583e-13
0.012058912136299609   1.4314029903822402e-13
0.012070025033010775   1.430085088804494e-13
0.012081148170817653   1.428768400648663e-13
0.012092281559157921   1.4274529247974225e-13
0.012103425207477973   1.4261386601344763e-13
0.012114579125232887   1.4248256055445568e-13
0.012125743321886479   1.4235137599134217e-13
0.01213691780691126   1.4222031221278612e-13
0.012148102589788497   1.4208936910756825e-13
0.012159297680008169   1.4195854656457238e-13
0.012170503087069023   1.4182784447278448e-13
0.01218171882047854   1.4169726272129278e-13
0.012192944889752984   1.415668011992876e-13
0.01220418130441736   1.4143645979606164e-13
0.012215428074005486   1.4130623840100914e-13
0.012226685208059931   1.411761369036266e-13
0.012237952716132088   1.4104615519351213e-13
0.012249230607782125   1.4091629316036558e-13
0.012260518892579047   1.407865506939884e-13
0.01227181758010065   1.406569276842837e-13
0.012283126679933585   1.4052742402125574e-13
0.012294446201673309   1.4039803959501036e-13
0.012305776154924149   1.4026877429575438e-13
0.012317116549299255   1.40139628013796e-13
0.012328467394420665   1.4001060063954437e-13
0.012339828699919257   1.3988169206350952e-13
0.012351200475434808   1.397529021763026e-13
0.012362582730615957   1.3962423086863514e-13
0.01237397547512025   1.3949567803131964e-13
0.012385378718614134   1.3936724355526896e-13
0.012396792470772947   1.3923892733149671e-13
0.012408216741280967   1.3911072925111665e-13
0.012419651539831371   1.3898264920534307e-13
0.012431096876126296   1.3885468708549014e-13
0.01244255275987679   1.3872684278297268e-13
0.012454019200802883   1.385991161893049e-13
0.01246549620863353   1.3847150719610133e-13
0.012476983793106682   1.383440156950764e-13
0.012488481963969235   1.3821664157804406e-13
0.012499990730977094   1.380893847369179e-13
0.01251151010389513   1.3796224506371138e-13
0.01252304009249724   1.3783522245053708e-13
0.012534580706566299   1.3770831678960718e-13
0.012546131955894222   1.3758152797323306e-13
0.012557693850281926   1.3745485589382537e-13
0.012569266399539385   1.3732830044389373e-13
0.012580849613485587   1.37201861516047e-13
0.012592443501948594   1.3707553900299263e-13
0.012604048074765499   1.3694933279753725e-13
0.012615663341782485   1.3682324279258597e-13
0.012627289312854789   1.366972688811428e-13
0.01263892599784675   1.3657141095630993e-13
0.01265057340663177   1.3644566891128844e-13
0.012662231549092384   1.3632004263937752e-13
0.0126739004351202   1.3619453203397478e-13
0.012685580074615972   1.3606913698857587e-13
0.01269727047748955   1.3594385739677475e-13
0.012708971653659945   1.3581869315226315e-13
0.01272068361305528   1.3569364414883102e-13
0.012732406365612856   1.355687102803658e-13
0.012744139921279101   1.3544389144085297e-13
0.012755884290009643   1.3531918752437548e-13
0.01276763948176925   1.35194598425114e-13
0.012779405506531906   1.3507012403734644e-13
0.012791182374280754   1.349457642554484e-13
0.01280297009500817   1.348215189738924e-13
0.012814768678715708   1.3469738808724853e-13
0.012826578135414164   1.3457337149018376e-13
0.012838398475123539   1.344494690774622e-13
0.012850229707873086   1.3432568074394474e-13
0.012862071843701283   1.342020063845893e-13
0.012873924892655878   1.3407844589445047e-13
0.012885788864793857   1.339549991686795e-13
0.012897663770181497   1.338316661025242e-13
0.012909549618894327   1.3370844659132896e-13
0.012921446421017188   1.335853405305344e-13
0.012933354186644187   1.3346234781567766e-13
0.01294527292587876   1.333394683423919e-13
0.012957202648833627   1.3321670200640657e-13
0.012969143365630854   1.3309404870354707e-13
0.012981095086401813   1.329715083297348e-13
0.012993057821287228   1.328490807809869e-13
0.013005031580437153   1.327267659534166e-13
0.01301701637401102   1.326045637432324e-13
0.01302901221217759   1.3248247404673881e-13
0.013041019105115027   1.3236049676033546e-13
0.013053037063010852   1.3223863178051774e-13
0.01306506609606199   1.3211687900387616e-13
0.013077106214474749   1.3199523832709665e-13
0.013089157428464858   1.3187370964696008e-13
0.013101219748257443   1.3175229286034267e-13
0.013113293184087072   1.316309878642153e-13
0.013125377746197722   1.315097945556441e-13
0.013137473444842838   1.3138871283178964e-13
0.013149580290285285   1.3126774258990755e-13
0.013161698292797413   1.3114688372734792e-13
0.013173827462661011   1.3102613614155543e-13
0.01318596781016737   1.3090549973006914e-13
0.013198119345617244   1.3078497439052262e-13
0.013210282079320897   1.3066456002064358e-13
0.013222456021598075   1.3054425651825413e-13
0.013234641182778055   1.304240637812702e-13
0.01324683757319961   1.3030398170770208e-13
0.01325904520321107   1.3018401019565372e-13
0.013271264083170267   1.3006414914332313e-13
0.013283494223444606   1.2994439844900188e-13
0.013295735634411042   1.298247580110754e-13
0.013307988326456075   1.2970522772802266e-13
0.0133202523099758   1.2958580749841604e-13
0.013332527595375869   1.2946649722092151e-13
0.013344814193071548   1.293472967942982e-13
0.013357112113487677   1.2922820611739864e-13
0.013369421367058727   1.2910922508916837e-13
0.01338174196422876   1.2899035360864627e-13
0.01339407391545149   1.2887159157496377e-13
0.013406417231190236   1.2875293888734568e-13
0.013418771921917984   1.286343954451093e-13
0.013431137998117354   1.2851596114766482e-13
0.01344351547028064   1.2839763589451494e-13
0.01345590434890979   1.2827941958525517e-13
0.013468304644516448   1.281613121195732e-13
0.013480716367621924   1.2804331339724943e-13
0.013493139528757251   1.2792542331815607e-13
0.013505574138463134   1.2780764178225826e-13
0.013518020207290026   1.2768996868961255e-13
0.013530477745798068   1.2757240394036815e-13
0.01354294676455717   1.2745494743476573e-13
0.013555427274146943   1.273375990731382e-13
0.013567919285156788   1.272203587559101e-13
0.013580422808185827   1.2710322638359776e-13
0.013592937853842982   1.26986201856809e-13
0.013605464432746923   1.2686928507624346e-13
0.013618002555526134   1.2675247594269187e-13
0.013630552232818866   1.2663577435703662e-13
0.013643113475273198   1.2651918022025125e-13
0.013655686293546998   1.2640269343340065e-13
0.013668270698307982   1.2628631389764057e-13
0.013680866700233673   1.2617004151421805e-13
0.013693474310011453   1.2605387618447096e-13
0.013706093538338533   1.2593781780982812e-13
0.013718724395922007   1.25821866291809e-13
0.013731366893478807   1.2570602153202398e-13
0.01374402104173577   1.2559028343217378e-13
0.013756686851429592   1.2547465189404994e-13
0.01376936433330689   1.2535912681953424e-13
0.013782053498124157   1.2524370811059895e-13
0.013794754356647827   1.251283956693065e-13
0.013807466919654225   1.2501318939780975e-13
0.013820191197929639   1.248980891983514e-13
0.013832927202270267   1.247830949732644e-13
0.013845674943482282   1.2466820662497148e-13
0.013858434432381793   1.2455342405598547e-13
0.0138712056797949   1.2443874716890865e-13
0.013883988696557655   1.2432417586643338e-13
0.01389678349351612   1.242097100513413e-13
0.013909590081526327   1.2409534962650388e-13
0.013922408471454342   1.239810944948818e-13
0.01393523867417621   1.2386694455952526e-13
0.013948080700578035   1.2375289972357373e-13
0.01396093456155592   1.2363895989025592e-13
0.01397380026801604   1.2352512496288943e-13
0.013986677830874589   1.234113948448813e-13
0.013999567261057852   1.2329776943972718e-13
0.014012468569502156   1.2318424865101182e-13
0.01402538176715393   1.2307083238240862e-13
0.014038306864969667   1.2295752053767987e-13
0.014051243873915983   1.2284431302067627e-13
0.014064192804969572   1.2273120973533724e-13
0.014077153669117272   1.2261821058569057e-13
0.014090126477356019   1.225053154758526e-13
0.014103111240692908   1.2239252431002773e-13
0.014116107970145156   1.2227983699250886e-13
0.014129116676740152   1.2216725342767674e-13
0.014142137371515429   1.2205477352000046e-13
0.01415517006551871   1.2194239717403688e-13
0.014168214769807879   1.2183012429443094e-13
0.014181271495451033   1.2171795478591525e-13
0.014194340253526444   1.2160588855331028e-13
0.014207421055122623   1.2149392550152398e-13
0.014220513911338264   1.2138206553555207e-13
0.014233618833282316   1.212703085604778e-13
0.014246735832073967   1.2115865448147146e-13
0.014259864918842624   1.2104710320379122e-13
0.014273006104727986   1.2093565463278196e-13
0.014286159400879985   1.2082430867387628e-13
0.014299324818458857   1.2071306523259332e-13
0.014312502368635096   1.2060192421453972e-13
0.014325692062589518   1.204908855254087e-13
0.01433889391151321   1.2037994907098063e-13
0.01435210792660761   1.2026911475712234e-13
0.01436533411908444   1.2015838248978757e-13
0.014378572500165792   1.2004775217501658e-13
0.014391823081084063   1.1993722371893627e-13
0.014405085873082034   1.1982679702775982e-13
0.014418360887412817   1.19716472007787e-13
0.014431648135339923   1.196062485654036e-13
0.014444947628137217   1.1949612660708198e-13
0.01445825937708898   1.1938610603938023e-13
0.01447158339348986   1.1927618676894285e-13
0.014484919688644949   1.1916636870250006e-13
0.01449826827386972   1.1905665174686821e-13
0.014511629160490114   1.1894703580894916e-13
0.014525002359842469   1.1883752079573093e-13
0.014538387883273605   1.1872810661428673e-13
0.01455178574214077   1.1861879317177575e-13
0.014565195947811705   1.1850958037544237e-13
0.0145786185116646   1.1840046813261668e-13
0.014592053445088156   1.1829145635071384e-13
0.014605500759481546   1.1818254493723451e-13
0.01461896046625447   1.1807373379976432e-13
0.01463243257682712   1.1796502284597426e-13
0.014645917102630239   1.1785641198362007e-13
0.014659414055105072   1.177479011205427e-13
0.01467292344570344   1.1763949016466773e-13
0.01468644528588769   1.1753117902400578e-13
0.014699979587130756   1.1742296760665195e-13
0.01471352636091612   1.1731485582078627e-13
0.014727085618737874   1.1720684357467296e-13
0.014740657372100674   1.1709893077666106e-13
0.014754241632519805   1.1699111733518375e-13
0.01476783841152114   1.1688340315875878e-13
0.014781447720641197   1.167757881559879e-13
0.0147950695714271   1.1666827223555733e-13
0.01480870397543664   1.1656085530623703e-13
0.014822350944238236   1.164535372768813e-13
0.014836010489410991   1.1634631805642814e-13
0.01484968262254465   1.1623919755389964e-13
0.014863367355239673   1.1613217567840137e-13
0.014877064699107176   1.1602525233912293e-13
0.014890774665769005   1.1591842744533734e-13
0.01490449726685769   1.1581170090640127e-13
0.014918232514016506   1.1570507263175475e-13
0.014931980418899433   1.155985425309214e-13
0.014945740993171216   1.1549211051350797e-13
0.014959514248507324   1.153857764892046e-13
0.014973300196594014   1.1527954036778444e-13
0.014987098849128279   1.1517340205910394e-13
0.015000910217817924   1.1506736147310235e-13
0.015014734314381517   1.149614185198021e-13
0.01502857115054845   1.1485557310930814e-13
0.015042420738058894   1.147498251518086e-13
0.015056283088663875   1.14644174557574e-13
0.01507015821412521   1.1453862123695776e-13
0.015084046126215596   1.1443316510039552e-13
0.015097946836718536   1.1432780605840578e-13
0.015111860357428432   1.1422254402158915e-13
0.01512578670015052   1.141173789006288e-13
0.01513972587670095   1.140123106062899e-13
0.015153677898906724   1.1390733904942005e-13
0.01516764277860578   1.1380246414094873e-13
0.015181620527646933   1.1369768579188767e-13
0.015195611157889945   1.1359300391333033e-13
0.01520961468120548   1.1348841841645223e-13
0.015223631109475173   1.1338392921251048e-13
0.015237660454591573   1.132795362128442e-13
0.015251702728458223   1.1317523932887385e-13
0.015265757942989603   1.1307103847210173e-13
0.0152798261101112   1.1296693355411149e-13
0.015293907241759483   1.1286292448656817e-13
0.015308001349881908   1.1275901118121827e-13
0.015322108446436965   1.1265519354988948e-13
0.015336228543394134   1.1255147150449079e-13
0.015350361652733959   1.1244784495701215e-13
0.015364507786447991   1.1234431381952474e-13
0.015378666956538866   1.1224087800418057e-13
0.01539283917502025   1.1213753742321267e-13
0.015407024453916906   1.1203429198893472e-13
0.015421222805264652   1.1193114161374138e-13
0.015435434241110428   1.1182808621010776e-13
0.015449658773512245   1.1172512569058976e-13
0.015463896414539255   1.1162225996782366e-13
0.015478147176271703   1.1151948895452634e-13
0.015492411070801   1.1141681256349488e-13
0.015506688110229663   1.1131423070760681e-13
0.015520978306671398   1.1121174329981982e-13
0.01553528167225104   1.1110935025317187e-13
0.015549598219104632   1.1100705148078075e-13
0.015563927959379368   1.1090484689584455e-13
0.015578270905233668   1.1080273641164104e-13
0.015592627068837125   1.107007199415281e-13
0.015606996462370576   1.1059879739894318e-13
0.015621379098026057   1.1049696869740363e-13
0.015635774988006865   1.1039523375050624e-13
0.01565018414452752   1.1029359247192758e-13
0.01566460657981382   1.101920447754235e-13
0.015679042306102804   1.100905905748295e-13
0.015693491335642816   1.0998922978406019e-13
0.01570795368069346   1.0988796231710966e-13
0.01572242935352567   1.0978678808805103e-13
0.01573691836642165   1.0968570701103675e-13
0.01575142073167496   1.095847190002981e-13
0.015765936461590455   1.0948382397014554e-13
0.015780465568484364   1.0938302183496824e-13
0.01579500806468423   1.0928231250923444e-13
0.015809563962528996   1.091816959074909e-13
0.01582413327436893   1.0908117194436334e-13
0.015838716012565732   1.0898074053455576e-13
0.015853312189492447   1.0888040159285113e-13
0.01586792181753356   1.0878015503411044e-13
0.015882544909084934   1.0868000077327349e-13
0.015897181476553893   1.0857993872535808e-13
0.01591183153235916   1.0847996880546055e-13
0.015926495088930934   1.0838009092875516e-13
0.015941172158710836   1.0828030501049455e-13
0.01595586275415199   1.0818061096600912e-13
0.015970566887718952   1.0808100871070751e-13
0.01598528457188781   1.0798149816007604e-13
0.016000015819146115   1.0788207922967906e-13
0.016014760641992948   1.0778275183515844e-13
0.016029519052938892   1.0768351589223396e-13
0.016044291064506073   1.0758437131670282e-13
0.016059076689228145   1.0748531802443992e-13
0.016073875939650324   1.0738635593139748e-13
0.016088688828329374   1.072874849536053e-13
0.016103515367833648   1.0718870500717029e-13
0.016118355570743054   1.0709001600827683e-13
0.01613320944964913   1.0699141787318621e-13
0.016148077017154983   1.0689291051823717e-13
0.01616295828587536   1.0679449385984521e-13
0.016177853268436605   1.0669616781450302e-13
0.016192761977476742   1.065979322987799e-13
0.016207684425645387   1.0649978722932233e-13
0.016222620625603864   1.0640173252285322e-13
0.016237570590025122   1.0630376809617247e-13
0.016252534331593828   1.0620589386615632e-13
0.0162675118630063   1.0610810974975777e-13
0.016282503196970593   1.0601041566400612e-13
0.016297508346206444   1.0591281152600723e-13
0.016312527323445333   1.0581529725294314e-13
0.01632756014143045   1.0571787276207238e-13
0.016342606812916757   1.0562053797072935e-13
0.016357667350670943   1.0552329279632488e-13
0.01637274176747148   1.0542613715634567e-13
0.016387830076108615   1.0532907096835444e-13
0.016402932289384366   1.052320941499899e-13
0.016418048420112574   1.0513520661896646e-13
0.016433178481118856   1.0503840829307451e-13
0.01644832248524069   1.0494169909017986e-13
0.016463480445327337   1.0484507892822425e-13
0.016478652374239944   1.0474854772522477e-13
0.016493838284851473   1.0465210539927413e-13
0.016509038190046784   1.0455575186854031e-13
0.016524252102722573   1.044594870512669e-13
0.01653948003578746   1.043633108657725e-13
0.016554722002161924   1.0426722323045114e-13
0.016569978014778386   1.0417122406377181e-13
0.01658524808658115   1.040753132842788e-13
0.016600532230526484   1.0397949081059114e-13
0.01661583045958256   1.0388375656140306e-13
0.01663114278672954   1.0378811045548346e-13
0.016646469224959503   1.0369255241167623e-13
0.01666180978727655   1.0359708234889976e-13
0.01667716448669672   1.035017001861473e-13
0.01669253333624808   1.0340640584248662e-13
0.01670791634897068   1.0331119923706006e-13
0.016723313537916614   1.0321608028908424e-13
0.01673872491614997   1.0312104891785049e-13
0.016754150496746906   1.030261050427241e-13
0.016769590292795608   1.0293124858314494e-13
0.016785044317396344   1.028364794586268e-13
0.016800512583661432   1.0274179758875778e-13
0.016815995104715296   1.0264720289319989e-13
0.01683149189369443   1.0255269529168919e-13
0.01684700296374747   1.0245827470403557e-13
0.01686252832803512   1.0236394105012297e-13
0.016878067999730264   1.0226969424990877e-13
0.01689362199201788   1.0217553422342445e-13
0.01690919031809513   1.0208146089077474e-13
0.01692477299117132   1.0198747417213824e-13
0.016940370024467945   1.0189357398776682e-13
0.016955981431218653   1.0179976025798608e-13
0.01697160722466933   1.0170603290319458e-13
0.016987247418078028   1.0161239184386462e-13
0.017002902024715053   1.0151883700054135e-13
0.01701857105786291   1.0142536829384338e-13
0.017034254530816365   1.013319856444622e-13
0.017049952456882417   1.0123868897316248e-13
0.01706566484938036   1.0114547820078173e-13
0.017081391721641716   1.010523532482305e-13
0.017097133087010347   1.0095931403649199e-13
0.017112888958842356   1.0086636048662238e-13
0.0171286593505062   1.0077349251975027e-13
0.017144444275382628   1.0068071005707717e-13
0.017160243746864742   1.005880130198769e-13
0.017176057778357956   1.0049540132949603e-13
0.017191886383280074   1.0040287490735327e-13
0.017207729575061226   1.0031043367494002e-13
0.017223587367143963   1.0021807755381957e-13
0.017239459772983183   1.0012580646562783e-13
0.01725534680604621   1.0003362033207258e-13
0.017271248479812762   9.99415190749339e-14
0.017287164807775   9.984950261606373e-14
0.017303095803437488   9.975757087738615e-14
0.01731904148031727   9.966572378089692e-14
0.01733500185194381   9.957396124866384e-14
0.01735097693185908   9.948228320282628e-14
0.017366966733617498   9.939068956559546e-14
0.017382971270785995   9.929918025925409e-14
0.01739899055694398   9.920775520615669e-14
0.017415024605683414   9.911641432872892e-14
0.01743107343060874   9.902515754946815e-14
0.01744713704533698   9.893398479094301e-14
0.017463215463497665   9.884289597579349e-14
0.017479308698732925   9.875189102673069e-14
0.017495416764697423   9.866096986653702e-14
0.017511539675058443   9.857013241806594e-14
0.01752767744349583   9.847937860424197e-14
0.017543830083702062   9.83887083480605e-14
0.01755999760938223   9.82981215725879e-14
0.017576180034254037   9.820761820096147e-14
0.017592377372047857   9.811719815638909e-14
0.01760858963650668   9.802686136214957e-14
0.017624816841386205   9.793660774159218e-14
0.017641059000454762   9.784643721813693e-14
0.01765731612749341   9.775634971527415e-14
0.017673588236295876   9.766634515656488e-14
0.017689875340668626   9.757642346564028e-14
0.01770617745443082   9.748658456620204e-14
0.017722494591414385   9.739682838202193e-14
0.01773882676546396   9.730715483694213e-14
0.01775517399043698   9.721756385487468e-14
0.017771536280203615   9.712805535980193e-14
0.017787913648646847   9.703862927577609e-14
0.01780430610966242   9.694928552691934e-14
0.017820713677158928   9.686002403742367e-14
0.01783713636505773   9.677084473155103e-14
0.01785357418729306   9.668174753363289e-14
0.017870027157811958   9.659273236807065e-14
0.01788649529057435   9.650379915933502e-14
0.01790297859955299   9.64149478319666e-14
0.01791947709873355   9.632617831057519e-14
0.017935990802114544   9.623749051984019e-14
0.01795251972370743   9.614888438451022e-14
0.017969063877536547   9.60603598294033e-14
0.01798562327763918   9.597191677940657e-14
0.018002197938065533   9.58835551594765e-14
0.01801878787287877   9.579527489463848e-14
0.018035393096155   9.57070759099871e-14
0.018052013621983335   9.56189581306857e-14
0.018068649464465823   9.553092148196684e-14
0.018085300637717558   9.544296588913165e-14
0.0181019671558666   9.535509127755019e-14
0.018118649033054064   9.526729757266116e-14
0.01813534628343406   9.517958469997202e-14
0.018152058921173785   9.509195258505867e-14
0.01816878696045345   9.500440115356574e-14
0.01818553041546636   9.491693033120613e-14
0.018202289300418884   9.482954004376131e-14
0.018219063629530508   9.474223021708088e-14
0.018235853417033782   9.4655000777083e-14
0.018252658677174415   9.456785164975376e-14
0.01826947942421121   9.448078276114763e-14
0.018286315672416134   9.439379403738702e-14
0.018303167436074286   9.430688540466249e-14
0.018320034729483955   9.422005678923237e-14
0.018336917566956573   9.413330811742314e-14
0.018353815962816798   9.404663931562893e-14
0.01837072993140245   9.396005031031174e-14
0.018387659487064605   9.387354102800121e-14
0.01840460464416752   9.378711139529475e-14
0.01842156541708873   9.370076133885717e-14
0.01843854182021898   9.361449078542106e-14
0.018455533867962316   9.352829966178622e-14
0.01847254157473602   9.344218789482004e-14
0.018489564954970707   9.335615541145712e-14
0.018506604023110232   9.327020213869947e-14
0.01852365879361182   9.318432800361615e-14
0.018540729280945967   9.309853293334357e-14
0.018557815499596546   9.301281685508506e-14
0.018574917464060745   9.292717969611108e-14
0.01859203518884914   9.2841621383759e-14
0.018609168688485656   9.275614184543314e-14
0.018626317977507623   9.267074100860465e-14
0.018643483070465743   9.258541880081152e-14
0.018660663981924158   9.250017514965832e-14
0.018677860726460396   9.241500998281648e-14
0.018695073318665458   9.23299232280238e-14
0.018712301773143755   9.224491481308481e-14
0.018729546104513186   9.215998466587041e-14
0.018746806327405097   9.207513271431797e-14
0.01876408245646434   9.199035888643122e-14
0.018781374506349237   9.190566311028013e-14
0.018798682491731653   9.182104531400091e-14
0.01881600642729693   9.173650542579607e-14
0.018833346327743982   9.165204337393401e-14
0.01885070220778526   9.156765908674927e-14
0.018868074082146753   9.148335249264254e-14
0.01888546196556805   9.139912352008016e-14
0.01890286587280229   9.131497209759458e-14
0.018920285818616246   9.123089815378386e-14
0.018937721817790257   9.114690161731205e-14
0.01895517388511833   9.106298241690854e-14
0.01897264203540806   9.097914048136869e-14
0.01899012628348072   9.089537573955321e-14
0.019007626644171223   9.081168812038837e-14
0.019025143132328174   9.072807755286593e-14
0.019042675762813828   9.064454396604299e-14
0.019060224550504178   9.056108728904195e-14
0.019077789510288882   9.047770745105053e-14
0.01909537065707136   9.039440438132161e-14
0.019112968005768734   9.031117800917325e-14
0.019130581571311905   9.022802826398854e-14
0.019148211368645494   9.014495507521566e-14
0.019165857412727937   9.006195837236764e-14
0.019183519718531414   8.997903808502259e-14
0.01920119830104194   8.98961941428233e-14
0.019218893175259304   8.981342647547747e-14
0.019236604356197163   8.973073501275735e-14
0.019254331858882954   8.964811968450007e-14
0.019272075698358017   8.95655804206072e-14
0.019289835889677507   8.948311715104495e-14
0.0193076124479105   8.940072980584394e-14
0.019325405388139906   8.931841831509932e-14
0.019343214725462587   8.923618260897048e-14
0.01936104047498927   8.915402261768126e-14
0.01937888265184465   8.907193827151956e-14
0.019396741271167327   8.898992950083767e-14
0.019414616348109877   8.890799623605188e-14
0.01943250789783881   8.882613840764267e-14
0.019450415935534652   8.874435594615432e-14
0.01946834047639188   8.866264878219528e-14
0.019486281535619005   8.858101684643781e-14
0.019504239128438527   8.849946006961801e-14
0.019522213270086998   8.841797838253571e-14
0.019540203975814987   8.833657171605454e-14
0.019558211260887144   8.825524000110172e-14
0.019576235140582158   8.817398316866822e-14
0.01959427563019283   8.809280114980823e-14
0.019612332745026013   8.801169387563978e-14
0.019630406500402715   8.793066127734412e-14
0.019648496911658014   8.784970328616594e-14
0.019666603994141163   8.77688198334132e-14
0.01968472776321552   8.768801085045713e-14
0.01970286823425865   8.760727626873215e-14
0.01972102542266223   8.752661601973583e-14
0.019739199343832177   8.744603003502875e-14
0.019757390013188564   8.73655182462346e-14
0.019775597446165704   8.728508058503994e-14
0.019793821658212103   8.720471698319437e-14
0.019812062664790544   8.712442737251008e-14
0.019830320481378012   8.704421168486239e-14
0.019848595123465804   8.696406985218899e-14
0.019866886606559445   8.688400180649054e-14
0.019885194946178793   8.680400747983007e-14
0.019903520157857967   8.672408680433341e-14
0.01992186225714545   8.664423971218865e-14
0.019940221259603996   8.656446613564645e-14
0.019958597180810757   8.648476600701984e-14
0.01997699003635719   8.640513925868417e-14
0.01999539984184917   8.632558582307699e-14
0.020013826612906904   8.62461056326982e-14
0.020032270365165042   8.616669862010966e-14
0.020050731114272594   8.608736471793553e-14
0.020069208875893033   8.600810385886188e-14
0.020087703665704237   8.592891597563678e-14
0.020106215499398554   8.584980100107021e-14
0.020124744392682775   8.577075886803412e-14
0.020143290361278182   8.569178950946209e-14
0.020161853420920528   8.561289285834964e-14
0.020180433587360075   8.553406884775389e-14
0.020199030876361622   8.545531741079352e-14
0.020217645303704446   8.5376638480649e-14
0.020236276885182418   8.52980319905621e-14
0.02025492563660392   8.521949787383624e-14
0.02027359157379194   8.514103606383611e-14
0.020292274712584015   8.506264649398791e-14
0.02031097506883231   8.498432909777893e-14
0.020329692658403557   8.490608380875798e-14
0.020348427497179158   8.482791056053472e-14
0.020367179601055104   8.47498092867803e-14
0.02038594898594208   8.467177992122657e-14
0.020404735667765385   8.459382239766682e-14
0.020423539662465042   8.451593664995485e-14
0.020442360985995726   8.443812261200574e-14
0.020461199654326846   8.436038021779516e-14
0.02048005568344249   8.428270940135976e-14
0.020498929089341523   8.420511009679677e-14
0.020517819888037504   8.412758223826425e-14
0.020536728095558798   8.405012575998073e-14
0.020555653727948493   8.397274059622547e-14
0.020574596801264507   8.389542668133811e-14
0.020593557331579516   8.381818394971885e-14
0.020612535334981044   8.374101233582816e-14
0.020631530827571406   8.366391177418701e-14
0.02065054382546779   8.358688219937655e-14
0.020669574344802204   8.350992354603824e-14
0.020688622401721556   8.343303574887364e-14
0.020707688012387593   8.335621874264452e-14
0.020726771192977   8.327947246217266e-14
0.020745871959681337   8.320279684233987e-14
0.020764990328707107   8.31261918180879e-14
0.020784126316275724   8.304965732441848e-14
0.020803279938623586   8.297319329639306e-14
0.02082245121200201   8.289679966913301e-14
0.020841640152677334   8.282047637781932e-14
0.02086084677693084   8.274422335769282e-14
0.02088007110105887   8.266804054405374e-14
0.02089931314137272   8.259192787226215e-14
0.020918572914198776   8.251588527773738e-14
0.020937850435878425   8.243991269595844e-14
0.020957145722768147   8.236401006246358e-14
0.020976458791239466   8.228817731285055e-14
0.020995789657679027   8.221241438277627e-14
0.021015138338488535   8.213672120795698e-14
0.021034504850084852   8.206109772416808e-14
0.021053889208899928   8.198554386724414e-14
0.021073291431380897   8.191005957307876e-14
0.021092711533990012   8.183464477762464e-14
0.02111214953320473   8.175929941689331e-14
0.021131605445517662   8.168402342695545e-14
0.02115107928743665   8.160881674394032e-14
0.021170571075484715   8.153367930403624e-14
0.021190080826200136   8.14586110434901e-14
0.021209608556136402   8.138361189860768e-14
0.021229154281862294   8.130868180575321e-14
0.021248718019961817   8.123382070134962e-14
0.021268299787034307   8.115902852187837e-14
0.021287899599694352   8.108430520387942e-14
0.021307517474571897   8.100965068395106e-14
0.021327153428312158   8.093506489875015e-14
0.02134680747757575   8.086054778499163e-14
0.021366479639038587   8.078609927944893e-14
0.021386169929391994   8.07117193189536e-14
0.021405878365342645   8.063740784039531e-14
0.021425604963612642   8.056316478072189e-14
0.021445349740939455   8.04889900769393e-14
0.021465112714076032   8.041488366611129e-14
0.021484893899790705   8.034084548535982e-14
0.021504693314867304   8.026687547186452e-14
0.021524510976105093   8.019297356286302e-14
0.021544346900318846   8.011913969565063e-14
0.021564201104338796   8.004537380758055e-14
0.021584073605010735   7.997167583606342e-14
0.021603964419195924   7.989804571856774e-14
0.02162387356377122   7.982448339261942e-14
0.021643801055628974   7.975098879580205e-14
0.02166374691167715   7.967756186575654e-14
0.021683711148839286   7.960420254018125e-14
0.021703693784054484   7.953091075683204e-14
0.021723694834277503   7.945768645352187e-14
0.02174371431647868   7.938452956812117e-14
0.021763752247644038   7.931144003855739e-14
0.021783808644775204   7.923841780281525e-14
0.021803883524889524   7.916546279893652e-14
0.021823976905019974   7.909257496502008e-14
0.02184408880221528   7.901975423922165e-14
0.02186421923353983   7.894700055975416e-14
0.021884368216073778   7.887431386488714e-14
0.021904535766912987   7.880169409294718e-14
0.021924721903169103   7.872914118231749e-14
0.021944926641969505   7.865665507143815e-14
0.021965150000457404   7.858423569880581e-14
0.021985391995791755   7.851188300297391e-14
0.02200565264514738   7.84395969225522e-14
0.022025931965714878   7.836737739620725e-14
0.022046229974700737   7.829522436266186e-14
0.022066546689327254   7.822313776069547e-14
0.02208688212683265   7.815111752914366e-14
0.02210723630447097   7.807916360689854e-14
0.02212760923951223   7.800727593290831e-14
0.02214800094924229   7.793545444617752e-14
0.022168411450963005   7.786369908576678e-14
0.022188840761992113   7.779200979079288e-14
0.022209288899663372   7.772038650042862e-14
0.022229755881326457   7.764882915390284e-14
0.022250241724347083   7.75773376905003e-14
0.02227074644610692   7.750591204956175e-14
0.0222912700640037   7.743455217048366e-14
0.02231181259545115   7.736325799271836e-14
0.022332374057879086   7.729202945577397e-14
0.02235295446873333   7.72208664992143e-14
0.02237355384547585   7.71497690626587e-14
0.02239417220558464   7.707873708578229e-14
0.022414809566553857   7.700777050831554e-14
0.022435465945893726   7.69368692700446e-14
0.022456141361130662   7.686603331081091e-14
0.022476835829807182   7.679526257051143e-14
0.02249754936948202   7.672455698909833e-14
0.02251828199773004   7.665391650657918e-14
0.022539033732142343   7.65833410630167e-14
0.022559804590326207   7.651283059852888e-14
0.02258059458990518   7.644238505328876e-14
0.022601403748518996   7.637200436752451e-14
0.022622232083823697   7.630168848151938e-14
0.022643079613491553   7.623143733561153e-14
0.022663946355211156   7.616125087019407e-14
0.022684832326687367   7.609112902571505e-14
0.022705737545641393   7.60210717426772e-14
0.02272666202981074   7.59510789616383e-14
0.0227476057969493   7.588115062321054e-14
0.022768568864827275   7.581128666806105e-14
0.0227895512512313   7.57414870369114e-14
0.022810552973964348   7.567175167053794e-14
0.02283157405084585   7.560208050977134e-14
0.022852614499711595   7.553247349549694e-14
0.022873674338413884   7.546293056865431e-14
0.0228947535848214   7.539345167023762e-14
0.022915852256819347   7.532403674129515e-14
0.022936970372309365   7.525468572292967e-14
0.02295810794920964   7.518539855629797e-14
0.02297926500545482   7.511617518261127e-14
0.023000441558996127   7.50470155431346e-14
0.02302163762780128   7.497791957918737e-14
0.02304285322985461   7.490888723214282e-14
0.02306408838315696   7.483991844342831e-14
0.023085343105725825   7.477101315452501e-14
0.02310661741559525   7.470217130696805e-14
0.023127911330815935   7.463339284234633e-14
0.023149224869455184   7.456467770230264e-14
0.023170558049596997   7.449602582853334e-14
0.023191910889341978   7.442743716278862e-14
0.023213283406807464   7.435891164687226e-14
0.023234675620127477   7.429044922264152e-14
0.02325608754745272   7.42220498320074e-14
0.023277519206950665   7.415371341693415e-14
0.023298970616805484   7.408543991943965e-14
0.023320441795218153   7.401722928159505e-14
0.023341932760406373   7.394908144552492e-14
0.02336344353060468   7.3880996353407e-14
0.023384974124064366   7.381297394747245e-14
0.023406524559053597   7.37450141700054e-14
0.023428094853857315   7.367711696334332e-14
0.02344968502677737   7.360928226987664e-14
0.023471295096132425   7.354151003204891e-14
0.023492925080258072   7.34738001923566e-14
0.023514574997506758   7.340615269334925e-14
0.023536244866247887   7.333856747762913e-14
0.02355793470486774   7.327104448785151e-14
0.02357964453176959   7.320358366672436e-14
0.023601374365373635   7.313618495700845e-14
0.023623124224117078   7.30688483015172e-14
0.023644894126454073   7.300157364311681e-14
0.02366668409085583   7.29343609247259e-14
0.023688494135810527   7.286721008931581e-14
0.02371032427982344   7.280012107991026e-14
0.023732174541416837   7.27330938395856e-14
0.023754044939130105   7.266612831147039e-14
0.02377593549151968   7.259922443874567e-14
0.023797846217159135   7.253238216464478e-14
0.023819777134639113   7.246560143245334e-14
0.023841728262567443   7.239888218550908e-14
0.023863699619569044   7.233222436720209e-14
0.02388569122428606   7.226562792097446e-14
0.02390770309537775   7.219909279032043e-14
0.023929735251520638   7.213261891878607e-14
0.02395178771140839   7.206620624996972e-14
0.023973860493751963   7.19998547275214e-14
0.0239959536172795   7.193356429514316e-14
0.02401806710073645   7.18673348965889e-14
0.024040200962885498   7.180116647566418e-14
0.02406235522250666   7.173505897622632e-14
0.02408452989839721   7.166901234218457e-14
0.024106725009371804   7.160302651749945e-14
0.024128940574262372   7.153710144618338e-14
0.02415117661191826   7.147123707230011e-14
0.024173433141206124   7.140543333996516e-14
0.02419571018101007   7.13396901933452e-14
0.02421800775023155   7.127400757665848e-14
0.02424032586778948   7.120838543417467e-14
0.024262664552620168   7.114282371021456e-14
0.024285023823677417   7.107732234915033e-14
0.02430740369993245   7.101188129540541e-14
0.024329804200374026   7.094650049345428e-14
0.02435222534400835   7.088117988782267e-14
0.024374667149859187   7.08159194230873e-14
0.02439712963696779   7.075071904387598e-14
0.024419612824393012   7.068557869486742e-14
0.024442116731211213   7.062049832079138e-14
0.024464641376516383   7.055547786642837e-14
0.02448718677942006   7.049051727660992e-14
0.02450975295905145   7.042561649621824e-14
0.024532339934557328   7.036077547018626e-14
0.024554947725102166   7.029599414349764e-14
0.024577576349868055   7.02312724611868e-14
0.0246002258280548   7.016661036833857e-14
0.024622896178879864   7.010200781008856e-14
0.02464558742157846   7.003746473162271e-14
0.024668299575403476   6.997298107817753e-14
0.024691032659625602   6.990855679503998e-14
0.02471378669353323   6.984419182754725e-14
0.024736561696432572   6.97798861210871e-14
0.024759357687647598   6.971563962109725e-14
0.02478217468652012   6.9651452273066e-14
0.02480501271240973   6.958732402253156e-14
0.024827871784693915   6.952325481508248e-14
0.024850751922767967   6.94592445963573e-14
0.024873653146045095   6.939529331204458e-14
0.024896575473956357   6.933140090788313e-14
0.02491951892595075   6.926756732966133e-14
0.024942483521495203   6.92037925232178e-14
0.02496546928007453   6.914007643444089e-14
0.02498847622119157   6.907641900926874e-14
0.025011504364367075   6.901282019368943e-14
0.025034553729139836   6.894927993374055e-14
0.0250576243350666   6.888579817550958e-14
0.025080716201722194   6.882237486513345e-14
0.025103829348699425   6.875900994879884e-14
0.02512696379560921   6.869570337274187e-14
0.025150119562080485   6.863245508324828e-14
0.025173296667760334   6.85692650266531e-14
0.02519649513231389   6.850613314934095e-14
0.02521971497542445   6.844305939774566e-14
0.02524295621679342   6.83800437183505e-14
0.025266218876140396   6.831708605768792e-14
0.025289502973203103   6.82541863623397e-14
0.025312808527737506   6.819134457893667e-14
0.02533613555951772   6.812856065415897e-14
0.025359484088336135   6.806583453473564e-14
0.025382854134003343   6.800316616744491e-14
0.02540624571634822   6.794055549911399e-14
0.025429658855217887   6.7878002476619e-14
0.02545309357047779   6.781550704688499e-14
0.02547654988201164   6.775306915688593e-14
0.025500027809721517   6.769068875364449e-14
0.025523527373527796   6.762836578423231e-14
0.02554704859336926   6.756610019576952e-14
0.025570591489203008   6.75038919354252e-14
0.025594156081004592   6.744174095041683e-14
0.02561774238876792   6.737964718801068e-14
0.025641350432505365   6.731761059552142e-14
0.025664980232247704   6.725563112031238e-14
0.025688631808044222   6.719370870979518e-14
0.025712305179962626   6.713184331143006e-14
0.02573600036808917   6.707003487272545e-14
0.02575971739252856   6.700828334123823e-14
0.025783456273404094   6.69465886645735e-14
0.025807217030857553   6.688495079038464e-14
0.025830999685049337   6.68233696663732e-14
0.025854804256158367   6.676184524028896e-14
0.02587863076438222   6.670037745992963e-14
0.025902479229937027   6.663896627314121e-14
0.025926349673057604   6.657761162781753e-14
0.02595024211399736   6.651631347190054e-14
0.025974156573028425   6.645507175337999e-14
0.025998093070441555   6.639388642029363e-14
0.02602205162654626   6.633275742072697e-14
0.026046032261670713   6.627168470281341e-14
0.02607003499616187   6.621066821473395e-14
0.02609405985038539   6.614970790471753e-14
0.02611810684472575   6.608880372104052e-14
0.026142175999586154   6.60279556120271e-14
0.026166267335388675   6.596716352604884e-14
0.02619038087257414   6.590642741152508e-14
0.026214516631602274   6.584574721692244e-14
0.0262386746329516   6.578512289075515e-14
0.02626285489711957   6.572455438158468e-14
0.026287057444622463   6.566404163802002e-14
0.02631128229599553   6.560358460871737e-14
0.026335529471792886   6.554318324238027e-14
0.02635979899258764   6.548283748775943e-14
0.026384090878971814   6.542254729365283e-14
0.02640840515155645   6.536231260890542e-14
0.02643274183097154   6.530213338240954e-14
0.02645710093786614   6.524200956310427e-14
0.026481482492908267   6.518194109997593e-14
0.02650588651678506   6.512192794205767e-14
0.026530313030202653   6.506197003842971e-14
0.026554762053886325   6.500206733821898e-14
0.026579233608580395   6.49422197905994e-14
0.02660372771504835   6.488242734479156e-14
0.02662824439407277   6.482268995006294e-14
0.026652783666455425   6.47630075557276e-14
0.026677345553017213   6.47033801111464e-14
0.026701930074598257   6.464380756572669e-14
0.02672653725205788   6.458428986892247e-14
0.026751167106274596   6.452482697023427e-14
0.026775819658146207   6.446541881920911e-14
0.02680049492858972   6.440606536544054e-14
0.02682519293854148   6.434676655856836e-14
0.02684991370895706   6.42875223482789e-14
0.026874657260811403   6.422833268430469e-14
0.026899423615098735   6.416919751642465e-14
0.02692421279283267   6.411011679446383e-14
0.026949024815046144   6.405109046829361e-14
0.026973859702791526   6.399211848783137e-14
0.026998717477140527   6.393320080304075e-14
0.027023598159184342   6.387433736393129e-14
0.02704850177003354   6.381552812055878e-14
0.0270734283308182   6.375677302302478e-14
0.027098377862687817   6.369807202147694e-14
0.027123350386811438   6.363942506610873e-14
0.027148345924377554   6.358083210715953e-14
0.027173364496594247   6.352229309491443e-14
0.027198406124689083   6.346380797970451e-14
0.027223470829909245   6.34053767119063e-14
0.02724855863352144   6.334699924194226e-14
0.027273669556812034   6.328867552028035e-14
0.027298803621086953   6.323040549743423e-14
0.027323960847671802   6.3172189123963e-14
0.0273491412579118   6.311402635047147e-14
0.02737434487317188   6.305591712760973e-14
0.027399571714836618   6.299786140607347e-14
0.02742482180431034   6.293985913660361e-14
0.027450095163017052   6.288191026998661e-14
0.027475391812400555   6.282401475705408e-14
0.02750071177392436   6.276617254868302e-14
0.0275260550690718   6.270838359579555e-14
0.02755142171934597   6.265064784935911e-14
0.027576811746269823   6.259296526038611e-14
0.027602225171386097   6.253533577993429e-14
0.027627662016257434   6.247775935910619e-14
0.02765312230246629   6.24202359490496e-14
0.027678606051615078   6.236276550095716e-14
0.027704113285326046   6.230534796606652e-14
0.02772964402524144   6.224798329566012e-14
0.02775519829302338   6.219067144106542e-14
0.027780776110354018   6.21334123536545e-14
0.027806377498935417   6.207620598484439e-14
0.027832002480489712   6.201905228609672e-14
0.027857651076758985   6.196195120891792e-14
0.02788332330950542   6.190490270485894e-14
0.027909019200511195   6.184790672551548e-14
0.02793473877157862   6.179096322252768e-14
0.02796048204453004   6.173407214758032e-14
0.027986249041207965   6.167723345240256e-14
0.028012039783474982   6.162044708876809e-14
0.028037854293213878   6.156371300849493e-14
0.028063692592327553   6.150703116344555e-14
0.02808955470273914   6.14504015055266e-14
0.028115440646391928   6.139382398668919e-14
0.028141350445249482   6.13372985589285e-14
0.028167284121295547   6.128082517428406e-14
0.028193241696534192   6.122440378483943e-14
0.028219223192989695   6.11680343427224e-14
0.0282452286327067   6.111171680010471e-14
0.028271258037750102   6.105545110920227e-14
0.02829731143020519   6.099923722227486e-14
0.02832338883217754   6.094307509162634e-14
0.02834949026579317   6.08869646696044e-14
0.028375615753198424   6.08309059086006e-14
0.028401765316560114   6.077489876105037e-14
0.028427938978065417   6.071894317943296e-14
0.02845413675992202   6.066303911627131e-14
0.02848035868435802   6.06071865241321e-14
0.028506604773622046   6.055138535562568e-14
0.028532875049983187   6.049563556340605e-14
0.028559169535731097   6.043993710017078e-14
0.028585488253175924   6.038428991866101e-14
0.028611831224648412   6.032869397166138e-14
0.02863819847249989   6.027314921199996e-14
0.028664590019102237   6.021765559254836e-14
0.028691005886848007   6.016221306622147e-14
0.028717446098150336   6.010682158597763e-14
0.02874391067544307   6.005148110481838e-14
0.028770399641180673   5.999619157578866e-14
0.028796913017838353   5.994095295197653e-14
0.028823450827911976   5.988576518651335e-14
0.028850013093918207   5.983062823257347e-14
0.028876599838394384   5.977554204337457e-14
0.02890321108389869   5.972050657217719e-14
0.02892984685301003   5.966552177228509e-14
0.02895650716832817   5.961058759704487e-14
0.02898319205247366   5.955570399984618e-14
0.029009901528087932   5.950087093412157e-14
0.02903663561783325   5.944608835334645e-14
0.029063394344392805   5.9391356211039e-14
0.02909017773047063   5.93366744607604e-14
0.029116985798791756   5.928204305611431e-14
0.02914381857210208   5.922746195074737e-14
0.02917067607316853   5.917293109834868e-14
0.029197558324778956   5.911845045265014e-14
0.029224465349742258   5.906401996742615e-14
0.029251397170888305   5.900963959649374e-14
0.029278353811068063   5.895530929371239e-14
0.029305335293153496   5.890102901298418e-14
0.0293323416400377   5.884679870825344e-14
0.02935937287463482   5.879261833350711e-14
0.02938642901988017   5.873848784277435e-14
0.029413510098730132   5.868440719012677e-14
0.029440616134162323   5.863037632967812e-14
0.02946774714917546   5.857639521558453e-14
0.029494903166789516   5.852246380204423e-14
0.029522084210045624   5.846858204329773e-14
0.029549290302006207   5.841474989362758e-14
0.02957652146575488   5.836096730735851e-14
0.029603777724396593   5.830723423885717e-14
0.02963105910105753   5.82535506425324e-14
0.029658365618885244   5.819991647283486e-14
0.029685697301048555   5.814633168425726e-14
0.029713054170737708   5.809279623133409e-14
0.02974043625116424   5.803931006864186e-14
0.02976784356556116   5.798587315079876e-14
0.02979527613718281   5.793248543246486e-14
0.02982273398930503   5.787914686834189e-14
0.02985021714522505   5.782585741317337e-14
0.029877725628261624   5.777261702174442e-14
0.02990525946175494   5.771942564888184e-14
0.029932818669066757   5.766628324945399e-14
0.0299604032735803   5.761318977837083e-14
0.029988013298700406   5.756014519058372e-14
0.030015648767853412   5.750714944108567e-14
0.030043309704487313   5.745420248491097e-14
0.030070996132071648   5.740130427713541e-14
0.03009870807409765   5.734845477287609e-14
0.03012644555407813   5.729565392729147e-14
0.030154208595547634   5.724290169558126e-14
0.03018199722206234   5.719019803298647e-14
0.030209811457200184   5.713754289478925e-14
0.03023765132456078   5.708493623631299e-14
0.030265516847765545   5.703237801292215e-14
0.030293408050457604   5.697986818002237e-14
0.030321324956301934   5.692740669306025e-14
0.030349267588985256   5.687499350752351e-14
0.03037723597221618   5.682262857894076e-14
0.030405230129725114   5.677031186288163e-14
0.03043325008526438   5.6718043314956606e-14
0.03046129586260814   5.666582289081711e-14
0.03048936748555252   5.6613650546155274e-14
0.030517464977915517   5.656152623670419e-14
0.030545588363537136   5.6509449918237535e-14
0.030573737666279296   5.645742154656986e-14
0.030601912910025956   5.640544107755629e-14
0.03063011411868304   5.6353508467092665e-14
0.03065834131617855   5.630162367111536e-14
0.030686594526462482   5.624978664560141e-14
0.030714873773506957   5.61979973465683e-14
0.030743179081306173   5.614625573007403e-14
0.030771510473876402   5.609456175221713e-14
0.030799867975256114   5.604291536913642e-14
0.03082825160950586   5.599131653701124e-14
0.030856661400708436   5.5939765212061176e-14
0.030885097372968757   5.588826135054619e-14
0.030913559550414027   5.5836804908766425e-14
0.030942047957193616   5.578539584306239e-14
0.03097056261747921   5.573403410981469e-14
0.030999103555464712   5.5682719665444145e-14
0.03102767079536638   5.563145246641163e-14
0.031056264361422725   5.5580232469218206e-14
0.031084884277894666   5.552905963040488e-14
0.031113530569065403   5.5477933906552793e-14
0.031142203259240588   5.5426855254282915e-14
0.031170902372748208   5.5375823630256306e-14
0.03119962793393873   5.532483899117381e-14
0.031228379967184992   5.5273901293776224e-14
0.03125715849688237   5.5223010494844076e-14
0.03128596354744864   5.517216655119783e-14
0.03131479514332417   5.5121369419697525e-14
0.031343653308971764   5.507061905724308e-14
0.03137253806887683   5.501991542077401e-14
0.03140144944754731   5.4969258467269526e-14
0.03143038746951376   5.4918648153748364e-14
0.03145935215932928   5.486808443726899e-14
0.031488343541569694   5.481756727492919e-14
0.03151736164083338   5.4767096623866465e-14
0.03154640648174145   5.471667244125761e-14
0.03157547808893765   5.466629468431898e-14
0.03160457648708851   5.461596331030622e-14
0.031633701700883206   5.4565678276514424e-14
0.031662853755033735   5.4515439540277895e-14
0.031692032674274825   5.446524705897033e-14
0.03172123848336403   5.4415100790004585e-14
0.03175047120708168   5.4365000690832787e-14
0.031779730870231   5.431494671894619e-14
0.031809017497637995   5.426493883187523e-14
0.03183833111415163   5.4214976987189426e-14
0.0318676717446437   5.416506114249733e-14
0.031897039414008975   5.411519125544658e-14
0.03192643414716512   5.4065367283723807e-14
0.0319558559690528   5.401558918505453e-14
0.031985304904635636   5.396585691720329e-14
0.032014780978900294   5.391617043797341e-14
0.03204428421685641   5.3866529705207156e-14
0.03207381464353672   5.3816934676785544e-14
0.03210337228399699   5.376738531062843e-14
0.032132957163316114   5.3717881564694335e-14
0.03216256930659605   5.366842339698058e-14
0.03219220873896195   5.3619010765523065e-14
0.03222187548556204   5.3569643628396424e-14
0.03225156957156781   5.3520321943713784e-14
0.032281291022173864   5.347104566962696e-14
0.032311039862598104   5.3421814764326154e-14
0.032340816118081595   5.3372629186040227e-14
0.032370619813888724   5.332348889303634e-14
0.03240045097530712   5.32743938436202e-14
0.03243030962764775   5.322534399613581e-14
0.03246019579624486   5.317633930896561e-14
0.032490109506456095   5.3127379740530296e-14
0.03252005078366243   5.3078465249288886e-14
0.03255001965326826   5.302959579373859e-14
0.03258001614070134   5.298077133241492e-14
0.03261004027141294   5.293199182389146e-14
0.032640092070877695   5.2883257226780034e-14
0.03267017156459379   5.2834567499730476e-14
0.03270027877808285   5.278592260143082e-14
0.03273041373689008   5.273732249060696e-14
0.03276057646658415   5.268876712602296e-14
0.032790766992757375   5.2640256466480756e-14
0.03282098534102559   5.259179047082026e-14
0.03285123153702827   5.254336909791922e-14
0.0328815056064285   5.249499230669332e-14
0.03291180757491303   5.2446660056096046e-14
0.032942137468192294   5.239837230511862e-14
0.03297249531200036   5.235012901279013e-14
0.033002881132095103   5.2301930138177244e-14
0.03303329495425804   5.22537756403845e-14
0.033063736804294516   5.22056654785539e-14
0.03309420670803362   5.2157599611865205e-14
0.03312470469132827   5.2109577999535656e-14
0.03315523078005517   5.206160060082017e-14
0.03318578500011493   5.2013667375011026e-14
0.033216367377431964   5.1965778281438114e-14
0.03324697793795463   5.191793327946867e-14
0.03327761670765515   5.1870132328507416e-14
0.03330828371252974   5.182237538799641e-14
0.0333389789785985   5.177466241741508e-14
0.03336970253190559   5.1726993376280085e-14
0.03340045439851909   5.167936822414549e-14
0.03343123460453117   5.1631786920602485e-14
0.033462043176058005   5.158424942527953e-14
0.03349288013923986   5.153675569784219e-14
0.03352374552024105   5.148930569799326e-14
0.033554639345250076   5.144189938547253e-14
0.03358556164047949   5.139453672005697e-14
0.03361651243216607   5.134721766156045e-14
0.0336474917465707   5.129994216983401e-14
0.03367849960997855   5.125271020476548e-14
0.03370953604869893   5.120552172627975e-14
0.03374060108906547   5.115837669433853e-14
0.033771694757436   5.1111275068940473e-14
0.0338028170801927   5.1064216810120944e-14
0.033833968083742005   5.1017201877952236e-14
0.033865147794514744   5.0970230232543295e-14
0.033896356238966044   5.0923301834039876e-14
0.033927593443575474   5.087641664262435e-14
0.03395885943484694   5.0829574618515857e-14
0.03399015423930883   5.0782775721970024e-14
0.03402147788351393   5.0736019913279205e-14
0.03405283039403956   5.06893071527722e-14
0.03408421179748744   5.064263740081445e-14
0.034115622120483906   5.059601061780777e-14
0.034147061389679746   5.054942676419054e-14
0.03417852963175038   5.050288580043744e-14
0.034210026873395735   5.04563876870597e-14
0.034241553141340426   5.040993238460477e-14
0.03427310846233361   5.036351985365653e-14
0.03430469286314919   5.031715005483501e-14
0.03433630637058564   5.0270822948796686e-14
0.03436794901146623   5.022453849623407e-14
0.03439962081263886   5.017829665787602e-14
0.03443132180097624   5.013209739448744e-14
0.03446305200337579   5.0085940666869445e-14
0.03449481144675977   5.003982643585914e-14
0.0345266001580752   4.99937546623298e-14
0.03455841816429399   4.9947725307190644e-14
0.034590265492412835   4.990173833138692e-14
0.03462214216945339   4.985579369589979e-14
0.03465404822246212   4.980989136174644e-14
0.03468598367851051   4.976403128997982e-14
0.03471794856469491   4.9718213441688826e-14
0.034749942908136704   4.9672437777998134e-14
0.03478196673598222   4.9626704260068274e-14
0.03481402007540285   4.9581012849095436e-14
0.03484610295359497   4.953536350631166e-14
0.03487821539778009   4.948975619298455e-14
0.03491035743520472   4.9444190870417516e-14
0.03494252909314058   4.939866749994944e-14
0.03497473039888441   4.935318604295492e-14
0.03500696137975821   4.930774646084407e-14
0.03503922206310907   4.926234871506254e-14
0.03507151247630936   4.921699276709145e-14
0.03510383264675661   4.917167857844744e-14
0.03513618260187365   4.912640611068253e-14
0.035168562369108536   4.908117532538418e-14
0.035200971975934664   4.903598618417519e-14
0.0352334114498507   4.899083864871371e-14
0.035265880818380696   4.894573268069315e-14
0.035298380109074025   4.8900668241842285e-14
0.035330909349505495   4.8855645293925024e-14
0.035363468567275305   4.881066379874049e-14
0.03539605779000907   4.876572371812309e-14
0.03542867704535789   4.872082501394223e-14
0.03546132636099833   4.86759676481025e-14
0.035494005764632484   4.8631151582543535e-14
0.035526715283987924   4.8586376779240065e-14
0.03555945494681785   4.854164320020174e-14
0.03559222478090096   4.849695080747328e-14
0.035625024814041624   4.8452299563134265e-14
0.03565785507406976   4.840768942929927e-14
0.03569071558884101   4.83631203681177e-14
0.03572360638623661   4.831859234177383e-14
0.03575652749416357   4.8274105312486736e-14
0.03578947894055453   4.8229659242510305e-14
0.03582246075336796   4.8185254094133134e-14
0.03585547296058802   4.814088982967861e-14
0.03588851559022471   4.8096566411504714e-14
0.03592158867031381   4.805228380200421e-14
0.03595469222891697   4.8008041963604325e-14
0.03598782629412166   4.796384085876706e-14
0.036020990894041274   4.79196804499888e-14
0.03605418605681507   4.787556069980064e-14
0.03608741181060829   4.7831481570768e-14
0.036120668183612065   4.7787443025490914e-14
0.036153955204043596   4.7743445026603714e-14
0.036187272900145985   4.7699487536775265e-14
0.03622062130018845   4.7655570518708696e-14
0.036254000432466196   4.7611693935141557e-14
0.03628741032530056   4.756785774884564e-14
0.03632085100703891   4.7524061922627087e-14
0.036354322506054824   4.748030641932618e-14
0.03638782485074793   4.743659120181755e-14
0.03642135806954412   4.739291623300986e-14
0.036454922190895404   4.734928147584606e-14
0.03648851724328008   4.7305686893303113e-14
0.03652214325520263   4.726213244839215e-14
0.03655580025519386   4.7218618104158274e-14
0.036589488271810806   4.717514382368073e-14
0.0366232073336369   4.713170957007261e-14
0.03665695746928182   4.7088315306481125e-14
0.03669073870738171   4.704496099608725e-14
0.036724551076599006   4.700164660210601e-14
0.03675839460562264   4.6958372087786214e-14
0.03679226932316793   4.691513741641053e-14
0.03682617525797669   4.687194255129544e-14
0.036860112438817184   4.6828787455791176e-14
0.03689408089448423   4.678567209328171e-14
0.03692808065379914   4.67425964271848e-14
0.03696211174560984   4.669956042095176e-14
0.036996174198790754   4.665656403806771e-14
0.03703026804224303   4.661360724205124e-14
0.037064393304894326   4.657068999645463e-14
0.03709855001569908   4.652781226486364e-14
0.03713273820363831   4.6484974010897654e-14
0.03716695789771983   4.644217519820944e-14
0.03720120912697809   4.639941579048535e-14
0.03723549192047439   4.635669575144504e-14
0.03726980630729674   4.63140150448417e-14
0.037304152316560014   4.6271373634461755e-14
0.03733852997740585   4.6228771484125164e-14
0.03737293931900283   4.618620855768496e-14
0.03740738037054633   4.6143684819027646e-14
0.03744185316125869   4.610120023207288e-14
0.037476357720389125   4.6058754760773593e-14
0.037510894077213884   4.6016348369115834e-14
0.0375454622610361   4.5973981021118906e-14
0.037580062301186   4.593165268083514e-14
0.03761469422702076   4.588936331235005e-14
0.037649358067924694   4.584711287978214e-14
0.037684053853309106   4.580490134728303e-14
0.03771878161261249   4.5762728679037274e-14
0.03775354137530039   4.572059483926246e-14
0.03778833317086557   4.567849979220906e-14
0.03782315702882792   4.5636443502160534e-14
0.037858012978734576   4.559442593343316e-14
0.03789290105015989   4.55524470503761e-14
0.03792782127270545   4.5510506817371326e-14
0.03796277367600015   4.5468605198833634e-14
0.03799775828970016   4.5426742159210566e-14
0.03803277514348902   4.538491766298238e-14
0.03806782426707756   4.534313167466208e-14
0.03810290569020409   4.530138415879528e-14
0.0381380194426342   4.5259675079960314e-14
0.03817316555416103   4.5218004402768045e-14
0.03820834405460508   4.517637209186202e-14
0.038243554973814424   4.513477811191819e-14
0.03827879834166453   4.509322242764524e-14
0.038314074188058524   4.505170500378411e-14
0.03834938254292696   4.501022580510842e-14
0.038384723436228105   4.496878479642404e-14
0.03842009689794771   4.492738194256941e-14
0.03845550295809926   4.4886017208415186e-14
0.03849094164672382   4.484469055886453e-14
0.03852641299389022   4.480340195885273e-14
0.038561917029694914   4.476215137334754e-14
0.038597453784262166   4.472093876734885e-14
0.03863302328774394   4.4679764105888847e-14
0.038668625570320046   4.463862735403184e-14
0.038704260662198044   4.459752847687435e-14
0.038739928593613394   4.455646743954504e-14
0.038775629394829356   4.451544420720468e-14
0.03881136309613715   4.4474458745046054e-14
0.038847129727855825   4.443351101829411e-14
0.038882929320332466   4.439260099220568e-14
0.038918761903942035   4.435172863206969e-14
0.03895462750908757   4.431089390320697e-14
0.03899052616620004   4.427009677097032e-14
0.03902645790573854   4.422933720074436e-14
0.03906242275819017   4.4188615157945695e-14
0.039098420754070176   4.414793060802264e-14
0.03913445192392187   4.4107283516455475e-14
0.03917051629831678   4.4066673848756124e-14
0.039206613907854536   4.4026101570468346e-14
0.03924274478316304   4.398556664716756e-14
0.03927890895489833   4.3945069044461e-14
0.039315106453744794   4.390460872798738e-14
0.039351337310415006   4.3864185663417234e-14
0.03938760155564992   4.382379981645258e-14
0.039423899220218765   4.3783451152827103e-14
0.03946023033491916   4.374313963830595e-14
0.03949659493057707   4.3702865238685853e-14
0.039532993038046915   4.3662627919795004e-14
0.039569424688211494   4.3622427647493086e-14
0.03960588991198213   4.358226438767115e-14
0.03964238874029855   4.354213810625176e-14
0.0396789212041291   4.3502048769188716e-14
0.03971548733447054   4.346199634246734e-14
0.03975208716234832   4.342198079210407e-14
0.039788720718816374   4.338200208414683e-14
0.039825388034957346   4.334206018467461e-14
0.03986208914188243   4.3302155059797827e-14
0.039898824070731594   4.326228667565794e-14
0.0399355928526734   4.3222454998427665e-14
0.03997239551890523   4.318265999431084e-14
0.04000923210065312   4.3142901629542444e-14
0.040046102629171985   4.310317987038849e-14
0.04008300713574543   4.306349468314612e-14
0.04011994565168601   4.302384603414342e-14
0.04015691820833502   4.298423388973957e-14
0.04019392483706274   4.2944658216324674e-14
0.040230965569268265   4.2905118980319775e-14
0.040268040436379715   4.2865616148176835e-14
0.04030514946985409   4.2826149686378746e-14
0.04034229270117747   4.278671956143918e-14
0.04037947016186485   4.2747325739902755e-14
0.04041668188346035   4.270796818834476e-14
0.0404539278975371   4.2668646873371366e-14
0.0404912082356974   4.262936176161939e-14
0.04052852292957257   4.259011281975651e-14
0.040565872010823185   4.255090001448091e-14
0.04060325551113891   4.251172331252161e-14
0.04064067346223867   4.247258268063813e-14
0.04067812589587062   4.243347808562068e-14
0.04071561284381212   4.2394409494290005e-14
0.040753134337869895   4.2355376873497396e-14
0.040790690409879884   4.231638019012469e-14
0.04082828109170747   4.227741941108419e-14
0.04086590641524729   4.2238494503318714e-14
0.04090356641242349   4.219960543380142e-14
0.040941261115189524   4.216075216953598e-14
0.040978990555528394   4.212193467755636e-14
0.04101675476545249   4.2083152924926956e-14
0.04105455377700378   4.204440687874239e-14
0.04109238762225367   4.2005696506127724e-14
0.04113025633330323   4.196702177423811e-14
0.041168159942283004   4.192838265025911e-14
0.041206098481353245   4.1889779101406353e-14
0.04124407198270375   4.1851211094925775e-14
0.04128208047855407   4.181267859809338e-14
0.04132012400115337   4.177418157821535e-14
0.04135820258278059   4.1735720002627937e-14
0.04139631625574437   4.1697293838697537e-14
0.04143446505238319   4.1658903053820456e-14
0.041472649005065254   4.1620547615423164e-14
0.04151086814618866   4.158222749096203e-14
0.04154912250818129   4.154394264792345e-14
0.04158741212350101   4.150569305382367e-14
0.041625737024635505   4.146747867620893e-14
0.04166409724410246   4.1429299482655287e-14
0.04170249281444947   4.139115544076872e-14
0.04174092376825419   4.1353046518184934e-14
0.041779390138124234   4.131497268256956e-14
0.04181789195669733   4.127693390161787e-14
0.04185642925664121   4.123893014305498e-14
0.04189500207065379   4.120096137463563e-14
0.041933610431463035   4.116302756414436e-14
0.04197225437182716   4.1125128679395244e-14
0.04201093392453448   4.1087264688232116e-14
0.042049649122403596   4.1049435558528314e-14
0.0420883999982833   4.1011641258186836e-14
0.042127186585052726   4.0973881755140146e-14
0.04216600891562121   4.093615701735031e-14
0.042204867022928506   4.0898467012808854e-14
0.04224376093994466   4.086081170953678e-14
0.04228269069967016   4.082319107558452e-14
0.04232165633513583   4.0785605079031984e-14
0.04236065787940302   4.074805368798835e-14
0.04239969536556347   4.0710536870592306e-14
0.04243876882673948   4.067305459501175e-14
0.042477878296083814   4.0635606829443974e-14
0.04251702380677985   4.059819354211546e-14
0.04255620539204148   4.0560814701282083e-14
0.04259542308511328   4.052347027522878e-14
0.04263467691927037   4.0486160232269835e-14
0.04267396692781864   4.0448884540748594e-14
0.04271329314409457   4.041164316903762e-14
0.042752655601465454   4.037443608553855e-14
0.04279205433332925   4.033726325868217e-14
0.042831489373114776   4.030012465692825e-14
0.042870960754281574   4.026302024876569e-14
0.042910468510320106   4.022595000271232e-14
0.04295001267475161   4.018891388731502e-14
0.04298959328112831   4.01519118711496e-14
0.04302921036303325   4.011494392282081e-14
0.04306886395408051   4.0078010010962267e-14
0.043108554087915064   4.0041110104236566e-14
0.04314828079821299   4.000424417133503e-14
0.04318804411868131   3.996741218097789e-14
0.04322784408305817   3.9930614101914155e-14
0.04326768072511275   3.9893849902921624e-14
0.04330755407864543   3.985711955280678e-14
0.04334746417748764   3.9820423020404935e-14
0.043387411055502076   3.978376027457996e-14
0.043427394746582575   3.9747131284224514e-14
0.043467415284654275   3.971053601825982e-14
0.04350747270367349   3.967397444563578e-14
0.04354756703762792   3.9637446535330806e-14
0.04358769832053653   3.9600952256351915e-14
0.043627866586449626   3.9564491577734675e-14
0.04366807186944896   3.952806446854312e-14
0.0437083142036476   3.949167089786982e-14
0.043748593623190134   3.945531083483573e-14
0.04378891016225254   3.941898424859035e-14
0.04382926385504238   3.9382691108311435e-14
0.04386965473579864   3.934643138320525e-14
0.04391008283879196   3.9310205042506305e-14
0.04395054819832446   3.927401205547756e-14
0.04399105084872998   3.923785239141013e-14
0.044031590824373884   3.920172601962354e-14
0.04407216815965331   3.916563290946544e-14
0.044112782888997025   3.912957303031181e-14
0.044153435046865565   3.909354635156675e-14
0.04419412466775118   3.9057552842662574e-14
0.044234851786177976   3.902159247305969e-14
0.04427561643670178   3.8985665212246716e-14
0.04431641865391037   3.894977102974023e-14
0.044357258472423285   3.8913909895085007e-14
0.044398135926892075   3.887808177785377e-14
0.04443905105200014   3.8842286647647325e-14
0.04448000388246292   3.880652447409438e-14
0.04452099445302775   3.877079522685171e-14
0.044562022798474085   3.873509887560394e-14
0.044603088953613354   3.869943539006368e-14
0.04464419295328913   3.866380473997135e-14
0.04468533483237703   3.862820689509529e-14
0.04472651462578489   3.859264182523162e-14
0.04476773236845262   3.8557109500204354e-14
0.044808988095352435   3.852160988986519e-14
0.04485028184148867   3.8486142964093666e-14
0.04489161364189802   3.845070869279697e-14
0.044932983531649366   3.841530704591011e-14
0.044974391545844025   3.837993799339564e-14
0.04501583771961554   3.8344601505243885e-14
0.04505732208812993   3.830929755147271e-14
0.04509884468658555   3.827402610212767e-14
0.04514040555021325   3.823878712728183e-14
0.04518200471427629   3.820358059703585e-14
0.045223642214070485   3.816840648151788e-14
0.045265318084924115   3.813326475088363e-14
0.04530703236219809   3.809815537531622e-14
0.04534878508128582   3.806307832502629e-14
0.04539057627761343   3.802803357025184e-14
0.045432405986639585   3.799302108125835e-14
0.045474274243855736   3.7958040828338575e-14
0.04551618108478594   3.792309278181274e-14
0.04555812654498708   3.7888176912028286e-14
0.04560011066004872   3.785329318936005e-14
0.04564213346559332   3.781844158421005e-14
0.045684194997276065   3.7783622067007665e-14
0.04572629529078509   3.774883460820937e-14
0.04576843438184133   3.771407917829898e-14
0.04581061230619874   3.767935574778736e-14
0.04585282909964411   3.7644664287212635e-14
0.045895084797997324   3.7610004767139945e-14
0.04593737943711117   3.7575377158161634e-14
0.04597971305287157   3.7540781430897045e-14
0.04602208568119742   3.7506217555992645e-14
0.046064497358040836   3.747168550412183e-14
0.04610694811938694   3.743718524598512e-14
0.04614943800125412   3.740271675230987e-14
0.046191967039693874   3.7368279993850517e-14
0.046234535270791   3.7333874941388335e-14
0.046277142730663474   3.729950156573156e-14
0.04631978945546263   3.7265159837715247e-14
0.04636247548137305   3.7230849728201346e-14
0.04640520084461273   3.7196571208078624e-14
0.04644796558143295   3.716232424826267e-14
0.04649076972811852   3.712810881969578e-14
0.046533613320987564   3.709392489334711e-14
0.046576496396391776   3.7059772440212436e-14
0.04661941899071627   3.702565143131435e-14
0.046662381140379745   3.699156183770203e-14
0.04670538288183446   3.6957503630451314e-14
0.04674842425156622   3.692347678066476e-14
0.04679150528609453   3.688948125947142e-14
0.04683462602197244   3.685551703802702e-14
0.04687778649578681   3.6821584087513774e-14
0.04692098674415811   3.678768237914048e-14
0.046964226803740634   3.675381188414241e-14
0.0470075067112224   3.671997257378135e-14
0.04705082650332529   3.6686164419345465e-14
0.04709418621680495   3.665238739214951e-14
0.04713758588845101   3.66186414635345e-14
0.04718102555508688   3.658492660486789e-14
0.047224505253570005   3.6551242787543536e-14
0.04726802502079172   3.6517589982981566e-14
0.04731158489367743   3.6483968162628445e-14
0.04735518490918648   3.6450377297957005e-14
0.047398825104312384   3.641681736046618e-14
0.04744250551608263   3.638328832168129e-14
0.04748622618155895   3.634979015315381e-14
0.047529987137837106   3.631632282646143e-14
0.04757378842204715   3.628288631320796e-14
0.047617630071353285   3.624948058502345e-14
0.04766151212295401   3.6216105613563955e-14
0.04770543461408205   3.6182761370511696e-14
0.0477493975820045   3.614944782757498e-14
0.047793401064022745   3.611616495648812e-14
0.0478374450974726   3.608291272901144e-14
0.047881529719724224   3.604969111693132e-14
0.04792565496818229   3.601650009206008e-14
0.047969820880285854   3.598333962623601e-14
0.04801402749350856   3.595020969132331e-14
0.0480582748453585   3.5917110259212155e-14
0.04810256297337844   3.5884041301818415e-14
0.048146891915145616   3.585100279108408e-14
0.04819126170827201   3.581799469897672e-14
0.04823567239040416   3.578501699748993e-14
0.048280123999223414   3.57520696586429e-14
0.04832461657244572   3.5719152654480747e-14
0.04836915014782189   3.5686265957074204e-14
0.04841372476313745   3.5653409538519794e-14
0.048458340456212806   3.5620583370939677e-14
0.04850299726490315   3.5587787426481755e-14
0.04854769522709864   3.555502167731947e-14
0.048592434380724275   3.552228609565197e-14
0.048637214763740076   3.548958065370396e-14
0.04868203641414096   3.5456905323725774e-14
0.048726899369956965   3.5424260077993174e-14
0.04877180366925306   3.539164488880757e-14
0.0488167493501294   3.535905972849577e-14
0.04886173645072115   3.5326504569410193e-14
0.04890676500919874   3.5293979383928584e-14
0.04895183506376762   3.526148414445423e-14
0.04899694665266862   3.522901882341569e-14
0.049042099814177655   3.5196583393267035e-14
0.04908729458660604   3.5164177826487643e-14
0.049132531008300284   3.513180209558225e-14
0.04917780911764235   3.509945617308086e-14
0.04922312895304945   3.5067140031538854e-14
0.04926849055297431   3.503485364353678e-14
0.049313893955905005   3.50025969816805e-14
0.049359339200365164   3.4970370018601086e-14
0.04940482632491381   3.4938172726954826e-14
0.04945035536814562   3.490600507942312e-14
0.04949592636869072   3.487386704871258e-14
0.04954153936521495   3.484175860755491e-14
0.04958719439641967   3.4809679728706967e-14
0.04963289150104202   3.477763038495062e-14
0.04967863071785473   3.474561054909287e-14
0.04972441208566635   3.471362019396571e-14
0.049770235643321115   3.4681659292426195e-14
0.04981610142969914   3.46497278173563e-14
0.04986200948371628   3.461782574166302e-14
0.049907959844324355   3.458595303827824e-14
0.049953952550510966   3.455410968015887e-14
0.04999998764129975   3.4522295640286607e-14
0.050046065155750226   3.4490510891668076e-14
0.050092185132957955   3.4458755407334787e-14
0.05013834761205454   3.442702916034298e-14
0.050184552632207564   3.4395332123773814e-14
0.05023080023262081   3.436366427073316e-14
0.050277090452534104   3.433202557435168e-14
0.0503234233312235   3.4300416007784773e-14
0.05036979890800117   3.4268835544212555e-14
0.05041621722221561   3.423728415683979e-14
0.050462678313251484   3.4205761818896014e-14
0.05050918222052983   3.4174268503635304e-14
0.05055572898350794   3.414280418433642e-14
0.05060231864167956   3.4111368834302707e-14
0.05064895123457471   3.407996242686211e-14
0.05069562680175997   3.404858493536708e-14
0.05074234538283827   3.401723633319468e-14
0.050789107017449125   3.39859165937464e-14
0.0508359117452685   3.3954625690448296e-14
0.05088275960600901   3.3923363596750836e-14
0.050929650639419774   3.3892130286128966e-14
0.05097658488528663   3.3860925732082034e-14
0.051023562383431996   3.3829749908133784e-14
0.05107058317371509   3.3798602787832355e-14
0.05111764729603173   3.376748434475024e-14
0.05116475479031465   3.373639455248423e-14
0.051211905696533236   3.370533338465549e-14
0.05125910005469385   3.367430081490938e-14
0.051306337904839586   3.3643296816915635e-14
0.05135361928705056   3.3612321364368144e-14
0.05140094424144372   3.358137443098505e-14
0.05144831280817309   3.3550455990508684e-14
0.05149572502742958   3.351956601670558e-14
0.05154318093944125   3.348870448336638e-14
0.051590680584473136   3.3457871364305914e-14
0.05163822400282747   3.3427066633363055e-14
0.05168581123484354   3.3396290264400825e-14
0.05173344232089789   3.3365542231306256e-14
0.05178111730140419   3.333482250799046e-14
0.05182883621681343   3.3304131068388556e-14
0.0518765991076138   3.327346788645968e-14
0.051924406014330904   3.3242832936186896e-14
0.05197225697752757   3.321222619157727e-14
0.05202015203780412   3.3181647626661767e-14
0.0520680912357982   3.315109721549531e-14
0.05211607461218499   3.3120574932156636e-14
0.05216410220767706   3.309008075074842e-14
0.052212174063024606   3.3059614645397115e-14
0.05226029021901526   3.302917659025307e-14
0.05230845071647436   3.2998766559490364e-14
0.052356655596264755   3.2968384527306895e-14
0.052404904899287064   3.29380304679243e-14
0.05245319866647948   3.290770435558796e-14
0.05250153693881803   3.287740616456697e-14
0.05254991975731642   3.28471358691541e-14
0.05259834716302622   3.2816893443665796e-14
0.05264681919703675   3.278667886244218e-14
0.05269533590047531   3.275649209984691e-14
0.05274389731450696   3.2726333130267404e-14
0.05279250348033483   3.269620192811449e-14
0.05284115443919992   3.2666098467822667e-14
0.05288985023238132   3.263602272384993e-14
0.05293859090119606   3.260597467067781e-14
0.052987376486999374   3.25759542828113e-14
0.05303620703118446   3.2545961534778917e-14
0.0530850825751828   3.251599640113257e-14
0.053134003160463954   3.248605885644767e-14
0.05318296882853577   3.245614887532295e-14
0.05323197962094429   3.242626643238063e-14
0.0532810355792739   3.239641150226618e-14
0.05333013674514723   3.236658405964854e-14
0.05337928316022538   3.233678407921984e-14
0.05342847486620771   3.230701153569565e-14
0.053477711904832144   3.2277266403814694e-14
0.053526994317874936   3.224754865833904e-14
0.05357632214715097   3.2217858274053934e-14
0.05362569543451353   3.218819522576789e-14
0.05367511422185458   3.2158559488312586e-14
0.05372457855110467   3.212895103654286e-14
0.053774088464232914   3.2099369845336754e-14
0.05382364400324722   3.2069815889595355e-14
0.053873245210194085   3.204028914424295e-14
0.05392289212715887   3.201078958422683e-14
0.05397258479626561   3.1981317184517446e-14
0.054022323259677284   3.1951871920108197e-14
0.054072107559595586   3.192245376601558e-14
0.05412193773826123   3.189306269727903e-14
0.054171813837953754   3.1863698688961036e-14
0.054221735900991753   3.1834361716146975e-14
0.05427170396973271   3.180505175394523e-14
0.054321718086573274   3.177576877748702e-14
0.05437177829394903   3.174651276192657e-14
0.05442188463433478   3.1717283682440874e-14
0.054472037150244394   3.168808151422985e-14
0.05452223588423098   3.16589062325162e-14
0.054572480878886796   3.1629757812545494e-14
0.05462277217684343   3.160063622958603e-14
0.05467310982077165   3.1571541458928956e-14
0.05472349385338168   3.1542473475888085e-14
0.05477392431742297   3.151343225580002e-14
0.05482440125568449   3.1484417774024024e-14
0.05487492471099452   3.145543000594211e-14
0.05492549472622093   3.142646892695888e-14
0.05497611134427098   3.1397534512501643e-14
0.05502677460809158   3.13686267380203e-14
0.055077484560669104   3.1339745578987374e-14
0.055128241245029665   3.1310891010897935e-14
0.0551790447042389   3.1282063009269685e-14
0.05522989498140225   3.125326154964278e-14
0.05528079211966477   3.122448660757997e-14
0.05533173616221139   3.1195738158666446e-14
0.05538272715226672   3.1167016178509935e-14
0.055433765133095315   3.113832064274055e-14
0.05548485014800149   3.1109651527010934e-14
0.05553598224032958   3.1081008806996054e-14
0.05558716145346375   3.1052392458393355e-14
0.05563838783082826   3.1023802456922575e-14
0.05568966141588728   3.0995238778325895e-14
0.05574098225214513   3.0966701398367733e-14
0.05579235038314614   3.093819029283492e-14
0.05584376585247484   3.09097054375365e-14
0.055895228703755837   3.088124680830386e-14
0.05594673898065407   3.085281438099055e-14
0.05599829672687456   3.082440813147245e-14
0.056049901986162755   3.079602803564757e-14
0.05610155480230428   3.076767406943619e-14
0.05615325521912526   3.073934620878066e-14
0.05620500328049204   3.0711044429645573e-14
0.05625679903031155   3.06827687080176e-14
0.05630864251253104   3.0654519019905556e-14
0.05636053377113839   3.062629534134029e-14
0.0564124728501619   3.0598097648374786e-14
0.056464459793670554   3.056992591708401e-14
0.05651649464577384   3.054178012356503e-14
0.05656857745062199   3.0513660243936837e-14
0.05662070825240585   3.048556625434049e-14
0.056672887095357054   3.045749813093895e-14
0.05672511402374792   3.042945584991718e-14
0.056777389081891665   3.040143938748202e-14
0.05682971231414223   3.0373448719862263e-14
0.056882083764894543   3.0345483823308533e-14
0.05693450347858433   3.0317544674093386e-14
0.056986971499688385   3.0289631248511146e-14
0.05703948787272438   3.026174352287805e-14
0.05709205264225112   3.0233881473532075e-14
0.05714466585286834   3.0206045076833024e-14
0.05719732754921703   3.017823430916241e-14
0.05725003777597918   3.0150449146923574e-14
0.057302796577878075   3.0122689566541484e-14
0.05735560399967809   3.009495554446293e-14
0.057408460086184984   3.006724705715627e-14
0.05746136488224569   3.003956408111163e-14
0.05751431843274857   3.001190659284068e-14
0.05756732078262325   2.998427456887683e-14
0.057620371976840855   2.995666798577499e-14
0.057673472060413934   2.9929086820111705e-14
0.05772662107839644   2.99015310484851e-14
0.05777981907588397   2.987400064751482e-14
0.057833066098013544   2.9846495593842045e-14
0.05788636218996391   2.981901586412946e-14
0.05793970739695532   2.979156143506126e-14
0.05799310176424984   2.9764132283343027e-14
0.058046545337151104   2.9736728385701925e-14
0.05810003816100462   2.9709349718886404e-14
0.058153580281197575   2.968199625966643e-14
0.05820717174315909   2.965466798483329e-14
0.058260812592360045   2.962736487119967e-14
0.058314502874313334   2.9600086895599597e-14
0.05836824263457367   2.9572834034888435e-14
0.05842203191873788   2.9545606265942827e-14
0.05847587077244468   2.951840356566076e-14
0.05852975924137496   2.949122591096143e-14
0.05858369737125161   2.946407327878533e-14
0.05863768520783975   2.943694564609416e-14
0.058691722796946566   2.940984298987085e-14
0.05874581018442158   2.93827652871195e-14
0.05879994741615644   2.9355712514865395e-14
0.058854134538085225   2.932868465015495e-14
0.058908371596184186   2.930168167005579e-14
0.0589626586364721   2.927470355165653e-14
0.05901699570501002   2.924775027206701e-14
0.05907138284790156   2.9220821808418034e-14
0.05912582011129271   2.919391813786154e-14
0.059180307541372094   2.9167039237570454e-14
0.059234845184370805   2.914018508473876e-14
0.059289433086562635   2.9113355656581374e-14
0.0593440712942639   2.9086550930334294e-14
0.05939875985383375   2.9059770883254356e-14
0.0594534988116739   2.903301549261945e-14
0.059508288214228974   2.9006284735728284e-14
0.059563128107986245   2.897957858990056e-14
0.059618018539475987   2.895289703247678e-14
0.0596729595552712   2.8926240040818375e-14
0.05972795120198795   2.8899607592307555e-14
0.05978299352628512   2.8872999664347444e-14
0.05983808657486472   2.884641623436186e-14
0.059893230394471676   2.88198572797955e-14
0.05994842503189412   2.879332277811377e-14
0.060003670533963174   2.8766812706802874e-14
0.06005896694755324   2.874032704336967e-14
0.0601143143195818   2.8713865765341815e-14
0.060169712697009686   2.8687428850267584e-14
0.06022516212684089   2.866101627571597e-14
0.06028066265612284   2.8634628019276586e-14
0.0603362143319462   2.860826405855971e-14
0.06039181720144516   2.8581924371196186e-14
0.0604474713117972   2.855560893483753e-14
0.06050317671022344   2.8529317727155734e-14
0.06055893344398835   2.8503050725843444e-14
0.06061474156040011   2.847680790861378e-14
0.06067060110681036   2.845058925320043e-14
0.0607265121306145   2.842439473735751e-14
0.06078247467925149   2.8398224338859713e-14
0.06083848880020413   2.8372078035502112e-14
0.06089455454099885   2.8345955805100288e-14
0.060950671949206   2.8319857625490185e-14
0.061006841072439665   2.8293783474528217e-14
0.061063061958357895   2.8267733330091125e-14
0.06111933465466257   2.8241707170076073e-14
0.06117565920909964   2.821570497240053e-14
0.06123203566945892   2.818972671500235e-14
0.06128846408357442   2.8163772375839623e-14
0.061344944499324074   2.813784193289082e-14
0.06140147696463008   2.8111935364154607e-14
0.061458061527458675   2.8086052647649976e-14
0.06151469823582042   2.80601937614161e-14
0.061571387137769995   2.8034358683512418e-14
0.061628128281406486   2.8008547392018515e-14
0.061684921714873185   2.798275986503424e-14
0.06174176748635785   2.7956996080679524e-14
0.061798665644092636   2.7931256017094463e-14
0.06185561623635406   2.790553965243933e-14
0.06191261931146323   2.787984696489444e-14
0.06196967491778571   2.7854177932660244e-14
0.062026783103731706   2.782853253395722e-14
0.06208394391775594   2.7802910747025963e-14
0.06214115740835792   2.7777312550127018e-14
0.06219842362408169   2.7751737921541038e-14
0.06225574261351619   2.772618683956858e-14
0.062313114425294996   2.7700659282530255e-14
0.06237053910809663   2.767515522876659e-14
0.06242801671064434   2.7649674656638083e-14
0.06248554728170642   2.7624217544525122e-14
0.06254313087009596   2.7598783870828045e-14
0.06260076752467116   2.7573373613967026e-14
0.06265845729433514   2.7547986752382147e-14
0.06271620022803621   2.7522623264533312e-14
0.06277399637476763   2.7497283128900304e-14
0.06283184578356799   2.747196632398264e-14
0.06288974850352087   2.744667282829973e-14
0.0629477045837553   2.7421402620390658e-14
0.06300571407344538   2.7396155678814364e-14
0.0630637770218107   2.7370931982149454e-14
0.06312189347811605   2.7345731508994318e-14
0.06318006349167178   2.7320554237966987e-14
0.06323828711183353   2.7295400147705236e-14
0.06329656438800256   2.7270269216866467e-14
0.06335489536962553   2.7245161424127766e-14
0.06341328010619479   2.7220076748185813e-14
0.06347171864724818   2.719501516775694e-14
0.06353021104236932   2.7169976661577044e-14
0.06358875734118737   2.714496120840163e-14
0.06364735759337738   2.7119968787005733e-14
0.06370601184866005   2.7094999376183955e-14
0.06376472015680203   2.7070052954750394e-14
0.06382348256761568   2.7045129501538684e-14
0.06388229913095941   2.7020228995401926e-14
0.06394116989673745   2.6995351415212715e-14
0.06400009491490016   2.6970496739863047e-14
0.06405907423544377   2.6945664948264422e-14
0.06411810790841074   2.6920856019347698e-14
0.06417719598388952   2.6896069932063174e-14
0.06423633851201482   2.6871306665380475e-14
0.06429553554296744   2.6846566198288674e-14
0.06435478712697457   2.6821848509796082e-14
0.06441409331430951   2.6797153578930442e-14
0.0644734541552921   2.6772481384738716e-14
0.06453286970028832   2.6747831906287242e-14
0.06459233999971077   2.6723205122661553e-14
0.06465186510401837   2.66986010129665e-14
0.06471144506371662   2.6674019556326108e-14
0.0647710799293575   2.6649460731883708e-14
0.06483076975153966   2.662492451880175e-14
0.06489051458090826   2.6600410896261932e-14
0.06495031446815527   2.6575919843465067e-14
0.06501016946401926   2.655145133963117e-14
0.06507007961928565   2.652700536399933e-14
0.06513004498478656   2.650258189582782e-14
0.06519006561140105   2.647818091439394e-14
0.065250141550055   2.6453802398994124e-14
0.06531027285172128   2.6429446328943833e-14
0.06537045956741966   2.64051126835776e-14
0.06543070174821704   2.6380801442248943e-14
0.06549099944522722   2.6356512584330446e-14
0.06555135270961128   2.6332246089213633e-14
0.06561176159257728   2.630800193630904e-14
0.06567222614538064   2.6283780105046135e-14
0.06573274641932385   2.6259580574873335e-14
0.06579332246575682   2.6235403325257967e-14
0.06585395433607666   2.6211248335686305e-14
0.06591464208172795   2.618711558566344e-14
0.06597538575420257   2.6163005054713415e-14
0.06603618540504   2.6138916722379036e-14
0.06609704108582704   2.6114850568222032e-14
0.0661579528481982   2.6090806571822863e-14
0.0662189207438354   2.6066784712780876e-14
0.06627994482446835   2.6042784970714134e-14
0.06634102514187436   2.601880732525949e-14
0.06640216174787843   2.599485175607256e-14
0.06646335469435337   2.597091824282765e-14
0.06652460403321973   2.5947006765217846e-14
0.06658590981644602   2.592311730295485e-14
0.06664727209604848   2.5899249835769126e-14
0.06670869092409146   2.587540434340972e-14
0.06677016635268712   2.5851580805644392e-14
0.06683169843399582   2.5827779202259475e-14
0.0668932872202258   2.5803999513059965e-14
0.06695493276363361   2.5780241717869396e-14
0.06701663511652377   2.5756505796529924e-14
0.06707839433124914   2.5732791728902248e-14
0.06714021046021074   2.5709099494865604e-14
0.06720208355585795   2.568542907431775e-14
0.0672640136706884   2.5661780447174983e-14
0.06732600085724821   2.5638153593372038e-14
0.06738804516813181   2.5614548492862184e-14
0.06745014665598219   2.5590965125617085e-14
0.06751230537349076   2.5567403471626913e-14
0.0675745213733976   2.5543863510900195e-14
0.0676367947084913   2.552034522346392e-14
0.06769912543160914   2.549684858936343e-14
0.06776151359563706   2.547337358866246e-14
0.06782395925350981   2.5449920201443082e-14
0.06788646245821083   2.542648840780573e-14
0.06794902326277245   2.540307818786914e-14
0.06801164172027582   2.5379689521770365e-14
0.06807431788385111   2.535632238966472e-14
0.06813705180667728   2.5332976771725848e-14
0.0681998435419825   2.5309652648145573e-14
0.0682626931430438   2.528634999913402e-14
0.06832560066318748   2.5263068804919482e-14
0.06838856615578881   2.5239809045748513e-14
0.06845158967427244   2.5216570701885786e-14
0.06851467127211204   2.5193353753614218e-14
0.06857781100283078   2.517015818123481e-14
0.06864100892000097   2.514698396506675e-14
0.0687042650772444   2.5123831085447317e-14
0.0687675795282322   2.5100699522731925e-14
0.06883095232668507   2.5077589257294034e-14
0.06889438352637307   2.505450026952521e-14
0.06895787318111596   2.5031432539835045e-14
0.06902142134478294   2.50083860486512e-14
0.06908502807129303   2.4985360776419302e-14
0.06914869341461478   2.4962356703603056e-14
0.0692124174287666   2.4939373810684084e-14
0.06927620016781656   2.4916412078162028e-14
0.06934004168588269   2.4893471486554454e-14
0.06940394203713274   2.48705520163969e-14
0.06946790127578456   2.484765364824276e-14
0.06953191945610576   2.4824776362663415e-14
0.06959599663241417   2.4801920140248063e-14
0.06966013285907748   2.4779084961603836e-14
0.06972432819051365   2.475627080735565e-14
0.06978858268119065   2.4733477658146336e-14
0.06985289638562678   2.4710705494636477e-14
0.06991726935839042   2.4687954297504526e-14
0.06998170165410042   2.466522404744666e-14
0.0700461933274258   2.46425147251769e-14
0.07011074443308608   2.461982631142696e-14
0.07017535502585112   2.4597158786946335e-14
0.07024002516054136   2.457451213250221e-14
0.07030475489202759   2.455188632887953e-14
0.07036954427523136   2.4529281356880873e-14
0.07043439336512468   2.4506697197326534e-14
0.07049930221673033   2.4484133831054435e-14
0.07056427088512168   2.4461591238920177e-14
0.07062929942542301   2.443906940179695e-14
0.07069438789280923   2.4416568300575582e-14
0.07075953634250623   2.4394087916164467e-14
0.07082474482979068   2.4371628229489626e-14
0.07089001340999032   2.4349189221494578e-14
0.07095534213848376   2.432677087314043e-14
0.07102073107070069   2.4304373165405814e-14
0.07108618026212192   2.4281996079286843e-14
0.0711516897682793   2.4259639595797187e-14
0.07121725964475598   2.4237303695967935e-14
0.07128288994718616   2.4214988360847678e-14
0.07134858073125552   2.4192693571502428e-14
0.07141433205270084   2.4170419309015676e-14
0.07148014396731045   2.4148165554488272e-14
0.07154601653092395   2.4125932289038513e-14
0.07161194979943253   2.4103719493802048e-14
0.07167794382877873   2.4081527149931922e-14
0.07174399867495683   2.4059355238598503e-14
0.07181011439401251   2.4037203740989528e-14
0.07187629104204331   2.4015072638310016e-14
0.07194252867519825   2.399296191178234e-14
0.0720088273496783   2.3970871542646103e-14
0.07207518712173602   2.3948801512158242e-14
0.07214160804767604   2.392675180159289e-14
0.07220809018385464   2.3904722392241474e-14
0.07227463358668022   2.3882713265412613e-14
0.07234123831261303   2.3860724402432157e-14
0.0724079044181655   2.383875578464311e-14
0.07247463195990193   2.3816807393405726e-14
0.07254142099443898   2.379487921009733e-14
0.0726082715784453   2.3772971216112466e-14
0.07267518376864189   2.375108339286276e-14
0.07274215762180189   2.3729215721777003e-14
0.07280919319475092   2.370736818430103e-14
0.07287629054436681   2.3685540761897797e-14
0.07294344972757995   2.3663733436047305e-14
0.07301067080137305   2.364194618824663e-14
0.07307795382278148   2.3620179000009852e-14
0.07314529884889302   2.3598431852868098e-14
0.07321270593684821   2.3576704728369482e-14
0.07328017514384012   2.355499760807912e-14
0.07334770652711463   2.3533310473579088e-14
0.07341530014397026   2.3511643306468445e-14
0.07348295605175846   2.3489996088363147e-14
0.07355067430788342   2.346836880089612e-14
0.07361845496980235   2.344676142571717e-14
0.07368629809502526   2.342517394449304e-14
0.07375420374111531   2.3403606338907286e-14
0.07382217196568858   2.3382058590660394e-14
0.07389020282641437   2.3360530681469645e-14
0.07395829638101498   2.3339022593069204e-14
0.07402645268726604   2.3317534307210016e-14
0.07409467180299634   2.329606580565984e-14
0.07416295378608802   2.3274617070203206e-14
0.07423129869447646   2.3253188082641456e-14
0.0742997065861506   2.3231778824792643e-14
0.07436817751915262   2.3210389278491602e-14
0.07443671155157837   2.3189019425589827e-14
0.07450530874157708   2.3167669247955612e-14
0.07457396914735172   2.3146338727473846e-14
0.07464269282715875   2.31250278460462e-14
0.07471147983930847   2.3103736585590913e-14
0.07478033024216474   2.3082464928042938e-14
0.07484924409414538   2.3061212855353822e-14
0.07491822145372189   2.303998034949177e-14
0.0749872623794198   2.301876739244152e-14
0.07505636692981843   2.299757396620449e-14
0.07512553516355124   2.297640005279857e-14
0.07519476713930554   2.29552456342583e-14
0.07526406291582291   2.2934110692634678e-14
0.07533342255189891   2.291299520999529e-14
0.07540284610638343   2.28918991684242e-14
0.07547233363818041   2.287082255002198e-14
0.07554188520624827   2.2849765336905664e-14
0.07561150086959958   2.2828727511208793e-14
0.07568118068730148   2.2807709055081293e-14
0.07575092471847536   2.2786709950689582e-14
0.07582073302229723   2.2765730180216463e-14
0.07589060565799755   2.2744769725861176e-14
0.07596054268486142   2.2723828569839312e-14
0.07603054416222853   2.2702906694382863e-14
0.07610061014949326   2.2682004081740186e-14
0.07617074070610481   2.2661120714175927e-14
0.07624093589156701   2.2640256573971146e-14
0.0763111957654387   2.2619411643423137e-14
0.07638152038733341   2.259858590484556e-14
0.07645190981691981   2.2577779340568304e-14
0.0765223641139214   2.255699193293757e-14
0.07659288333811681   2.2536223664315772e-14
0.07666346754933971   2.2515474517081602e-14
0.07673411680747898   2.2494744473629937e-14
0.07680483117247854   2.2474033516371922e-14
0.07687561070433777   2.2453341627734806e-14
0.0769464554631111   2.2432668790162114e-14
0.07701736550890854   2.241201498611347e-14
0.0770883409018953   2.239138019806468e-14
0.07715938170229218   2.2370764408507645e-14
0.07723048797037534   2.235016759995046e-14
0.07730165976647664   2.232958975491724e-14
0.07737289715098337   2.2309030855948243e-14
0.07744420018433866   2.228849088559978e-14
0.07751556892704115   2.2267969826444248e-14
0.07758700343964538   2.2247467661070047e-14
0.0776585037827616   2.222698437208166e-14
0.077730070017056   2.2206519942099534e-14
0.07780170220325054   2.2186074353760162e-14
0.07787340040212334   2.216564758971599e-14
0.07794516467450834   2.214523963263546e-14
0.07801699508129567   2.2124850465202947e-14
0.07808889168343146   2.21044800701188e-14
0.07816085454191814   2.2084128430099263e-14
0.07823288371781421   2.206379552787652e-14
0.07830497927223459   2.204348134619864e-14
0.07837714126635037   2.202318586782957e-14
0.07844936976138915   2.2002909075549137e-14
0.07852166481863483   2.1982650952153034e-14
0.07859402649942791   2.196241148045276e-14
0.07866645486516528   2.1942190643275675e-14
0.07873894997730058   2.192198842346492e-14
0.07881151189734388   2.190180480387946e-14
0.07888414068686214   2.1881639767394014e-14
0.07895683640747887   2.186149329689911e-14
0.07902959912087455   2.1841365375300962e-14
0.07910242888878631   2.1821255985521603e-14
0.07917532577300838   2.180116511049871e-14
0.07924828983539174   2.1781092733185742e-14
0.07932132113784453   2.176103883655179e-14
0.07939441974233179   2.174100340358168e-14
0.07946758571087584   2.1720986417275852e-14
0.07954081910555598   2.1700987860650454e-14
0.07961411998850887   2.16810077167372e-14
0.07968748842192827   2.166104596858351e-14
0.07976092446806546   2.164110259925234e-14
0.07983442818922888   2.162117759182229e-14
0.07990799964778456   2.1601270929387494e-14
0.07998163890615585   2.1581382595057703e-14
0.08005534602682379   2.1561512571958173e-14
0.08012912107232684   2.154166084322973e-14
0.08020296410526123   2.1521827392028695e-14
0.08027687518828075   2.1502012201526923e-14
0.08035085438409707   2.1482215254911726e-14
0.08042490175547948   2.1462436535385956e-14
0.08049901736525529   2.1442676026167863e-14
0.08057320127630954   2.1422933710491207e-14
0.08064745355158542   2.1403209571605124e-14
0.0807217742540839   2.1383503592774226e-14
0.08079616344686423   2.13638157572785e-14
0.08087062119304356   2.1344146048413358e-14
0.0809451475557974   2.132449444948955e-14
0.08101974259835933   2.1304860943833236e-14
0.0810944063840213   2.1285245514785883e-14
0.0811691389761335   2.1265648145704346e-14
0.08124394043810462   2.1246068819960755e-14
0.08131881083340163   2.122650752094259e-14
0.08139375022555018   2.1206964232052586e-14
0.08146875867813423   2.1187438936708802e-14
0.08154383625479658   2.1167931618344515e-14
0.08161898301923845   2.1148442260408314e-14
0.08169419903521993   2.1128970846363984e-14
0.08176948436655986   2.110951735969053e-14
0.08184483907713573   2.1090081783882202e-14
0.08192026323088414   2.1070664102448415e-14
0.08199575689180036   2.1051264298913807e-14
0.08207132012393885   2.1031882356818115e-14
0.08214695299141293   2.101251825971633e-14
0.08222265555839517   2.099317199117848e-14
0.08229842788911708   2.0973843534789798e-14
0.08237427004786957   2.0954532874150587e-14
0.08245018209900262   2.0935239992876266e-14
0.08252616410692565   2.091596487459734e-14
0.08260221613610731   2.0896707502959394e-14
0.08267833825107582   2.087746786162302e-14
0.08275453051641866   2.0858245934263936e-14
0.08283079299678306   2.0839041704572823e-14
0.0829071257568756   2.081985515625541e-14
0.0829835288614627   2.0800686273032408e-14
0.08306000237537027   2.078153503863954e-14
0.08313654636348414   2.0762401436827477e-14
0.08321316089074977   2.0743285451361885e-14
0.08328984602217265   2.0724187066023334e-14
0.08336660182281798   2.0705106264607378e-14
0.0834434283578111   2.0686043030924424e-14
0.0835203256923372   2.066699734879987e-14
0.08359729389164172   2.0647969202073917e-14
0.08367433302103004   2.0628958574601722e-14
0.0837514431458679   2.0609965450253248e-14
0.08382862433158111   2.059098981291334e-14
0.08390587664365595   2.0572031646481667e-14
0.08398320014763887   2.0553090934872742e-14
0.08406059490913688   2.0534167662015858e-14
0.0841380609938173   2.0515261811855133e-14
0.08421559846740814   2.0496373368349437e-14
0.0842932073956978   2.0477502315472443e-14
0.08437088784453547   2.045864863721255e-14
0.08444863987983087   2.0439812317572932e-14
0.08452646356755461   2.042099334057144e-14
0.08460435897373797   2.0402191690240696e-14
0.08468232616447317   2.0383407350627985e-14
0.08476036520591326   2.0364640305795305e-14
0.08483847616427236   2.0345890539819305e-14
0.08491665910582546   2.0327158036791306e-14
0.08499491409690879   2.0308442780817282e-14
0.08507324120391956   2.0289744756017843e-14
0.0851516404933163   2.0271063946528183e-14
0.08523011203161868   2.0252400336498157e-14
0.08530865588540777   2.0233753910092165e-14
0.08538727212132587   2.0215124651489234e-14
0.08546596080607684   2.0196512544882902e-14
0.08554472200642588   2.0177917574481317e-14
0.08562355578919983   2.015933972450713e-14
0.08570246222128701   2.0140778979197522e-14
0.08578144136963749   2.0122235322804197e-14
0.08586049330126291   2.0103708739593347e-14
0.08593961808323682   2.0085199213845672e-14
0.0860188157826944   2.0066706729856328e-14
0.0860980864668329   2.004823127193491e-14
0.08617743020291127   2.0029772824405518e-14
0.08625684705825068   2.001133137160662e-14
0.08633633710023413   1.9992906897891144e-14
0.0864159003963069   1.9974499387626404e-14
0.08649553701397622   1.995610882519413e-14
0.08657524702081176   1.9937735194990398e-14
0.08665503048444526   1.99193784814257e-14
0.08673488747257094   1.990103866892481e-14
0.08681481805294525   1.9882715741926928e-14
0.08689482229338726   1.9864409684885496e-14
0.08697490026177834   1.984612048226834e-14
0.08705505202606263   1.9827848118557532e-14
0.08713527765424667   1.9809592578249483e-14
0.08721557721439988   1.9791353845854815e-14
0.08729595077465419   1.977313190589849e-14
0.08737639840320453   1.9754926742919638e-14
0.08745692016830849   1.9736738341471696e-14
0.0875375161382867   1.971856668612226e-14
0.08761818638152274   1.970041176145316e-14
0.08769893096646308   1.9682273552060448e-14
0.08777974996161744   1.9664152042554308e-14
0.08786064343555852   1.964604721755914e-14
0.08794161145692235   1.9627959061713465e-14
0.08802265409440806   1.9609887559669978e-14
0.08810377141677828   1.959183269609547e-14
0.08818496349285881   1.957379445567089e-14
0.08826623039153905   1.9555772823091247e-14
0.08834757218177172   1.9537767783065683e-14
0.08842898893257327   1.9519779320317384e-14
0.08851048071302355   1.9501807419583625e-14
0.08859204759226626   1.948385206561572e-14
0.08867368963950864   1.9465913243179036e-14
0.0887554069240219   1.9447990937052942e-14
0.08883719951514088   1.9430085132030857e-14
0.08891906748226454   1.9412195812920155e-14
0.08900101089485554   1.939432296454225e-14
0.08908302982244083   1.9376466571732483e-14
0.08916512433461116   1.9358626619340194e-14
0.08924729450102166   1.934080309222864e-14
0.08932954039139143   1.932299597527505e-14
0.08941186207550403   1.9305205253370536e-14
0.08949425962320712   1.928743091142017e-14
0.08957673310441291   1.926967293434286e-14
0.0896592825890979   1.9251931307071465e-14
0.08974190814730319   1.923420601455266e-14
0.08982460984913432   1.9216497041747026e-14
0.08990738776476154   1.9198804373628948e-14
0.08999024196441965   1.9181127995186685e-14
0.09007317251840831   1.916346789142228e-14
0.09015617949709182   1.914582404735163e-14
0.09023926297089947   1.9128196448004372e-14
0.09032242301032531   1.9110585078423975e-14
0.0904056596859285   1.9092989923667647e-14
0.09048897306833305   1.9075410968806378e-14
0.09057236322822827   1.9057848198924873e-14
0.09065583023636839   1.9040301599121612e-14
0.09073937416357304   1.9022771154508743e-14
0.09082299508072693   1.900525685021218e-14
0.0909066930587803   1.898775867137147e-14
0.09099046816874853   1.8970276603139894e-14
0.09107432048171271   1.895281063068436e-14
0.09115825006881918   1.8935360739185474e-14
0.09124225700128008   1.891792691383746e-14
0.09132634135037294   1.8900509139848173e-14
0.09141050318744122   1.88831074024391e-14
0.0914947425838939   1.886572168684532e-14
0.09157905961120595   1.8848351978315526e-14
0.09166345434091806   1.8830998262111977e-14
0.09174792684463699   1.88136605235105e-14
0.09183247719403534   1.8796338747800486e-14
0.09191710546085191   1.877903292028487e-14
0.09200181171689145   1.8761743026280124e-14
0.09208659603402507   1.874446905111621e-14
0.09217145848418992   1.872721098013664e-14
0.09225639913938961   1.8709968798698382e-14
0.09234141807169396   1.8692742492171918e-14
0.09242651535323936   1.867553204594117e-14
0.09251169105622849   1.865833744540354e-14
0.09259694525293077   1.864115867596986e-14
0.09268227801568205   1.8623995723064406e-14
0.09276768941688499   1.860684857212485e-14
0.09285317952900879   1.8589717208602317e-14
0.09293874842458964   1.857260161796128e-14
0.0930243961762304   1.8555501785679623e-14
0.09311012285660099   1.8538417697248583e-14
0.09319592853843812   1.8521349338172774e-14
0.09328181329454575   1.8504296693970133e-14
0.09336777719779471   1.8487259750171964e-14
0.09345382032112319   1.8470238492322847e-14
0.09353994273753638   1.8453232905980722e-14
0.09362614452010697   1.8436242976716786e-14
0.09371242574197479   1.8419268690115533e-14
0.09379878647634726   1.8402310031774727e-14
0.09388522679649908   1.8385366987305416e-14
0.0939717467757726   1.8368439542331862e-14
0.09405834648757778   1.835152768249157e-14
0.09414502600539208   1.8334631393435297e-14
0.09423178540276086   1.8317750660826962e-14
0.0943186247532971   1.830088547034374e-14
0.09440554413068172   1.8284035807675936e-14
0.09449254360866345   1.8267201658527086e-14
0.09457962326105913   1.825038300861384e-14
0.09466678316175343   1.8233579843666024e-14
0.0947540233846993   1.8216792149426598e-14
0.09484134400391767   1.8200019911651678e-14
0.09492874509349786   1.8183263116110415e-14
0.09501622672759726   1.8166521748585152e-14
0.09510378898044182   1.814979579487125e-14
0.0951914319263257   1.8133085240777215e-14
0.0952791556396117   1.8116390072124558e-14
0.09536696019473097   1.8099710274747882e-14
0.09545484566618342   1.8083045834494822e-14
0.09554281212853748   1.8066396737226057e-14
0.09563085965643041   1.8049762968815244e-14
0.09571898832456813   1.803314451514907e-14
0.09580719820772557   1.8016541362127248e-14
0.09589548938074637   1.7999953495662424e-14
0.09598386191854334   1.798338090168021e-14
0.09607231589609815   1.796682356611926e-14
0.09616085138846171   1.7950281474931046e-14
0.096249468470754   1.7933754614080096e-14
0.0963381672181643   1.7917242969543786e-14
0.09642694770595106   1.7900746527312418e-14
0.09651581000944229   1.788426527338919e-14
0.09660475420403516   1.7867799193790238e-14
0.09669378036519657   1.785134827454448e-14
0.09678288856846277   1.783491250169378e-14
0.09687207888943979   1.7818491861292795e-14
0.09696135140380314   1.7802086339409074e-14
0.09705070618729829   1.7785695922122936e-14
0.09714014331574031   1.7769320595527587e-14
0.0972296628650143   1.7752960345728973e-14
0.09731926491107513   1.773661515884586e-14
0.09740894952994789   1.7720285021009778e-14
0.09749871679772745   1.7703969918365046e-14
0.09758856679057908   1.7687669837068746e-14
0.09767849958473801   1.767138476329068e-14
0.09776851525650991   1.765511468321339e-14
0.09785861388227061   1.7638859583032152e-14
0.0979487955384665   1.7622619448954938e-14
0.0980390603016142   1.7606394267202438e-14
0.09812940824830109   1.7590184024008e-14
0.09821983945518488   1.7573988705617683e-14
0.09831035399899415   1.7557808298290166e-14
0.09840095195652801   1.7541642788296833e-14
0.0984916334046565   1.752549216192163e-14
0.09858239842032034   1.750935640546123e-14
0.0986732470805313   1.7493235505224835e-14
0.09876417946237198   1.747712944753431e-14
0.0988551956429962   1.7461038218724066e-14
0.09894629569962865   1.7444961805141167e-14
0.09903747970956543   1.7428900193145156e-14
0.09912874775017363   1.7412853369108222e-14
0.09922009989889188   1.7396821319415023e-14
0.09931153623322994   1.738080403046282e-14
0.09940305683076921   1.736480148866135e-14
0.09949466176916238   1.7348813680432882e-14
0.09958635112613393   1.73328405922122e-14
0.09967812497947973   1.7316882210446555e-14
0.09976998340706755   1.7300938521595668e-14
0.09986192648683674   1.7285009512131766e-14
0.09995395429679867   1.7269095168539474e-14
0.10004606691503641   1.725319547731594e-14
0.100138264419705   1.7237310424970678e-14
0.10023054688903175   1.722143999802562e-14
0.10032291440131583   1.7205584183015146e-14
0.10041536703492857   1.7189742966486026e-14
0.10050790486831349   1.7173916334997413e-14
0.1006005279799867   1.7158104275120804e-14
0.10069323644853632   1.7142306773440102e-14
0.10078603035262297   1.7126523816551557e-14
0.10087890977097998   1.711075539106372e-14
0.10097187478241296   1.7095001483597517e-14
0.10106492546580029   1.7079262080786174e-14
0.10115806190009287   1.7063537169275246e-14
0.1012512841643147   1.7047826735722525e-14
0.10134459233756231   1.7032130766798147e-14
0.1014379864990052   1.7016449249184488e-14
0.10153146672788572   1.7000782169576227e-14
0.10162503310351959   1.6985129514680217e-14
0.10171868570529527   1.6969491271215623e-14
0.10181242461267452   1.69538674259138e-14
0.1019062499051922   1.693825796551835e-14
0.1020001616624568   1.6922662876785034e-14
0.10209415996414985   1.690708214648184e-14
0.10218824489002638   1.689151576138893e-14
0.10228241651991488   1.687596370829868e-14
0.10237667493371767   1.6860425974015517e-14
0.10247102021141043   1.684490254535612e-14
0.10256545243304259   1.682939340914928e-14
0.10265997167873729   1.6813898552235913e-14
0.10275457802869181   1.6798417961469003e-14
0.10284927156317704   1.678295162371371e-14
0.1029440523625379   1.676749952584725e-14
0.10303892050719328   1.675206165475895e-14
0.10313387607763651   1.673663799735015e-14
0.10322891915443475   1.6721228540534302e-14
0.10332404981822954   1.670583327123688e-14
0.10341926814973659   1.669045217639544e-14
0.10351457422974637   1.6675085242959496e-14
0.10360996813912343   1.665973245789062e-14
0.10370544995880697   1.6644393808162388e-14
0.1038010197698107   1.6629069280760378e-14
0.10389667765322323   1.66137588626821e-14
0.10399242369020767   1.6598462540937087e-14
0.10408825796200197   1.658318030254682e-14
0.10418418054991885   1.656791213454474e-14
0.10428019153534632   1.655265802397618e-14
0.10437629099974702   1.653741795789844e-14
0.10447247902465881   1.652219192338074e-14
0.10456875569169455   1.6506979907504202e-14
0.10466512108254267   1.6491781897361805e-14
0.10476157527896651   1.6476597880058458e-14
0.10485811836280493   1.6461427842710916e-14
0.10495475041597203   1.6446271772447835e-14
0.10505147152045778   1.643112965640965e-14
0.10514828175832736   1.6416001481748698e-14
0.10524518121172168   1.6400887235629123e-14
0.10534216996285724   1.6385786905226905e-14
0.10543924809402663   1.6370700477729776e-14
0.10553641568759797   1.635562794033733e-14
0.10563367282601539   1.634056928026091e-14
0.10573101959179887   1.6325524484723658e-14
0.10582845606754478   1.631049354096044e-14
0.10592598233592526   1.6295476436217908e-14
0.10602359847968877   1.628047315775445e-14
0.1061213045816599   1.6265483692840202e-14
0.10621910072473992   1.625050802875696e-14
0.10631698699190612   1.623554615279829e-14
0.10641496346621242   1.622059805226944e-14
0.10651303023078913   1.6205663714487364e-14
0.10661118736884354   1.619074312678063e-14
0.10670943496365924   1.6175836276489533e-14
0.10680777309859672   1.6160943150966014e-14
0.10690620185709317   1.6146063737573658e-14
0.10700472132266298   1.6131198023687658e-14
0.1071033315788972   1.611634599669485e-14
0.10720203270946402   1.6101507643993692e-14
0.10730082479810861   1.6086682952994257e-14
0.10739970792865365   1.6071871911118138e-14
0.10749868218499875   1.6057074505798597e-14
0.10759774765112094   1.604229072448042e-14
0.10769690441107452   1.602752055461997e-14
0.10779615254899158   1.6012763983685123e-14
0.10789549214908142   1.599802099915534e-14
0.10799492329563097   1.59832915885216e-14
0.10809444607300511   1.5968575739286357e-14
0.10819406056564618   1.5953873438963627e-14
0.10829376685807442   1.5939184675078888e-14
0.10839356503488785   1.5924509435169135e-14
0.10849345518076282   1.5909847706782788e-14
0.10859343738045335   1.5895199477479766e-14
0.10869351171879166   1.5880564734831443e-14
0.10879367828068809   1.586594346642064e-14
0.10889393715113149   1.585133565984157e-14
0.10899428841518878   1.5836741302699913e-14
0.10909473215800532   1.5822160382612743e-14
0.10919526846480483   1.5807592887208553e-14
0.10929589742088996   1.579303880412718e-14
0.10939661911164157   1.5778498121019873e-14
0.10949743362251935   1.5763970825549263e-14
0.1095983410390616   1.5749456905389342e-14
0.10969934144688584   1.5734956348225393e-14
0.1098004349316881   1.5720469141754097e-14
0.10990162157924352   1.5705995273683454e-14
0.11000290147540619   1.5691534731732768e-14
0.1101042747061096   1.5677087503632638e-14
0.11020574135736617   1.5662653577124976e-14
0.11030730151526764   1.564823293996299e-14
0.110408955265985   1.5633825579911163e-14
0.11051070269576897   1.5619431484745205e-14
0.11061254389094946   1.5605050642252116e-14
0.11071447893793598   1.5590683040230142e-14
0.11081650792321762   1.557632866648876e-14
0.11091863093336349   1.556198750884864e-14
0.11102084805502214   1.5547659555141708e-14
0.11112315937492208   1.5533344793211068e-14
0.11122556497987163   1.5519043210911046e-14
0.11132806495675945   1.5504754796107094e-14
0.11143065939255395   1.5490479536675892e-14
0.11153334837430377   1.5476217420505262e-14
0.11163613198913769   1.5461968435494178e-14
0.11173901032426509   1.544773256955274e-14
0.11184198346697538   1.5433509810602205e-14
0.11194505150463856   1.5419300146574933e-14
0.112048214524705   1.540510356541442e-14
0.11215147261470601   1.5390920055075217e-14
0.11225482586225322   1.537674960352301e-14
0.11235827435503912   1.5362592198734532e-14
0.11246181818083689   1.534844782869763e-14
0.11256545742750096   1.5334316481411144e-14
0.11266919218296635   1.5320198144885018e-14
0.11277302253524925   1.530609280714022e-14
0.11287694857244683   1.529200045620876e-14
0.11298097038273781   1.527792108013362e-14
0.11308508805438183   1.5263854666968838e-14
0.11318930167571997   1.5249801204779436e-14
0.11329361133517458   1.5235760681641442e-14
0.11339801712124989   1.5221733085641814e-14
0.11350251912253131   1.520771840487852e-14
0.11360711742768603   1.519371662746048e-14
0.11371181212546279   1.5179727741507576e-14
0.11381660330469251   1.516575173515057e-14
0.11392149105428762   1.5151788596531212e-14
0.11402647546324256   1.5137838313802147e-14
0.1141315566206337   1.5123900875126948e-14
0.11423673461561988   1.5109976268680038e-14
0.11434200953744168   1.5096064482646772e-14
0.11444738147542209   1.508216550522337e-14
0.11455285051896628   1.506827932461693e-14
0.11465841675756219   1.505440592904537e-14
0.11476408028077982   1.5040545306737498e-14
0.11486984117827188   1.5026697445932936e-14
0.11497569953977356   1.5012862334882167e-14
0.11508165545510311   1.499903996184643e-14
0.1151877090141612   1.4985230315097824e-14
0.11529386030693142   1.497143338291924e-14
0.11540010942348025   1.4957649153604345e-14
0.11550645645395748   1.4943877615457568e-14
0.11561290148859557   1.493011875679414e-14
0.11571944461771025   1.4916372565940038e-14
0.11582608593170073   1.490263903123197e-14
0.11593282552104923   1.48889181410174e-14
0.11603966347632147   1.4875209883654518e-14
0.11614659988816647   1.486151424751225e-14
0.1162536348473172   1.4847831220970186e-14
0.11636076844458984   1.4834160792418646e-14
0.11646800077088441   1.4820502950258645e-14
0.11657533191718458   1.4806857682901872e-14
0.11668276197455822   1.479322497877065e-14
0.11679029103415674   1.4779604826298016e-14
0.1168979191872157   1.4765997213927624e-14
0.11700564652505463   1.475240213011379e-14
0.11711347313907752   1.4738819563321423e-14
0.1172213991207723   1.4725249502026092e-14
0.11732942456171129   1.4711691934713944e-14
0.11743754955355107   1.469814684988178e-14
0.11754577418803308   1.468461423603691e-14
0.11765409855698293   1.467109408169729e-14
0.11776252275231097   1.4657586375391427e-14
0.11787104686601213   1.4644091105658404e-14
0.11797967099016647   1.4630608261047816e-14
0.11808839521693856   1.4617137830119848e-14
0.11819721963857802   1.460367980144519e-14
0.11830614434741936   1.459023416360507e-14
0.11841516943588254   1.45768009051912e-14
0.11852429499647235   1.4563380014805834e-14
0.11863352112177891   1.4549971481061697e-14
0.11874284790447757   1.453657529258202e-14
0.11885227543732946   1.452319143800047e-14
0.11896180381318078   1.4509819905961205e-14
0.11907143312496349   1.4496460685118838e-14
0.11918116346569499   1.4483113764138443e-14
0.11929099492847883   1.4469779131695484e-14
0.11940092760650395   1.4456456776475893e-14
0.11951096159304532   1.4443146687176e-14
0.11962109698146374   1.4429848852502568e-14
0.11973133386520639   1.44165632611727e-14
0.11984167233780622   1.440328990191395e-14
0.1199521124928825   1.439002876346422e-14
0.12006265442414064   1.4376779834571798e-14
0.12017329822537279   1.4363543103995294e-14
0.12028404399045713   1.4350318560503706e-14
0.12039489181335852   1.433710619287636e-14
0.12050584178812827   1.432390598990293e-14
0.12061689400890474   1.4310717940383362e-14
0.12072804856991264   1.4297542033127962e-14
0.1208393055654637   1.4284378256957323e-14
0.12095066508995636   1.4271226600702344e-14
0.1210621272378765   1.4258087053204163e-14
0.12117369210379667   1.4244959603314242e-14
0.12128535978237667   1.423184423989428e-14
0.12139713036836346   1.4218740951816263e-14
0.12150900395659164   1.4205649727962365e-14
0.12162098064198289   1.4192570557225041e-14
0.12173306051954641   1.417950342850697e-14
0.1218452436843789   1.4166448330721054e-14
0.12195753023166506   1.4153405252790352e-14
0.12206992025667687   1.4140374183648183e-14
0.12218241385477434   1.412735511223802e-14
0.12229501112140513   1.4114348027513552e-14
0.1224077121521053   1.4101352918438578e-14
0.12252051704249856   1.4088369773987108e-14
0.12263342588829686   1.4075398583143284e-14
0.12274643878530023   1.4062439334901418e-14
0.12285955582939735   1.4049492018265898e-14
0.12297277711656493   1.403655662225129e-14
0.1230861027428682   1.4023633135882244e-14
0.12319953280446085   1.4010721548193541e-14
0.12331306739758549   1.399782184823002e-14
0.12342670661857309   1.398493402504664e-14
0.12354045056384354   1.3972058067708422e-14
0.1236542993299054   1.3959193965290472e-14
0.12376825301335659   1.3946341706877916e-14
0.12388231171088365   1.3933501281565966e-14
0.12399647551926236   1.392067267845986e-14
0.12411074453535756   1.3907855886674882e-14
0.12422511885612372   1.3895050895336307e-14
0.12433959857860429   1.3882257693579443e-14
0.12445418379993214   1.3869476270549613e-14
0.12456887461733006   1.3856706615402094e-14
0.12468367112811002   1.3843948717302184e-14
0.12479857342967382   1.3831202565425147e-14
0.12491358161951287   1.3818468148956224e-14
0.12502869579520884   1.3805745457090578e-14
0.1251439160544329   1.3793034479033347e-14
0.1252592424949464   1.378033520399961e-14
0.12537467521460063   1.3767647621214385e-14
0.12549021431133744   1.3754971719912563e-14
0.12560585988318856   1.3742307489338994e-14
0.12572161202827617   1.372965491874841e-14
0.12583747084481278   1.3717013997405465e-14
0.1259534364311018   1.370438471458463e-14
0.12606950888553675   1.3691767059570323e-14
0.1261856883066021   1.3679161021656787e-14
0.12630197479287283   1.3666566590148156e-14
0.12641836844301524   1.3653983754358354e-14
0.12653486935578606   1.3641412503611197e-14
0.12665147763003326   1.3628852827240313e-14
0.12676819336469572   1.3616304714589161e-14
0.1268850166588039   1.3603768155010979e-14
0.12700194761147915   1.3591243137868834e-14
0.12711898632193427   1.3578729652535586e-14
0.12723613288947336   1.356622768839389e-14
0.12735338741349242   1.3553737234836134e-14
0.1274707499934787   1.3541258281264507e-14
0.12758822072901121   1.3528790817090957e-14
0.12770579971976065   1.3516334831737177e-14
0.1278234870654899   1.3503890314634571e-14
0.1279412828660534   1.3491457255224316e-14
0.12805918722139784   1.3479035642957282e-14
0.1281772002315617   1.3466625467294075e-14
0.12829532199667623   1.3454226717704968e-14
0.1284135526169644   1.3441839383669966e-14
0.12853189219274186   1.3429463454678737e-14
0.12865034082441637   1.3417098920230653e-14
0.12876889861248875   1.3404745769834708e-14
0.12888756565755197   1.3392403993009594e-14
0.12900634206029193   1.3380073579283637e-14
0.12912522792148706   1.336775451819483e-14
0.12924422334200916   1.3355446799290745e-14
0.12936332842282255   1.3343150412128622e-14
0.1294825432649847   1.3330865346275305e-14
0.12960186796964612   1.3318591591307254e-14
0.12972130263805093   1.3306329136810487e-14
0.12984084737153612   1.3294077972380652e-14
0.12996050227153225   1.3281838087622957e-14
0.13008026743956316   1.3269609472152203e-14
0.1302001429772467   1.3257392115592705e-14
0.13032012898629394   1.3245186007578373e-14
0.13044022556850982   1.3232991137752654e-14
0.130560432825793   1.3220807495768529e-14
0.13068075086013636   1.3208635071288477e-14
0.13080117977362646   1.319647385398454e-14
0.13092171966844401   1.3184323833538241e-14
0.1310423706468638   1.3172184999640623e-14
0.13116313281125525   1.3160057341992183e-14
0.13128400626408168   1.3147940850302943e-14
0.13140499110790102   1.3135835514292377e-14
0.1315260874453656   1.312374132368944e-14
0.13164729537922268   1.3111658268232508e-14
0.13176861501231385   1.3099586337669441e-14
0.13189004644757557   1.308752552175753e-14
0.1320115897880391   1.3075475810263505e-14
0.13213324513683097   1.3063437192963479e-14
0.1322550125971724   1.3051409659643013e-14
0.1323768922723798   1.3039393200097075e-14
0.13249888426586479   1.302738780413002e-14
0.13262098868113453   1.3015393461555566e-14
0.13274320562179126   1.3003410162196853e-14
0.13286553519153282   1.2991437895886359e-14
0.13298797749415248   1.2979476652465949e-14
0.1331105326335395   1.2967526421786801e-14
0.13323320071367856   1.2955587193709476e-14
0.13335598183865016   1.2943658958103863e-14
0.13347887611263104   1.2931741704849153e-14
0.13360188363989361   1.2919835423833883e-14
0.1337250045248065   1.2907940104955887e-14
0.13384823887183442   1.2896055738122315e-14
0.1339715867855386   1.2884182313249579e-14
0.13409504837057645   1.2872319820263399e-14
0.13421862373170176   1.2860468249098767e-14
0.13434231297376487   1.284862758969995e-14
0.13446611620171306   1.2836797832020438e-14
0.13459003352058993   1.2824978966023012e-14
0.13471406503553607   1.2813170981679672e-14
0.13483821085178874   1.280137386897168e-14
0.1349624710746827   1.2789587617889461e-14
0.13508684580964928   1.2777812218432714e-14
0.13521133516221712   1.276604766061033e-14
0.13533593923801204   1.2754293934440392e-14
0.13546065814275754   1.2742551029950159e-14
0.13558549198227415   1.2730818937176103e-14
0.1357104408624801   1.2719097646163848e-14
0.13583550488939103   1.2707387146968211e-14
0.13596068416912072   1.2695687429653113e-14
0.13608597880788034   1.2683998484291666e-14
0.13621138891197906   1.2672320300966116e-14
0.1363369145878239   1.266065286976784e-14
0.1364625559419203   1.2648996180797315e-14
0.13658831308087152   1.2637350224164156e-14
0.13671418611137912   1.2625714989987085e-14
0.13684017514024288   1.2614090468393925e-14
0.13696628027436147   1.260247664952154e-14
0.13709250162073155   1.2590873523515941e-14
0.13721883928644862   1.2579281080532182e-14
0.13734529337870668   1.256769931073439e-14
0.13747186400479897   1.2556128204295716e-14
0.13759855127211712   1.2544567751398402e-14
0.13772535528815197   1.2533017942233701e-14
0.13785227616049317   1.252147876700193e-14
0.13797931399683   1.2509950215912373e-14
0.13810646890495057   1.2498432279183375e-14
0.1382337409927424   1.2486924947042274e-14
0.1383611303681924   1.2475428209725415e-14
0.1384886371393873   1.2463942057478094e-14
0.1386162614145131   1.2452466480554632e-14
0.13874400330185563   1.2441001469218306e-14
0.13887186290980028   1.242954701374137e-14
0.13899984034683285   1.2418103104404999e-14
0.13912793572153864   1.2406669731499351e-14
0.13925614914260323   1.2395246885323511e-14
0.1393844807188121   1.2383834556185514e-14
0.13951293055905148   1.2372432734402275e-14
0.13964149877230753   1.2361041410299659e-14
0.13977018546766692   1.2349660574212437e-14
0.1398989907543168   1.233829021648428e-14
0.1400279147415453   1.2326930327467665e-14
0.14015695753874088   1.2315580897523892e-14
0.1402861192553929   1.2304241917023475e-14
0.14041540000109146   1.2292913376345603e-14
0.1405447998855282   1.2281595265877759e-14
0.14067431901849534   1.2270287576016385e-14
0.14080395750988636   1.2258990297168187e-14
0.140933715469696   1.2247703419747735e-14
0.1410635930080207   1.2236426934176928e-14
0.14119359023505795   1.222516083088794e-14
0.141323707261107   1.2213905100323272e-14
0.14145394419656845   1.2202659732932764e-14
0.14158430115194526   1.2191424719172141e-14
0.14171477823784165   1.2180200049510103e-14
0.14184537556496396   1.216898571442437e-14
0.14197609324412047   1.2157781704399891e-14
0.14210693138622188   1.2146588009925578e-14
0.14223789010228075   1.2135404621507592e-14
0.1423689695034121   1.2124231529658185e-14
0.14250016970083315   1.2113068724897289e-14
0.1426314908058641   1.2101916197746347e-14
0.14276293292992723   1.2090773938749958e-14
0.14289449618454758   1.2079641938454218e-14
0.14302618068135337   1.2068520187412191e-14
0.14315798653207526   1.2057408676182218e-14
0.14328991384854697   1.2046307395343358e-14
0.14342196274270522   1.203521633547647e-14
0.14355413332659026   1.202413548716701e-14
0.1436864257123452   1.2013064841011393e-14
0.1438188400122166   1.2002004387622327e-14
0.14395137633855432   1.1990954117615322e-14
0.1440840348038122   1.1979914021607389e-14
0.14421681552054733   1.196888409023431e-14
0.14434971860142057   1.1957864314141598e-14
0.14448274415919654   1.194685468397927e-14
0.14461589230674415   1.1935855190395048e-14
0.14474916315703595   1.1924865824065432e-14
0.14488255682314874   1.1913886575667857e-14
0.14501607341826328   1.190291743588509e-14
0.14514971305566524   1.1891958395399626e-14
0.14528347584874407   1.1881009444925146e-14
0.145417361910994   1.1870070575171746e-14
0.14555137135601365   1.1859141776852348e-14
0.14568550429750676   1.1848223040690627e-14
0.14581976084928142   1.1837314357431612e-14
0.14595414112525076   1.1826415717819574e-14
0.14608864523943269   1.1815527112596631e-14
0.14622327330595072   1.1804648532529233e-14
0.14635802543903303   1.1793779968392744e-14
0.14649290175301322   1.178292141096547e-14
0.14662790236233011   1.1772072851017709e-14
0.14676302738152844   1.1761234279360342e-14
0.14689827692525803   1.1750405686798056e-14
0.14703365110827454   1.1739587064138455e-14
0.14716915004543923   1.172877840219287e-14
0.14730477385171964   1.1717979691804428e-14
0.14744052264218882   1.1707190923810712e-14
0.147576396532026   1.1696412089046659e-14
0.14771239563651642   1.168564317836919e-14
0.14784852007105204   1.1674884182649787e-14
0.14798476995113063   1.1664135092759736e-14
0.14812114539235663   1.1653395899560062e-14
0.14825764651044082   1.1642666593955184e-14
0.1483942734212011   1.1631947166843901e-14
0.14853102624056155   1.1621237609126087e-14
0.14866790508455338   1.1610537911702977e-14
0.14880491006931448   1.1599848065513172e-14
0.14894204131109023   1.1589168061486597e-14
0.14907929892623273   1.1578497890548184e-14
0.14921668303120136   1.15678375436482e-14
0.1493541937425628   1.1557187011751407e-14
0.14949183117699152   1.1546546285821093e-14
0.14962959545126905   1.1535915356806155e-14
0.14976748668228473   1.152529421570786e-14
0.14990550498703548   1.15146828535159e-14
0.15004365048262644   1.1504081261218775e-14
0.15018192328627025   1.149348942981201e-14
0.15032032351528773   1.1482907350326076e-14
0.15045885128710762   1.1472335013782365e-14
0.1505975067192674   1.1461772411192006e-14
0.1507362899294123   1.1451219533603639e-14
0.15087520103529625   1.1440676372071239e-14
0.1510142401547815   1.1430142917646422e-14
0.15115340740583927   1.1419619161370077e-14
0.15129270290654917   1.1409105094337644e-14
0.15143212677509976   1.1398600707628224e-14
0.1515716791297883   1.1388105992314557e-14
0.15171136008902159   1.1377620939492917e-14
0.15185116977131505   1.1367145540280846e-14
0.15199110829529347   1.1356679785790245e-14
0.15213117577969082   1.1346223667113735e-14
0.15227137234335097   1.1335777175405192e-14
0.1524116981052268   1.1325340301802917e-14
0.15255215318438103   1.1314913037440203e-14
0.15269273769998587   1.1304495373461976e-14
0.15283345177132387   1.1294087301048258e-14
0.15297429551778705   1.1283688811368089e-14
0.1531152690588774   1.1273299895573023e-14
0.15325637251420754   1.1262920544868244e-14
0.1533976060034999   1.1252550750452873e-14
0.15353896964658725   1.1242190503519523e-14
0.15368046356341283   1.123183979526333e-14
0.15382208787403073   1.122149861692537e-14
0.15396384269860527   1.121116695973145e-14
0.15410572815741164   1.1200844814890661e-14
0.15424774437083574   1.1190532173661266e-14
0.1543898914593749   1.1180229027301718e-14
0.15453216954363694   1.1169935367062352e-14
0.15467457874434107   1.1159651184190545e-14
0.15481711918231755   1.1149376469986942e-14
0.15495979097850845   1.11391112157337e-14
0.15510259425396689   1.1128855412695878e-14
0.15524552912985762   1.1118609052187023e-14
0.15538859572745692   1.110837212552324e-14
0.15553179416815335   1.1098144624010751e-14
0.1556751245734468   1.1087926538951775e-14
0.15581858706494933   1.1077717861704597e-14
0.15596218176438487   1.106751858360744e-14
0.15610590879359004   1.1057328695979523e-14
0.15624976827451326   1.1047148190192364e-14
0.15639376032921548   1.1036977057617688e-14
0.15653788507986996   1.1026815289615518e-14
0.15668214264876304   1.1016662877545713e-14
0.15682653315829329   1.1006519812822456e-14
0.15697105673097222   1.0996386086839622e-14
0.15711571348942407   1.098626169096837e-14
0.1572605035563866   1.0976146616641413e-14
0.15740542705471017   1.0966040855284063e-14
0.1575504841073585   1.0955944398307999e-14
0.1576956748374085   1.0945857237134576e-14
0.157840999368051   1.0935779363231051e-14
0.1579864578225898   1.092571076804663e-14
0.15813205032444252   1.0915651443002283e-14
0.15827777699714046   1.090560137959537e-14
0.15842363796432907   1.0895560569302371e-14
0.15856963334976737   1.0885529003584247e-14
0.15871576327732856   1.0875506673927598e-14
0.15886202787099987   1.0865493571850358e-14
0.1590084272548832   1.0855489688854244e-14
0.15915496155319445   1.0845495016414055e-14
0.159301630890264   1.0835509546089214e-14
0.15944843539053677   1.0825533269407325e-14
0.1595953751785728   1.0815566177875533e-14
0.15974245037904644   1.0805608263050024e-14
0.15988966111674707   1.0795659516497051e-14
0.16003700751657896   1.0785719929764643e-14
0.16018448970356192   1.0775789494398029e-14
0.1603321078028305   1.076586820200356e-14
0.16047986193963476   1.0755956044163277e-14
0.16062775223934   1.0746053012428787e-14
0.1607757788274275   1.0736159098429828e-14
0.16092394182949377   1.0726274293777709e-14
0.16107224137125115   1.071639859006318e-14
0.1612206775785277   1.0706531978905822e-14
0.16136925057726798   1.0696674451957511e-14
0.161517960493532   1.0686826000848892e-14
0.1616668074534962   1.0676986617189167e-14
0.16181579158345313   1.0667156292670101e-14
0.1619649130098122   1.0657335018950895e-14
0.16211417185909877   1.0647522787662962e-14
0.16226356825795504   1.0637719590505519e-14
0.16241310233313971   1.0627925419171747e-14
0.16256277421152882   1.0618140265331441e-14
0.1627125840201148   1.060836412067446e-14
0.1628625318860073   1.0598596976933846e-14
0.16301261793643296   1.0588838825818422e-14
0.16316284229873612   1.0579089659008786e-14
0.16331320510037797   1.0569349468276959e-14
0.1634637064689374   1.0559618245358649e-14
0.16361434653211063   1.0549895981960256e-14
0.1637651254177121   1.0540182669857919e-14
0.1639160432536735   1.0530478300821884e-14
0.16406710016804463   1.0520782866595997e-14
0.16421829628899312   1.0511096358948372e-14
0.16436963174480515   1.0501418769688128e-14
0.1645211066638847   1.0491750090597111e-14
0.16467272117475404   1.0482090313435577e-14
0.16482447540605438   1.0472439430050608e-14
0.164976369486545   1.0462797432253694e-14
0.16512840354510402   1.0453164311820912e-14
0.1652805777107281   1.0443540060613913e-14
0.16543289211253331   1.0433924670474654e-14
0.16558534687975424   1.042431813321546e-14
0.16573794214174467   1.0414720440691718e-14
0.1658906780279775   1.0405131584783115e-14
0.16604355466804535   1.0395551557338825e-14
0.1661965721916599   1.0385980350207966e-14
0.1663497307286524   1.0376417955307071e-14
0.16650303040897363   1.0366864364521671e-14
0.16665647136269468   1.0357319569694806e-14
0.1668100537200059   1.0347783562780051e-14
0.1669637776112179   1.033825633568635e-14
0.16711764316676112   1.032873788028898e-14
0.1672716505171867   1.0319228188540278e-14
0.16742579979316569   1.0309727252384202e-14
0.16758009112548963   1.0300235063731154e-14
0.1677345246450704   1.0290751614529387e-14
0.16788910048294114   1.0281276896758665e-14
0.16804381877025518   1.0271810902364311e-14
0.16819867963828683   1.0262353623290718e-14
0.16835368321843125   1.0252905051553314e-14
0.16850882964220526   1.0243465179132062e-14
0.16866411904124626   1.0234033997968512e-14
0.1688195515473132   1.0224611500112737e-14
0.16897512729228628   1.0215197677570004e-14
0.1691308464081677   1.0205792522304615e-14
0.16928670902708085   1.0196396026375718e-14
0.16944271528127097   1.0187008181819829e-14
0.1695988653031051   1.0177628980635691e-14
0.16975515922507275   1.0168258414880422e-14
0.16991159717978496   1.0158896476624194e-14
0.17006817929997517   1.0149543157898627e-14
0.17022490571849896   1.014019845076028e-14
0.17038177656833495   1.0130862347312884e-14
0.17053879198258365   1.012153483962045e-14
0.1706959520944685   1.0112215919739014e-14
0.1708532570373355   1.0102905579806175e-14
0.1710107069446541   1.0093603811918318e-14
0.17116830195001612   1.0084310608132217e-14
0.1713260421871368   1.0075025960617837e-14
0.17148392778985433   1.006574986149741e-14
0.1716419588921308   1.0056482302846765e-14
0.17180013562805127   1.0047223276850238e-14
0.17195845813182445   1.0037972775657874e-14
0.17211692653778263   1.0028730791376279e-14
0.17227554098038242   1.001949731619265e-14
0.17243430159420373   1.0010272342288496e-14
0.17259320851395074   1.0001055861801218e-14
0.1727522618744516   9.991847866921387e-15
0.17291146181065922   9.982648349861255e-15
0.17307080845765033   9.973457302787443e-15
0.1732303019506263   9.964274717894647e-15
0.17338994242491299   9.955100587426544e-15
0.17354973001596144   9.945934903580062e-15
0.17370966485934697   9.936777658555295e-15
0.1738697470907701   9.92762884462474e-15
0.17402997684605614   9.918488454014025e-15
0.17419035426115614   9.909356478928086e-15
0.17435087947214592   9.900232911670279e-15
0.17451155261522686   9.891117744494931e-15
0.17467237382672562   9.88201096961382e-15
0.17483334324309516   9.872912579358942e-15
0.17499446100091354   9.863822566010568e-15
0.17515572723688488   9.854740921794145e-15
0.17531714208783916   9.845667639063921e-15
0.17547870569073296   9.836602710123638e-15
0.17564041818264847   9.827546127226284e-15
0.17580227970079448   9.818497882734872e-15
0.175964290382506   9.809457968980667e-15
0.17612645036524516   9.800426378242366e-15
0.17628875978660022   9.791403102893676e-15
0.17645121878428624   9.78238813529305e-15
0.1766138274961457   9.773381467744564e-15
0.17677658606014762   9.764383092633174e-15
0.1769394946143883   9.755393002344145e-15
0.17710255329709115   9.746411189207907e-15
0.1772657622466075   9.737437645620759e-15
0.17742912160141563   9.72847236399353e-15
0.17759263150012158   9.719515336686018e-15
0.17775629208145902   9.710566556106307e-15
0.17792010348428997   9.701626014687156e-15
0.1780840658476038   9.692693704801192e-15
0.17824817931051834   9.683769618871693e-15
0.1784124440122792   9.67485374936636e-15
0.1785768600922611   9.665946088692727e-15
0.17874142768996643   9.65704662928909e-15
0.1789061469450265   9.648155363635908e-15
0.17907101799720102   9.639272284160622e-15
0.17923604098637902   9.630397383317e-15
0.179401216052578   9.621530653612724e-15
0.1795665433359446   9.612672087491973e-15
0.17973202297675445   9.603821677422726e-15
0.17989765511541297   9.594979415944108e-15
0.1800634398924545   9.586145295531142e-15
0.18022937744854298   9.577319308674498e-15
0.1803954679244718   9.568501447922002e-15
0.1805617114611648   9.559691705764553e-15
0.18072810819967491   9.55089007470837e-15
0.1808946582811854   9.542096547331887e-15
0.18106136184700938   9.533311116146921e-15
0.1812282190385908   9.524533773679815e-15
0.18139522999750332   9.515764512529855e-15
0.18156239486545137   9.507003325231802e-15
0.18172971378426966   9.498250204335239e-15
0.18189718689592427   9.489505142454962e-15
0.18206481434251146   9.480768132142538e-15
0.18223259626625865   9.472039165968159e-15
0.18240053280952423   9.463318236570784e-15
0.1825686241147982   9.454605336520834e-15
0.18273687032470146   9.445900458412152e-15
0.18290527158198638   9.437203594902538e-15
0.18307382802953678   9.428514738580659e-15
0.18324253981036873   9.419833882065127e-15
0.18341140706762948   9.411161018031926e-15
0.18358042994459844   9.402496139087296e-15
0.18374960858468684   9.393839237875801e-15
0.18391894313143864   9.385190307090927e-15
0.18408843372852948   9.376549339355855e-15
0.1842580805197677   9.367916327342189e-15
0.18442788364909382   9.359291263760338e-15
0.18459784326058173   9.350674141249714e-15
0.18476795949843747   9.342064952510126e-15
0.1849382325070001   9.333463690268203e-15
0.18510866243074156   9.324870347174329e-15
0.18527924941426752   9.316284915959612e-15
0.18544999360231632   9.307707389368958e-15
0.18562089513975985   9.299137760077647e-15
0.18579195417160335   9.29057602084214e-15
0.18596317084298622   9.282022164417431e-15
0.18613454529918108   9.273476183482171e-15
0.18630607768559465   9.264938070831597e-15
0.18647776814776734   9.256407819238801e-15
0.18664961683137438   9.24788542139549e-15
0.1868216238822246   9.2393708701308e-15
0.18699378944626144   9.230864158230859e-15
0.18716611366956257   9.222365278406918e-15
0.18733859669834096   9.213874223516332e-15
0.18751123867894365   9.205390986352542e-15
0.18768403975785278   9.196915559653638e-15
0.1878570000816853   9.188447936297428e-15
0.1880301197971938   9.17998810908524e-15
0.1882033990512656   9.171536070786287e-15
0.18837683799092356   9.163091814296264e-15
0.18855043676332578   9.15465533242691e-15
0.18872419551576664   9.146226617986127e-15
0.18889811439567558   9.137805663879956e-15
0.18907219355061802   9.129392462929828e-15
0.18924643312829584   9.120987007983543e-15
0.1894208332765465   9.112589291956818e-15
0.18959539414334392   9.104199307684117e-15
0.18977011587679815   9.095817048053665e-15
0.18994499862515632   9.087442505986783e-15
0.19012004253680165   9.079075674317248e-15
0.1902952477602542   9.070716545978934e-15
0.19047061444417077   9.062365113907177e-15
0.19064614273734573   9.05402137095462e-15
0.19082183278870998   9.04568531009092e-15
0.19099768474733186   9.03735692425549e-15
0.1911736987624169   9.029036206294651e-15
0.1913498749833087   9.020723149234667e-15
0.1915262135594879   9.01241774601126e-15
0.1917027146405731   9.004119989520563e-15
0.1918793783763206   8.995829872791223e-15
0.19205620491662528   8.987547388763522e-15
0.19223319441151956   8.979272530380493e-15
0.19241034701117432   8.971005290676487e-15
0.19258766286589865   8.962745662596897e-15
0.19276514212614074   8.954493639132764e-15
0.19294278494248682   8.946249213323499e-15
0.1931205914656621   8.938012378113948e-15
0.19329856184653052   8.929783126546955e-15
0.1934766962360956   8.921561451668686e-15
0.1936549947854994   8.913347346432807e-15
0.19383345764602358   8.905140803929814e-15
0.19401208496908892   8.896941817201789e-15
0.19419087690625633   8.88875037922201e-15
0.19436983360922583   8.88056648311592e-15
0.19454895522983745   8.872390121915528e-15
0.1947282419200709   8.864221288643349e-15
0.1949076938320466   8.856059976432637e-15
0.1950873111180245   8.847906178315779e-15
0.19526709393040514   8.839759887372053e-15
0.19544704242172922   8.831621096735058e-15
0.19562715674467868   8.823489799436791e-15
0.19580743705207554   8.81536598861455e-15
0.19598788349688287   8.807249657401548e-15
0.19616849623220445   8.799140798835653e-15
0.1963492754112858   8.791039406106964e-15
0.19653022118751304   8.782945472332343e-15
0.1967113337144139   8.774858990585423e-15
0.1968926131456573   8.766779954078786e-15
0.19707405963505448   8.758708355921454e-15
0.19725567333655772   8.75064418924871e-15
0.19743745440426144   8.742587447270695e-15
0.19761940299240183   8.734538123093456e-15
0.19780151925535785   8.726496209915025e-15
0.19798380334765014   8.718461700942489e-15
0.19816625542394187   8.710434589278202e-15
0.19834887563903858   8.70241486818418e-15
0.19853166414788911   8.694402530848437e-15
0.19871462110558444   8.686397570414929e-15
0.19889774666735868   8.678399980164848e-15
0.1990810409885888   8.670409753270104e-15
0.19926450422479558   8.662426882940135e-15
0.1994481365316425   8.654451362455186e-15
0.1996319380649367   8.64648318499006e-15
0.19981590898062868   8.638522343819342e-15
0.2000000494348133   8.630568832211323e-15
0.20018435958372863   8.622622643321909e-15
0.20036883958375695   8.614683770504846e-15
0.20055348959142444   8.606752206996463e-15
0.20073830976340212   8.598827946026748e-15
0.2009233002565048   8.590910980940298e-15
0.201108461227692   8.583001304967982e-15
0.20129379283406768   8.575098911413871e-15
0.2014792952328812   8.567203793609645e-15
0.2016649685815262   8.559315944777937e-15
0.2018508130375416   8.551435358294906e-15
0.2020368287586113   8.543562027464994e-15
0.20222301590256508   8.535695945550015e-15
0.20240937462737757   8.527837105952736e-15
0.20259590509116904   8.519985501955877e-15
0.20278260745220603   8.512141126900308e-15
0.2029694818689003   8.504303974176884e-15
0.20315652849980984   8.49647403705581e-15
0.20334374750363857   8.48865130895822e-15
0.20353113903923722   8.480835783247671e-15
0.20371870326560237   8.473027453233869e-15
0.20390644034187724   8.465226312365471e-15
0.20409435042735158   8.457432353975316e-15
0.20428243368146248   8.449645571450864e-15
0.20447069026379344   8.441865958232996e-15
0.20465912033407513   8.434093507633783e-15
0.20484772405218524   8.426328213129683e-15
0.20503650157814945   8.41857006813099e-15
0.2052254530721403   8.410819066000914e-15
0.20541457869447807   8.403075200234338e-15
0.20560387860563062   8.395338464208231e-15
0.20579335296621434   8.387608851367554e-15
0.20598300193699298   8.379886355197213e-15
0.20617282567887865   8.372170969050936e-15
0.20636282435293155   8.364462686467222e-15
0.20655299812036093   8.356761500888323e-15
0.20674334714252396   8.349067405737615e-15
0.20693387158092671   8.341380394556038e-15
0.20712457159722394   8.333700460758787e-15
0.20731544735321997   8.326027597859045e-15
0.20750649901086757   8.318361799376342e-15
0.207697726732269   8.310703058710302e-15
0.20788913067967568   8.30305136946245e-15
0.20808071101548925   8.295406725100155e-15
0.20827246790226028   8.287769119122095e-15
0.20846440150268944   8.280138545103472e-15
0.20865651197962704   8.272514996491894e-15
0.20884879949607416   8.264898466879337e-15
0.2090412642151814   8.257288949799039e-15
0.20923390630025004   8.249686438735608e-15
0.2094267259147315   8.242090927319658e-15
0.20961972322222855   8.234502409042574e-15
0.20981289838649406   8.226920877490604e-15
0.21000625157143205   8.219346326266892e-15
0.2101997829410973   8.211778748848133e-15
0.2103934926596965   8.204218138913358e-15
0.210587380891587   8.196664490004424e-15
0.21078144780127778   8.189117795702846e-15
0.21097569355342927   8.181578049658142e-15
0.21117011831285426   8.174045245382739e-15
0.21136472224451677   8.151421220763002e-15
0.21155950551353309   8.125190560849547e-15
0.2117544682851714   8.10625322003537e-15
0.21194961072485288   8.089772802210494e-15
0.21214493299815051   8.074667046593227e-15
0.21234043527079005   8.060475532377913e-15
0.21253611770864975   8.0469510078577e-15
0.21273198047776137   8.033942339109575e-15
0.21292802374430914   8.021349069278071e-15
0.21312424767463048   8.009100364131376e-15
0.213320652435216   7.997144031003643e-15
0.21351723819271035   7.98544027892114e-15
0.21371400511391112   7.973957934161371e-15
0.21391095336576982   7.962672024386422e-15
0.21410808311539156   7.951562170064251e-15
0.21430539453003616   7.9406114766826e-15
0.21450288777711693   7.929805748874135e-15
0.21470056302420157   7.91913291889367e-15
0.2148984204390121   7.908582622593099e-15
0.21509646018942574   7.898145877878743e-15
0.21529468244347372   7.887814837802054e-15
0.21549308736934236   7.877582597640908e-15
0.21569167513537274   7.867443042091993e-15
0.21589044591006176   7.857390723466187e-15
0.2160893998620609   7.847420762554803e-15
0.21628853716017735   7.837528768104637e-15
0.21648785797337355   7.827710770355158e-15
0.2166873624707684   7.81796316557154e-15
0.2168870508216359   7.808282670127602e-15
0.21708692319540612   7.798666281251647e-15
0.21728697976166592   7.789111244138858e-15
0.21748722069015775   7.779615023813779e-15
0.2176876461507807   7.770175280709186e-15
0.21788825631359024   7.760789850175106e-15
0.21808905134879922   7.751456724096075e-15
0.21829003142677667   7.742174035329956e-15
0.21849119671804884   7.73294004401218e-15
0.2186925473932989   7.72375312528095e-15
0.21889408362336807   7.714611759017015e-15
0.21909580557925418   7.705514520118238e-15
0.21929771343211296   7.69646007036886e-15
0.2194998073532577   7.68744715105929e-15
0.21970208751416012   7.678474576158816e-15
0.21990455408644938   7.669541226760051e-15
0.22010720724191293   7.660646045420384e-15
0.2203100471524964   7.651788031614766e-15
0.22051307399030456   7.64296623740598e-15
0.2207162879276   7.634179763376929e-15
0.22091968913680438   7.62542775543443e-15
0.221123277790498   7.616709401251522e-15
0.22132705406142086   7.608023927613864e-15
0.2215310181224715   7.599370597677513e-15
0.22173517014670802   7.590748708437737e-15
0.22193951030734774   7.582157588773625e-15
0.2221440387777683   7.573596597087955e-15
0.22234875573150653   7.565065119719361e-15
0.22255366134225923   7.556562569065801e-15
0.2227587557838832   7.548088381987993e-15
0.22296403923039607   7.539642018540055e-15
0.22316951185597517   7.531222960309448e-15
0.22337517383495856   7.522830709508687e-15
0.22358102534184474   7.514464787559304e-15
0.22378706655129368   7.506124734112827e-15
0.22399329763812567   7.497810106140632e-15
0.22419971877732234   7.489520476749749e-15
0.22440633014402625   7.481255434704007e-15
0.22461313191354215   7.473014583245183e-15
0.22482012426133566   7.464797539572272e-15
0.22502730736303422   7.45660393409836e-15
0.22523468139442698   7.448433409654942e-15
0.2254422465314658   7.440285621159278e-15
0.2256500029502639   7.432160234695269e-15
0.22585795082709714   7.424056927288052e-15
0.2260660903384035   7.415975386195463e-15
0.2262744216607843   7.407915308456453e-15
0.2264829449710029   7.399876400628492e-15
0.2266916604459858   7.391858378061654e-15
0.2269005682628223   7.38386096478238e-15
0.22710966859876558   7.375883892871809e-15
0.22731896163123153   7.367926902311986e-15
0.22752844753779972   7.359989740627988e-15
0.2277381264962131   7.352072162415832e-15
0.22794799868437923   7.344173929262006e-15
0.22815806428036883   7.336294809134471e-15
0.22836832346241695   7.328434576593583e-15
0.22857877640892274   7.32059301222357e-15
0.22878942329845037   7.312769902394555e-15
0.2290002643097279   7.304965039086081e-15
0.22921129962164832   7.297178219464174e-15
0.22942252941326927   7.28940924629741e-15
0.2296339538638141   7.281657927095272e-15
0.2298455731526706   7.27392407423621e-15
0.23005738745939208   7.266207504697706e-15
0.23026939696369716   7.25850803986731e-15
0.23048160184547073   7.25082550559744e-15
0.23069400228476278   7.243159731724262e-15
0.2309065984617894   7.23551055220598e-15
0.23111939055693262   7.227877804734631e-15
0.2313323787507413   7.220261330820193e-15
0.23154556322393008   7.212660975589325e-15
0.2317589441573803   7.205076587539615e-15
0.23197252173213975   7.197508018721175e-15
0.23218629612942385   7.189955124209205e-15
0.23240026753061424   7.1824177624493e-15
0.23261443611726   7.174895794811196e-15
0.2328288020710772   7.16738908563684e-15
0.23304336557395017   7.159897502122557e-15
0.2332581268079301   7.15242091414376e-15
0.23347308595523594   7.144959194447314e-15
0.2336882431982553   7.13751221814662e-15
0.23390359871954317   7.130079863096759e-15
0.23411915270182299   7.12266200943253e-15
0.23433490532798631   7.115258539731089e-15
0.23455085678109402   7.107869338899098e-15
0.23476700724437496   7.1004942939928356e-15
0.23498335690122701   7.093133294324021e-15
0.23519990593521695   7.0857862311290085e-15
0.23541665453008126   7.078452997931514e-15
0.2356336028697252   7.071133490051059e-15
0.23585075113822368   7.063827604843717e-15
0.23606809951982097   7.056535241541926e-15
0.23628564819893186   7.0492563011465e-15
0.23650339736014042   7.041990686504409e-15
0.23672134718820104   7.034738302012122e-15
0.23693949786803808   7.0274990540153975e-15
0.23715784958474712   7.020272850212455e-15
0.23737640252359352   7.013059600135452e-15
0.23759515687001367   7.005859214803488e-15
0.2378141128096146   6.998671606710971e-15
0.23803327052817502   6.991496689862052e-15
0.23825263021164425   6.984334379619855e-15
0.23847219204614317   6.977184592852048e-15
0.23869195621796388   6.970047247552341e-15
0.23891192291357094   6.962922263377174e-15
0.23913209231960003   6.9558095611111585e-15
0.239352464622859   6.948709062832783e-15
0.23957304001032773   6.941620691823259e-15
0.23979381866915897   6.93454437254015e-15
0.24001480078667736   6.927480030745423e-15
0.24023598655038036   6.920427593148043e-15
0.240457376147938   6.913386987823999e-15
0.24067896976719388   6.9063581437057585e-15
0.2409007675961641   6.8993409909897156e-15
0.24112276982303826   6.892335460783403e-15
0.24134497663617907   6.885341485278973e-15
0.2415673882241236   6.878358997671322e-15
0.24179000477558196   6.871387932057029e-15
0.24201282647943834   6.864428223631144e-15
0.24223585352475083   6.857479808369163e-15
0.24245908610075242   6.8505426232830385e-15
0.2426825243968498   6.843616606044856e-15
0.24290616860262443   6.83670169549623e-15
0.2431300189078322   6.8297978312003034e-15
0.24335407550240468   6.822904953568657e-15
0.24357833857644767   6.816023003800345e-15
0.24380280832024245   6.809151923872675e-15
0.2440274849242454   6.8022916566596324e-15
0.24425236857908908   6.795442145627295e-15
0.24447745947558114   6.788603335215772e-15
0.24470275780470518   6.781775170358671e-15
0.24492826375762058   6.774957596942243e-15
0.2451539775256637   6.7681505613705725e-15
0.24537989930034643   6.761354010868837e-15
0.24560602927335734   6.754567893270172e-15
0.2458323676365615   6.74779215708458e-15
0.2460589145820015   6.741026751519055e-15
0.24628567030189613   6.734271626317196e-15
0.24651263498864165   6.7275267320075205e-15
0.24673980883481125   6.7207920195186904e-15
0.24696719203315645   6.7140674406313415e-15
0.2471947847766056   6.707352947472057e-15
0.24742258725826508   6.7006484929604845e-15
0.247650599671419   6.6939540304628735e-15
0.2478788222095304   6.687269513950734e-15
0.24810725506623968   6.680594897848837e-15
0.24833589843536616   6.673930137179864e-15
0.24856475251090734   6.6672751875763154e-15
0.24879381748704035   6.660630005059971e-15
0.24902309355812052   6.6539945463040335e-15
0.24925258091868246   6.647368768288849e-15
0.2494822797634399   6.640752628715946e-15
0.24971219028728667   6.634146085583612e-15
0.2499423126852955   6.627549097483457e-15
0.25017264715271886   6.620961623267036e-15
0.25040319388499   6.614383622491715e-15
0.2506339530777214   6.607815055034044e-15
0.25086492492670615   6.601255881261151e-15
0.2510961096279174   6.594706061952127e-15
0.2513275073775098   6.588165558288557e-15
0.25155911837181794   6.58163433193819e-15
0.25179094280735753   6.575112344869256e-15
0.25202298088082525   6.568599559608608e-15
0.2522552327890998   6.562095938884532e-15
0.2524876987292404   6.555601446047522e-15
0.25272037889848825   6.5491160445821405e-15
0.2529532734942661   6.542639698601052e-15
0.2531863827141793   6.53617237236659e-15
0.2534197067560146   6.5297140306896895e-15
0.2536532458177412   6.5232646385984815e-15
0.2538870000975106   6.516824161579602e-15
0.25412096979365756   6.510392565367561e-15
0.2543551551046989   6.503969816105496e-15
0.25458955622933466   6.497555880339537e-15
0.25482417336644775   6.491150724859932e-15
0.255059006715105   6.4847543167908755e-15
0.2552940564745561   6.478366623486875e-15
0.25552932284423446   6.471987612864143e-15
0.2557648060237572   6.465617252956569e-15
0.2560005062129259   6.45925551221502e-15
0.25623642361172577   6.452902359132211e-15
0.2564725584203264   6.446557762903618e-15
0.2567089108390817   6.440221692696098e-15
0.2569454810685309   6.433894118189124e-15
0.2571822693093973   6.427575009102676e-15
0.25741927576258944   6.421264335687278e-15
0.25765650062920076   6.414962068362458e-15
0.25789394411051075   6.408668177839553e-15
0.25813160640798366   6.4023826350248326e-15
0.2583694877232696   6.396105411155424e-15
0.25860758825820435   6.38983647768323e-15
0.25884590821481035   6.38357580632878e-15
0.25908444779529555   6.377323369148516e-15
0.25932320720205443   6.371079138345654e-15
0.2595621866376677   6.36484308646093e-15
0.2598013863049036   6.3586151861606385e-15
0.26004080640671656   6.3523954104803166e-15
0.260280447146248   6.346183732492311e-15
0.2605203087268266   6.339980125797213e-15
0.26076039135196893   6.3337845640062886e-15
0.26100069522537855   6.327597021074105e-15
0.2612412205509469   6.321417470915657e-15
0.26148196753275305   6.315245888068993e-15
0.261722936375065   6.309082246962159e-15
0.2619641272823381   6.3029265224767376e-15
0.26220554045921646   6.2967786894283235e-15
0.2624471761105324   6.290638723145166e-15
0.26268903444130803   6.28450659899588e-15
0.26293111565675337   6.278382292612353e-15
0.2631734199622679   6.272265779658387e-15
0.2634159475634401   6.266157036212468e-15
0.2636586986660488   6.260056038429783e-15
0.2639016734760615   6.253962762729792e-15
0.264144872199636   6.247877185606353e-15
0.2643882950431196   6.24179928385302e-15
0.2646319422130507   6.235729034418106e-15
0.26487581391615717   6.229666414434748e-15
0.2651199103593576   6.22361140120051e-15
0.2653642317497612   6.21756397219276e-15
0.26560877829466867   6.2115241050453615e-15
0.265853550201571   6.205491777564545e-15
0.26609854767815055   6.1994669678078994e-15
0.266343770932281   6.19344965391761e-15
0.26658922017202835   6.1874398142605575e-15
0.2668348956056494   6.1814374273000945e-15
0.26708079744159324   6.175442471718402e-15
0.2673269258885009   6.169454926269828e-15
0.2675732811552062   6.163474770032217e-15
0.26781986345073483   6.1575019820901414e-15
0.2680666729843051   6.151536541795791e-15
0.26831370996532883   6.145578428534283e-15
0.2685609746034101   6.139627621952251e-15
0.2688084671083464   6.133684101694962e-15
0.26905618769012823   6.127747847779089e-15
0.26930413655894053   6.12181884017201e-15
0.269552313925161   6.115897059120193e-15
0.26980071999936156   6.1099824848343174e-15
0.27004935499230787   6.1040750979149875e-15
0.2702982191149607   6.09817487888818e-15
0.2705473125784744   6.092281808567885e-15
0.27079663559419814   6.086395867709392e-15
0.2710461883736756   6.080517037465801e-15
0.27129597112864623   6.074645298899699e-15
0.27154598407104374   6.0687806333743555e-15
0.2717962274129976   6.062923022212912e-15
0.27204670136683223   6.057072447011257e-15
0.27229740614506875   6.05122888926393e-15
0.2725483419604232   6.045392330965046e-15
0.27279950902580796   6.03956275398548e-15
0.27305090755433137   6.033740140373356e-15
0.27330253775929897   6.02792447216463e-15
0.273554399854212   6.022115731752134e-15
0.2738064940527687   6.016313901415518e-15
0.2740588205688641   6.010518963792646e-15
0.27431137961659113   6.00473090143885e-15
0.27456417141023903   5.9989496971476015e-15
0.27481719616429506   5.9931753336746925e-15
0.2750704540934437   5.987407794100089e-15
0.2753239454125681   5.981647061442085e-15
0.2755776703367486   5.975893118923497e-15
0.27583162908126413   5.9701459497623e-15
0.27608582186159164   5.964405537456262e-15
0.27634024889340747   5.958671865471295e-15
0.276594910392586   5.9529449174108535e-15
0.27684980657520064   5.947224676925165e-15
0.27710493765752386   5.941511127976327e-15
0.27736030385602817   5.935804254475443e-15
0.2776159053873846   5.930104040364079e-15
0.2778717424684644   5.924410469740684e-15
0.2781278153163382   5.918723526906911e-15
0.27838412414827757   5.913043196182004e-15
0.27864066918175345   5.907369461975644e-15
0.2788974506344375   5.901702308812375e-15
0.27915446872420174   5.896041721238069e-15
0.27941172366911965   5.890387683993138e-15
0.27966921568746506   5.88474018181811e-15
0.27992694499771303   5.879099199660343e-15
0.2801849118185397   5.873431568125542e-15
0.2804431163688238   5.8677573651638285e-15
0.28070155886764464   5.862059840491194e-15
0.2809602395342838   5.856360437053592e-15
0.28121915858822466   5.850646529577191e-15
0.2814783162491538   5.84493535240277e-15
0.28173771273695936   5.839212331589969e-15
0.28199734827173223   5.833494177844983e-15
0.2822572230737661   5.827765462726395e-15
0.2825173373635584   5.8220420794070786e-15
0.28277769136180886   5.8163108233805805e-15
0.28303828528942093   5.810584050296486e-15
0.2832991193675014   5.804851931787068e-15
0.2835601938173616   5.7991233347136865e-15
0.283821508860516   5.793391257064798e-15
0.28408306471868344   5.7876618571583805e-15
0.2843448616137869   5.781930735115496e-15
0.2846068997679546   5.776201490668594e-15
0.2848691794035187   5.7704720365131264e-15
0.2851317007430165   5.764743690148173e-15
0.2853944640091901   5.759016480855567e-15
0.2856574694249877   5.753289688842727e-15
0.28592071721356216   5.747565300492733e-15
0.28618420759827223   5.7418405839316e-15
0.2864479408026822   5.736119390994265e-15
0.2867119170505633   5.730397174421908e-15
0.28697613656589205   5.724679550833525e-15
0.2872405995728514   5.718960262253316e-15
0.28750530629583176   5.713246411402933e-15
0.2877702569594295   5.7075306521768725e-15
0.2880354517884482   5.701820180581388e-15
0.28830089100789835   5.696108924594089e-15
0.28856657484299864   5.690402057435449e-15
0.2888325035191745   5.684695610172012e-15
0.2890986772620593   5.6789926818455495e-15
0.2893650962974941   5.6732912813697474e-15
0.289631760851529   5.667592570675717e-15
0.28989867115042145   5.6618964550060796e-15
0.29016582742063785   5.6562021603905275e-15
0.2904332298888528   5.650511433797147e-15
0.2907008787819508   5.644821821204675e-15
0.29096877432702456   5.6391367879613745e-15
0.29123691675137636   5.6334519918835866e-15
0.2915053062825176   5.627772559114267e-15
0.29177394314817023   5.622092947764939e-15
0.29204282757626526   5.616418595652385e-15
0.2923119597949439   5.610745139118532e-15
0.29258134003255754   5.605076054811727e-15
0.29285096851766856   5.599408856757066e-15
0.2931208454790495   5.593745163259754e-15
0.2933909711456836   5.58808432739031e-15
0.29366134574676506   5.582426030172026e-15
0.2939319695117002   5.5767714611603345e-15
0.29420284267010577   5.571118924042569e-15
0.2944739654518105   5.56547119089067e-15
0.2947453380868545   5.5598248489067875e-15
0.29501696080549084   5.5541838141188005e-15
0.29528883383818394   5.548543355806559e-15
0.2955609574156108   5.542907882971005e-15
0.2958333317686608   5.537274454502713e-15
0.29610595712843685   5.531645121553364e-15
0.2963788337262541   5.526018693587713e-15
0.2966519617936412   5.520395824932968e-15
0.2969253415623395   5.514777031565407e-15
0.29719897326430533   5.509160024623173e-15
0.2974728571317075   5.5035475103158005e-15
0.29774699339692917   5.497937523978719e-15
0.29802138229256747   5.49233283584056e-15
0.2982960240514346   5.4867293547837614e-15
0.2985709189065566   5.4811305967485755e-15
0.29884606709117445   5.475533987921124e-15
0.29912146883874363   5.469941701810111e-15
0.299397124382936   5.464353261818143e-15
0.29967303395763745   5.4587679743524924e-15
0.2999491977969502   5.453187011014675e-15
0.30022561613519133   5.447608850195749e-15
0.3005022892068953   5.442035952566458e-15
0.3007792172468115   5.436463833999177e-15
0.301056400489906   5.430897065687961e-15
0.3013338391713611   5.425333677548058e-15
0.30161153352657677   5.419774171627464e-15
0.301889483791169   5.414217500575152e-15
0.30216769020097123   5.408664830276262e-15
0.30244615299203387   5.403116832116671e-15
0.3027248724006258   5.39757161233307e-15
0.30300384866323277   5.392031532784696e-15
0.30328308201655874   5.386492855862617e-15
0.30356257269752546   5.380959396035532e-15
0.30384232094327396   5.375429322041232e-15
0.30412232699116293   5.369903458489473e-15
0.30440259107877   5.364381298186012e-15
0.30468311344389154   5.358862910280853e-15
0.30496389432454396   5.353349295202913e-15
0.305244933958962   5.3478375676334474e-15
0.30552623258560047   5.342330905948643e-15
0.30580779044313333   5.336827749926155e-15
0.3060896077704556   5.331329225932453e-15
0.30637168480668153   5.325833887327535e-15
0.306654021791146   5.3203426269421325e-15
0.306936618963404   5.314855737453837e-15
0.3072194765632325   5.3093716429139396e-15
0.30750259483062836   5.3038924930480195e-15
0.3077859740058095   5.298416580626006e-15
0.30806961432921626   5.292945538420581e-15
0.3083535160415097   5.287477349469774e-15
0.3086376793835727   5.282013711226684e-15
0.30892210459651026   5.2765545346469446e-15
0.30920679192165   5.271098780617809e-15
0.30949174160054144   5.265647930757098e-15
0.3097769538749567   5.260199686521166e-15
0.31006242898689046   5.254756562403983e-15
0.3103481671785615   5.24931716747389e-15
0.3106341686924108   5.2438820074730726e-15
0.3109204337711029   5.238450872854759e-15
0.31120696265752595   5.233023129072869e-15
0.3114937555947927   5.227600228884517e-15
0.31178081282623893   5.222180508858896e-15
0.3120681345954252   5.216765850527303e-15
0.312355721146136   5.211354924395129e-15
0.3126435727223816   5.205948416734784e-15
0.312931689568396   5.20054631409948e-15
0.31322007192863877   5.195147423549985e-15
0.3135087200477943   5.189753403832736e-15
0.31379763417077355   5.184363177157587e-15
0.31408681454271214   5.1789776594777015e-15
0.31437626140897196   5.1735955359370046e-15
0.3146659750151406   5.168217591315667e-15
0.31495595560703304   5.162844200581709e-15
0.3152462034306899   5.157474809670782e-15
0.31553671873237854   5.1521103654568135e-15
0.3158275017585933   5.146748715842735e-15
0.31611855275605644   5.141391912569428e-15
0.31640987197171677   5.1360395849070326e-15
0.3167014596527508   5.1306910822203945e-15
0.31699331604656267   5.125347396112783e-15
0.3172854414007854   5.120006774768479e-15
0.31757783596327926   5.1146711838137935e-15
0.31787049998213335   5.1093397599425366e-15
0.31816343370566486   5.1040128411209194e-15
0.3184566373824211   5.098690647264888e-15
0.3187501112611771   5.093371257586472e-15
0.31904385559093773   5.0880567697365535e-15
0.319337870620937   5.082746743494039e-15
0.31963215660063937   5.077441110503696e-15
0.31992671377973847   5.0721395989034065e-15
0.32022154240815814   5.066842169784783e-15
0.3205166427360524   5.061549652568741e-15
0.3208120150138067   5.0562602153474654e-15
0.3211076594920361   5.0509758361759824e-15
0.3214035764215873   5.045696153996938e-15
0.3216997660535375   5.040420234415895e-15
0.3219962286391964   5.035148979690092e-15
0.32229296443010436   5.0298813039209205e-15
0.32258997367803377   5.024618511910399e-15
0.3228872566349888   5.019359853006299e-15
0.3231848135532067   5.0141054693342856e-15
0.3234826446851564   5.008855826776614e-15
0.3237807502835397   5.003609822118485e-15
0.3240791306012909   4.998368654565909e-15
0.32437778589157845   4.993131516185327e-15
0.3246767164078031   4.9878990645388325e-15
0.32497592240359946   4.982671529502799e-15
0.3252754041328355   4.977447048924245e-15
0.32557516184961427   4.9722274700815426e-15
0.32587519580827184   4.967012348179549e-15
0.3261755062633791   4.961801511909259e-15
0.3264760934697411   4.956595283485706e-15
0.3267769576823988   4.9513932714853545e-15
0.32707809915662717   4.9461958877271006e-15
0.3273795181479367   4.941001982416264e-15
0.32768121491207314   4.935813079424959e-15
0.32798318970501883   4.930629301983224e-15
0.328285442782991   4.925448457930434e-15
0.32858797440244336   4.9202724664563904e-15
0.3288907848200657   4.915100923584177e-15
0.3291938742927851   4.9099339131116916e-15
0.32949724307776485   4.904771789851434e-15
0.32980089143240515   4.899613092282038e-15
0.33010481961434324   4.894459272857137e-15
0.33040902788145476   4.889309941775656e-15
0.3307135164918521   4.884164580923323e-15
0.33101828570388536   4.87902388681301e-15
0.3313233357761438   4.873887295833734e-15
0.331628666967454   4.868755471557114e-15
0.3319342795368813   4.8636282047426255e-15
0.3322401737437296   4.858504717031708e-15
0.33254634984754267   4.85338591106502e-15
0.33285280810810236   4.8482712972612895e-15
0.33315954878543047   4.8431612933550145e-15
0.333466572139788   4.838055945071944e-15
0.3337738784316767   4.832954716544624e-15
0.3340814679218375   4.827858268758599e-15
0.33438934087125194   4.8227661301028596e-15
0.3346974975411417   4.817678003903852e-15
0.33500593819297014   4.812594416378314e-15
0.3353146630884407   4.807515435517689e-15
0.3356236724894982   4.802440914549956e-15
0.3359329666583286   4.797370463048507e-15
0.3362425458573605   4.792304728359574e-15
0.33655241034926325   4.787243742359022e-15
0.3368625603969487   4.782186363000031e-15
0.33717299626357045   4.777133828173782e-15
0.3374837182125259   4.772086205014976e-15
0.33779472650745396   4.767041947758054e-15
0.33810602141223695   4.762002556458995e-15
0.33841760319099995   4.756967920974824e-15
0.3387294721081126   4.751937514094137e-15
0.33904162842818697   4.746911764235857e-15
0.3393540724160794   4.7418900646073084e-15
0.33966680433689   4.736872836710243e-15
0.3399798244559642   4.731860160362232e-15
0.34029313303889086   4.7268514297352784e-15
0.3406067303515041   4.72184731917862e-15
0.34092061665988244   4.716847496441504e-15
0.3412347922303508   4.7118523223787444e-15
0.34154925732947855   4.706861906885598e-15
0.3418640122240809   4.701875527074522e-15
0.34217905718121866   4.696893529679523e-15
0.3424943924681999   4.691916083970636e-15
0.34281001835257774   4.686943109142145e-15
0.3431259351021525   4.681974450717026e-15
0.3434421429849707   4.677009726273419e-15
0.3437586422693271   4.672049561627628e-15
0.34407543322376255   4.6670942038190704e-15
0.3443925161170658   4.662143429257961e-15
0.3447098912182729   4.657196874255898e-15
0.34502755879666885   4.65225483462222e-15
0.34534551912178585   4.647316683308323e-15
0.3456637724634048   4.642383251119569e-15
0.3459823190915548   4.637454550699241e-15
0.34630115927651495   4.632529682165909e-15
0.34662029328881233   4.627609293607722e-15
0.3469397213992237   4.622693136906868e-15
0.34725944387877494   4.617781483464907e-15
0.34757946099874276   4.612874565800326e-15
0.3478997730306529   4.6079721774806585e-15
0.34822038024628155   4.603073916988485e-15
0.3485412829176551   4.59818009244828e-15
0.34886248131705166   4.593290152300898e-15
0.3491839757169992   4.588404834993511e-15
0.34950576639027714   4.583524215257417e-15
0.349827853609916   4.578647947103048e-15
0.3501502376491989   4.573775170072196e-15
0.3504729187816598   4.5689056649708984e-15
0.3507958972810851   4.564040539362023e-15
0.3511191734215131   4.559182653432759e-15
0.35144274747723575   4.5543337149264025e-15
0.35176661972279666   4.549484495299363e-15
0.3520907904329928   4.544637317901668e-15
0.35241525988287414   4.539790515669442e-15
0.35274002834774504   4.534953325683678e-15
0.3530650961031626   4.530122707977609e-15
0.35339046342493813   4.525297002958034e-15
0.35371613058913687   4.520472007354017e-15
0.3540420978720794   4.515649791773735e-15
0.35436836555034   4.5108324788552235e-15
0.35469493390074774   4.50602383569255e-15
0.35502180320038795   4.501222203444192e-15
0.3553489737266001   4.496419552820503e-15
0.3556764457569799   4.491618379991528e-15
0.35600421956937806   4.4868192561903855e-15
0.3563322954419028   4.482031237307361e-15
0.3566606736529174   4.477248079386078e-15
0.35698935448104213   4.4724697764046725e-15
0.35731833820515346   4.467690222183224e-15
0.35764762510438614   4.462918141822158e-15
0.357977215458131   4.458154379715518e-15
0.3583071095460367   4.453389585082594e-15
0.35863730764800916   4.4486291895654016e-15
0.3589678100442135   4.443873622702941e-15
0.35929861701507193   4.439122878949464e-15
0.3596297288412653   4.4343769521591745e-15
0.35996114580373284   4.429635836311716e-15
0.3602928681836738   4.424893975242406e-15
0.36062489626254535   4.420158550031849e-15
0.36095723032206467   4.415431843898803e-15
0.36128987064420787   4.410704451345582e-15
0.3616228175112122   4.405983358130337e-15
0.36195607120557394   4.4012710091955264e-15
0.3622896320100499   4.396557980931005e-15
0.3626235002076572   4.39184889935416e-15
0.362957676081675   4.3871445862915535e-15
0.3632921599156422   4.382445035443134e-15
0.36362695199335937   4.377750241301872e-15
0.3639620525988884   4.37306019807148e-15
0.3642974620165541   4.36836934473064e-15
0.36463318053094196   4.363685015351742e-15
0.3649692084269002   4.359009202585992e-15
0.3653055459895393   4.354332432018785e-15
0.36564219350423344   4.3496624629048005e-15
0.3659791512566187   4.3450008294985646e-15
0.3663164195325948   4.340338040587403e-15
0.36665399861832454   4.335679580148126e-15
0.3669918888002356   4.3310258296209315e-15
0.3673300903650184   4.326376782185917e-15
0.367668603599628   4.321732433447152e-15
0.3680074287912835   4.31709264097106e-15
0.3683465662274699   4.3124514315807824e-15
0.3686860161959359   4.30781833240681e-15
0.3690257789846957   4.30319225975732e-15
0.3693658548820287   4.298565096716111e-15
0.36970624417648107   4.293946385103629e-15
0.3700469471568636   4.289333933966202e-15
0.3703879641122538   4.2847207670499834e-15
0.37072929533199506   4.280112258288786e-15
0.3710709411056987   4.275508402298237e-15
0.3714129017232416   4.2709091934619926e-15
0.3717551774747684   4.266314626829021e-15
0.37209776865069044   4.261722921622417e-15
0.37244067554168814   4.257131406255874e-15
0.3727838984387084   4.252549667902004e-15
0.37312743763296685   4.247971320243986e-15
0.37347129341594687   4.243393682909959e-15
0.3738154660794018   4.238820664957129e-15
0.3741599559153526   4.2342551435852454e-15
0.3745047632160897   4.2296974651174075e-15
0.3748498882741727   4.225138261401732e-15
0.37519533138243166   4.220580147916599e-15
0.3755410928339656   4.216024674503362e-15
0.37588717292214385   4.211479258012971e-15
0.37623357194060586   4.206938423985438e-15
0.37658029018326267   4.202400732042365e-15
0.37692732794429523   4.197862853956572e-15
0.37727468551815585   4.193334447517181e-15
0.3776223631995677   4.1888097204525864e-15
0.377970361283527   4.1842855424754795e-15
0.3783186800653004   4.1797659240368265e-15
0.3786673198404271   4.175250860422095e-15
0.3790162809047184   4.170740346437692e-15
0.3793655635542592   4.166234376317147e-15
0.37971516808540623   4.161729143219024e-15
0.3800650947947892   4.15722722390573e-15
0.3804153439793124   4.152734865732895e-15
0.38076591593615267   4.148242349774259e-15
0.3811168109627609   4.143752869806696e-15
0.38146802935686186   4.139267912924027e-15
0.3818195714164558   4.134793078031002e-15
0.3821714374398164   4.1303203044261545e-15
0.38252362772549275   4.125848460527786e-15
0.3828761425723084   4.121375373785252e-15
0.38322898227936375   4.116910789337767e-15
0.38358214714603345   4.112452860968941e-15
0.38393563747196857   4.107999419941747e-15
0.3842894535570958   4.103545428368833e-15
0.3846435957016196   4.099094802962402e-15
0.3849980642060197   4.094648659042951e-15
0.3853528593710531   4.090206991933979e-15
0.3857079814977539   4.0857697958837216e-15
0.38606343088743444   4.081337066082107e-15
0.38641920784168377   4.076908798027241e-15
0.38677531266236914   4.07248498624327e-15
0.38713174565163566   4.068063358163977e-15
0.38748850711190796   4.063642313888486e-15
0.3878455973458884   4.059225720526519e-15
0.38820301665655854   4.054813573682125e-15
0.3885607653471787   4.0504058682064185e-15
0.38891884372129   4.046002598340413e-15
0.389277252082712   4.041603760162052e-15
0.3896359907355447   4.0372093485086104e-15
0.38999505998416795   4.032819358311718e-15
0.39035446013324315   4.028427751758703e-15
0.3907141914877115   4.0240441232244696e-15
0.3910742543527955   4.019666117839801e-15
0.3914346490339985   4.015287665786469e-15
0.39179537583710655   4.010913620832742e-15
0.3921564350681865   4.0065439775772755e-15
0.3925178270335874   4.002178429873002e-15
0.39287955203994035   3.997811473862166e-15
0.3932416103941603   3.9934529857142746e-15
0.3936040024034437   3.989099161866216e-15
0.39396672837527047   3.984745371797629e-15
0.39432978861740364   3.980395964119905e-15
0.394693183437891   3.976050934192204e-15
0.39505691314506297   3.9717102772080145e-15
0.39542097804753457   3.967373988237969e-15
0.3957853784542048   3.963037296580473e-15
0.3961501146742585   3.958706155982764e-15
0.3965151870171643   3.954382700798606e-15
0.39688059579267637   3.950057767814095e-15
0.3972463413108339   3.945737189291324e-15
0.39761242388196316   3.941420960105394e-15
0.39797884381667503   3.937109075045737e-15
0.39834560142586706   3.932801530221597e-15
0.39871269702072304   3.928494804255249e-15
0.3990801309127145   3.924189862765368e-15
0.39944790341359904   3.919889256705939e-15
0.39981601483542184   3.9155929808032754e-15
0.4001844654905153   3.911301031229471e-15
0.4005532556915007   3.9070134033786965e-15
0.40092238575128647   3.902730092139035e-15
0.40129185598306955   3.898446310714728e-15
0.40166166670033526   3.89416557318749e-15
0.402031818216859   3.889889148250913e-15
0.40240231084670414   3.885617031088968e-15
0.4027731449042237   3.881349217162231e-15
0.40314432070406025   3.877085701883298e-15
0.40351583856114737   3.872826223081566e-15
0.4038876987907077   3.8685652525312674e-15
0.4042599017082547   3.864308576618131e-15
0.40463244762959233   3.860056190538169e-15
0.40500533687081675   3.85580808951933e-15
0.4053785697483141   3.85156426974216e-15
0.4057521465787626   3.847320657628626e-15
0.4061260676791318   3.843081396803125e-15
0.40650033336668473   3.8388503969984146e-15
0.40687494395897544   3.834617643483731e-15
0.4072498997738507   3.830389157844604e-15
0.4076252011294513   3.8261629280407915e-15
0.4080008483442101   3.821936951671208e-15
0.4083768417368538   3.8177152398725415e-15
0.4087531816264024   3.8134977872922615e-15
0.40912986833217113   3.809284589811391e-15
0.40950690217376823   3.805075643274125e-15
0.40988428347109684   3.800870942004048e-15
0.4102620125443547   3.796666319726034e-15
0.4106400897140356   3.792464103494449e-15
0.4110185153009276   3.788266129384914e-15
0.41139728962611477   3.784072393115183e-15
0.41177641301097667   3.7798828903296e-15
0.41215588577719026   3.7756951557886435e-15
0.4125357082467276   3.7715081217337995e-15
0.4129158807418581   3.767325317640937e-15
0.41329640358514746   3.7631467391187e-15
0.41367727709946017   3.7589695975170024e-15
0.4140585016079568   3.754794398516579e-15
0.4144400774340963   3.7506284802289545e-15
0.4148220049016351   3.746461732079981e-15
0.41520428433462947   3.742295067256449e-15
0.4155869160574328   3.738131193226805e-15
0.41596990039469806   3.73397614351561e-15
0.41635323767137683   3.729819796922738e-15
0.41673692821272146   3.725667186764509e-15
0.41712097234428275   3.7215169003751005e-15
0.41750537039191193   3.717366816303327e-15
0.4178901226817602   3.713226806856931e-15
0.41827522954028035   3.7090867305583655e-15
0.418660691294225   3.7049466662319445e-15
0.41904650827064827   3.700808043772314e-15
0.4194326807969051   3.696678845160575e-15
0.41981920920065346   3.692548917653278e-15
0.4202060938098521   3.6884221384742354e-15
0.42059333495276224   3.684298108358104e-15
0.42098093295794736   3.680173751486285e-15
0.42136888815427487   3.676053577230783e-15
0.42175720087091406   3.671937581207726e-15
0.42214587143733795   3.667825759259676e-15
0.42253490018332274   3.663717575446073e-15
0.4229242874389499   3.6596081639049765e-15
0.4233140335346037   3.655502923687936e-15
0.42370413880097335   3.651398752024675e-15
0.42409460356905243   3.64729592692392e-15
0.42448542817014073   3.643197270484439e-15
0.42487661293584217   3.63910277805351e-15
0.42526815819806657   3.635012445705048e-15
0.4256600642890293   3.630923855631016e-15
0.4260523315412531   3.62683592687044e-15
0.42644496028756596   3.622752155318816e-15
0.4268379508611029   3.6186674613020975e-15
0.4272313035953055   3.614586099094773e-15
0.427625018823924   3.6105088916197915e-15
0.4280190968810149   3.6064355483217926e-15
0.428413538100943   3.60236074593152e-15
0.42880834281838076   3.598290095356039e-15
0.4292035113683103   3.594223592733255e-15
0.4295990440860213   3.590159760338406e-15
0.42999494130711263   3.586095660749646e-15
0.43039120336749226   3.582035706390783e-15
0.4307878306033789   3.577979893422919e-15
0.4311848233512997   3.573925482531145e-15
0.4315821819480925   3.569872070855447e-15
0.43197990673090514   3.565822797678006e-15
0.4323779980371973   3.561772088952113e-15
0.43277645620473854   3.557725224337779e-15
0.43317528157161   3.553679919914042e-15
0.43357447447620395   3.549636561342741e-15
0.4339740352572259   3.545602103350156e-15
0.434373964253692   3.5415608212877994e-15
0.43477426180493156   3.5375269275386955e-15
0.4351749282505859   3.5334938971640492e-15
0.4355759639306107   3.529459517277986e-15
0.4359773691852737   3.5254340107283772e-15
0.43637914435515657   3.521407115722358e-15
0.43678128978115444   3.51738402109673e-15
0.4371838058044779   3.5133623871775657e-15
0.4375866927666507   3.509341710208891e-15
0.4379899510095112   3.5053251618911416e-15
0.4383935808752143   3.50130705310428e-15
0.4387975827062287   3.4972929294189995e-15
0.4392019568453393   3.4932800236542974e-15
0.4396067036356463   3.4892683316175714e-15
0.4400118234205675   3.4852607680239192e-15
0.4404173165438359   3.4812573277304868e-15
0.4408231833495016   3.4772533794690154e-15
0.44122942418193134   3.473249090957876e-15
0.4416360393858106   3.4692464030779285e-15
0.44204302930614114   3.4652478437382636e-15
0.4424503942882431   3.461253408942866e-15
0.44285813467775437   3.4572580008428463e-15
0.44326625082063276   3.4532622322530144e-15
0.4436747430631536   3.44927105757278e-15
0.4440836117519115   3.445284952464075e-15
0.4444928572338205   3.4412937585793484e-15
0.44490247985611525   3.437306695186181e-15
0.44531247996634926   3.4333237596694204e-15
0.4457228579123968   3.4293418090391464e-15
0.44613361404245205   3.4253613437891418e-15
0.44654474870503175   3.4213843759102993e-15
0.4469562622489722   3.4174063881929574e-15
0.44736815502343175   3.413427372761114e-15
0.44778042737789   3.4094518790776755e-15
0.44819307966215   3.4054805166056954e-15
0.44860611222633584   3.401511801301655e-15
0.4490195254208947   3.3975426611620835e-15
0.4494333195965961   3.3935721687486915e-15
0.4498474951045345   3.389605812430283e-15
0.45026205229612626   3.3856399548311297e-15
0.45067699152311214   3.3816761184813517e-15
0.45109231313755666   3.3777151403392718e-15
0.45150801749185004   3.373753831711912e-15
0.451924104938706   3.369796659571325e-15
0.4523405758311636   3.365838932148921e-15
0.45275743052258693   3.361880759560028e-15
0.453174669366667   3.357924539584276e-15
0.4535922927174195   3.3539711977048736e-15
0.4540103009291867   3.3500175392038035e-15
0.454428694356637   3.3460680261832278e-15
0.45484747335476705   3.3421179124137274e-15
0.4552666382788993   3.338167338609257e-15
0.4556861894846839   3.3342188384976197e-15
0.4561061273280987   3.33027304759456e-15
0.45652645216545046   3.326327144932054e-15
0.45694716435337335   3.322385395991699e-15
0.4573682642488304   3.318442814623259e-15
0.45778975220911333   3.314499759942602e-15
0.45821162859184433   3.310559087477677e-15
0.4586338937549738   3.3066207715765353e-15
0.45905654805678264   3.3026827325001796e-15
0.4594795918558812   3.298748857412594e-15
0.459903025511212   3.2948137348960432e-15
0.46032684938204665   3.2908781276023128e-15
0.4607510638279885   3.2869453933516202e-15
0.4611756692089718   3.283012137041026e-15
0.46160066588526383   3.2790777533398667e-15
0.4620260542174625   3.2751511795317244e-15
0.4624518345664986   3.271218147164023e-15
0.4628780072936349   3.2672893022313534e-15
0.4633045727604686   3.263364640722055e-15
0.4637315313289287   3.2594380292307832e-15
0.4641588833612782   3.2555104346494415e-15
0.4645866292201135   3.2515870337931542e-15
0.46501476926836655   3.24766743356614e-15
0.4654433038693023   3.2437411314889212e-15
0.46587223338652106   3.2398190340869906e-15
0.4663015581839576   3.235897181424211e-15
0.46673127862588354   3.2319778579742865e-15
0.46716139507690485   3.2280585165122958e-15
0.4675919079019638   3.2241363586638426e-15
0.4680228174663388   3.220218419615534e-15
0.4684541241356459   3.2163046947061077e-15
0.4688858282758371   3.2123851489448305e-15
0.46931793025320123   3.2084686383513668e-15
0.4697504304343665   3.2045531075833935e-15
0.4701833291862971   3.2006394469296086e-15
0.47061662687629635   3.196728508446589e-15
0.47105032387200524   3.1928170591323644e-15
0.47148442054140516   3.188904901008753e-15
0.47191891725281504   3.184991594033516e-15
0.47235381437489393   3.1810777910841533e-15
0.4727891122766399   3.1771672006846745e-15
0.4732248113273927   3.173257983110509e-15
0.47366091189683085   3.169348263823233e-15
0.47409741435497416   3.1654380455145483e-15
0.47453431907218285   3.1615277672752542e-15
0.47497162641916   3.1576217594793493e-15
0.47540933676694874   3.153714817783389e-15
0.47584745048693466   3.149807381980958e-15
0.4762859679508452   3.145899454708813e-15
0.4767248895307517   3.1419910387189386e-15
0.47716421559906697   3.138084209930951e-15
0.4776039465285476   3.1341803644608955e-15
0.478044082692293   3.130276026917767e-15
0.47848462446374807   3.1263710060711912e-15
0.47892557221670023   3.1224649515302637e-15
0.4793669263252821   3.11855842113105e-15
0.4798086871639703   3.114655277492192e-15
0.48025085510758814   3.1107501865512144e-15
0.480693430531303   3.10684464840208e-15
0.4811364138106282   3.1029417452507004e-15
0.48157980532142297   3.0990383694110746e-15
0.4820236054398942   3.095134525373966e-15
0.48246781454259385   3.09122981626464e-15
0.4829124330064217   3.0873294601809435e-15
0.4833574612086242   3.0834246256906795e-15
0.48380289952679695   3.0795219946712458e-15
0.48424874833888193   3.0756176062315686e-15
0.4846950080231701   3.0717127441988943e-15
0.4851416789583005   3.0678105251743086e-15
0.4855887615232625   3.063907861568564e-15
0.4860362560973933   3.060004756434873e-15
0.4864841630603801   3.056101022113726e-15
0.4869324827922597   3.052196417536857e-15
0.48738121567342035   3.0482913916023077e-15
0.4878303620845995   3.0443899611884676e-15
0.48827992240688606   3.040486155484571e-15
0.48872989702171943   3.0365826635812657e-15
0.4891802863108921   3.0326792436886958e-15
0.489631090656547   3.028773735594542e-15
0.4900823104411796   3.0248706920537588e-15
0.49053394604763745   3.020963213277828e-15
0.4909859978591223   3.0170601994965724e-15
0.49143846625918763   3.01315113330253e-15
0.4918913516317409   3.0092462117091228e-15
0.4923446543610428   3.005337531841423e-15
0.49279837483170963   3.001430750508651e-15
0.4932525134287107   2.9975254562826453e-15
0.4937070705373705   2.9936173366356704e-15
0.4941620465433682   2.9897078479472047e-15
0.49461744183273987   2.985800096690245e-15
0.4950732567918758   2.981888865900284e-15
0.4955294918075229   2.9779818237194914e-15
0.49598614726678397   2.97407428034887e-15
0.49644322355711995   2.9701608476418667e-15
0.4969007210663476   2.9662469444617663e-15
0.4973586401826412   2.96233694543137e-15
0.49781698129453267   2.9584240921307458e-15
0.4982757447909131   2.954509290634176e-15
0.49873493106103073   2.9505942044237838e-15
0.4991945404944929   2.946678839042782e-15
0.49965457348126546   2.942763200244728e-15
0.5001150304116753   2.938847294256171e-15
0.5005759116764072   2.934931126844971e-15
0.5010372176665069   2.931014273000005e-15
0.5014989487733796   2.927092259293351e-15
0.501961105388793   2.9231749039990917e-15
0.5024236879048742   2.9192524566994862e-15
0.5028866967141117   2.9153293505633127e-15
0.503350132209357   2.9114100531675476e-15
0.5038139947838225   2.907488251629308e-15
0.5042782848310833   2.903561361993979e-15
0.5047430027450764   2.8996349434808736e-15
0.505208148920104   2.895708509559073e-15
0.5056737237508295   2.8917789873487146e-15
0.5061397276322809   2.8878493136490847e-15
0.5066061609598494   2.883919495012414e-15
0.5070730241292927   2.87998953859911e-15
0.507540317536731   2.8760589962164375e-15
0.5080080415786504   2.8721235196371346e-15
0.5084761966519018   2.8681876721639948e-15
0.5089447831537035   2.8642516453359262e-15
0.5094138014816381   2.860315532318733e-15
0.509883252033655   2.8563750617365106e-15
0.5103531352080705   2.852433574367935e-15
0.5108234514035686   2.848492038781091e-15
0.5112942010191996   2.8445471945321835e-15
0.5117653844543822   2.8406033105756884e-15
0.5122370021089026   2.8366590649694987e-15
0.5127090543829167   2.8327099056427385e-15
0.5131815416769478   2.8287598570724692e-15
0.513654464391889   2.8248113338562503e-15
0.514127822929002   2.8208579265283366e-15
0.5146016176899201   2.8169018891853257e-15
0.5150758490766449   2.812948334201896e-15
0.5155505174915492   2.808986677024687e-15
0.5160256233373761   2.8050294689793803e-15
0.5165011670172412   2.80106745029626e-15
0.5169771489346303   2.7971052931905766e-15
0.5174535694934014   2.7931432577056853e-15
0.517930429097784   2.789176695578101e-15
0.518407728152382   2.7852053808214205e-15
0.5188854670621705   2.7812334965369726e-15
0.5193636462324982   2.7772618006906242e-15
0.5198422660690869   2.773286624990616e-15
0.5203213269780338   2.769310209104235e-15
0.520800829365809   2.7653340217268062e-15
0.5212807736392574   2.761352079362228e-15
0.5217611602055986   2.7573689366637844e-15
0.5222419894724287   2.7533858313354e-15
0.5227232618477182   2.7493981099268426e-15
0.5232049777398139   2.7454079660104414e-15
0.5236871375574382   2.741418152166233e-15
0.5241697417096923   2.7374250960402173e-15
0.5246527906060523   2.733427410261094e-15
0.5251362846563723   2.7294307168146078e-15
0.5256202242708838   2.7254271267190296e-15
0.5261046098601977   2.7214239605053057e-15
0.5265894418353017   2.717420288119494e-15
0.5270747206075629   2.7134121604065837e-15
0.5275604465887269   2.709400220940958e-15
0.5280466201909204   2.7053882926967666e-15
0.5285332418266484   2.7013719674481742e-15
0.5290203119087962   2.6973514764788965e-15
0.5295078308506292   2.693331456261401e-15
0.5299957990657957   2.689307014196142e-15
0.5304842169683232   2.6852830839693895e-15
0.530973084972621   2.681254904018057e-15
0.5314624034934803   2.677222467297728e-15
0.5319521729460759   2.6731857865458316e-15
0.5324423937459637   2.669149401303672e-15
0.532933066309083   2.665104911702513e-15
0.5334241910517558   2.6610642799176314e-15
0.5339157683906895   2.6570166384939984e-15
0.5344077987429741   2.652968234348481e-15
0.534900282526084   2.6489125361140572e-15
0.5353932201578783   2.6448558027977395e-15
0.5358866120566025   2.640799906257335e-15
0.5363804586408858   2.6367372364679826e-15
0.5368747603297441   2.632654122248385e-15
0.5373695175425788   2.628581204233593e-15
0.5378647306991791   2.6245100296037943e-15
0.5383604002197198   2.6204317870325245e-15
0.5388565265247628   2.61635491852034e-15
0.5393531100352591   2.612270353254749e-15
0.5398501511725462   2.608185592807325e-15
0.5403476503583502   2.6040968581057024e-15
0.5408456080147854   2.6000031385192646e-15
0.5413440245643568   2.595904966815531e-15
0.5418429004299571   2.591806769176199e-15
0.5423422360348691   2.587702661889894e-15
0.5428420318027652   2.583593692076279e-15
0.5433422881577102   2.5794813774033653e-15
0.5438430055241577   2.575365435287703e-15
0.5443441843269529   2.571245894399683e-15
0.5448458249913322   2.567122120472e-15
0.5453479279429256   2.5629985323053725e-15
0.5458504936077536   2.558866480563203e-15
0.5463535224122297   2.5547314337303356e-15
0.54685701478316   2.5505943805636753e-15
0.5473609711477454   2.546450473212461e-15
0.5478653919335791   2.5423018426130063e-15
0.5483702775686486   2.538149882815547e-15
0.5488756284813356   2.5339946312142572e-15
0.5493814451004178   2.529836115705718e-15
0.5498877278550668   2.5256707156278127e-15
0.5503944771748499   2.521501754431238e-15
0.55090169348973   2.5173291014809806e-15
0.5514093772300678   2.5131493089595977e-15
0.5519175288266188   2.5089694238804213e-15
0.5524261487105362   2.504784163229577e-15
0.55293523731337   2.5005904375208277e-15
0.5534447950670693   2.4963937694992307e-15
0.55395482240398   2.4921934629107068e-15
0.5544653197568465   2.4879867409171094e-15
0.5549762875588118   2.483775980298535e-15
0.5554877262434197   2.4795632674762204e-15
0.5559996362446116   2.4753423479801706e-15
0.5565120179967298   2.471114626988407e-15
0.5570248719345158   2.466884189798477e-15
0.5575381984931137   2.462649961131857e-15
0.558051998108067   2.4584092296008874e-15
0.5585662712153211   2.4541617835495294e-15
0.5590810182512223   2.4499111224939903e-15
0.559596239652521   2.4456532485854533e-15
0.5601119358563684   2.4413892234017818e-15
0.5606281073003189   2.4371217116474742e-15
0.5611447544223298   2.4328484408722624e-15
0.5616618776607636   2.4285700352080565e-15
0.5621794774543849   2.4242831215128998e-15
0.5626975542423636   2.4199923212138282e-15
0.5632161084642734   2.4156965959161006e-15
0.563735140560095   2.4113951011700765e-15
0.5642546509702127   2.40708667387053e-15
0.5647746401354172   2.402773439519696e-15
0.5652951084969052   2.398454111071314e-15
0.5658160564962813   2.3941280829490118e-15
0.5663374845755553   2.389795799336929e-15
0.5668593931771454   2.385457410149608e-15
0.5673817827438763   2.3811120003989816e-15
0.567904653718983   2.3767607454566497e-15
0.5684280065461071   2.3724034651659513e-15
0.5689518416692995   2.3680400127961424e-15
0.5694761595330197   2.3636696365486673e-15
0.5700009605821388   2.3592897036956183e-15
0.570526245261936   2.3549072634828386e-15
0.5710520140181012   2.3505146656130814e-15
0.5715782672967349   2.3461163628435866e-15
0.5721050055443501   2.3417128667634767e-15
0.5726322292078695   2.3373000661126575e-15
0.5731599387346284   2.332877844845911e-15
0.573688134572374   2.3284532931035953e-15
0.5742168171692673   2.3240108767643773e-15
0.5747459869738811   2.319575909303629e-15
0.5752756444352017   2.315131336911539e-15
0.575805790002629   2.3106693157270366e-15
0.5763364241259785   2.3062178504103523e-15
0.5768675472554786   2.3017420484072506e-15
0.5773991598417726   2.2972655279636226e-15
0.5779312623359207   2.292792991434844e-15
0.5784638551893975   2.288297483958962e-15
0.5789969388540935   2.2838065094591197e-15
0.5795305137823157   2.2792760091526093e-15
0.5800645804267892   2.2747927590571924e-15
0.580599139240655   2.27024934405767e-15
0.581134190677472   2.265734627666562e-15
0.5816697351912165   2.261187220405945e-15
0.582205773236285   2.2566175261339186e-15
0.5827423052674909   2.2520626601822135e-15
0.5832793317400674   2.247512899869128e-15
0.5838168531096668   2.2429485959787174e-15
0.5843548698323626   2.2383521149989143e-15
0.5848933823646473   2.2337819409701003e-15
0.5854323911634345   2.2291584913283996e-15
0.585971896686058   2.2245709106435172e-15
0.5865118993902754   2.219958647582632e-15
0.5870523997342639   2.215305954341171e-15
0.5875933981766238   2.210671098990965e-15
0.5881348951763772   2.2060360961347423e-15
0.5886768911929712   2.2013774477999446e-15
0.5892193866862743   2.1967269972500828e-15
0.5897623821165797   2.192071898460313e-15
0.5903058779446039   2.187382745580337e-15
0.5908498746314899   2.182686303568384e-15
0.5913943726388038   2.1779946888088733e-15
0.5919393724285377   2.1732851958056013e-15
0.5924848744631089   2.168580284824759e-15
0.5930308792053626   2.1638466833570446e-15
0.5935773871185687   2.1591173254884023e-15
0.5941243986664246   2.15436432043515e-15
0.5946719143130546   2.1496074001496646e-15
0.5952199345230123   2.144831900973049e-15
0.5957684597612776   2.1400530610644932e-15
0.5963174904932597   2.1352653301418937e-15
0.596867027184796   2.1304625583662894e-15
0.5974170703021551   2.125658340126376e-15
0.5979676203120332   2.1208659751196047e-15
0.5985186776815574   2.1160120790093633e-15
0.5990702428782846   2.1111939163208864e-15
0.5996223163702046   2.10632768653401e-15
0.6001748986257364   2.1014795791681052e-15
0.6007279901137312   2.0966063411620633e-15
0.6012815913034721   2.091728829006954e-15
0.6018357026646762   2.0868255785963995e-15
0.6023903246674914   2.081935139856655e-15
0.6029454577825001   2.0770263359212038e-15
0.6035011024807171   2.0720879483899677e-15
0.6040572592335935   2.0671557658778924e-15
0.604613928513013   2.062207588670268e-15
0.6051711107912946   2.0572548802848375e-15
0.6057288065411921   2.0522734133778853e-15
0.6062870162358966   2.047283123937304e-15
0.6068457403490339   2.0422830906834166e-15
0.6074049793546664   2.0372879850283954e-15
0.6079647337272929   2.032271241907451e-15
0.6085250039418514   2.0272575557428023e-15
0.6090857904737157   2.0221931634164044e-15
0.6096470937986982   2.01715977018492e-15
0.6102089143930493   2.0120802000732565e-15
0.61077125273346   2.0070010375780344e-15
0.611334109297059   2.001916934840643e-15
0.6118974845614151   1.996818668653477e-15
0.6124613790045366   1.9917005236911605e-15
0.6130257931048742   1.986583769241065e-15
0.6135907273413176   1.9814422039442577e-15
0.6141561821931986   1.976289699435166e-15
0.6147221581402899   1.971121953812911e-15
0.6152886556628083   1.965945240702504e-15
0.6158556752414115   1.96075793707958e-15
0.6164232173572003   1.9555572850980833e-15
0.6169912824917185   1.950346309448145e-15
0.6175598711269558   1.9451064520971347e-15
0.6181289837453436   1.939872917762335e-15
0.618698620829759   1.9345988141787762e-15
0.6192687828635234   1.9293405671568437e-15
0.6198394703304052   1.9240612453619906e-15
0.620410683714617   1.918765793328389e-15
0.6209824235008177   1.9134622669264028e-15
0.6215546901741145   1.908137609389877e-15
0.6221274842200597   1.90280962518282e-15
0.6227008061246541   1.89745125989944e-15
0.6232746563743452   1.8920947209546778e-15
0.6238490354560311   1.88671785577901e-15
0.6244239438570566   1.8813210254817477e-15
0.6249993820652162   1.8759341090269856e-15
0.6255753505687532   1.8705223951763252e-15
0.6261518498563631   1.865067048503102e-15
0.6267288804171892   1.859625584539759e-15
0.627306442740827   1.8541839571830836e-15
0.627884537317322   1.8487144761932933e-15
0.6284631646371732   1.843216132749718e-15
0.6290423251913302   1.837726658152169e-15
0.6296220194711951   1.8321964265477273e-15
0.6302022479686226   1.8266755276733442e-15
0.6307830111759224   1.8211254745135924e-15
0.631364309585856   1.8155624748935754e-15
0.6319461436916396   1.809993560433093e-15
0.6325285139869435   1.804413291859026e-15
0.6331114209658947   1.7988095334082465e-15
0.6336948651230736   1.7931933905693687e-15
0.634278846953517   1.7875642808596705e-15
0.6348633669527174   1.781921980405934e-15
0.6354484256166258   1.7762637968897643e-15
0.6360340234416483   1.7705949932325798e-15
0.6366201609246491   1.7649099597919317e-15
0.6372068385629496   1.7591988979538112e-15
0.6377940568543315   1.7534755117819854e-15
0.6383818162970333   1.7477560846788154e-15
0.6389701173897533   1.741996057857773e-15
0.6395589606316486   1.736246719675447e-15
0.6401483465223385   1.730459935227706e-15
0.6407382755619005   1.7246633968062531e-15
0.6413287482508738   1.7188574563191188e-15
0.6419197650902582   1.71304250002983e-15
0.642511326581517   1.707217711874921e-15
0.6431034332265737   1.70135768959464e-15
0.6436960855278152   1.6955074940444986e-15
0.6442892839880905   1.6896262620145272e-15
0.6448830291107142   1.6837231137066546e-15
0.6454773213994623   1.677824001909201e-15
0.6460721613585764   1.6718968789060134e-15
0.6466675494927615   1.6659587915489157e-15
0.64726348630719   1.660004528518598e-15
0.6478599723074978   1.654047170129043e-15
0.6484570079997874   1.6480557071798451e-15
0.6490545938906273   1.642063621927136e-15
0.6496527304870542   1.636047447930479e-15
0.6502514182965707   1.6300285095009012e-15
0.6508506578271475   1.6239909931468226e-15
0.6514504495872228   1.6179401767628866e-15
0.652050794085705   1.6118837665890638e-15
0.6526516918319702   1.6058027133698084e-15
0.6532531433358639   1.599705819975107e-15
0.6538551491077013   1.5935966289118742e-15
0.6544577096582694   1.5874861153157104e-15
0.6550608254988244   1.5813495021315746e-15
0.6556644971410939   1.575184022731483e-15
0.6562687250972766   1.5690245885023193e-15
0.6568735098800453   1.5628483131748633e-15
0.6574788520025431   1.5566672883082807e-15
0.6580847519783867   1.5504622096133765e-15
0.6586912103216654   1.544261037545948e-15
0.6592982275469447   1.538040198973309e-15
0.6599058041692614   1.53179605793968e-15
0.6605139407041285   1.5255565042207087e-15
0.6611226376675329   1.5192943602376296e-15
0.6617318955759391   1.5130170847607071e-15
0.6623417149462858   1.5067328682068707e-15
0.6629520962959883   1.5004476632804923e-15
0.6635630401429383   1.4941429089592518e-15
0.664174547005507   1.4878212577642912e-15
0.6647866174025409   1.481497595549461e-15
0.6653992518533648   1.4751584542113229e-15
0.6660124508777842   1.4688181098026722e-15
0.6666262149960813   1.4624593631776164e-15
0.667240544729019   1.4560914263217328e-15
0.6678554405978387   1.4497246989488706e-15
0.6684709031242648   1.4433427774579732e-15
0.6690869328305004   1.4369399008950239e-15
0.6697035302392299   1.4305302765736112e-15
0.6703206958736195   1.4241235962689612e-15
0.670938430257319   1.4177056115150416e-15
0.6715567339144591   1.4112907499449706e-15
0.6721756073696541   1.4048460339568875e-15
0.6727950511480008   1.3984122182830426e-15
0.6734150657750821   1.3919681993953586e-15
0.6740356517769636   1.385511648096753e-15
0.6746568096801957   1.3790504872747135e-15
0.675278540011814   1.3725883237732379e-15
0.6759008432993413   1.366121350684844e-15
0.6765237200707848   1.3596373389219964e-15
0.6771471708546389   1.3531589921916193e-15
0.6777711961798845   1.3466791248487341e-15
0.6783957965759917   1.3401952113228168e-15
0.6790209725729166   1.3337065669929452e-15
0.6796467247011048   1.3272083404083537e-15
0.6802730534914891   1.3207099631625867e-15
0.6808999594754949   1.3142125811393982e-15
0.681527443185034   1.307712776940776e-15
0.68215550515251   1.3012027166965316e-15
0.6827841459108159   1.2946888197964776e-15
0.6834133659933384   1.2881873932295642e-15
0.684043165933953   1.2816895412827752e-15
0.6846735462670284   1.275185828014613e-15
0.6853045075274247   1.268687174812258e-15
0.6859360502504974   1.2621814600025207e-15
0.6865681749720929   1.2556899671280788e-15
0.6872008822285522   1.2491939170047734e-15
0.6878341725567101   1.24270323258713e-15
0.6884680464938978   1.2362166813108314e-15
0.68910250457794   1.2297244513930035e-15
0.6897375473471573   1.2232420263650918e-15
0.6903731753403661   1.216767768972963e-15
0.6910093890968813   1.2103029055471818e-15
0.6916461891565125   1.2038413266073325e-15
0.6922835760595678   1.1973919642699524e-15
0.6929215503468523   1.1909415474475608e-15
0.6935601125596716   1.1845078290709413e-15
0.6941992632398283   1.1780807174933129e-15
0.6948390029296244   1.1716556344403237e-15
0.6954793321718616   1.1652564089620752e-15
0.6961202515098437   1.1588541957519366e-15
0.6967617614873729   1.1524699879890588e-15
0.6974038626487533   1.146100393345609e-15
0.6980465555387902   1.1397379724699866e-15
0.6986898407027928   1.1333881640084642e-15
0.6993337186865707   1.1270626129962041e-15
0.6999781900364372   1.1207493400276687e-15
0.7006232552992087   1.1144446987411732e-15
0.7012689150222071   1.108164039991435e-15
0.7019151697532569   1.1019019109836292e-15
0.702562020040688   1.0956586496441926e-15
0.7032094664333352   1.0894319837636969e-15
0.7038575094805407   1.0832231364120272e-15
0.7045061497321513   1.0770445295256343e-15
0.705155387738521   1.0708697999633517e-15
0.7058052240505104   1.0647339883372951e-15
0.7064556592194895   1.0586131769221528e-15
0.7071066937973348   1.0525209783144145e-15
0.7077583283364317   1.0464581136969546e-15
0.7084105633896742   1.0404160993053707e-15
0.7090633995104678   1.0344016888454233e-15
0.7097168372527258   1.0284113406146574e-15
0.710370877170873   1.0224584437513722e-15
0.7110255198198441   1.0165301586795746e-15
0.7116807657550872   1.0106316197343339e-15
0.7123366155325607   1.0047648742195175e-15
0.7129930697087348   9.989281484540835e-16
0.7136501288405949   9.93126938406224e-16
0.7143077934856376   9.873648702834853e-16
0.7149660642018737   9.81631347479571e-16
0.7156249415478279   9.759395550868855e-16
0.7162844260825415   9.702792594118113e-16
0.7169445183655688   9.646595473426708e-16
0.7176052189569807   9.590838039759289e-16
0.7182665284173634   9.535406971995067e-16
0.7189284473078217   9.480388613553014e-16
0.7195909761899757   9.425836763839044e-16
0.7202541156259633   9.371679530740468e-16
0.7209178661784402   9.317991512753294e-16
0.7215822284105825   9.26471136368497e-16
0.7222472028860831   9.211879941502931e-16
0.7229127901691553   9.159559514409382e-16
0.7235789908245314   9.107710747429065e-16
0.7242458054174665   9.056322006475143e-16
0.7249132345137344   9.00541466825571e-16
0.7255812786796308   8.955027998988978e-16
0.7262499384819728   8.905182837917935e-16
0.726919214488102   8.855807962947927e-16
0.7275891072658804   8.806999511868353e-16
0.7282596173836945   8.758717171746027e-16
0.7289307454104534   8.710980463463306e-16
0.7296024919155929   8.663794012287263e-16
0.7302748574690714   8.617153858338259e-16
0.7309478426413732   8.571090028060562e-16
0.7316214480035076   8.525609720166326e-16
0.7322956741270122   8.480730549540222e-16
0.7329705215839495   8.436382561318823e-16
0.7336459909469094   8.392689497055075e-16
0.7343220827890091   8.349603069613577e-16
0.7349987976838961   8.307091258837263e-16
0.7356761362057441   8.265173229369393e-16
0.7363540989292571   8.223929431817242e-16
0.7370326864296673   8.183265512398648e-16
0.7377118992827402   8.143246299586419e-16
0.7383917380647688   8.103833522834478e-16
0.7390722033525783   8.065072607893747e-16
0.7397532957235247   8.026941561152332e-16
0.7404350157554982   7.989433343829386e-16
0.7411173640269195   7.952522001226318e-16
0.7418003411167431   7.916288020711525e-16
0.7424839476044559   7.880665708992087e-16
0.7431681840700815   7.845673736558662e-16
0.7438530510941755   7.811300889518672e-16
0.7445385492578297   7.777528992896922e-16
0.74522467914267   7.744358444881316e-16
0.7459114413308611   7.711757422053535e-16
0.7465988364051016   7.679790560472859e-16
0.747286864948628   7.64841497404633e-16
0.7479755275452135   7.617497371908647e-16
0.7486648247791715   7.587208272989728e-16
0.7493547572353517   7.557439975714339e-16
0.7500453254991435   7.528126769785424e-16
0.7507365301564748   7.499319514630447e-16
0.7514283717938162   7.470936485340102e-16
0.7521208509981758   7.442945556257439e-16
0.7528139683571042   7.41534027066873e-16
0.7535077244586922   7.388069959575174e-16
0.7542021198915748   7.361086512386412e-16
0.7548971552449275   7.334337001352269e-16
0.7555928311084693   7.307729539234183e-16
0.7562891480724618   7.281230772975468e-16
0.7569861067277132   7.25476677289273e-16
0.7576837076655735   7.228201872893769e-16
0.7583819514779385   7.201491524392086e-16
0.759080838757249   7.1744833357076e-16
0.7597803700964936   7.147065250281145e-16
0.7604805460892053   7.119192020634031e-16
0.7611813673294652   7.090456730332727e-16
0.7618828344119003   7.0609344903808665e-16
0.7625849479316885   7.03025693068291e-16
0.7632877084845537   6.998162932464737e-16
0.7639911166667689   6.964613627531966e-16
0.7646951730751586   6.92883969403445e-16
0.7653998783070953   6.890919769891048e-16
0.7661052329605028   6.850144428970314e-16
0.7668112376338548   6.806035425324046e-16
0.7675178929261792   6.758372170707229e-16
0.7682251994370534   6.705655690667193e-16
0.7689331577666083   6.648092831320947e-16
0.7696417685155268   6.583946425899478e-16
0.770351032285048   6.512597539345529e-16
0.7710609496769625   6.432898472830999e-16
0.7717715212936165   6.342600941631762e-16
0.7724827477379101   6.241990351711966e-16
0.773194629613302   6.126191007333414e-16
0.7739071675238038   5.996471530506286e-16
0.7746203620739854   5.848666388489316e-16
0.7753342138689726   5.681674366777099e-16
0.7760487235144511   5.495451556495435e-16
0.7767638916166626   5.28587184835392e-16
0.7774797187824083   5.060317074738538e-16
0.7781962056190477   4.816649733963167e-16
0.7789133527345026   4.569955608367205e-16
0.7796311607372522   4.3327315912621917e-16
0.7803496302363377   4.1259022844716554e-16
0.7810687618413608   3.973376931187524e-16
0.7817885561624868   3.90336780351473e-16
0.7825090138104414   3.9215840878770744e-16
0.7832301353965138   4.051191636735444e-16
0.7839519215325558   4.265219652342802e-16
0.7846743728309852   4.551753629244027e-16
0.7853974899047821   4.881164789449091e-16
0.7861212733674919   5.226398048312965e-16
0.7868457238332252   5.567021725303305e-16
0.7875708419166603   5.890958086361394e-16
0.7882966282330399   6.185465674085392e-16
0.7890230833981745   6.455066553333705e-16
0.7897502080284411   6.690871919762121e-16
0.7904780027407873   6.903838434019403e-16
0.7912064681527268   7.089084993590315e-16
0.7919356048823432   7.255536165502475e-16
0.7926654135482887   7.402347221674187e-16
0.7933958947697883   7.534352267052446e-16
0.7941270491666351   7.652831599515425e-16
0.7948588773591941   7.760133570332779e-16
0.7955913799684015   7.858161142959942e-16
0.7963245576157676   7.947962121475472e-16
0.7970584109233736   8.031366037245418e-16
0.7977929405138745   8.108736528678269e-16
0.7985281470104982   8.181718123375491e-16
0.7992640310370498   8.25008563940861e-16
0.8000005932179063   8.315522155495886e-16
0.8007378341780211   8.375386160187445e-16
0.8014757545429231   8.433309777931445e-16
0.8022143549387194   8.488981119310024e-16
0.8029536359920921   8.543181652709418e-16
0.8036935983303017   8.595752400003403e-16
0.8044342425811857   8.64724497802937e-16
0.8051755693731626   8.697613892264704e-16
0.8059175793352278   8.747085948010938e-16
0.806660273096957   8.795736237378218e-16
0.8074036512885052   8.843765085906492e-16
0.808147714540611   8.891230117878947e-16
0.8088924634845912   8.938187083570873e-16
0.8096378987523456   8.984681790212985e-16
0.8103840209763554   9.030792608793983e-16
0.8111308307896873   9.076584060074514e-16
0.8118783288259884   9.122100754635377e-16
0.8126265157194913   9.167309436494972e-16
0.8133753921050118   9.212397933595282e-16
0.8141249586179531   9.257204179624596e-16
0.8148752158943018   9.301842047942419e-16
0.8156261645706312   9.3463414445044e-16
0.8163778052841005   9.390711424133952e-16
0.8171301386724587   9.434945808040065e-16
0.8178831653740397   9.479049198195445e-16
0.8186368860277659   9.523040902308648e-16
0.8193913012731507   9.566942796102954e-16
0.820146411750295   9.610671361142224e-16
0.8209022180998896   9.654304952164892e-16
0.8216587209632155   9.697896061962232e-16
0.8224159209821469   9.741347793715552e-16
0.823173818799147   9.784640415286967e-16
0.8239324150572721   9.82789408895302e-16
0.82469171040017   9.871065682162228e-16
0.8254517054720845   9.91407877198008e-16
0.8262124009178502   9.95702122682445e-16
0.826973797382897   9.999854572204829e-16
0.8277358955132489   1.0042461586282368e-15
0.8284986959555275   1.0085009699607752e-15
0.8292621993569479   1.0127457039097685e-15
0.8300264063653224   1.0169817670265187e-15
0.8307913176290597   1.0211938872101349e-15
0.8315569337971681   1.025396515139812e-15
0.8323232555192519   1.0295865951960036e-15
0.8330902834455147   1.033756300921864e-15
0.8338580182267586   1.0379226599290647e-15
0.8346264605143877   1.0420612664338484e-15
0.8353956109604042   1.046194320234642e-15
0.8361654702174115   1.0502993715488022e-15
0.8369360389386142   1.0543985131629489e-15
0.837707317777821   1.0584738359600273e-15
0.8384793073894408   1.0625391435991444e-15
0.8392520084284859   1.0665748363796838e-15
0.8400254215505721   1.0706031323096906e-15
0.8407995474119216   1.0746081109104793e-15
0.8415743866693587   1.078601083679899e-15
0.8423499399803138   1.082565216304733e-15
0.8431262080028226   1.086514084298965e-15
0.8439031913955296   1.0904386489762501e-15
0.8446808908176836   1.0943412808017885e-15
0.8454593069291421   1.098233140656225e-15
0.8462384403903694   1.1020959313656514e-15
0.8470182918624416   1.105942284694025e-15
0.8477988620070408   1.1097630675000895e-15
0.8485801514864602   1.1135645894518285e-15
0.8493621609636022   1.1173429146083452e-15
0.8501448911019829   1.1211118726747601e-15
0.850928342565727   1.1248456639374646e-15
0.8517125160195725   1.1285580951075345e-15
0.8524974121288689   1.132248702164669e-15
0.8532830315595812   1.1359209603433422e-15
0.8540693749782858   1.139558518197883e-15
0.8548564430521745   1.1431766660871503e-15
0.8556442364490523   1.1467852587805377e-15
0.8564327558373431   1.1503544971459551e-15
0.8572220018860838   1.1539082158155902e-15
0.8580119752649285   1.1574380761341105e-15
0.8588026766441479   1.1609358684722374e-15
0.8595941066946328   1.164406634557579e-15
0.8603862660878896   1.1678596797042786e-15
0.8611791554960448   1.1712963905267512e-15
0.8619727755918429   1.174697500642798e-15
0.8627671270486513   1.1780686904167149e-15
0.8635622105404552   1.1814228589747422e-15
0.864358026741862   1.1847409395579174e-15
0.8651545763280996   1.1880404414336393e-15
0.8659518599750208   1.191329119777603e-15
0.8667498783590989   1.1945662519907766e-15
0.8675486321574312   1.197789618758798e-15
0.8683481220477384   1.2009811897319613e-15
0.8691483487083679   1.2041519547277222e-15
0.8699493128182901   1.2072963240304734e-15
0.8707510150571018   1.210412537080215e-15
0.8715534561050251   1.2135092713942414e-15
0.8723566366429116   1.216572849010969e-15
0.873160557352238   1.2195955396355784e-15
0.8739652189151095   1.2226157915037329e-15
0.8747706220142591   1.2255929585317586e-15
0.875576767333052   1.2285471072985408e-15
0.87638365555548   1.2314799040368492e-15
0.8771912873661664   1.2343876991814962e-15
0.8779996634503643   1.2372555255389357e-15
0.8788087844939614   1.2401091216551752e-15
0.8796186511834743   1.2429231357836887e-15
0.8804292642060525   1.2457187413942898e-15
0.8812406242494816   1.248489351100451e-15
0.8820527320021779   1.2512343511853992e-15
0.8828655881531934   1.2539438238239724e-15
0.8836791933922141   1.2566303810611607e-15
0.8844935484095642   1.2592917444673391e-15
0.8853086538962014   1.2619299689241073e-15
0.886124510543721   1.2645326266060265e-15
0.8869411190443549   1.2671105443084399e-15
0.8877584800909755   1.2696686537603357e-15
0.8885765943770909   1.2721947845906496e-15
0.8893954625968495   1.2747007071259816e-15
0.8902150854450384   1.2771990010945371e-15
0.8910354636170874   1.2796805488910898e-15
0.8918565978090649   1.2820637559559593e-15
0.8926784887176814   1.284436228055288e-15
0.8935011370402884   1.2867814434537414e-15
0.8943245434748833   1.2890932470162265e-15
0.8951487087201035   1.2913706680086717e-15
0.8959736334752314   1.293632037085197e-15
0.8967993184401928   1.2958811220583748e-15
0.8976257643155612   1.2980908059974399e-15
0.8984529718025532   1.300280444831225e-15
0.8992809416030323   1.3024430984698579e-15
0.9001096744195081   1.3045669912012998e-15
0.90093917095514   1.3066770601076301e-15
0.901769431913733   1.3087633945716706e-15
0.9026004579997415   1.3108336610874662e-15
0.9034322499182681   1.3128652823800251e-15
0.9042648083750681   1.31486549314538e-15
0.905098134076544   1.3168483274376427e-15
0.905932227729751   1.3188102306823223e-15
0.9067670900423941   1.32074255398764e-15
0.9076027217228338   1.3226526945439258e-15
0.9084391234800805   1.324545056635895e-15
0.9092762960237988   1.3263961834902343e-15
0.9101142400643065   1.3282218255428369e-15
0.9109529563125788   1.3300410761905373e-15
0.911792445480243   1.3318218977044389e-15
0.9126327082795835   1.3335820820590379e-15
0.9134737454235401   1.3353218324729561e-15
0.9143155576257123   1.3370377863677591e-15
0.9151581456003544   1.3387262108164251e-15
0.91600151006238   1.3403886984012406e-15
0.9168456517273604   1.3420242840215704e-15
0.9176905713115295   1.3436508369875142e-15
0.918536269531778   1.3452431824161663e-15
0.9193827471056584   1.3468117984720018e-15
0.9202300047513835   1.3483568163984978e-15
0.9210780431878308   1.34987968708813e-15
0.9219268631345375   1.351377880747978e-15
0.9227764653117049   1.3528493898704925e-15
0.9236268504401965   1.3542977386282454e-15
0.9244780192415439   1.3557427566987318e-15
0.92532997243794   1.3571431263728063e-15
0.9261827107522445   1.3585192330490507e-15
0.9270362349079823   1.359893352250547e-15
0.9278905456293479   1.3612159170354591e-15
0.9287456436412002   1.3625319369578957e-15
0.9296015296690673   1.3638308736386595e-15
0.9304582044391447   1.3651119373650396e-15
0.9313156686783002   1.366343878515049e-15
0.9321739231140683   1.3675740968492719e-15
0.9330329684746553   1.368779886660059e-15
0.9338928054889374   1.3699535164989372e-15
0.9347534348864652   1.3711173408738593e-15
0.9356148573974592   1.3722573496532834e-15
0.9364770737528133   1.3733680051260415e-15
0.9373400846840944   1.3744698301608971e-15
0.9382038909235461   1.3755411855587344e-15
0.9390684932040841   1.376588789709902e-15
0.9399338922593007   1.3776205119431656e-15
0.9408000888234628   1.3786392682701272e-15
0.9416670836315172   1.379632244229331e-15
0.942534877419085   1.3805948436677127e-15
0.9434034709224653   1.3815450890146629e-15
0.9442728648786386   1.3824683447157893e-15
0.9451430600252614   1.3833656571705033e-15
0.9460140571006712   1.3842639053089974e-15
0.9468858568438852   1.3851128465656783e-15
0.9477584599946038   1.3859645048701512e-15
0.9486318672932071   1.3867928030220736e-15
0.9495060794807578   1.3875891587053983e-15
0.9503810972990007   1.3883692870364733e-15
0.9512569214903671   1.3891441357368229e-15
0.9521335527979699   1.389886106824086e-15
0.953010991965607   1.3905939155950465e-15
0.9538892397377616   1.391308302874319e-15
0.9547682968596055   1.3919912993914732e-15
0.9556481640769944   1.392658321478651e-15
0.956528842136472   1.3933065574085254e-15
0.9574103317852697   1.3939329652804576e-15
0.9582926337713096   1.3945405981741501e-15
0.9591757488432008   1.3951288276737195e-15
0.9600596777502428   1.395700111826719e-15
0.960944421242425   1.3962524603889415e-15
0.9618299800704306   1.3967849773467354e-15
0.9627163549856318   1.3972993651998853e-15
0.9636035467400942   1.3977970040706673e-15
0.9644915560865753   1.3982719768617003e-15
0.9653803837785297   1.3987320091250986e-15
0.966270030570103   1.3991708695771767e-15
0.9671604972161367   1.3995948128226069e-15
0.9680517844721673   1.399993737181353e-15
0.9689438930944303   1.4003780519674402e-15
0.9698368238398551   1.4007390543280701e-15
0.9707305774660699   1.4010826025215963e-15
0.9716251547313999   1.4014035018017067e-15
0.972520556394872   1.4017030688999967e-15
0.9734167832162097   1.4019822740522088e-15
0.974313835955838   1.4022359992710282e-15
0.9752117153748809   1.4024716531260556e-15
0.9761104222351675   1.402678992493604e-15
0.9770099572992257   1.4028643539687102e-15
0.977910321330287   1.403019005012188e-15
0.9788115150922854   1.4031413475118705e-15
0.9797135393498619   1.4032374415135529e-15
0.9806163948683592   1.40329919804084e-15
0.981520082413826   1.4033239686514371e-15
0.9824246027530166   1.4033066173745024e-15
0.9833299566533941   1.4032493707177492e-15
0.9842361448831263   1.403143872442499e-15
0.9851431682110899   1.4029834331497332e-15
0.9860510274068693   1.4027672218984395e-15
0.9869597232407606   1.402483545997719e-15
0.9878692564837673   1.398819833437315e-15
0.9887796279076042   1.398084391144838e-15
0.9896908382846961   1.3968132326625692e-15
0.990602888388183   1.3949364941671124e-15
0.991515778991914   1.392318112628989e-15
0.9924295108704527   1.3887642614325619e-15
0.9933440847990753   1.3840910737561044e-15
0.9942595015537754   1.3780856264546314e-15
0.995175761911259   1.3704851250358206e-15
0.9960928666489485   1.3609875479018906e-15
0.9970108165449819   1.3492509614056221e-15
0.9979296123782174   1.3347297495819427e-15
0.998849254928228   1.3170399225190644e-15
0.9997697449753056   1.2956771771535574e-15
1.000691083300461   1.2699877293091026e-15
1.0016132706854268   1.2394707211579394e-15
1.0025363079126541   1.2034504437947288e-15
1.003460195765315   1.1609999471965634e-15
1.004384935027303   1.1113800810969814e-15
1.005310526483237   1.0542290210915557e-15
1.006236970918455   9.891680965110325e-16
1.0071642691190217   9.161396236511212e-16
1.0080924218717229   8.355300360980641e-16
1.0090214299640743   7.482821609549849e-16
1.0099512941843132   6.551309545831933e-16
1.0108820153214038   5.586208861867891e-16
1.0118135941650404   4.620765662838825e-16
1.0127460315056416   3.6892647483866306e-16
1.013679328134356   2.827615628407755e-16
1.0146134848430597   2.0688753137303257e-16
1.0155485024243625   1.439069735093778e-16
1.0164843816716003   9.516809697396774e-17
1.017421123378842   6.114032682248302e-17
1.018358728340887   4.224155979991562e-17
1.0192971973532705   3.685987880554549e-17
1.0202365312122574   4.2904885094159424e-17
1.0211767307148476   5.886018720476413e-17
1.022117796658774   8.288065500878427e-17
1.0230597298425086   1.1290641957957042e-16
1.0240025310652554   1.4711661834163519e-16
1.0249462011269561   1.8356865873835117e-16
1.025890740828289   2.215296122901327e-16
1.0268361509706727   2.600734815659273e-16
1.0277824323562619   2.984760645379202e-16
1.0287295857879508   3.361900431150818e-16
1.0296776120693731   3.728416147047019e-16
1.0306265120049063   4.081674415207032e-16
1.0315762863996651   4.4201282918163194e-16
1.0325269360595086   4.74271747147739e-16
1.0334784617910362   5.04856532746492e-16
1.0344308644015945   5.3378182439613e-16
1.0353841446992706   5.611363580959802e-16
1.036338303492898   5.869779717565082e-16
1.0372933415920533   6.113360478681019e-16
1.0382492598070638   6.342979045923006e-16
1.0392060589489993   6.559125450356693e-16
1.0401637398296784   6.762483351756281e-16
1.041122303261667   6.953934688032458e-16
1.0420817500582829   7.133688751914684e-16
1.0430420810335899   7.302883783647187e-16
1.0440032970024036   7.4618627659289435e-16
1.044965398780289   7.610982635601954e-16
1.045928387183566   7.751142516151126e-16
1.0468922630293038   7.882856875189071e-16
1.0478570271353254   8.006677251907645e-16
1.0488226803202063   8.1230049301476e-16
1.04978922340328   8.232305527345509e-16
1.0507566572046314   8.334944257855489e-16
1.0517249825451023   8.43132023559383e-16
1.05269420024629   8.521792642880981e-16
1.0536643111305524   8.606718212164287e-16
1.0546353160210014   8.686397482033976e-16
1.055607215741509   8.76112201590227e-16
1.0565800111167052   8.831133290869955e-16
1.0575537029719833   8.896752504727519e-16
1.0585282921334938   8.958151889432274e-16
1.0595037794281497   9.015650541171367e-16
1.0604801656836251   9.069323787673464e-16
1.06145745172836   9.119510754823097e-16
1.0624356383915543   9.166415900111968e-16
1.0634147265031737   9.21012511563027e-16
1.0643947168939472   9.25092923504108e-16
1.0653756103953729   9.288915404032443e-16
1.0663574078397116   9.324238584932784e-16
1.0673401100599926   9.35710028759351e-16
1.0683237178900116   9.38766816208553e-16
1.0693082321643357   9.416019791812071e-16
1.070293653718298   9.442308369031415e-16
1.0712799833880027   9.466656888478821e-16
1.072267222010323   9.48919655784821e-16
1.0732553704229073   9.510064491850332e-16
1.0742444294641718   9.529364037915837e-16
1.0752343999733067   9.547183335503272e-16
1.076225282790275   9.563694554066585e-16
1.0772170787558164   9.578931728358604e-16
1.0782097887114424   9.593070779507178e-16
1.079203413499441   9.606192897802481e-16
1.0801979539628754   9.61840283411077e-16
1.081193410945589   9.629723568874749e-16
1.0821897852921993   9.640339801767556e-16
1.0831870778481028   9.650333758970504e-16
1.0841852894594775   9.659825721164368e-16
1.0851844209732784   9.66883551679678e-16
1.0861844732372425   9.677490601946826e-16
1.087185447099886   9.685872791819873e-16
1.088187343410511   9.694130663297418e-16
1.089190163019199   9.702274849899007e-16
1.0901939067768154   9.710345092299133e-16
1.0911985755350093   9.718330890346878e-16
1.0922041701462177   9.726320326010062e-16
1.09321069146366   9.734293026222705e-16
1.0942181403413422   9.742304200010931e-16
1.0952265176340572   9.750267751526079e-16
1.0962358241973886   9.758277361433866e-16
1.097246060887705   9.76630300922622e-16
1.0982572285621655   9.774359458438484e-16
1.0992693280787178   9.782494825753924e-16
1.1002823602961038   9.790679325914094e-16
1.101296326073853   9.79888059948443e-16
1.1023112262722892   9.807094154073997e-16
1.1033270617525262   9.8153715183376e-16
1.1043438333764763   9.823718930321992e-16
1.105361542006842   9.832061245175599e-16
1.1063801885071218   9.840454522302444e-16
1.1073997737416093   9.84884788492675e-16
1.1084202985753975   9.857226980250957e-16
1.1094417638743739   9.865693694333787e-16
1.1104641705052245   9.874114084168537e-16
1.1114875193354328   9.882483124681633e-16
1.1125118112332857   9.890763209323373e-16
1.1135370470678663   9.899115608126479e-16
1.1145632277090602   9.907341967825812e-16
1.1155903540275531   9.915476745440713e-16
1.116618426894837   9.92353346481335e-16
1.1176474471832027   9.931447360817838e-16
1.118677415765747   9.939259653291186e-16
1.11970833351637   9.946922879617451e-16
1.1207402013097798   9.954382508399536e-16
1.1217730200214877   9.96166273539105e-16
1.1228067905278134   9.968739673323292e-16
1.1238415137058821   9.975562210771248e-16
1.1248771904336314   9.98214316039592e-16
1.1259138215898046   9.988382901188468e-16
1.1269514080539553   9.994338948007247e-16
1.1279899507064473   9.9999445595482e-16
1.1290294504284586   1.000524605841526e-15
1.1300699081019756   1.0010105495389985e-15
1.1311113246097997   1.001449182777903e-15
1.1321537008355433   1.0018512834358329e-15
1.1331970376636378   1.0022034259260623e-15
1.1342413359793253   1.0025089708494994e-15
1.1352865966686654   1.0027572598112365e-15
1.1363328206185328   1.00295196267808e-15
1.137380008716623   1.0030859343501305e-15
1.1384281618514462   1.0031552647163848e-15
1.1394772809123324   1.003171168680081e-15
1.1405273667894302   1.0031177158184176e-15
1.141578420373712   1.0030030689300805e-15
1.1426304425569673   1.0028308834235049e-15
1.1436834342318096   1.0026009331538298e-15
1.1447373962916727   1.0023148072612789e-15
1.145792329630818   1.0019738289970914e-15
1.146848235144327   1.0015809299816133e-15
1.1479051137281076   1.0011371946051836e-15
1.1489629662788923   1.000637863279896e-15
1.150021793694243   1.000098497169398e-15
1.1510815968725454   9.99508662746198e-16
1.1521423767130146   9.98868190828235e-16
1.1532041341156927   9.9818797117672e-16
1.1542668699814553   9.974624494510465e-16
1.155330585212004   9.966983094156802e-16
1.1563952807098732   9.958922853651589e-16
1.1574609573784276   9.950512397075448e-16
1.1585276161218678   9.941754584632632e-16
1.1595952578452242   9.932600706545564e-16
1.1606638834543626   9.923165949466443e-16
1.161733493855982   9.913363633050303e-16
1.162804089957621   9.903326041524802e-16
1.163875672667651   9.892973476682124e-16
1.1649482428952798   9.882379683142581e-16
1.1660218015505572   9.871507906913267e-16
1.1670963495443685   9.86042474630607e-16
1.1681718877884386   9.849108967403562e-16
1.1692484171953323   9.837620452276237e-16
1.1703259386784584   9.825972612425777e-16
1.1714044531520642   9.814167458698831e-16
1.1724839615312403   9.80217174294855e-16
1.17356446473192   9.790134629304046e-16
1.1746459636708841   9.777941350061297e-16
1.1757284592657542   9.765661268106311e-16
1.1768119524349991   9.753341905045545e-16
1.177896444097933   9.740955285386926e-16
1.1789819351747204   9.7286021342957e-16
1.1800684265863706   9.716209845582825e-16
1.1811559192547427   9.703802045437814e-16
1.182244414102544   9.691473530695689e-16
1.1833339120533364   9.6792098279194e-16
1.184424414031528   9.66703492060204e-16
1.1855159209623816   9.654892753656354e-16
1.1866084337720098   9.64288309152275e-16
1.1877019533873836   9.631071302173003e-16
1.1887964807363243   9.619393355252425e-16
1.1898920167475089   9.607886620349162e-16
1.1909885623504695   9.596521382568193e-16
1.1920861184755984   9.585318656756324e-16
1.1931846860541417   9.574300525857303e-16
1.194284266018205   9.56335547802426e-16
1.1953848593007508   9.552574338153849e-16
1.1964864668356063   9.541928566379102e-16
1.1975890895574548   9.531427307924443e-16
1.1986927284018425   9.520978741644153e-16
1.1997973843051764   9.510653402130494e-16
1.2009030582047302   9.50044891553729e-16
1.2020097510386374   9.4903107153358e-16
1.2031174637458975   9.48033236876005e-16
1.2042261972663744   9.470338186772911e-16
1.2053359525408012   9.460478282687243e-16
1.2064467305107747   9.450652516662782e-16
1.2075585321187605   9.440850463188721e-16
1.2086713583080915   9.431189362899117e-16
1.2097852100229736   9.421486859895171e-16
1.2109000882084793   9.411872387729013e-16
1.2120159938105528   9.402249609804188e-16
1.2131329277760095   9.392649650625165e-16
1.2142508910525402   9.383057657349334e-16
1.2153698845887064   9.373469554914859e-16
1.2164899093339443   9.363881072365892e-16
1.2176109662385635   9.354272611539887e-16
1.218733056253754   9.344630090094233e-16
1.2198561803315775   9.334981967537378e-16
1.2209803394249756   9.325329435548936e-16
1.222105534487766   9.315544810133168e-16
1.223231766474649   9.305725391494934e-16
1.2243590363412018   9.295844874039014e-16
1.2254873450438826   9.285913246922667e-16
1.2266166935400302   9.275866905723235e-16
1.2277470827878691   9.26572611615193e-16
1.228878513746504   9.25549942810322e-16
1.230010987375923   9.245161375095046e-16
1.2311445046369995   9.234667918880778e-16
1.232279066491495   9.224081177250021e-16
1.233414673902054   9.213359110979532e-16
1.2345513278322087   9.20243530369358e-16
1.2356890292463791   9.191369871526451e-16
1.236827779109877   9.180151496157525e-16
1.2379675783889   9.168784176046366e-16
1.2391084280505376   9.157171758019964e-16
1.240250329062769   9.145383871865893e-16
1.24139328239447   9.133481406610854e-16
1.2425372890154045   9.12131718717814e-16
1.2436823498962315   9.109042461176797e-16
1.2448284660085038   9.09661565359588e-16
1.245975638324673   9.08408263314638e-16
1.247123867818083   9.07135123961718e-16
1.2482731554629747   9.058531139651255e-16
1.2494235022344908   9.045573705953418e-16
1.2505749091086686   9.032521688783925e-16
1.2517273770624464   9.019356930581023e-16
1.2528809070736613   9.006092804733315e-16
1.2540355001210555   8.99270903843586e-16
1.2551911571842693   8.97931777392436e-16
1.2563478792438467   8.965815464142394e-16
1.2575056672812348   8.952238087948981e-16
1.2586645222787884   8.938634491523974e-16
1.2598244452197638   8.924991797681604e-16
1.260985437088325   8.911323538658656e-16
1.2621474988695411   8.897588881687189e-16
1.2633106315493938   8.883855561251305e-16
1.2644748361147686   8.870105561437517e-16
1.2656401135534623   8.856371808632245e-16
1.2668064648541806   8.842689876982458e-16
1.267973891006544   8.828954169812254e-16
1.2691423930010814   8.81525013946092e-16
1.270311971829236   8.801653342501686e-16
1.2714826284833625   8.78803292285019e-16
1.2726543639567351   8.774513576291539e-16
1.2738271792435387   8.761040921847541e-16
1.2750010753388759   8.747649424290724e-16
1.2761760532387652   8.734305130726227e-16
1.2773521139401465   8.721115739154508e-16
1.2785292584408752   8.708001791670975e-16
1.2797074877397265   8.694955089665323e-16
1.2808868028363962   8.682046352462195e-16
1.2820672047315038   8.669314092158992e-16
1.2832486944265877   8.656703735143261e-16
1.284431272924111   8.644206896818519e-16
1.2856149412274582   8.631913570726861e-16
1.2867997003409437   8.619760486499799e-16
1.2879855512698024   8.607825861918268e-16
1.2891724950201973   8.596026352044494e-16
1.2903605325992176   8.584453512470113e-16
1.291549665014884   8.572989416589743e-16
1.2927398932761427   8.561746246655243e-16
1.2939312183928706   8.55065666256996e-16
1.2951236413758742   8.539725624000275e-16
1.2963171632368955   8.528891520765375e-16
1.2975117849886044   8.518247470399608e-16
1.298707507644606   8.507708171151254e-16
1.299904332219438   8.497288955261698e-16
1.3011022597285766   8.486984062671059e-16
1.3023012911884304   8.476773912838827e-16
1.3035014276163457   8.466652669182249e-16
1.304702670030605   8.456645563839232e-16
1.3059050194504334   8.446718710935489e-16
1.3071084768959909   8.436859858539034e-16
1.3083130433883792   8.427055733279452e-16
1.3095187199496399   8.417290158865209e-16
1.31072550760276   8.407608423964504e-16
1.3119334073716653   8.397967920928864e-16
1.3131424202812272   8.388349090277617e-16
1.3143525473572593   8.378706311792044e-16
1.3155637896265249   8.369139416316939e-16
1.3167761481167297   8.359572289608552e-16
1.3179896238565278   8.349994954088294e-16
1.3192042178755197   8.340392815408409e-16
1.3204199312042586   8.330797342570469e-16
1.3216367648742442   8.321114431806478e-16
1.322854719917927   8.31146951532267e-16
1.3240737973687084   8.301746813670263e-16
1.3252939982609462   8.291982526798666e-16
1.3265153236299465   8.282120916133252e-16
1.3277377745119718   8.272244278730053e-16
1.328961351944238   8.262262418012478e-16
1.3301860569649206   8.252168635972632e-16
1.3314118906131478   8.242007723467909e-16
1.332638853929007   8.231707455748506e-16
1.333866947953543   8.221304605690043e-16
1.335096173728763   8.210798572362691e-16
1.3363265322976314   8.200181794530803e-16
1.3375580247040737   8.189426456350841e-16
1.3387906519929806   8.17848616566692e-16
1.3400244152102028   8.167390589687772e-16
1.3412593154025554   8.156182269312701e-16
1.342495353617817   8.144854068193485e-16
1.343732530904736   8.133370531711492e-16
1.3449708483130234   8.121749777176799e-16
1.3462103068933582   8.110065839543223e-16
1.3474509076973868   8.09825107213748e-16
1.348692651777729   8.086349520895972e-16
1.34993554018797   8.074326488080117e-16
1.351179573982668   8.062252370018651e-16
1.3524247542173509   8.050064867969501e-16
1.3536710819485238   8.037824431267625e-16
1.3549185582336618   8.025503102209954e-16
1.3561671841312148   8.013105340437264e-16
1.3574169607006077   8.000719505436837e-16
1.3586678890022452   7.98821381069841e-16
1.3599199700975058   7.97569739613177e-16
1.3611732050487466   7.963155788938255e-16
1.362427594919303   7.950597933559828e-16
1.3636831407734944   7.937979951390183e-16
1.3649398436766165   7.925392501342177e-16
1.3661977046949485   7.912765069627716e-16
1.3674567248957505   7.900147069312304e-16
1.3687169053472708   7.88752119468503e-16
1.3699782471187372   7.874939224812499e-16
1.371240751280365   7.862373022912956e-16
1.3725044189033542   7.849848361258303e-16
1.3737692510598956   7.83731100527505e-16
1.3750352488231645   7.824840479558453e-16
1.3763024132673265   7.81242206715164e-16
1.3775707454675354   7.800059943969546e-16
1.3788402464999405   7.787729288448838e-16
1.380110917441678   7.775499899699488e-16
1.3813827593708783   7.763341189609914e-16
1.3826557733666645   7.751262922178947e-16
1.3839299605091577   7.73929656863117e-16
1.3852053218794707   7.727394404302259e-16
1.3864818585597136   7.715606411330324e-16
1.3877595716329925   7.7039386979709075e-16
1.3890384621834155   7.692393184097339e-16
1.3903185312960864   7.680951602922783e-16
1.3915997800571096   7.669653018691927e-16
1.3928822095535893   7.658429371358214e-16
1.3941658208736356   7.647309133586698e-16
1.3954506151063573   7.636300774650955e-16
1.396736593341868   7.625439364712715e-16
1.398023756671285   7.614623117887782e-16
1.3993121061867346   7.60389971909348e-16
1.4006016429813462   7.584937030383162e-16
1.4018923681492572   7.569705534904432e-16
1.4031842827856122   7.554476519135023e-16
1.4044773879865695   7.539223259383141e-16
1.4057716848492932   7.523946111883005e-16
1.4070671744719594   7.508700587216501e-16
1.4083638579537554   7.493461722349552e-16
1.4096617363948858   7.478256372726859e-16
1.410960810896564   7.463092923397811e-16
1.4122610825610211   7.447903558718403e-16
1.4135625524915008   7.432810053578949e-16
1.414865221792269   7.417742410356819e-16
1.4161690915686045   7.402734532511222e-16
1.4174741629268062   7.387783515289434e-16
1.4187804369741912   7.372894536635227e-16
1.420087914819101   7.358144291608659e-16
1.4213965975708944   7.343374392333733e-16
1.4227064863399541   7.328784683515985e-16
1.4240175822376844   7.314265586620916e-16
1.4253298863765183   7.299847168835208e-16
1.4266433998699095   7.285543270416177e-16
1.4279581238323393   7.27135559315241e-16
1.4292740593793147   7.257336172461387e-16
1.430591207627375   7.243415735996239e-16
1.431909569694084   7.229636128984515e-16
1.4332291466980354   7.2160470645323e-16
1.4345499397588581   7.202583220557109e-16
1.4358719499972088   7.189334477688167e-16
1.4371951785347776   7.176207457499943e-16
1.4385196264942877   7.163287543621675e-16
1.4398452949995009   7.15055184252855e-16
1.44117218517521   7.138032111586459e-16
1.4425002981472463   7.12575249937733e-16
1.443829635042477   7.113672945552887e-16
1.445160196988812   7.10186740788468e-16
1.446491985115196   7.0902854338749265e-16
1.4478250005516162   7.078990471626451e-16
1.4491592444290995   7.067969804669808e-16
1.4504947178797187   7.057227233820568e-16
1.4518314220365869   7.046812211939733e-16
1.4531693580338614   7.036697320698495e-16
1.4545085270067442   7.026801462635522e-16
1.4558489300914874   7.017190232045288e-16
1.4571905684253863   7.007796432746601e-16
1.4585334431467851   6.998624682904484e-16
1.4598775553950758   6.989678994591828e-16
1.461222906310705   6.980921126429485e-16
1.462569497035166   6.972342578416082e-16
1.4639173287110048   6.963919986022815e-16
1.4652664024818196   6.955666313292692e-16
1.4666167194922666   6.94754353844962e-16
1.4679682808880523   6.939518444183289e-16
1.4693210878159408   6.93159235634212e-16
1.4706751414237513   6.923775153090918e-16
1.4720304428603654   6.916010969220131e-16
1.4733869932757189   6.908319200530375e-16
1.4747447938208087   6.900639257814935e-16
1.476103845647691   6.892985937150682e-16
1.4774641499094883   6.905095562210804e-16
1.4788257077603808   6.901358213431044e-16
1.4801885203556147   6.879478408806583e-16
1.4815525888514984   6.83520228329906e-16
1.482917914405411   6.810521506569867e-16
1.4842844981757932   6.786182011117368e-16
1.4856523413221554   6.762265600783141e-16
1.4870214450050745   6.7387192193179985e-16
1.4883918103862017   6.715691913995817e-16
1.489763438628254   6.693201948015272e-16
1.4911363308950216   6.671275031414169e-16
1.4925104883513656   6.649918366889764e-16
1.4938859121632253   6.629209433977195e-16
1.4952626034976095   6.60917008770092e-16
1.4966405635226046   6.589848366597684e-16
1.498019793407371   6.571231841202655e-16
1.499400294322152   6.553461063254064e-16
1.5007820674382648   6.536435969922804e-16
1.5021651139281067   6.520226855856731e-16
1.5035494349651544   6.504804573379947e-16
1.5049350317239707   6.49007420029093e-16
1.5063219053801964   6.476027898809648e-16
1.5077100571105566   6.462629699650713e-16
1.5090994880928597   6.449817374918016e-16
1.510490199506004   6.437552685909647e-16
1.5118821925299701   6.425754894906538e-16
1.5132754683458267   6.414440649774997e-16
1.51467002813573   6.403572969343587e-16
1.5160658730829297   6.392919044071774e-16
1.5174630043717618   6.38256779938339e-16
1.5188614231876554   6.372610102316658e-16
1.5202611307171299   6.362940663024313e-16
1.521662128147803   6.353525365390918e-16
1.5230644166683824   6.344371946737812e-16
1.5244679974686726   6.335438407929657e-16
1.525872871739573   6.326680246664077e-16
1.5272790406730856   6.318024394545363e-16
1.5286865054623056   6.309504899026929e-16
1.5300952673014292   6.301065455871407e-16
1.5315053273857522   6.292633150747976e-16
1.5329166869116764   6.284219921193689e-16
1.5343293470767008   6.275775274262379e-16
1.535743309079429   6.26727242503338e-16
1.537158574119573   6.258664542308576e-16
1.538575143397946   6.249917298511787e-16
1.5399930181164698   6.241054053065011e-16
1.5414121994781715   6.231950913013903e-16
1.5428326886871921   6.222604204591489e-16
1.5442544869487773   6.213046362930527e-16
1.5456775954692854   6.203192125063464e-16
1.5471020154561843   6.193024588797005e-16
1.54852774811806   6.182460212891874e-16
1.5499547946646068   6.171557239553715e-16
1.5513831563066363   6.160222202716395e-16
1.5528128342560736   6.148491036484686e-16
1.5542438297259655   6.136398322056e-16
1.5556761439304723   6.123921530505126e-16
1.5571097780848744   6.111116775913775e-16
1.5585447334055709   6.097956093823655e-16
1.5599810111100862   6.084472096496031e-16
1.5614186124170624   6.070682804223198e-16
1.562857538546266   6.056631618617929e-16
1.564297790718586   6.042275986274087e-16
1.5657393701560414   6.027706505380027e-16
1.5671822780817724   6.012865059265016e-16
1.5686265157200479   5.997791710744615e-16
1.5700720842962637   5.982548534051658e-16
1.5715189850369498   5.967064647141169e-16
1.572967219169761   5.951473691320739e-16
1.5744167879234858   5.935685201235801e-16
1.575867692528043   5.919730105485828e-16
1.5773199342144901   5.903657819109339e-16
1.5787735142150139   5.88747078393484e-16
1.5802284337629384   5.871213484971207e-16
1.5816846940927225   5.854835893479945e-16
1.5831422964399675   5.838408344238573e-16
1.5846012420414093   5.821922071642838e-16
1.5860615321349238   5.805393060334453e-16
1.587523167959527   5.788809754510209e-16
1.5889861507553815   5.772274885600077e-16
1.5904504817637874   5.75573814475982e-16
1.5919161622271911   5.73919292831818e-16
1.5933831933891816   5.722716031653837e-16
1.594851576494499   5.706311158861955e-16
1.5963213127890261   5.690035816914201e-16
1.597792403519795   5.67384410896131e-16
1.5992648499349855   5.657798575588011e-16
1.6007386532839325   5.641930007909643e-16
1.6022138148171172   5.626203746537101e-16
1.6036903357861754   5.610675237121356e-16
1.605168217443894   5.595348556585005e-16
1.6066474610442194   5.580257392293673e-16
1.6081280678422494   5.565407133950416e-16
1.6096100390942392   5.550760385057249e-16
1.6110933760576005   5.53639458041097e-16
1.6125780799909086   5.52233143876819e-16
1.6140641521538939   5.508515938916412e-16
1.6155515938074487   5.495008045484686e-16
1.6170404062136265   5.48180579321989e-16
1.6185305906356484   5.468930145830516e-16
1.6200221483378945   5.456378613542885e-16
1.621515080585912   5.444208364864663e-16
1.6230093886464123   5.432364772704971e-16
1.6245050737872797   5.420899613768603e-16
1.6260021372775617   5.409804114316121e-16
1.627500580387477   5.399127204681222e-16
1.6290004043884128   5.388815257456044e-16
1.6305016105529333   5.378936119658868e-16
1.6320042001547708   5.369481233995814e-16
1.6335081744688322   5.360461299903769e-16
1.6350135347711983   5.351875003538878e-16
1.6365202823391307   5.343731023328778e-16
1.6380284184510632   5.336065877300267e-16
1.6395379443866087   5.3288716660317e-16
1.6410488614265588   5.32214444368176e-16
1.6425611708528896   5.315835111355814e-16
1.6440748739487536   5.309956478110415e-16
1.6455899719984879   5.304488290948155e-16
1.6471064662876114   5.299424595192845e-16
1.6486243581028324   5.294776180757934e-16
1.65014364873204   5.290500564933072e-16
1.6516643394643105   5.286579784000053e-16
1.653186431589913   5.283018322370784e-16
1.6547099264003002   5.279788066980274e-16
1.6562348251881174   5.2768680680853e-16
1.657761129247199   5.27425129278604e-16
1.6592888398725765   5.271895641123065e-16
1.6608179583604705   5.26984363624237e-16
1.662348486008297   5.26801704653386e-16
1.663880424114667   5.266434436602989e-16
1.665413773979392   5.265087625053348e-16
1.6669485369034773   5.263949635808575e-16
1.6684847141891286   5.262975984503821e-16
1.6700223071397498   5.262243536671805e-16
1.6715613170599506   5.261666288215222e-16
1.673101745255539   5.261257944602844e-16
1.6746435930335268   5.26100986797996e-16
1.6761868617021298   5.260888203801683e-16
1.6777315525707737   5.260946340585954e-16
1.6792776669500855   5.261099094758719e-16
1.680825206151903   5.261375818205053e-16
1.6823741714892697   5.261770399839398e-16
1.6839245642764453   5.262280122995167e-16
1.6854763858288953   5.262912426086454e-16
1.6870296374632987   5.263616401458908e-16
1.6885843204975468   5.264410748963194e-16
1.6901404362507504   5.265306962698258e-16
1.6916979860432306   5.266314680736129e-16
1.6932569711965268   5.267431906927564e-16
1.6948173930333952   5.268705572609054e-16
1.6963792528778154   5.27012135737031e-16
1.6979425520549825   5.271687400289243e-16
1.6995072918913139   5.273434958982634e-16
1.7010734737144486   5.275385724990939e-16
1.7026410988532537   5.277532990591018e-16
1.7042101686378153   5.279870510123074e-16
1.7057806843994479   5.282409272572692e-16
1.7073526474706904   5.285145499117718e-16
1.7089260591853155   5.288054745513358e-16
1.7105009208783193   5.2858749751720785e-16
1.71207723388593   5.280978553296091e-16
1.7136549995456059   5.2759420668111435e-16
1.7152342191960426   5.2708151861268525e-16
1.7168148941771642   5.265588053647362e-16
1.7183970258301318   5.260295622124154e-16
1.7199806154973398   5.254928986243376e-16
1.7215656645224258   5.249522209945629e-16
1.72315217425026   5.244074349922188e-16
1.7247401460269538   5.238594064885429e-16
1.7263295811998574   5.233096546327849e-16
1.7279204811175677   5.227595331867932e-16
1.7295128471299193   5.22211859912027e-16
1.7311066805879924   5.216659362729628e-16
1.7327019828441108   5.211239825142406e-16
1.7342987552518496   5.205878943292868e-16
1.735896999166026   5.200565336712382e-16
1.7374967159427073   5.195341153480994e-16
1.7390979069392092   5.190198360641961e-16
1.7407005735141032   5.18515724369959e-16
1.7423047170272075   5.180260917342928e-16
1.7439103388395953   5.175463250462157e-16
1.7455174403135925   5.17082608252569e-16
1.7471260228127852   5.16632983922881e-16
1.7487360877020113   5.162026398523196e-16
1.750347636347368   5.157894485358285e-16
1.7519606701162103   5.15393898585525e-16
1.7535751903771573   5.150161216515075e-16
1.7551911985000852   5.146629015380716e-16
1.756808695856134   5.143255571856291e-16
1.7584276838177055   5.140056874870416e-16
1.7600481637584713   5.137062710066547e-16
1.761670137053364   5.134256183412034e-16
1.7632936050785848   5.131650923169067e-16
1.7649185692116016   5.129200841036025e-16
1.7665450308311565   5.12696468446103e-16
1.7681729913172577   5.124895896200149e-16
1.7698024520511841   5.123001976463656e-16
1.771433414415494   5.121314510962113e-16
1.7730658797940135   5.119797608955729e-16
1.7746998495718462   5.118446217373171e-16
1.7763353251353704   5.117289273940748e-16
1.7779723078722471   5.116317165541124e-16
1.779610799171411   5.115530356322573e-16
1.7812508004230783   5.114928571038476e-16
1.7828923130187448   5.114483306432129e-16
1.7845353383511942   5.11422650188783e-16
1.7861798778144875   5.114157139046546e-16
1.7878259328039732   5.114268055142995e-16
1.7894735047162833   5.114551882023205e-16
1.7911225949493426   5.115007280704874e-16
1.7927732049023584   5.115627837650601e-16
1.7944253359758293   5.116459121512148e-16
1.796078989571543   5.117444107370045e-16
1.7977341670925842   5.118611761226189e-16
1.7993908699433252   5.119944498516547e-16
1.8010490995294346   5.121473021032216e-16
1.8027088572578742   5.123169088408713e-16
1.8043701445369082   5.125013253609567e-16
1.8060329627760925   5.127012424962702e-16
1.8076973133862846   5.129178886214563e-16
1.8093631977796398   5.13148095419609e-16
1.8110306173696202   5.133922439602701e-16
1.8126995735709859   5.136472893831361e-16
1.8143700677998011   5.139135833900727e-16
1.8160421014734345   5.141912515851766e-16
1.8177156760105657   5.144789717904954e-16
1.8193907928311766   5.147758477057278e-16
1.821067453356559   5.150788486301825e-16
1.8227456590093134   5.153905806879963e-16
1.8244254112133562   5.157076548834858e-16
1.8261067113939107   5.160302220568321e-16
1.8277895609775154   5.163583933808738e-16
1.8294739613920217   5.166893305324293e-16
1.8311599140666024   5.170211278163502e-16
1.8328474204317418   5.173564301737276e-16
1.8345364819192438   5.176933533646806e-16
1.8362270999622308   5.180258074761023e-16
1.8379192759951508   5.183586398604305e-16
1.8396130114537685   5.186902416571282e-16
1.8413083077751735   5.190164655498351e-16
1.8430051663977776   5.19338747187215e-16
1.8447035887613241   5.196545343113801e-16
1.8464035763068776   5.199626520183241e-16
1.8481051304768321   5.202657369834024e-16
1.8498082527149096   5.205580862669618e-16
1.8515129444661675   5.208401631537563e-16
1.8532192071769897   5.211113637373001e-16
1.854927042295095   5.213715913778677e-16
1.8566364512695341   5.216166351529653e-16
1.8583474355506988   5.21848179490309e-16
1.860059996590312   5.220651096162102e-16
1.8617741358414364   5.222673009425821e-16
1.8634898547584715   5.224516527199142e-16
1.8652071547971631   5.22618558512823e-16
1.866926037414593   5.227660929777756e-16
1.8686465040691873   5.228954369451001e-16
1.8703685562207144   5.230040609934068e-16
1.8720921953302936   5.230891060073363e-16
1.873817422860385   5.231538112305328e-16
1.8755442402747982   5.231924999183513e-16
1.8772726490386902   5.232093020364994e-16
1.8790026506185737   5.231993738615838e-16
1.8807342464823074   5.2316174144867155e-16
1.882467438099104   5.230967070528432e-16
1.8842022269395287   5.230017642452001e-16
1.885938614475508   5.228791963213407e-16
1.8876766021803182   5.227245386622484e-16
1.889416191528596   5.225411053018417e-16
1.8911573839963352   5.223210236191146e-16
1.8929001810608943   5.220693993536942e-16
1.8946445842009891   5.21782656268133e-16
1.8963905948966973   5.214615898365421e-16
1.8981382146294663   5.211027912332972e-16
1.899887444882103   5.207081192590787e-16
1.9016382871387834   5.202722510275743e-16
1.903390742885048   5.198013524681315e-16
1.9051448136078133   5.192899643333314e-16
1.9069005007953597   5.187388957812118e-16
1.9086578059373411   5.18150738580701e-16
1.9104167305247823   5.175239199815674e-16
1.912177276050088   5.168578678217014e-16
1.9139394440070323   5.161547386864256e-16
1.915703235890768   5.154117192424959e-16
1.9174686531978238   5.146278310907688e-16
1.919235697426113   5.13807733605581e-16
1.9210043700749244   5.129505615809366e-16
1.922774672644929   5.120523351734174e-16
1.9245466066381802   5.111179855880173e-16
1.9263201735581204   5.101435709555023e-16
1.9280953749095722   5.091317925698348e-16
1.9298722121987468   5.080837427337253e-16
1.9316506869332417   5.069984711620913e-16
1.933430800622049   5.05876087501992e-16
1.9352125547755465   5.047142028071344e-16
1.9369959509055048   5.035188977546489e-16
1.9387809905250863   5.022834652312874e-16
1.9405676751488536   5.010145193772936e-16
1.9423560062927594   4.997092347212649e-16
1.9441459854741552   4.983683420920461e-16
1.9459376142117886   4.969918282034531e-16
1.947730894025813   4.955801567706048e-16
1.9495258264377766   4.941348465273927e-16
1.9513224129706321   4.926559919057952e-16
1.9531206551487337   4.911493726832921e-16
1.9549205544978456   4.896302232625442e-16
1.956722112545133   4.881040584588903e-16
1.95852533081917   4.865836154624422e-16
1.960330210849937   4.850777063765551e-16
1.9621367541688313   4.83598968326924e-16
1.9639449623086547   4.821514169547867e-16
1.9657548368036237   4.807542554612782e-16
1.9675663791893672   4.79405514264812e-16
1.9693795910029341   4.781258428191843e-16
1.9711944737827851   4.769161686787375e-16
1.9730110290687997   4.757902067282457e-16
1.9748292584022749   4.74759370241247e-16
1.976649163325934   4.738242493276499e-16
1.978470745383916   4.729999890232168e-16
1.980294006121785   4.723017600012117e-16
1.9821189470865272   4.717275497537288e-16
1.9839455698265607   4.712947470193131e-16
1.985773875891724   4.710104562105309e-16
1.9876038668332867   4.708889716844785e-16
1.9894355442039453   4.709321830262376e-16
1.9912689095578333   4.71162692598855e-16
1.9931039644505109   4.715874073603503e-16
1.994940710438973   4.722159414646655e-16
1.996779149081648   4.730637298604837e-16
1.9986192819384063   4.7414622493943e-16
2.0004611105705496   4.750082758736423e-16
2.002304636540821   4.745709321681798e-16
2.0041498614134006   4.741339911380055e-16
2.0059967867539172   4.736974524123188e-16
2.007845414129436   4.73261315620662e-16
2.009695745108468   4.728255803929192e-16
2.011547781260968   4.723902463593151e-16
2.0134015241583434   4.71955313150414e-16
2.015256975373444   4.715207803971219e-16
2.0171141364805707   4.710866477306848e-16
2.0189730090554736   4.706529147826883e-16
2.02083359467536   4.702195811850567e-16
2.0226958949188867   4.697866465700541e-16
2.0245599113661648   4.693541105702839e-16
2.0264256455987613   4.689219728186875e-16
2.028293099199706   4.6849023294854375e-16
2.0301622737534815   4.680588905934705e-16
2.0320331708460313   4.676279453874232e-16
2.0339057920647656   4.671973969646933e-16
2.0357801389985517   4.667672449599106e-16
2.0376562132377236   4.663374890080407e-16
2.039534016374078   4.659081287443864e-16
2.0414135500008848   4.65479163804585e-16
2.0432948157128767   4.650505938246109e-16
2.0451778151062583   4.646224184407731e-16
2.0470625497787016   4.641946372897168e-16
2.048949021329358   4.637672500084201e-16
2.050837231358847   4.633402562341972e-16
2.052727181469265   4.629136556046958e-16
2.0546188732641815   4.624874477578979e-16
2.0565123083486516   4.620616323321177e-16
2.058407488329202   4.616362089660042e-16
2.0603044148138427   4.612111772985387e-16
2.062203089412064   4.607865369690355e-16
2.0641035137348442   4.603622876171402e-16
2.0660056893946415   4.59938428882831e-16
2.0679096180054013   4.595149604064181e-16
2.0698153011825537   4.590918818285434e-16
2.0717227405430254   4.586691927901782e-16
2.0736319377052252   4.582468929326263e-16
2.0755428942890566   4.578249818975211e-16
2.077455611915913   4.574034593268272e-16
2.079370092208689   4.569823248628372e-16
2.0812863367917687   4.565615781481744e-16
2.083204347291034   4.561412188257917e-16
2.085124125333864   4.55721246538971e-16
2.0870456725491437   4.553016609313213e-16
2.0889689905672526   4.548824616467815e-16
2.0908940810200747   4.544636483296182e-16
2.0928209455409967   4.540452206244257e-16
2.094749585764916   4.536271781761249e-16
2.0966800033282302   4.532095206299648e-16
2.0986121998688474   4.527922476315213e-16
2.100546177026183   4.523753588266965e-16
2.10248193644117   4.51958853861718e-16
2.104419479756246   4.515427323831406e-16
2.106358808615365   4.51126994037844e-16
2.1082999246639944   4.507116384730339e-16
2.110242829549124   4.502966653362393e-16
2.1121875249192543   4.498820742753159e-16
2.114134012424408   4.494678649384427e-16
2.1160822937161257   4.490540369741239e-16
2.118032370447477   4.486405900311856e-16
2.1199842442730477   4.482275237587792e-16
2.1219379168489514   4.478148378063784e-16
2.1238933898328245   4.474025318237809e-16
2.125850664883839   4.469906054611052e-16
2.127809743662688   4.465790583687935e-16
2.129770627831598   4.461678901976099e-16
2.1317333190543253   4.457571005986404e-16
2.1336978189961653   4.453466892232912e-16
2.135664129323942   4.449366557232909e-16
2.1376322517060173   4.445269997506886e-16
2.139602187812289   4.441177209578542e-16
2.1415739393141995   4.4370881899747674e-16
2.1435475078847253   4.4330029352256654e-16
2.1455228951983876   4.428921441864529e-16
2.1475001029312475   4.4248437064278516e-16
2.1494791327609173   4.4207697254553027e-16
2.1514599863665493   4.4166994954897543e-16
2.153442665428846   4.412633013077256e-16
2.155427171630054   4.4085702747670466e-16
2.15741350665398   4.4045112771115305e-16
2.159401672185974   4.400456016666297e-16
2.161391669912941   4.3964044899901094e-16
2.1633835015233402   4.3923566936449036e-16
2.165377168707191   4.3883126241957695e-16
2.1673726731560654   4.3842722782109727e-16
2.169370016563096   4.380235652261937e-16
2.1713692006229737   4.37620274292325e-16
2.1733702270319566   4.3721735467726425e-16
2.1753730974878613   4.3681480603910066e-16
2.177377813690067   4.36412628036239e-16
2.1793843773395274   4.3601082032739686e-16
2.181392790138756   4.356093825716077e-16
2.1834030537918374   4.3520831442821905e-16
2.185415170004425   4.3480761555689206e-16
2.1874291404837507   4.344072856176004e-16
2.1894449669386122   4.340073242706324e-16
2.191462651079385   4.3360773117658863e-16
2.193482194618018   4.332085059963828e-16
2.1955035992680454   4.328096483912397e-16
2.1975268667445724   4.3241115802269785e-16
2.1995519987642878   4.3201303455260645e-16
2.2015789970454605   4.3161527764312714e-16
2.203607863307949   4.312178869567312e-16
2.20563859927319   4.308208621562023e-16
2.2076712066642097   4.304242029046343e-16
2.2097056872056187   4.3002790886543174e-16
2.2117420426236243   4.2963197970230794e-16
2.2137802746460173   4.2923641507928753e-16
2.2158203850021843   4.288412146607037e-16
2.2178623754231017   4.2844637811119977e-16
2.2199062476413496   4.280519050957263e-16
2.2219520033910958   4.2765779527954443e-16
2.223999644408111   4.2726404832822223e-16
2.226049172429761   4.2687066390763704e-16
2.228100589195021   4.2647764168397226e-16
2.230153896444461   4.260849813237205e-16
2.232209095920258   4.256926824936808e-16
2.234266189366192   4.2530074486095956e-16
2.236325178527656   4.2490916809296883e-16
2.238386065151646   4.2451795185742794e-16
2.2404488509867693   4.2412709582236223e-16
2.242513537783243   4.2373659965610287e-16
2.244580127292903   4.233464630272858e-16
2.246648621269194   4.229566856048527e-16
2.2487190214671773   4.2256726705805067e-16
2.250791329643531   4.2217820705643107e-16
2.252865547556558   4.217895052698491e-16
2.2549416769661748   4.214011613684648e-16
2.2570197196339215   4.21013175022742e-16
2.2590996773229604   4.206255459034482e-16
2.261181551798085   4.202382736816529e-16
2.263265344825708   4.198513580287302e-16
2.2653510581738727   4.1946479861635596e-16
2.2674386936122484   4.190785951165097e-16
2.269528252912144   4.186927472014707e-16
2.271619737846492   4.1830725454382234e-16
2.2737131501898626   4.1792211681644873e-16
2.2758084917184576   4.175373336925358e-16
2.2779057642101233   4.171529048455692e-16
2.2800049694443376   4.167688299493367e-16
2.28210610920222   4.1638510867792626e-16
2.2842091852665303   4.1600174070572575e-16
2.2863141994216765   4.156187257074228e-16
2.2884211534537053   4.1523606335800504e-16
2.2905300491503113   4.1485375333275953e-16
2.2926408883008342   4.1447179530727264e-16
2.2947536726962694   4.1409018895742837e-16
2.2968684041292557   4.1370893395941064e-16
2.2989850843940873   4.1332802998970084e-16
2.3011037152867084   4.129474767250793e-16
2.303224298604726   4.1256727384262244e-16
2.305346836147396   4.121874210197056e-16
2.3074713297156353   4.118079179340004e-16
2.3095977811120183   4.114287642634765e-16
2.3117261921407866   4.1104995968639836e-16
2.3138565646078386   4.106715038813283e-16
2.3159889003207383   4.102933965271242e-16
2.318123201088714   4.099156373029403e-16
2.320259468722668   4.095382258882248e-16
2.322397705035164   4.091611619627228e-16
2.3245379118404386   4.0878444520647364e-16
2.3266800909543983   4.0840807529981193e-16
2.3288242441946303   4.080320519233655e-16
2.3309703733803886   4.076563747580576e-16
2.3331184803326073   4.072810434851049e-16
2.335268566873895   4.0690605778601815e-16
2.337420634828549   4.0653141734260003e-16
2.3395746860225386   4.0615712183694787e-16
2.3417307222835166   4.0578317095145163e-16
2.343888745440828   4.054095643687924e-16
2.346048757325495   4.050363017719453e-16
2.3482107597702306   4.046633828441763e-16
2.350374754609434   4.0429080726904427e-16
2.352540743679202   4.0391857473039784e-16
2.354708728817317   4.0354668491237814e-16
2.3568787118632564   4.031751374994169e-16
2.3590506946581904   4.0280393217623693e-16
2.3612246790449944   4.0243306862785017e-16
2.3634006668682335   4.0206254653955973e-16
2.3655786599741755   4.016923655969585e-16
2.3677586602107876   4.0132252548592917e-16
2.3699406694277467   4.009530258926424e-16
2.372124689476427   4.0058386650355965e-16
2.3743107222099122   4.0021504700543004e-16
2.3764987694829904   3.998465670852921e-16
2.378688833152166   3.994784264304712e-16
2.3808809150756476   3.9911062472858203e-16
2.383075017113359   3.9874316166752654e-16
2.3852711411269345   3.9837603693549454e-16
2.3874692889797324   3.9800925022096183e-16
2.3896694625368196   3.976428012126923e-16
2.3918716636649857   3.9727668959973624e-16
2.3940758942327367   3.9691091507143057e-16
2.3962821561103094   3.9654547731739727e-16
2.3984904511696556   3.961803760275452e-16
2.4007007812844545   3.9581561089206875e-16
2.402913148330111   3.954511816014477e-16
2.405127554183764   3.95087087846446e-16
2.407344000724276   3.9472332931811344e-16
2.4095624898322425   3.943599057077841e-16
2.4117830233899906   3.9399681670707644e-16
2.414005603281589   3.93634062007892e-16
2.416230231392835   3.932716413024174e-16
2.4184569096112667   3.9290955428312254e-16
2.420685639826159   3.925478006427601e-16
2.422916423928535   3.921863800743651e-16
2.425149263811153   3.9182529227125697e-16
2.427384161368519   3.9146453692703625e-16
2.4296211184968817   3.911041137355868e-16
2.4318601370942443   3.9074402239107283e-16
2.4341012190603526   3.9038426258794154e-16
2.436344366296705   3.9002483402092116e-16
2.4385895807065494   3.8966573638502164e-16
2.4408368641948965   3.8930696937553235e-16
2.4430862186685034   3.889485326880246e-16
2.4453376460358878   3.8859042601835e-16
2.447591148207324   3.8823264906264e-16
2.449846727094853   3.878752015173053e-16
2.4521043846122716   3.8751808307903725e-16
2.4543641226751425   3.87161293444806e-16
2.45662594320079   3.868048323118617e-16
2.4588898481083143   3.864486993777314e-16
2.4611558393185766   3.8609289434022213e-16
2.4634239187542093   3.857374168974195e-16
2.4656940883396157   3.8538226674768662e-16
2.4679663500009794   3.8502744358966396e-16
2.470240705666251   3.8467294712227033e-16
2.4725171572651616   3.843187770447016e-16
2.4747957067292172   3.8396493305643086e-16
2.4770763559917115   3.836114148572073e-16
2.479359106987712   3.8325822214705733e-16
2.481643961654073   3.8290535462628325e-16
2.4839309219294297   3.8255281199546425e-16
2.4862199897542125   3.8220059395545347e-16
2.4885111670706324   3.8184870020738135e-16
2.490804455822692   3.814971304526528e-16
2.493099857956184   3.81145884392948e-16
2.4953973754187007   3.807949617302213e-16
2.4976970101596225   3.804443621667021e-16
2.4999987641301282   3.8009408540489404e-16
2.5023026392831924   3.7974413114757487e-16
2.504608637573597   3.793944990977951e-16
2.506916760957918   3.790451889588799e-16
2.509227011394534   3.7869620043442764e-16
2.511539390843636   3.7834753322830836e-16
2.5138539012672148   3.7799918704466606e-16
2.5161705446290705   3.77651161587917e-16
2.518489322894811   3.7730345656275003e-16
2.520810238031863   3.7695607167412454e-16
2.5231332920094593   3.766090066272731e-16
2.525458486798649   3.7626226112769916e-16
2.5277858243722955   3.7591583488117794e-16
2.5301153067050888   3.7556972759375425e-16
2.5324469357735295   3.7522393897174514e-16
2.5347807135559433   3.7487846872173755e-16
2.5371166420324758   3.74533316550589e-16
2.5394547231851057   3.741884821654257e-16
2.54179495899763   3.727271670786256e-16
2.5441373514556767   3.718105965625084e-16
2.5464819025467014   3.7104867968936647e-16
2.548828614259998   3.703608269466792e-16
2.5511774885866867   3.6971903603137045e-16
2.5535285275197253   3.691095904278822e-16
2.555881733053905   3.685245488091931e-16
2.5582371071858634   3.679588203323503e-16
2.5605946519140703   3.674089074114717e-16
2.56295436923884   3.66872282947142e-16
2.565316261162327   3.663470496312729e-16
2.5676803296885393   3.658317392674887e-16
2.570046576823324   3.6532518758492077e-16
2.572415004574378   3.64826452475526e-16
2.574785614951248   3.643347585437415e-16
2.5771584099653384   3.63849458299162e-16
2.5795333916299   3.633700042623199e-16
2.581910561960042   3.6289592844934044e-16
2.5842899229727276   3.624268269796507e-16
2.586671476686787   3.619623483235914e-16
2.589055225122902   3.615021841892227e-16
2.5914411703036206   3.6104606235749774e-16
2.593829314253351   3.6059374097914656e-16
2.5962196589983746   3.601450039841234e-16
2.598612206566833   3.596996573490188e-16
2.6010069589887403   3.5925752603397946e-16
2.6034039182959767   3.5881845144777957e-16
2.6058030865223043   3.583822893336689e-16
2.6082044657033503   3.579489079935411e-16
2.6106080578766218   3.575181867864017e-16
2.6130138650815002   3.5709001485098925e-16
2.615421889359254   3.5666429001288425e-16
2.6178321327530254   3.562409178444974e-16
2.6202445973078423   3.558198108525314e-16
2.6226592850706134   3.554008877723659e-16
2.625076198090143   3.5498407295261945e-16
2.627495338417115   3.545692958161668e-16
2.629916708104105   3.541564903862812e-16
2.632340309205579   3.537455948685181e-16
2.6347661437779033   3.533365512805083e-16
2.637194213879331   3.529293051231055e-16
2.639624521570016   3.5252380508735724e-16
2.642057068912006   3.5212000279263657e-16
2.6444918579692596   3.5171785255196105e-16
2.6469288908076267   3.5131731116112476e-16
2.6493681694948656   3.509183377087379e-16
2.6518096961006368   3.505208934046943e-16
2.654253472696516   3.5012494142491685e-16
2.6566995013559795   3.4973044677053054e-16
2.6591477841544187   3.4933737613984667e-16
2.6615983231691334   3.489456978117627e-16
2.664051120479346   3.485553815393478e-16
2.6665061781661876   3.481663984525509e-16
2.668963498312709   3.4777872096908253e-16
2.6714230830038788   3.4739232271264765e-16
2.6738849343265945   3.4700717843779613e-16
2.6763490543696693   3.466232639607514e-16
2.678815445223843   3.462405560956348e-16
2.68128410898178   3.458590325955849e-16
2.6837550477380816   3.4547867209831463e-16
2.6862282635892716   3.4509945407570654e-16
2.688703758633804   3.4472135878707914e-16
2.691181534972077   3.443443672358038e-16
2.6936615947064153   3.4396846112898477e-16
2.6961439399410834   3.435936228399359e-16
2.6986285727822823   3.4321983537322184e-16
2.701115495338163   3.428470823320511e-16
2.7036047097188103   3.4247534788783237e-16
2.706096218036256   3.421046167517151e-16
2.7085900224044774   3.417348741479618e-16
2.7110861249394054   3.413661057890066e-16
2.7135845277589143   3.409982978520753e-16
2.716085232982833   3.406314369572413e-16
2.71858824273294   3.402655101468171e-16
2.721093559132979   3.399005048659771e-16
2.7236011843086407   3.3953640894452964e-16
2.7261111203875794   3.3917321057974794e-16
2.7286233694994055   3.388108983201895e-16
2.731137933775702   3.384494610504332e-16
2.7336548153500067   3.3808888797667496e-16
2.736174016357827   3.37729168613116e-16
2.738695538936635   3.3737029276909746e-16
2.741219385225882   3.370122505369263e-16
2.7437455573669807   3.3665503228035405e-16
2.7462740575033213   3.362986286236576e-16
2.748804887780267   3.359430304412903e-16
2.7513380503451645   3.3558822884806297e-16
2.7538735473473333   3.352342151898264e-16
2.7564113809380744   3.348809810346184e-16
2.7589515532706703   3.345285181642516e-16
2.7614940665003944   3.3417681856631277e-16
2.7640389227844997   3.3382587442655225e-16
2.7665861242822283   3.334756781216362e-16
2.769135673154811   3.331262222122433e-16
2.7716875715654776   3.3277749943648477e-16
2.774241821679443   3.3242950270363153e-16
2.7767984256639213   3.3208222508812706e-16
2.77935738568812   3.3173565982387427e-16
2.7819187039232545   3.313898002987757e-16
2.7844823825425316   3.31044640049522e-16
2.7870484237211657   3.3070017275660477e-16
2.789616829636371   3.3035639223955014e-16
2.7921876024673775   3.3001329245235424e-16
2.794760744395415   3.2967086747911864e-16
2.7973362576037264   3.2932911152986633e-16
2.799914144277563   3.289880189365345e-16
2.802494406604199   3.2864758414913183e-16
2.805077046772915   3.283078017320573e-16
2.8076620669750136   3.2796866636056465e-16
2.810249469403813   3.2763017281737154e-16
2.81283925625466   3.2729231598940263e-16
2.8154314297249177   3.269550908646641e-16
2.8180259920139767   3.266184925292368e-16
2.8206229453232514   3.2628251616438985e-16
2.8232222918561933   3.259471570438015e-16
2.8258240338182756   3.2561241053089056e-16
2.8284281734170076   3.25278272076244e-16
2.83103471286193   3.249447372151439e-16
2.8336436543646277   3.246118015651847e-16
2.8362550001387157   3.2427946082397987e-16
2.838868752399851   3.239477107669496e-16
2.8414849133657305   3.236165472451916e-16
2.844103485256103   3.232859661834245e-16
2.8467244702927545   3.2295596357800886e-16
2.849347870699521   3.226265354950344e-16
2.851973688702285   3.222976780684758e-16
2.8546019265289893   3.2196938749841143e-16
2.857232586409621   3.2164166004930433e-16
2.8598656705762258   3.213144920483422e-16
2.8625011812629015   3.2098787988383254e-16
2.865139120705816   3.206618200036502e-16
2.867779491143187   3.203363089137417e-16
2.8704222948152993   3.200113431766733e-16
2.8730675339644987   3.1968691941023027e-16
2.8757152108352053   3.1936303428605955e-16
2.878365327673901   3.1903968452835876e-16
2.881017886729136   3.1871686691260505e-16
2.883672890251542   3.1839457826432373e-16
2.886330340493816   3.1807281545789993e-16
2.888990239710734   3.17751575415422e-16
2.8916525901591474   3.1743085510556557e-16
2.894317394097995   3.1711065154250767e-16
2.89698465378829   3.167909617848788e-16
2.899654371493131   3.1647178293474323e-16
2.9023265494776993   3.1615311213661187e-16
2.9050011900092736   3.1583494657648275e-16
2.907678295357212   3.155172834809141e-16
2.9103578677929667   3.1520012011612023e-16
2.913039909590082   3.148834537870969e-16
2.915724423024204   3.145672818367699e-16
2.918411410373069   3.142516016451715e-16
2.921100873916514   3.1393641062863747e-16
2.9237928159364737   3.1362170623902847e-16
2.9264872387169967   3.1330748596297204e-16
2.9291841445442253   3.1299374732112963e-16
2.9318835357064126   3.1268048786747897e-16
2.9345854144939176   3.123677051886212e-16
2.9372897831992186   3.1205539690310226e-16
2.9399966441168974   3.1174356066075824e-16
2.942705999543654   3.114321941420742e-16
2.945417851778301   3.1112129505756276e-16
2.9481322031217796   3.108108611471568e-16
2.950849055877142   3.105008901796228e-16
2.9535684123495645   3.101913799519851e-16
2.956290274846346   3.0988232828896843e-16
2.959014645676922   3.0957373304245215e-16
2.9617415271528444   3.0926559209094283e-16
2.9644709215878002   3.0895790333905645e-16
2.9672028312976053   3.086506647170164e-16
2.969937258600218   3.0834387418016175e-16
2.972674205815725   3.08037529708472e-16
2.9754136752663523   3.0773162930610027e-16
2.978155669276465   3.074261710009194e-16
2.9809001901725773   3.0712115284407873e-16
2.9836472402833403   3.068165729095742e-16
2.9863968219395525   3.065124292938256e-16
2.9891489374741576   3.062087201152675e-16
2.991903589222259   3.05905443513946e-16
2.9946607795211024   3.0560259765113057e-16
2.9974205107100906   3.053001807089307e-16
3.0001827851307796   3.049981908899238e-16
3.002947605126891   3.0469662641679115e-16
3.005714973044299   3.043954855319632e-16
3.008484891231041   3.0409476649727334e-16
3.011257362037317   3.037944675936182e-16
3.0140323878155   3.034945871206266e-16
3.0168099709201233   3.0319512339633804e-16
3.019590113707892   3.0289607475688526e-16
3.02237281853768   3.0259743955618774e-16
3.0251580877705457   3.0229921616564626e-16
3.027945923769712   3.020014029738527e-16
3.030736328900584   3.017039983862992e-16
3.0335293055307435   3.014070008250977e-16
3.036324856029963   3.0111040872870273e-16
3.0391229827701896   3.00814220551644e-16
3.0419236881255602   3.0051843476426187e-16
3.0447269744723946   3.00223049852451e-16
3.0475328441892144   2.9992806431740505e-16
3.0503412996567216   2.996334766753737e-16
3.0531523432578163   2.993392854574194e-16
3.055965977377591   2.990454892091816e-16
3.0587822044033457   2.9875208649064458e-16
3.061601026724572   2.9845907587591283e-16
3.064422446732965   2.981664559529884e-16
3.0672464668224215   2.978742253235544e-16
3.070073089389054   2.975823826027619e-16
3.0729023168311738   2.972909264190232e-16
3.075734151549305   2.96999855413807e-16
3.0785685959461806   2.9670916824143996e-16
3.0814056524267586   2.9641886356890914e-16
3.084245323398202   2.9612894007567334e-16
3.087087611269894   2.9583939645347385e-16
3.089932518453446   2.9555023140614994e-16
3.092780047362683   2.952614436494604e-16
3.0956302004136584   2.949730319109057e-16
3.0984829800246474   2.94684994929556e-16
3.1013383886161643   2.9439733145587914e-16
3.1041964286109445   2.941100402515772e-16
3.107057102433959   2.938231200894217e-16
3.10992041251241   2.935365697530941e-16
3.1127863612757465   2.9325038803702787e-16
3.1156549511556473   2.929645737462565e-16
3.1185261845860346   2.926791256962612e-16
3.12140006400307   2.9239404271282394e-16
3.1242765918451707   2.9210932363188026e-16
3.127155770552991   2.9182496729937894e-16
3.130037602569437   2.915409725711414e-16
3.132922090339664   2.912573383127242e-16
3.13580923631109   2.909740633992838e-16
3.1386990429333776   2.906911467154462e-16
3.1415915126584513   2.9040858715517547e-16
3.144486647940492   2.90126383621648e-16
3.147384451235951   2.8984453502712485e-16
3.1502849250035347   2.8956304029283193e-16
3.153188071704218   2.89281898348838e-16
3.1560938938012404   2.890011081339366e-16
3.159002393760121   2.8872066859552867e-16
3.1619135740486417   2.884405786895106e-16
3.164827437136862   2.8816083738016022e-16
3.167743985497114   2.878814436400277e-16
3.1706632216040176   2.876023964498259e-16
3.1735851479344643   2.873236947983261e-16
3.176509766967631   2.8704533768225177e-16
3.1794370811849757   2.867673241061774e-16
3.1823670930702534   2.8648965308242543e-16
3.1852998051094983   2.862123236309692e-16
3.1882352197910384   2.8593533477933536e-16
3.191173339605492   2.856586855625066e-16
3.194114167045783   2.8538237502282814e-16
3.1970577046071207   2.8510640220991614e-16
3.2000039547870194   2.8483076618056584e-16
3.2029529200852904   2.8455546599866183e-16
3.20590460300406   2.842805007350899e-16
3.2088590060477484   2.840058694676522e-16
3.211816131723088   2.837315712809802e-16
3.2147759825391193   2.834576052664523e-16
3.217738561007203   2.8318397052210993e-16
3.220703869641005   2.829106661525787e-16
3.223671910956511   2.826376912689873e-16
3.2266426874720215   2.8236504498888993e-16
3.229616201708169   2.820927264361877e-16
3.232592456187897   2.8182073474105515e-16
3.2355714534364792   2.815490690398639e-16
3.238553195981512   2.8127772847511005e-16
3.241537686352931   2.8100671219534035e-16
3.2445249270829946   2.807360193550835e-16
3.2475149207062968   2.8046564911477864e-16
3.2505076697597644   2.801956006407066e-16
3.253503176782672   2.7992587310492196e-16
3.2565014443166245   2.796564656851866e-16
3.2595024749055725   2.793873775649042e-16
3.2625062710958077   2.7911860793305515e-16
3.2655128354359775   2.7885015598413214e-16
3.2685221704770684   2.7858202091807885e-16
3.271534278772422   2.783142019402273e-16
3.2745491628777286   2.7804669826123737e-16
3.2775668253510433   2.777795090970357e-16
3.2805872687527704   2.775126336687587e-16
3.2836104956456746   2.7724607120269284e-16
3.2866365085948814   2.7697982093021837e-16
3.289665310167889   2.767138820877511e-16
3.292696902934551   2.764482539166899e-16
3.2957312894670943   2.7618293566335915e-16
3.298768472340111   2.759179265789563e-16
3.3018084541305774   2.756532259194977e-16
3.304851237417834   2.753888329457676e-16
3.3078968247836014   2.7512474692326523e-16
3.3109452188119763   2.7486096712215517e-16
3.313996422089447   2.7459749281721554e-16
3.3170504372048746   2.7433432328779035e-16
3.3201072667495066   2.7407145781774027e-16
3.3231669133169888   2.7380889569539367e-16
3.3262293795033466   2.73546636213501e-16
3.329294667907001   2.732846786691866e-16
3.332362781128764   2.7302302236390433e-16
3.335433721771856   2.7276166660339e-16
3.338507492441885   2.7250061069761926e-16
3.341584095746863   2.722398539607618e-16
3.3446635342972035   2.719793957111388e-16
3.3477458107057347   2.717192352711791e-16
3.3508309275876833   2.71459371967378e-16
3.3539188875606887   2.711998051302555e-16
3.3570096932447995   2.709405340943147e-16
3.3601033472624895   2.706815581980009e-16
3.363199852238638   2.704228767836632e-16
3.366299210800548   2.701644891975135e-16
3.3694014255779385   2.699063947895889e-16
3.372506499202964   2.696485929137117e-16
3.375614434310193   2.693910829274534e-16
3.3787252335366267   2.6913386419209593e-16
3.3818388995216915   2.6887693607259633e-16
3.384955434907257   2.6862029793754807e-16
3.3880748423376184   2.683639491591478e-16
3.391197124459509   2.6810788911315815e-16
3.394322283922099   2.6785211717887417e-16
3.3974503233770106   2.6759663273908674e-16
3.400581245478298   2.673414351800515e-16
3.403715052882466   2.6708652389145287e-16
3.4068517482484637   2.6683189826637235e-16
3.4099913342377   2.665775577012546e-16
3.4131338135140274   2.663235015958764e-16
3.416279188743756   2.660697293533144e-16
3.4194274625956496   2.658162403799134e-16
3.422578637740942   2.655630340852551e-16
3.4257327168533176   2.653101098821282e-16
3.4288897026089296   2.6505746718649787e-16
3.4320495976863925   2.6480510541747574e-16
3.4352124047668005   2.6455302399728992e-16
3.438378126533708   2.643012223512571e-16
3.441546765673146   2.6404969990775305e-16
3.444718324873617   2.637984560981841e-16
3.4478928068261117   2.63547490356959e-16
3.45107021422409   2.632968021214621e-16
3.4542505497634983   2.630463908320254e-16
3.4574338161427627   2.627962559319015e-16
3.460620016062808   2.6254639686723643e-16
3.463809152227036   2.6229681308704477e-16
3.467001227341344   2.620475040431824e-16
3.4701962441141196   2.617984691903214e-16
3.473394205256257   2.615497079859237e-16
3.476595113481138   2.6130121989021724e-16
3.4797989715046476   2.6105300436617085e-16
3.483005782045171   2.608050608794695e-16
3.4862155478236088   2.6055738889848957e-16
3.4894282715633587   2.6030998789427627e-16
3.492643955990331   2.6006285734051915e-16
3.4958626038329452   2.5981599671352927e-16
3.499084217822146   2.5956940549221494e-16
3.502308800691383   2.593230831580608e-16
3.50553635517663   2.590770291951039e-16
3.508766884016377   2.588312430899125e-16
3.5120003899516496   2.585857243315623e-16
3.515236875725988   2.583404724116172e-16
3.518476344085464   2.5809548682410577e-16
3.5217187977786772   2.5785076706550153e-16
3.524964239556771   2.5760631263470015e-16
3.5282126721734124   2.5736212303300084e-16
3.5314640983848102   2.5711819776408445e-16
3.5347185209497103   2.5687453633399396e-16
3.5379759426294104   2.5663113825111325e-16
3.541236366187743   2.56388003026149e-16
3.5444997943910903   2.5614513017210985e-16
3.5477662300083814   2.5590251920428805e-16
3.5510356758111077   2.5566016964023857e-16
3.5543081345733025   2.55205795506237e-16
3.557583609071558   2.5463409369527367e-16
3.560862102085033   2.5419979100681514e-16
3.564143616395439   2.5380810945685686e-16
3.567428154787054   2.534399374401696e-16
3.5707157200467172   2.5308732663339313e-16
3.574006314963848   2.52746056023634e-16
3.5772999423304257   2.5241356284585727e-16
3.5805966049410047   2.5208815135045543e-16
3.583896305592713   2.517686296839982e-16
3.5871990470852655   2.514541217551269e-16
3.5905048322209474   2.51143960861421e-16
3.5938136638046294   2.508376254229397e-16
3.5971255446437636   2.5053469807572394e-16
3.6004404775484007   2.5023483851191595e-16
3.6037584653311687   2.499377648067991e-16
3.607079510807293   2.4964324019848407e-16
3.610403616794588   2.493510634907182e-16
3.6137307861134778   2.4906106193356154e-16
3.6170610215869723   2.4877308584156834e-16
3.620394326040689   2.4848700445724725e-16
3.623730702302843   2.48202702724434e-16
3.6270701532042704   2.479200787380331e-16
3.630412681578401   2.4763904170433225e-16
3.633758290261283   2.4735951029209994e-16
3.6371069820915713   2.4708141128656923e-16
3.6404587599105502   2.468046784808683e-16
3.6438136265621104   2.465292517555591e-16
3.6471715848927673   2.462550763086192e-16
3.650532637751655   2.4598210200682144e-16
3.653896787990546   2.457102828358657e-16
3.657264038463828   2.4543957643145805e-16
3.6606343920285243   2.4516994367720185e-16
3.6640078515442855   2.449013483580031e-16
3.667384419873411   2.4463375685987917e-16
3.670764099880825   2.4436713790878485e-16
3.6741468944340965   2.4410146234241246e-16
3.6775328064034327   2.438367029100087e-16
3.6809218386616984   2.435728340961025e-16
3.6843139940843925   2.4330983196473917e-16
3.68770927554967   2.430476740213658e-16
3.6911076859383325   2.4278633908998003e-16
3.6945092281338487   2.425258072035226e-16
3.697913905022333   2.422660595058069e-16
3.7013217194925634   2.4200707816352737e-16
3.7047326744359763   2.4174884628710816e-16
3.7081467727466837   2.414913478593235e-16
3.7115640173214537   2.4123456767077936e-16
3.714984411059728   2.40978491261458e-16
3.718407956863615   2.4072310486764593e-16
3.721834657637911   2.404683953736454e-16
3.7252645162900766   2.402143502677557e-16
3.728697535730255   2.399609576020644e-16
3.7321337188712698   2.39708205955656e-16
3.735573068628637   2.3945608440088476e-16
3.739015587920551   2.3920458247240755e-16
3.7424612796678973   2.389536901387021e-16
3.7459101467942504   2.3870339777582955e-16
3.74936219222589   2.3845369614322993e-16
3.752817418891781   2.382045763613602e-16
3.7562758297235916   2.3795602989100334e-16
3.7597374276556876   2.377080485140999e-16
3.763202215625151   2.374606243159648e-16
3.766670196571758   2.3721374966877094e-16
3.7701413734379985   2.3696741721618757e-16
3.7736157491690703   2.367216198590772e-16
3.7770933267128965   2.3647635074216164e-16
3.780574109020105   2.362316032415816e-16
3.784058099044048   2.359873709532703e-16
3.787545299740794   2.3574364768208334e-16
3.791035714069148   2.355004274316202e-16
3.7945293449906305   2.3525770439468925e-16
3.798026195469494   2.3501547294436027e-16
3.8015262684727196   2.347737276255669e-16
3.805029566970034   2.3453246314721293e-16
3.808536093933889   2.3429167437475047e-16
3.812045852339476   2.340513563231917e-16
3.815558845164739   2.338115041505242e-16
3.8190750753903555   2.335721131515051e-16
3.822594545999754   2.3333317875180226e-16
3.8261172599791076   2.330946965024625e-16
3.8296432203173527   2.328566620746827e-16
3.8331724300061705   2.326190712548663e-16
3.83670489204   2.3238191993994243e-16
3.840240609416039   2.32145204132934e-16
3.843779585134257   2.3190891993875565e-16
3.8473218221973773   2.3167306356023114e-16
3.8508673236108932   2.3143763129431145e-16
3.8544160923830653   2.312026195284849e-16
3.8579681315249372   2.3096802473736444e-16
3.861523444050316   2.3073384347944605e-16
3.8650820329757902   2.305000723940212e-16
3.868643901320724   2.30266708198241e-16
3.872209052107275   2.3003374768431713e-16
3.8757774883603764   2.298011877168577e-16
3.8793492131077505   2.2956902523032463e-16
3.8829242293799076   2.2933725722660925e-16
3.886502540210162   2.291058807727171e-16
3.890084148634611   2.2887489299855957e-16
3.8936690576921547   2.286442910948412e-16
3.897257270424489   2.2841407231104174e-16
3.9008487898761253   2.281842339534854e-16
3.904443619094368   2.279547733834954e-16
3.9080417611293345   2.2772568801562477e-16
3.9116432190339494   2.274969753159647e-16
3.915247995863961   2.2726863280052094e-16
3.918856094677923   2.270406580336612e-16
3.9224675185372124   2.268130486266229e-16
3.926082270506021   2.2658580223608423e-16
3.9297003536513793   2.263589165627905e-16
3.933321771043129   2.2613238935023795e-16
3.9369465257539487   2.2590621838340746e-16
3.9405746208593406   2.2568040148754927e-16
3.944206059437656   2.2545493652701294e-16
3.94784084457007   2.252298214041256e-16
3.9514789793406013   2.2500505405810963e-16
3.9551204668361066   2.247806324640431e-16
3.958765310146299   2.2455655463185797e-16
3.9624135123637276   2.2433281860537717e-16
3.9660650765837953   2.241094224613849e-16
3.969720005904753   2.2388636430873276e-16
3.9733783034277192   2.23663642287476e-16
3.9770399722566583   2.234412545680434e-16
3.980705015498399   2.2321919935043443e-16
3.984373436262629   2.229974748634455e-16
3.988045237661914   2.227760793639227e-16
3.9917204228116767   2.225550111360415e-16
3.995398994830213   2.223342684906105e-16
3.9990809568386902   2.221138497643982e-16
4.002766311961163   2.2189375331948306e-16
4.0064550633245535   2.2167397754262628e-16
4.010147214058669   2.2145452084466384e-16
4.0138427672961985   2.212353816599195e-16
4.017541726172728   2.2101655844563598e-16
4.021244093826721   2.2079804968142628e-16
4.024949873399539   2.2057985386874122e-16
4.028659068035433   2.203619695303544e-16
4.032371680881565   2.2014439520986282e-16
4.036087715087984   2.1992712947120502e-16
4.039807173807646   2.1971017089819216e-16
4.04353006019641   2.1949351809405496e-16
4.047256377413054   2.1927716968100304e-16
4.050986128619253   2.1906112429980023e-16
4.054719316979605   2.1884538060934988e-16
4.058455945661615   2.1862993728629477e-16
4.062196017835722   2.1841479302462707e-16
4.065939536675274   2.1819994653531197e-16
4.069686505356548   2.1798539654592047e-16
4.073436927058742   2.1777114180027407e-16
4.0771908049639976   2.1755718105809826e-16
4.080948142257377   2.173435130946885e-16
4.084708942126877   2.1713013670058326e-16
4.088473207763444   2.1691705068124691e-16
4.092240942360954   2.1670425385676288e-16
4.09601214911623   2.1649174506153362e-16
4.099786831229035   2.1627952314399002e-16
4.103564991902096   2.160675869663077e-16
4.107346634341079   2.158559354041327e-16
4.111131761754605   2.156445673463133e-16
4.114920377354251   2.1543348169463965e-16
4.118712484354565   2.1522267736358912e-16
4.122508085973045   2.150121532800811e-16
4.126307185430158   2.1480190838323597e-16
4.130109785949335   2.1459194162414073e-16
4.13391589075699   2.1438225196562107e-16
4.137725503082497   2.1417283838202017e-16
4.141538626158211   2.1396369985898182e-16
4.145355263219463   2.1375483539323976e-16
4.1491754175045745   2.1354624399241163e-16
4.152999092254841   2.1333792467480002e-16
4.156826290714551   2.1312987646919627e-16
4.160657016130975   2.1292209841469051e-16
4.16449127175439   2.1271458956048538e-16
4.168329060838056   2.125073489657159e-16
4.1721703866382365   2.1230037569927234e-16
4.176015252414188   2.120936688396279e-16
4.179863661428187   2.118872274746697e-16
4.183715616945502   2.116810507015363e-16
4.187571122234414   2.1147513762645598e-16
4.191430180566214   2.1126948736459109e-16
4.1952927952152175   2.1106409903988417e-16
4.199158969458748   2.1085897178491021e-16
4.203028706577149   2.1065410474073002e-16
4.206902009853788   2.1044949705674814e-16
4.210778882575068   2.1024514789057302e-16
4.214659328030407   2.100410564078822e-16
4.218543349512261   2.0983722178228883e-16
4.222430950316115   2.096336431952122e-16
4.226322133740503   2.0943031983574977e-16
4.230216903086986   2.0922725090055469e-16
4.234115261660174   2.0902443559371317e-16
4.238017212767715   2.0882187312662652e-16
4.241922759720319   2.086195627178943e-16
4.2458319058317375   2.0841750359320174e-16
4.249744654418774   2.0821569498520816e-16
4.253661008801289   2.0801413613343838e-16
4.257580972302213   2.0781282628417575e-16
4.261504548247528   2.0761176469035912e-16
4.2654317399662816   2.0741095061148046e-16
4.26936255079059   2.0721038331348505e-16
4.273296984055649   2.0701006206867346e-16
4.277235043099717   2.0680998615560678e-16
4.281176731264131   2.0661015485901248e-16
4.285122051893307   2.0641056746969288e-16
4.289071008334752   2.062112232844346e-16
4.293023603939046   2.0601212160592187e-16
4.296979842059862   2.058132617426493e-16
4.300939726053958   2.0561464300883797e-16
4.3049032592811995   2.0541626472435174e-16
4.308870445104536   2.0521812621461732e-16
4.312841286890017   2.0502022681054426e-16
4.316815788006794   2.0482256584844685e-16
4.320793951827133   2.0462514266996718e-16
4.324775781726396   2.0442795662200173e-16
4.328761281083062   2.0423100705662633e-16
4.332750453278714   2.040342933310253e-16
4.336743301698069   2.0383781480741938e-16
4.340739829728949   2.0364157085299806e-16
4.344740040762301   2.0344556083985043e-16
4.348743938192194   2.0324978414489905e-16
4.352751525415837   2.0305424014983372e-16
4.356762805833556   2.0285892824104832e-16
4.360777782848818   2.02663847809577e-16
4.364796459868218   2.0246899825103293e-16
4.368818840301508   2.0227437896554631e-16
4.372844927561564   2.0207998935770654e-16
4.3768747250644155   2.0188582883650247e-16
4.380908236229233   2.0169189681526564e-16
4.3849454644783545   2.0149819271161268e-16
4.388986413237255   2.013047159473915e-16
4.393031085934568   2.0111146594862615e-16
4.3970794860021   2.0091844214546264e-16
4.401131616874807   2.0072564397211787e-16
4.405187481990812   2.0053307086682722e-16
4.409247084791408   2.0034072227179406e-16
4.413310428721067   2.001485976331395e-16
4.4173775172274246   1.9995669640085444e-16
4.4214483537612965   1.9976501802875093e-16
4.425522941776675   1.9957356197441522e-16
4.42960128473075   1.9938232769916036e-16
4.4336833860838825   1.9919131466798213e-16
4.437769249299626   1.9900052234951316e-16
4.441858877844722   1.9880995021597935e-16
4.445952275189123   1.9861959774315544e-16
4.450049444805962   1.984294644103241e-16
4.454150390171579   1.9823954970023266e-16
4.458255114765512   1.9804985309905277e-16
4.46236362207052   1.9786037409633864e-16
4.466475915572559   1.9767111218498865e-16
4.4705919987608   1.974820668612053e-16
4.474711875127626   1.9729323762445691e-16
4.47883554816865   1.97104623977439e-16
4.482963021382697   1.96916225426038e-16
4.487094298271818   1.96728041479294e-16
4.491229382341285   1.9654007164936458e-16
4.49536827709962   1.9635231545148874e-16
4.499510986058557   1.9616477240395312e-16
4.503657512733076   1.9597744202805652e-16
4.507807860641391   1.957903238480765e-16
4.51196203330497   1.956034173912353e-16
4.516120034248514   1.9541672218766796e-16
4.5202818669999765   1.952302377703894e-16
4.524447535090557   1.9504396367526279e-16
4.528617042054724   1.948578994409674e-16
4.532790391430188   1.9467204460896909e-16
4.536967586757926   1.9448639872348896e-16
4.541148631582173   1.943009613314738e-16
4.545333529450443   1.9411573198256579e-16
4.549522283913506   1.9393071022907468e-16
4.553714898525409   1.9374589562594852e-16
4.557911376843469   1.9356128773074556e-16
4.562111722428297   1.9337688610360597e-16
4.56631593884377   1.9319269030722553e-16
4.570524029657053   1.9300869990682785e-16
4.574735998438595   1.9282491447013837e-16
4.578951848762149   1.9264133356735747e-16
4.583171584204748   1.924579567711353e-16
4.587395208346724   1.9227478365654638e-16
4.591622724771706   1.920918138010644e-16
4.595854137066639   1.9190904678453688e-16
4.60008944882176   1.917264821891621e-16
4.604328663630617   1.9154411959946438e-16
4.608571785090067   1.9136195860227055e-16
4.612818816800296   1.9117999878668623e-16
4.617069762364792   1.909982397440736e-16
4.62132462539037   1.9081668106802847e-16
4.625583409487163   1.9063532235435807e-16
4.629846118268647   1.9045416320105786e-16
4.634112755351611   1.902732032082918e-16
4.638383324356183   1.9009244197836957e-16
4.642657828905825   1.899118791157259e-16
4.646936272627347   1.8973151422689918e-16
4.651218659150892   1.8955134692051175e-16
4.655504992109951   1.8937137680724926e-16
4.659795275141359   1.891916034998406e-16
4.664089511885317   1.8901202661303783e-16
4.6683877059853645   1.8883264576359768e-16
4.672689861088407   1.8865346057026142e-16
4.676995980844703   1.8847447065373674e-16
4.681306068907891   1.8829567563667784e-16
4.685620128934961   1.8811707514366843e-16
4.689938164586278   1.8793866880120257e-16
4.694260179525576   1.8776045623766723e-16
4.69858617741998   1.8758243708332386e-16
4.702916161939979   1.874046109702919e-16
4.707250136759446   1.8722697753253084e-16
4.711588105555651   1.8704953640582307e-16
4.715930072009243   1.8687228722775752e-16
4.720276039804265   1.8669522963771302e-16
4.724626012628149   1.8651836327684174e-16
4.728979994171741   1.863416877880526e-16
4.733337988129275   1.8616520281599613e-16
4.737699998198393   1.859889080070481e-16
4.742066028080139   1.8581280300929456e-16
4.7464360814789845   1.8563688747251524e-16
4.750810162102798   1.8546116104816974e-16
4.755188273662871   1.85285623389382e-16
4.759570419873909   1.8511027415092533e-16
4.763956604454059   1.8493511298920755e-16
4.768346831124874   1.847601395622575e-16
4.772741103611347   1.8458535352970988e-16
4.777139425641895   1.8441075455279193e-16
4.781541800948389   1.8423634229430795e-16
4.785948233266122   1.8406211641862783e-16
4.790358726333834   1.838880765916718e-16
4.794773283893708   1.8371422248089772e-16
4.799191909691387   1.8354055375528719e-16
4.803614607475953   1.8336707008533335e-16
4.808041380999948   1.8319377114302734e-16
4.812472234019367   1.8302065660184596e-16
4.816907170293681   1.828477261367379e-16
4.821346193585811   1.8267497942411296e-16
4.825789307662149   1.8250241614182867e-16
4.830236516292556   1.8233003596917843e-16
4.83468782325038   1.8215783858687868e-16
4.83914323231243   1.8198582367705846e-16
4.843602747259004   1.818139909232464e-16
4.848066371873877   1.8164234001036001e-16
4.852534109944326   1.8147087062469292e-16
4.857005965261102   1.8129958245390517e-16
4.8614819416184565   1.8112847518701067e-16
4.8659620428141315   1.80957548514367e-16
4.870446272649383   1.8078680212766333e-16
4.874934634928957   1.8061623571991077e-16
4.8794271334611095   1.804458489854312e-16
4.883923772057601   1.8027564161984643e-16
4.88842455453372   1.801056133200678e-16
4.892929484708255   1.7993576378428603e-16
4.897438566403522   1.7976609271196093e-16
4.901951803445349   1.7959659980381145e-16
4.90646919966311   1.7942728476180457e-16
4.91099075888969   1.7925814728914706e-16
4.915516484961512   1.7908918709027459e-16
4.920046381718529   1.7892040387084248e-16
4.924580453004249   1.7875179733771543e-16
4.929118702665705   1.7858336719895891e-16
4.933661134553482   1.7841511316382975e-16
4.938207752521707   1.7824703494276622e-16
4.942758560428077   1.7807913224737892e-16
4.947313562133824   1.7791140479044249e-16
4.951872761503747   1.7774385228588592e-16
4.9564361624062   1.7757647444878422e-16
4.961003768713119   1.7740927099534844e-16
4.96557558429999   1.772422416429189e-16
4.970151613045878   1.7707538610995488e-16
4.974731858833416   1.7690870411602733e-16
4.979316325548832   1.7674219538180913e-16
4.983905017081919   1.765758596290683e-16
4.988497937326059   1.764096965806588e-16
4.993095090178219   1.7624370596051265e-16
4.997696479538971   1.7607788749363143e-16
5.002302109312466   1.7591224090607932e-16
5.006911983406459   1.7574676592497418e-16
5.011526105732301   1.7558146227848046e-16
5.016144480204962   1.7541632969580059e-16
5.020767110743004   1.7525136790716855e-16
5.025394001268609   1.7508657664384125e-16
5.030025155707563   1.7492195563809177e-16
5.034660577989288   1.7475750462320104e-16
5.0393002720468125   1.7459322333345154e-16
5.043944241816789   1.7442911150411955e-16
5.0485924912395115   1.742651688714675e-16
5.053245024258892   1.741013951727378e-16
5.0579018448224815   1.7393779014614506e-16
5.062562956881462   1.7377435353086972e-16
5.067228364390675   1.7361108506705005e-16
5.071898071308588   1.734479844957767e-16
5.076572081597326   1.7328505155908503e-16
5.081250399222656   1.7312228599994884e-16
5.085933028154015   1.7295968756227309e-16
5.090619972364487   1.7279725599088818e-16
5.095311235830818   1.72634991031543e-16
5.100006822533414   1.7247289243089869e-16
5.10470673645637   1.7231095993652153e-16
5.10941098158743   1.7214919329687782e-16
5.11411956191802   1.7198759226132683e-16
5.118832481443244   1.7182615658011487e-16
5.123549744161896   1.7166488600436873e-16
5.128271354076444   1.7150378028609045e-16
5.13299731519305   1.7134283917815053e-16
5.137727631521559   1.7118206243428251e-16
5.142462307075531   1.7102144980907643e-16
5.147201345872207   1.708610010579737e-16
5.151944751932534   1.7070071593726099e-16
5.156692529281163   1.705405942040646e-16
5.161444681946467   1.7038063561634418e-16
5.166201213960514   1.7022083993288825e-16
5.170962129359098   1.7006120691330773e-16
5.175727432181722   1.6990173631803091e-16
5.18049712647163   1.6974242790829728e-16
5.185271216275776   1.695832814461531e-16
5.1900497056448485   1.6942429669444543e-16
5.194832598633263   1.6926547341681702e-16
5.199619899299188   1.6910681137770056e-16
5.204411611704517   1.6894831034231438e-16
5.209207739914888   1.6878997007665653e-16
5.214008287999684   1.6863179034750022e-16
5.218813260032055   1.6847377092238778e-16
5.2236226600888855   1.6831591156962693e-16
5.2284364922508235   1.68158212058285e-16
5.233254760602273   1.680006721581843e-16
5.238077469231417   1.6784329163989658e-16
5.24290462223019   1.6768607027473934e-16
5.247736223694305   1.6752900783477015e-16
5.25257227772324   1.6737210409278226e-16
5.25741278842027   1.672153588222994e-16
5.262257759892434   1.67058771797572e-16
5.267107196250563   1.6690234279357183e-16
5.271961101609268   1.667460715859878e-16
5.27681948008697   1.665899579512209e-16
5.281682335805868   1.6643400166638028e-16
5.286549672891969   1.6627820250927862e-16
5.2914214954750705   1.6612256025842783e-16
5.296297807688797   1.6596707469303386e-16
5.301178613670563   1.6581174559299355e-16
5.306063917561605   1.656565727388895e-16
5.310953723506967   1.6550155591198636e-16
5.31584803565553   1.653466948942257e-16
5.320746858159983   1.6519198946822294e-16
5.325650195176847   1.6503743941726242e-16
5.3305580508664665   1.6488304452529378e-16
5.335470429393039   1.6472880457692705e-16
5.340387334924582   1.645747193574297e-16
5.345308771632958   1.6442078865272186e-16
5.35023474369387   1.6426701224937278e-16
5.355165255286887   1.6411338993459616e-16
5.36010031059541   1.6395992149624717e-16
5.3650399138067035   1.6380660672281817e-16
5.369984069111883   1.636534454034348e-16
5.374932780705945   1.635004373278518e-16
5.379886052787734   1.6334758228645017e-16
5.38484388955997   1.6319488007023264e-16
5.389806295229239   1.630423304708204e-16
5.394773274006023   1.6288993328044882e-16
5.399744830104666   1.6273768829196449e-16
5.404720967743396   1.625855952988215e-16
5.409701691144344   1.6243365409507701e-16
5.414687004533515   1.6228186447538901e-16
5.419676912140817   1.6213022623501159e-16
5.424671418200047   1.6197873916979255e-16
5.429670526948923   1.6182740307616856e-16
5.43467424262905   1.6167621775116297e-16
5.4396825694859485   1.6152518299238187e-16
5.444695511769044   1.6137429859801085e-16
5.449713073731697   1.61223564366811e-16
5.454735259631169   1.610729800981167e-16
5.459762073728653   1.6092254559183135e-16
5.464793520289261   1.6077226064842481e-16
5.469829603582052   1.6062212506892943e-16
5.474870327880004   1.6047213865493726e-16
5.479915697460038   1.6032230120859704e-16
5.484965716603011   1.6017261253261074e-16
5.49002038959374   1.6002307243023006e-16
5.495079720720976   1.5987368070525403e-16
5.500143714277427   1.5972443716202566e-16
5.5052123745597505   1.5957534160542875e-16
5.510285705868583   1.5942639384088444e-16
5.515363712508505   1.5927759367434919e-16
5.520446398788071   1.5912894091231106e-16
5.525533769019797   1.58980435361787e-16
5.530625827520197   1.5883207683031934e-16
5.535722578609738   1.5868386512597385e-16
5.5408240266128805   1.5853580005733616e-16
5.545930175858061   1.5838788143350915e-16
5.551041030677722   1.5824010906410954e-16
5.556156595408284   1.5809248275926588e-16
5.561276874390167   1.5794500232961538e-16
5.566401871967786   1.5779766758630098e-16
5.571531592489577   1.5765047834096857e-16
5.576666040307966   1.5750343440576446e-16
5.581805219779396   1.573565355933327e-16
5.586949135264317   1.572097817168123e-16
5.592097791127218   1.5706317258983388e-16
5.597251191736589   1.5691670802651828e-16
5.6024093414649565   1.5677038784147305e-16
5.607572244688865   1.5662421184979013e-16
5.6127399057889145   1.5647817986704266e-16
5.61791232914972   1.5633229170928347e-16
5.623089519159947   1.561865471930417e-16
5.628271480212299   1.5604094613532067e-16
5.633458216703541   1.558954883535947e-16
5.638649733034478   1.5575017366580765e-16
5.6438460336099725   1.5560500189036964e-16
5.649047122838941   1.55459972846155e-16
5.654253005134383   1.553150863524991e-16
5.659463684913345   1.5517034222919717e-16
5.66467916659695   1.550257402965008e-16
5.669899454610389   1.5488128037511628e-16
5.675124553382952   1.5473696228620127e-16
5.680354467347988   1.5459278585136367e-16
5.6855892009429425   1.5444875089265844e-16
5.69082875860934   1.5430485723258574e-16
5.696073144792818   1.5416110469408787e-16
5.7013223639430946   1.54017493100548e-16
5.706576420513992   1.5387402227578735e-16
5.7118353189634306   1.5373069204406318e-16
5.7170990637534596   1.5358750223006573e-16
5.72236765935022   1.5344445265891738e-16
5.727641110223976   1.5330154315616941e-16
5.732919420849103   1.5315877354780044e-16
5.738202595704121   1.5301614366021328e-16
5.7434906392716565   1.5287365332023414e-16
5.748783556038475   1.5273130235510953e-16
5.754081350495469   1.525890905925046e-16
5.759384027137689   1.5244701786050042e-16
5.764691590464309   1.5230508398759273e-16
5.770004044978656   1.5216328880268932e-16
5.7753213951881985   1.5202163213510833e-16
5.780643645604582   1.5188011381457536e-16
5.785970800743587   1.5173873367122268e-16
5.791302865125157   1.515974915355865e-16
5.79663984327342   1.5145638723860476e-16
5.801981739716653   1.513154206116156e-16
5.807328558987314   1.511745914863553e-16
5.812680305622031   1.5103389969495653e-16
5.8180369841616315   1.5089334506994535e-16
5.823398599151108   1.507529274442407e-16
5.828765155139649   1.5061264665115173e-16
5.834136656680629   1.5047250252437602e-16
5.839513108331635   1.503324948979975e-16
5.84489451465444   1.501926236064848e-16
5.850280880215022   1.500528884846895e-16
5.855672209583564   1.4991328936784422e-16
5.861068507334478   1.4977382609156024e-16
5.8664697780463735   1.4963449849182634e-16
5.871876026302084   1.4949530640500707e-16
5.877287256688663   1.4935624966784041e-16
5.882703473797407   1.49217328117436e-16
5.888124682223826   1.4907854159127391e-16
5.893550886567674   1.4893988992720247e-16
5.898982091432932   1.4880137296343687e-16
5.904418301427846   1.486629905385565e-16
5.909859521164891   1.4852474249150461e-16
5.915305755260796   1.4838662866158553e-16
5.92075700833654   1.4824864888846354e-16
5.926213285017381   1.481108030121606e-16
5.931674589932816   1.4797309087305537e-16
5.9371409277166185   1.4783551231188108e-16
5.942612303006824   1.4769806716972434e-16
5.948088720445762   1.475607552880224e-16
5.9535701846800215   1.47423576508563e-16
5.959056700360478   1.472865306734819e-16
5.96454827214229   1.4714961762526135e-16
5.970044904684921   1.4701283720672824e-16
5.975546602652113   1.4687618926105329e-16
5.981053370711909   1.4673967363174884e-16
5.986565213536651   1.4660329016266756e-16
5.9920821358030025   1.4646703869800047e-16
5.9976041421919195   1.4633091908227596e-16
6.003131237388678   1.46194931160358e-16
6.008663426082865   1.4605907477744483e-16
6.014200712968409   1.4592334977906656e-16
6.019743102743544   1.4578775601108515e-16
6.02529060011084   1.456522933196917e-16
6.030843209777196   1.4551696155140563e-16
6.036400936453865   1.453817605530724e-16
6.041963784856426   1.452466901718633e-16
6.047531759704807   1.4511175025527289e-16
6.053104865723281   1.4497694065111832e-16
6.058683107640492   1.4484226120753704e-16
6.064266490189425   1.447077117729863e-16
6.0698550181074316   1.4457329219624115e-16
6.075448696136222   1.4443900232639345e-16
6.081047529021898   1.443048420128496e-16
6.086651521514913   1.4417081110533059e-16
6.092260678370105   1.4403690945386916e-16
6.09787500434669   1.4390313690880963e-16
6.103494504208287   1.4376949332080527e-16
6.1091191827228855   1.4363597854081843e-16
6.114749044662876   1.435025924201179e-16
6.12038409480504   1.433693348102786e-16
6.1260243379305805   1.4323620556317917e-16
6.131669778825089   1.431032045310017e-16
6.137320422278571   1.4297033156622976e-16
6.142976273085441   1.4283758652164757e-16
6.148637336044553   1.4270496925033806e-16
6.154303615959159   1.4257247960568227e-16
6.159975117636949   1.4244011744135766e-16
6.165651845890035   1.4230788261133731e-16
6.1713338055349825   1.4217577496988757e-16
6.177021001392777   1.4204379437156825e-16
6.182713438288854   1.4191194067123045e-16
6.188411121053087   1.4178021372401578e-16
6.194114054519823   1.4164861338535427e-16
6.1998222435278425   1.4151713951096452e-16
6.205535692920392   1.4138579195685148e-16
6.211254407545176   1.4125457057930562e-16
6.216978392254384   1.4112347523490133e-16
6.222707651904659   1.4099250578049638e-16
6.228442191357119   1.4086166207323072e-16
6.234182015477381   1.407309439705241e-16
6.239927129135528   1.406003513300765e-16
6.245677537206135   1.4046988400986625e-16
6.251433244568265   1.4033954186814876e-16
6.257194256105496   1.4020932476345529e-16
6.262960576705886   1.4007923255459244e-16
6.268732211262005   1.3994926510064048e-16
6.274509164670926   1.3981942226095247e-16
6.280291441834253   1.3968970389515274e-16
6.286079047658088   1.3956010986313643e-16
6.291871987053061   1.3943064002506784e-16
6.29767026493432   1.3930129424137998e-16
6.303473886221564   1.3917207237277226e-16
6.309282855839005   1.390429742802108e-16
6.315097178715399   1.3891399982492669e-16
6.320916859784037   1.3878514886841497e-16
6.326741903982779   1.3865642127243325e-16
6.332572316254011   1.3852781689900152e-16
6.338408101544687   1.3839933561040014e-16
6.344249264806305   1.3827097726916963e-16
6.350095810994953   1.3814274173810883e-16
6.355947745071262   1.380146288802745e-16
6.361805072000444   1.378866385589801e-16
6.3676677967522775   1.3775877063779475e-16
6.373535924301143   1.3763102498054205e-16
6.379409459625983   1.3750340145129933e-16
6.385288407710338   1.3737589991439673e-16
6.391172773542331   1.3724852023441604e-16
6.397062562114704   1.3712126227618936e-16
6.4029577784247795   1.3699412590479879e-16
6.408858427474493   1.3686711098557513e-16
6.414764514270381   1.3674021738409697e-16
6.4206760438236135   1.3661344496618943e-16
6.426593021149961   1.3648679359792373e-16
6.432515451269823   1.3636026314561588e-16
6.438443339208215   1.3623385347582594e-16
6.444376689994806   1.361075644553566e-16
6.4503155086638815   1.3598139595125304e-16
6.4562598002543705   1.3585534783080133e-16
6.462209569809841   1.3572941996152806e-16
6.468164822378525   1.3560361221119848e-16
6.474125563013293   1.3547792444781685e-16
6.480091796771672   1.3535235653962465e-16
6.486063528715849   1.3522690835510017e-16
6.492040763912691   1.3510157976295684e-16
6.498023507433717   1.3497637063214342e-16
6.504011764355128   1.348512808318423e-16
6.510005539757793   1.3472631023146921e-16
6.516004838727284   1.3460145870067146e-16
6.52200966635384   1.3447672610932817e-16
6.528020027732399   1.343521123275487e-16
6.534035927962587   1.34227617225672e-16
6.5400573721487465   1.3410324067426555e-16
6.546084365399908   1.3397898254412488e-16
6.552116912829815   1.3385484270627252e-16
6.558155019556916   1.3373082103195725e-16
6.5641986907044   1.3360691739265277e-16
6.570247931400153   1.3348313166005782e-16
6.576302746776794   1.3335946370609443e-16
6.582363141971669   1.3323591340290795e-16
6.588429122126874   1.3311248062286515e-16
6.594500692389226   1.329891652385545e-16
6.600577857910291   1.3286596712278475e-16
6.606660623846376   1.3274288614858447e-16
6.61274899535856   1.3261992218920067e-16
6.6188429776126565   1.324970751180987e-16
6.624942575779249   1.3237434480896114e-16
6.631047795033678   1.3225173113568707e-16
6.6371586405560725   1.3212923397239096e-16
6.643275117531315   1.320068531934026e-16
6.649397231149076   1.318845886732657e-16
6.655524986603799   1.3176244028673755e-16
6.661658389094734   1.3164040790878768e-16
6.667797443825905   1.3151849141459786e-16
6.673942156006129   1.3139669067956093e-16
6.680092530849046   1.3127500557927986e-16
6.686248573573076   1.3115343598956735e-16
6.692410289401461   1.310319817864452e-16
6.698577683562245   1.309106428461432e-16
6.704750761288312   1.3078941904509825e-16
6.710929527817347   1.3066831025995444e-16
6.717113988391871   1.3054731636756159e-16
6.723304148259226   1.3042643724497488e-16
6.729500012671613   1.3030567276945367e-16
6.735701586886051   1.3018502281846156e-16
6.741908876164411   1.30064487269665e-16
6.748121885773407   1.2994406600093317e-16
6.7543406209846255   1.2982375889033645e-16
6.760565087074491   1.2970356581614666e-16
6.7667952893243   1.2958348665683577e-16
6.7730312330202045   1.2946352129107554e-16
6.779272923453251   1.2934366959773636e-16
6.785520365919343   1.2922393145588716e-16
6.791773565719267   1.2910430674479445e-16
6.798032528158691   1.2898479534392174e-16
6.804297258548194   1.2886539713292828e-16
6.810567762203224   1.2874611199166955e-16
6.816844044444139   1.2862693980019562e-16
6.8231261105961885   1.2850788043875115e-16
6.829413965989554   1.283889337877738e-16
6.835707615959307   1.2827009972789475e-16
6.842007065845442   1.2815137813993727e-16
6.848312320992869   1.280327689049165e-16
6.854623386751442   1.2791427190403818e-16
6.860940268475925   1.277958870186989e-16
6.867262971526028   1.2767761413048477e-16
6.873591501266386   1.2755945312117126e-16
6.879925863066604   1.2744140387272196e-16
6.886266062301212   1.2732346626728863e-16
6.892612104349702   1.2720564018721027e-16
6.898963994596515   1.2708792551501256e-16
6.905321738431073   1.2697032213340703e-16
6.911685341247749   1.2685282992529074e-16
6.918054808445888   1.2673544877374567e-16
6.924430145429809   1.2661817856203797e-16
6.930811357608828   1.2650101917361715e-16
6.937198450397229   1.2638397049211603e-16
6.94359142921429   1.2626703240134988e-16
6.949990299484278   1.2615020478531572e-16
6.9563950666364756   1.260334875281916e-16
6.962805736105153   1.2591688051433652e-16
6.969222313329592   1.2580038362828948e-16
6.975644803754081   1.2568399675476914e-16
6.982073212827947   1.255677197786726e-16
6.9885075460055175   1.2545155258507588e-16
6.9949478087461525   1.2533549505923244e-16
7.0013940065142375   1.2521954708657326e-16
7.007846144779214   1.2510370855270554e-16
7.0143042290155435   1.2498797934341295e-16
7.020768264702738   1.2487235934465463e-16
7.027238257325354   1.2475684844256481e-16
7.033714212373022   1.2464144652345168e-16
7.040196135340411   1.2452615347379786e-16
7.04668403172726   1.2441096918025912e-16
7.0531779070383696   1.2429589352966414e-16
7.059677766783636   1.2418092640901349e-16
7.06618361647801   1.2406606770547988e-16
7.072695461641532   1.2395131730640706e-16
7.079213307799321   1.2383667509930957e-16
7.085737160481614   1.2372214097187173e-16
7.092267025223717   1.2360771481194773e-16
7.098802907566048   1.234933965075609e-16
7.105344813054122   1.2337918594690317e-16
7.111892747238587   1.2326508301833413e-16
7.118446715675183   1.231510876103812e-16
7.125006723924779   1.2303719961173887e-16
7.131572777553361   1.2292341891126818e-16
7.138144882132064   1.228097453979957e-16
7.144723043237138   1.2269617896111402e-16
7.151307266449971   1.225827194899807e-16
7.157897557357115   1.2246936687411733e-16
7.164493921550251   1.223561210032099e-16
7.1710963646262185   1.2224298176710793e-16
7.177704892187007   1.221299490558238e-16
7.184319509839792   1.2201702275953238e-16
7.190940223196892   1.2190420276857065e-16
7.197567037875809   1.2179148897343717e-16
7.204199959499211   1.2167888126479165e-16
7.21083899369497   1.2156637953345404e-16
7.2174841460961225   1.2145398367040475e-16
7.224135422340905   1.2134169356678376e-16
7.23079282807274   1.212295091138903e-16
7.237456368940276   1.2111743020318188e-16
7.244126050597342   1.2100545672627474e-16
7.250801878702986   1.2089358857494264e-16
7.257483858921463   1.207818256411168e-16
7.264171996922271   1.2067016781688497e-16
7.270866298380111   1.2055861499449154e-16
7.277566768974918   1.2044716706633686e-16
7.284273414391857   1.203358239249767e-16
7.290986240321353   1.2022458546312162e-16
7.297705252459054   1.2011345157363705e-16
7.304430456505862   1.2000242214954251e-16
7.311161858167929   1.1989149708401115e-16
7.317899463156683   1.1978067627036917e-16
7.324643277188796   1.196699596020959e-16
7.331393305986216   1.1955934697282283e-16
7.338149555276155   1.1944883827633353e-16
7.344912030791127   1.1933843340656277e-16
7.351680738268904   1.1922813225759666e-16
7.358455683452554   1.1911793472367181e-16
7.365236872090433   1.190078406991753e-16
7.372024309936213   1.1889785007864333e-16
7.378818002748848   1.1878796275676215e-16
7.385617956292605   1.1867817862836662e-16
7.392424176337056   1.1856849758844028e-16
7.399236668657116   1.1845891953211442e-16
7.4060554390329925   1.1834944435466836e-16
7.412880493250233   1.1824007195152852e-16
7.419711837099707   1.1813080221826842e-16
7.426549476377644   1.1802163505060754e-16
7.433393416885591   1.1791257034441185e-16
7.440243664430449   1.1780360799569278e-16
7.4471002248244655   1.1769474790060714e-16
7.453963103885264   1.1758598995545617e-16
7.460832307435807   1.1747733405668595e-16
7.467707841304433   1.1736878010088645e-16
7.474589711324841   1.1726032798479146e-16
7.48147792333613   1.1715197760527754e-16
7.488372483182759   1.1704372885936451e-16
7.495273396714576   1.1693558164421464e-16
7.502180669786818   1.168275358571322e-16
7.509094308260137   1.1671959139556296e-16
7.516014318000563   1.1661174815709426e-16
7.5229407048795425   1.1650400603945425e-16
7.529873474773922   1.1639636494051177e-16
7.536812633565988   1.162888247582755e-16
7.543758187143425   1.1618138539089423e-16
7.5507101413993505   1.1607404673665588e-16
7.557668502232306   1.1596680869398784e-16
7.56463327554629   1.158596711614556e-16
7.571604467250722   1.1575263403776327e-16
7.578582083260471   1.1564569722175293e-16
7.585566129495853   1.1553886061240424e-16
7.592556611882659   1.154321241088337e-16
7.599553536352122   1.1532548761029502e-16
7.606556908840946   1.1521895101617822e-16
7.613566735291298   1.151125142260096e-16
7.620583021650846   1.150061771394509e-16
7.627605773872714   1.1489993965629943e-16
7.634634997915523   1.1479380167648766e-16
7.641670699743372   1.1468776310008267e-16
7.648712885325884   1.145818238272857e-16
7.65576156063816   1.1447598375843213e-16
7.662816731660805   1.1437024279399116e-16
7.6698784043799595   1.1426460083456484e-16
7.676946584787258   1.141590577808885e-16
7.684021278879863   1.1405361353383009e-16
7.691102492660457   1.1394826799438975e-16
7.698190232137279   1.1384302106369932e-16
7.705284503324078   1.1373787264302254e-16
7.712385312240156   1.136328226337543e-16
7.7194926649103515   1.1352787093742045e-16
7.7266065673650814   1.134230174556771e-16
7.733727025640295   1.1331826209031108e-16
7.740854045777513   1.132136047432388e-16
7.747987633823812   1.1310904531650653e-16
7.755127795831871   1.1300458371228932e-16
7.762274537859918   1.1290021983289168e-16
7.769427865971775   1.1279595358074638e-16
7.776587786236841   1.1269178485841481e-16
7.783754304730135   1.125877135685858e-16
7.790927427532252   1.1248373961407625e-16
7.798107160729393   1.1237986289783024e-16
7.805293510413365   1.1227608332291898e-16
7.81248648268161   1.1217240079253997e-16
7.8196860836371656   1.120688152100175e-16
7.826892319388703   1.1196532647880176e-16
7.834105196050513   1.1186193450246878e-16
7.841324719742547   1.1175863918471974e-16
7.848550896590369   1.1165544042938121e-16
7.8557837327252   1.115523381404045e-16
7.863023234283902   1.114493322218656e-16
7.870269407409014   1.1134642257796426e-16
7.877522258248714   1.112436091130245e-16
7.884781792956854   1.1114089173149383e-16
7.8920480176929475   1.1103827033794327e-16
7.8993209386222105   1.1093574483706631e-16
7.906600561915513   1.1083331513367964e-16
7.913886893749425   1.1073098113272214e-16
7.921179940306195   1.1062874273925496e-16
7.928479707773797   1.1052659985846064e-16
7.935786202345882   1.1042455239564373e-16
7.943099430221815   1.1032260025622974e-16
7.950419397606668   1.102207433457653e-16
7.9577461107112555   1.1011898156991739e-16
7.965079575752092   1.1001731483447349e-16
7.972419798951425   1.0991574304534132e-16
7.979766786537234   1.0981426610854828e-16
7.987120544743258   1.09712883930241e-16
7.994481079808956   1.0961159641668568e-16
8.001848397979549   1.0951040347426736e-16
8.009222505506   1.0940930500948978e-16
8.01660340864506   1.0930830092897474e-16
8.023991113659225   1.0920739113946251e-16
8.031385626816762   1.0910657554781102e-16
8.038786954391714   1.0900585406099589e-16
8.046195102663924   1.0890522658610965e-16
8.053610077919004   1.088046930303622e-16
8.061031886448362   1.0870425330107999e-16
8.068460534549198   1.08603907305706e-16
8.075896028524538   1.0850365495179921e-16
8.083338374683194   1.0840349614703471e-16
8.090787579339798   1.0830343079920315e-16
8.098243648814796   1.082034588162107e-16
8.105706589434478   1.081035801060783e-16
8.113176407530947   1.0800379457694201e-16
8.120653109442141   1.0790410213705247e-16
8.128136701511838   1.0780450269477467e-16
8.135627190089684   1.0770499615858736e-16
8.143124581531149   1.0760558243708338e-16
8.150628882197571   1.075062614389691e-16
8.158140098456142   1.0740703307306414e-16
8.165658236679947   1.0730789724830097e-16
8.173183303247916   1.0720885387372511e-16
8.18071530454487   1.071099028584944e-16
8.188254246961504   1.0701104411187914e-16
8.195800136894427   1.0691227754326132e-16
8.203352980746116   1.0681360306213498e-16
8.210912784924952   1.0671502057810567e-16
8.218479555845246   1.0661653000088989e-16
8.22605329992719   1.0651813124031552e-16
8.233634023596906   1.0641982420632102e-16
8.24122173328643   1.063216088089555e-16
8.24881643543375   1.0622348495837803e-16
8.256418136482756   1.0612545256485806e-16
8.264026842883293   1.0602751153877469e-16
8.271642561091138   1.0592966179061667e-16
8.27926529756804   1.0583190323098175e-16
8.286895058781683   1.0573423577057703e-16
8.294531851205715   1.0563665932021833e-16
8.302175681319744   1.0553917379083026e-16
8.309826555609373   1.054417790934453e-16
8.317484480566158   1.0534447513920451e-16
8.325149462687643   1.0524726183935664e-16
8.332821508477355   1.0515013910525816e-16
8.34050062444484   1.0505310684837274e-16
8.348186817105612   1.0495616498027145e-16
8.355880092981202   1.0485931341263225e-16
8.363580458599143   1.0400170503141659e-16
8.371287920493007   1.0332547995241056e-16
8.379002485202363   1.0284058558992088e-16
8.386724159272815   1.0243350900677367e-16
8.394452949255987   1.0207209639965206e-16
8.40218886170957   1.0174173620566454e-16
8.409931903197274   1.0143431098298148e-16
8.417682080288861   1.0114475331840567e-16
8.425439399560144   1.0086964604318604e-16
8.43320386759302   1.0060655419640322e-16
8.440975490975424   1.0035366923257113e-16
8.448754276301372   1.0010960366498888e-16
8.456540230170948   9.98732649933246e-17
8.464333359190345   9.964377441976799e-17
8.472133669971818   9.942041230936148e-17
8.479941169133722   9.920258036162843e-17
8.487755863300505   9.8989774627868e-17
8.495577759102746   9.87815657973667e-17
8.503406863177105   9.857758449190429e-17
8.51124318216637   9.837751009490122e-17
8.51908672271944   9.81810621283356e-17
8.526937491491369   9.798799350067825e-17
8.534795495143316   9.779808515190549e-17
8.54266074034259   9.76111417573776e-17
8.550533233762634   9.742698824513072e-17
8.558412982083066   9.724546694569745e-17
8.566299991989636   9.706643523930579e-17
8.57419427017426   9.688976359817563e-17
8.582095823335017   9.671533394562174e-17
8.59000465817618   9.65430382713785e-17
8.59792078140818   9.637277745581167e-17
8.605844199747635   9.620446026568334e-17
8.613774919917345   9.603800249178864e-17
8.621712948646337   9.587332620466575e-17
8.629658292669804   9.57103591091709e-17
8.637610958729164   9.554903398229224e-17
8.645570953572031   9.538928818142514e-17
8.653538283952269   9.523106321258192e-17
8.661512956629936   9.507430434982756e-17
8.66949497837133   9.491896029868427e-17
8.677484355948977   9.476498289743992e-17
8.685481096141666   9.461232685125689e-17
8.693485205734415   9.446094949477517e-17
8.701496691518495   9.431081057955286e-17
8.709515560291429   9.416187208323344e-17
8.717541818857034   9.401409803777752e-17
8.72557547402537   9.386745437447786e-17
8.733616532612777   9.372190878378678e-17
8.741665001441872   9.357743058826004e-17
8.749720887341585   9.343399062714065e-17
8.757784197147112   9.329156115130418e-17
8.765854937699956   9.315011572744427e-17
8.77393311584792   9.300962915052329e-17
8.782018738445139   9.287007736362858e-17
8.790111812352041   9.273143738448259e-17
8.798212344435386   9.259368723793843e-17
8.806320341568249   9.245680589387669e-17
8.814435810630068   9.232077320997962e-17
8.822558758506595   9.218556987892463e-17
8.830689192089928   9.205117737958153e-17
8.83882711827854   9.191757793184912e-17
8.846972543977236   9.1784754454805e-17
8.855125476097193   9.165269052787167e-17
8.863285921555951   9.152137035473935e-17
8.871453887277449   9.139077872980722e-17
8.879629380191977   9.126090100693243e-17
8.887812407236225   9.113172307029277e-17
8.896002975353266   9.100323130719185e-17
8.904201091492599   9.087541258264883e-17
8.912406762610095   9.074825421563322e-17
8.92061999566805   9.062174395681229e-17
8.928840797635166   9.049586996769799e-17
8.937069175486592   9.037062080108426e-17
8.945305136203878   9.024598538268004e-17
8.95354868677502   9.012195299384756e-17
8.961799834194442   8.999851325536662e-17
8.970058585463043   8.987565611214954e-17
8.978324947588142   8.975337181884183e-17
8.98659892758353   8.963165092624283e-17
8.99488053246945   8.951048426849274e-17
9.003169769272642   8.938986295097115e-17
9.011466645026292   8.926977833886159e-17
9.019771166770083   8.9150222046335e-17
9.028083341550166   8.903118592631351e-17
9.036403176419226   8.891266206077483e-17
9.044730678436407   8.879464275156512e-17
9.053065854667377   8.867712051168496e-17
9.0614087121843   8.856008805702112e-17
9.069759258065888   8.844353829849471e-17
9.078117499397349   8.832746433460215e-17
9.08648344327043   8.821185944432293e-17
9.0948570967834   8.809671708037378e-17
9.103238467041102   8.798203086278735e-17
9.111627561154895   8.786779457279844e-17
9.120024386242706   8.775400214701724e-17
9.128428949429006   8.76406476718753e-17
9.136841257844864   8.752772537832705e-17
9.14526131862789   8.741522963679465e-17
9.15368913892228   8.730315495234006e-17
9.16212472587881   8.719149596005365e-17
9.170568086654868   8.708024742064643e-17
9.179019228414413   8.696940421623661e-17
9.187478158328014   8.685896134631768e-17
9.195944883572839   8.674891392390046e-17
9.2044194113327   8.663925717181822e-17
9.212901748797995   8.652998641918919e-17
9.221391903165765   8.642109709802467e-17
9.229889881639672   8.631258473997858e-17
9.238395691430041   8.620444497322888e-17
9.24690933975382   8.609667351948664e-17
9.25543083383461   8.598926619112427e-17
9.263960180902666   8.588221888841829e-17
9.27249738819493   8.577552759690032e-17
9.281042462954986   8.566918838481268e-17
9.289595412433101   8.556319740066111e-17
9.29815624388622   8.545755087086235e-17
9.306724964577999   8.535224509748021e-17
9.315301581778758   8.524727645604824e-17
9.323886102765533   8.514264139347248e-17
9.332478534822048   8.50383364260127e-17
9.341078885238776   8.493435813733694e-17
9.349687161312875   8.483070317664807e-17
9.358303370348239   8.472736825687681e-17
9.366927519655482   8.462435015294022e-17
9.375559616551985   8.452164570006115e-17
9.384199668361846   8.441925179214798e-17
9.392847682415916   8.43171653802302e-17
9.401503666051797   8.42153834709482e-17
9.410167626613882   8.411390312509474e-17
9.418839571453299   8.401272145620724e-17
9.427519507927965   8.391183562920624e-17
9.436207443402566   8.381124285908048e-17
9.444903385248601   8.371094040961503e-17
9.453607340844341   8.361092559216227e-17
9.462319317574847   8.351119576445268e-17
9.471039322832022   8.341174832944381e-17
9.479767364014547   8.331258073420752e-17
9.488503448527934   8.321369046885202e-17
9.49724758378451   8.311507506547833e-17
9.505999777203462   8.301673209716963e-17
9.51476003621078   8.291865917701284e-17
9.523528368239313   8.282085395714981e-17
9.53230478072875   8.272331412785833e-17
9.541089281125663   8.262603741666081e-17
9.549881876883456   8.252902158746093e-17
9.558682575462413   8.243226443970545e-17
9.567491384329683   8.233576380757174e-17
9.576308310959327   8.223951755917905e-17
9.585133362832265   8.214352359582367e-17
9.593966547436315   8.204777985123629e-17
9.602807872266192   8.195228429086089e-17
9.611657344823547   8.185703491115421e-17
9.620514972616908   8.176202973890665e-17
9.629380763161741   8.166726683058104e-17
9.638254723980422   8.15727442716712e-17
9.647136862602292   8.147846017607786e-17
9.656027186563598   8.138441268550293e-17
9.664925703407546   8.129059996885984e-17
9.673832420684281   8.119702022170072e-17
9.682747345950935   8.110367166565842e-17
9.691670486771574   8.101055254790536e-17
9.700601850717248   8.09176611406254e-17
9.709541445365973   8.082499574050102e-17
9.718489278302776   8.073255466821327e-17
9.727445357119647   8.064033626795638e-17
9.736409689415579   8.05483389069638e-17
9.74538228279656   8.045656097504763e-17
9.75436314487562   8.036500088414934e-17
9.76335228327277   8.027365706790306e-17
9.772349705615055   8.018252798120924e-17
9.781355419536538   8.009161209981982e-17
9.790369432678352   8.000090791993333e-17
9.799391752688635   7.991041395780126e-17
9.808422387222585   7.982012874934347e-17
9.817461343942446   7.973005084977334e-17
9.826508630517555   7.964017883323235e-17
9.835564254624282   7.955051129243416e-17
9.844628223946085   7.946104683831663e-17
9.85370054617349   7.937178409970296e-17
9.862781229004142   7.928272172297033e-17
9.871870280142751   7.919385837172764e-17
9.880967707301133   7.91051927265002e-17
9.890073518198204   7.901672348442198e-17
9.899187720560024   7.892844935893515e-17
9.908310322119739   7.884036907949744e-17
9.917441330617637   7.875248139129534e-17
9.926580753801124   7.866478505496474e-17
9.935728599424781   7.857727884631735e-17
9.944884875250299   7.848996155607438e-17
9.954049589046535   7.840283198960564e-17
9.963222748589496   7.831588896667465e-17
9.972404361662386   7.822913132118951e-17
9.981594436055548   7.814255790096014e-17
9.990792979566516   7.805616756745978e-17
10.0   7.79699591955929e-17
