0.001   2.2471750666324826e-12
0.0010009215505167933   2.2451060879568695e-12
0.0010018439502889405   2.2430390141941543e-12
0.0010027672000990757   2.240973843590473e-12
0.0010036913007305502   2.238910574393587e-12
0.0010046162529674394   2.236849204852866e-12
0.0010055420575945395   2.2347897332192954e-12
0.0010064687153973732   2.232732157745464e-12
0.0010073962271621838   2.230676476685576e-12
0.0010083245936759408   2.22862268829544e-12
0.0010092538157263373   2.2265707908324735e-12
0.0010101838941017954   2.2245207825556922e-12
0.0010111148295914613   2.2224726617257196e-12
0.0010120466229852085   2.2204264266047805e-12
0.0010129792750736386   2.218382075456701e-12
0.0010139127866480835   2.216339606546898e-12
0.0010148471585006023   2.2142990181423942e-12
0.0010157823914239848   2.212260308511804e-12
0.0010167184862117501   2.2102234759253383e-12
0.0010176554436581518   2.208188518654795e-12
0.0010185932645581726   2.2061554349735684e-12
0.0010195319497075283   2.2041242231566423e-12
0.0010204714999026674   2.202094881480588e-12
0.0010214119159407755   2.2000674082235595e-12
0.0010223531986197697   2.1721199063127805e-12
0.001023295348738303   2.1471167421551035e-12
0.001024238367095764   2.1303212962051842e-12
0.0010251822544922805   2.1166496603320756e-12
0.0010261270117287152   2.1047742694396242e-12
0.0010270726396066695   2.0941069612441917e-12
0.001028019138928482   2.0843253592520115e-12
0.001028966510497235   2.0752299369205832e-12
0.0010299147551167467   2.066686955637219e-12
0.0010308638735915777   2.0586015490157203e-12
0.0010318138667270284   2.050903506897818e-12
0.0010327647353291453   2.0435391216826833e-12
0.0010337164802047137   2.036466207343983e-12
0.001034669102161264   2.0296509008311376e-12
0.0010356226020070698   2.02306552298914e-12
0.0010365769805511522   2.0166870990557135e-12
0.0010375322386032752   2.010496305874032e-12
0.0010384883769739498   2.004476704320914e-12
0.0010394453964744329   1.998614167785801e-12
0.0010404032979167324   1.992896448727612e-12
0.001041362082113601   1.9873128445753794e-12
0.0010423217498785418   1.9818539364645992e-12
0.001043282302025806   1.976511382279145e-12
0.0010442437393703991   1.971277750797041e-12
0.0010452060627280742   1.9661463873733347e-12
0.0010461692729153368   1.9611113041194506e-12
0.0010471333707494442   1.9561670893249927e-12
0.0010480983570484096   1.951308832150526e-12
0.001049064232630998   1.9465320595543676e-12
0.0010500309983167283   1.9418326831056563e-12
0.001050998654925875   1.9372069538509695e-12
0.001051967203279471   1.932651423790464e-12
0.0010529366441993028   1.928162912816125e-12
0.0010539069785079154   1.9237384801930285e-12
0.0010548782070286104   1.9193753998421087e-12
0.0010558503305854515   1.9150711388218828e-12
0.001056823350003259   1.910823338516489e-12
0.0010577972661076137   1.906629798124567e-12
0.0010587720797248566   1.9024884601135805e-12
0.0010597477916820934   1.8983973973604527e-12
0.0010607244028071885   1.8943548017451833e-12
0.0010617019139287707   1.890358974001256e-12
0.001062680325876231   1.8864083146573517e-12
0.0010636596394797285   1.8825013159299715e-12
0.001064639855570183   1.8786365544475553e-12
0.0010656209749792826   1.874812684703881e-12
0.0010666029985394794   1.8710284331532304e-12
0.0010675859270839968   1.867282592871843e-12
0.0010685697614468224   1.863574018720573e-12
0.0010695545024627133   1.8599016229522113e-12
0.0010705401509671954   1.8562643712144484e-12
0.0010715267077965672   1.8526612789056312e-12
0.0010725141737878948   1.849091407845951e-12
0.0010735025497790173   1.8455538632311588e-12
0.0010744918366085438   1.842047790840041e-12
0.0010754820351158607   1.8385723744701513e-12
0.0010764731461411236   1.8351268335794235e-12
0.001077465170525263   1.831710421113672e-12
0.0010784581091099873   1.8283224215023825e-12
0.0010794519627377775   1.82496214880709e-12
0.001080446732251892   1.821628945008296e-12
0.0010814424184963653   1.8183221784184736e-12
0.001082439022316013   1.815041242209918e-12
0.0010834365445564255   1.811785553047475e-12
0.0010844349860639742   1.8085545498170624e-12
0.001085434347685809   1.8053476924419313e-12
0.0010864346302698641   1.802164460779316e-12
0.0010874358346648514   1.7990043535909294e-12
0.0010884379617202664   1.7958668875812704e-12
0.001089441012286386   1.7927515964983885e-12
0.0010904449872142744   1.7896580302921684e-12
0.0010914498873557763   1.786585754325737e-12
0.001092455713563523   1.7835343486358667e-12
0.0010934624666909302   1.7805034072387495e-12
0.0010944701475922032   1.7774925374777334e-12
0.0010954787571223316   1.7745013594099953e-12
0.0010964882961370939   1.7715295052292837e-12
0.0010974987654930556   1.768576618722207e-12
0.0010985101660475757   1.76564235475566e-12
0.0010995224986587997   1.7627263787932942e-12
0.0011005357641856645   1.7598283664389663e-12
0.0011015499634878982   1.7569480030053854e-12
0.001102565097426024   1.754084983106246e-12
0.0011035811668613552   1.7512390102703368e-12
0.0011045981726559998   1.7484097965761323e-12
0.0011056161156728587   1.7455970623056003e-12
0.0011066349967756319   1.7428005356159509e-12
0.001107654816828812   1.7400199522282582e-12
0.0011086755766976893   1.7372550551318428e-12
0.00110969727724835   1.7345055943034843e-12
0.0011107199193476824   1.731771326440529e-12
0.0011117435038633698   1.729052014707114e-12
0.0011127680316638966   1.7263474284926511e-12
0.0011137935036185465   1.7236573431819101e-12
0.001114819920597407   1.7209815399359822e-12
0.0011158472834713652   1.718319805483547e-12
0.0011168755931121107   1.7156719319217965e-12
0.0011179048503921357   1.7130377165265202e-12
0.0011189350561847404   1.710416961570797e-12
0.0011199662113640255   1.7078094741518806e-12
0.0011209983168048992   1.70521506602575e-12
0.001122031373383074   1.7026335534489803e-12
0.0011230653819750734   1.7000647570274866e-12
0.0011241003434582252   1.6975085015718367e-12
0.0011251362587106667   1.6949646159587173e-12
0.0011261731286113432   1.6924329329982934e-12
0.0011272109540400137   1.6899132893071088e-12
0.0011282497358772443   1.687405525186301e-12
0.001129289475004414   1.6849094845047972e-12
0.0011303301723037122   1.6824250145872934e-12
0.001131371828658146   1.6799519661067373e-12
0.0011324144449515311   1.6774901929811512e-12
0.0011334580220685004   1.67503955227451e-12
0.0011345025608945   1.6725999041015398e-12
0.0011355480623157956   1.6701711115362041e-12
0.0011365945272194663   1.6677530405237518e-12
0.0011376419564934099   1.6653455597961063e-12
0.001138690351026341   1.662948540790477e-12
0.001139739711707797   1.6605618575710192e-12
0.001140790039428131   1.6581853867534418e-12
0.0011418413350785187   1.6558190074323702e-12
0.001142893599550955   1.6534626011113987e-12
0.001143946833738261   1.6511160516356577e-12
0.0011450010385340766   1.6487792451268495e-12
0.0011460562148328665   1.6464520699205732e-12
0.0011471123635299187   1.6441344165058898e-12
0.0011481694855213498   1.6418261774670023e-12
0.0011492275817040981   1.63952724742699e-12
0.0011502866529759306   1.6372375229934684e-12
0.0011513467002354399   1.6349569027061318e-12
0.0011524077243820503   1.632685286986066e-12
0.001153469726316011   1.6304225780868023e-12
0.0011545327069384017   1.6281686800469863e-12
0.0011555966671511356   1.625923498644629e-12
0.0011566616078569534   1.623686941352887e-12
0.0011577275299594289   1.6214589172972697e-12
0.0011587944343629678   1.6192393372142544e-12
0.0011598623219728121   1.6170281134112214e-12
0.0011609311936950353   1.6148251597277005e-12
0.0011620010504365464   1.6126303914978257e-12
0.0011630718931050893   1.610443725513989e-12
0.0011641437226092481   1.608265079991623e-12
0.0011652165398584402   1.6060943745351033e-12
0.001166290345762923   1.6039315301046785e-12
0.0011673651412337906   1.6017764689844333e-12
0.001168440927182981   1.5996291147512128e-12
0.001169517704523269   1.5974893922445102e-12
0.0011705954741682712   1.5953572275372384e-12
0.0011716742370324457   1.5932325479073856e-12
0.0011727539940310965   1.5911152818104992e-12
0.001173834746080367   1.5890053588530025e-12
0.0011749164940972475   1.5869027097662706e-12
0.0011759992389995706   1.584807266381469e-12
0.001177082981706019   1.58271896160511e-12
0.0011781677231361188   1.5806377293953275e-12
0.0011792534642102441   1.57856350473881e-12
0.0011803402058496162   1.576496223628396e-12
0.0011814279489763089   1.5744358230412863e-12
0.001182516694513242   1.5723822409178892e-12
0.0011836064433841875   1.5703354161412274e-12
0.0011846971965137668   1.5682952885169297e-12
0.0011857889548274577   1.5662617987537555e-12
0.0011868817192515865   1.564234888444669e-12
0.0011879754907133354   1.5622145000484099e-12
0.001189070270140739   1.560200576871566e-12
0.0011901660584626905   1.55819306305112e-12
0.0011912628566089368   1.556191903537469e-12
0.0011923606655100815   1.5541970440778829e-12
0.001193459486097585   1.5522084312004063e-12
0.00119455931930377   1.5502260121981605e-12
0.0011956601660618148   1.5482497351140826e-12
0.0011967620273057582   1.5462795487260345e-12
0.001197864903970499   1.5443154025323004e-12
0.0011989687969918017   1.5423572467374473e-12
0.0012000737073062885   1.5404050322385629e-12
0.0012011796358514467   1.5384587106118166e-12
0.0012022865835656258   1.536518234099373e-12
0.0012033945513880446   1.5345835555966133e-12
0.0012045035402587824   1.532654628639699e-12
0.0012056135511187872   1.5307314073934181e-12
0.0012067245849098724   1.5288138466393393e-12
0.0012078366425747234   1.5269019017642443e-12
0.00120894972505689   1.524995528748862e-12
0.0012100638333007933   1.5230946841568468e-12
0.0012111789682517232   1.5211993251240408e-12
0.0012122951308558448   1.519309409347971e-12
0.001213412322060191   1.517424895077622e-12
0.0012145305428126689   1.5155457411034266e-12
0.001215649794062058   1.513671906747499e-12
0.0012167700767580156   1.5118033518540894e-12
0.0012178913918510705   1.5099400367802757e-12
0.001219013740292629   1.50808192238685e-12
0.0012201371230349724   1.506228970029427e-12
0.001221261541031264   1.5043811415497411e-12
0.0012223869952355413   1.5025383992671619e-12
0.001223513486602722   1.5007007059703807e-12
0.001224641016088603   1.498868024909296e-12
0.0012257695846498657   1.4970403197870662e-12
0.0012268991932440692   1.4952175547523596e-12
0.0012280298428296555   1.4933996943917592e-12
0.0012291615343659526   1.4915867037223326e-12
0.0012302942688131701   1.4897785481843797e-12
0.0012314280471324027   1.4879751936343247e-12
0.0012325628702856313   1.486176606337766e-12
0.001233698739235722   1.4843827529626776e-12
0.0012348356549464318   1.4825936005727461e-12
0.0012359736183824026   1.4808091166208718e-12
0.0012371126305091645   1.4790292689427856e-12
0.0012382526922931417   1.4772540257508028e-12
0.0012393938047016453   1.475483355627728e-12
0.0012405359687028784   1.4737172275208627e-12
0.001241679185265936   1.4719556107361535e-12
0.0012428234553608093   1.4701984749324497e-12
0.0012439687799583798   1.4684457901158941e-12
0.0012451151600304253   1.4666975266344162e-12
0.0012462625965496171   1.4649536551723424e-12
0.0012474110904895277   1.4632141467451095e-12
0.001248560642824622   1.461478972694102e-12
0.0012497112545302646   1.4597481046815751e-12
0.0012508629265827183   1.4580215146856872e-12
0.001252015659959148   1.4562991749956267e-12
0.0012531694556376168   1.454581058206848e-12
0.001254324314597089   1.4528671372163871e-12
0.0012554802378174311   1.4511573852182768e-12
0.0012566372262794157   1.4494517756990442e-12
0.0012577952809647152   1.4477502824333135e-12
0.0012589544028559084   1.4460528794794725e-12
0.001260114592936478   1.4443595411754386e-12
0.0012612758521908175   1.4426702421344897e-12
0.0012624381816042228   1.4409849572412013e-12
0.0012636015821628997   1.4393036616474317e-12
0.0012647660548539615   1.437626330768406e-12
0.0012659316006654348   1.4359529402788535e-12
0.0012670982205862532   1.4342834661092415e-12
0.0012682659156062622   1.432617884442061e-12
0.001269434686716219   1.4309561717081883e-12
0.0012706045349077978   1.4292983045833098e-12
0.0012717754611735821   1.4276442599844244e-12
0.0012729474665070717   1.425994015066399e-12
0.0012741205519026806   1.4243475472185911e-12
0.0012752947183557435   1.4227048340615253e-12
0.001276469966862508   1.4210658534436522e-12
0.0012776462984201411   1.419430583438139e-12
0.001278823714026728   1.4177990023397378e-12
0.001280002214681277   1.4161710886616932e-12
0.001281181801383713   1.414546821132726e-12
0.0012823624751348843   1.4129261786940508e-12
0.00128354423693656   1.4113091404964608e-12
0.0012847270877914358   1.4096956858974483e-12
0.0012859110287031285   1.4080857944583963e-12
0.00128709606067618   1.4064794459418036e-12
0.0012882821847160575   1.4048766203085638e-12
0.0012894694018291582   1.4032772977152867e-12
0.0012906577130228029   1.401681458511679e-12
0.0012918471193052424   1.4000890832379533e-12
0.0012930376216856547   1.3985001526222973e-12
0.0012942292211741524   1.396914647578367e-12
0.0012954219187817743   1.3953325492028468e-12
0.001296615715520493   1.393753838773032e-12
0.0012978106124032118   1.3921784977444606e-12
0.0012990066104437718   1.3906065077485769e-12
0.0013002037106569443   1.38903785059045e-12
0.0013014019140584368   1.3874725082465137e-12
0.0013026012216648918   1.3859104628623558e-12
0.0013038016344938926   1.3843516967505298e-12
0.0013050031535639564   1.3827961923884243e-12
0.0013062057798945402   1.3812439324161475e-12
0.001307409514506039   1.3796948996344586e-12
0.0013086143584197926   1.3781490770027194e-12
0.0013098203126580775   1.3766064476369006e-12
0.001311027378244114   1.3750669948076007e-12
0.0013122355562020635   1.3735307019381067e-12
0.001313444847557036   1.3719975526024776e-12
0.0013146552533350817   1.3704675305236741e-12
0.0013158667745631978   1.3689406195717017e-12
0.0013170794122693262   1.367416803761796e-12
0.0013182931674823608   1.3658960672526187e-12
0.0013195080412321393   1.3643783943445106e-12
0.0013207240345494498   1.3628637694777445e-12
0.0013219411484660286   1.3613521772308228e-12
0.001323159384014568   1.3598436023187864e-12
0.0013243787422287064   1.3583380295915725e-12
0.001325599224143036   1.356835444032376e-12
0.0013268208307931058   1.3553358307560427e-12
0.0013280435632154154   1.3538391750074969e-12
0.0013292674224474204   1.3523454621601802e-12
0.001330492409527532   1.3508546777145225e-12
0.0013317185254951218   1.3493668072964264e-12
0.001332945771390515   1.347881836655791e-12
0.0013341741482549973   1.3463997516650425e-12
0.0013354036571308126   1.3449205383176963e-12
0.0013366342990611692   1.34344418272693e-12
0.0013378660750902327   1.341970671124195e-12
0.0013390989862631323   1.3404999898578339e-12
0.001340333033625959   1.3390321253917236e-12
0.001341568218225772   1.3375670643039352e-12
0.0013428045411105916   1.336104793285423e-12
0.0013440420033294044   1.3346452991387253e-12
0.0013452806059321633   1.3331885687766823e-12
0.001346520349969792   1.331734589221176e-12
0.0013477612364941793   1.330283347601893e-12
0.0013490032665581845   1.328834831155096e-12
0.0013502464412156357   1.3273890272224238e-12
0.0013514907615213363   1.3259459232496908e-12
0.0013527362285310576   1.3245055067857315e-12
0.0013539828433015455   1.323067765481233e-12
0.001355230606890518   1.3216326870876049e-12
0.0013564795203566719   1.3202002594558476e-12
0.001357729584759676   1.3187704705354588e-12
0.001358980801160177   1.3173433083733333e-12
0.001360233170619797   1.315918761112694e-12
0.0013614866942011409   1.3144968169920232e-12
0.0013627413729677892   1.3130774643440284e-12
0.0013639972079843032   1.3116606915946061e-12
0.0013652542003162245   1.3102464872618263e-12
0.00136651235103008   1.3088348399549268e-12
0.0013677716611933764   1.3074257383733329e-12
0.0013690321318746042   1.3060191713056753e-12
0.0013702937641432386   1.304615127628835e-12
0.0013715565590697433   1.3032135963069879e-12
0.0013728205177255654   1.3018145663906766e-12
0.0013740856411831397   1.3004180270158861e-12
0.0013753519305158889   1.2990239674031332e-12
0.0013766193867982286   1.2976323768565642e-12
0.0013778880111055601   1.2962432447630812e-12
0.0013791578045142777   1.2948565605914565e-12
0.001380428768101766   1.2934723138914808e-12
0.0013817009029464065   1.2920904942931017e-12
0.0013829742101275704   1.2907110915055957e-12
0.0013842486907256254   1.2893340953167347e-12
0.0013855243458219327   1.2879594955919717e-12
0.0013868011764988544   1.2865872822736287e-12
0.0013880791838397466   1.28521744538011e-12
0.001389358368928964   1.2838499750051117e-12
0.0013906387328518602   1.2824848613168508e-12
0.0013919202766947926   1.2811220945572916e-12
0.0013932030015451158   1.2797616650414035e-12
0.0013944869084911878   1.2784035631564083e-12
0.0013957719986223678   1.2770477793610479e-12
0.001397058273029024   1.2756943041848538e-12
0.001398345732802524   1.2743431282274378e-12
0.001399634379035244   1.2729942421577797e-12
0.0014009242128205641   1.2716476367135334e-12
0.0014022152352528771   1.270303302700329e-12
0.0014035074474275798   1.2689612309911036e-12
0.00140480085044108   1.2676214125254217e-12
0.0014060954453907943   1.2662838383088156e-12
0.001407391233375155   1.2649484994121247e-12
0.001408688215493602   1.263615386970857e-12
0.0014099863928465895   1.2622844921845459e-12
0.0014112857665355887   1.2609558063161152e-12
0.0014125863376630826   1.2596293206912648e-12
0.001413888107332571   1.2583050266978507e-12
0.0014151910766485713   1.2569829157852773e-12
0.0014164952467166166   1.255662979463901e-12
0.0014178006186432637   1.2543452093044289e-12
0.0014191071935360843   1.2530295969373447e-12
0.001420414972503671   1.251716134052326e-12
0.0014217239566556427   1.2504048123976662e-12
0.0014230341471026362   1.249095623779722e-12
0.001424345544956313   1.2477885600623507e-12
0.0014256581513293599   1.2464836131663572e-12
0.0014269719673354864   1.2451807750689557e-12
0.001428286994089434   1.243880037803224e-12
0.0014296032327069663   1.2425813934575835e-12
0.0014309206843048754   1.2412848341752684e-12
0.0014322393500009866   1.2399903521538035e-12
0.0014335592309141518   1.238697939644502e-12
0.0014348803281642546   1.237407588951953e-12
0.0014362026428722094   1.2361192924335245e-12
0.001437526176159968   1.2348330424988631e-12
0.0014388509291505124   1.2335488316094145e-12
0.0014401769029678594   1.2322666522779375e-12
0.0014415040987370618   1.2309864970680254e-12
0.0014428325175842125   1.2297083585936346e-12
0.0014441621606364385   1.2284322295186235e-12
0.0014454930290219064   1.2271581025562879e-12
0.0014468251238698212   1.225885970468909e-12
0.0014481584463104328   1.2246158260672978e-12
0.0014494929974750287   1.2233476622103584e-12
0.0014508287784959402   1.2220814718046445e-12
0.0014521657905065403   1.2208172478039274e-12
0.001453504034641251   1.2195549832087603e-12
0.0014548435120355359   1.2182946710660626e-12
0.0014561842238259056   1.2170363044686956e-12
0.0014575261711499172   1.2157798765550489e-12
0.00145886935514618   1.214525380508627e-12
0.0014602137769543489   1.21327280955765e-12
0.0014615594377151298   1.212022156974648e-12
0.001462906338570279   1.210773416076068e-12
0.0014642544806626086   1.2095265802218755e-12
0.00146560386513598   1.2082816428151774e-12
0.0014669544931353105   1.2070385973018284e-12
0.00146830636580657   1.205797437170063e-12
0.0014696594842967898   1.2045581559501065e-12
0.0014710138497540538   1.203320747213818e-12
0.0014723694633275047   1.2020852045743185e-12
0.0014737263261673434   1.200851521685627e-12
0.0014750844394248348   1.1996196922423041e-12
0.0014764438042523004   1.1983897099790986e-12
0.0014778044218031255   1.197161568670592e-12
0.001479166293231756   1.195935262130863e-12
0.001480529419693707   1.1947107842131257e-12
0.0014818938023455535   1.1934881288094108e-12
0.0014832594423449378   1.1922672898502186e-12
0.0014846263408505678   1.1910482613041881e-12
0.0014859944990222235   1.1898310371777705e-12
0.0014873639180207495   1.1886156115149023e-12
0.0014887345990080613   1.187401978396691e-12
0.0014901065431471435   1.1861901319410889e-12
0.001491479751602058   1.184980066302577e-12
0.0014928542255379337   1.1837717756718667e-12
0.001494229966120975   1.1825652542755808e-12
0.0014956069745184603   1.1813604963759523e-12
0.0014969852518987475   1.1801574962705208e-12
0.0014983647994312667   1.1789562482918404e-12
0.0014997456182865275   1.1777567468071816e-12
0.0015011277096361165   1.1765589862182364e-12
0.0015025110746527044   1.1753629609608334e-12
0.0015038957145100383   1.174168665504651e-12
0.0015052816303829481   1.1729760943529368e-12
0.0015066688234473455   1.1717852420422219e-12
0.0015080572948802298   1.1705961031420505e-12
0.0015094470458596806   1.1694086722547027e-12
0.001510838077564863   1.1682229440149251e-12
0.0015122303911760339   1.1670389130896584e-12
0.0015136239878745328   1.165856574177777e-12
0.0015150188688427893   1.1646759220098242e-12
0.0015164150352643228   1.1634969513477526e-12
0.0015178124883237424   1.1623196569846647e-12
0.0015192112292067524   1.1611440337445567e-12
0.0015206112591001461   1.1599700764820734e-12
0.00152201257919181   1.158797780082253e-12
0.00152341519067073   1.1576271394602778e-12
0.0015248190947269834   1.1564581495612359e-12
0.0015262242925517455   1.1552908053598754e-12
0.001527630785337289   1.1541251018603648e-12
0.0015290385742769844   1.152961034096058e-12
0.0015304476605653061   1.1517985971292525e-12
0.0015318580453978251   1.1506377860509684e-12
0.001533269729971214   1.1494785959807075e-12
0.0015346827154832524   1.148321022066231e-12
0.00153609700313282   1.1471650594833313e-12
0.0015375125941199015   1.146010703435612e-12
0.0015389294896455874   1.1448579491542636e-12
0.0015403476909120787   1.1437067918978436e-12
0.00154176719912268   1.1425572269520632e-12
0.0015431880154818064   1.1414092496295706e-12
0.0015446101411949814   1.1402628552697416e-12
0.0015460335774688438   1.1391180392384584e-12
0.00154745832551114   1.137974796927916e-12
0.001548884386530731   1.1368331237564084e-12
0.0015503117617375899   1.1356930151681217e-12
0.0015517404523428097   1.1345544666329348e-12
0.0015531704595585954   1.1334174736462212e-12
0.0015546017845982697   1.1322820317286456e-12
0.0015560344286762724   1.131148136425973e-12
0.0015574683930081672   1.1300157833088657e-12
0.001558903678810633   1.1288849679727018e-12
0.001560340287301472   1.1277556860373732e-12
0.0015617782196996064   1.1266279331471069e-12
0.0015632174772250871   1.1255017049702645e-12
0.0015646580610990844   1.1243769971991713e-12
0.0015660999725438949   1.1232538055499233e-12
0.001567543212782941   1.1221321257622086e-12
0.0015689877830407772   1.1210119535991232e-12
0.0015704336845430806   1.1198932848469994e-12
0.0015718809185166608   1.1187761153152228e-12
0.001573329486189456   1.117660440836061e-12
0.00157477938879054   1.1165462572644851e-12
0.0015762306275501153   1.1154335604780047e-12
0.0015776832036995196   1.1143223463764923e-12
0.0015791371184712233   1.1132126108820181e-12
0.0015805923730988379   1.1121043499386767e-12
0.0015820489688171068   1.1109975595124306e-12
0.0015835069068619123   1.1098922355909402e-12
0.0015849661884702751   1.1087883741834025e-12
0.0015864268148803597   1.1076859713203884e-12
0.0015878887873314676   1.1065850230536876e-12
0.0015893521070640432   1.1054855254561473e-12
0.001590816775319673   1.1043874746215177e-12
0.0015922827933410922   1.1032908666642913e-12
0.0015937501623721768   1.102195697719558e-12
0.0015952188836579502   1.101101963942846e-12
0.0015966889584445821   1.1000096615099754e-12
0.0015981603879793949   1.0989187866169027e-12
0.001599633173510856   1.0978293354795796e-12
0.0016011073162885844   1.0967413043338018e-12
0.00160258281756335   1.0956546894350664e-12
0.0016040596785870797   1.0945694870584222e-12
0.0016055379006128488   1.093485693498335e-12
0.00160701748489489   1.0924033050685395e-12
0.001608498432688589   1.091322318101903e-12
0.0016099807452504944   1.0902427289502816e-12
0.0016114644238383073   1.0891645339843883e-12
0.0016129494697108893   1.0880877295936536e-12
0.0016144358841282613   1.08701231218609e-12
0.0016159236683516093   1.0859382781881556e-12
0.0016174128236432772   1.0848656240446277e-12
0.0016189033512667723   1.0837943462184657e-12
0.0016203952524867706   1.08272444119068e-12
0.001621888528569109   1.0816559054602068e-12
0.001623383180780793   1.0805887355437779e-12
0.0016248792103899952   1.0795229279757914e-12
0.0016263766186660551   1.0784584793081908e-12
0.0016278754068794873   1.0773953861103323e-12
0.0016293755763019723   1.0763336449688692e-12
0.001630877128206362   1.0752732524876255e-12
0.001632380063866687   1.0742142052874713e-12
0.0016338843845581463   1.0731565000062083e-12
0.0016353900915571165   1.0721001332984467e-12
0.0016368971861411496   1.0710451018354869e-12
0.0016384056695889738   1.0699914023052041e-12
0.0016399155431805006   1.068939031411926e-12
0.001641426808196816   1.0678879858763249e-12
0.0016429394659201863   1.066838262435302e-12
0.001644453517634065   1.0657898578418658e-12
0.0016459689646230835   1.0647427688650306e-12
0.0016474858081730575   1.0636969922896991e-12
0.0016490040495709874   1.0626525249165539e-12
0.0016505236901050637   1.0616093635619434e-12
0.0016520447310646596   1.0605675050577803e-12
0.001653567173740338   1.0595269462514292e-12
0.001655091019423849   1.0584876840056021e-12
0.001656616269408139   1.057449715198247e-12
0.0016581429249873404   1.0564130367224523e-12
0.0016596709874567796   1.0553776454863348e-12
0.0016612004581129756   1.0543435384129414e-12
0.0016627313382536469   1.0533107124401408e-12
0.0016642636291777028   1.0522791645205298e-12
0.0016657973321852519   1.051248891621326e-12
0.0016673324485775983   1.0502198907242742e-12
0.0016688689796572514   1.0491921588255386e-12
0.0016704069267279148   1.0481656929356143e-12
0.001671946291094496   1.047140490079225e-12
0.001673487074063103   1.0461165472952279e-12
0.0016750292769410527   1.045093861636513e-12
0.0016765729010368617   1.0440724301699184e-12
0.001678117947660254   1.0430522499761268e-12
0.0016796644181221586   1.0420333181495786e-12
0.0016812123137347184   1.0410156317983727e-12
0.0016827616358112798   1.0399991880441814e-12
0.0016843123856664017   1.038983984022156e-12
0.0016858645646158521   1.0379700168808389e-12
0.0016874181739766174   1.0369572837820674e-12
0.001688973215066892   1.0359457819008942e-12
0.0016905296892060868   1.034935508425493e-12
0.0016920875977148274   1.0339264605570757e-12
0.001693646941914961   1.0329186355097982e-12
0.0016952077231295482   1.0319120305106837e-12
0.0016967699426828702   1.0309066427995315e-12
0.0016983336019004273   1.0299024696288359e-12
0.0016998987021089459   1.0288995082636974e-12
0.0017014652446363707   1.0278977559817457e-12
0.0017030332308118712   1.0268972100730535e-12
0.0017046026619658404   1.0258978678400562e-12
0.001706173539429902   1.0248997265974676e-12
0.0017077458645369029   1.023902783672204e-12
0.0017093196386209185   1.022907036403303e-12
0.0017108948630172528   1.0219124821418417e-12
0.0017124715390624452   1.0209191182508599e-12
0.001714049668094262   1.0199269421052827e-12
0.0017156292514517038   1.018935951091843e-12
0.001717210290475003   1.017946142609006e-12
0.001718792786505633   1.016957514066887e-12
0.0017203767408862979   1.015970062887184e-12
0.0017219621549609408   1.0149837865030989e-12
0.0017235490300747417   1.0139986823592643e-12
0.0017251373675741257   1.0130147479116653e-12
0.0017267271688067532   1.0120319806275739e-12
0.001728318435121528   1.0110503779854724e-12
0.001729911167868596   1.010069937474981e-12
0.0017315053683993518   1.0090906565967854e-12
0.0017331010380664306   1.0081125328625701e-12
0.0017346981782237138   1.0071355637949466e-12
0.0017362967902263362   1.0061597469273783e-12
0.001737896875430676   1.00518507980412e-12
0.0017394984351943624   1.0042115599801434e-12
0.001741101470876277   1.0032391850210708e-12
0.0017427059838365508   1.0022679525031085e-12
0.001744311975436574   1.0012978600129754e-12
0.0017459194470389864   1.000328905147842e-12
0.001747528400007683   9.99361085515263e-13
0.001749138835707821   9.983943987331075e-13
0.0017507507555058108   9.974288424294997e-13
0.0017523641607693234   9.964644142427521e-13
0.0017539790528672905   9.955011118212997e-13
0.0017555954331699031   9.945389328236414e-13
0.0017572133030486208   9.935778749182687e-13
0.0017588326638761614   9.926179357836126e-13
0.0017604535170265075   9.916591131079763e-13
0.001762075863874914   9.907014045894719e-13
0.0017636997057978968   9.897448079359649e-13
0.001765325044173243   9.887893208650088e-13
0.0017669518803800073   9.878349411037891e-13
0.0017685802157985204   9.868816663890566e-13
0.00177021005181038   9.85929494467076e-13
0.0017718413897984584   9.849784230935636e-13
0.001773474231146901   9.84028450033629e-13
0.001775108577241134   9.830795730617145e-13
0.001776744429467855   9.821317899615435e-13
0.0017783817892150406   9.81185098526059e-13
0.0017800206578719457   9.802394965573692e-13
0.0017816610368291104   9.792949818666876e-13
0.0017833029274783507   9.783515522742829e-13
0.0017849463312127674   9.774092056094188e-13
0.001786591249426743   9.764679397103031e-13
0.0017882376835159507   9.755277524240272e-13
0.001789885634877344   9.745886416065192e-13
0.0017915351049091661   9.73650605122485e-13
0.0017931860950109466   9.727136408453584e-13
0.0017948386065835106   9.71777746657243e-13
0.0017964926410289682   9.708429204488664e-13
0.0017981481997507236   9.699091601195236e-13
0.0017998052841534731   9.68976463577027e-13
0.001801463895643212   9.680448287376525e-13
0.0018031240356272266   9.67114253526092e-13
0.0018047857055141013   9.661847358754013e-13
0.0018064489067137171   9.652562737269504e-13
0.0018081136406372597   9.643288650303699e-13
0.00180977990869721   9.634025077435073e-13
0.001811447712307352   9.624771998323747e-13
0.001813117052882771   9.615529392711015e-13
0.001814787931839862   9.606297240418807e-13
0.0018164603505963193   9.59707552134929e-13
0.0018181343105711457   9.587864215484346e-13
0.0018198098131846504   9.578663302885097e-13
0.0018214868598584563   9.569472763691424e-13
0.001823165452015491   9.560292578121545e-13
0.0018248455910799956   9.551122726471506e-13
0.0018265272784775215   9.541963189114755e-13
0.0018282105156349395   9.53281394650164e-13
0.0018298953039804298   9.523674979159004e-13
0.0018315816449434906   9.514546267689716e-13
0.0018332695399549356   9.50542779277222e-13
0.0018349589904469023   9.496319535160083e-13
0.0018366499978528432   9.487221475681575e-13
0.001838342563607533   9.478133595239218e-13
0.0018400366891470666   9.469055874809374e-13
0.0018417323759088687   9.459988295441756e-13
0.0018434296253316826   9.450930838259074e-13
0.0018451284388555772   9.441883484456572e-13
0.0018468288179219546   9.43284621530158e-13
0.0018485307639735393   9.423819012133156e-13
0.0018502342784543874   9.414801856361628e-13
0.0018519393628098858   9.40579472946819e-13
0.001853646018486751   9.39679761300451e-13
0.0018553542469330394   9.38781048859226e-13
0.0018570640495981351   9.378833337922802e-13
0.0018587754279327587   9.369866142756741e-13
0.001860488383388973   9.36090888492349e-13
0.001862202917420173   9.351961546320952e-13
0.0018639190314810954   9.343024108915067e-13
0.0018656367270278177   9.334096554739448e-13
0.0018673560055177567   9.325178865894995e-13
0.0018690768684096787   9.316271024549473e-13
0.0018707993171636881   9.30737301293719e-13
0.001872523353241235   9.298484813358582e-13
0.0018742489781051219   9.289606408179823e-13
0.001875976193219494   9.280737779832488e-13
0.0018777050000498474   9.271878910813152e-13
0.0018794354000630288   9.263029783683044e-13
0.0018811673947272344   9.254190381067664e-13
0.00188290098551202   9.245360685656403e-13
0.0018846361738882893   9.236540680202229e-13
0.0018863729613283013   9.227730347521303e-13
0.0018881113493056784   9.218929670492586e-13
0.0018898513392953944   9.21013863205756e-13
0.0018915929327737845   9.201357215219821e-13
0.0018933361312185447   9.192585403044751e-13
0.0018950809361087306   9.183823178659163e-13
0.001896827348924767   9.175070525250951e-13
0.001898575371148436   9.166327426068777e-13
0.001900325004262887   9.157593864421709e-13
0.0019020762497526406   9.148869823678864e-13
0.0019038291091035804   9.140155287269126e-13
0.001905583583802961   9.131450238680768e-13
0.0019073396753394075   9.122754661461144e-13
0.001909097385202915   9.114068539216369e-13
0.0019108567148848573   9.105391855610935e-13
0.0019126176658779775   9.096724594367477e-13
0.0019143802396763933   9.088066739266394e-13
0.001916144437775606   9.079418274145523e-13
0.0019179102616724887   9.070779182899864e-13
0.0019196777128652961   9.062149449481235e-13
0.001921446792853662   9.053529057897974e-13
0.001923217503138607   9.044917992214601e-13
0.0019249898452225302   9.036316236551547e-13
0.0019267638206092168   9.02772377508483e-13
0.001928539430803836   9.019140592045755e-13
0.0019303166773129495   9.010566671720582e-13
0.001932095561644502   9.002001998450281e-13
0.0019338760853078295   8.993446556630193e-13
0.0019356582498136572   8.984900330709756e-13
0.0019374420566741083   8.976363305192172e-13
0.0019392275074026932   8.967835464634173e-13
0.00194101460351432   8.959316793645685e-13
0.00194280334652529   8.95080727688957e-13
0.0019445937379533082   8.942306899081293e-13
0.001946385779317472   8.933815644988704e-13
0.0019481794721382811   8.925333499431704e-13
0.0019499748179376342   8.916860447281995e-13
0.0019517718182388386   8.908396473462752e-13
0.001953570474566599   8.89994156294842e-13
0.0019553707884470283   8.891495700764381e-13
0.001957172761407642   8.883058871986717e-13
0.001958976394977371   8.874631061741883e-13
0.0019607816906865483   8.86621225520651e-13
0.0019625886500669195   8.85780243760709e-13
0.001964397274651639   8.849401594219735e-13
0.0019662075659752816   8.841009710369868e-13
0.001968019525573829   8.832626771432019e-13
0.001969833154984681   8.824252762829526e-13
0.0019716484557466517   8.815887670034306e-13
0.0019734654293999798   8.807531478566534e-13
0.001975284077486317   8.799184173994474e-13
0.001977104401548736   8.790845741934174e-13
0.0019789264031317374   8.782516168049189e-13
0.0019807500837812396   8.774195438050398e-13
0.0019825754450445866   8.765883537695705e-13
0.001984402488470549   8.757580452789812e-13
0.001986231215609323   8.749286169183962e-13
0.001988061628012539   8.741000672775689e-13
0.0019898937272332506   8.732723949508595e-13
0.001991727514825944   8.724455985372108e-13
0.0019935629923465434   8.716196766401205e-13
0.0019954001613524002   8.707946278676227e-13
0.001997239023402304   8.69970450832261e-13
0.0019990795800564802   8.691471441510654e-13
0.0020009218328765903   8.683247064455303e-13
0.0020027657834257406   8.675031363415876e-13
0.0020046114332684726   8.666824324695885e-13
0.0020064587839707685   8.658625934642797e-13
0.0020083078371000616   8.650436179647742e-13
0.002010158594225221   8.64225504614539e-13
0.002012011056916566   8.634082520613648e-13
0.002013865226745861   8.625918589573472e-13
0.0020157211052863186   8.617763239588639e-13
0.0020175786941126067   8.609616457265497e-13
0.002019437994800837   8.601478229252807e-13
0.0020212990089285756   8.593348542241481e-13
0.0020231617380748477   8.585227382964349e-13
0.002025026183820127   8.577114738196003e-13
0.0020268923477463462   8.569010594752544e-13
0.0020287602314368962   8.560914939491368e-13
0.002030629836476625   8.552827759310974e-13
0.0020325011644518457   8.544749041150729e-13
0.002034374216950329   8.536678771990693e-13
0.002036248995561309   8.528616938851393e-13
0.0020381255018754882   8.520563528793596e-13
0.002040003737485031   8.512518528918159e-13
0.0020418837039835706   8.504481926365772e-13
0.0020437654029662085   8.496453708316797e-13
0.002045648836029514   8.488433861991046e-13
0.002047534004771535   8.480422374647561e-13
0.0020494209107917837   8.472419233584477e-13
0.002051309555691249   8.464424426138772e-13
0.002053199941072399   8.456437939686078e-13
0.0020550920685391745   8.448459761640517e-13
0.0020569859396969946   8.440489879454481e-13
0.002058881556152757   8.432528280618453e-13
0.0020607789195148454   8.424574952660794e-13
0.0020626780313931213   8.416629883147585e-13
0.0020645788933989296   8.408693059682424e-13
0.0020664815071451   8.40076446990625e-13
0.0020683858742459533   8.392844101497114e-13
0.0020702919963172927   8.384931942170055e-13
0.002072199874976412   8.377027979676882e-13
0.002074109511842093   8.369132201806007e-13
0.002076020908534617   8.361244596382226e-13
0.002077934066675751   8.353365151266595e-13
0.0020798489878887582   8.345493854356212e-13
0.002081765673798397   8.337630693584065e-13
0.0020836841260309285   8.329775656918809e-13
0.0020856043462141064   8.321928732364651e-13
0.0020875263359771863   8.314089907961136e-13
0.0020894500969509235   8.306259171782993e-13
0.0020913756307675826   8.298436511939924e-13
0.0020933029390609254   8.290621916576494e-13
0.002095232023466222   8.282815373871912e-13
0.002097162885620247   8.275016872039891e-13
0.00209909552716129   8.267226399328436e-13
0.0021010299497291438   8.25944394401974e-13
0.002102966154965115   8.251669494429967e-13
0.00210490414451202   8.243903038909117e-13
0.002106843920014195   8.236144565840826e-13
0.002108785483117487   8.22839406364225e-13
0.0021107288354692603   8.220651520763865e-13
0.002112673978718395   8.212916925689332e-13
0.0021146209145152988   8.2051902669353e-13
0.002116569644511892   8.19747153305129e-13
0.002118520170361621   8.189760712619512e-13
0.002120472493719453   8.182057794254722e-13
0.0021224266162418863   8.174362766604027e-13
0.0021243825395869395   8.166675618346789e-13
0.0021263402654141624   8.158996338194429e-13
0.002128299795384631   8.151324914890287e-13
0.002130261131160959   8.143661337209453e-13
0.002132224274407285   8.136005593958645e-13
0.002134189226789282   8.128357673976041e-13
0.0021361559899741645   8.120717566131112e-13
0.0021381245656306763   8.11308525932451e-13
0.0021400949554291017   8.105460742487895e-13
0.002142067161041264   8.097844004583791e-13
0.0021440411841405255   8.09023503460545e-13
0.002146017026401796   8.082633821576674e-13
0.0021479946895015243   8.075040354551719e-13
0.0021499741751177014   8.067454622615132e-13
0.0021519554849298733   8.059876614881566e-13
0.0021539386206191266   8.052306320495711e-13
0.002155923583868099   8.044743728632104e-13
0.0021579103763609796   8.037188828494994e-13
0.0021598989997835064   8.02964160931823e-13
0.0021618894558229785   8.022102060365067e-13
0.002163881746168242   8.014570170928094e-13
0.0021658758725097006   8.007045930329058e-13
0.0021678718365393222   7.999529327918718e-13
0.0021698696399506264   7.992020353076748e-13
0.0021718692844386973   7.984518995211566e-13
0.002173870771700179   7.977025243760232e-13
0.0021758741034332793   7.969539088188287e-13
0.0021778792813377753   7.962060517989621e-13
0.0021798863071150055   7.95458952268637e-13
0.0021818951824678755   7.947126091828766e-13
0.002183905909100868   7.939670214994987e-13
0.002185918488720028   7.932221881791071e-13
0.0021879329230329756   7.924781081850763e-13
0.002189949213748906   7.917347804835382e-13
0.0021919673625785847   7.909922040433715e-13
0.0021939873712343632   7.902503778361849e-13
0.002196009241430162   7.895093008363105e-13
0.0021980329748814828   7.887689720207873e-13
0.0022000585733054135   7.880293903693481e-13
0.0022020860384206185   7.87290554864411e-13
0.0022041153719473483   7.865524644910633e-13
0.0022061465756074363   7.858151182370533e-13
0.002208179651124309   7.85078515092772e-13
0.0022102146002229753   7.843426540512478e-13
0.002212251424630035   7.836075341081312e-13
0.002214290126073677   7.828731542616834e-13
0.0022163307062836902   7.821395135127626e-13
0.002218373166991451   7.81406610864815e-13
0.0022204175099299326   7.806744453238634e-13
0.002222463736833703   7.799430158984934e-13
0.0022245118494389365   7.792123215998409e-13
0.0022265618494833996   7.784823614415844e-13
0.0022286137387064636   7.77753134439931e-13
0.0022306675188490986   7.770246396136065e-13
0.002232723191653888   7.762968759838405e-13
0.002234780758865013   7.755698425743604e-13
0.002236840222228265   7.748435384113763e-13
0.0022389015834910412   7.74117962523573e-13
0.0022409648444023564   7.733931139420942e-13
0.0022430300067128313   7.726689917005364e-13
0.0022450970721747004   7.719455948349366e-13
0.0022471660425418117   7.712229223837604e-13
0.0022492369195696365   7.705009733878904e-13
0.002251309705015256   7.697797468906185e-13
0.002253384400637375   7.690592419376329e-13
0.002255461008196314   7.68339457577009e-13
0.0022575395294540243   7.676203928591957e-13
0.002259619966174074   7.669020468370089e-13
0.0022617023201216583   7.661844185656197e-13
0.0022637865930635968   7.654675071025433e-13
0.002265872786768344   7.647513115076275e-13
0.0022679609030059784   7.640358308430459e-13
0.0022700509435482105   7.633210641732851e-13
0.002272142910168382   7.626070105651365e-13
0.002274236804641476   7.61893669087682e-13
0.002276332628744104   7.611810388122896e-13
0.0022784303842545164   7.604691188125999e-13
0.0022805300729526012   7.597579081645184e-13
0.0022826316966198935   7.590474059462009e-13
0.0022847352570395624   7.583376112380505e-13
0.0022868407559964205   7.576285231227038e-13
0.002288948195276933   7.569201406850201e-13
0.0022910575766692037   7.562124630120754e-13
0.0022931689019629864   7.555054891931508e-13
0.0022952821729496846   7.547992183197223e-13
0.0022973973914223508   7.540936494854532e-13
0.0022995145591756952   7.533887817861825e-13
0.0023016336780060775   7.526846143199171e-13
0.0023037547497115106   7.519811461868233e-13
0.0023058777760916723   7.51278376489214e-13
0.0023080027589478915   7.505763043315433e-13
0.0023101297000831605   7.498749288203954e-13
0.0023122586013021315   7.491742490644766e-13
0.002314389464411119   7.484742641746052e-13
0.002316522291218108   7.477749732637013e-13
0.0023186570835327432   7.470763754467819e-13
0.002320793843166337   7.463784698409486e-13
0.0023229325719318775   7.456812555653777e-13
0.002325073271644017   7.449847317413157e-13
0.0023272159441190834   7.442888974920676e-13
0.002329360591175076   7.435937519429883e-13
0.002331507214631669   7.428992942214756e-13
0.00233365581631022   7.422055234569573e-13
0.002335806398033758   7.415124387808891e-13
0.0023379589616269927   7.408200393267412e-13
0.002340113508916322   7.401283242299902e-13
0.0023422700417298184   7.394372926281139e-13
0.002344428561897244   7.387469436605793e-13
0.0023465890712500454   7.380572764688362e-13
0.002348751571621355   7.373682901963091e-13
0.002350916064846002   7.366799839883864e-13
0.0023530825527604982   7.359923569924163e-13
0.0023552510372030497   7.353054083576952e-13
0.002357421520013562   7.346191372354606e-13
0.0023595940030336302   7.339335427788838e-13
0.002361768488106548   7.332486241430617e-13
0.0023639449770773064   7.325643804850085e-13
0.002366123471792603   7.318808109636458e-13
0.0023683039741008304   7.311979147397991e-13
0.0023704864858520866   7.305156909761864e-13
0.002372671008898173   7.298341388374126e-13
0.002374857545092603   7.291532574899576e-13
0.002377046096290594   7.284730461021748e-13
0.0023792366643490717   7.27793503844279e-13
0.0023814292511266737   7.271146298883407e-13
0.0023836238584837564   7.264364234082755e-13
0.0023858204882823827   7.257588835798415e-13
0.0023880191423863357   7.25082009580628e-13
0.0023902198226611114   7.244058005900502e-13
0.0023924225309739345   7.237302557893379e-13
0.0023946272691937414   7.23055374361534e-13
0.002396834039191194   7.223811554914826e-13
0.002399042842838676   7.217075983658243e-13
0.0024012536820103036   7.210347021729853e-13
0.002403466558581912   7.203624661031751e-13
0.0024056814744310684   7.196908893483765e-13
0.002407898431437068   7.190199711023385e-13
0.0024101174314809445   7.18349710560568e-13
0.002412338476445458   7.176801069203265e-13
0.002414561568215107   7.170111593806198e-13
0.0024167867086761223   7.163428671421924e-13
0.002419013899716482   7.156752294075185e-13
0.002421243143225896   7.150082453807988e-13
0.002423474441095818   7.143419142679499e-13
0.002425707795219443   7.136762352766008e-13
0.0024279432074917166   7.130112076160816e-13
0.0024301806798093257   7.123468304974216e-13
0.002432420214070705   7.116831031333398e-13
0.0024346618121760377   7.110200247382393e-13
0.0024369054760272654   7.103575945281982e-13
0.0024391512075280747   7.096958117209664e-13
0.002441399008583909   7.090346755359577e-13
0.0024436488811019658   7.083741851942427e-13
0.002445900826991207   7.07714339918541e-13
0.0024481548481623456   7.07055138933218e-13
0.002450410946527857   7.063965814642773e-13
0.002452669124001986   7.057386667393506e-13
0.002454929382500733   7.050813939876974e-13
0.0024571917239418675   7.044247624401943e-13
0.0024594561502449264   7.037687713293295e-13
0.0024617226633312124   7.031134198891993e-13
0.002463991265123807   7.024587073554958e-13
0.0024662619575475564   7.018046329655065e-13
0.002468534742529079   7.011511959581073e-13
0.002470809621996779   7.004983955737518e-13
0.002473086597880828   6.998462310544707e-13
0.00247536567211318   6.991947016438622e-13
0.002477646846627568   6.985438065870888e-13
0.0024799301233595066   6.978935451308679e-13
0.0024822155042462995   6.972439165234673e-13
0.00248450299122703   6.965949200147003e-13
0.0024867925862425673   6.959465548559195e-13
0.0024890842912355772   6.95298820300008e-13
0.0024913781081505075   6.946517156013775e-13
0.0024936740389336007   6.940052400159608e-13
0.002495972085532894   6.933593928012046e-13
0.002498272249898216   6.92714173216067e-13
0.0025005745339812   6.920695805210072e-13
0.0025028789397352705   6.914256139779839e-13
0.002505185469115652   6.907822728504489e-13
0.002507494124079379   6.901395564033377e-13
0.0025098049065852804   6.894974639030691e-13
0.002512117818593994   6.888559946175366e-13
0.0025144328620679652   6.882151478161031e-13
0.0025167500389714436   6.875749227695967e-13
0.002519069351270497   6.869353187503022e-13
0.002521390800932999   6.86296335031959e-13
0.002523714389928634   6.856579708897548e-13
0.0025260401202289113   6.850202256003168e-13
0.0025283679938071487   6.843830984417114e-13
0.0025306980126384854   6.837465886934367e-13
0.0025330301786998777   6.831106956364157e-13
0.0025353644939701114   6.824754185529918e-13
0.002537700960429789   6.818407567269248e-13
0.0025400395800613397   6.812067094433849e-13
0.002542380354849018   6.80573275988947e-13
0.0025447232867789145   6.799404556515843e-13
0.0025470683778389415   6.793082477206667e-13
0.0025494156300188467   6.786766514869523e-13
0.0025517650453102093   6.780456662425842e-13
0.0025541166257064497   6.774152912810829e-13
0.0025564703732028197   6.767855258973448e-13
0.002558826289796412   6.761563693876343e-13
0.0025611843774861554   6.755278210495811e-13
0.0025635446382728305   6.748998801821709e-13
0.0025659070741590535   6.742725460857463e-13
0.0025682716871492884   6.736458180619973e-13
0.002570638479249844   6.730196954139592e-13
0.0025730074524688853   6.723941774460045e-13
0.002575378608816421   6.717692634638415e-13
0.002577751950304314   6.711449527745077e-13
0.0025801274789462795   6.705212446863656e-13
0.002582505196757895   6.698981385090954e-13
0.0025848851057565887   6.692756335536941e-13
0.00258726720796165   6.68653729132469e-13
0.0025896515053942266   6.68032424559033e-13
0.002592038000077337   6.674117191482973e-13
0.002594426694035856   6.667916122164723e-13
0.0025968175892965273   6.661721030810579e-13
0.0025992106878879586   6.655531910608427e-13
0.002601605991840637   6.649348754758943e-13
0.00260400350318691   6.643171556475605e-13
0.0026064032239610036   6.637000308984614e-13
0.002608805156199014   6.630835005524857e-13
0.002611209301938922   6.62467563934785e-13
0.0026136156632205793   6.61852220371771e-13
0.0026160242420857193   6.612374691911105e-13
0.0026184350405779543   6.606233097217217e-13
0.0026208480607427887   6.600097412937656e-13
0.002623263304627603   6.593967632386483e-13
0.002625680774281665   6.587843748890118e-13
0.002628100471756138   6.581725755787302e-13
0.00263052239910407   6.575613646429067e-13
0.0026329465583804007   6.569507414178693e-13
0.0026353729516419653   6.56340705241165e-13
0.002637801580947491   6.557312554515577e-13
0.0026402324483576116   6.5512239138902e-13
0.00264266555593485   6.54514112394734e-13
0.0026451009057436308   6.539064178110843e-13
0.0026475384998502893   6.532993069816528e-13
0.0026499783403230565   6.526927792512172e-13
0.002652420429232072   6.520868339657451e-13
0.002654864768649384   6.514814704723906e-13
0.0026573113606489463   6.508766881194898e-13
0.0026597602073066334   6.502724862565554e-13
0.0026622113107002228   6.496688642342761e-13
0.002664664672909409   6.490658214045098e-13
0.0026671202960158093   6.484633571202787e-13
0.0026695781821029527   6.478614707357685e-13
0.00267203833325629   6.472601616063224e-13
0.002674500751563194   6.466594290884373e-13
0.002676965439112958   6.460592725397599e-13
0.0026794323979968102   6.454596913190822e-13
0.002681901630307897   6.44860684786339e-13
0.0026843731381412934   6.442622523026036e-13
0.0026868469235940134   6.436643932300818e-13
0.002689322988764996   6.430671069321111e-13
0.0026918013357551166   6.424703927731558e-13
0.0026942819666671866   6.418742501188018e-13
0.0026967648836059527   6.412786783357557e-13
0.00269925008867811   6.406836767918361e-13
0.0027017375839922856   6.400892448559757e-13
0.0027042273716590508   6.394953818982144e-13
0.0027067194537909295   6.389020872896943e-13
0.0027092138325023854   6.383093604026593e-13
0.0027117105099098314   6.377172006104491e-13
0.0027142094881316297   6.371256072874972e-13
0.0027167107692881026   6.365345798093236e-13
0.002719214355501518   6.359441175525364e-13
0.0027217202488961025   6.353542198948244e-13
0.0027242284515980367   6.347648862149557e-13
0.0027267389657354697   6.341761158927706e-13
0.0027292517934385035   6.335879083091828e-13
0.002731766936839206   6.330002628461728e-13
0.002734284398071606   6.324131788867858e-13
0.002736804179271709   6.318266558151251e-13
0.002739326282577479   6.312406930163534e-13
0.0027418507101288534   6.306552898766864e-13
0.00274437746406774   6.300704457833894e-13
0.0027469065465380274   6.294861601247737e-13
0.0027494379596855727   6.289024322901943e-13
0.0027519717056582117   6.283192616700464e-13
0.002754507786605759   6.277366476557616e-13
0.002757046204680017   6.271545896398023e-13
0.0027595869620347627   6.265730870156625e-13
0.0027621300608257618   6.259921391778624e-13
0.0027646755032107633   6.254117455219446e-13
0.0027672232913495127   6.248319054444699e-13
0.0027697734274037384   6.242526183430172e-13
0.0027723259135371625   6.236738836161775e-13
0.0027748807519154995   6.230957006635521e-13
0.002777437944706467   6.225180688857473e-13
0.0027799974940797725   6.219409876843735e-13
0.0027825594022071257   6.213644564620412e-13
0.002785123671262235   6.207884746223579e-13
0.00278769030342082   6.202130415699224e-13
0.002790259300860597   6.196381567103262e-13
0.0027928306657612925   6.190638194501474e-13
0.002795404400304638   6.184900291969483e-13
0.002797980506674385   6.179167853592699e-13
0.0028005589870562886   6.173440873466338e-13
0.0028031398436381204   6.16771934569535e-13
0.002805723078609666   6.162003264394404e-13
0.0028083086941627375   6.15629262368784e-13
0.0028108966924911584   6.150587417709666e-13
0.0028134870757907733   6.144887640603518e-13
0.0028160798462594596   6.139193286522603e-13
0.002818675006097111   6.13350434962971e-13
0.0028212725575056524   6.127820824097155e-13
0.0028238725026890365   6.122142704106757e-13
0.002826474843853245   6.116469983849813e-13
0.0028290795832063014   6.110802657527045e-13
0.0028316867229582544   6.10514071934861e-13
0.0028342962653211904   6.099484163534045e-13
0.0028369082125092424   6.093832984312225e-13
0.0028395225667385755   6.088187175921374e-13
0.0028421393302273997   6.082546732608999e-13
0.0028447585051959694   6.076911648631885e-13
0.0028473800938665817   6.071281918256051e-13
0.0028500040984635916   6.065657535756722e-13
0.0028526305212133937   6.060038495418308e-13
0.0028552593643444354   6.05442479153439e-13
0.002857890630087226   6.048816418407643e-13
0.0028605243206743214   6.043213370349868e-13
0.002863160438340339   6.037615641681924e-13
0.0028657989853219535   6.032023226733716e-13
0.0028684399638578997   6.026436119844167e-13
0.002871083376188983   6.020854315361175e-13
0.002873729224558067   6.015277807641602e-13
0.0028763775112100793   6.00970659105126e-13
0.002879028238392028   6.004140659964837e-13
0.0028816814083529804   5.998580008765918e-13
0.0028843370233440817   5.993024631846941e-13
0.0028869950856185507   5.987474523609161e-13
0.0028896555974316793   5.981929678462641e-13
0.002892318561040847   5.976390090826195e-13
0.002894983978705505   5.970855755127402e-13
0.0028976518526871863   5.965326665802559e-13
0.0029003221852495174   5.959802817296637e-13
0.0029029949786582012   5.954284204063293e-13
0.0029056702351810317   5.94877082056482e-13
0.002908347957087891   5.943262661272128e-13
0.00291102814665076   5.937759720664702e-13
0.002913710806143706   5.932261993230603e-13
0.0029163959378428936   5.926769473466436e-13
0.0029190835440265836   5.92128215587731e-13
0.0029217736269751445   5.915800034976811e-13
0.0029244661889710364   5.910323105287009e-13
0.002927161232298827   5.904851361338402e-13
0.0029298587592451863   5.899384797669903e-13
0.0029325587720989   5.8939234088288e-13
0.0029352612731508546   5.888467189370762e-13
0.0029379662646940503   5.883016133859786e-13
0.002940673749023597   5.877570236868194e-13
0.00294338372843673   5.872129492976584e-13
0.002946096205232792   5.866693896773826e-13
0.0029488111817132473   5.861263442857032e-13
0.002951528660181678   5.855838125831538e-13
0.0029542486429437985   5.850417940310859e-13
0.0029569711323074394   5.845002880916695e-13
0.0029596961305825603   5.839592942278875e-13
0.0029624236400812467   5.834188119035383e-13
0.0029651536631177242   5.828788405832262e-13
0.002967886202008342   5.82339379732365e-13
0.0029706212590715863   5.818004288171748e-13
0.0029733588366280777   5.812619873046772e-13
0.0029760989370005843   5.807240546626942e-13
0.0029788415625140053   5.801866303598476e-13
0.002981586715495385   5.796497138655541e-13
0.002984334398273911   5.791133046500253e-13
0.0029870846131809245   5.785774021842626e-13
0.0029898373625499067   5.780420059400578e-13
0.0029925926487164925   5.775071153899903e-13
0.002995350474018466   5.769727300074241e-13
0.0029981108407957746   5.764388492665045e-13
0.0030008737513905134   5.759054726421577e-13
0.003003639208146939   5.753725996100891e-13
0.0030064072134114643   5.748402296467799e-13
0.0030091777695326746   5.743083622294832e-13
0.0030119508788613103   5.737769968362257e-13
0.003014726543750278   5.732461329458041e-13
0.0030175047665546616   5.727157700377793e-13
0.003020285549631706   5.721859075924804e-13
0.0030230688953408326   5.716565450909981e-13
0.003025854806043636   5.711276820151849e-13
0.0030286432841038838   5.705993178476515e-13
0.003031434331887532   5.700714520717641e-13
0.003034227951762708   5.695440841716455e-13
0.0030370241460997206   5.690172136321709e-13
0.0030398229172710726   5.684908399389635e-13
0.003042624267651444   5.679649625783977e-13
0.003045428199617706   5.674395810375918e-13
0.0030482347155489204   5.669146948044099e-13
0.0030510438178263386   5.663903033674592e-13
0.0030538555088334154   5.658664062160835e-13
0.003056669790955793   5.653430028403674e-13
0.0030594866665813116   5.648200927311322e-13
0.0030623061381000218   5.642976753799306e-13
0.0030651282079041673   5.6377575027905e-13
0.003067952878388199   5.632543169215059e-13
0.003070780151948775   5.627333748010434e-13
0.003073610030984759   5.622129234121333e-13
0.003076442517897234   5.616929622499696e-13
0.003079277615089487   5.611734908104697e-13
0.0030821153249670197   5.606545085902718e-13
0.00308495564993756   5.6013601508673e-13
0.003087798592411044   5.596180097979166e-13
0.003090644154799634   5.591004922226187e-13
0.003093492339517714   5.585834618603353e-13
0.0030963431489818894   5.580669182112763e-13
0.003099196585611003   5.57550860776359e-13
0.0031020526518261166   5.570352890572092e-13
0.003104911350050524   5.56520202556158e-13
0.0031077726827097607   5.560056007762374e-13
0.0031106366522315877   5.55491483221183e-13
0.003113503261046008   5.549778493954283e-13
0.0031163725115852595   5.544646988041061e-13
0.003119244406283831   5.539520309530416e-13
0.003122118947578447   5.534398453487566e-13
0.003124996137908078   5.529281414984645e-13
0.0031278759797139406   5.524169189100694e-13
0.0031307584754395115   5.519061770921614e-13
0.003133643627530508   5.513959155540193e-13
0.0031365314384349044   5.508861338056069e-13
0.0031394219106029293   5.503768313575701e-13
0.0031423150464870778   5.498680077212356e-13
0.0031452108485420954   5.493596624086108e-13
0.0031481093192249933   5.488517949323799e-13
0.0031510104609950434   5.483444048059041e-13
0.0031539142763137946   5.47837491543217e-13
0.0031568207676450533   5.473310546590262e-13
0.0031597299374549006   5.468250936687094e-13
0.0031626417882116894   5.463196080883136e-13
0.0031655563223860444   5.458145974345533e-13
0.003168473542450878   5.453100612248067e-13
0.0031713934508813693   5.448059989771182e-13
0.0031743160501549804   5.443024102101941e-13
0.003177241342751466   5.437992944433986e-13
0.0031801693311528556   5.432966511967578e-13
0.0031831000178434666   5.427944799909538e-13
0.003186033405309915   5.422927803473227e-13
0.003188969496041099   5.417915517878563e-13
0.0031919082925282137   5.412907938351977e-13
0.00319484979726475   5.407905060126409e-13
0.003197794012746493   5.402906878441283e-13
0.003200740941471538   5.397913388542488e-13
0.003203690585940273   5.392924585682378e-13
0.0032066429486553886   5.387940465119751e-13
0.0032095980321218934   5.382961022119809e-13
0.003212555838847094   5.377986251954178e-13
0.003215516371340611   5.373016149900868e-13
0.003218479632114377   5.36805071124427e-13
0.0032214456236826375   5.363089931275131e-13
0.003224414348561964   5.358133805290529e-13
0.003227385809271237   5.353182328593886e-13
0.003230360008331659   5.348235496494936e-13
0.0032333369482667653   5.343293304309693e-13
0.0032363166316024075   5.338355747360466e-13
0.0032392990608667675   5.333422820975826e-13
0.0032422842385903573   5.328494520490593e-13
0.0032452721673060176   5.323570841245826e-13
0.0032482628495489334   5.318651778588781e-13
0.003251256287856616   5.31373732787295e-13
0.0032542524847689143   5.308827484457999e-13
0.0032572514428280287   5.303922243709755e-13
0.0032602531645784926   5.29902160100022e-13
0.003263257652567187   5.294125551707536e-13
0.00326626490934334   5.289234091215972e-13
0.0032692749374585257   5.284347214915915e-13
0.00327228773946668   5.279464918203836e-13
0.003275303317924082   5.274587196482305e-13
0.0032783216753893662   5.269714045159961e-13
0.003281342814423536   5.264845459651484e-13
0.003284366737589944   5.259981435377607e-13
0.003287393447454309   5.255121967765087e-13
0.0032904229465847133   5.250267052246688e-13
0.0032934552375516036   5.245416684261178e-13
0.0032964903229278047   5.24057085925329e-13
0.003299528205288503   5.235729572673747e-13
0.0033025688872112572   5.230892819979219e-13
0.0033056123712760124   5.226060596632298e-13
0.00330865866006508   5.221232898101527e-13
0.0033117077561631556   5.216409719861348e-13
0.003314759662157316   5.211591057392102e-13
0.0033178143806370194   5.206776906180019e-13
0.0033208719141941197   5.201967261717184e-13
0.0033239322654228494   5.197162119501552e-13
0.0033269954369198325   5.192361475036922e-13
0.003330061431284095   5.187565323832903e-13
0.0033331302511170483   5.182773661404936e-13
0.0033362018990225045   5.177986483274263e-13
0.0033392763776066755   5.173203784967901e-13
0.0033423536894781713   5.168425562018658e-13
0.003345433837248016   5.163651809965083e-13
0.0033485168235296296   5.158882524351487e-13
0.003351602650938841   5.154117700727913e-13
0.0033546913220938992   5.149357334650115e-13
0.003357782839615457   5.144601421679565e-13
0.003360877206126584   5.139849957383427e-13
0.003363974424252769   5.135102937334542e-13
0.0033670744966219153   5.130360357111428e-13
0.0033701774258643588   5.125622212298242e-13
0.003373283214612849   5.120888498484798e-13
0.0033763918655025623   5.116159211266537e-13
0.0033795033811711127   5.111434346244502e-13
0.003382617764258536   5.106713899025359e-13
0.003385735017407302   5.101997865221351e-13
0.003388855143262319   5.097286240450306e-13
0.003391978144470927   5.09257902033562e-13
0.0033951040236829154   5.087876200506224e-13
0.0033982327835505076   5.083177776596611e-13
0.003401364426728369   5.078483744246792e-13
0.0034044989558736226   5.073794099102285e-13
0.0034076363736458303   5.069108836814124e-13
0.0034107766827070037   5.064427953038832e-13
0.003413919885721619   5.059751443438396e-13
0.0034170659853565966   5.055079303680283e-13
0.0034202149842813188   5.050411529437406e-13
0.0034233668851676273   5.045748116388126e-13
0.003426521690689823   5.04108906021623e-13
0.003429679403524682   5.036434356610913e-13
0.0034328400263514353   5.031784001266788e-13
0.0034360035618517847   5.027137989883858e-13
0.003439170012709913   5.022496318167497e-13
0.0034423393816124656   5.017858981828458e-13
0.0034455116712485685   5.013225976582852e-13
0.0034486868843098253   5.008597298152129e-13
0.0034518650234903157   5.003972942263082e-13
0.0034550460914866137   4.999352904647811e-13
0.003458230090997768   4.994737181043736e-13
0.0034614170247253134   4.990125767193585e-13
0.003464606895373286   4.985518658845347e-13
0.003467799705648203   4.98091585175231e-13
0.003470995458259079   4.976317341673016e-13
0.0034741941559174247   4.971723124371264e-13
0.0034773958013372473   4.967133195616093e-13
0.003480600397235064   4.962547551181763e-13
0.003483807946329887   4.957966186847761e-13
0.0034870184513432325   4.953389098398788e-13
0.003490231914999136   4.948816281624721e-13
0.003493448340024132   4.944247732320638e-13
0.0034966677291472714   4.939683446286787e-13
0.0034998900851001217   4.935123419328574e-13
0.0035031154106167617   4.930567647256567e-13
0.0035063437084338024   4.926016125886457e-13
0.0035095749812903646   4.921468851039076e-13
0.003512809231928094   4.91692581854038e-13
0.0035160464630911736   4.912387024221414e-13
0.003519286677526304   4.907852463918336e-13
0.0035225298779827225   4.903322133472382e-13
0.003525776067212197   4.898796028729867e-13
0.0035290252479690306   4.894274145542172e-13
0.003532277423010073   4.88975647976572e-13
0.0035355325950947054   4.88524302726199e-13
0.0035387907669848506   4.880733783897491e-13
0.003542051941444989   4.876228745543742e-13
0.0035453161212421363   4.871727908077286e-13
0.0035485833091458627   4.867231267379663e-13
0.00355185350792829   4.862738819337404e-13
0.0035551267203640918   4.858250559842022e-13
0.003558402949230509   4.853766484789988e-13
0.003561682197307331   4.849286590082743e-13
0.0035649644673769096   4.844810871626678e-13
0.0035682497622241704   4.840339325333112e-13
0.003571538084636596   4.835871947118299e-13
0.0035748294374042394   4.831408732903413e-13
0.0035781238233197274   4.82694967861453e-13
0.0035814212451782544   4.822494780182636e-13
0.003584721705777603   4.818044033543583e-13
0.0035880252079181223   4.813597434638119e-13
0.003591331754402743   4.809154979411859e-13
0.003594641348036989   4.80471666381526e-13
0.003597953991628959   4.800282483803641e-13
0.0036012696879893433   4.795852435337157e-13
0.0036045884399314217   4.791426514380788e-13
0.003607910250271064   4.787004716904338e-13
0.0036112351218267453   4.782587038882402e-13
0.003614563057419527   4.778173476294395e-13
0.00361789405987307   4.773764025124512e-13
0.0036212281320136494   4.76935868136172e-13
0.003624565276670133   4.764957440999767e-13
0.0036279054966739995   4.760560300037154e-13
0.0036312487948593365   4.756167254477137e-13
0.0036345951740628405   4.751778300327713e-13
0.0036379446371238326   4.747393433601598e-13
0.0036412971868842394   4.743012650316246e-13
0.003644652826188607   4.738635946493818e-13
0.003648011557884113   4.73426331816117e-13
0.0036513733848205494   4.729894761349861e-13
0.0036547383098503323   4.725530272096137e-13
0.003658106335828519   4.721169846440901e-13
0.003661477465612787   4.716813480429741e-13
0.0036648517020634493   4.712461170112893e-13
0.0036682290480434566   4.708112911545244e-13
0.0036716095064183935   4.703768700786317e-13
0.0036749930800564963   4.699428533900254e-13
0.0036783797718286343   4.695092406955832e-13
0.003681769584608321   4.690760316026438e-13
0.0036851625212717307   4.686432257190044e-13
0.003688558584697676   4.682108226529231e-13
0.0036919577777676264   4.677788220131159e-13
0.0036953601033657075   4.673472234087561e-13
0.0036987655643786975   4.669160264494742e-13
0.003702174163696048   4.664852307453548e-13
0.003705585904209861   4.660548359069391e-13
0.0037090007888149036   4.656248415452218e-13
0.003712418820408623   4.651952472716494e-13
0.0037158400018911237   4.64766052698122e-13
0.0037192643361651876   4.643372574369904e-13
0.0037226918261362716   4.63908861101056e-13
0.0037261224747125055   4.634808633035701e-13
0.003729556284804712   4.630532636582313e-13
0.0037329932593263837   4.626260617791876e-13
0.003736433401193698   4.621992572810335e-13
0.003739876713325532   4.617728497788088e-13
0.00374332319864344   4.613468388879998e-13
0.0037467728600716742   4.609212242245364e-13
0.0037502257005371806   4.604960054047924e-13
0.0037536817229695983   4.600711820455847e-13
0.0037571409303012782   4.596467537641708e-13
0.003760603325467263   4.592227201782506e-13
0.0037640689114052978   4.587990809059641e-13
0.003767537691055849   4.583758355658892e-13
0.0037710096673620797   4.579529837770441e-13
0.00377448484326987   4.575305251588841e-13
0.0037779632217278137   4.571084593313013e-13
0.003781444805687219   4.566867859146245e-13
0.0037849295981021254   4.562655045296162e-13
0.0037884176019292825   4.55844614797475e-13
0.0037919088201281656   4.554241163398329e-13
0.0037954032556609878   4.550040087787536e-13
0.0037989009114926813   4.5458429173673384e-13
0.003802401790590914   4.5416496483670157e-13
0.0038059058959260886   4.5374602770201484e-13
0.003809413230471342   4.53327479956462e-13
0.003812923797202562   4.529093212242585e-13
0.0038164375990983675   4.524915511300498e-13
0.0038199546391401223   4.52074169298908e-13
0.003823474920311949   4.516571753563306e-13
0.0038269984456007085   4.5124056892824236e-13
0.003830525217996019   4.5082434964099183e-13
0.003834055240490253   4.504085171213524e-13
0.003837588516078537   4.499930709965208e-13
0.003841125047758769   4.4957801089411513e-13
0.003844664838531599   4.491633364421765e-13
0.0038482078914004406   4.4874904726916735e-13
0.0038517542093714887   4.4833514300396877e-13
0.003855303795453696   4.4792162327588267e-13
0.0038588566526587915   4.4750848771462945e-13
0.0038624127840012805   4.470957359503473e-13
0.0038659721924984417   4.466833676135923e-13
0.003869534881170347   4.462713823353354e-13
0.0038731008530398397   4.458597797469648e-13
0.0038766701111325468   4.4544855948028353e-13
0.0038802426584768983   4.4503772116750767e-13
0.003883818498104101   4.4462726444126797e-13
0.0038873976330481602   4.4421718893460764e-13
0.0038909800663458768   4.438074942809815e-13
0.0038945658010368462   4.4339818011425665e-13
0.0038981548401634774   4.429892460687089e-13
0.0039017471867709703   4.4258069177902557e-13
0.003905342843907332   4.421725168803028e-13
0.0039089418146233896   4.4176472100804376e-13
0.003912544101972771   4.413573037981607e-13
0.003916149709011917   4.409502648869726e-13
0.003919758638800096   4.4054360391120364e-13
0.003923370894399388   4.401373205079841e-13
0.003926986478874693   4.397314143148496e-13
0.003930605395293741   4.3932588496973857e-13
0.00393422764672708   4.389207321109942e-13
0.003937853236248103   4.3851595537736083e-13
0.003941482166933024   4.381115544079854e-13
0.003945114441860889   4.3770752884241666e-13
0.003948750064113595   4.373038783206023e-13
0.003952389036775866   4.369006024828913e-13
0.003956031362935275   4.364977009700312e-13
0.003959677045682238   4.3609517342316815e-13
0.003963326088110017   4.356930194838461e-13
0.003966978493314736   4.352912387940048e-13
0.003970634264395358   4.348898309959823e-13
0.003974293404453704   4.3448879573251127e-13
0.003977955916594467   4.34088132646719e-13
0.003981621803925185   4.336878413821278e-13
0.003985291069556268   4.332879215826534e-13
0.003988963716600989   4.3288837289260437e-13
0.003992639748175489   4.324891949566824e-13
0.003996319167398789   4.320903874199786e-13
0.0040000019773927765   4.316919499279773e-13
0.004003688181282213   4.3129388212655244e-13
0.004007377782194753   4.3089618366196656e-13
0.00401107078326092   4.3049885418087235e-13
0.004014767187614129   4.3010189333031023e-13
0.004018466998390679   4.297053007577085e-13
0.004022170218729759   4.293090761108826e-13
0.00402587685177346   4.289132190380331e-13
0.004029586900666758   4.2851772918774743e-13
0.0040333003685575275   4.2812260620899815e-13
0.004037017258596553   4.277278497511408e-13
0.004040737573937517   4.2733345946391584e-13
0.004044461317737005   4.269394349974465e-13
0.004048188493154516   4.265457760022384e-13
0.004051919103352455   4.261524821291791e-13
0.004055653151496154   4.2575955302953646e-13
0.00405939064075385   4.253669883549598e-13
0.004063131574296698   4.2497478775747844e-13
0.004066875955298791   4.245829508894995e-13
0.004070623786937131   4.241914774038101e-13
0.004074375072391653   4.238003669535751e-13
0.004078129814845226   4.234096191923362e-13
0.004081888017483643   4.2301923377401255e-13
0.004085649683495647   4.226292103528983e-13
0.0040894148160729085   4.22239548583664e-13
0.004093183418410039   4.218502481213552e-13
0.004096955493704604   4.214613086213905e-13
0.004100731045157107   4.210727297395631e-13
0.004104510075971002   4.206845111320392e-13
0.004108292589352696   4.202966524553571e-13
0.004112078588511548   4.199091533664273e-13
0.004115868076659885   4.195220135225305e-13
0.004119661057012984   4.191352325813189e-13
0.004123457532789083   4.187488102008147e-13
0.004127257507209401   4.183627460394084e-13
0.004131060983498108   4.1797703975586053e-13
0.004134867964882356   4.17591691009299e-13
0.0041386784545922655   4.1720669945921973e-13
0.004142492455860932   4.168220647654858e-13
0.004146309971924443   4.1643778658832547e-13
0.0041501310060218545   4.1605386458833397e-13
0.00415395556139521   4.156702984264718e-13
0.00415778364128955   4.1528708776406285e-13
0.004161615248952895   4.1490423226279607e-13
0.004165450387636263   4.145217315847238e-13
0.004169289060593666   4.141395853922608e-13
0.0041731312710821125   4.1375779334818483e-13
0.004176977022361624   4.1337635511563414e-13
0.004180826317695215   4.1299527035810904e-13
0.004184679160348906   4.126145387394705e-13
0.0041885355535917395   4.122341599239385e-13
0.004192395500695759   4.118541335760932e-13
0.004196259004936023   4.1147445936087377e-13
0.00420012606959062   4.1109513694357645e-13
0.004203996697940649   4.1071616598985647e-13
0.004207870893270233   4.103375461657257e-13
0.004211748658866526   4.099592771375523e-13
0.004215629998019704   4.095813585720612e-13
0.004219514914022988   4.092037901363315e-13
0.004223403410172623   4.088265714977982e-13
0.004227295489767889   4.084497023242507e-13
0.004231191156111123   4.0807318228383104e-13
0.004235090412507689   4.0769701104503536e-13
0.004238993262266001   4.073211882767125e-13
0.004242899708697526   4.0694571364806317e-13
0.004246809755116774   4.0657058682864003e-13
0.004250723404841324   4.0619580748834555e-13
0.0042546406611918015   4.0582137529743375e-13
0.004258561527491888   4.0544728992650894e-13
0.004262486007068344   4.0507355104652306e-13
0.004266414103250982   4.047001583287786e-13
0.004270345819372688   4.0432711144492543e-13
0.0042742811587694165   4.039544100669618e-13
0.004278220124780196   4.03582053867233e-13
0.0042821627207471425   4.0321004251842993e-13
0.00428610895001544   4.028383756935912e-13
0.004290058815933355   4.0246705306610045e-13
0.004294012321852252   4.0209607430968565e-13
0.004297969471126571   4.0172543909842045e-13
0.00430193026711385   4.0135514710672184e-13
0.004305894713174717   4.009851980093507e-13
0.004309862812672897   4.0061559148141107e-13
0.004313834568975224   4.0024632719834823e-13
0.004317809985451624   3.9987740483595057e-13
0.004321789065475127   3.995088240703483e-13
0.0043257718124218875   3.991405845780105e-13
0.004329758229671155   3.9877268603574856e-13
0.0043337483206052985   3.98405128120713e-13
0.004337742088609805   3.9803791051039384e-13
0.004341739537073275   3.976710328826202e-13
0.004345740669387446   3.973044949155582e-13
0.0043497454889471696   3.969382962877135e-13
0.004353753999150424   3.9657243667792817e-13
0.004357766203398332   3.962069157653808e-13
0.004361782105095138   3.958417332295869e-13
0.004365801707648228   3.954768887503976e-13
0.004369825014468129   3.9511238200799903e-13
0.004373852028968504   3.9474821268291293e-13
0.0043778827545661765   3.943843804559939e-13
0.004381917194681108   3.940208850084312e-13
0.004385955352736407   3.93657726021748e-13
0.004389997232158354   3.9329490317779854e-13
0.00439404283637637   3.9293241615877106e-13
0.004398092168823045   3.925702646471844e-13
0.004402145232934128   3.922084483258895e-13
0.0044062020321485335   3.918469668780682e-13
0.004410262569908356   3.914858199872313e-13
0.004414326849658849   3.9112500733722104e-13
0.004418394874848442   3.9076452861220866e-13
0.004422466648928755   3.904043834966933e-13
0.004426542175354577   3.9004457167550345e-13
0.004430621457583882   3.8968509283379516e-13
0.004434704499077834   3.8932594665705215e-13
0.00443879130330078   3.8896713283108523e-13
0.004442881873720275   3.8860865104203055e-13
0.004446976213807053   3.882505009763515e-13
0.00445107432703505   3.878926823208366e-13
0.004455176216881415   3.8753519476259886e-13
0.004459281886826487   3.871780379890765e-13
0.004463391340353819   3.8682121168803176e-13
0.004467504580950172   3.8646471554755026e-13
0.004471621612105519   3.861085492560414e-13
0.004475742437313059   3.857527125022357e-13
0.004479867060069198   3.8539720497518756e-13
0.004483995483873566   3.8504202636427266e-13
0.004488127712229028   3.8468717635918733e-13
0.004492263748641668   3.8433265464994927e-13
0.004496403596620796   3.8397846092689687e-13
0.0045005472596789725   3.836245948806874e-13
0.004504694741331982   3.832710562022982e-13
0.004508846045098853   3.8291784458302577e-13
0.004513001174501855   3.8256495971448496e-13
0.0045171601330665015   3.822124012886088e-13
0.004521322924321567   3.8186016899764714e-13
0.0045254895517990645   3.8150826253416786e-13
0.004529660019034263   3.8115668159105566e-13
0.0045338343295657025   3.808054258615103e-13
0.0045380124869351685   3.804544950390487e-13
0.004542194494687718   3.8010388881750236e-13
0.0045463803563716735   3.7975360689101796e-13
0.004550570075538622   3.794036489540571e-13
0.004554763655743439   3.7905401470139386e-13
0.004558961100544261   3.787047038281175e-13
0.004563162413502503   3.7835571602962997e-13
0.004567367598182878   3.7800705100164513e-13
0.0045715766581533685   3.776587084401899e-13
0.00457578959698525   3.7731068804160295e-13
0.004580006418253089   3.7696298950253414e-13
0.004584227125534742   3.7661561251994443e-13
0.004588451722411377   3.7626855679110445e-13
0.004592680212467446   3.759218220135961e-13
0.004596912599290706   3.7557540788531045e-13
0.004601148886472237   3.75229314104447e-13
0.004605389077606408   3.74883540369515e-13
0.004609633176290911   3.745380863793316e-13
0.004613881186126749   3.741929518330221e-13
0.004618133110718242   3.7384813643001936e-13
0.004622388953673045   3.735036398700623e-13
0.004626648718602122   3.7315946185319746e-13
0.004630912409119766   3.7281560207977753e-13
0.004635180028843615   3.7247206025046017e-13
0.004639451581394625   3.721288360662092e-13
0.004643727070397097   3.717859292282931e-13
0.004648006499478669   3.714433394382848e-13
0.004652289872270317   3.7110106639806174e-13
0.00465657719240638   3.707591098098038e-13
0.00466086846352453   3.7041746937599524e-13
0.004665163689265792   3.7007614479942317e-13
0.00466946287327456   3.697351357831761e-13
0.0046737660191985735   3.6939444203064557e-13
0.004678073130688937   3.690540632455244e-13
0.00468238421140012   3.6871399913180613e-13
0.004686699264989956   3.68374249393786e-13
0.004691018295119662   3.680348137360584e-13
0.004695341305453816   3.6769569186351856e-13
0.0046996682996603735   3.673568834813613e-13
0.0047039992814106825   3.6701838829507936e-13
0.004708334254379462   3.6668020601046566e-13
0.004712673222244821   3.663423363336104e-13
0.004717016188688259   3.660047789709026e-13
0.004721363157394662   3.656675336290283e-13
0.004725714132052328   3.653306000149701e-13
0.004730069116352938   3.649939778360079e-13
0.004734428113991576   3.6465766679971845e-13
0.004738791128666746   3.643216666139729e-13
0.004743158164080344   3.639859769869391e-13
0.004747529223937685   3.636505976270797e-13
0.004751904311947496   3.6331552824315203e-13
0.0047562834318219185   3.6298076854420795e-13
0.00476066658727653   3.6264631823959227e-13
0.004765053782030315   3.623121770389446e-13
0.004769445019805687   3.6197834465219736e-13
0.0047738403043285065   3.616448207895746e-13
0.004778239639328049   3.6131160516159406e-13
0.004782643028537034   3.609786974790649e-13
0.004787050475691621   3.60646097453088e-13
0.004791461984531405   3.6031380479505547e-13
0.0047958775587994456   3.599818192166495e-13
0.0048002972022422345   3.596501404298436e-13
0.004804720918609717   3.593187681469012e-13
0.004809148711655309   3.589877020803743e-13
0.004813580585135871   3.586569419431056e-13
0.004818016542811724   3.58326487448226e-13
0.004822456588446671   3.5799633830915434e-13
0.004826900725807968   3.5766649423959846e-13
0.004831348958666346   3.573369549535536e-13
0.004835801290796014   3.5700772016530255e-13
0.004840257725974652   3.566787895894149e-13
0.004844718267983436   3.563501629407461e-13
0.004849182920607014   3.56021839934439e-13
0.00485365168763352   3.5569382028592203e-13
0.004858124572854593   3.5536610371090833e-13
0.004862601580065354   3.550386899253966e-13
0.004867082713064423   3.547115786456708e-13
0.0048715679756539225   3.543847695882983e-13
0.004876057371639476   3.5405826247013144e-13
0.004880550904830224   3.53732057008305e-13
0.004885048579038806   3.5340615292023787e-13
0.004889550398081375   3.5308054992363176e-13
0.004894056365777613   3.5275524773647017e-13
0.004898566485950711   3.524302460770194e-13
0.004903080762427385   3.521055446638276e-13
0.004907599199037879   3.517811432157237e-13
0.004912121799615962   3.5145704145181873e-13
0.00491664856799895   3.511332390915028e-13
0.00492117950802768   3.5080973585444766e-13
0.004925714623546531   3.5048653146060483e-13
0.0049302539184034365   3.5016362563020476e-13
0.004934797396449864   3.498410180837576e-13
0.004939345061540832   3.495187085420524e-13
0.004943896917534915   3.4919669672615674e-13
0.004948452968294237   3.4887498235741637e-13
0.004953013217684496   3.485535651574543e-13
0.0049575776695749375   3.4823244484817154e-13
0.004962146327838372   3.479116211517465e-13
0.004966719196351195   3.4759109379063314e-13
0.00497129627899336   3.4727086248756284e-13
0.004975877579648399   3.4695092696554267e-13
0.004980463102203425   3.4663128694785557e-13
0.004985052850549124   3.4631194215805994e-13
0.00498964682857979   3.459928923199878e-13
0.004994245040193284   3.456741371577477e-13
0.0049988474892910615   3.4535567639572156e-13
0.005003454179778188   3.450375097585648e-13
0.005008065115563314   3.447196369712071e-13
0.005012680300558696   3.4440205775885115e-13
0.005017299738680195   3.4408477184697266e-13
0.005021923433847279   3.437677789613199e-13
0.005026551389983037   3.4345107882791266e-13
0.005031183611014164   3.4313467117304334e-13
0.00503582010087097   3.4281855572327616e-13
0.005040460863487406   3.425027322054451e-13
0.0050451059028010295   3.4218720034665616e-13
0.0050497552227530326   3.4187195987428565e-13
0.00505440882728824   3.415570105159798e-13
0.005059066720355107   3.4124235199965507e-13
0.005063728905905742   3.4092798405349643e-13
0.005068395387895881   3.406139064059588e-13
0.005073066170284904   3.4030011878576636e-13
0.005077741257035856   3.3998662092191003e-13
0.0050824206521154205   3.396734125436505e-13
0.005087104359493938   3.3936049338051554e-13
0.005091792383145412   3.390478631623006e-13
0.005096484727047498   3.3873552161906845e-13
0.005101181395181538   3.3842346848114774e-13
0.005105882391532524   3.381117034791345e-13
0.005110587720089121   3.378002263438909e-13
0.005115297384843687   3.3748903680654387e-13
0.005120011389792241   3.3717813459848706e-13
0.0051247297389344915   3.368675194513785e-13
0.005129452436273833   3.365571910971415e-13
0.005134179485817342   3.3624714926796387e-13
0.005138910891575806   3.359373936962965e-13
0.005143646657563693   3.356279241148555e-13
0.0051483867877991675   3.353187402566203e-13
0.005153131286304116   3.350098418548322e-13
0.005157880157104113   3.3470122864299675e-13
0.00516263340422845   3.3439290035488175e-13
0.005167391031710126   3.340848567245172e-13
0.0051721530435858715   3.337770974861943e-13
0.005176919443896122   3.3346962237446646e-13
0.005181690236685042   3.331624311241485e-13
0.0051864654260005165   3.328555234703162e-13
0.005191245015894178   3.325488991483049e-13
0.005196029010421376   3.3224255789371124e-13
0.005200817413641198   3.3193649944239206e-13
0.005205610229616486   3.3163072353046274e-13
0.005210407462413813   3.313252298942988e-13
0.005215209116103505   3.310200182705348e-13
0.005220015194759635   3.307150883960637e-13
0.005224825702460029   3.3041044000803737e-13
0.005229640643286286   3.301060728438647e-13
0.00523446002132375   3.298019866412134e-13
0.005239283840661529   3.2949818113800853e-13
0.005244112105392517   3.2919465607243137e-13
0.005248944819613364   3.2889141118292095e-13
0.005253781987424498   3.285884462081726e-13
0.005258623612930129   3.282857608871378e-13
0.0052634697002382404   3.279833549590245e-13
0.0052683202534606205   3.2768122816329464e-13
0.00527317527671283   3.27379380239667e-13
0.005278034774114221   3.270778109281152e-13
0.005282898749787959   3.267765199688664e-13
0.005287767207860993   3.2647550710240323e-13
0.00529264015246408   3.2617477206946226e-13
0.005297517587731784   3.2587431461103315e-13
0.005302399517802475   3.255741344683601e-13
0.0053072859468183495   3.252742313829391e-13
0.00531217687892541   3.249746050965198e-13
0.005317072318273476   3.246752553511048e-13
0.005321972269016208   3.243761818889477e-13
0.00532687673531108   3.24077384452555e-13
0.0053317857213193995   3.237788627846847e-13
0.005336699231206312   3.234806166283459e-13
0.0053416172691407955   3.2318264572679925e-13
0.005346539839295684   3.22884949823555e-13
0.005351466945847643   3.2258752866237496e-13
0.005356398592977186   3.2229038198727107e-13
0.005361334784868695   3.219935095425039e-13
0.005366275525710393   3.216969110725849e-13
0.0053712208196943665   3.2140058632227425e-13
0.0053761706710165665   3.2110453503658107e-13
0.005381125083876805   3.2080875696076354e-13
0.005386084062478781   3.2051325184032724e-13
0.005391047611030051   3.202180194210267e-13
0.005396015733742048   3.199230594488642e-13
0.005400988434830102   3.1962837167008876e-13
0.005405965718513414   3.193339558311974e-13
0.005410947589015077   3.1903981167893374e-13
0.005415934050562075   3.1874593896028807e-13
0.005420925107385284   3.1845233742249726e-13
0.005425920763719493   3.1815900681304323e-13
0.005430921023803378   3.178659468796547e-13
0.005435925891879522   3.1757315737030566e-13
0.005440935372194433   3.1728063803321464e-13
0.005445949468998518   3.1698838861684577e-13
0.005450968186546104   3.1669640886990743e-13
0.00545599152909544   3.164046985413524e-13
0.005461019500908691   3.1611325738037797e-13
0.005466052106251972   3.1582208513642364e-13
0.005471089349395308   3.15531181559174e-13
0.0054761312346126596   3.1524054639855643e-13
0.005481177766181945   3.149501794047403e-13
0.005486228948385006   3.146600803281386e-13
0.005491284785507636   3.1437024891940636e-13
0.00549634528183958   3.140806849294403e-13
0.0055014104416745285   3.1379138810937964e-13
0.005506480269310146   3.135023582106041e-13
0.005511554769048041   3.1321359498473523e-13
0.005516633945193785   3.1292509818363573e-13
0.005521717802056938   3.12636867559408e-13
0.0055268063439510105   3.123489028643955e-13
0.005531899575193495   3.1206120385118185e-13
0.005536997500105863   3.117737702725902e-13
0.005542100123013563   3.1148660188168355e-13
0.005547207448246047   3.111996984317632e-13
0.005552319480136738   3.1091305967637055e-13
0.005557436223023054   3.1062668536928555e-13
0.005562557681246426   3.1034057526452563e-13
0.005567683859152271   3.100547291163472e-13
0.005572814761090009   3.097691466792448e-13
0.005577950391413085   3.094838277079496e-13
0.005583090754478939   3.0919877195743077e-13
0.0055882358546490325   3.089139791828944e-13
0.005593385696288848   3.0862944913978336e-13
0.0055985402837678815   3.083451815837773e-13
0.005603699621459676   3.0806117627079143e-13
0.005608863713741786   3.0777743295697747e-13
0.0056140325649958025   3.07493951398723e-13
0.005619206179607369   3.0721073135265e-13
0.005624384561966154   3.069277725756169e-13
0.005629567716465878   3.0664507482471626e-13
0.00563475564750431   3.0636263785727566e-13
0.005639948359483266   3.060804614308569e-13
0.005645145856808635   3.0579854530325555e-13
0.0056503481438903505   3.055168892325013e-13
0.005655555225142409   3.0523549297685774e-13
0.005660767104982892   3.0495435629482085e-13
0.0056659837878339355   3.046734789451204e-13
0.005671205278121756   3.0439286068671863e-13
0.0056764315802766505   3.0411250127881056e-13
0.00568166269873299   3.0383240048082327e-13
0.005686898637929253   3.0355255805241536e-13
0.005692139402307988   3.0327297375347767e-13
0.005697384996315839   3.0299364734413287e-13
0.005702635424403564   3.027145785847336e-13
0.005707890691026007   3.024357672358644e-13
0.005713150800642121   3.021572130583403e-13
0.005718415757714971   3.018789158132065e-13
0.005723685566711726   3.0160087526173895e-13
0.005728960232103692   3.013230911654423e-13
0.0057342397583662755   3.0104556328605183e-13
0.005739524149979009   3.007682913855324e-13
0.0057448134114255695   3.0049127522607657e-13
0.0057501075471937495   3.0021451457010715e-13
0.005755406561775483   2.9993800918027504e-13
0.005760710459666842   2.9966175881945943e-13
0.005766019245368039   2.9938576325076796e-13
0.005771332923383448   2.991100222375352e-13
0.005776651498221578   2.988345355433242e-13
0.005781974974395094   2.985593029319252e-13
0.0057873033564208335   2.9828432416735486e-13
0.005792636648819782   2.980095990138573e-13
0.005797974856117098   2.97735127235903e-13
0.005803317982842108   2.974609085981886e-13
0.005808666033528306   2.971869428656374e-13
0.005814019012713383   2.9691322980339726e-13
0.005819376924939195   2.9663976917684277e-13
0.005824739774751782   2.963665607515736e-13
0.005830107566701391   2.960936042934135e-13
0.005835480305342445   2.958208995684122e-13
0.0058408579952335705   2.9554844634284357e-13
0.005846240640937595   2.9527624438320553e-13
0.005851628247021542   2.9500429345622074e-13
0.005857020818056668   2.9473259332883434e-13
0.0058624183586184165   2.9446114376821614e-13
0.005867820873286454   2.9418994454175937e-13
0.005873228366644681   2.939189954170792e-13
0.005878640843281208   2.936482961620148e-13
0.005884058307788376   2.93377846544627e-13
0.00588948076476276   2.931076463331994e-13
0.005894908218805166   2.928376952962379e-13
0.005900340674520654   2.9256799320246963e-13
0.005905778136518516   2.922985398208434e-13
0.0059112206094122845   2.9202933492053004e-13
0.005916668097819768   2.917603782709201e-13
0.005922120606363008   2.9149166964162664e-13
0.0059275781396683136   2.9122320880248184e-13
0.005933040702366258   2.909549955235396e-13
0.005938508299091674   2.9068702957507275e-13
0.005943980934483682   2.9041931072757454e-13
0.005949458613185666   2.9015183875175775e-13
0.005954941339845281   2.8988461341855495e-13
0.005960429119114489   2.8961763449911675e-13
0.005965921955649519   2.893509017648141e-13
0.00597141985411089   2.890844149872359e-13
0.005976922819163436   2.8881817393818896e-13
0.005982430855476269   2.88552178389699e-13
0.005987943967722814   2.882864281140099e-13
0.005993462160580798   2.880209228835826e-13
0.005998985438732256   2.8775566247109634e-13
0.0060045138068635555   2.8749064664944615e-13
0.006010047269665363   2.872258751917451e-13
0.006015585831832669   2.8696134787132384e-13
0.006021129498064809   2.8669706446172744e-13
0.00602667827306543   2.864330247367191e-13
0.00603223216154252   2.861692284702769e-13
0.006037791168208407   2.8590567543659583e-13
0.006043355297779753   2.856423654100857e-13
0.006048924554977588   2.853792981653714e-13
0.006054498944527271   2.851164734772937e-13
0.0060600784711585184   2.8485389112090827e-13
0.0060656631396054225   2.8459155087148444e-13
0.00607125295460642   2.8432945250450685e-13
0.0060768479209043205   2.840675957956741e-13
0.006082448043246304   2.838059805208988e-13
0.006088053326383919   2.835446064563076e-13
0.006093663775073114   2.8328347337823967e-13
0.006099279394074197   2.8302258106324814e-13
0.006104900188151866   2.827619292880992e-13
0.00611052616207523   2.825015178297716e-13
0.006116157320617769   2.8224134646545647e-13
0.006121793668557373   2.81981414972558e-13
0.0061274352106763345   2.8172172312869185e-13
0.0061330819517613445   2.8146227071168633e-13
0.006138733896603525   2.812030574995798e-13
0.006144391049998397   2.809440832706236e-13
0.006150053416745897   2.8068534780328005e-13
0.006155721001650406   2.804268508762213e-13
0.006161393809520712   2.801685922683318e-13
0.006167071845170043   2.799105717587055e-13
0.006172755113416061   2.7965278912664716e-13
0.006178443619080862   2.7939524415167145e-13
0.006184137366991004   2.791379366135023e-13
0.006189836361977475   2.78880866292074e-13
0.006195540608875715   2.7862403296753026e-13
0.006201250112525638   2.7836743642022324e-13
0.006206964877771601   2.781110764307145e-13
0.0062126849094624285   2.778549527797748e-13
0.006218410212451418   2.775990652483822e-13
0.006224140791596329   2.7734341361772483e-13
0.006229876651759419   2.7708799766919637e-13
0.006235617797807406   2.7683281718440075e-13
0.006241364234611494   2.7657787194514814e-13
0.006247115967047396   2.76323161733456e-13
0.006252872999995296   2.7606868633155e-13
0.006258635338339885   2.758144455218617e-13
0.006264402986970352   2.7556043908703006e-13
0.00627017595078039   2.7530666680990044e-13
0.0062759542346682165   2.7505312847352386e-13
0.006281737843536546   2.7479982386115794e-13
0.006287526782292611   2.745467527562665e-13
0.006293321055848185   2.7429391494251796e-13
0.006299120669119548   2.740413102037869e-13
0.006304925627027518   2.737889383241532e-13
0.006310735934497449   2.7353679908790093e-13
0.006316551596459224   2.732848922795201e-13
0.006322372617847293   2.730332176837038e-13
0.00632819900360063   2.7278177508535045e-13
0.006334030758662762   2.725305642695627e-13
0.006339867887981793   2.7227958502164596e-13
0.006345710396510364   2.7202883712711036e-13
0.006351558289205688   2.7177832037166923e-13
0.006357411571029549   2.71528034541239e-13
0.006363270246948292   2.712779794219394e-13
0.006369134321932863   2.7102815480009224e-13
0.006375003800958766   2.707785604622227e-13
0.006380878689006092   2.7052919619505834e-13
0.006386758991059541   2.7028006178552807e-13
0.006392644712108386   2.700311570207636e-13
0.006398535857146499   2.697824816880983e-13
0.006404432431172373   2.6953403557506627e-13
0.006410334439189087   2.6928581846940383e-13
0.00641624188620434   2.6903783015904787e-13
0.0064221547772304426   2.6879007043213665e-13
0.006428073117284319   2.68542539077009e-13
0.0064339969113875375   2.6829523588220335e-13
0.006439926164566273   2.680481606364595e-13
0.006445860881851334   2.678013131287172e-13
0.006451801068278181   2.67554693148115e-13
0.006457746728886901   2.6730830048399217e-13
0.006463697868722226   2.6706213492588694e-13
0.006469654492833543   2.6681619626353697e-13
0.006475616606274882   2.6657048428687903e-13
0.006481584214104949   2.663249987860477e-13
0.006487557321387097   2.660797395513774e-13
0.006493535933189341   2.658347063734005e-13
0.006499520054584387   2.6558989904284694e-13
0.006505509690649598   2.6534531735064547e-13
0.00651150484646702   2.6510096108792217e-13
0.006517505527123384   2.648568300460008e-13
0.0065235117377101005   2.646129240164027e-13
0.006529523483323294   2.643692427908453e-13
0.006535540769063765   2.641257861612443e-13
0.0065415636000370125   2.638825539197116e-13
0.006547591981353264   2.6363954585855504e-13
0.006553625918127431   2.6339676177027955e-13
0.006559665415479151   2.6315420144758606e-13
0.006565710478532777   2.629118646833711e-13
0.006571761112417377   2.626697512707274e-13
0.006577817322266768   2.6242786100294224e-13
0.0065838791132194745   2.6218619367349916e-13
0.00658994649041876   2.619447490760766e-13
0.0065960194590126454   2.6170352700454736e-13
0.0066020980241538775   2.6146252725297935e-13
0.006608182190999956   2.6122174961563503e-13
0.006614271964713136   2.609811938869711e-13
0.006620367350460423   2.6074085986163827e-13
0.006626468353413601   2.605007473344808e-13
0.006632574978749204   2.602608561005372e-13
0.006638687231648534   2.600211859550394e-13
0.006644805117297688   2.59781736693412e-13
0.006650928640887525   2.5954250811127316e-13
0.00665705780761369   2.593035000044341e-13
0.0066631926226766195   2.590647121688983e-13
0.006669333091281533   2.588261444008623e-13
0.006675479218638471   2.5858779649671376e-13
0.00668163100996225   2.5834966825303365e-13
0.006687788470472496   2.5811175946659456e-13
0.006693951605393664   2.5787406993436014e-13
0.0067001204199550034   2.576365994534859e-13
0.00670629491939059   2.57399347821319e-13
0.006712475108939324   2.571623148353972e-13
0.006718660993844922   2.569255002934496e-13
0.006724852579355958   2.566889039933954e-13
0.006731049870725822   2.564525257333446e-13
0.006737252873212744   2.5621636531159807e-13
0.006743461592079821   2.5598042252664553e-13
0.0067496760325949775   2.557446971771679e-13
0.006755896200031003   2.55509189062035e-13
0.006762122099665544   2.5527389798030657e-13
0.006768353736781103   2.550388237312318e-13
0.006774591116665073   2.5480396611424825e-13
0.006780834244609699   2.545693249289833e-13
0.006787083125912102   2.5433489997525283e-13
0.006793337765874306   2.541006910530607e-13
0.006799598169803198   2.5386669796259985e-13
0.006805864343010567   2.5363292050425123e-13
0.006812136290813094   2.5339935847858365e-13
0.006818414018532352   2.5316601168635386e-13
0.006824697531494841   2.529328799285058e-13
0.006830986835031948   2.52699963006171e-13
0.006837281934479973   2.5246726072066884e-13
0.006843582835180154   2.522347728735045e-13
0.006849889542478633   2.520024992663708e-13
0.006856202061726473   2.517704397011475e-13
0.006862520398279697   2.515385939798996e-13
0.006868844557499236   2.5130696190487953e-13
0.006875174544750972   2.5107554327852515e-13
0.006881510365405732   2.508443379034605e-13
0.006887852024839283   2.5061334558249545e-13
0.006894199528432369   2.5038256611862443e-13
0.006900552881570672   2.5015199931502816e-13
0.006906912089644836   2.499216449750725e-13
0.006913277158050494   2.496915029023073e-13
0.006919648092188231   2.494615729004679e-13
0.006926024897463615   2.4923185477347413e-13
0.006932407579287195   2.490023483254301e-13
0.0069387961430745024   2.4877305336062415e-13
0.006945190594246076   2.4854396968352824e-13
0.006951590938227431   2.483150970987985e-13
0.006957997180449083   2.480864354112749e-13
0.0069644093263465726   2.4785798442597997e-13
0.006970827381360427   2.4762974394812044e-13
0.006977251350936197   2.4740171378308553e-13
0.006983681240524449   2.4717389373644757e-13
0.006990117055580767   2.469462836139617e-13
0.006996558801565783   2.467188832215649e-13
0.007003006483945141   2.4649169236537706e-13
0.00700946010818952   2.462647108517004e-13
0.007015919679774664   2.4603793848701817e-13
0.00702238520418134   2.4581137507799633e-13
0.007028856686895376   2.455850204314818e-13
0.00703533413340765   2.4535887435450325e-13
0.007041817549214098   2.4513293665427065e-13
0.007048306939815741   2.449072071381743e-13
0.007054802310718645   2.4468168561378606e-13
0.007061303667433956   2.444563718888584e-13
0.0070678110154779135   2.442312657713236e-13
0.007074324360371825   2.4400636706929497e-13
0.007080843707642089   2.437816755910656e-13
0.007087369062820199   2.435571911451086e-13
0.0070939004314427385   2.4333291354007713e-13
0.007100437819051415   2.4310884258480297e-13
0.0071069812311930205   2.428849780882982e-13
0.007113530673419459   2.4266131985975407e-13
0.007120086151287774   2.4243786770854003e-13
0.007126647670360106   2.4221462144420523e-13
0.00713321523620373   2.4199158087647723e-13
0.007139788854391051   2.4176874581526195e-13
0.007146368530499604   2.41546116070644e-13
0.007152954270112081   2.413236914528853e-13
0.007159546078816301   2.411014717724264e-13
0.007166143962205232   2.4087945683988587e-13
0.0071727479258770176   2.406576464660588e-13
0.007179357975434938   2.404360404619186e-13
0.007185974116487444   2.402146386386156e-13
0.007192596354648156   2.3999344080747737e-13
0.00719922469553586   2.3977244678000837e-13
0.007205859144774542   2.39551656367889e-13
0.0072124997079933495   2.393310693829772e-13
0.007219146390826615   2.3911068563730697e-13
0.007225799198913888   2.388905049430879e-13
0.007232458137899891   2.386705271127062e-13
0.007239123213434558   2.384507519587237e-13
0.007245794431173029   2.382311792938779e-13
0.007252471796775648   2.3801180893108194e-13
0.007259155315907995   2.377926406834236e-13
0.007265844994240853   2.3757367436416636e-13
0.007272540837450228   2.373549097867489e-13
0.0072792428512173804   2.371363467647835e-13
0.007285951041228784   2.369179851120582e-13
0.007292665413176159   2.366998246425349e-13
0.007299385972756472   2.364818651703499e-13
0.007306112725671932   2.3626410650981367e-13
0.007312845677630025   2.360465484754101e-13
0.007319584834343475   2.358291908817972e-13
0.007326330201530269   2.3561203354380673e-13
0.007333081784913688   2.3539507627644295e-13
0.0073398395902222625   2.3517831889488424e-13
0.007346603623189804   2.349617612144818e-13
0.00735337388955543   2.34745403050759e-13
0.007360150395063525   2.345292442194127e-13
0.007366933145463771   2.34313284536312e-13
0.007373722146511156   2.3409752381749813e-13
0.007380517403965955   2.3388196187918513e-13
0.0073873189235937825   2.336665985377579e-13
0.007394126711165537   2.334514336097741e-13
0.007400940772457439   2.3323646691196303e-13
0.007407761113251054   2.330216982612246e-13
0.007414587739333252   2.3280712747463096e-13
0.007421420656496243   2.3259275436942507e-13
0.007428259870537578   2.3237857876302066e-13
0.007435105387260139   2.321646004730028e-13
0.007441957212472181   2.3195081931712627e-13
0.007448815351987288   2.3173723511331706e-13
0.007455679811624403   2.315238476796716e-13
0.007462550597207851   2.3131065683445543e-13
0.007469427714567304   2.310976623961051e-13
0.007476311169537814   2.3088486418322637e-13
0.007483200967959808   2.306722620145948e-13
0.007490097115679092   2.3045985570915563e-13
0.0074969996185468785   2.302476450860226e-13
0.007503908482419749   2.300356299644793e-13
0.007510823713159686   2.298238101639782e-13
0.007517745316634091   2.296121855041399e-13
0.007524673298715755   2.2940075580475453e-13
0.007531607665282888   2.2918952088577987e-13
0.007538548422219114   2.2897848056734237e-13
0.007545495575413473   2.287676346697369e-13
0.007552449130760457   2.285569830134253e-13
0.007559409094159964   2.28346525419038e-13
0.0075663754715173314   2.2813626170737305e-13
0.007573348268743361   2.279261916993952e-13
0.007580327491754277   2.2771631521623723e-13
0.007587313146471765   2.275066320791987e-13
0.007594305238822969   2.2729714210974635e-13
0.007601303774740485   2.270878451295135e-13
0.007608308760162399   2.2687874096029986e-13
0.00761532020103225   2.26669829424072e-13
0.00762233810329905   2.264611103429628e-13
0.007629362472917319   2.2625258353927068e-13
0.007636393315847039   2.260442488354607e-13
0.007643430638053695   2.2583610605416337e-13
0.0076504744455082666   2.2562815501817493e-13
0.007657524744187231   2.2542039555045727e-13
0.0076645815400725945   2.252128274741369e-13
0.007671644839151852   2.2500545061250616e-13
0.00767871464741802   2.2479826478902238e-13
0.007685790970869656   2.245912698273071e-13
0.007692873815510826   2.2438446555114702e-13
0.007699963187351136   2.2417785178449324e-13
0.0077070590924057285   2.239714283514612e-13
0.0077141615366952835   2.2376519507633064e-13
0.0077212705262460525   2.235591517835447e-13
0.007728386067089815   2.23353298297711e-13
0.007735508165263912   2.2314763444360087e-13
0.007742636826811269   2.229421600461485e-13
0.007749772057780361   2.2273687493045209e-13
0.007756913864225238   2.2253177892177282e-13
0.007764062252205536   2.2232687184553496e-13
0.007771217227786464   2.2212215352732585e-13
0.007778378797038843   2.2191762379289483e-13
0.007785546966039068   2.2171328246815451e-13
0.007792721740869132   2.2150912937917997e-13
0.007799903127616656   2.2130516435220782e-13
0.007807091132374849   2.2110138721363741e-13
0.007814285761242542   2.208977977900297e-13
0.007821487020324185   2.2069439590810763e-13
0.007828694915729848   2.204911813947558e-13
0.007835909453575257   2.2028815407701961e-13
0.007843130639981745   2.2008531378210657e-13
0.00785035848107629   2.1988266033738502e-13
0.007857592982991537   2.1968019357038396e-13
0.007864834151865764   2.1947791330879366e-13
0.007872081993842902   2.192758193804651e-13
0.007879336515072567   2.1907391161340905e-13
0.00788659772171002   2.1887218983579736e-13
0.007893865619916203   2.1867065387596185e-13
0.007901140215857734   2.1846930356239437e-13
0.007908421515706907   2.1826813872374672e-13
0.007915709525641725   2.1806715918883e-13
0.007923004251845866   2.1786636478661542e-13
0.007930305700508702   2.1766575534623358e-13
0.007937613877825335   2.1746533069697366e-13
0.00794492878999655   2.1726509066828464e-13
0.007952250443228857   2.1706503508977413e-13
0.007959578843734485   2.168651637912087e-13
0.007966913997731377   2.1666547660251361e-13
0.007974255911443235   2.1646597335377203e-13
0.007981604591099466   2.162666538752261e-13
0.007988960042935226   2.1606751799727593e-13
0.007996322273191433   2.1586856555047945e-13
0.008003691288114739   2.1566979636555255e-13
0.008011067093957555   2.1547121027336897e-13
0.008018449696978057   2.1527280710495986e-13
0.008025839103440182   2.1507458669151404e-13
0.008033235319613656   2.1487654886437699e-13
0.008040638351773969   2.146786934550517e-13
0.008048048206202385   2.1448102029519834e-13
0.008055464889185989   2.1428352921663303e-13
0.008062888407017629   2.1408622005132932e-13
0.008070318765995961   2.1388909263141701e-13
0.008077755972425452   2.1369214678918203e-13
0.008085200032616362   2.1349538235706698e-13
0.008092650952884797   2.132987991676696e-13
0.008100108739552657   2.1310239705374429e-13
0.008107573398947665   2.1290617584820115e-13
0.008115044937403405   2.1271013538410513e-13
0.008122523361259269   2.1251427549467742e-13
0.008130008676860503   2.1231859601329398e-13
0.008137500890558199   2.1212309677348615e-13
0.00814500000870929   2.1192777760894026e-13
0.008152506037676597   2.1173263835349694e-13
0.008160018983828779   2.11537678841152e-13
0.00816753885354036   2.1134289890605598e-13
0.00817506565319177   2.1114829838251283e-13
0.008182599389169288   2.1095387710498166e-13
0.008190140067865089   2.107596349080752e-13
0.00819768769567724   2.1056557162656016e-13
0.008205242279009694   2.1037168709535738e-13
0.008212803824272329   2.1017798114954054e-13
0.008220372337880909   2.0998445362433727e-13
0.008227947826257109   2.0979110435512883e-13
0.008235530295828544   2.0959793317744887e-13
0.008243119753028732   2.0940493992698462e-13
0.008250716204297124   2.0921212443957606e-13
0.00825831965607911   2.0901948655121587e-13
0.008265930114826004   2.0882702609804958e-13
0.0082735475869951   2.0863474291637443e-13
0.008281172079049609   2.084426368426406e-13
0.008288803597458703   2.0825070771345037e-13
0.00829644214869754   2.0805895536555745e-13
0.008304087739247217   2.0786737963586796e-13
0.008311740375594817   2.076759803614396e-13
0.008319400064233397   2.0748475737948144e-13
0.008327066811661994   2.0729371052735432e-13
0.008334740624385653   2.0710283964256959e-13
0.008342421508915395   2.0691214456279038e-13
0.008350109471768234   2.0672162512583087e-13
0.008357804519467223   2.0653128116965527e-13
0.008365506658541395   2.0634111253237919e-13
0.008373215895525811   2.061511190522685e-13
0.008380932236961555   2.0596130056773946e-13
0.008388655689395728   2.0577165691735882e-13
0.008396386259381492   2.0558218793984268e-13
0.008404123953478022   2.0539289347405787e-13
0.008411868778250535   2.052037733590209e-13
0.00841962074027033   2.0501482743389725e-13
0.008427379846114729   2.0482605553800277e-13
0.008435146102367121   2.0463745751080235e-13
0.008442919515616985   2.0444903319190976e-13
0.008450700092459846   2.0426078242108833e-13
0.008458487839497318   2.040727050382501e-13
0.008466282763337095   2.0388480088345604e-13
0.008474084870592959   2.0369706979691577e-13
0.008481894167884804   2.0350951161898692e-13
0.008489710661838604   2.033221261901761e-13
0.008497534359086439   2.0313491335113808e-13
0.008505365266266524   2.0294787294267504e-13
0.008513203390023167   2.0276100480573794e-13
0.00852104873700681   2.0257430878142506e-13
0.008528901313874019   2.0238778471098247e-13
0.00853676112728749   2.022014324358038e-13
0.008544628183916082   2.0201525179742969e-13
0.008552502490434776   2.0182924263754833e-13
0.008560384053524705   2.0164340479799516e-13
0.00856827287987318   2.014577381207519e-13
0.008576168976173653   2.0127224244794766e-13
0.00858407234912575   2.0108691762185804e-13
0.00859198300543528   2.0090176348490505e-13
0.008599900951814208   2.007167798796575e-13
0.008607826194980725   2.0053196664882945e-13
0.008615758741659176   2.0034732363528211e-13
0.00862369859858011   2.0016285068202224e-13
0.0086316457724803   1.999785476322021e-13
0.008639600270102707   1.9979441432912004e-13
0.008647562098196507   1.9961045061621977e-13
0.008655531263517102   1.9942665633709047e-13
0.008663507772826108   1.992430313354667e-13
0.008671491632891399   1.9905957545522751e-13
0.008679482850487058   1.9887628854039758e-13
0.008687481432393415   1.9869317043514646e-13
0.008695487385397068   1.985102209837877e-13
0.00870350071629085   1.9832744003077997e-13
0.00871152143187386   1.9814482742072633e-13
0.008719549538951458   1.9796238299837391e-13
0.008727585044335276   1.9778010660861438e-13
0.00873562795484324   1.9759799809648264e-13
0.00874367827729954   1.9741605730715813e-13
0.00875173601853465   1.9723428408596407e-13
0.00875980118538537   1.9705267827836656e-13
0.008767873784694768   1.9687123972997577e-13
0.008775953823312232   1.96689968286545e-13
0.00878404130809346   1.9650886379397075e-13
0.008792136245900459   1.9632792609829274e-13
0.008800238643601585   1.9614715504569304e-13
0.0088083485080715   1.9596655048249691e-13
0.0088164658461912   1.9578611225517246e-13
0.008824590664848048   1.9560584021032946e-13
0.008832722970935727   1.9542573419472087e-13
0.008840862771354286   1.952457940552415e-13
0.008849010073010127   1.9506601963892835e-13
0.008857164882816008   1.9488641079296043e-13
0.008865327207691091   1.947069673646581e-13
0.00887349705456088   1.9452768920148395e-13
0.008881674430357266   1.943485761510419e-13
0.00888985934201855   1.9416962806107713e-13
0.008898051796489408   1.9399084477947625e-13
0.008906251800720917   1.9381222615426701e-13
0.008914459361670561   1.936337720336182e-13
0.008922674486302233   1.9345548226583944e-13
0.008930897181586264   1.932773566993807e-13
0.008939127454499382   1.9309939518283309e-13
0.008947365312024749   1.9292159756492812e-13
0.008955610761151983   1.9274396369453712e-13
0.008963863808877122   1.925664934206721e-13
0.008972124462202658   1.92389186592485e-13
0.008980392728137535   1.9221204305926765e-13
0.008988668613697147   1.9203506267045192e-13
0.008996952125903384   1.9185824527560867e-13
0.009005243271784574   1.916815907244489e-13
0.009013542058375528   1.9150509886682298e-13
0.009021848492717562   1.913287695527201e-13
0.009030162581858457   1.9115260263226888e-13
0.009038484332852486   1.9097659795573716e-13
0.009046813752760454   1.9080075537353107e-13
0.009055150848649643   1.9062507473619575e-13
0.009063495627593858   1.9044955589441509e-13
0.009071848096673421   1.9027419869901123e-13
0.00908020826297517   1.9009900300094497e-13
0.009088576133592506   1.8992396865131464e-13
0.009096951715625334   1.897490955013572e-13
0.009105335016180103   1.8957438340244752e-13
0.00911372604236984   1.8939983220609789e-13
0.009122124801314099   1.8922544176395852e-13
0.009130531300139003   1.8905121192781736e-13
0.009138945545977243   1.8887714254959944e-13
0.009147367545968075   1.8870323348136738e-13
0.00915579730725736   1.885294845753204e-13
0.009164234836997517   1.8835589568379532e-13
0.009172680142347558   1.8818246665926579e-13
0.009181133230473119   1.8800919735434156e-13
0.009189594108546409   1.8783608762176986e-13
0.00919806278374626   1.8766313731443386e-13
0.00920653926325812   1.8749034628535342e-13
0.009215023554274043   1.873177143876846e-13
0.009223515663992746   1.8714524147471913e-13
0.00923201559961955   1.8697292739988525e-13
0.009240523368366414   1.86800772016747e-13
0.009249038977451973   1.8662877517900355e-13
0.009257562434101484   1.864569367404904e-13
0.009266093745546877   1.8628525655517812e-13
0.009274632919026742   1.861137344771727e-13
0.009283179961786328   1.8594237036071555e-13
0.009291734881077597   1.857711640601825e-13
0.009300297684159162   1.8560011543008494e-13
0.009308868378296321   1.854292243250691e-13
0.0093174469707611   1.8525849059991536e-13
0.0093260334688322   1.8508791410953904e-13
0.009334627879795034   1.8491749470898998e-13
0.009343230210941732   1.8474723225345216e-13
0.009351840469571134   1.8457712659824387e-13
0.009360458662988836   1.8440717759881703e-13
0.009369084798507135   1.84237385110758e-13
0.00937771888344507   1.8406774898978685e-13
0.009386360925128451   1.8389826909175697e-13
0.009395010930889812   1.8372894527265554e-13
0.009403668908068452   1.8355977738860324e-13
0.009412334864010436   1.833907652958539e-13
0.009421008806068587   1.8322190885079473e-13
0.009429690741602534   1.8305320790994545e-13
0.009438380677978657   1.828846623299593e-13
0.009447078622570132   1.82716271967622e-13
0.009455784582756949   1.8254803667985173e-13
0.009464498565925874   1.8237995632369965e-13
0.009473220579470492   1.8221203075634912e-13
0.0094819506307912   1.8204425983511564e-13
0.009490688727295204   1.8187664341744733e-13
0.009499434876396567   1.8170918136092356e-13
0.009508189085516155   1.8154187352325625e-13
0.009516951362081671   1.8137471976228904e-13
0.009525721713527694   1.8120771993599677e-13
0.009534500147295625   1.8104087390248628e-13
0.00954328667083373   1.8087418151999564e-13
0.009552081291597144   1.8070764264689424e-13
0.009560884017047858   1.805412571416828e-13
0.009569694854654769   1.803750248629925e-13
0.00957851381189363   1.8020894566958597e-13
0.009587340896247083   1.8004301942035661e-13
0.009596176115204693   1.7987724597432806e-13
0.009605019476262898   1.7971162519065483e-13
0.009613870986925059   1.7954615692862183e-13
0.009622730654701444   1.793808410476442e-13
0.009631598487109237   1.7921567740726744e-13
0.009640474491672577   1.790506658671665e-13
0.009649358675922511   1.7888580628714685e-13
0.009658251047397022   1.7872109852714375e-13
0.009667151613641069   1.785565424472215e-13
0.00967606038220654   1.783921379075747e-13
0.009684977360652285   1.7822788476852697e-13
0.009693902556544115   1.7806378289053153e-13
0.009702835977454843   1.7789983213417025e-13
0.009711777630964227   1.7773603236015453e-13
0.009720727524659025   1.7757238342932464e-13
0.00972968566613297   1.774088852026498e-13
0.009738652062986831   1.7724553754122723e-13
0.009747626722828346   1.770823403062836e-13
0.009756609653272267   1.7691929335917363e-13
0.009765600861940392   1.7675639656138027e-13
0.00977460035646151   1.7659364977451477e-13
0.009783608144471455   1.764310528603166e-13
0.009792624233613096   1.762686056806531e-13
0.009801648631536335   1.7610630809751962e-13
0.009810681345898152   1.7594415997303874e-13
0.00981972238436256   1.7578216116946112e-13
0.009828771754600625   1.7562031154916502e-13
0.00983782946429052   1.7545861097465532e-13
0.009846895521117463   1.752970593085649e-13
0.009855969932773758   1.7513565641365344e-13
0.009865052706958805   1.7497440215280777e-13
0.009874143851379085   1.7481329638904156e-13
0.009883243373748215   1.7465233898549494e-13
0.009892351281786888   1.7449152980543505e-13
0.009901467583222908   1.7433086871225572e-13
0.009910592285791239   1.7417035556947639e-13
0.009919725397233937   1.7400999024074363e-13
0.009928866925300206   1.7384977258982979e-13
0.009938016877746389   1.7368970248063327e-13
0.009947175262335966   1.7352977977717879e-13
0.009956342086839605   1.7337000434361602e-13
0.009965517359035104   1.732103760442211e-13
0.009974701086707425   1.730508947433957e-13
0.009983893277648738   1.7289156030566626e-13
0.009993093939658365   1.7273237259568537e-13
0.010002303080542821   1.7257333147823038e-13
0.010011520708115814   1.7241443681820398e-13
0.010020746830198265   1.7225568848063352e-13
0.010029981454618283   1.7209708633067164e-13
0.010039224589211209   1.7193863023359538e-13
0.0100484762418196   1.7178032005480644e-13
0.01005773642029323   1.7162215565983123e-13
0.01006700513248912   1.7146413691432036e-13
0.010076282386271522   1.713062636840489e-13
0.010085568189511946   1.711485358349159e-13
0.01009486255008914   1.709909532329446e-13
0.010104165475889132   1.7083351574428198e-13
0.010113476974805196   1.7067622323519906e-13
0.010122797054737906   1.705190755720903e-13
0.010132125723595089   1.7036207262147404e-13
0.010141462989291881   1.7020521424999177e-13
0.010150808859750698   1.7004850032440857e-13
0.010160163342901271   1.6989193071161245e-13
0.010169526446680621   1.69735505278615e-13
0.010178898179033103   1.6957922389255026e-13
0.010188278547910372   1.6942308642067563e-13
0.010197667561271433   1.6926709273037086e-13
0.010207065227082604   1.6911124268913873e-13
0.010216471553317565   1.6895553616460419e-13
0.010225886547957324   1.6879997302451497e-13
0.010235310218990263   1.686445531367407e-13
0.010244742574412108   1.6848927636927367e-13
0.010254183622225972   1.683341425902277e-13
0.010263633370442322   1.6817915166783912e-13
0.01027309182707903   1.680243034704656e-13
0.010282559000161335   1.6786959786658702e-13
0.010292034897721892   1.677150347248043e-13
0.010301519527800736   1.6756061391384053e-13
0.010311012898445337   1.674063353025396e-13
0.010320515017710558   1.6725219875986696e-13
0.0103300258936587   1.6709820415490922e-13
0.010339545534359486   1.6694435135687398e-13
0.010349073947890081   1.6679064023508966e-13
0.010358611142335087   1.666370706590057e-13
0.010368157125786566   1.664836424981921e-13
0.010377711906344024   1.6633035562233956e-13
0.010387275492114448   1.6617720990125901e-13
0.010396847891212275   1.6602420520488215e-13
0.010406429111759442   1.6587134140326048e-13
0.010416019161885351   1.6571861836656603e-13
0.010425618049726916   1.6556603596509037e-13
0.010435225783428526   1.6541359406924568e-13
0.010444842371142099   1.6526129254956328e-13
0.010454467821027045   1.6510913127669452e-13
0.010464102141250311   1.6495711012141015e-13
0.010473745339986353   1.6480522895460061e-13
0.010483397425417179   1.6465348764727534e-13
0.010493058405732315   1.6450188607056343e-13
0.01050272828912886   1.6435042409571268e-13
0.010512407083811442   1.641991015940903e-13
0.01052209479799227   1.6404791843718197e-13
0.010531791439891101   1.6389687449659264e-13
0.010541497017735293   1.6374596964404543e-13
0.010551211539759757   1.6359520375138253e-13
0.010560935014207018   1.6344457669056406e-13
0.010570667449327175   1.6329408833366908e-13
0.010580408853377953   1.6314373855289423e-13
0.010590159234624662   1.629935272205549e-13
0.010599918601340253   1.6284345420908392e-13
0.01060968696180528   1.6269351939103248e-13
0.010619464324307947   1.6254372263906923e-13
0.010629250697144075   1.6239406382598082e-13
0.010639046088617155   1.6224454282467103e-13
0.010648850507038302   1.620951595081616e-13
0.010658663960726317   1.6194591374959116e-13
0.010668486458007645   1.6179680542221597e-13
0.010678318007216425   1.6164783439940903e-13
0.010688158616694452   1.6149900055466075e-13
0.010698008294791237   1.613503037615781e-13
0.010707867049863954   1.6120174389388516e-13
0.010717734890277511   1.610533208254223e-13
0.010727611824404494   1.6090503443014709e-13
0.010737497860625231   1.607568845821328e-13
0.010747393007327752   1.6060887115556967e-13
0.01075729727290783   1.6046099402476396e-13
0.010767210665768977   1.6031325306413802e-13
0.010777133194322434   1.6016564814823034e-13
0.010787064866987212   1.6001817915169522e-13
0.01079700569219006   1.5987084594930302e-13
0.01080695567836552   1.597236484159394e-13
0.010816914833955873   1.595765864266061e-13
0.010826883167411216   1.5942965985641991e-13
0.010836860687189398   1.5928286858061338e-13
0.010846847401756095   1.5913621247453396e-13
0.010856843319584756   1.5898969141364468e-13
0.010866848449156662   1.588433052735232e-13
0.010876862798960892   1.5869705392986255e-13
0.010886886377494364   1.5855093725847018e-13
0.010896919193261807   1.584049551352687e-13
0.010906961254775813   1.5825910743629495e-13
0.010917012570556791   1.5811339403770064e-13
0.010927073149133026   1.579678148157516e-13
0.010937142999040642   1.5782236964682825e-13
0.010947222128823651   1.5767705840742495e-13
0.010957310547033913   1.5753188097415032e-13
0.010967408262231196   1.5738683722372684e-13
0.010977515282983134   1.5724192703299108e-13
0.010987631617865274   1.5709715027889305e-13
0.010997757275461045   1.5695250683849686e-13
0.011007892264361814   1.5680799658897965e-13
0.011018036593166835   1.566636194076326e-13
0.011028190270483317   1.565193751718597e-13
0.01103835330492637   1.5637526375917854e-13
0.01104852570511907   1.5623128504721967e-13
0.011058707479692422   1.5608743891372682e-13
0.011068898637285399   1.5594372523655646e-13
0.011079099186544917   1.5580014389367806e-13
0.01108930913612588   1.5565669476317362e-13
0.011099528494691152   1.5551337772323788e-13
0.011109757270911597   1.5537019265217793e-13
0.011119995473466048   1.552271394284136e-13
0.01113024311104136   1.5508421793047658e-13
0.01114050019233237   1.5494142803701105e-13
0.01115076672604195   1.5479876962677306e-13
0.011161042720880969   1.5465624257863086e-13
0.011171328185568348   1.545138467715644e-13
0.01118162312883102   1.5437158208466546e-13
0.011191927559403984   1.5422944839713743e-13
0.01120224148603026   1.5408744558829546e-13
0.011212564917460954   1.5394557353756577e-13
0.011222897862455212   1.5380383212448637e-13
0.011233240329780276   1.536622212287061e-13
0.011243592328211443   1.5352074072998535e-13
0.01125395386653212   1.533793905081952e-13
0.011264324953533784   1.5323817044331797e-13
0.01127470559801604   1.5309708041544643e-13
0.01128509580878658   1.5295612030478448e-13
0.011295495594661229   1.528152899916463e-13
0.011305904964463919   1.5267458935645698e-13
0.011316323927026736   1.525340182797516e-13
0.011326752491189883   1.5239357664217577e-13
0.011337190665801728   1.5225326432448538e-13
0.011347638459718777   1.5211308120754631e-13
0.011358095881805714   1.5197302717233445e-13
0.011368562940935373   1.5183310209993573e-13
0.01137903964598879   1.516933058715456e-13
0.011389526005855157   1.5155363836846947e-13
0.011400022029431883   1.514140994721222e-13
0.011410527725624555   1.512746890640283e-13
0.01142104310334699   1.5113540702582145e-13
0.011431568171521191   1.509962532392448e-13
0.011442102939077414   1.5085722758615056e-13
0.011452647414954118   1.5071832994850015e-13
0.01146320160809802   1.5057956020836382e-13
0.011473765527464062   1.5044091824792092e-13
0.011484339182015463   1.503024039494592e-13
0.011494922580723672   1.5016401719537567e-13
0.011505515732568437   1.5002575786817527e-13
0.011516118646537753   1.4988762585047187e-13
0.011526731331627923   1.497496210249875e-13
0.011537353796843517   1.4961174327455265e-13
0.01154798605119742   1.4947399248210575e-13
0.01155862810371082   1.4933636853069336e-13
0.011569279963413212   1.4919887130347014e-13
0.01157994163934242   1.490615006836985e-13
0.011590613140544588   1.4892425655474875e-13
0.011601294476074208   1.4878713880009854e-13
0.011611985654994099   1.4865014730333356e-13
0.011622686686375455   1.4851328194814656e-13
0.011633397579297806   1.4837654261833795e-13
0.011644118342849069   1.4823992919781513e-13
0.011654848986125519   1.4810344157059296e-13
0.01166558951823183   1.479670796207931e-13
0.011676339948281048   1.478308432326444e-13
0.011687100285394643   1.4769473229048224e-13
0.011697870538702457   1.4755874667874937e-13
0.011708650717342778   1.4742288628199451e-13
0.011719440830462292   1.4728715098487345e-13
0.011730240887216133   1.4715154067214815e-13
0.01174105089676785   1.470160552286872e-13
0.011751870868289464   1.4688069453946506e-13
0.011762700810961419   1.4674545848956297e-13
0.011773540733972644   1.466103469641677e-13
0.011784390646520518   1.4647535984857218e-13
0.011795250557810912   1.463404970281752e-13
0.011806120477058164   1.4620575838848147e-13
0.01181700041348512   1.4607114381510113e-13
0.011827890376323109   1.4593665319375004e-13
0.011838790374811984   1.4580228641024955e-13
0.011849700418200094   1.4566804335052627e-13
0.011860620515744331   1.4553392390061235e-13
0.0118715506767101   1.453999279466448e-13
0.011882490910371359   1.4526605537486598e-13
0.011893441226010597   1.4513230607162328e-13
0.011904401632918877   1.4499867992336849e-13
0.011915372140395803   1.4486517681665868e-13
0.011926352757749569   1.4473179663815562e-13
0.011937343494296926   1.4459853927462545e-13
0.011948344359363235   1.4446540461293875e-13
0.011959355362282424   1.4433239254007086e-13
0.01197037651239705   1.441995029431011e-13
0.011981407819058255   1.4406673570921327e-13
0.011992449291625818   1.4393409072569484e-13
0.012003500939468127   1.4380156787993797e-13
0.012014562771962223   1.4366916705943804e-13
0.012025634798493764   1.4353688815179463e-13
0.012036717028457085   1.4340473104471106e-13
0.012047809471255147   1.432726956259943e-13
0.012058912136299609   1.4314078178355452e-13
0.012070025033010775   1.430089894054057e-13
0.012081148170817653   1.428773183796649e-13
0.012092281559157921   1.4274576859455265e-13
0.012103425207477973   1.4261433993839242e-13
0.012114579125232887   1.42483032299611e-13
0.012125743321886479   1.423518455667377e-13
0.01213691780691126   1.422207796284053e-13
0.012148102589788497   1.4208983437334865e-13
0.012159297680008169   1.4195900969040577e-13
0.012170503087069023   1.4182830546851712e-13
0.01218171882047854   1.4169772159672553e-13
0.012192944889752984   1.415672579641763e-13
0.01220418130441736   1.4143691446011724e-13
0.012215428074005486   1.4130669097389774e-13
0.012226685208059931   1.4117658739496993e-13
0.012237952716132088   1.4104660361288755e-13
0.012249230607782125   1.4091673951730641e-13
0.012260518892579047   1.407869949979841e-13
0.01227181758010065   1.4065736994477995e-13
0.012283126679933585   1.4052786424765478e-13
0.012294446201673309   1.4039847779667116e-13
0.012305776154924149   1.402692104819928e-13
0.012317116549299255   1.401400621938851e-13
0.012328467394420665   1.400110328227144e-13
0.012339828699919257   1.3988212225894834e-13
0.012351200475434808   1.3975333039315566e-13
0.012362582730615957   1.396246571160059e-13
0.01237397547512025   1.3949610231826962e-13
0.012385378718614134   1.3936766589081798e-13
0.012396792470772947   1.3923934772462303e-13
0.012408216741280967   1.3911114771075724e-13
0.012419651539831371   1.389830657403937e-13
0.012431096876126296   1.3885510170480566e-13
0.01244255275987679   1.3872725549536721e-13
0.012454019200802883   1.3859952700355202e-13
0.01246549620863353   1.3847191612093414e-13
0.012476983793106682   1.383444227391878e-13
0.012488481963969235   1.3821704675008702e-13
0.012499990730977094   1.3808978804550552e-13
0.01251151010389513   1.3796264651741706e-13
0.01252304009249724   1.378356220578948e-13
0.012534580706566299   1.377087145591117e-13
0.012546131955894222   1.375819239133399e-13
0.012557693850281926   1.3745525001295124e-13
0.012569266399539385   1.3732869275041659e-13
0.012580849613485587   1.372022520183061e-13
0.012592443501948594   1.3707592770928904e-13
0.012604048074765499   1.3694971971613373e-13
0.012615663341782485   1.3682362793170726e-13
0.012627289312854789   1.3669765224897572e-13
0.01263892599784675   1.365717925610037e-13
0.01265057340663177   1.364460487609548e-13
0.012662231549092384   1.3632042074209076e-13
0.0126739004351202   1.3619490839777207e-13
0.012685580074615972   1.3606951162145736e-13
0.01269727047748955   1.3594423030670385e-13
0.012708971653659945   1.3581906434716656e-13
0.01272068361305528   1.3569401363659894e-13
0.012732406365612856   1.3556907806885208e-13
0.012744139921279101   1.3544425753787552e-13
0.012755884290009643   1.3531955193771591e-13
0.01276763948176925   1.3519496116251833e-13
0.012779405506531906   1.3507048510652488e-13
0.012791182374280754   1.3494612366407583e-13
0.01280297009500817   1.3482187672960828e-13
0.012814768678715708   1.346977441976572e-13
0.012826578135414164   1.3457372596285447e-13
0.012838398475123539   1.3444982191992945e-13
0.012850229707873086   1.3432603196370836e-13
0.012862071843701283   1.3420235598911456e-13
0.012873924892655878   1.3407879389116822e-13
0.012885788864793857   1.339553455649865e-13
0.012897663770181497   1.3383201090578312e-13
0.012909549618894327   1.3370878980886857e-13
0.012921446421017188   1.3358568216964977e-13
0.012933354186644187   1.3346268788363026e-13
0.01294527292587876   1.3333980684640972e-13
0.012957202648833627   1.3321703895368447e-13
0.012969143365630854   1.3309438410124663e-13
0.012981095086401813   1.3297184218498477e-13
0.012993057821287228   1.3284941310088323e-13
0.013005031580437153   1.3272709674502245e-13
0.01301701637401102   1.326048930135785e-13
0.01302901221217759   1.3248280180282357e-13
0.013041019105115027   1.32360823009125e-13
0.013053037063010852   1.3223895652894614e-13
0.01306506609606199   1.3211720225884567e-13
0.013077106214474749   1.319955600954776e-13
0.013089157428464858   1.318740299355913e-13
0.013101219748257443   1.3175261167603144e-13
0.013113293184087072   1.3163130521373764e-13
0.013125377746197722   1.3151011044574479e-13
0.013137473444842838   1.313890272691825e-13
0.013149580290285285   1.3126805558127544e-13
0.013161698292797413   1.3114719527934285e-13
0.013173827462661011   1.3102644626079895e-13
0.01318596781016737   1.3090580842315223e-13
0.013198119345617244   1.3078528166400599e-13
0.013210282079320897   1.306648658810577e-13
0.013222456021598075   1.3054456097209941e-13
0.013234641182778055   1.3042436683501717e-13
0.01324683757319961   1.303042833677915e-13
0.01325904520321107   1.301843104684966e-13
0.013271264083170267   1.300644480353011e-13
0.013283494223444606   1.299446959664672e-13
0.013295735634411042   1.29825054160351e-13
0.013307988326456075   1.2970552251540243e-13
0.0133202523099758   1.2958610093016488e-13
0.013332527595375869   1.2946678930327554e-13
0.013344814193071548   1.2934758753346474e-13
0.013357112113487677   1.2922849551955656e-13
0.013369421367058727   1.2910951316046806e-13
0.01338174196422876   1.2899064035520973e-13
0.01339407391545149   1.2887187700288498e-13
0.013406417231190236   1.287532230026905e-13
0.013418771921917984   1.2863467825391558e-13
0.013431137998117354   1.2851624265594276e-13
0.01344351547028064   1.2839791610824707e-13
0.01345590434890979   1.2827969851039644e-13
0.013468304644516448   1.2816158976205114e-13
0.013480716367621924   1.2804358976296429e-13
0.013493139528757251   1.2792569841298105e-13
0.013505574138463134   1.278079156120394e-13
0.013518020207290026   1.2769024126016904e-13
0.013530477745798068   1.275726752574924e-13
0.01354294676455717   1.2745521750422352e-13
0.013555427274146943   1.273378679006688e-13
0.013567919285156788   1.2722062634722624e-13
0.013580422808185827   1.2710349274438597e-13
0.013592937853842982   1.2698646699272966e-13
0.013605464432746923   1.2686954899293086e-13
0.013618002555526134   1.2675273864575438e-13
0.013630552232818866   1.2663603585205683e-13
0.013643113475273198   1.26519440512786e-13
0.013655686293546998   1.2640295252898126e-13
0.013668270698307982   1.2628657180177288e-13
0.013680866700233673   1.2617029823238264e-13
0.013693474310011453   1.2605413172212307e-13
0.013706093538338533   1.2593807217239793e-13
0.013718724395922007   1.258221194847017e-13
0.013731366893478807   1.2570627356061993e-13
0.01374402104173577   1.255905343018285e-13
0.013756686851429592   1.2547490161009439e-13
0.01376936433330689   1.253593753872748e-13
0.013782053498124157   1.2524395553531758e-13
0.013794754356647827   1.251286419562609e-13
0.013807466919654225   1.2501343455223337e-13
0.013820191197929639   1.2489833322545361e-13
0.013832927202270267   1.2478333787823067e-13
0.013845674943482282   1.246684484129633e-13
0.013858434432381793   1.2455366473214065e-13
0.0138712056797949   1.244389867383414e-13
0.013883988696557655   1.243244143342343e-13
0.01389678349351612   1.242099474225776e-13
0.013909590081526327   1.2409558590621943e-13
0.013922408471454342   1.2398132968809724e-13
0.01393523867417621   1.2386717867123826e-13
0.013948080700578035   1.2375313275875878e-13
0.01396093456155592   1.236391918538647e-13
0.01397380026801604   1.235253558598509e-13
0.013986677830874589   1.2341162468010166e-13
0.013999567261057852   1.2329799821809003e-13
0.014012468569502156   1.231844763773784e-13
0.01402538176715393   1.230710590616177e-13
0.014038306864969667   1.2295774617454796e-13
0.014051243873915983   1.2284453761999774e-13
0.014064192804969572   1.2273143330188446e-13
0.014077153669117272   1.2261843312421387e-13
0.014090126477356019   1.2250553699108043e-13
0.014103111240692908   1.2239274480666688e-13
0.014116107970145156   1.2228005647524437e-13
0.014129116676740152   1.2216747190117216e-13
0.014142137371515429   1.2205499098889785e-13
0.01415517006551871   1.2194261364295694e-13
0.014168214769807879   1.218303397679731e-13
0.014181271495451033   1.2171816926865776e-13
0.014194340253526444   1.2160610204981038e-13
0.014207421055122623   1.2149413801631788e-13
0.014220513911338264   1.2138227707315522e-13
0.014233618833282316   1.212705191253847e-13
0.014246735832073967   1.2115886407815609e-13
0.014259864918842624   1.2104731183670686e-13
0.014273006104727986   1.2093586230636145e-13
0.014286159400879985   1.2082451539253205e-13
0.014299324818458857   1.2071327100071757e-13
0.014312502368635096   1.206021290365043e-13
0.014325692062589518   1.2049108940556546e-13
0.01433889391151321   1.2038015201366131e-13
0.01435210792660761   1.2026931676663883e-13
0.01436533411908444   1.2015858357043188e-13
0.014378572500165792   1.2004795233106096e-13
0.014391823081084063   1.1993742295463339e-13
0.014405085873082034   1.1982699534734265e-13
0.014418360887412817   1.1971666941546914e-13
0.014431648135339923   1.1960644506537924e-13
0.014444947628137217   1.1949632220352595e-13
0.01445825937708898   1.1938630073644825e-13
0.01447158339348986   1.1927638057077145e-13
0.014484919688644949   1.1916656161320677e-13
0.01449826827386972   1.1905684377055158e-13
0.014511629160490114   1.1894722694968894e-13
0.014525002359842469   1.18837711057588e-13
0.014538387883273605   1.1872829600130342e-13
0.01455178574214077   1.1861898168797567e-13
0.014565195947811705   1.185097680248307e-13
0.0145786185116646   1.1840065491918012e-13
0.014592053445088156   1.1829164227842078e-13
0.014605500759481546   1.1818273001003505e-13
0.01461896046625447   1.1807391802159044e-13
0.01463243257682712   1.1796520622073978e-13
0.014645917102630239   1.1785659451522084e-13
0.014659414055105072   1.1774808281285665e-13
0.01467292344570344   1.1763967102155492e-13
0.01468644528588769   1.1753135904930857e-13
0.014699979587130756   1.17423146804195e-13
0.01471352636091612   1.1731503419437654e-13
0.014727085618737874   1.172070211281e-13
0.014740657372100674   1.1709910751369697e-13
0.014754241632519805   1.169912932595833e-13
0.01476783841152114   1.168835782742594e-13
0.014781447720641197   1.167759624663099e-13
0.0147950695714271   1.1666844574440383e-13
0.01480870397543664   1.1656102801729416e-13
0.014822350944238236   1.164537091938182e-13
0.014836010489410991   1.1634648918289708e-13
0.01484968262254465   1.162393678935361e-13
0.014863367355239673   1.1613234523482408e-13
0.014877064699107176   1.16025421115934e-13
0.014890774665769005   1.159185954461223e-13
0.01490449726685769   1.1581186813472914e-13
0.014918232514016506   1.1570523909117813e-13
0.014931980418899433   1.1559870822497658e-13
0.014945740993171216   1.1549227544571491e-13
0.014959514248507324   1.1538594066306713e-13
0.014973300196594014   1.152797037867902e-13
0.014987098849128279   1.1517356472672458e-13
0.015000910217817924   1.1506752339279354e-13
0.015014734314381517   1.1496157969500354e-13
0.01502857115054845   1.1485573354344384e-13
0.015042420738058894   1.1474998484828676e-13
0.015056283088663875   1.146443335197871e-13
0.01507015821412521   1.1453877946828266e-13
0.015084046126215596   1.144333226041936e-13
0.015097946836718536   1.1432796283802297e-13
0.015111860357428432   1.1422270008035593e-13
0.01512578670015052   1.1411753424186039e-13
0.01513972587670095   1.1401246523328618e-13
0.015153677898906724   1.1390749296546577e-13
0.01516764277860578   1.1380261734931357e-13
0.015181620527646933   1.136978382958262e-13
0.015195611157889945   1.1359315571608214e-13
0.01520961468120548   1.1348856952124207e-13
0.015223631109475173   1.1338407962254825e-13
0.015237660454591573   1.1327968593132498e-13
0.015251702728458223   1.1317538835897807e-13
0.015265757942989603   1.130711868169952e-13
0.0152798261101112   1.1296708121694541e-13
0.015293907241759483   1.1286307147047924e-13
0.015308001349881908   1.1275915748932884e-13
0.015322108446436965   1.1265533918530742e-13
0.015336228543394134   1.1255161647030977e-13
0.015350361652733959   1.1244798925631157e-13
0.015364507786447991   1.1234445745536982e-13
0.015378666956538866   1.1224102097962246e-13
0.01539283917502025   1.1213767974128842e-13
0.015407024453916906   1.120344336526675e-13
0.015421222805264652   1.1193128262614039e-13
0.015435434241110428   1.1182822657416838e-13
0.015449658773512245   1.1172526540929357e-13
0.015463896414539255   1.1162239904413856e-13
0.015478147176271703   1.1151962739140654e-13
0.015492411070801   1.11416950363881e-13
0.015506688110229663   1.11314367874426e-13
0.015520978306671398   1.1121187983598569e-13
0.01553528167225104   1.1110948616158464e-13
0.015549598219104632   1.1100718676432732e-13
0.015563927959379368   1.1090498155739854e-13
0.015578270905233668   1.1080287045406284e-13
0.015592627068837125   1.1070085336766498e-13
0.015606996462370576   1.1059893021162925e-13
0.015621379098026057   1.1049710089945999e-13
0.015635774988006865   1.1039536534474102e-13
0.01565018414452752   1.1029372346113597e-13
0.01566460657981382   1.1019217516238786e-13
0.015679042306102804   1.1009072036231936e-13
0.015693491335642816   1.0998935897483237e-13
0.01570795368069346   1.098880909139083e-13
0.01572242935352567   1.0978691609360762e-13
0.01573691836642165   1.0968583442807024e-13
0.01575142073167496   1.0958484583151488e-13
0.015765936461590455   1.0948395021823959e-13
0.015780465568484364   1.093831475026212e-13
0.01579500806468423   1.0928243759911551e-13
0.015809563962528996   1.0918182042225706e-13
0.01582413327436893   1.0908129588665934e-13
0.015838716012565732   1.0898086390701419e-13
0.015853312189492447   1.0888052439809243e-13
0.01586792181753356   1.087802772747431e-13
0.015882544909084934   1.0868012245189388e-13
0.015897181476553893   1.0858005984455071e-13
0.01591183153235916   1.0848008936779795e-13
0.015926495088930934   1.0838021093679813e-13
0.015941172158710836   1.0828042446679204e-13
0.01595586275415199   1.0818072987309838e-13
0.015970566887718952   1.0808112707111413e-13
0.01598528457188781   1.0798161597631399e-13
0.016000015819146115   1.078821965042507e-13
0.016014760641992948   1.0778286857055468e-13
0.016029519052938892   1.076836320909342e-13
0.016044291064506073   1.0758448698117512e-13
0.016059076689228145   1.0748543315714093e-13
0.016073875939650324   1.0738647053477258e-13
0.016088688828329374   1.0728759903008857e-13
0.016103515367833648   1.0718881855918468e-13
0.016118355570743054   1.070901290382341e-13
0.01613320944964913   1.0699153038348709e-13
0.016148077017154983   1.0689302251127125e-13
0.01616295828587536   1.0679460533799116e-13
0.016177853268436605   1.0669627878012853e-13
0.016192761977476742   1.065980427542418e-13
0.016207684425645387   1.064998971769666e-13
0.016222620625603864   1.0640184196501504e-13
0.016237570590025122   1.0630387703517628e-13
0.016252534331593828   1.0620600230431584e-13
0.0162675118630063   1.0610821768937616e-13
0.016282503196970593   1.0601052310737587e-13
0.016297508346206444   1.059129184754103e-13
0.016312527323445333   1.05815403710651e-13
0.01632756014143045   1.0571797873034604e-13
0.016342606812916757   1.0562064345181946e-13
0.016357667350670943   1.0552339779247171e-13
0.01637274176747148   1.0542624166977918e-13
0.016387830076108615   1.0532917500129435e-13
0.016402932289384366   1.0523219770464567e-13
0.016418048420112574   1.0513530969753746e-13
0.016433178481118856   1.0503851089774995e-13
0.01644832248524069   1.049418012231389e-13
0.016463480445327337   1.0484518059163601e-13
0.016478652374239944   1.0474864892124837e-13
0.016493838284851473   1.0465220613005884e-13
0.016509038190046784   1.0455585213622544e-13
0.016524252102722573   1.0445958685798192e-13
0.01653948003578746   1.043634102136371e-13
0.016554722002161924   1.042673221215753e-13
0.016569978014778386   1.0417132250025575e-13
0.01658524808658115   1.0407541126821311e-13
0.016600532230526484   1.0397958834405677e-13
0.01661583045958256   1.0388385364647143e-13
0.01663114278672954   1.037882070942164e-13
0.016646469224959503   1.0369264860612617e-13
0.01666180978727655   1.0359717810110959e-13
0.01667716448669672   1.0350179549815062e-13
0.01669253333624808   1.0340650071630755e-13
0.01670791634897068   1.0331129367471353e-13
0.016723313537916614   1.0321617429257585e-13
0.01673872491614997   1.0312114248917664e-13
0.016754150496746906   1.0302619818387201e-13
0.016769590292795608   1.0293134129609264e-13
0.016785044317396344   1.0283657174534329e-13
0.016800512583661432   1.0274188945120295e-13
0.016815995104715296   1.0264729433332462e-13
0.01683149189369443   1.0255278631143544e-13
0.01684700296374747   1.0245836530533632e-13
0.01686252832803512   1.0236403123490231e-13
0.016878067999730264   1.0226978402008197e-13
0.01689362199201788   1.0217562358089793e-13
0.01690919031809513   1.0208154983744619e-13
0.01692477299117132   1.0198756270989661e-13
0.016940370024467945   1.0189366211849235e-13
0.016955981431218653   1.0179984798355038e-13
0.01697160722466933   1.0170612022546066e-13
0.016987247418078028   1.016124787646869e-13
0.017002902024715053   1.0151892352176575e-13
0.01701857105786291   1.0142545441730731e-13
0.017034254530816365   1.0133207137199457e-13
0.017049952456882417   1.0123877430658392e-13
0.01706566484938036   1.0114556314190439e-13
0.017081391721641716   1.0105243779885819e-13
0.017097133087010347   1.0095939819842028e-13
0.017112888958842356   1.0086644426163853e-13
0.0171286593505062   1.0077357590963338e-13
0.017144444275382628   1.006807930635981e-13
0.017160243746864742   1.0058809564479841e-13
0.017176057778357956   1.0049548357457272e-13
0.017191886383280074   1.0040295677433173e-13
0.017207729575061226   1.0031051516555876e-13
0.017223587367143963   1.0021815866980913e-13
0.017239459772983183   1.0012588720871077e-13
0.01725534680604621   1.0003370070396356e-13
0.017271248479812762   9.99415990773397e-14
0.017287164807775   9.984958225068324e-14
0.017303095803437488   9.975765014591048e-14
0.01731904148031727   9.966580268500938e-14
0.01733500185194381   9.957403979004004e-14
0.01735097693185908   9.948236138313407e-14
0.017366966733617498   9.939076738649504e-14
0.017382971270785995   9.929925772239805e-14
0.01739899055694398   9.920783231318996e-14
0.017415024605683414   9.911649108128892e-14
0.01743107343060874   9.902523394918477e-14
0.01744713704533698   9.89340608394386e-14
0.017463215463497665   9.8842971674683e-14
0.017479308698732925   9.875196637762155e-14
0.017495416764697423   9.866104487102937e-14
0.017511539675058443   9.85702070777525e-14
0.01752767744349583   9.847945292070812e-14
0.017543830083702062   9.838878232288436e-14
0.01755999760938223   9.829819520734037e-14
0.017576180034254037   9.820769149720615e-14
0.017592377372047857   9.811727111568242e-14
0.01760858963650668   9.802693398604086e-14
0.017624816841386205   9.793668003162354e-14
0.017641059000454762   9.784650917584348e-14
0.01765731612749341   9.77564213421839e-14
0.017673588236295876   9.766641645419879e-14
0.017689875340668626   9.757649443551232e-14
0.01770617745443082   9.748665520981923e-14
0.017722494591414385   9.739689870088438e-14
0.01773882676546396   9.730722483254302e-14
0.01775517399043698   9.721763352870034e-14
0.017771536280203615   9.712812471333186e-14
0.017787913648646847   9.703869831048293e-14
0.01780430610966242   9.694935424426907e-14
0.017820713677158928   9.686009243887539e-14
0.01783713636505773   9.677091281855724e-14
0.01785357418729306   9.668181530763936e-14
0.017870027157811958   9.65927998305165e-14
0.01788649529057435   9.65038663116528e-14
0.01790297859955299   9.641501467558219e-14
0.01791947709873355   9.632624484690797e-14
0.017935990802114544   9.623755675030299e-14
0.01795251972370743   9.614895031050935e-14
0.017969063877536547   9.606042545233869e-14
0.01798562327763918   9.597198210067163e-14
0.018002197938065533   9.588362018045826e-14
0.01801878787287877   9.579533961671758e-14
0.018035393096155   9.570714033453782e-14
0.018052013621983335   9.561902225907607e-14
0.018068649464465823   9.553098531555851e-14
0.018085300637717558   9.544302942928004e-14
0.0181019671558666   9.53551545256045e-14
0.018118649033054064   9.526736052996438e-14
0.01813534628343406   9.517964736786096e-14
0.018152058921173785   9.5092014964864e-14
0.01816878696045345   9.500446324661199e-14
0.01818553041546636   9.491699213881173e-14
0.018202289300418884   9.482960156723866e-14
0.018219063629530508   9.474229145773634e-14
0.018235853417033782   9.465506173621692e-14
0.018252658677174415   9.45679123286605e-14
0.01826947942421121   9.448084316111561e-14
0.018286315672416134   9.439385415969871e-14
0.018303167436074286   9.430694525059447e-14
0.018320034729483955   9.422011636005538e-14
0.018336917566956573   9.413336741440203e-14
0.018353815962816798   9.404669834002277e-14
0.01837072993140245   9.396010906337381e-14
0.018387659487064605   9.387359951097901e-14
0.01840460464416752   9.378716960943003e-14
0.01842156541708873   9.3700819285386e-14
0.01843854182021898   9.361454846557378e-14
0.018455533867962316   9.352835707678756e-14
0.01847254157473602   9.344224504588911e-14
0.018489564954970707   9.335621229980739e-14
0.018506604023110232   9.327025876553879e-14
0.01852365879361182   9.318438437014691e-14
0.018540729280945967   9.309858904076257e-14
0.018557815499596546   9.301287270458359e-14
0.018574917464060745   9.292723528887497e-14
0.01859203518884914   9.284167672096863e-14
0.018609168688485656   9.275619692826347e-14
0.018626317977507623   9.267079583822521e-14
0.018643483070465743   9.258547337838645e-14
0.018660663981924158   9.250022947634648e-14
0.018677860726460396   9.24150640597713e-14
0.018695073318665458   9.23299770563935e-14
0.018712301773143755   9.224496839401229e-14
0.018729546104513186   9.216003800049329e-14
0.018746806327405097   9.207518580376868e-14
0.01876408245646434   9.199041173183694e-14
0.018781374506349237   9.19057157127629e-14
0.018798682491731653   9.182109767467759e-14
0.01881600642729693   9.173655754577837e-14
0.018833346327743982   9.165209525432855e-14
0.01885070220778526   9.156771072865757e-14
0.018868074082146753   9.148340389716105e-14
0.01888546196556805   9.13991746883003e-14
0.01890286587280229   9.131502303060274e-14
0.018920285818616246   9.123094885266146e-14
0.018937721817790257   9.114695208313548e-14
0.01895517388511833   9.10630326507493e-14
0.01897264203540806   9.097919048429331e-14
0.01899012628348072   9.089542551262338e-14
0.019007626644171223   9.081173766466084e-14
0.019025143132328174   9.072812686939259e-14
0.019042675762813828   9.064459305587091e-14
0.019060224550504178   9.056113615321339e-14
0.019077789510288882   9.047775609060296e-14
0.01909537065707136   9.03944527972877e-14
0.019112968005768734   9.031122620258093e-14
0.019130581571311905   9.022807623586103e-14
0.019148211368645494   9.014500282657148e-14
0.019165857412727937   9.006200590422061e-14
0.019183519718531414   8.997908539838186e-14
0.01920119830104194   8.989624123869338e-14
0.019218893175259304   8.98134733548583e-14
0.019236604356197163   8.973078167664418e-14
0.019254331858882954   8.964816613388366e-14
0.019272075698358017   8.956562665647372e-14
0.019289835889677507   8.948316317437606e-14
0.0193076124479105   8.940077561761672e-14
0.019325405388139906   8.931846391628643e-14
0.019343214725462587   8.923622800054004e-14
0.01936104047498927   8.915406780059698e-14
0.01937888265184465   8.907198324674076e-14
0.019396741271167327   8.89899742693192e-14
0.019414616348109877   8.890804079874417e-14
0.01943250789783881   8.882618276549183e-14
0.019450415935534652   8.874440010010213e-14
0.01946834047639188   8.866269273317916e-14
0.019486281535619005   8.858106059539085e-14
0.019504239128438527   8.849950361746899e-14
0.019522213270086998   8.841802173020922e-14
0.019540203975814987   8.833661486447088e-14
0.019558211260887144   8.825528295117696e-14
0.019576235140582158   8.817402592131417e-14
0.01959427563019283   8.809284370593261e-14
0.019612332745026013   8.801173623614605e-14
0.019630406500402715   8.793070344313157e-14
0.019648496911658014   8.784974525812983e-14
0.019666603994141163   8.776886161244453e-14
0.01968472776321552   8.768805243744295e-14
0.01970286823425865   8.760731766455532e-14
0.01972102542266223   8.752665722527521e-14
0.019739199343832177   8.744607105115915e-14
0.019757390013188564   8.736555907382677e-14
0.019775597446165704   8.728512122496069e-14
0.019793821658212103   8.720475743630646e-14
0.019812062664790544   8.712446763967236e-14
0.019830320481378012   8.70442517669297e-14
0.019848595123465804   8.69641097500123e-14
0.019866886606559445   8.688404152091685e-14
0.019885194946178793   8.680404701170255e-14
0.019903520157857967   8.672412615449131e-14
0.01992186225714545   8.664427888146734e-14
0.019940221259603996   8.656450512487752e-14
0.019958597180810757   8.6484804817031e-14
0.01997699003635719   8.640517789029934e-14
0.01999539984184917   8.632562427711632e-14
0.020013826612906904   8.624614390997806e-14
0.020032270365165042   8.616673672144265e-14
0.020050731114272594   8.608740264413055e-14
0.020069208875893033   8.600814161072406e-14
0.020087703665704237   8.592895355396761e-14
0.020106215499398554   8.584983840666745e-14
0.020124744392682775   8.577079610169185e-14
0.020143290361278182   8.569182657197078e-14
0.020161853420920528   8.56129297504961e-14
0.020180433587360075   8.553410557032131e-14
0.020199030876361622   8.54553539645615e-14
0.020217645303704446   8.537667486639355e-14
0.020236276885182418   8.529806820905564e-14
0.02025492563660392   8.52195339258477e-14
0.02027359157379194   8.514107195013085e-14
0.020292274712584015   8.506268221532777e-14
0.02031097506883231   8.498436465492222e-14
0.020329692658403557   8.490611920245955e-14
0.020348427497179158   8.482794579154596e-14
0.020367179601055104   8.474984435584913e-14
0.02038594898594208   8.467181482909749e-14
0.020404735667765385   8.459385714508082e-14
0.020423539662465042   8.451597123764964e-14
0.020442360985995726   8.443815704071559e-14
0.020461199654326846   8.436041448825092e-14
0.02048005568344249   8.428274351428896e-14
0.020498929089341523   8.42051440529236e-14
0.020517819888037504   8.412761603830955e-14
0.020536728095558798   8.405015940466204e-14
0.020555653727948493   8.397277408625702e-14
0.020574596801264507   8.389546001743086e-14
0.020593557331579516   8.381821713258046e-14
0.020612535334981044   8.374104536616307e-14
0.020631530827571406   8.366394465269642e-14
0.02065054382546779   8.358691492675841e-14
0.020669574344802204   8.350995612298733e-14
0.020688622401721556   8.343306817608147e-14
0.020707688012387593   8.335625102079953e-14
0.020726771192977   8.327950459196004e-14
0.020745871959681337   8.320282882444166e-14
0.020764990328707107   8.312622365318306e-14
0.020784126316275724   8.304968901318282e-14
0.020803279938623586   8.297322483949925e-14
0.02082245121200201   8.28968310672507e-14
0.020841640152677334   8.282050763161499e-14
0.02086084677693084   8.274425446782996e-14
0.02088007110105887   8.266807151119276e-14
0.02089931314137272   8.259195869706042e-14
0.020918572914198776   8.251591596084929e-14
0.020937850435878425   8.243994323803531e-14
0.020957145722768147   8.236404046415375e-14
0.020976458791239466   8.22882075747994e-14
0.020995789657679027   8.22124445056262e-14
0.021015138338488535   8.213675119234744e-14
0.021034504850084852   8.206112757073557e-14
0.021053889208899928   8.198557357662227e-14
0.021073291431380897   8.191008914589818e-14
0.021092711533990012   8.18346742145131e-14
0.02111214953320473   8.175932871847572e-14
0.021131605445517662   8.168405259385378e-14
0.02115107928743665   8.160884577677377e-14
0.021170571075484715   8.153370820342111e-14
0.021190080826200136   8.145863981003984e-14
0.021209608556136402   8.138364053293294e-14
0.021229154281862294   8.13087103084618e-14
0.021248718019961817   8.123384907304664e-14
0.021268299787034307   8.115905676316605e-14
0.021287899599694352   8.108433331535727e-14
0.021307517474571897   8.100967866621582e-14
0.021327153428312158   8.093509275239581e-14
0.02134680747757575   8.086057551060944e-14
0.021366479639038587   8.078612687762748e-14
0.021386169929391994   8.071174679027866e-14
0.021405878365342645   8.063743518545008e-14
0.021425604963612642   8.056319200008682e-14
0.021445349740939455   8.048901717119218e-14
0.021465112714076032   8.041491063582727e-14
0.021484893899790705   8.034087233111137e-14
0.021504693314867304   8.026690219422153e-14
0.021524510976105093   8.019300016239275e-14
0.021544346900318846   8.011916617291768e-14
0.021564201104338796   8.004540016314695e-14
0.021584073605010735   7.997170207048863e-14
0.021603964419195924   7.989807183240866e-14
0.02162387356377122   7.982450938643038e-14
0.021643801055628974   7.97510146701348e-14
0.02166374691167715   7.967758762116033e-14
0.021683711148839286   7.960422817720276e-14
0.021703693784054484   7.953093627601551e-14
0.021723694834277503   7.945771185540898e-14
0.02174371431647868   7.938455485325109e-14
0.021763752247644038   7.931146520746688e-14
0.021783808644775204   7.923844285603858e-14
0.021803883524889524   7.916548773700547e-14
0.021823976905019974   7.9092599788464e-14
0.02184408880221528   7.90197789485675e-14
0.02186421923353983   7.89470251555264e-14
0.021884368216073778   7.88743383476079e-14
0.021904535766912987   7.880171846313609e-14
0.021924721903169103   7.872916544049188e-14
0.021944926641969505   7.865667921811295e-14
0.021965150000457404   7.858425973449357e-14
0.021985391995791755   7.85119069281848e-14
0.02200565264514738   7.84396207377941e-14
0.022025931965714878   7.836740110198567e-14
0.022046229974700737   7.829524795948e-14
0.022066546689327254   7.82231612490542e-14
0.02208688212683265   7.815114090954155e-14
0.02210723630447097   7.807918687983188e-14
0.02212760923951223   7.800729909887108e-14
0.02214800094924229   7.793547750566149e-14
0.022168411450963005   7.786372203926136e-14
0.022188840761992113   7.779203263878535e-14
0.022209288899663372   7.772040924340392e-14
0.022229755881326457   7.764885179234376e-14
0.022250241724347083   7.757736022488734e-14
0.02227074644610692   7.750593448037322e-14
0.0222912700640037   7.743457449819568e-14
0.02231181259545115   7.73632802178049e-14
0.022332374057879086   7.729205157870675e-14
0.02235295446873333   7.722088852046291e-14
0.02237355384547585   7.714979098269058e-14
0.02239417220558464   7.70787589050627e-14
0.022414809566553857   7.700779222730762e-14
0.022435465945893726   7.693689088920937e-14
0.022456141361130662   7.686605483060727e-14
0.022476835829807182   7.679528399139612e-14
0.02249754936948202   7.672457831152604e-14
0.02251828199773004   7.665393773100251e-14
0.022539033732142343   7.658336218988615e-14
0.022559804590326207   7.651285162829289e-14
0.02258059458990518   7.64424059863937e-14
0.022601403748518996   7.637202520441474e-14
0.022622232083823697   7.630170922263711e-14
0.022643079613491553   7.623145798139707e-14
0.022663946355211156   7.616127142108561e-14
0.022684832326687367   7.609114948214879e-14
0.022705737545641393   7.602109210508739e-14
0.02272666202981074   7.595109923045707e-14
0.0227476057969493   7.588117079886815e-14
0.022768568864827275   7.581130675098575e-14
0.0227895512512313   7.574150702752947e-14
0.022810552973964348   7.567177156927368e-14
0.02283157405084585   7.56021003170471e-14
0.022852614499711595   7.553249321173314e-14
0.022873674338413884   7.546295019426947e-14
0.0228947535848214   7.539347120564826e-14
0.022915852256819347   7.532405618691592e-14
0.022936970372309365   7.525470507917332e-14
0.02295810794920964   7.518541782357537e-14
0.02297926500545482   7.511619436133133e-14
0.023000441558996127   7.504703463370442e-14
0.02302163762780128   7.497793858201218e-14
0.02304285322985461   7.490890614762592e-14
0.02306408838315696   7.48399372719712e-14
0.023085343105725825   7.477103189652732e-14
0.02310661741559525   7.470218996282761e-14
0.023127911330815935   7.463341141245908e-14
0.023149224869455184   7.456469618706276e-14
0.023170558049596997   7.449604422833314e-14
0.023191910889341978   7.44274554780187e-14
0.023213283406807464   7.435892987792133e-14
0.023234675620127477   7.42904673698965e-14
0.02325608754745272   7.42220678958535e-14
0.023277519206950665   7.415373139775477e-14
0.023298970616805484   7.408545781761643e-14
0.023320441795218153   7.401724709750788e-14
0.023341932760406373   7.394909917955196e-14
0.02336344353060468   7.388101400592464e-14
0.023384974124064366   7.381299151885535e-14
0.023406524559053597   7.374503166062652e-14
0.023428094853857315   7.367713437357392e-14
0.02344968502677737   7.360929960008621e-14
0.023471295096132425   7.35415272826053e-14
0.023492925080258072   7.347381736362598e-14
0.023514574997506758   7.340616978569602e-14
0.023536244866247887   7.333858449141609e-14
0.02355793470486774   7.327106142343976e-14
0.02357964453176959   7.320360052447338e-14
0.023601374365373635   7.313620173727603e-14
0.023623124224117078   7.30688650046595e-14
0.023644894126454073   7.300159026948834e-14
0.02366668409085583   7.293437747467953e-14
0.023688494135810527   7.286722656320285e-14
0.02371032427982344   7.280013747808033e-14
0.023732174541416837   7.273311016238673e-14
0.023754044939130105   7.266614455924904e-14
0.02377593549151968   7.259924061184671e-14
0.023797846217159135   7.253239826341145e-14
0.023819777134639113   7.246561745722733e-14
0.023841728262567443   7.239889813663052e-14
0.023863699619569044   7.233224024500953e-14
0.02388569122428606   7.226564372580487e-14
0.02390770309537775   7.21991085225093e-14
0.023929735251520638   7.213263457866729e-14
0.02395178771140839   7.206622183787564e-14
0.023973860493751963   7.199987024378287e-14
0.0239959536172795   7.19335797400895e-14
0.02401806710073645   7.186735027054792e-14
0.024040200962885498   7.180118177896218e-14
0.02406235522250666   7.17350742091881e-14
0.02408452989839721   7.166902750513345e-14
0.024106725009371804   7.160304161075722e-14
0.024128940574262372   7.153711647007043e-14
0.02415117661191826   7.147125202713527e-14
0.024173433141206124   7.140544822606585e-14
0.02419571018101007   7.133970501102735e-14
0.02421800775023155   7.127402232623657e-14
0.02424032586778948   7.120840011596176e-14
0.024262664552620168   7.114283832452226e-14
0.024285023823677417   7.107733689628881e-14
0.02430740369993245   7.101189577568342e-14
0.024329804200374026   7.094651490717916e-14
0.02435222534400835   7.08811942353003e-14
0.024374667149859187   7.081593370462221e-14
0.02439712963696779   7.075073325977128e-14
0.024419612824393012   7.068559284542483e-14
0.024442116731211213   7.062051240631122e-14
0.024464641376516383   7.055549188720957e-14
0.02448718677942006   7.049053123295012e-14
0.02450975295905145   7.042563038841356e-14
0.024532339934557328   7.03607892985316e-14
0.024554947725102166   7.029600790828649e-14
0.024577576349868055   7.023128616271125e-14
0.0246002258280548   7.016662400688946e-14
0.024622896178879864   7.010202138595534e-14
0.02464558742157846   7.003747824509351e-14
0.024668299575403476   6.997299452953915e-14
0.024691032659625602   6.990857018457788e-14
0.02471378669353323   6.984420515554566e-14
0.024736561696432572   6.977989938782883e-14
0.024759357687647598   6.971565282686391e-14
0.02478217468652012   6.965146541813782e-14
0.02480501271240973   6.958733710718757e-14
0.024827871784693915   6.952326783960036e-14
0.024850751922767967   6.945925756101347e-14
0.024873653146045095   6.939530621711421e-14
0.024896575473956357   6.933141375364009e-14
0.02491951892595075   6.926758011637825e-14
0.024942483521495203   6.920380525116608e-14
0.02496546928007453   6.914008910389065e-14
0.02498847622119157   6.907643162048884e-14
0.025011504364367075   6.901283274694757e-14
0.025034553729139836   6.89492924293031e-14
0.0250576243350666   6.888581061364175e-14
0.025080716201722194   6.882238724609922e-14
0.025103829348699425   6.875902227286098e-14
0.02512696379560921   6.869571564016196e-14
0.025150119562080485   6.863246729428663e-14
0.025173296667760334   6.856927718156889e-14
0.02519649513231389   6.850614524839215e-14
0.02521971497542445   6.844307144118902e-14
0.02524295621679342   6.838005570644164e-14
0.025266218876140396   6.831709799068125e-14
0.025289502973203103   6.82541982404885e-14
0.025312808527737506   6.819135640249302e-14
0.02533613555951772   6.812857242337379e-14
0.025359484088336135   6.80658462498587e-14
0.025382854134003343   6.800317782872486e-14
0.02540624571634822   6.79405671067983e-14
0.025429658855217887   6.787801403095403e-14
0.02545309357047779   6.781551854811594e-14
0.02547654988201164   6.77530806052569e-14
0.025500027809721517   6.769070014939847e-14
0.025523527373527796   6.762837712761111e-14
0.02554704859336926   6.756611148701392e-14
0.025570591489203008   6.750390317477478e-14
0.025594156081004592   6.744175213811016e-14
0.02561774238876792   6.737965832428518e-14
0.025641350432505365   6.731762168061343e-14
0.025664980232247704   6.725564215445716e-14
0.025688631808044222   6.71937196932269e-14
0.025712305179962626   6.713185424438182e-14
0.02573600036808917   6.707004575542927e-14
0.02575971739252856   6.700829417392507e-14
0.025783456273404094   6.694659944747327e-14
0.025807217030857553   6.688496152372618e-14
0.025830999685049337   6.682338035038428e-14
0.025854804256158367   6.676185587519633e-14
0.02587863076438222   6.6700388045959e-14
0.025902479229937027   6.663897681051722e-14
0.025926349673057604   6.657762211676383e-14
0.02595024211399736   6.651632391263973e-14
0.025974156573028425   6.645508214613363e-14
0.025998093070441555   6.639389676528232e-14
0.02602205162654626   6.633276771817022e-14
0.026046032261670713   6.627169495292976e-14
0.02607003499616187   6.621067841774095e-14
0.02609405985038539   6.614971806083168e-14
0.02611810684472575   6.608881383047737e-14
0.026142175999586154   6.602796567500118e-14
0.026166267335388675   6.596717354277374e-14
0.02619038087257414   6.590643738221337e-14
0.026214516631602274   6.584575714178571e-14
0.0262386746329516   6.578513277000405e-14
0.02626285489711957   6.572456421542885e-14
0.026287057444622463   6.566405142666815e-14
0.02631128229599553   6.56035943523772e-14
0.026335529471792886   6.554319294125859e-14
0.02635979899258764   6.548284714206207e-14
0.026384090878971814   6.542255690358465e-14
0.02640840515155645   6.536232217467042e-14
0.02643274183097154   6.530214290421066e-14
0.02645710093786614   6.524201904114359e-14
0.026481482492908267   6.518195053445465e-14
0.02650588651678506   6.512193733317597e-14
0.026530313030202653   6.506197938638688e-14
0.026554762053886325   6.500207664321342e-14
0.026579233608580395   6.494222905282857e-14
0.02660372771504835   6.488243656445203e-14
0.02662824439407277   6.482269912735037e-14
0.026652783666455425   6.476301669083675e-14
0.026677345553017213   6.470338920427111e-14
0.026701930074598257   6.464381661705996e-14
0.02672653725205788   6.458429887865636e-14
0.026751167106274596   6.452483593856002e-14
0.026775819658146207   6.446542774631702e-14
0.02680049492858972   6.440607425152006e-14
0.02682519293854148   6.434677540380808e-14
0.02684991370895706   6.428753115286652e-14
0.026874657260811403   6.422834144842706e-14
0.026899423615098735   6.416920624026776e-14
0.02692421279283267   6.411012547821282e-14
0.026949024815046144   6.405109911213275e-14
0.026973859702791526   6.39921270919441e-14
0.026998717477140527   6.393320936760968e-14
0.027023598159184342   6.387434588913817e-14
0.02704850177003354   6.38155366065845e-14
0.0270734283308182   6.375678147004946e-14
0.027098377862687817   6.369808042967984e-14
0.027123350386811438   6.363943343566827e-14
0.027148345924377554   6.358084043825333e-14
0.027173364496594247   6.35223013877193e-14
0.027198406124689083   6.34638162343964e-14
0.027223470829909245   6.340538492866041e-14
0.02724855863352144   6.334700742093297e-14
0.027273669556812034   6.328868366168121e-14
0.027298803621086953   6.323041360141802e-14
0.027323960847671802   6.317219719070172e-14
0.0273491412579118   6.31140343801363e-14
0.02737434487317188   6.305592512037105e-14
0.027399571714836618   6.299786936210088e-14
0.02742482180431034   6.293986705606599e-14
0.027450095163017052   6.2881918153052e-14
0.027475391812400555   6.282402260388977e-14
0.02750071177392436   6.276618035945553e-14
0.0275260550690718   6.270839137067065e-14
0.02755142171934597   6.265065558850176e-14
0.027576811746269823   6.25929729639606e-14
0.027602225171386097   6.253534344810403e-14
0.027627662016257434   6.247776699203395e-14
0.02765312230246629   6.242024354689737e-14
0.027678606051615078   6.236277306388614e-14
0.027704113285326046   6.230535549423723e-14
0.02772964402524144   6.224799078923232e-14
0.02775519829302338   6.219067890019811e-14
0.027780776110354018   6.213341977850598e-14
0.027806377498935417   6.207621337557223e-14
0.027832002480489712   6.201905964285774e-14
0.027857651076758985   6.196195853186826e-14
0.02788332330950542   6.190490999415398e-14
0.027909019200511195   6.184791398130993e-14
0.02793473877157862   6.179097044497551e-14
0.02796048204453004   6.173407933683478e-14
0.027986249041207965   6.167724060861622e-14
0.028012039783474982   6.162045421209282e-14
0.028037854293213878   6.156372009908189e-14
0.028063692592327553   6.150703822144518e-14
0.02808955470273914   6.145040853108871e-14
0.028115440646391928   6.139383097996287e-14
0.028141350445249482   6.133730552006216e-14
0.028167284121295547   6.128083210342541e-14
0.028193241696534192   6.12244106821355e-14
0.028219223192989695   6.116804120831957e-14
0.0282452286327067   6.111172363414867e-14
0.028271258037750102   6.105545791183803e-14
0.02829731143020519   6.09992439936468e-14
0.02832338883217754   6.094308183187814e-14
0.02834949026579317   6.088697137887909e-14
0.028375615753198424   6.083091258704059e-14
0.028401765316560114   6.077490540879734e-14
0.028427938978065417   6.071894979662799e-14
0.02845413675992202   6.066304570305482e-14
0.02848035868435802   6.060719308064389e-14
0.028506604773622046   6.055139188200486e-14
0.028532875049983187   6.049564205979111e-14
0.028559169535731097   6.043994356669957e-14
0.028585488253175924   6.038429635547077e-14
0.028611831224648412   6.03287003788887e-14
0.02863819847249989   6.02731555897808e-14
0.028664590019102237   6.021766194101807e-14
0.028691005886848007   6.016221938551476e-14
0.028717446098150336   6.010682787622861e-14
0.02874391067544307   6.005148736616053e-14
0.028770399641180673   5.999619780835484e-14
0.028796913017838353   5.9940959155899e-14
0.028823450827911976   5.988577136192376e-14
0.028850013093918207   5.983063437960287e-14
0.028876599838394384   5.977554816215339e-14
0.02890321108389869   5.972051266283528e-14
0.02892984685301003   5.96655278349517e-14
0.02895650716832817   5.961059363184864e-14
0.02898319205247366   5.955571000691521e-14
0.029009901528087932   5.950087691358329e-14
0.02903663561783325   5.944609430532774e-14
0.029063394344392805   5.939136213566621e-14
0.02909017773047063   5.93366803581592e-14
0.029116985798791756   5.928204892640988e-14
0.02914381857210208   5.922746779406426e-14
0.02917067607316853   5.917293691481088e-14
0.029197558324778956   5.911845624238109e-14
0.029224465349742258   5.906402573054871e-14
0.029251397170888305   5.900964533313022e-14
0.029278353811068063   5.895531500398449e-14
0.029305335293153496   5.890103469701307e-14
0.0293323416400377   5.884680436615978e-14
0.02935937287463482   5.879262396541094e-14
0.02938642901988017   5.873849344879517e-14
0.029413510098730132   5.868441277038355e-14
0.029440616134162323   5.863038188428926e-14
0.02946774714917546   5.85764007446679e-14
0.029494903166789516   5.852246930571717e-14
0.029522084210045624   5.846858752167705e-14
0.029549290302006207   5.84147553468295e-14
0.02957652146575488   5.836097273549872e-14
0.029603777724396593   5.830723964205092e-14
0.02963105910105753   5.82535560208943e-14
0.029658365618885244   5.819992182647905e-14
0.029685697301048555   5.814633701329735e-14
0.029713054170737708   5.809280153588316e-14
0.02974043625116424   5.803931534881248e-14
0.02976784356556116   5.798587840670296e-14
0.02979527613718281   5.793249066421417e-14
0.02982273398930503   5.787915207604733e-14
0.02985021714522505   5.782586259694544e-14
0.029877725628261624   5.777262218169313e-14
0.02990525946175494   5.771943078511669e-14
0.029932818669066757   5.766628836208396e-14
0.0299604032735803   5.76131948675044e-14
0.029988013298700406   5.756015025632889e-14
0.030015648767853412   5.750715448354993e-14
0.030043309704487313   5.745420750420132e-14
0.030070996132071648   5.740130927335838e-14
0.03009870807409765   5.734845974613767e-14
0.03012644555407813   5.72956588776972e-14
0.030154208595547634   5.724290662323619e-14
0.03018199722206234   5.719020293799516e-14
0.030209811457200184   5.713754777725578e-14
0.03023765132456078   5.708494109634098e-14
0.030265516847765545   5.70323828506147e-14
0.030293408050457604   5.697987299548217e-14
0.030321324956301934   5.692741148638944e-14
0.030349267588985256   5.687499827882384e-14
0.03037723597221618   5.6822633328313455e-14
0.030405230129725114   5.677031659042748e-14
0.03043325008526438   5.671804802077592e-14
0.03046129586260814   5.666582757500973e-14
0.03048936748555252   5.6613655208820616e-14
0.030517464977915517   5.6561530877941183e-14
0.030545588363537136   5.6509454538144685e-14
0.030573737666279296   5.645742614524518e-14
0.030601912910025956   5.640544565509737e-14
0.03063011411868304   5.635351302359663e-14
0.03065834131617855   5.6301628206678876e-14
0.030686594526462482   5.624979116032075e-14
0.030714873773506957   5.619800184053926e-14
0.030743179081306173   5.6146260203391967e-14
0.030771510473876402   5.6094566204976963e-14
0.030799867975256114   5.604291980143264e-14
0.03082825160950586   5.59913209489379e-14
0.030856661400708436   5.5939769603711865e-14
0.030885097372968757   5.5888265722014125e-14
0.030913559550414027   5.5836809260144363e-14
0.030942047957193616   5.578540017444266e-14
0.03097056261747921   5.5734038421289196e-14
0.030999103555464712   5.5682723957104373e-14
0.03102767079536638   5.563145673834865e-14
0.031056264361422725   5.558023672152266e-14
0.031084884277894666   5.552906386316701e-14
0.031113530569065403   5.547793811986241e-14
0.031142203259240588   5.542685944822942e-14
0.031170902372748208   5.53758278049287e-14
0.03119962793393873   5.532484314666066e-14
0.031228379967184992   5.527390543016572e-14
0.03125715849688237   5.5223014612223984e-14
0.03128596354744864   5.5172170649655506e-14
0.03131479514332417   5.512137349931995e-14
0.031343653308971764   5.507062311811681e-14
0.03137253806887683   5.501991946298523e-14
0.03140144944754731   5.496926249090399e-14
0.03143038746951376   5.491865215889145e-14
0.03145935215932928   5.486808842400568e-14
0.031488343541569694   5.48175712433441e-14
0.03151736164083338   5.476710057404377e-14
0.03154640648174145   5.471667637328115e-14
0.03157547808893765   5.466629859827221e-14
0.03160457648708851   5.461596720627216e-14
0.031633701700883206   5.456568215457574e-14
0.031662853755033735   5.45154434005169e-14
0.031692032674274825   5.4465250901468903e-14
0.03172123848336403   5.4415104614844274e-14
0.03175047120708168   5.436500449809477e-14
0.031779730870231   5.4314950508711226e-14
0.031809017497637995   5.4264942604223745e-14
0.03183833111415163   5.4214980742201445e-14
0.0318676717446437   5.4165064880252565e-14
0.031897039414008975   5.4115194976024316e-14
0.03192643414716512   5.406537098720301e-14
0.0319558559690528   5.4015592871513773e-14
0.031985304904635636   5.396586058672079e-14
0.032014780978900294   5.391617409062703e-14
0.03204428421685641   5.3866533341074414e-14
0.03207381464353672   5.381693829594358e-14
0.03210337228399699   5.3767388913154036e-14
0.032132957163316114   5.371788515066395e-14
0.03216256930659605   5.36684269664703e-14
0.03219220873896195   5.361901431860863e-14
0.03222187548556204   5.356964716515323e-14
0.03225156957156781   5.352032546421686e-14
0.032281291022173864   5.3471049173951017e-14
0.032311039862598104   5.342181825254556e-14
0.032340816118081595   5.337263265822898e-14
0.032370619813888724   5.3323492349268124e-14
0.03240045097530712   5.327439728396835e-14
0.03243030962764775   5.322534742067332e-14
0.03246019579624486   5.3176342717765166e-14
0.032490109506456095   5.3127383133664195e-14
0.03252005078366243   5.307846862682915e-14
0.03255001965326826   5.302959915575688e-14
0.03258001614070134   5.298077467898257e-14
0.03261004027141294   5.293199515507948e-14
0.032640092070877695   5.2883260542659106e-14
0.03267017156459379   5.283457080037096e-14
0.03270027877808285   5.278592588690275e-14
0.03273041373689008   5.273732576098005e-14
0.03276057646658415   5.268877038136661e-14
0.032790766992757375   5.2640259706864015e-14
0.03282098534102559   5.2591793696311894e-14
0.03285123153702827   5.2543372308587677e-14
0.0328815056064285   5.249499550260673e-14
0.03291180757491303   5.2446663237322216e-14
0.032942137468192294   5.2398375471725043e-14
0.03297249531200036   5.2350132164844004e-14
0.033002881132095103   5.230193327574546e-14
0.03303329495425804   5.225377876353361e-14
0.033063736804294516   5.220566858735019e-14
0.03309420670803362   5.215760270637463e-14
0.03312470469132827   5.2109581079823886e-14
0.03315523078005517   5.206160366695255e-14
0.03318578500011493   5.2013670427052615e-14
0.033216367377431964   5.196578131945368e-14
0.03324697793795463   5.191793630352266e-14
0.03327761670765515   5.1870135338664025e-14
0.03330828371252974   5.182237838431948e-14
0.0333389789785985   5.177466539996819e-14
0.03336970253190559   5.1726996345126535e-14
0.03340045439851909   5.167937117934827e-14
0.03343123460453117   5.163178986222429e-14
0.033462043176058005   5.1584252353382786e-14
0.03349288013923986   5.153675861248901e-14
0.03352374552024105   5.1489308599245516e-14
0.033554639345250076   5.1441902273391754e-14
0.03358556164047949   5.139453959470444e-14
0.03361651243216607   5.1347220522997184e-14
0.0336474917465707   5.1299945018120706e-14
0.03367849960997855   5.125271303996257e-14
0.03370953604869893   5.12055245484474e-14
0.03374060108906547   5.115837950353661e-14
0.033771694757436   5.11112778652286e-14
0.0338028170801927   5.106421959355844e-14
0.033833968083742005   5.101720464859817e-14
0.033865147794514744   5.097023299045645e-14
0.033896356238966044   5.092330457927877e-14
0.033927593443575474   5.087641937524724e-14
0.03395885943484694   5.0829577338580707e-14
0.03399015423930883   5.078277842953456e-14
0.03402147788351393   5.0736022608400873e-14
0.03405283039403956   5.068930983550819e-14
0.03408421179748744   5.064264007122168e-14
0.034115622120483906   5.05960132759429e-14
0.034147061389679746   5.0549429410109964e-14
0.03417852963175038   5.050288843419731e-14
0.034210026873395735   5.04563903087159e-14
0.034241553141340426   5.0409934994212925e-14
0.03427310846233361   5.0363522451272e-14
0.03430469286314919   5.0317152640512926e-14
0.03433630637058564   5.027082552259189e-14
0.03436794901146623   5.022454105820118e-14
0.03439962081263886   5.017829920806941e-14
0.03443132180097624   5.01320999329612e-14
0.03446305200337579   5.008594319367746e-14
0.03449481144675977   5.003982895105501e-14
0.0345266001580752   4.999375716596689e-14
0.03455841816429399   4.994772779932208e-14
0.034590265492412835   4.9901740812065574e-14
0.03462214216945339   4.9855796165178305e-14
0.03465404822246212   4.98098938196772e-14
0.03468598367851051   4.9764033736614963e-14
0.03471794856469491   4.97182158770803e-14
0.034749942908136704   4.967244020219759e-14
0.03478196673598222   4.9626706673127146e-14
0.03481402007540285   4.958101525106493e-14
0.03484610295359497   4.953536589724274e-14
0.03487821539778009   4.9489758572927965e-14
0.03491035743520472   4.9444193239423726e-14
0.03494252909314058   4.939866985806872e-14
0.03497473039888441   4.935318839023733e-14
0.03500696137975821   4.930774879733938e-14
0.03503922206310907   4.926235104082035e-14
0.03507151247630936   4.921699508216109e-14
0.03510383264675661   4.917168088287804e-14
0.03513618260187365   4.912640840452297e-14
0.035168562369108536   4.908117760868316e-14
0.035200971975934664   4.903598845698113e-14
0.0352334114498507   4.899084091107484e-14
0.035265880818380696   4.894573493265748e-14
0.035298380109074025   4.8900670483457594e-14
0.035330909349505495   4.8855647525238864e-14
0.035363468567275305   4.881066601980023e-14
0.03539605779000907   4.876572592897582e-14
0.03542867704535789   4.872082721463487e-14
0.03546132636099833   4.8675969838681744e-14
0.035494005764632484   4.8631153763055874e-14
0.035526715283987924   4.8586378949731745e-14
0.03555945494681785   4.8541645360718824e-14
0.03559222478090096   4.849695295806161e-14
0.035625024814041624   4.8452301703839465e-14
0.03565785507406976   4.8407691560166776e-14
0.03569071558884101   4.8363122489192705e-14
0.03572360638623661   4.8318594453101355e-14
0.03575652749416357   4.827410741411156e-14
0.03578947894055453   4.822966133447703e-14
0.03582246075336796   4.818525617648614e-14
0.03585547296058802   4.814089190246208e-14
0.03588851559022471   4.8096568474762636e-14
0.03592158867031381   4.805228585578035e-14
0.03595469222891697   4.800804400794227e-14
0.03598782629412166   4.7963842893710163e-14
0.036020990894041274   4.791968247558027e-14
0.03605418605681507   4.7875562716083417e-14
0.03608741181060829   4.78314835777849e-14
0.036120668183612065   4.7787445023284495e-14
0.036153955204043596   4.7743447015216374e-14
0.036187272900145985   4.769948951624919e-14
0.03622062130018845   4.765557248908591e-14
0.036254000432466196   4.7611695896463845e-14
0.03628741032530056   4.756785970115461e-14
0.03632085100703891   4.752406386596418e-14
0.036354322506054824   4.748030835373262e-14
0.03638782485074793   4.743659312733436e-14
0.03642135806954412   4.739291814967791e-14
0.036454922190895404   4.734928338370603e-14
0.03648851724328008   4.7305688792395465e-14
0.03652214325520263   4.726213433875719e-14
0.03655580025519386   4.72186199858361e-14
0.036589488271810806   4.717514569671127e-14
0.0366232073336369   4.7131711434495604e-14
0.03665695746928182   4.7088317162336124e-14
0.03669073870738171   4.7044962843413644e-14
0.036724551076599006   4.7001648440943e-14
0.03675839460562264   4.6958373918172795e-14
0.03679226932316793   4.6915139238385544e-14
0.03682617525797669   4.6871944364897536e-14
0.036860112438817184   4.682878926105885e-14
0.03689408089448423   4.678567389025326e-14
0.03692808065379914   4.674259821589834e-14
0.03696211174560984   4.669956220144526e-14
0.036996174198790754   4.665656581037892e-14
0.03703026804224303   4.661360900621778e-14
0.037064393304894326   4.657069175251394e-14
0.03709855001569908   4.652781401285297e-14
0.03713273820363831   4.6484975750854093e-14
0.03716695789771983   4.6442176930169895e-14
0.03720120912697809   4.6399417514486576e-14
0.03723549192047439   4.635669746752361e-14
0.03726980630729674   4.6314016753034027e-14
0.037304152316560014   4.62713753348041e-14
0.03733852997740585   4.622877317665357e-14
0.03737293931900283   4.618621024243535e-14
0.03740738037054633   4.6143686496035786e-14
0.03744185316125869   4.610120190137433e-14
0.037476357720389125   4.605875642240377e-14
0.037510894077213884   4.6016350023109986e-14
0.0375454622610361   4.597398266751215e-14
0.037580062301186   4.5931654319662385e-14
0.03761469422702076   4.588936494364608e-14
0.037649358067924694   4.584711450358157e-14
0.037684053853309106   4.5804902963620296e-14
0.03771878161261249   4.5762730287946675e-14
0.03775354137530039   4.572059644077814e-14
0.03778833317086557   4.5678501386364987e-14
0.03782315702882792   4.563644508899053e-14
0.037858012978734576   4.5594427512970905e-14
0.03789290105015989   4.555244862265509e-14
0.03792782127270545   4.551050838242494e-14
0.03796277367600015   4.546860675669507e-14
0.03799775828970016   4.5426743709912875e-14
0.03803277514348902   4.538491920655846e-14
0.03806782426707756   4.534313321114468e-14
0.03810290569020409   4.5301385688217005e-14
0.0381380194426342   4.5259676602353616e-14
0.03817316555416103   4.521800591816522e-14
0.03820834405460508   4.517637360029521e-14
0.038243554973814424   4.513477961341941e-14
0.03827879834166453   4.509322392224634e-14
0.038314074188058524   4.505170649151681e-14
0.03834938254292696   4.5010227286004284e-14
0.038384723436228105   4.496878627051449e-14
0.03842009689794771   4.49273834098857e-14
0.03845550295809926   4.4886018668988476e-14
0.03849094164672382   4.484469201272578e-14
0.03852641299389022   4.4803403406032806e-14
0.038561917029694914   4.476215281387714e-14
0.038597453784262166   4.472094020125856e-14
0.03863302328774394   4.467976553320905e-14
0.038668625570320046   4.4638628774792834e-14
0.038704260662198044   4.45975298911063e-14
0.038739928593613394   4.4556468847277923e-14
0.038775629394829356   4.4515445608468373e-14
0.03881136309613715   4.447446013987029e-14
0.038847129727855825   4.4433512406708484e-14
0.038882929320332466   4.4392602374239645e-14
0.038918761903942035   4.435173000775257e-14
0.03895462750908757   4.4310895272567945e-14
0.03899052616620004   4.427009813403844e-14
0.03902645790573854   4.422933855754856e-14
0.03906242275819017   4.4188616508514755e-14
0.039098420754070176   4.4147931952385214e-14
0.03913445192392187   4.410728485464009e-14
0.03917051629831678   4.406667518079116e-14
0.039206613907854536   4.4026102896382076e-14
0.03924274478316304   4.398556796698812e-14
0.03927890895489833   4.394507035821637e-14
0.039315106453744794   4.390461003570546e-14
0.039351337310415006   4.386418696512575e-14
0.03938760155564992   4.382380111217915e-14
0.039423899220218765   4.3783452442599234e-14
0.03946023033491916   4.374314092215098e-14
0.03949659493057707   4.370286651663105e-14
0.039532993038046915   4.366262919186746e-14
0.039569424688211494   4.3622428913719796e-14
0.03960588991198213   4.3582265648078975e-14
0.03964238874029855   4.354213936086745e-14
0.0396789212041291   4.35020500180389e-14
0.03971548733447054   4.3461997585578485e-14
0.03975208716234832   4.342198202950257e-14
0.039788720718816374   4.338200331585892e-14
0.039825388034957346   4.3342061410726454e-14
0.03986208914188243   4.3302156280215415e-14
0.039898824070731594   4.326228789046715e-14
0.0399355928526734   4.32224562076543e-14
0.03997239551890523   4.318266119798055e-14
0.04000923210065312   4.314290282768076e-14
0.040046102629171985   4.3103181063020825e-14
0.04008300713574543   4.306349587029779e-14
0.04011994565168601   4.3023847215839605e-14
0.04015691820833502   4.298423506600536e-14
0.04019392483706274   4.294465938718499e-14
0.040230965569268265   4.290512014579948e-14
0.040268040436379715   4.286561730830065e-14
0.04030514946985409   4.28261508411713e-14
0.04034229270117747   4.2786720710924967e-14
0.04037947016186485   4.2747326884106143e-14
0.04041668188346035   4.2707969327290035e-14
0.0404539278975371   4.266864800708271e-14
0.0404912082356974   4.262936289012084e-14
0.04052852292957257   4.2590113943071995e-14
0.040565872010823185   4.2550901132634284e-14
0.04060325551113891   4.25117244255366e-14
0.04064067346223867   4.2472583788538334e-14
0.04067812589587062   4.24334791884296e-14
0.04071561284381212   4.2394410592031045e-14
0.040753134337869895   4.235537796619385e-14
0.040790690409879884   4.231638127779976e-14
0.04082828109170747   4.2277420493760916e-14
0.04086590641524729   4.223849558102008e-14
0.04090356641242349   4.2199606506550295e-14
0.040941261115189524   4.216075323735512e-14
0.040978990555528394   4.212193574046842e-14
0.04101675476545249   4.208315398295448e-14
0.04105455377700378   4.204440793190785e-14
0.04109238762225367   4.200569755445344e-14
0.04113025633330323   4.1967022817746325e-14
0.041168159942283004   4.192838368897197e-14
0.041206098481353245   4.1889780135345895e-14
0.04124407198270375   4.185121212411393e-14
0.04128208047855407   4.1812679622551985e-14
0.04132012400115337   4.177418259796614e-14
0.04135820258278059   4.173572101769256e-14
0.04139631625574437   4.16972948490975e-14
0.04143446505238319   4.165890405957721e-14
0.041472649005065254   4.1620548616558063e-14
0.04151086814618866   4.1582228487496306e-14
0.04154912250818129   4.1543943639878233e-14
0.04158741212350101   4.150569404122001e-14
0.041625737024635505   4.146747965906779e-14
0.04166409724410246   4.142930046099751e-14
0.04170249281444947   4.139115641461505e-14
0.04174092376825419   4.135304748755605e-14
0.041779390138124234   4.131497364748602e-14
0.04181789195669733   4.127693486210013e-14
0.04185642925664121   4.123893109912344e-14
0.04189500207065379   4.120096232631058e-14
0.041933610431463035   4.1163028511445967e-14
0.04197225437182716   4.1125129622343624e-14
0.04201093392453448   4.1087265626847264e-14
0.042049649122403596   4.1049436492830153e-14
0.0420883999982833   4.101164218819518e-14
0.042127186585052726   4.097388268087472e-14
0.04216600891562121   4.0936157938830777e-14
0.042204867022928506   4.089846793005473e-14
0.04224376093994466   4.086081262256755e-14
0.04228269069967016   4.082319198441956e-14
0.04232165633513583   4.0785605983690564e-14
0.04236065787940302   4.074805458848967e-14
0.04239969536556347   4.071053776695545e-14
0.04243876882673948   4.0673055487255763e-14
0.042477878296083814   4.063560771758777e-14
0.04251702380677985   4.059819442617789e-14
0.04255620539204148   4.0560815581281894e-14
0.04259542308511328   4.0523471151184656e-14
0.04263467691927037   4.048616110420034e-14
0.04267396692781864   4.0448885408672225e-14
0.04271329314409457   4.0411644032972804e-14
0.042752655601465454   4.037443694550362e-14
0.04279205433332925   4.033726411469536e-14
0.042831489373114776   4.0300125509007733e-14
0.042870960754281574   4.026302109692953e-14
0.042910468510320106   4.022595084697852e-14
0.04295001267475161   4.0188914727701494e-14
0.04298959328112831   4.015191270767417e-14
0.04302921036303325   4.0114944755501226e-14
0.04306886395408051   4.00780108398162e-14
0.043108554087915064   4.004111092928159e-14
0.04314828079821299   4.000424499258865e-14
0.04318804411868131   3.996741299845755e-14
0.04322784408305817   3.993061491563717e-14
0.04326768072511275   3.989385071290528e-14
0.04330755407864543   3.9857120359068255e-14
0.04334746417748764   3.982042382296131e-14
0.043387411055502076   3.9783761073448296e-14
0.043427394746582575   3.974713207942175e-14
0.043467415284654275   3.9710536809802815e-14
0.04350747270367349   3.9673975233541344e-14
0.04354756703762792   3.9637447319615636e-14
0.04358769832053653   3.9600953037032654e-14
0.043627866586449626   3.95644923548279e-14
0.04366807186944896   3.9528065242065305e-14
0.0437083142036476   3.9491671667837386e-14
0.043748593623190134   3.945531160126501e-14
0.04378891016225254   3.941898501149759e-14
0.04382926385504238   3.9382691867712835e-14
0.04386965473579864   3.9346432139116923e-14
0.04391008283879196   3.931020579494428e-14
0.04395054819832446   3.9274012804457805e-14
0.04399105084872998   3.923785313694853e-14
0.044031590824373884   3.920172676173591e-14
0.04407216815965331   3.916563364816753e-14
0.044112782888997025   3.912957376561929e-14
0.044153435046865565   3.9093547083495215e-14
0.04419412466775118   3.905755357122755e-14
0.044234851786177976   3.902159319827665e-14
0.04427561643670178   3.8985665934131033e-14
0.04431641865391037   3.894977174830723e-14
0.044357258472423285   3.891391061034993e-14
0.044398135926892075   3.8878082489831793e-14
0.04443905105200014   3.8842287356353544e-14
0.04448000388246292   3.8806525179543835e-14
0.04452099445302775   3.8770795929059377e-14
0.044562022798474085   3.87350995745847e-14
0.044603088953613354   3.869943608583238e-14
0.04464419295328913   3.866380543254274e-14
0.04468533483237703   3.862820758448405e-14
0.04472651462578489   3.8592642511452396e-14
0.04476773236845262   3.8557110183271704e-14
0.044808988095352435   3.85216105697936e-14
0.04485028184148867   3.848614364089756e-14
0.04489161364189802   3.845070936649072e-14
0.044932983531649366   3.841530771650797e-14
0.044974391545844025   3.837993866091188e-14
0.04501583771961554   3.834460216969265e-14
0.04505732208812993   3.83092982128681e-14
0.04509884468658555   3.827402676048371e-14
0.04514040555021325   3.8238787782612484e-14
0.04518200471427629   3.820358124935503e-14
0.045223642214070485   3.816840713083942e-14
0.045265318084924115   3.813326539722131e-14
0.04530703236219809   3.8098156018683755e-14
0.04534878508128582   3.806307896543732e-14
0.04539057627761343   3.802803420771996e-14
0.045432405986639585   3.799302171579707e-14
0.045474274243855736   3.7958041459961377e-14
0.04551618108478594   3.7923093410533006e-14
0.04555812654498708   3.7888177537859366e-14
0.04560011066004872   3.7853293812315215e-14
0.04564213346559332   3.781844220430253e-14
0.045684194997276065   3.778362268425059e-14
0.04572629529078509   3.774883522261586e-14
0.04576843438184133   3.771407978988205e-14
0.04581061230619874   3.7679356356560004e-14
0.04585282909964411   3.7644664893187745e-14
0.045895084797997324   3.76100053703304e-14
0.04593737943711117   3.7575377758580216e-14
0.04597971305287157   3.75407820285565e-14
0.04602208568119742   3.7506218150905654e-14
0.046064497358040836   3.7471686096301006e-14
0.04610694811938694   3.7437185835443026e-14
0.04614943800125412   3.740271733905902e-14
0.046191967039693874   3.736828057790335e-14
0.046234535270791   3.733387552275725e-14
0.046277142730663474   3.7299502144428887e-14
0.04631978945546263   3.726516041375326e-14
0.04636247548137305   3.723085030159228e-14
0.04640520084461273   3.719657177883463e-14
0.04644796558143295   3.7162324816395856e-14
0.04649076972811852   3.712810938521821e-14
0.046533613320987564   3.7093925456270777e-14
0.046576496396391776   3.705977300054928e-14
0.04661941899071627   3.7025651989076247e-14
0.046662381140379745   3.6991562392900824e-14
0.04670538288183446   3.695750418309879e-14
0.04674842425156622   3.692347733077264e-14
0.04679150528609453   3.688948180705136e-14
0.04683462602197244   3.685551758309065e-14
0.04687778649578681   3.682158463007265e-14
0.04692098674415811   3.678768291920614e-14
0.046964226803740634   3.6753812421726273e-14
0.0470075067112224   3.671997310889484e-14
0.04705082650332529   3.668616495199993e-14
0.04709418621680495   3.665238792235625e-14
0.04713758588845101   3.661864199130478e-14
0.04718102555508688   3.658492713021288e-14
0.047224505253570005   3.6551243310474394e-14
0.04726802502079172   3.651759050350939e-14
0.04731158489367743   3.648396868076427e-14
0.04735518490918648   3.6450377813711835e-14
0.047398825104312384   3.641681787385095e-14
0.04744250551608263   3.638328883270688e-14
0.04748622618155895   3.6349790661831086e-14
0.047529987137837106   3.6316323332801164e-14
0.04757378842204715   3.628288681722089e-14
0.047617630071353285   3.624948108672029e-14
0.04766151212295401   3.621610611295533e-14
0.04770543461408205   3.6182761867608205e-14
0.0477493975820045   3.6149448322387176e-14
0.047793401064022745   3.6116165449026485e-14
0.0478374450974726   3.6082913219286427e-14
0.047881529719724224   3.6049691604953346e-14
0.04792565496818229   3.601650057783949e-14
0.047969820880285854   3.598334010978311e-14
0.04801402749350856   3.5950210172648357e-14
0.0480582748453585   3.5917110738325355e-14
0.04810256297337844   3.588404177872994e-14
0.048146891915145616   3.5851003265804046e-14
0.04819126170827201   3.581799517151519e-14
0.04823567239040416   3.5785017467856943e-14
0.048280123999223414   3.575207012684843e-14
0.04832461657244572   3.571915312053472e-14
0.04836915014782189   3.5686266420986515e-14
0.04841372476313745   3.565341000030029e-14
0.048458340456212806   3.562058383059815e-14
0.04850299726490315   3.558778788402795e-14
0.04854769522709864   3.5555022132763096e-14
0.048592434380724275   3.552228654900269e-14
0.048637214763740076   3.548958110497139e-14
0.04868203641414096   3.5456905772919493e-14
0.048726899369956965   3.5424260525122704e-14
0.04877180366925306   3.53916453338824e-14
0.0488167493501294   3.5359060171525345e-14
0.04886173645072115   3.5326505010403905e-14
0.04890676500919874   3.529397982289579e-14
0.04895183506376762   3.5261484581404255e-14
0.04899694665266862   3.522901925835779e-14
0.049042099814177655   3.519658382621044e-14
0.04908729458660604   3.5164178257441554e-14
0.049132531008300284   3.513180252455579e-14
0.04917780911764235   3.509945660008314e-14
0.04922312895304945   3.506714045657892e-14
0.04926849055297431   3.503485406662366e-14
0.049313893955905005   3.5002597402823164e-14
0.049359339200365164   3.497037043780848e-14
0.04940482632491381   3.493817314423584e-14
0.04945035536814562   3.490600549478659e-14
0.04949592636869072   3.487386746216733e-14
0.04954153936521495   3.4841759019109706e-14
0.04958719439641967   3.480968013837055e-14
0.04963289150104202   3.477763079273168e-14
0.04967863071785473   3.474561095500005e-14
0.04972441208566635   3.4713620598007624e-14
0.049770235643321115   3.468165969461141e-14
0.04981610142969914   3.4649728217693356e-14
0.04986200948371628   3.461782614016041e-14
0.049907959844324355   3.458595343494442e-14
0.049953952550510966   3.455411007500225e-14
0.04999998764129975   3.452229603331556e-14
0.050046065155750226   3.449051128289095e-14
0.050092185132957955   3.445875579675987e-14
0.05013834761205454   3.442702954797854e-14
0.050184552632207564   3.4395332509628074e-14
0.05023080023262081   3.436366465481431e-14
0.050277090452534104   3.433202595666787e-14
0.0503234233312235   3.4300416388344104e-14
0.05036979890800117   3.42688359230231e-14
0.05041621722221561   3.42372845339096e-14
0.050462678313251484   3.4205762194233067e-14
0.05050918222052983   3.417426887724758e-14
0.05055572898350794   3.414280455623184e-14
0.05060231864167956   3.411136920448915e-14
0.05064895123457471   3.407996279534744e-14
0.05069562680175997   3.404858530215912e-14
0.05074234538283827   3.40172366983012e-14
0.050789107017449125   3.398591695717515e-14
0.0508359117452685   3.3954626052206995e-14
0.05088275960600901   3.392336395684714e-14
0.050929650639419774   3.389213064457053e-14
0.05097658488528663   3.386092608887645e-14
0.051023562383431996   3.382975026328863e-14
0.05107058317371509   3.379860314135516e-14
0.05111764729603173   3.376748469664851e-14
0.05116475479031465   3.373639490276543e-14
0.051211905696533236   3.3705333733327044e-14
0.05125910005469385   3.3674301161978695e-14
0.051306337904839586   3.364329716239007e-14
0.05135361928705056   3.3612321708255016e-14
0.05140094424144372   3.358137477329167e-14
0.05144831280817309   3.355045633124231e-14
0.05149572502742958   3.351956635587343e-14
0.05154318093944125   3.3488704820975664e-14
0.051590680584473136   3.345787170036379e-14
0.05163822400282747   3.342706696787665e-14
0.05168581123484354   3.3396290597377234e-14
0.05173344232089789   3.336554256275254e-14
0.05178111730140419   3.333482283791367e-14
0.05182883621681343   3.330413139679567e-14
0.0518765991076138   3.327346821335767e-14
0.051924406014330904   3.324283326158269e-14
0.05197225697752757   3.3212226515477783e-14
0.05202015203780412   3.318164794907388e-14
0.0520680912357982   3.3151097536425845e-14
0.05211607461218499   3.3120575251612404e-14
0.05216410220767706   3.30900810687362e-14
0.052212174063024606   3.305961496192366e-14
0.05226029021901526   3.302917690532508e-14
0.05230845071647436   3.299876687311453e-14
0.052356655596264755   3.296838483948987e-14
0.052404904899287064   3.2938030778672714e-14
0.05245319866647948   3.29077046649084e-14
0.05250153693881803   3.2877406472465994e-14
0.05254991975731642   3.2847136175638244e-14
0.05259834716302622   3.281689374874157e-14
0.05264681919703675   3.278667916611604e-14
0.05269533590047531   3.275649240212532e-14
0.05274389731450696   3.2726333431156756e-14
0.05279250348033483   3.269620222762116e-14
0.05284115443919992   3.2666098765953044e-14
0.05288985023238132   3.26360230206103e-14
0.05293859090119606   3.260597496607449e-14
0.052987376486999374   3.257595457685055e-14
0.05303620703118446   3.254596182746698e-14
0.0530850825751828   3.2515996692475657e-14
0.053134003160463954   3.2486059146451956e-14
0.05318296882853577   3.2456149163994596e-14
0.05323197962094429   3.242626671972574e-14
0.0532810355792739   3.2396411788290876e-14
0.05333013674514723   3.2366584344358865e-14
0.05337928316022538   3.2336784362621854e-14
0.05342847486620771   3.2307011817795356e-14
0.053477711904832144   3.227726668461807e-14
0.053526994317874936   3.2247548937852056e-14
0.05357632214715097   3.221785855228251e-14
0.05362569543451353   3.218819550271794e-14
0.05367511422185458   3.2158559763989976e-14
0.05372457855110467   3.212895131095344e-14
0.053774088464232914   3.2099370118486337e-14
0.05382364400324722   3.2069816161489746e-14
0.053873245210194085   3.204028941488791e-14
0.05392289212715887   3.201078985362812e-14
0.05397258479626561   3.1981317452680765e-14
0.054022323259677284   3.195187218703923e-14
0.054072107559595586   3.1922454031719994e-14
0.05412193773826123   3.189306296176247e-14
0.054171813837953754   3.18636989522291e-14
0.054221735900991753   3.183436197820526e-14
0.05427170396973271   3.180505201479929e-14
0.054321718086573274   3.1775769037142395e-14
0.05437177829394903   3.1746513020388754e-14
0.05442188463433478   3.171728393971535e-14
0.054472037150244394   3.168808177032209e-14
0.05452223588423098   3.165890648743163e-14
0.054572480878886796   3.162975806628952e-14
0.05462277217684343   3.160063648216404e-14
0.05467310982077165   3.1571541710346316e-14
0.05472349385338168   3.1542473726150105e-14
0.05477392431742297   3.151343250491202e-14
0.05482440125568449   3.14844180219913e-14
0.05487492471099452   3.145543025276991e-14
0.05492549472622093   3.142646917265244e-14
0.05497611134427098   3.139753475706618e-14
0.05502677460809158   3.1368626981461e-14
0.055077484560669104   3.133974582130941e-14
0.055128241245029665   3.131089125210644e-14
0.0551790447042389   3.1282063249369775e-14
0.05522989498140225   3.125326178863955e-14
0.05528079211966477   3.1224486845478486e-14
0.05533173616221139   3.119573839547176e-14
0.05538272715226672   3.1167016414227064e-14
0.055433765133095315   3.113832087737451e-14
0.05548485014800149   3.1109651760566685e-14
0.05553598224032958   3.108100903947856e-14
0.05558716145346375   3.1052392689807544e-14
0.05563838783082826   3.102380268727337e-14
0.05568966141588728   3.099523900761816e-14
0.05574098225214513   3.096670162660635e-14
0.05579235038314614   3.093819052002472e-14
0.05584376585247484   3.090970566368231e-14
0.055895228703755837   3.088124703341047e-14
0.05594673898065407   3.085281460506274e-14
0.05599829672687456   3.082440835451498e-14
0.056049901986162755   3.079602825766516e-14
0.05610155480230428   3.0767674290433556e-14
0.05615325521912526   3.073934642876249e-14
0.05620500328049204   3.0711044648616536e-14
0.05625679903031155   3.068276892598234e-14
0.05630864251253104   3.065451923686869e-14
0.05636053377113839   3.062629555730643e-14
0.0564124728501619   3.059809786334851e-14
0.056464459793670554   3.0569926131069874e-14
0.05651649464577384   3.054178033656757e-14
0.05656857745062199   3.0513660455960585e-14
0.05662070825240585   3.048556646538993e-14
0.056672887095357054   3.045749834101858e-14
0.05672511402374792   3.0429456059031446e-14
0.056777389081891665   3.040143959563535e-14
0.05682971231414223   3.037344892705907e-14
0.056882083764894543   3.0345484029553226e-14
0.05693450347858433   3.0317544879390334e-14
0.056986971499688385   3.028963145286472e-14
0.05703948787272438   3.0261743726292564e-14
0.05709205264225112   3.023388167601185e-14
0.05714466585286834   3.020604527838235e-14
0.05719732754921703   3.017823450978557e-14
0.05725003777597918   3.015044934662482e-14
0.057302796577878075   3.012268976532507e-14
0.05735560399967809   3.009495574233305e-14
0.057408460086184984   3.006724725411713e-14
0.05746136488224569   3.003956427716741e-14
0.05751431843274857   3.001190678799554e-14
0.05756732078262325   2.9984274763134904e-14
0.057620371976840855   2.9956668179140403e-14
0.057673472060413934   2.992908701258856e-14
0.05772662107839644   2.990153124007748e-14
0.05777981907588397   2.987400083822678e-14
0.057833066098013544   2.984649578367765e-14
0.05788636218996391   2.9819016053092724e-14
0.05793970739695532   2.9791561623156187e-14
0.05799310176424984   2.976413247057363e-14
0.058046545337151104   2.973672857207215e-14
0.05810003816100462   2.9709349904400216e-14
0.058153580281197575   2.9681996444327766e-14
0.05820717174315909   2.965466816864606e-14
0.058260812592360045   2.962736505416779e-14
0.058314502874313334   2.9600087077726924e-14
0.05836824263457367   2.9572834216178844e-14
0.05842203191873788   2.954560644640017e-14
0.05847587077244468   2.951840374528886e-14
0.05852975924137496   2.9491226089764094e-14
0.05858369737125161   2.946407345676636e-14
0.05863768520783975   2.943694582325732e-14
0.058691722796946566   2.940984316621991e-14
0.05874581018442158   2.938276546265819e-14
0.05879994741615644   2.9355712689597455e-14
0.058854134538085225   2.932868482408408e-14
0.058908371596184186   2.9301681843185665e-14
0.0589626586364721   2.927470372399085e-14
0.05901699570501002   2.924775044360941e-14
0.05907138284790156   2.922082197917215e-14
0.05912582011129271   2.919391830783101e-14
0.059180307541372094   2.9167039406758866e-14
0.059234845184370805   2.914018525314971e-14
0.059289433086562635   2.9113355824218443e-14
0.0593440712942639   2.908655109720103e-14
0.05939875985383375   2.905977104935431e-14
0.0594534988116739   2.903301565795613e-14
0.059508288214228974   2.900628490030521e-14
0.059563128107986245   2.897957875372122e-14
0.059618018539475987   2.895289719554465e-14
0.0596729595552712   2.892624020313691e-14
0.05972795120198795   2.889960775388021e-14
0.05978299352628512   2.887299982517762e-14
0.05983808657486472   2.884641639445299e-14
0.059893230394471676   2.881985743915098e-14
0.05994842503189412   2.8793322936736976e-14
0.060003670533963174   2.876681286469717e-14
0.06005896694755324   2.874032720053841e-14
0.0601143143195818   2.871386592178833e-14
0.060169712697009686   2.868742900599519e-14
0.06022516212684089   2.866101643072798e-14
0.06028066265612284   2.863462817357628e-14
0.0603362143319462   2.8608264212150365e-14
0.06039181720144516   2.858192452408106e-14
0.0604474713117972   2.855560908701986e-14
0.06050317671022344   2.8529317878638756e-14
0.06055893344398835   2.8503050876630376e-14
0.06061474156040011   2.847680805870781e-14
0.06067060110681036   2.845058940260474e-14
0.0607265121306145   2.8424394886075275e-14
0.06078247467925149   2.839822448689409e-14
0.06083848880020413   2.8372078182856243e-14
0.06089455454099885   2.834595595177729e-14
0.060950671949206   2.8319857771493176e-14
0.061006841072439665   2.8293783619860292e-14
0.061063061958357895   2.826773347475537e-14
0.06111933465466257   2.8241707314075557e-14
0.06117565920909964   2.8215705115738304e-14
0.06123203566945892   2.8189726857681452e-14
0.06128846408357442   2.816377251786309e-14
0.061344944499324074   2.813784207426166e-14
0.06140147696463008   2.8111935504875815e-14
0.061458061527458675   2.808605278772454e-14
0.06151469823582042   2.806019390084699e-14
0.061571387137769995   2.8034358822302593e-14
0.061628128281406486   2.8008547530170927e-14
0.061684921714873185   2.798276000255181e-14
0.06174176748635785   2.7956996217565168e-14
0.061798665644092636   2.7931256153351097e-14
0.06185561623635406   2.7905539788069832e-14
0.06191261931146323   2.7879847099901688e-14
0.06196967491778571   2.785417806704711e-14
0.062026783103731706   2.7828532667726554e-14
0.06208394391775594   2.7802910880180594e-14
0.06214115740835792   2.7777312682669777e-14
0.06219842362408169   2.7751738053474733e-14
0.06225574261351619   2.7726186970896013e-14
0.062313114425294996   2.7700659413254213e-14
0.06237053910809663   2.7675155358889842e-14
0.06242801671064434   2.7649674786163395e-14
0.06248554728170642   2.762421767345524e-14
0.06254313087009596   2.7598783999165705e-14
0.06260076752467116   2.7573373741714947e-14
0.06265845729433514   2.754798687954304e-14
0.06271620022803621   2.7522623391109872e-14
0.06277399637476763   2.7497283254895218e-14
0.06283184578356799   2.7471966449398585e-14
0.06288974850352087   2.7446672953139364e-14
0.0629477045837553   2.7421402744656625e-14
0.06300571407344538   2.7396155802509306e-14
0.0630637770218107   2.7370932105275994e-14
0.06312189347811605   2.7345731631555067e-14
0.06318006349167178   2.7320554359964544e-14
0.06323828711183353   2.729540026914219e-14
0.06329656438800256   2.727026933774539e-14
0.06335489536962553   2.724516154445123e-14
0.06341328010619479   2.7220076867956364e-14
0.06347171864724818   2.7195015286977123e-14
0.06353021104236932   2.7169976780249388e-14
0.06358875734118737   2.7144961326528652e-14
0.06364735759337738   2.7119968904589935e-14
0.06370601184866005   2.709499949322783e-14
0.06376472015680203   2.7070053071256428e-14
0.06382348256761568   2.704512961750936e-14
0.06388229913095941   2.7020229110839688e-14
0.06394116989673745   2.6995351530120012e-14
0.06400009491490016   2.6970496854242328e-14
0.06405907423544377   2.6945665062118113e-14
0.06411810790841074   2.6920856132678207e-14
0.06417719598388952   2.6896070044872903e-14
0.06423633851201482   2.687130677767182e-14
0.06429553554296744   2.6846566310064016e-14
0.06435478712697457   2.6821848621057797e-14
0.06441409331430951   2.6797153689680896e-14
0.0644734541552921   2.6772481494980248e-14
0.06453286970028832   2.6747832016022186e-14
0.06459233999971077   2.6723205231892244e-14
0.06465186510401837   2.669860112169525e-14
0.06471144506371662   2.667401966455524e-14
0.0647710799293575   2.66494608396155e-14
0.06483076975153966   2.662492462603849e-14
0.06489051458090826   2.6600411003005904e-14
0.06495031446815527   2.657591994971853e-14
0.06501016946401926   2.6551451445396375e-14
0.06507007961928565   2.6527005469278526e-14
0.06513004498478656   2.6502582000623238e-14
0.06519006561140105   2.6478181018707802e-14
0.065250141550055   2.6453802502828644e-14
0.06531027285172128   2.642944643230122e-14
0.06537045956741966   2.6405112786460033e-14
0.06543070174821704   2.6380801544658613e-14
0.06549099944522722   2.6356512686269523e-14
0.06555135270961128   2.633224619068428e-14
0.06561176159257728   2.6308002037313415e-14
0.06567222614538064   2.628378020558637e-14
0.06573274641932385   2.625958067495157e-14
0.06579332246575682   2.6235403424876326e-14
0.06585395433607666   2.6211248434846897e-14
0.06591464208172795   2.6187115684368376e-14
0.06597538575420257   2.6163005152964778e-14
0.06603618540504   2.6138916820178916e-14
0.06609704108582704   2.61148506655725e-14
0.0661579528481982   2.609080666872599e-14
0.0662189207438354   2.6066784809238714e-14
0.06627994482446835   2.6042785066728733e-14
0.06634102514187436   2.6018807420832885e-14
0.06640216174787843   2.599485185120677e-14
0.06646335469435337   2.597091833752471e-14
0.06652460403321973   2.594700685947975e-14
0.06658590981644602   2.5923117396783605e-14
0.06664727209604848   2.589924992916672e-14
0.06670869092409146   2.5875404436378134e-14
0.06677016635268712   2.58515808981856e-14
0.06683169843399582   2.582777929437544e-14
0.0668932872202258   2.5803999604752635e-14
0.06695493276363361   2.5780241809140723e-14
0.06701663511652377   2.5756505887381845e-14
0.06707839433124914   2.5732791819336685e-14
0.06714021046021074   2.5709099584884484e-14
0.06720208355585795   2.5685429163922975e-14
0.0672640136706884   2.5661780536368453e-14
0.06732600085724821   2.563815368215565e-14
0.06738804516813181   2.561454858123782e-14
0.06745014665598219   2.5590965213586622e-14
0.06751230537349076   2.556740355919221e-14
0.0675745213733976   2.5543863598063112e-14
0.0676367947084913   2.5520345310226306e-14
0.06769912543160914   2.5496848675727127e-14
0.06776151359563706   2.5473373674629302e-14
0.06782395925350981   2.544992028701489e-14
0.06788646245821083   2.5426488492984325e-14
0.06794902326277245   2.540307827265632e-14
0.06801164172027582   2.5379689606167937e-14
0.06807431788385111   2.535632247367447e-14
0.06813705180667728   2.5332976855349556e-14
0.0681998435419825   2.5309652731385015e-14
0.0682626931430438   2.5286350081990958e-14
0.06832560066318748   2.526306888739568e-14
0.06838856615578881   2.5239809127845715e-14
0.06845158967427244   2.521657078360574e-14
0.06851467127211204   2.5193353834958652e-14
0.06857781100283078   2.517015826220545e-14
0.06864100892000097   2.5146984045665317e-14
0.0687042650772444   2.5123831165675522e-14
0.0687675795282322   2.5100699602591467e-14
0.06883095232668507   2.5077589336786607e-14
0.06889438352637307   2.5054500348652506e-14
0.06895787318111596   2.5031432618598733e-14
0.06902142134478294   2.5008386127052955e-14
0.06908502807129303   2.4985360854460794e-14
0.06914869341461478   2.496235678128593e-14
0.0692124174287666   2.4939373888009988e-14
0.06927620016781656   2.491641215513261e-14
0.06934004168588269   2.4893471563171342e-14
0.06940394203713274   2.487055209266172e-14
0.06946790127578456   2.4847653724157126e-14
0.06953191945610576   2.4824776438228944e-14
0.06959599663241417   2.4801920215466357e-14
0.06966013285907748   2.4779085036476484e-14
0.06972432819051365   2.475627088188425e-14
0.06978858268119065   2.473347773233246e-14
0.06985289638562678   2.4710705568481702e-14
0.06991726935839042   2.468795437101042e-14
0.06998170165410042   2.4665224120614787e-14
0.0700461933274258   2.4642514798008806e-14
0.07011074443308608   2.4619826383924185e-14
0.07017535502585112   2.4597158859110425e-14
0.07024002516054136   2.4574512204334697e-14
0.07030475489202759   2.4551886400381933e-14
0.07036954427523136   2.452928142805471e-14
0.07043439336512468   2.4506697268173318e-14
0.07049930221673033   2.4484133901575662e-14
0.07056427088512168   2.4461591309117346e-14
0.07062929942542301   2.4439069471671552e-14
0.07069438789280923   2.44165683701291e-14
0.07075953634250623   2.4394087985398377e-14
0.07082474482979068   2.4371628298405398e-14
0.07089001340999032   2.434918929009366e-14
0.07095534213848376   2.4326770941424294e-14
0.07102073107070069   2.43043732333759e-14
0.07108618026212192   2.4281996146944597e-14
0.0711516897682793   2.425963966314404e-14
0.07121725964475598   2.4237303763005316e-14
0.07128288994718616   2.4214988427577012e-14
0.07134858073125552   2.419269363792513e-14
0.07141433205270084   2.4170419375133154e-14
0.07148014396731045   2.4148165620301928e-14
0.07154601653092395   2.412593235454975e-14
0.07161194979943253   2.4103719559012244e-14
0.07167794382877873   2.4081527214842468e-14
0.07174399867495683   2.405935530321077e-14
0.07181011439401251   2.40372038053049e-14
0.07187629104204331   2.4015072702329843e-14
0.07194252867519825   2.3992961975507987e-14
0.0720088273496783   2.397087160607892e-14
0.07207518712173602   2.3948801575299575e-14
0.07214160804767604   2.3926751864444082e-14
0.07220809018385464   2.3904722454803852e-14
0.07227463358668022   2.3882713327687505e-14
0.07234123831261303   2.3860724464420888e-14
0.0724079044181655   2.3838755846346997e-14
0.07247463195990193   2.3816807454826063e-14
0.07254142099443898   2.379487927123543e-14
0.0726082715784453   2.377297127696963e-14
0.07267518376864189   2.3751083453440278e-14
0.07274215762180189   2.3729215782076158e-14
0.07280919319475092   2.3707368244323098e-14
0.07287629054436681   2.368554082164406e-14
0.07294344972757995   2.366373349551902e-14
0.07301067080137305   2.364194624744506e-14
0.07307795382278148   2.3620179058936253e-14
0.07314529884889302   2.3598431911523727e-14
0.07321270593684821   2.3576704786755577e-14
0.07328017514384012   2.3554997666196926e-14
0.07334770652711463   2.353331053142983e-14
0.07341530014397026   2.351164336405335e-14
0.07348295605175846   2.3489996145683443e-14
0.07355067430788342   2.3468368857953026e-14
0.07361845496980235   2.344676148251189e-14
0.07368629809502526   2.3425174001026777e-14
0.07375420374111531   2.340360639518124e-14
0.07382217196568858   2.3382058646675763e-14
0.07389020282641437   2.336053073722761e-14
0.07395829638101498   2.333902264857096e-14
0.07402645268726604   2.3317534362456725e-14
0.07409467180299634   2.3296065860652682e-14
0.07416295378608802   2.327461712494335e-14
0.07423129869447646   2.3253188137130066e-14
0.0742997065861506   2.323177887903087e-14
0.07436817751915262   2.321038933248059e-14
0.07443671155157837   2.3189019479330727e-14
0.07450530874157708   2.316766930144956e-14
0.07457396914735172   2.3146338780721988e-14
0.07464269282715875   2.3125027899049657e-14
0.07471147983930847   2.3103736638350807e-14
0.07478033024216474   2.3082464980560396e-14
0.07484924409414538   2.3061212907629952e-14
0.07491822145372189   2.3039980401527682e-14
0.0749872623794198   2.3018767444238323e-14
0.07505636692981843   2.2997574017763274e-14
0.07512553516355124   2.297640010412044e-14
0.07519476713930554   2.2955245685344335e-14
0.07526406291582291   2.2934110743485965e-14
0.07533342255189891   2.2912995260612914e-14
0.07540284610638343   2.2891899218809224e-14
0.07547233363818041   2.287082260017548e-14
0.07554188520624827   2.2849765386828695e-14
0.07561150086959958   2.282872756090242e-14
0.07568118068730148   2.2807709104546567e-14
0.07575092471847536   2.2786709999927553e-14
0.07582073302229723   2.2765730229228182e-14
0.07589060565799755   2.2744769774647676e-14
0.07596054268486142   2.2723828618401628e-14
0.07603054416222853   2.2702906742722035e-14
0.07610061014949326   2.2682004129857227e-14
0.07617074070610481   2.266112076207187e-14
0.07624093589156701   2.2640256621646996e-14
0.0763111957654387   2.2619411690879907e-14
0.07638152038733341   2.2598585952084265e-14
0.07645190981691981   2.2577779387589936e-14
0.0765223641139214   2.255699197974313e-14
0.07659288333811681   2.2536223710906257e-14
0.07666346754933971   2.2515474563457993e-14
0.07673411680747898   2.249474451979323e-14
0.07680483117247854   2.2474033562323082e-14
0.07687561070433777   2.2453341673474813e-14
0.0769464554631111   2.2432668835691943e-14
0.07701736550890854   2.241201503143407e-14
0.0770883409018953   2.239138024317703e-14
0.07715938170229218   2.2370764453412704e-14
0.07723048797037534   2.2350167644649173e-14
0.07730165976647664   2.2329589799410553e-14
0.07737289715098337   2.2309030900237103e-14
0.07744420018433866   2.2288490929685125e-14
0.07751556892704115   2.2267969870327015e-14
0.07758700343964538   2.224746770475117e-14
0.0776585037827616   2.2226984415562058e-14
0.077730070017056   2.2206519985380135e-14
0.07780170220325054   2.2186074396841885e-14
0.07787340040212334   2.216564763259974e-14
0.07794516467450834   2.2145239675322154e-14
0.07801699508129567   2.2124850507693488e-14
0.07808889168343146   2.2104480112414092e-14
0.07816085454191814   2.20841284722002e-14
0.07823288371781421   2.2063795569784003e-14
0.07830497927223459   2.2043481387913545e-14
0.07837714126635037   2.2023185909352796e-14
0.07844936976138915   2.2002909116881558e-14
0.07852166481863483   2.1982650993295525e-14
0.07859402649942791   2.1962411521406192e-14
0.07866645486516528   2.1942190684040923e-14
0.07873894997730058   2.1921988464042847e-14
0.07881151189734388   2.1901804844270925e-14
0.07888414068686214   2.1881639807599872e-14
0.07895683640747887   2.1861493336920218e-14
0.07902959912087455   2.1841365415138167e-14
0.07910242888878631   2.1821256025175754e-14
0.07917532577300838   2.1801165149970638e-14
0.07924828983539174   2.178109277247629e-14
0.07932132113784453   2.1761038875661794e-14
0.07939441974233179   2.174100344251197e-14
0.07946758571087584   2.1720986456027256e-14
0.07954081910555598   2.1700987899223777e-14
0.07961411998850887   2.168100775513328e-14
0.07968748842192827   2.1661046006803156e-14
0.07976092446806546   2.164110263729636e-14
0.07983442818922888   2.1621177629691487e-14
0.07990799964778456   2.1601270967082686e-14
0.07998163890615585   2.1581382632579676e-14
0.08005534602682379   2.156151260930773e-14
0.08012912107232684   2.1541660880407658e-14
0.08020296410526123   2.152182742903578e-14
0.08027687518828075   2.1502012238363953e-14
0.08035085438409707   2.148221529157949e-14
0.08042490175547948   2.1462436571885232e-14
0.08049901736525529   2.144267606249942e-14
0.08057320127630954   2.1422933746655812e-14
0.08064745355158542   2.1403209607603545e-14
0.0807217742540839   2.1383503628607236e-14
0.08079616344686423   2.1363815792946852e-14
0.08087062119304356   2.1344146083917807e-14
0.0809451475557974   2.1324494484830848e-14
0.08101974259835933   2.1304860979012138e-14
0.0810944063840213   2.1285245549803138e-14
0.0811691389761335   2.1265648180560686e-14
0.08124394043810462   2.124606885465693e-14
0.08131881083340163   2.122650755547933e-14
0.08139375022555018   2.120696426643062e-14
0.08146875867813423   2.1187438970928863e-14
0.08154383625479658   2.1167931652407333e-14
0.08161898301923845   2.114844229431461e-14
0.08169419903521993   2.1128970880114476e-14
0.08176948436655986   2.1109517393285932e-14
0.08184483907713573   2.109008181732323e-14
0.08192026323088414   2.107066413573578e-14
0.08199575689180036   2.1051264332048208e-14
0.08207132012393885   2.1031882389800267e-14
0.08214695299141293   2.101251829254692e-14
0.08222265555839517   2.0993172023858206e-14
0.08229842788911708   2.0973843567319358e-14
0.08237427004786957   2.0954532906530667e-14
0.08245018209900262   2.093524002510756e-14
0.08252616410692565   2.0915964906680524e-14
0.08260221613610731   2.0896707534895146e-14
0.08267833825107582   2.0877467893412027e-14
0.08275453051641866   2.0858245965906873e-14
0.08283079299678306   2.083904173607035e-14
0.0829071257568756   2.0819855187608204e-14
0.0829835288614627   2.080068630424113e-14
0.08306000237537027   2.0781535069704853e-14
0.08313654636348414   2.0762401467750042e-14
0.08321316089074977   2.0743285482142354e-14
0.08328984602217265   2.0724187096662367e-14
0.08336660182281798   2.0705106295105615e-14
0.0834434283578111   2.0686043061282528e-14
0.0835203256923372   2.066699737901847e-14
0.08359729389164172   2.064796923215366e-14
0.08367433302103004   2.062895860454324e-14
0.0837514431458679   2.0609965480057183e-14
0.08382862433158111   2.0590989842580322e-14
0.08390587664365595   2.0572031676012325e-14
0.08398320014763887   2.0553090964267706e-14
0.08406059490913688   2.0534167691275744e-14
0.0841380609938173   2.0515261840980568e-14
0.08421559846740814   2.0496373397341035e-14
0.0842932073956978   2.047750234433082e-14
0.08437088784453547   2.0458648665938317e-14
0.08444863987983087   2.04398123461667e-14
0.08452646356755461   2.0420993369033818e-14
0.08460435897373797   2.0402191718572285e-14
0.08468232616447317   2.038340737882939e-14
0.08476036520591326   2.0364640333867123e-14
0.08483847616427236   2.034589056776212e-14
0.08491665910582546   2.0327158064605727e-14
0.08499491409690879   2.0308442808503892e-14
0.08507324120391956   2.0289744783577225e-14
0.0851516404933163   2.027106397396093e-14
0.08523011203161868   2.0252400363804846e-14
0.08530865588540777   2.0233753937273377e-14
0.08538727212132587   2.0215124678545544e-14
0.08546596080607684   2.0196512571814882e-14
0.08554472200642588   2.0177917601289546e-14
0.08562355578919983   2.0159339751192168e-14
0.08570246222128701   2.0140779005759942e-14
0.08578144136963749   2.0122235349244552e-14
0.08586049330126291   2.0103708765912218e-14
0.08593961808323682   2.00851992400436e-14
0.0860188157826944   2.0066706755933873e-14
0.0860980864668329   2.0048231297892624e-14
0.08617743020291127   2.0029772850243953e-14
0.08625684705825068   2.001133139732632e-14
0.08633633710023413   1.9992906923492665e-14
0.0864159003963069   1.997449941311028e-14
0.08649553701397622   1.9956108850560905e-14
0.08657524702081176   1.9937735220240614e-14
0.08665503048444526   1.991937850655988e-14
0.08673488747257094   1.99010386939435e-14
0.08681481805294525   1.9882715766830652e-14
0.08689482229338726   1.9864409709674784e-14
0.08697490026177834   1.9846120506943718e-14
0.08705505202606263   1.9827848143119524e-14
0.08713527765424667   1.9809592602698605e-14
0.08721557721439988   1.9791353870191596e-14
0.08729595077465419   1.977313193012344e-14
0.08737639840320453   1.9754926767033276e-14
0.08745692016830849   1.973673836547452e-14
0.0875375161382867   1.9718566710014794e-14
0.08761818638152274   1.9700411785235902e-14
0.08769893096646308   1.9682273575733905e-14
0.08777974996161744   1.9664152066118984e-14
0.08786064343555852   1.964604724101553e-14
0.08794161145692235   1.9627959085062072e-14
0.08802265409440806   1.96098875829113e-14
0.08810377141677828   1.9591832719229993e-14
0.08818496349285881   1.9573794478699106e-14
0.08826623039153905   1.9555772846013646e-14
0.08834757218177172   1.953776780588275e-14
0.08842898893257327   1.95197793430296e-14
0.08851048071302355   1.9501807442191483e-14
0.08859204759226626   1.948385208811969e-14
0.08867368963950864   1.9465913265579596e-14
0.0887554069240219   1.944799095935057e-14
0.08883719951514088   1.943008515422602e-14
0.08891906748226454   1.941219583501333e-14
0.08900101089485554   1.9394322986533912e-14
0.08908302982244083   1.9376466593623082e-14
0.08916512433461116   1.9358626641130204e-14
0.08924729450102166   1.9340803113918526e-14
0.08932954039139143   1.9322995996865266e-14
0.08941186207550403   1.9305205274861544e-14
0.08949425962320712   1.9287430932812418e-14
0.08957673310441291   1.9269672955636815e-14
0.0896592825890979   1.9251931328267574e-14
0.08974190814730319   1.923420603565137e-14
0.08982460984913432   1.9216497062748778e-14
0.08990738776476154   1.9198804394534198e-14
0.08999024196441965   1.9181128015995877e-14
0.09007317251840831   1.916346791213585e-14
0.09015617949709182   1.9145824067970013e-14
0.09023926297089947   1.9128196468528015e-14
0.09032242301032531   1.911058509885331e-14
0.0904056596859285   1.90929899440031e-14
0.09048897306833305   1.907541098904839e-14
0.09057236322822827   1.9057848219073876e-14
0.09065583023636839   1.9040301619178022e-14
0.09073937416357304   1.9022771174472995e-14
0.09082299508072693   1.9005256870084692e-14
0.0909066930587803   1.8987758691152666e-14
0.09099046816874853   1.8970276622830194e-14
0.09107432048171271   1.8952810650284177e-14
0.09115825006881918   1.8935360758695232e-14
0.09124225700128008   1.8917926933257562e-14
0.09132634135037294   1.8900509159179045e-14
0.09141050318744122   1.8883107421681135e-14
0.0914947425838939   1.8865721705998946e-14
0.09157905961120595   1.8848351997381133e-14
0.09166345434091806   1.883099828108998e-14
0.09174792684463699   1.881366054240129e-14
0.09183247719403534   1.8796338766604475e-14
0.09191710546085191   1.877903293900245e-14
0.09200181171689145   1.8761743044911693e-14
0.09208659603402507   1.8744469069662168e-14
0.09217145848418992   1.8727210998597377e-14
0.09225639913938961   1.8709968817074288e-14
0.09234141807169396   1.8692742510463387e-14
0.09242651535323936   1.8675532064148584e-14
0.09251169105622849   1.8658337463527293e-14
0.09259694525293077   1.8641158694010327e-14
0.09268227801568205   1.8623995741021976e-14
0.09276768941688499   1.8606848589999905e-14
0.09285317952900879   1.8589717226395232e-14
0.09293874842458964   1.8572601635672437e-14
0.0930243961762304   1.8555501803309392e-14
0.09311012285660099   1.8538417714797342e-14
0.09319592853843812   1.85213493556409e-14
0.09328181329454575   1.850429671135799e-14
0.09336777719779471   1.8487259767479922e-14
0.09345382032112319   1.8470238509551273e-14
0.09353994273753638   1.845323292312998e-14
0.09362614452010697   1.8436242993787237e-14
0.09371242574197479   1.841926870710755e-14
0.09379878647634726   1.8402310048688665e-14
0.09388522679649908   1.838536700414163e-14
0.0939717467757726   1.836843955909071e-14
0.09405834648757778   1.835152769917341e-14
0.09414502600539208   1.833463141004048e-14
0.09423178540276086   1.8317750677355848e-14
0.0943186247532971   1.8300885486796668e-14
0.09440554413068172   1.8284035824053263e-14
0.09449254360866345   1.8267201674829158e-14
0.09457962326105913   1.8250383024841e-14
0.09466678316175343   1.8233579859818623e-14
0.0947540233846993   1.821679216550497e-14
0.09484134400391767   1.8200019927656167e-14
0.09492874509349786   1.8183263132041366e-14
0.09501622672759726   1.816652176444289e-14
0.09510378898044182   1.8149795810656128e-14
0.0951914319263257   1.8133085256489557e-14
0.0952791556396117   1.8116390087764697e-14
0.09536696019473097   1.8099710290316153e-14
0.09545484566618342   1.8083045849991555e-14
0.09554281212853748   1.8066396752651585e-14
0.09563085965643041   1.8049762984169888e-14
0.09571898832456813   1.8033144530433157e-14
0.09580719820772557   1.8016541377341106e-14
0.09589548938074637   1.799995351080637e-14
0.09598386191854334   1.7983380916754572e-14
0.09607231589609815   1.796682358112435e-14
0.09616085138846171   1.7950281489867187e-14
0.096249468470754   1.7933754628947603e-14
0.0963381672181643   1.7917242984342978e-14
0.09642694770595106   1.7900746542043604e-14
0.09651581000944229   1.7884265288052686e-14
0.09660475420403516   1.786779920838635e-14
0.09669378036519657   1.7851348289073523e-14
0.09678288856846277   1.7834912516156058e-14
0.09687207888943979   1.781849187568862e-14
0.09696135140380314   1.780208635373875e-14
0.09705070618729829   1.7785695936386766e-14
0.09714014331574031   1.7769320609725874e-14
0.0972296628650143   1.7752960359862016e-14
0.09731926491107513   1.773661517291396e-14
0.09740894952994789   1.772028503501323e-14
0.09749871679772745   1.7703969932304152e-14
0.09758856679057908   1.76876698509438e-14
0.09767849958473801   1.767138477710198e-14
0.09776851525650991   1.7655114696961226e-14
0.09785861388227061   1.7638859596716813e-14
0.0979487955384665   1.7622619462576713e-14
0.0980390603016142   1.7606394280761622e-14
0.09812940824830109   1.7590184037504883e-14
0.09821983945518488   1.757398871905254e-14
0.09831035399899415   1.755780831166329e-14
0.09840095195652801   1.7541642801608507e-14
0.0984916334046565   1.7525492175172133e-14
0.09858239842032034   1.7509356418650844e-14
0.0986732470805313   1.7493235518353844e-14
0.09876417946237198   1.747712946060299e-14
0.0988551956429962   1.7461038231732695e-14
0.09894629569962865   1.7444961818090022e-14
0.09903747970956543   1.7428900206034506e-14
0.09912874775017363   1.7412853381938347e-14
0.09922009989889188   1.7396821332186192e-14
0.09931153623322994   1.7380804043175302e-14
0.09940305683076921   1.7364801501315414e-14
0.09949466176916238   1.73488136930288e-14
0.09958635112613393   1.733284060475024e-14
0.09967812497947973   1.7316882222926982e-14
0.09976998340706755   1.730093853401875e-14
0.09986192648683674   1.7285009524497757e-14
0.09995395429679867   1.7269095180848645e-14
0.10004606691503641   1.7253195489568546e-14
0.100138264419705   1.723731043716698e-14
0.10023054688903175   1.7221440010165884e-14
0.10032291440131583   1.7205584195099627e-14
0.10041536703492857   1.7189742978514975e-14
0.10050790486831349   1.7173916346971084e-14
0.1006005279799867   1.7158104287039457e-14
0.10069323644853632   1.714230678530399e-14
0.10078603035262297   1.7126523828360928e-14
0.10087890977097998   1.711075540281883e-14
0.10097187478241296   1.7095001495298608e-14
0.10106492546580029   1.7079262092433497e-14
0.10115806190009287   1.7063537180869046e-14
0.1012512841643147   1.7047826747263052e-14
0.10134459233756231   1.703213077828564e-14
0.1014379864990052   1.7016449260619197e-14
0.10153146672788572   1.7000782180958395e-14
0.10162503310351959   1.6985129526010084e-14
0.10171868570529527   1.6969491282493425e-14
0.10181242461267452   1.695386743713978e-14
0.1019062499051922   1.6938257976692744e-14
0.1020001616624568   1.692266288790808e-14
0.10209415996414985   1.6907082157553776e-14
0.10218824489002638   1.6891515772409993e-14
0.10228241651991488   1.6875963719269093e-14
0.10237667493371767   1.6860425984935523e-14
0.10247102021141043   1.684490255622595e-14
0.10256545243304259   1.6829393419969157e-14
0.10265997167873729   1.681389856300607e-14
0.10275457802869181   1.6798417972189674e-14
0.10284927156317704   1.678295163438512e-14
0.1029440523625379   1.6767499536469623e-14
0.10303892050719328   1.6752061665332513e-14
0.10313387607763651   1.6736638007875125e-14
0.10322891915443475   1.6721228551010908e-14
0.10332404981822954   1.670583328166535e-14
0.10341926814973659   1.6690452186775993e-14
0.10351457422974637   1.6675085253292347e-14
0.10360996813912343   1.6659732468175994e-14
0.10370544995880697   1.66443938184005e-14
0.1038010197698107   1.662906929095144e-14
0.10389667765322323   1.6613758872826335e-14
0.10399242369020767   1.6598462551034712e-14
0.10408825796200197   1.658318031259804e-14
0.10418418054991885   1.6567912144549774e-14
0.10428019153534632   1.6552658033935238e-14
0.10437629099974702   1.6537417967811742e-14
0.10447247902465881   1.6522191933248482e-14
0.10456875569169455   1.6506979917326605e-14
0.10466512108254267   1.649178190713907e-14
0.10476157527896651   1.6476597889790796e-14
0.10485811836280493   1.6461427852398535e-14
0.10495475041597203   1.644627178209094e-14
0.10505147152045778   1.6431129666008442e-14
0.10514828175832736   1.6416001491303384e-14
0.10524518121172168   1.6400887245139905e-14
0.10534216996285724   1.6385786914693984e-14
0.10543924809402663   1.6370700487153353e-14
0.10553641568759797   1.63556279497176e-14
0.10563367282601539   1.6340569289598078e-14
0.10573101959179887   1.6325524494017922e-14
0.10582845606754478   1.6310493550211992e-14
0.10592598233592526   1.629547644542695e-14
0.10602359847968877   1.628047316692118e-14
0.1061213045816599   1.6265483701964808e-14
0.10621910072473992   1.6250508037839638e-14
0.10631698699190612   1.6235546161839235e-14
0.10641496346621242   1.6220598061268837e-14
0.10651303023078913   1.6205663723445406e-14
0.10661118736884354   1.6190743135697512e-14
0.10670943496365924   1.6175836285365443e-14
0.10680777309859672   1.6160943159801133e-14
0.10690620185709317   1.6146063746368182e-14
0.10700472132266298   1.6131198032441765e-14
0.1071033315788972   1.6116346005408733e-14
0.10720203270946402   1.6101507652667537e-14
0.10730082479810861   1.608668296162824e-14
0.10739970792865365   1.6071871919712453e-14
0.10749868218499875   1.605707451435342e-14
0.10759774765112094   1.604229073299593e-14
0.10769690441107452   1.602752056309635e-14
0.10779615254899158   1.6012763992122552e-14
0.10789549214908142   1.5998021007554e-14
0.10799492329563097   1.5983291596881667e-14
0.10809444607300511   1.5968575747608012e-14
0.10819406056564618   1.595387344724704e-14
0.10829376685807442   1.5939184683324236e-14
0.10839356503488785   1.5924509443376598e-14
0.10849345518076282   1.5909847714952534e-14
0.10859343738045335   1.5895199485611972e-14
0.10869351171879166   1.5880564742926283e-14
0.10879367828068809   1.5865943474478284e-14
0.10889393715113149   1.5851335667862188e-14
0.10899428841518878   1.5836741310683674e-14
0.10909473215800532   1.582216039055982e-14
0.10919526846480483   1.580759289511911e-14
0.10929589742088996   1.5793038812001383e-14
0.10939661911164157   1.57784981288579e-14
0.10949743362251935   1.5763970833351274e-14
0.1095983410390616   1.57494569131555e-14
0.10969934144688584   1.5734956355955867e-14
0.1098004349316881   1.5720469149449048e-14
0.10990162157924352   1.5705995281343044e-14
0.11000290147540619   1.5691534739357162e-14
0.1101042747061096   1.5677087511221997e-14
0.11020574135736617   1.566265358467946e-14
0.11030730151526764   1.5648232947482763e-14
0.110408955265985   1.5633825587396383e-14
0.11051070269576897   1.5619431492196028e-14
0.11061254389094946   1.56050506496687e-14
0.11071447893793598   1.5590683047612646e-14
0.11081650792321762   1.5576328673837343e-14
0.11091863093336349   1.5561987516163458e-14
0.11102084805502214   1.554765956242291e-14
0.11112315937492208   1.5533344800458813e-14
0.11122556497987163   1.5519043218125488e-14
0.11132806495675945   1.5504754803288385e-14
0.11143065939255395   1.5490479543824184e-14
0.11153334837430377   1.5476217427620703e-14
0.11163613198913769   1.5461968442576928e-14
0.11173901032426509   1.5447732576602942e-14
0.11184198346697538   1.5433509817620006e-14
0.11194505150463856   1.5419300153560492e-14
0.112048214524705   1.5405103572367883e-14
0.11215147261470601   1.5390920061996726e-14
0.11225482586225322   1.537674961041271e-14
0.11235827435503912   1.5362592205592576e-14
0.11246181818083689   1.534844783552416e-14
0.11256545742750096   1.5334316488206304e-14
0.11266919218296635   1.5320198151648955e-14
0.11277302253524925   1.5306092813873075e-14
0.11287694857244683   1.5292000462910676e-14
0.11298097038273781   1.527792108680474e-14
0.11308508805438183   1.5263854673609305e-14
0.11318930167571997   1.5249801211389393e-14
0.11329361133517458   1.5235760688221025e-14
0.11339801712124989   1.522173309219116e-14
0.11350251912253131   1.5207718411397774e-14
0.11360711742768603   1.5193716633949777e-14
0.11371181212546279   1.5179727747967053e-14
0.11381660330469251   1.5165751741580364e-14
0.11392149105428762   1.515178860293146e-14
0.11402647546324256   1.5137838320172988e-14
0.1141315566206337   1.5123900881468513e-14
0.11423673461561988   1.5109976274992465e-14
0.11434200953744168   1.509606448893019e-14
0.11444738147542209   1.5082165511477912e-14
0.11455285051896628   1.5068279330842738e-14
0.11465841675756219   1.5054405935242568e-14
0.11476408028077982   1.5040545312906217e-14
0.11486984117827188   1.502669745207331e-14
0.11497569953977356   1.5012862340994327e-14
0.11508165545510311   1.4999039967930506e-14
0.1151877090141612   1.498523032115394e-14
0.11529386030693142   1.4971433388947524e-14
0.11540010942348025   1.4957649159604936e-14
0.11550645645395748   1.4943877621430583e-14
0.11561290148859557   1.4930118762739708e-14
0.11571944461771025   1.4916372571858287e-14
0.11582608593170073   1.490263903712302e-14
0.11593282552104923   1.488891814688138e-14
0.11603966347632147   1.4875209889491555e-14
0.11614659988816647   1.4861514253322467e-14
0.1162536348473172   1.4847831226753704e-14
0.11636076844458984   1.483416079817559e-14
0.11646800077088441   1.482050295598913e-14
0.11657533191718458   1.4806857688606024e-14
0.11668276197455822   1.4793224984448594e-14
0.11679029103415674   1.477960483194987e-14
0.1168979191872157   1.476599721955351e-14
0.11700564652505463   1.4752402135713822e-14
0.11711347313907752   1.4738819568895723e-14
0.1172213991207723   1.4725249507574776e-14
0.11732942456171129   1.471169194023713e-14
0.11743754955355107   1.4698146855379587e-14
0.11754577418803308   1.4684614241509453e-14
0.11765409855698293   1.4671094087144686e-14
0.11776252275231097   1.4657586380813792e-14
0.11787104686601213   1.4644091111055857e-14
0.11797967099016647   1.4630608266420467e-14
0.11808839521693856   1.4617137835467807e-14
0.11819721963857802   1.4603679806768574e-14
0.11830614434741936   1.4590234168903993e-14
0.11841516943588254   1.4576800910465778e-14
0.11852429499647235   1.4563380020056174e-14
0.11863352112177891   1.454997148628791e-14
0.11874284790447757   1.4536575297784218e-14
0.11885227543732946   1.452319144317876e-14
0.11896180381318078   1.45098199111157e-14
0.11907143312496349   1.449646069024965e-14
0.11918116346569499   1.4483113769245683e-14
0.11929099492847883   1.4469779136779254e-14
0.11940092760650395   1.44564567815363e-14
0.11951096159304532   1.4443146692213155e-14
0.11962109698146374   1.4429848857516575e-14
0.11973133386520639   1.441656326616367e-14
0.11984167233780622   1.4403289906881986e-14
0.1199521124928825   1.4390028768409428e-14
0.12006265442414064   1.4376779839494283e-14
0.12017329822537279   1.436354310889516e-14
0.12028404399045713   1.4350318565381056e-14
0.12039489181335852   1.43371061977313e-14
0.12050584178812827   1.432390599473556e-14
0.12061689400890474   1.4310717945193786e-14
0.12072804856991264   1.4297542037916284e-14
0.1208393055654637   1.428437826172364e-14
0.12095066508995636   1.4271226605446755e-14
0.1210621272378765   1.4258087057926777e-14
0.12117369210379667   1.4244959608015153e-14
0.12128535978237667   1.423184424457359e-14
0.12139713036836346   1.421874095647407e-14
0.12150900395659164   1.4205649732598769e-14
0.12162098064198289   1.4192570561840144e-14
0.12173306051954641   1.4179503433100866e-14
0.1218452436843789   1.4166448335293839e-14
0.12195753023166506   1.4153405257342125e-14
0.12206992025667687   1.414037418817904e-14
0.12218241385477434   1.4127355116748057e-14
0.12229501112140513   1.4114348032002865e-14
0.1224077121521053   1.4101352922907264e-14
0.12252051704249856   1.4088369778435258e-14
0.12263342588829686   1.4075398587570996e-14
0.12274643878530023   1.4062439339308784e-14
0.12285955582939735   1.4049492022653012e-14
0.12297277711656493   1.4036556626618244e-14
0.1230861027428682   1.4023633140229131e-14
0.12319953280446085   1.4010721552520456e-14
0.12331306739758549   1.399782185253705e-14
0.12342670661857309   1.3984934029333879e-14
0.12354045056384354   1.397205807197596e-14
0.1236542993299054   1.3959193969538401e-14
0.12376825301335659   1.3946341711106324e-14
0.12388231171088365   1.3933501285774944e-14
0.12399647551926236   1.3920672682649499e-14
0.12411074453535756   1.3907855890845271e-14
0.12422511885612372   1.389505089948753e-14
0.12433959857860429   1.388225769771159e-14
0.12445418379993214   1.3869476274662775e-14
0.12456887461733006   1.3856706619496355e-14
0.12468367112811002   1.384394872137763e-14
0.12479857342967382   1.3831202569481867e-14
0.12491358161951287   1.3818468152994306e-14
0.12502869579520884   1.3805745461110105e-14
0.1251439160544329   1.3793034483034402e-14
0.1252592424949464   1.3780335207982282e-14
0.12537467521460063   1.3767647625178755e-14
0.12549021431133744   1.3754971723858716e-14
0.12560585988318856   1.3742307493267013e-14
0.12572161202827617   1.372965492265838e-14
0.12583747084481278   1.3717014001297468e-14
0.1259534364311018   1.370438471845875e-14
0.12606950888553675   1.369176706342664e-14
0.1261856883066021   1.3679161025495383e-14
0.12630197479287283   1.3666566593969114e-14
0.12641836844301524   1.3653983758161755e-14
0.12653486935578606   1.3641412507397122e-14
0.12665147763003326   1.362885283100884e-14
0.12676819336469572   1.3616304718340373e-14
0.1268850166588039   1.3603768158744952e-14
0.12700194761147915   1.359124314158565e-14
0.12711898632193427   1.3578729656235323e-14
0.12723613288947336   1.3566227692076626e-14
0.12735338741349242   1.3553737238501947e-14
0.1274707499934787   1.3541258284913474e-14
0.12758822072901121   1.3528790820723158e-14
0.12770579971976065   1.3516334835352689e-14
0.1278234870654899   1.3503890318233468e-14
0.1279412828660534   1.3491457258806677e-14
0.12805918722139784   1.3479035646523177e-14
0.1281772002315617   1.3466625470843589e-14
0.12829532199667623   1.3454226721238172e-14
0.1284135526169644   1.3441839387186934e-14
0.12853189219274186   1.3429463458179544e-14
0.12865034082441637   1.3417098923715374e-14
0.12876889861248875   1.3404745773303416e-14
0.12888756565755197   1.3392403996462362e-14
0.12900634206029193   1.3380073582720541e-14
0.12912522792148706   1.3367754521615942e-14
0.12924422334200916   1.3355446802696138e-14
0.12936332842282255   1.3343150415518362e-14
0.1294825432649847   1.3330865349649469e-14
0.12960186796964612   1.3318591594665916e-14
0.12972130263805093   1.3306329140153718e-14
0.12984084737153612   1.3294077975708517e-14
0.12996050227153225   1.328183809093553e-14
0.13008026743956316   1.3269609475449554e-14
0.1302001429772467   1.3257392118874906e-14
0.13032012898629394   1.3245186010845493e-14
0.13044022556850982   1.3232991141004758e-14
0.130560432825793   1.322080749900569e-14
0.13068075086013636   1.3208635074510764e-14
0.13080117977362646   1.3196473857192022e-14
0.13092171966844401   1.3184323836730982e-14
0.1310423706468638   1.3172185002818695e-14
0.13116313281125525   1.3160057345155654e-14
0.13128400626408168   1.3147940853451873e-14
0.13140499110790102   1.3135835517426838e-14
0.1315260874453656   1.3123741326809498e-14
0.13164729537922268   1.3111658271338228e-14
0.13176861501231385   1.3099586340760892e-14
0.13189004644757557   1.3087525524834777e-14
0.1320115897880391   1.307547581332661e-14
0.13213324513683097   1.3063437196012508e-14
0.1322550125971724   1.3051409662678033e-14
0.1323768922723798   1.3039393203118147e-14
0.13249888426586479   1.3027387807137214e-14
0.13262098868113453   1.3015393464548943e-14
0.13274320562179126   1.3003410165176472e-14
0.13286553519153282   1.2991437898852283e-14
0.13298797749415248   1.2979476655418245e-14
0.1331105326335395   1.2967526424725532e-14
0.13323320071367856   1.2955587196634704e-14
0.13335598183865016   1.2943658961015648e-14
0.13347887611263104   1.293174170774756e-14
0.13360188363989361   1.2919835426718973e-14
0.1337250045248065   1.2907940107827719e-14
0.13384823887183442   1.289605574098095e-14
0.1339715867855386   1.2884182316095078e-14
0.13409504837057645   1.287231982309582e-14
0.13421862373170176   1.2860468251918176e-14
0.13434231297376487   1.2848627592506403e-14
0.13446611620171306   1.2836797834813995e-14
0.13459003352058993   1.2824978968803732e-14
0.13471406503553607   1.2813170984447615e-14
0.13483821085178874   1.2801373871726903e-14
0.1349624710746827   1.2789587620632024e-14
0.13508684580964928   1.2777812221162677e-14
0.13521133516221712   1.2766047663327746e-14
0.13533593923801204   1.275429393714532e-14
0.13546065814275754   1.2742551032642661e-14
0.13558549198227415   1.2730818939856232e-14
0.1357104408624801   1.2719097648831664e-14
0.13583550488939103   1.2707387149623763e-14
0.13596068416912072   1.2695687432296465e-14
0.13608597880788034   1.2683998486922872e-14
0.13621138891197906   1.267232030358523e-14
0.1363369145878239   1.2660652872374922e-14
0.1364625559419203   1.2648996183392415e-14
0.13658831308087152   1.2637350226747336e-14
0.13671418611137912   1.2625714992558392e-14
0.13684017514024288   1.261409047095341e-14
0.13696628027436147   1.260247665206927e-14
0.13709250162073155   1.2590873526051965e-14
0.13721883928644862   1.2579281083056549e-14
0.13734529337870668   1.256769931324716e-14
0.13747186400479897   1.255612820679694e-14
0.13759855127211712   1.254456775388813e-14
0.13772535528815197   1.2533017944711991e-14
0.13785227616049317   1.2521478769468829e-14
0.13797931399683   1.250995021836794e-14
0.13810646890495057   1.2498432281627657e-14
0.1382337409927424   1.2486924949475324e-14
0.1383611303681924   1.2475428212147286e-14
0.1384886371393873   1.2463942059888837e-14
0.1386162614145131   1.2452466482954296e-14
0.13874400330185563   1.2441001471606944e-14
0.13887186290980028   1.2429547016119031e-14
0.13899984034683285   1.2418103106771735e-14
0.13912793572153864   1.2406669733855212e-14
0.13925614914260323   1.2395246887668547e-14
0.1393844807188121   1.2383834558519774e-14
0.13951293055905148   1.2372432736725807e-14
0.13964149877230753   1.2361041412612517e-14
0.13977018546766692   1.2349660576514668e-14
0.1398989907543168   1.233829021877593e-14
0.1400279147415453   1.2326930329748841e-14
0.14015695753874088   1.2315580899794838e-14
0.1402861192553929   1.2304241919284235e-14
0.14041540000109146   1.2292913378596228e-14
0.1405447998855282   1.2281595268118812e-14
0.14067431901849534   1.227028757824889e-14
0.14080395750988636   1.2258990299392194e-14
0.140933715469696   1.2247703421963284e-14
0.1410635930080207   1.2236426936385521e-14
0.14119359023505795   1.2225160833091127e-14
0.141323707261107   1.22139051025211e-14
0.14145394419656845   1.2202659735125272e-14
0.14158430115194526   1.219142472136222e-14
0.14171477823784165   1.2180200051699347e-14
0.14184537556496396   1.2168985716612819e-14
0.14197609324412047   1.2157781706587576e-14
0.14210693138622188   1.2146588012117293e-14
0.14223789010228075   1.2135404623704434e-14
0.1423689695034121   1.2124231531860181e-14
0.14250016970083315   1.2113068727104484e-14
0.1426314908058641   1.2101916199965966e-14
0.14276293292992723   1.2090773940982023e-14
0.14289449618454758   1.207964194069875e-14
0.14302618068135337   1.2068520189670923e-14
0.14315798653207526   1.2057408678462034e-14
0.14328991384854697   1.204630739764427e-14
0.14342196274270522   1.2035216337798496e-14
0.14355413332659026   1.202413548951422e-14
0.1436864257123452   1.2013064843389643e-14
0.1438188400122166   1.2002004390031622e-14
0.14395137633855432   1.1990954120055663e-14
0.1440840348038122   1.1979914024085887e-14
0.14421681552054733   1.1968884092755074e-14
0.14434971860142057   1.1957864316704615e-14
0.14448274415919654   1.1946854686584542e-14
0.14461589230674415   1.193585519305345e-14
0.14474916315703595   1.192486582677857e-14
0.14488255682314874   1.191388657843572e-14
0.14501607341826328   1.190291743870931e-14
0.14514971305566524   1.1891958398292285e-14
0.14528347584874407   1.1881009447886216e-14
0.145417361910994   1.1870070578201199e-14
0.14555137135601365   1.1859141779955904e-14
0.14568550429750676   1.1848223043877519e-14
0.14581976084928142   1.1837314360701793e-14
0.14595414112525076   1.1826415721172997e-14
0.14608864523943269   1.1815527116043942e-14
0.14622327330595072   1.1804648536075911e-14
0.14635802543903303   1.1793779972038723e-14
0.14649290175301322   1.1782921414710693e-14
0.14662790236233011   1.1772072854878638e-14
0.14676302738152844   1.1761234283337816e-14
0.14689827692525803   1.1750405690892e-14
0.14703365110827454   1.1739587068353416e-14
0.14716915004543923   1.172877840654276e-14
0.14730477385171964   1.1717979696289148e-14
0.14744052264218882   1.170719092843017e-14
0.147576396532026   1.1696412093811848e-14
0.14771239563651642   1.1685643183288635e-14
0.14784852007105204   1.1674884187723376e-14
0.14798476995113063   1.1664135097987353e-14
0.14812114539235663   1.1653395904960257e-14
0.14825764651044082   1.1642666599530173e-14
0.1483942734212011   1.163194717259355e-14
0.14853102624056155   1.162123761505525e-14
0.14866790508455338   1.1610537917828495e-14
0.14880491006931448   1.1599848071834892e-14
0.14894204131109023   1.1589168068004366e-14
0.14907929892623273   1.1578497897275224e-14
0.14921668303120136   1.1567837550594116e-14
0.1493541937425628   1.1557187018916026e-14
0.14949183117699152   1.1546546293204243e-14
0.14962959545126905   1.1535915364430403e-14
0.14976748668228473   1.1525294223574445e-14
0.14990550498703548   1.1514682861624625e-14
0.15004365048262644   1.1504081269577456e-14
0.15018192328627025   1.1493489438437789e-14
0.15032032351528773   1.148290735921873e-14
0.15045885128710762   1.1472335022941678e-14
0.1505975067192674   1.146177242063626e-14
0.1507362899294123   1.145121954334041e-14
0.15087520103529625   1.1440676382100282e-14
0.1510142401547815   1.1430142927970297e-14
0.15115340740583927   1.1419619172013078e-14
0.15129270290654917   1.140910510529951e-14
0.15143212677509976   1.139860071890868e-14
0.1515716791297883   1.1388106003927915e-14
0.15171136008902159   1.1377620951452697e-14
0.15185116977131505   1.1367145552586753e-14
0.15199110829529347   1.1356679798441985e-14
0.15213117577969082   1.1346223680138488e-14
0.15227137234335097   1.1335777188804502e-14
0.1524116981052268   1.1325340315576466e-14
0.15255215318438103   1.131491305159897e-14
0.15269273769998587   1.1304495388024773e-14
0.15283345177132387   1.1294087316014736e-14
0.15297429551778705   1.1283688826737898e-14
0.1531152690588774   1.1273299911371431e-14
0.15325637251420754   1.1262920561100592e-14
0.1533976060034999   1.1252550767118787e-14
0.15353896964658725   1.1242190520627526e-14
0.15368046356341283   1.1231839812836419e-14
0.15382208787403073   1.1221498634963147e-14
0.15396384269860527   1.1211166978233507e-14
0.15410572815741164   1.1200844833881361e-14
0.15424774437083574   1.1190532193148659e-14
0.1543898914593749   1.1180229047285368e-14
0.15453216954363694   1.1169935387549558e-14
0.15467457874434107   1.1159651205207334e-14
0.15481711918231755   1.1149376491532847e-14
0.15495979097850845   1.1139111237808257e-14
0.15510259425396689   1.1128855435323776e-14
0.15524552912985762   1.111860907537763e-14
0.15538859572745692   1.1108372149276066e-14
0.15553179416815335   1.10981446483333e-14
0.1556751245734468   1.1087926563871584e-14
0.15581858706494933   1.1077717887221137e-14
0.15596218176438487   1.1067518609720185e-14
0.15610590879359004   1.1057328722714886e-14
0.15624976827451326   1.104714821755941e-14
0.15639376032921548   1.1036977085615856e-14
0.15653788507986996   1.1026815318254308e-14
0.15668214264876304   1.1016662906852755e-14
0.15682653315829329   1.1006519842797151e-14
0.15697105673097222   1.0996386117481378e-14
0.15711571348942407   1.0986261722307253e-14
0.1572605035563866   1.0976146648684471e-14
0.15740542705471017   1.0966040888030668e-14
0.1575504841073585   1.0955944431771376e-14
0.1576956748374085   1.0945857271340036e-14
0.157840999368051   1.093577939817793e-14
0.1579864578225898   1.092571080373427e-14
0.15813205032444252   1.0915651479466113e-14
0.15827777699714046   1.0905601416838404e-14
0.15842363796432907   1.0895560607323911e-14
0.15856963334976737   1.0885529042403282e-14
0.15871576327732856   1.0875506713565001e-14
0.15886202787099987   1.0865493612305398e-14
0.1590084272548832   1.0855489730128605e-14
0.15915496155319445   1.0845495058546593e-14
0.159301630890264   1.0835509589079161e-14
0.15944843539053677   1.0825533313253913e-14
0.1595953751785728   1.0815566222606213e-14
0.15974245037904644   1.0805608308679269e-14
0.15988966111674707   1.0795659563024052e-14
0.16003700751657896   1.0785719977199323e-14
0.16018448970356192   1.0775789542771589e-14
0.1603321078028305   1.0765868251315153e-14
0.16047986193963476   1.0755956094412055e-14
0.16062775223934   1.074605306365211e-14
0.1607757788274275   1.0736159150632837e-14
0.16092394182949377   1.0726274346959526e-14
0.16107224137125115   1.071639864424518e-14
0.1612206775785277   1.070653203411054e-14
0.16136925057726798   1.069667450818402e-14
0.161517960493532   1.0686826058101792e-14
0.1616668074534962   1.0676986675507707e-14
0.16181579158345313   1.0667156352053318e-14
0.1619649130098122   1.0657335079397827e-14
0.16211417185909877   1.0647522849208167e-14
0.16226356825795504   1.063771965315892e-14
0.16241310233313971   1.0627925482932342e-14
0.16256277421152882   1.0618140330218316e-14
0.1627125840201148   1.0608364186714414e-14
0.1628625318860073   1.0598597044125836e-14
0.16301261793643296   1.058883889416543e-14
0.16316284229873612   1.0579089728553648e-14
0.16331320510037797   1.0569349539018589e-14
0.1634637064689374   1.055961831729596e-14
0.16361434653211063   1.0549896055129093e-14
0.1637651254177121   1.054018274426888e-14
0.1639160432536735   1.0530478376473846e-14
0.16406710016804463   1.0520782943510098e-14
0.16421829628899312   1.0511096437151321e-14
0.16436963174480515   1.0501418849178756e-14
0.1645211066638847   1.0491750171381231e-14
0.16467272117475404   1.048209039555515e-14
0.16482447540605438   1.047243951350442e-14
0.164976369486545   1.0462797517040536e-14
0.16512840354510402   1.0453164397982523e-14
0.1652805777107281   1.0443540148156943e-14
0.16543289211253331   1.0433924759397854e-14
0.16558534687975424   1.0424318223546869e-14
0.16573794214174467   1.041472053245309e-14
0.1658906780279775   1.0405131677973149e-14
0.16604355466804535   1.039555165197113e-14
0.1661965721916599   1.0385980446318648e-14
0.1663497307286524   1.037641805289479e-14
0.16650303040897363   1.036686446358613e-14
0.16665647136269468   1.0357319670286676e-14
0.1668100537200059   1.0347783664897942e-14
0.1669637776112179   1.0338256439328875e-14
0.16711764316676112   1.0328737985495885e-14
0.1672716505171867   1.0319228295322803e-14
0.16742579979316569   1.0309727360740918e-14
0.16758009112548963   1.0300235173688934e-14
0.1677345246450704   1.0290751726112997e-14
0.16788910048294114   1.028127700996663e-14
0.16804381877025518   1.0271811017210805e-14
0.16819867963828683   1.0262353739813866e-14
0.16835368321843125   1.0252905169751587e-14
0.16850882964220526   1.0243465299007081e-14
0.16866411904124626   1.0234034119570877e-14
0.1688195515473132   1.0224611623440875e-14
0.16897512729228628   1.0215197802622339e-14
0.1691308464081677   1.0205792649127881e-14
0.16928670902708085   1.019639615497748e-14
0.16944271528127097   1.0187008312198465e-14
0.1695988653031051   1.0177629112825507e-14
0.16975515922507275   1.0168258548900587e-14
0.16991159717978496   1.0158896612473042e-14
0.17006817929997517   1.0149543295599513e-14
0.17022490571849896   1.0140198590343974e-14
0.17038177656833495   1.0130862488777664e-14
0.17053879198258365   1.0121534982979166e-14
0.1706959520944685   1.0112216065034334e-14
0.1708532570373355   1.0102905727036324e-14
0.1710107069446541   1.0093603961085541e-14
0.17116830195001612   1.0084310759289697e-14
0.1713260421871368   1.0075026113763755e-14
0.17148392778985433   1.0065750016629947e-14
0.1716419588921308   1.0056482460017734e-14
0.17180013562805127   1.004722343606385e-14
0.17195845813182445   1.0037972936912256e-14
0.17211692653778263   1.0028730954714166e-14
0.17227554098038242   1.0019497481627974e-14
0.17243430159420373   1.0010272509819341e-14
0.17259320851395074   1.0001056031461118e-14
0.1727522618744516   9.991848038733382e-15
0.17291146181065922   9.982648523823374e-15
0.17307080845765033   9.973457478925555e-15
0.1732303019506263   9.964274896241576e-15
0.17338994242491299   9.955100767980266e-15
0.17354973001596144   9.945935086357597e-15
0.17370966485934697   9.936777843596744e-15
0.1738697470907701   9.92762903192803e-15
0.17402997684605614   9.918488643588946e-15
0.17419035426115614   9.909356670824085e-15
0.17435087947214592   9.900233105885229e-15
0.17451155261522686   9.89111794103127e-15
0.17467237382672562   9.882011168528245e-15
0.17483334324309516   9.872912780649279e-15
0.17499446100091354   9.863822769674642e-15
0.17515572723688488   9.854741127891697e-15
0.17531714208783916   9.845667847594928e-15
0.17547870569073296   9.836602921085877e-15
0.17564041818264847   9.827546340673199e-15
0.17580227970079448   9.818498098672631e-15
0.175964290382506   9.809458187406988e-15
0.17612645036524516   9.800426599206125e-15
0.17628875978660022   9.79140332640699e-15
0.17645121878428624   9.782388361353584e-15
0.1766138274961457   9.773381696396934e-15
0.17677658606014762   9.764383323895124e-15
0.1769394946143883   9.755393236213282e-15
0.17710255329709115   9.746411425723562e-15
0.1772657622466075   9.737437884805122e-15
0.17742912160141563   9.728472605844157e-15
0.17759263150012158   9.719515581233864e-15
0.17775629208145902   9.71056680337446e-15
0.17792010348428997   9.701626264673123e-15
0.1780840658476038   9.69269395754405e-15
0.17824817931051834   9.68376987440842e-15
0.1784124440122792   9.674854007694395e-15
0.1785768600922611   9.665946349837072e-15
0.17874142768996643   9.657046893278561e-15
0.1789061469450265   9.648155630467901e-15
0.17907101799720102   9.6392725538611e-15
0.17923604098637902   9.630397655921092e-15
0.179401216052578   9.621530929117766e-15
0.1795665433359446   9.612672365927939e-15
0.17973202297675445   9.603821958835368e-15
0.17989765511541297   9.594979700330693e-15
0.1800634398924545   9.586145582911512e-15
0.18022937744854298   9.577319599082301e-15
0.1803954679244718   9.568501741354464e-15
0.1805617114611648   9.559692002246256e-15
0.18072810819967491   9.55089037428286e-15
0.1808946582811854   9.54209684999633e-15
0.18106136184700938   9.533311421925605e-15
0.1812282190385908   9.524534082616459e-15
0.18139522999750332   9.515764824621567e-15
0.18156239486545137   9.507003640500441e-15
0.18172971378426966   9.498250522819461e-15
0.18189718689592427   9.48950546415182e-15
0.18206481434251146   9.48076845707758e-15
0.18223259626625865   9.47203949418362e-15
0.18240053280952423   9.463318568063653e-15
0.1825686241147982   9.454605671318192e-15
0.18273687032470146   9.445900796554577e-15
0.18290527158198638   9.437203936386959e-15
0.18307382802953678   9.428515083436298e-15
0.18324253981036873   9.4198342303303e-15
0.18341140706762948   9.41116136970351e-15
0.18358042994459844   9.402496494197232e-15
0.18374960858468684   9.393839596459567e-15
0.18391894313143864   9.385190669145334e-15
0.18408843372852948   9.376549704916168e-15
0.1842580805197677   9.36791669644044e-15
0.18442788364909382   9.359291636393276e-15
0.18459784326058173   9.350674517456526e-15
0.18476795949843747   9.3420653323188e-15
0.1849382325070001   9.333464073675438e-15
0.18510866243074156   9.324870734228505e-15
0.18527924941426752   9.316285306686764e-15
0.18544999360231632   9.307707783765715e-15
0.18562089513975985   9.299138158187558e-15
0.18579195417160335   9.290576422681207e-15
0.18596317084298622   9.282022569982231e-15
0.18613454529918108   9.273476592832927e-15
0.18630607768559465   9.26493848398226e-15
0.18647776814776734   9.25640823618588e-15
0.18664961683137438   9.247885842206083e-15
0.1868216238822246   9.239371294811843e-15
0.18699378944626144   9.230864586778803e-15
0.18716611366956257   9.22236571088925e-15
0.18733859669834096   9.2138746599321e-15
0.18751123867894365   9.205391426702927e-15
0.18768403975785278   9.196916004003931e-15
0.1878570000816853   9.188448384643956e-15
0.1880301197971938   9.179988561438436e-15
0.1882033990512656   9.171536527209437e-15
0.18837683799092356   9.163092274785627e-15
0.18855043676332578   9.15465579700231e-15
0.18872419551576664   9.146227086701326e-15
0.18889811439567558   9.137806136731148e-15
0.18907219355061802   9.129392939946837e-15
0.18924643312829584   9.120987489209992e-15
0.1894208332765465   9.112589777388838e-15
0.18959539414334392   9.104199797358124e-15
0.18977011587679815   9.095817541999184e-15
0.18994499862515632   9.08744300419989e-15
0.19012004253680165   9.079076176854671e-15
0.1902952477602542   9.070717052864494e-15
0.19047061444417077   9.062365625136876e-15
0.19064614273734573   9.054021886585827e-15
0.19082183278870998   9.045685830131934e-15
0.19099768474733186   9.037357448702255e-15
0.1911736987624169   9.029036735230397e-15
0.1913498749833087   9.020723682656437e-15
0.1915262135594879   9.012418283926976e-15
0.1917027146405731   9.004120531995117e-15
0.1918793783763206   8.995830419820428e-15
0.19205620491662528   8.987547940368958e-15
0.19223319441151956   8.979273086613259e-15
0.19241034701117432   8.97100585153233e-15
0.19258766286589865   8.962746228111648e-15
0.19276514212614074   8.95449420934313e-15
0.19294278494248682   8.946249788225168e-15
0.1931205914656621   8.93801295776259e-15
0.19329856184653052   8.929783710966663e-15
0.1934766962360956   8.921562040855079e-15
0.1936549947854994   8.913347940451975e-15
0.19383345764602358   8.905141402787911e-15
0.19401208496908892   8.89694242089985e-15
0.19419087690625633   8.888750987831177e-15
0.19436983360922583   8.880567096631679e-15
0.19454895522983745   8.87239074035754e-15
0.1947282419200709   8.864221912071351e-15
0.1949076938320466   8.856060604842051e-15
0.1950873111180245   8.847906811745014e-15
0.19526709393040514   8.839760525861944e-15
0.19544704242172922   8.831621740280953e-15
0.19562715674467868   8.82349044809648e-15
0.19580743705207554   8.815366642409336e-15
0.19598788349688287   8.80725031632671e-15
0.19616849623220445   8.799141462962106e-15
0.1963492754112858   8.791040075435365e-15
0.19653022118751304   8.78294614687268e-15
0.1967113337144139   8.774859670406573e-15
0.1968926131456573   8.766780639175898e-15
0.19707405963505448   8.758709046325772e-15
0.19725567333655772   8.750644885007698e-15
0.19743745440426144   8.742588148379432e-15
0.19761940299240183   8.73453882960506e-15
0.19780151925535785   8.726496921854931e-15
0.19798380334765014   8.718462418305707e-15
0.19816625542394187   8.710435312140333e-15
0.19834887563903858   8.702415596548018e-15
0.19853166414788911   8.694403264724245e-15
0.19871462110558444   8.686398309870761e-15
0.19889774666735868   8.678400725195572e-15
0.1990810409885888   8.670410503912955e-15
0.19926450422479558   8.662427639243403e-15
0.1994481365316425   8.65445212441366e-15
0.1996319380649367   8.646483952656743e-15
0.19981590898062868   8.638523117211857e-15
0.2000000494348133   8.63056961132443e-15
0.20018435958372863   8.622623428246133e-15
0.20036883958375695   8.614684561234842e-15
0.20055348959142444   8.606753003554648e-15
0.20073830976340212   8.598828748475817e-15
0.2009233002565048   8.590911789274839e-15
0.201108461227692   8.583002119234381e-15
0.20129379283406768   8.57509973164331e-15
0.2014792952328812   8.56720461979664e-15
0.2016649685815262   8.559316776995589e-15
0.2018508130375416   8.551436196547529e-15
0.2020368287586113   8.543562871766009e-15
0.20222301590256508   8.5356967959707e-15
0.20240937462737757   8.527837962487462e-15
0.20259590509116904   8.519986364648284e-15
0.20278260745220603   8.512141995791281e-15
0.2029694818689003   8.50430484926072e-15
0.20315652849980984   8.496474918406994e-15
0.20334374750363857   8.488652196586618e-15
0.20353113903923722   8.480836677162208e-15
0.20371870326560237   8.473028353502509e-15
0.20390644034187724   8.465227218982366e-15
0.20409435042735158   8.457433266982734e-15
0.20428243368146248   8.449646490890634e-15
0.20447069026379344   8.441866884099199e-15
0.20465912033407513   8.43409444000764e-15
0.20484772405218524   8.426329152021256e-15
0.20503650157814945   8.418571013551388e-15
0.2052254530721403   8.410820018015469e-15
0.20541457869447807   8.403076158836985e-15
0.20560387860563062   8.395339429445488e-15
0.20579335296621434   8.387609823276547e-15
0.20598300193699298   8.37988733377181e-15
0.20617282567887865   8.372171954378947e-15
0.20636282435293155   8.36446367855167e-15
0.20655299812036093   8.356762499749695e-15
0.20674334714252396   8.34906841143879e-15
0.20693387158092671   8.34138140709072e-15
0.20712457159722394   8.333701480183278e-15
0.20731544735321997   8.326028624200233e-15
0.20750649901086757   8.318362832631371e-15
0.207697726732269   8.310704098972484e-15
0.20788913067967568   8.30305241672534e-15
0.20808071101548925   8.295407779397675e-15
0.20827246790226028   8.287770180503222e-15
0.20846440150268944   8.280139613561687e-15
0.20865651197962704   8.272516072098743e-15
0.20884879949607416   8.264899549646e-15
0.2090412642151814   8.257290039741048e-15
0.20923390630025004   8.249687535927421e-15
0.2094267259147315   8.242092031754608e-15
0.20961972322222855   8.234503520778002e-15
0.20981289838649406   8.226921996558969e-15
0.21000625157143205   8.219347452664781e-15
0.2101997829410973   8.211779882668647e-15
0.2103934926596965   8.204219280149672e-15
0.210587380891587   8.196665638692894e-15
0.21078144780127778   8.189118951889243e-15
0.21097569355342927   8.181579213335571e-15
0.21117011831285426   8.174046416634589e-15
0.21136472224451677   8.106461026673411e-15
0.21155950551353309   8.02542268363964e-15
0.2117544682851714   7.973511730380165e-15
0.21194961072485288   7.931387847413085e-15
0.21214493299815051   7.894724399929692e-15
0.21234043527079005   7.861681212807216e-15
0.21253611770864975   7.831270355339634e-15
0.21273198047776137   7.802888119447025e-15
0.21292802374430914   7.776133345279013e-15
0.21312424767463048   7.750723254341513e-15
0.213320652435216   7.72644955452426e-15
0.21351723819271035   7.70315350052127e-15
0.21371400511391112   7.680710769864778e-15
0.21391095336576982   7.659021807714383e-15
0.21410808311539156   7.638005400832198e-15
0.21430539453003616   7.61759425077116e-15
0.21450288777711693   7.597731834502544e-15
0.21470056302420157   7.57837012219014e-15
0.2148984204390121   7.559467882157752e-15
0.21509646018942574   7.540989398198925e-15
0.21529468244347372   7.522903482791102e-15
0.21549308736934236   7.505182706761794e-15
0.21569167513537274   7.487802790010668e-15
0.21589044591006176   7.470742113912328e-15
0.2160893998620609   7.453981326925625e-15
0.21628853716017735   7.437503022493537e-15
0.21648785797337355   7.42129147365178e-15
0.2166873624707684   7.405332412586455e-15
0.2168870508216359   7.38961284616087e-15
0.21708692319540612   7.374120900478751e-15
0.21728697976166592   7.358845689078414e-15
0.21748722069015775   7.343777200503784e-15
0.2176876461507807   7.328906201874971e-15
0.21788825631359024   7.314224155756453e-15
0.21808905134879922   7.299723148144243e-15
0.21829003142677667   7.285395825803895e-15
0.21849119671804884   7.271235341513876e-15
0.2186925473932989   7.257235306026555e-15
0.21889408362336807   7.243389745764053e-15
0.21909580557925418   7.229693065432468e-15
0.21929771343211296   7.216140014871327e-15
0.2194998073532577   7.202725659565306e-15
0.21970208751416012   7.189445354334298e-15
0.21990455408644938   7.176294719792162e-15
0.22010720724191293   7.163269621225126e-15
0.2203100471524964   7.150366149592116e-15
0.22051307399030456   7.13758060439138e-15
0.2207162879276   7.124909478173741e-15
0.22091968913680438   7.112349442512398e-15
0.221123277790498   7.0998973352649545e-15
0.22132705406142086   7.0875501489846695e-15
0.2215310181224715   7.0753050203564534e-15
0.22173517014670802   7.0631592205484906e-15
0.22193951030734774   7.051110146384225e-15
0.2221440387777683   7.0391553122505995e-15
0.22234875573150653   7.027292342668882e-15
0.22255366134225923   7.0155189654624905e-15
0.2227587557838832   7.00383300546417e-15
0.22296403923039607   6.9922323787111385e-15
0.22316951185597517   6.980715087082713e-15
0.22337517383495856   6.969279213339546e-15
0.22358102534184474   6.9579229165283426e-15
0.22378706655129368   6.946644427719434e-15
0.22399329763812567   6.935442046048295e-15
0.22419971877732234   6.9243141350345805e-15
0.22440633014402625   6.913259119155389e-15
0.22461313191354215   6.902275480651366e-15
0.22482012426133566   6.891361756546729e-15
0.22502730736303422   6.880516535865665e-15
0.22523468139442698   6.869738457029615e-15
0.2254422465314658   6.859026205421085e-15
0.2256500029502639   6.848378511101313e-15
0.22585795082709714   6.837794146669745e-15
0.2260660903384035   6.827271925254881e-15
0.2262744216607843   6.816810698626554e-15
0.2264829449710029   6.8064093554209695e-15
0.2266916604459858   6.796066819470091e-15
0.2269005682628223   6.785782048228117e-15
0.22710966859876558   6.7755540312880926e-15
0.22731896163123153   6.765381788982561e-15
0.22752844753779972   6.7552643710622604e-15
0.2277381264962131   6.745200855447768e-15
0.22794799868437923   6.735190347049052e-15
0.22815806428036883   6.725231976648658e-15
0.22836832346241695   6.715324899844132e-15
0.22857877640892274   6.705468296046005e-15
0.22878942329845037   6.695661367527736e-15
0.2290002643097279   6.685903338524448e-15
0.22921129962164832   6.676193454377223e-15
0.22942252941326927   6.666530980720353e-15
0.2296339538638141   6.656915202708735e-15
0.2298455731526706   6.647345424283247e-15
0.23005738745939208   6.637820967471563e-15
0.23026939696369716   6.6283411717225225e-15
0.23048160184547073   6.618905393271971e-15
0.23069400228476278   6.609513004538424e-15
0.2309065984617894   6.600163393546636e-15
0.23111939055693262   6.590855963377671e-15
0.2313323787507413   6.581590131643897e-15
0.23154556322393008   6.572365329987637e-15
0.2317589441573803   6.563181003602032e-15
0.23197252173213975   6.554036610773049e-15
0.23218629612942385   6.544931622441375e-15
0.23240026753061424   6.535865521783324e-15
0.23261443611726   6.526837803809532e-15
0.2328288020710772   6.517847974980711e-15
0.23304336557395017   6.508895552839399e-15
0.2332581268079301   6.499980065657127e-15
0.23347308595523594   6.491101052095975e-15
0.2336882431982553   6.482258060883917e-15
0.23390359871954317   6.4734506505033305e-15
0.23411915270182299   6.46467838889188e-15
0.23433490532798631   6.455940853155282e-15
0.23455085678109402   6.447237629291291e-15
0.23476700724437496   6.438568311924505e-15
0.23498335690122701   6.4299325040513114e-15
0.23519990593521695   6.421329816794606e-15
0.23541665453008126   6.4127598691677736e-15
0.2356336028697252   6.404222287847582e-15
0.23585075113822368   6.3957167069554745e-15
0.23606809951982097   6.387242767846953e-15
0.23628564819893186   6.3788001189086285e-15
0.23650339736014042   6.3703884153627136e-15
0.23672134718820104   6.362007319078461e-15
0.23693949786803808   6.3536564983903915e-15
0.23715784958474712   6.3453356279228676e-15
0.23737640252359352   6.3370443884209585e-15
0.23759515687001367   6.32878246658706e-15
0.2378141128096146   6.3205495549232326e-15
0.23803327052817502   6.312345351578883e-15
0.23825263021164425   6.304169560203706e-15
0.23847219204614317   6.296021889805497e-15
0.23869195621796388   6.287902054612779e-15
0.23891192291357094   6.279809773941928e-15
0.23913209231960003   6.2717447720687755e-15
0.239352464622859   6.2637067781043104e-15
0.23957304001032773   6.255695525874465e-15
0.23979381866915897   6.247710753803741e-15
0.24001480078667736   6.239752204802604e-15
0.24023598655038036   6.231819626158401e-15
0.240457376147938   6.223912769429738e-15
0.24067896976719388   6.216031390344136e-15
0.2409007675961641   6.20817524869891e-15
0.24112276982303826   6.2003441082650615e-15
0.24134497663617907   6.192537736694126e-15
0.2415673882241236   6.1847559054278165e-15
0.24179000477558196   6.176998389610481e-15
0.24201282647943834   6.169264968004087e-15
0.24223585352475083   6.161555422905779e-15
0.24245908610075242   6.153869540067858e-15
0.2426825243968498   6.146207108620139e-15
0.24290616860262443   6.13856792099453e-15
0.2431300189078322   6.130951772851818e-15
0.24335407550240468   6.123358463010532e-15
0.24357833857644767   6.1157877933778964e-15
0.24380280832024245   6.108239568882678e-15
0.2440274849242454   6.100713597409971e-15
0.24425236857908908   6.093209689737745e-15
0.24447745947558114   6.085727659475266e-15
0.24470275780470518   6.078267323003107e-15
0.24492826375762058   6.070828499414888e-15
0.2451539775256637   6.063411010460511e-15
0.24537989930034643   6.056014680491069e-15
0.24560602927335734   6.048639336405113e-15
0.2458323676365615   6.041284807596435e-15
0.2460589145820015   6.033950925903169e-15
0.24628567030189613   6.0266375255583345e-15
0.24651263498864165   6.019344443141597e-15
0.24673980883481125   6.012071517532324e-15
0.24696719203315645   6.004818589863831e-15
0.2471947847766056   5.9975855034788645e-15
0.24742258725826508   5.990372103886162e-15
0.247650599671419   5.983178238718176e-15
0.2478788222095304   5.976003757689791e-15
0.24810725506623968   5.968848512558188e-15
0.24833589843536616   5.961712357083619e-15
0.24856475251090734   5.95459514699122e-15
0.24879381748704035   5.9474967399336965e-15
0.24902309355812052   5.940416995455039e-15
0.24925258091868246   5.933355774955017e-15
0.2494822797634399   5.926312941654599e-15
0.24971219028728667   5.919288360562167e-15
0.2499423126852955   5.912281898440606e-15
0.25017264715271886   5.90529342377512e-15
0.25040319388499   5.898322806741815e-15
0.2506339530777214   5.891369919177089e-15
0.25086492492670615   5.88443463454766e-15
0.2510961096279174   5.877516827921367e-15
0.2513275073775098   5.870616375938561e-15
0.25155911837181794   5.8637331567842785e-15
0.25179094280735753   5.856867050160945e-15
0.25202298088082525   5.850017937261771e-15
0.2522552327890998   5.84318570074469e-15
0.2524876987292404   5.83637022470699e-15
0.25272037889848825   5.829571394660399e-15
0.2529532734942661   5.822789097506809e-15
0.2531863827141793   5.816023221514491e-15
0.2534197067560146   5.809273656294892e-15
0.2536532458177412   5.80254029277989e-15
0.2538870000975106   5.795823023199577e-15
0.25412096979365756   5.789121741060503e-15
0.2543551551046989   5.7824363411244384e-15
0.25458955622933466   5.775766719387551e-15
0.25482417336644775   5.769112773060046e-15
0.255059006715105   5.762474400546222e-15
0.2552940564745561   5.755851501425008e-15
0.25552932284423446   5.7492439764308505e-15
0.2557648060237572   5.742651727435038e-15
0.2560005062129259   5.736074657427372e-15
0.25623642361172577   5.729512670498314e-15
0.2564725584203264   5.722965671821396e-15
0.2567089108390817   5.716433567636071e-15
0.2569454810685309   5.709916265230848e-15
0.2571822693093973   5.703413672926857e-15
0.25741927576258944   5.696925700061679e-15
0.25765650062920076   5.690452256973533e-15
0.25789394411051075   5.683993254985757e-15
0.25813160640798366   5.6775486063916465e-15
0.2583694877232696   5.671118224439562e-15
0.25860758825820435   5.6647020233183296e-15
0.25884590821481035   5.658299918142933e-15
0.25908444779529555   5.651911824940521e-15
0.25932320720205443   5.645537660636645e-15
0.2595621866376677   5.639177343041789e-15
0.2598013863049036   5.632830790838138e-15
0.26004080640671656   5.6264979235666395e-15
0.260280447146248   5.620178661614296e-15
0.2605203087268266   5.613872926201684e-15
0.26076039135196893   5.607580639370717e-15
0.26100069522537855   5.6013017239726824e-15
0.2612412205509469   5.59503610365645e-15
0.26148196753275305   5.5887837028569286e-15
0.261722936375065   5.582544446783719e-15
0.2619641272823381   5.576318261410022e-15
0.26220554045921646   5.570105073461711e-15
0.2624471761105324   5.563904810406626e-15
0.26268903444130803   5.557717400444027e-15
0.26293111565675337   5.551542772494326e-15
0.2631734199622679   5.545380856188914e-15
0.2634159475634401   5.539231581860235e-15
0.2636586986660488   5.533094880531983e-15
0.2639016734760615   5.526970683909553e-15
0.264144872199636   5.520858924370585e-15
0.2643882950431196   5.5147595349557415e-15
0.2646319422130507   5.508672449359572e-15
0.26487581391615717   5.5025976019216434e-15
0.2651199103593576   5.496534927617734e-15
0.2653642317497612   5.4904843620512324e-15
0.26560877829466867   5.484445841444646e-15
0.265853550201571   5.4784193026313305e-15
0.26609854767815055   5.472404683047281e-15
0.266343770932281   5.466401920723118e-15
0.26658922017202835   5.460410954276165e-15
0.2668348956056494   5.454431722902737e-15
0.26708079744159324   5.448464166370478e-15
0.2673269258885009   5.442508225010887e-15
0.2675732811552062   5.436563839711918e-15
0.26781986345073483   5.430630951910777e-15
0.2680666729843051   5.424709503586776e-15
0.26831370996532883   5.4187994372543165e-15
0.2685609746034101   5.412900695956033e-15
0.2688084671083464   5.407013223256e-15
0.26905618769012823   5.4011369632330855e-15
0.26930413655894053   5.395271860474368e-15
0.269552313925161   5.3894178600687385e-15
0.26980071999936156   5.383574907600535e-15
0.27004935499230787   5.377742949143316e-15
0.2702982191149607   5.371921931253707e-15
0.2705473125784744   5.366111800965403e-15
0.27079663559419814   5.360312505783207e-15
0.2710461883736756   5.354523993677193e-15
0.27129597112864623   5.3487462130769455e-15
0.27154598407104374   5.3429791128659286e-15
0.2717962274129976   5.337222642375893e-15
0.27204670136683223   5.3314767513814234e-15
0.27229740614506875   5.325741390094503e-15
0.2725483419604232   5.3200165091592524e-15
0.27279950902580796   5.314302059646678e-15
0.27305090755433137   5.308597993049533e-15
0.27330253775929897   5.30290426127724e-15
0.273554399854212   5.297220816650933e-15
0.2738064940527687   5.2915476118985265e-15
0.2740588205688641   5.2858846001498944e-15
0.27431137961659113   5.280231734932078e-15
0.27456417141023903   5.2745889701646524e-15
0.27481719616429506   5.268956260155065e-15
0.2750704540934437   5.263333559594113e-15
0.2753239454125681   5.257720823551441e-15
0.2755776703367486   5.252118007471163e-15
0.27583162908126413   5.246525067167492e-15
0.27608582186159164   5.240941958820478e-15
0.27634024889340747   5.23536863897176e-15
0.276594910392586   5.229805064520455e-15
0.27684980657520064   5.224251192719043e-15
0.27710493765752386   5.21870698116933e-15
0.27736030385602817   5.213172387818471e-15
0.2776159053873846   5.207647370955083e-15
0.2778717424684644   5.202131889205359e-15
0.2781278153163382   5.19662590152928e-15
0.27838412414827757   5.191129367216847e-15
0.27864066918175345   5.1856422458844164e-15
0.2788974506344375   5.180164497471047e-15
0.27915446872420174   5.1746960822349086e-15
0.27941172366911965   5.169236960749737e-15
0.27966921568746506   5.163787093901369e-15
0.27992694499771303   5.158346442884293e-15
0.2801849118185397   5.1528128962057404e-15
0.2804431163688238   5.147248326741486e-15
0.28070155886764464   5.141601225093691e-15
0.2809602395342838   5.135937634274111e-15
0.28121915858822466   5.130218751916411e-15
0.2814783162491538   5.1244976278177575e-15
0.28173771273695936   5.118729480789241e-15
0.28199734827173223   5.112965716779595e-15
0.2822572230737661   5.1071589517878485e-15
0.2825173373635584   5.101358047520785e-15
0.28277769136180886   5.095522475569526e-15
0.28303828528942093   5.089690203968949e-15
0.2832991193675014   5.083831091403631e-15
0.2835601938173616   5.077972374197365e-15
0.283821508860516   5.072092599722648e-15
0.28408306471868344   5.066210679508195e-15
0.2843448616137869   5.0603131510064325e-15
0.2846068997679546   5.0544110712295855e-15
0.2848691794035187   5.048498070189225e-15
0.2851317007430165   5.04257820796733e-15
0.2853944640091901   5.036651597544176e-15
0.2856574694249877   5.03071606079454e-15
0.28592071721356216   5.024777696421678e-15
0.28618420759827223   5.018828175214315e-15
0.2864479408026822   5.012879292761723e-15
0.2867119170505633   5.006917178773347e-15
0.28697613656589205   5.000959009522002e-15
0.2872405995728514   4.994985701846068e-15
0.28750530629583176   4.989018953969578e-15
0.2877702569594295   4.983036376968884e-15
0.2880354517884482   4.9770599375731046e-15
0.28830089100789835   4.971071147087031e-15
0.28856657484299864   4.965085790438618e-15
0.2888325035191745   4.959091798764678e-15
0.2890986772620593   4.953098629145569e-15
0.2893650962974941   4.947100241636338e-15
0.289631760851529   4.941100191839119e-15
0.28989867115042145   4.9350982107682294e-15
0.29016582742063785   4.929091967000717e-15
0.2904332298888528   4.9230867872319035e-15
0.2907008787819508   4.9170752388974406e-15
0.29096877432702456   4.91106786020656e-15
0.29123691675137636   4.905051495684229e-15
0.2915053062825176   4.899041711880356e-15
0.29177394314817023   4.893021727045193e-15
0.29204282757626526   4.887008039508359e-15
0.2923119597949439   4.880987448974212e-15
0.29258134003255754   4.8749705014154684e-15
0.29285096851766856   4.868949690792994e-15
0.2931208454790495   4.8629299318620915e-15
0.2933909711456836   4.8569092858158e-15
0.29366134574676506   4.850886807636371e-15
0.2939319695117002   4.84486610841181e-15
0.29420284267010577   4.8388420848468284e-15
0.2944739654518105   4.832823119705879e-15
0.2947453380868545   4.826798934979359e-15
0.29501696080549084   4.820781355511855e-15
0.29528883383818394   4.81475614112299e-15
0.2955609574156108   4.808736593499665e-15
0.2958333317686608   4.802713872520459e-15
0.29610595712843685   4.7966941692966724e-15
0.2963788337262541   4.790673918314128e-15
0.2966519617936412   4.784655103941249e-15
0.2969253415623395   4.778639291479025e-15
0.29719897326430533   4.77261962355514e-15
0.2974728571317075   4.766604243223555e-15
0.29774699339692917   4.760587270504245e-15
0.29802138229256747   4.754577028913855e-15
0.2982960240514346   4.7485612694232336e-15
0.2985709189065566   4.742550546564354e-15
0.29884606709117445   4.736537167249124e-15
0.29912146883874363   4.730527655570477e-15
0.299397124382936   4.7245205986606944e-15
0.29967303395763745   4.718513938023911e-15
0.2999491977969502   4.712511190629239e-15
0.30022561613519133   4.7065078255315964e-15
0.3005022892068953   4.700511204531511e-15
0.3007792172468115   4.694507961577094e-15
0.301056400489906   4.688511751373792e-15
0.3013338391713611   4.682516711320653e-15
0.30161153352657677   4.676524352854674e-15
0.301889483791169   4.670531572539967e-15
0.30216769020097123   4.6645418576031435e-15
0.30244615299203387   4.658557217698075e-15
0.3027248724006258   4.652572035053133e-15
0.30300384866323277   4.646593344108609e-15
0.30328308201655874   4.6406100568859356e-15
0.30356257269752546   4.634633517024678e-15
0.30384232094327396   4.628658301271299e-15
0.30412232699116293   4.622686869973466e-15
0.30440259107877   4.616717732799817e-15
0.30468311344389154   4.610751109036468e-15
0.30496389432454396   4.604789973577832e-15
0.305244933958962   4.598825801636742e-15
0.30552623258560047   4.592868012394642e-15
0.30580779044313333   4.586912004070051e-15
0.3060896077704556   4.580961118183767e-15
0.30637168480668153   4.575011094970626e-15
0.306654021791146   4.569064585277636e-15
0.306936618963404   4.563122464610293e-15
0.3072194765632325   4.557180100082536e-15
0.30750259483062836   4.551243841690824e-15
0.3077859740058095   4.545308672858698e-15
0.30806961432921626   4.5393794133414524e-15
0.3083535160415097   4.533450141325643e-15
0.3086376793835727   4.5275258634915516e-15
0.30892210459651026   4.521606328449565e-15
0.30920679192165   4.515688496515373e-15
0.30949174160054144   4.50977673001017e-15
0.3097769538749567   4.503864297306913e-15
0.31006242898689046   4.497958586973392e-15
0.3103481671785615   4.492055532348761e-15
0.3106341686924108   4.486156627632592e-15
0.3109204337711029   4.480261271195431e-15
0.31120696265752595   4.474367620143838e-15
0.3114937555947927   4.468479935550307e-15
0.31178081282623893   4.462593367442027e-15
0.3120681345954252   4.456713424597246e-15
0.312355721146136   4.450836235442106e-15
0.3126435727223816   4.444963814971988e-15
0.312931689568396   4.4390961343218784e-15
0.31322007192863877   4.433229729056665e-15
0.3135087200477943   4.427369443918517e-15
0.31379763417077355   4.421512151509886e-15
0.31408681454271214   4.415660528260715e-15
0.31437626140897196   4.409810762115603e-15
0.3146659750151406   4.403965147332118e-15
0.31495595560703304   4.398124783569641e-15
0.3152462034306899   4.392288073192329e-15
0.31553671873237854   4.386457773307307e-15
0.3158275017585933   4.380627655376072e-15
0.31611855275605644   4.3748036791490046e-15
0.31640987197171677   4.368984779444943e-15
0.3167014596527508   4.363169084043859e-15
0.31699331604656267   4.357359472226352e-15
0.3172854414007854   4.351550890551601e-15
0.31757783596327926   4.345749031229556e-15
0.31787049998213335   4.339951409635841e-15
0.31816343370566486   4.334159011566317e-15
0.3184566373824211   4.3283724801101164e-15
0.3187501112611771   4.322586289949469e-15
0.31904385559093773   4.3168064981590005e-15
0.319337870620937   4.31103184550278e-15
0.31963215660063937   4.3052621444975466e-15
0.31992671377973847   4.299496623487168e-15
0.32022154240815814   4.29373518159266e-15
0.3205166427360524   4.287980210794935e-15
0.3208120150138067   4.282226462625262e-15
0.3211076594920361   4.276479624651212e-15
0.3214035764215873   4.270738668461469e-15
0.3216997660535375   4.265000925889597e-15
0.3219962286391964   4.259268991762751e-15
0.32229296443010436   4.25353976846977e-15
0.32258997367803377   4.2478169989488525e-15
0.3228872566349888   4.242098545476858e-15
0.3231848135532067   4.236384824643056e-15
0.3234826446851564   4.230677175505522e-15
0.3237807502835397   4.224972459305279e-15
0.3240791306012909   4.2192741068316684e-15
0.32437778589157845   4.213579823892972e-15
0.3246767164078031   4.2078914931229106e-15
0.32497592240359946   4.202209775906859e-15
0.3252754041328355   4.19652938435524e-15
0.32557516184961427   4.190855582951729e-15
0.32587519580827184   4.185187115019625e-15
0.3261755062633791   4.17952350303497e-15
0.3264760934697411   4.173865670182922e-15
0.3267769576823988   4.1682125148916045e-15
0.32707809915662717   4.162565213089622e-15
0.3273795181479367   4.156920517267169e-15
0.32768121491207314   4.151282752666037e-15
0.32798318970501883   4.1456522730622076e-15
0.328285442782991   4.140022888523031e-15
0.32858797440244336   4.134400035132733e-15
0.3288907848200657   4.128782579081273e-15
0.3291938742927851   4.123170765044519e-15
0.32949724307776485   4.1175656007627216e-15
0.32980089143240515   4.111962974936948e-15
0.33010481961434324   4.106366990120083e-15
0.33040902788145476   4.1007765555978794e-15
0.3307135164918521   4.095190222149268e-15
0.33101828570388536   4.089609957479805e-15
0.3313233357761438   4.084034185897769e-15
0.331628666967454   4.078464779472125e-15
0.3319342795368813   4.072901157673664e-15
0.3322401737437296   4.067341145593851e-15
0.33254634984754267   4.0617872832393545e-15
0.33285280810810236   4.0562382069480425e-15
0.33315954878543047   4.050695094389773e-15
0.333466572139788   4.045158080270304e-15
0.3337738784316767   4.039625673874121e-15
0.3340814679218375   4.034099730182063e-15
0.33438934087125194   4.0285789389374216e-15
0.3346974975411417   4.023062481231315e-15
0.33500593819297014   4.01755183349728e-15
0.3353146630884407   4.012047193515206e-15
0.3356236724894982   4.006548157543385e-15
0.3359329666583286   4.00105364667871e-15
0.3362425458573605   3.995565470287468e-15
0.33655241034926325   3.990083723196049e-15
0.3368625603969487   3.984605240848803e-15
0.33717299626357045   3.979133469949473e-15
0.3374837182125259   3.973668601652258e-15
0.33779472650745396   3.968206355496635e-15
0.33810602141223695   3.962750899492826e-15
0.33841760319099995   3.957301933682778e-15
0.3387294721081126   3.951858006358313e-15
0.33904162842818697   3.946420309356895e-15
0.3393540724160794   3.940987171629514e-15
0.33966680433689   3.93555976705854e-15
0.3399798244559642   3.9301383226135095e-15
0.34029313303889086   3.924721173211555e-15
0.3406067303515041   3.919310187416557e-15
0.34092061665988244   3.913904456692477e-15
0.3412347922303508   3.9085049807344904e-15
0.34154925732947855   3.903112067815446e-15
0.3418640122240809   3.897723737188738e-15
0.34217905718121866   3.892340949752567e-15
0.3424943924681999   3.886964176980174e-15
0.34281001835257774   3.881593200798782e-15
0.3431259351021525   3.876227607256306e-15
0.3434421429849707   3.870866356550073e-15
0.3437586422693271   3.865511169425952e-15
0.34407543322376255   3.860162727788581e-15
0.3443925161170658   3.854820424765268e-15
0.3447098912182729   3.849483273314715e-15
0.34502755879666885   3.8441520883580306e-15
0.34534551912178585   3.838825163897713e-15
0.3456637724634048   3.833504776176396e-15
0.3459823190915548   3.8281909644491655e-15
0.34630115927651495   3.822881282985865e-15
0.34662029328881233   3.817577503969289e-15
0.3469397213992237   3.812278958324538e-15
0.34725944387877494   3.8069863911980665e-15
0.34757946099874276   3.801700440562805e-15
0.3478997730306529   3.796420551340863e-15
0.34822038024628155   3.7911456395675355e-15
0.3485412829176551   3.785876547802125e-15
0.34886248131705166   3.7806117869248445e-15
0.3491839757169992   3.775353366584279e-15
0.34950576639027714   3.7701014937363734e-15
0.349827853609916   3.764855236459767e-15
0.3501502376491989   3.759612275541295e-15
0.3504729187816598   3.754372029853e-15
0.3507958972810851   3.749137504025145e-15
0.3511191734215131   3.7439164162200556e-15
0.35144274747723575   3.738713360364664e-15
0.35176661972279666   3.733503458178673e-15
0.3520907904329928   3.728292995469634e-15
0.35241525988287414   3.723077506594961e-15
0.35274002834774504   3.717881852533288e-15
0.3530650961031626   3.712697842951172e-15
0.35339046342493813   3.707521015696291e-15
0.35371613058913687   3.702340095711551e-15
0.3540420978720794   3.697160660858627e-15
0.35436836555034   3.691988415727447e-15
0.35469493390074774   3.686833446804492e-15
0.35502180320038795   3.6816912983732724e-15
0.3553489737266001   3.676540493184109e-15
0.3556764457569799   3.6713877334419424e-15
0.35600421956937806   3.66623456584961e-15
0.3563322954419028   3.6611051777565144e-15
0.3566606736529174   3.6559828861091575e-15
0.35698935448104213   3.6508676777895626e-15
0.35731833820515346   3.645743292100362e-15
0.35764762510438614   3.640632987443659e-15
0.357977215458131   3.635538998727883e-15
0.3583071095460367   3.630436455088038e-15
0.35863730764800916   3.625339818957622e-15
0.3589678100442135   3.620250235941054e-15
0.35929861701507193   3.615167693167265e-15
0.3596297288412653   3.610092177814039e-15
0.35996114580373284   3.605023677107712e-15
0.3602928681836738   3.599947482503224e-15
0.36062489626254535   3.594882626724006e-15
0.36095723032206467   3.589835141056988e-15
0.36128987064420787   3.5847801563243206e-15
0.3616228175112122   3.579736148825463e-15
0.36195607120557394   3.574709564428457e-15
0.3622896320100499   3.569675537190765e-15
0.3626235002076572   3.564646287832707e-15
0.362957676081675   3.559623987430837e-15
0.3632921599156422   3.554608623579452e-15
0.36362695199335937   3.549600183918415e-15
0.3639620525988884   3.544598656132877e-15
0.3642974620165541   3.539589437556789e-15
0.36463318053094196   3.5345918089477962e-15
0.3649692084269002   3.5296109897928885e-15
0.3653055459895393   3.524622132057613e-15
0.36564219350423344   3.519645589529743e-15
0.3659791512566187   3.514685369259495e-15
0.3663164195325948   3.5097166317718853e-15
0.36665399861832454   3.5047537433237843e-15
0.3669918888002356   3.4997977048287783e-15
0.3673300903650184   3.4948485043093884e-15
0.367668603599628   3.489906129830694e-15
0.3680074287912835   3.484970212683711e-15
0.3683465662274699   3.480025197185465e-15
0.3686860161959359   3.4750959198504737e-15
0.3690257789846957   3.470179545556425e-15
0.3693658548820287   3.465254961866033e-15
0.36970624417648107   3.4603469922908584e-15
0.3700469471568636   3.455449931027969e-15
0.3703879641122538   3.450545673582623e-15
0.37072929533199506   3.445648183431521e-15
0.3710709411056987   3.440757448951372e-15
0.3714129017232416   3.4358734585589717e-15
0.3717551774747684   3.4309962007109288e-15
0.37209776865069044   3.426121074729365e-15
0.37244067554168814   3.421241191528428e-15
0.3727838984387084   3.416381328121898e-15
0.37312743763296685   3.4115249832949112e-15
0.37347129341594687   3.4066652561231678e-15
0.3738154660794018   3.4018122398373234e-15
0.3741599559153526   3.3969733449266208e-15
0.3745047632160897   3.3921494495512504e-15
0.3748498882741727   3.3873164531919097e-15
0.37519533138243166   3.3824811115399727e-15
0.3755410928339656   3.3776474250331993e-15
0.37588717292214385   3.3728344365946374e-15
0.37623357194060586   3.3680280802373335e-15
0.37658029018326267   3.36322466945689e-15
0.37692732794429523   3.3584156956657744e-15
0.37727468551815585   3.3536258929156453e-15
0.3776223631995677   3.3488404292509503e-15
0.377970361283527   3.344051314882813e-15
0.3783186800653004   3.3392688130116076e-15
0.3786673198404271   3.3344929126459828e-15
0.3790162809047184   3.329723602830225e-15
0.3793655635542592   3.3249608726440343e-15
0.37971516808540623   3.3201950320771283e-15
0.3800650947947892   3.3154326593682567e-15
0.3804153439793124   3.310689646454695e-15
0.38076591593615267   3.3059412774515225e-15
0.3811168109627609   3.301195687139891e-15
0.38146802935686186   3.2964566580776467e-15
0.3818195714164558   3.291738387937553e-15
0.3821714374398164   3.2870204277974e-15
0.38252362772549275   3.282299928249392e-15
0.3828761425723084   3.277571413924411e-15
0.38322898227936375   3.2728595554811257e-15
0.38358214714603345   3.2681596687721407e-15
0.38393563747196857   3.2634662685782774e-15
0.3842894535570958   3.258766649803033e-15
0.3846435957016196   3.25407071466346e-15
0.3849980642060197   3.2493812808591126e-15
0.3853528593710531   3.2446983378447468e-15
0.3857079814977539   3.240021875107528e-15
0.38606343088743444   3.2353518821668515e-15
0.38641920784168377   3.2306883485741575e-15
0.38677531266236914   3.2260312639127582e-15
0.38713174565163566   3.2213749299200545e-15
0.38748850711190796   3.2167153509623803e-15
0.3878455973458884   3.2120622362005855e-15
0.38820301665655854   3.207415575243606e-15
0.3885607653471787   3.2027753577316155e-15
0.38891884372129   3.19814157333582e-15
0.389277252082712   3.1935142117583143e-15
0.3896359907355447   3.188893262731894e-15
0.38999505998416795   3.1842787160198906e-15
0.39035446013324315   3.179655527899045e-15
0.3907141914877115   3.1750476244189817e-15
0.3910742543527955   3.1704491284458097e-15
0.3914346490339985   3.165844942459122e-15
0.39179537583710655   3.1612471541262497e-15
0.3921564350681865   3.15665575329034e-15
0.3925178270335874   3.152069982683915e-15
0.39287955203994035   3.1474761980460415e-15
0.3932416103941603   3.1428989025927906e-15
0.3936040024034437   3.1383286593524258e-15
0.39396672837527047   3.133754013212206e-15
0.39432978861740364   3.1291857402949084e-15
0.394693183437891   3.1246238305472194e-15
0.39505691314506297   3.120068273944576e-15
0.39542097804753457   3.1155190604909823e-15
0.3957853784542048   3.1109644327444183e-15
0.3961501146742585   3.106419082046057e-15
0.3965151870171643   3.1018882566726927e-15
0.39688059579267637   3.097349406790096e-15
0.3972463413108339   3.0928168965022623e-15
0.39761242388196316   3.088290715880685e-15
0.39797884381667503   3.0837708550246253e-15
0.39834560142586706   3.07925730406094e-15
0.39871269702072304   3.074741437023898e-15
0.3990801309127145   3.0702256392680568e-15
0.39944790341359904   3.0657161680204225e-15
0.39981601483542184   3.0612130134153293e-15
0.4001844654905153   3.0567161656142174e-15
0.4005532556915007   3.052225614805483e-15
0.40092238575128647   3.04774135120436e-15
0.40129185598306955   3.043251708283244e-15
0.40166166670033526   3.038765273008318e-15
0.402031818216859   3.0342851417783393e-15
0.40240231084670414   3.0298113048124558e-15
0.4027731449042237   3.0253437523561765e-15
0.40314432070406025   3.020882474681235e-15
0.40351583856114737   3.0164268371518826e-15
0.4038876987907077   3.011963438778055e-15
0.4042599017082547   3.007506332245735e-15
0.40463244762959233   3.0030555078274644e-15
0.40500533687081675   2.998610955821557e-15
0.4053785697483141   2.994172666551996e-15
0.4057521465787626   2.989730802680392e-15
0.4061260676791318   2.9852953894113428e-15
0.40650033336668473   2.9808758572803933e-15
0.40687494395897544   2.9764480508496947e-15
0.4072498997738507   2.9720265050889016e-15
0.4076252011294513   2.967606380289043e-15
0.4080008483442101   2.9631828747878714e-15
0.4083768417368538   2.9587656472824516e-15
0.4087531816264024   2.9543546881152953e-15
0.40912986833217113   2.9499499876537464e-15
0.40950690217376823   2.9455515362898756e-15
0.40988428347109684   2.9411593244403426e-15
0.4102620125443547   2.936763379443139e-15
0.4106400897140356   2.932369291774882e-15
0.4110185153009276   2.927981461085991e-15
0.41139728962611477   2.9235998777855424e-15
0.41177641301097667   2.9192245323068392e-15
0.41215588577719026   2.9148495486891973e-15
0.4125357082467276   2.91047239834873e-15
0.4129158807418581   2.906101503403346e-15
0.41329640358514746   2.9017368542764563e-15
0.41367727709946017   2.8973718254135797e-15
0.4140585016079568   2.8930076341831027e-15
0.4144400774340963   2.888661704085372e-15
0.4148220049016351   2.8843100395303482e-15
0.41520428433462947   2.8799548320194406e-15
0.4155869160574328   2.8756025143797403e-15
0.41596990039469806   2.8712673660143042e-15
0.41635323767137683   2.8669254425972964e-15
0.41673692821272146   2.862588662400259e-15
0.41712097234428275   2.858253694961381e-15
0.41750537039191193   2.853915549193579e-15
0.4178901226817602   2.8495975077250936e-15
0.41827522954028035   2.8452756649455118e-15
0.418660691294225   2.8409502312293006e-15
0.41904650827064827   2.8366245914758557e-15
0.4194326807969051   2.832317504968323e-15
0.41981920920065346   2.828005123106513e-15
0.4202060938098521   2.823696566278239e-15
0.42059333495276224   2.8193909056864333e-15
0.42098093295794736   2.815080949540866e-15
0.42136888815427487   2.8107772705067102e-15
0.42175720087091406   2.8064798589953117e-15
0.42214587143733795   2.8021887054203486e-15
0.42253490018332274   2.797902559630234e-15
0.4229242874389499   2.7936100841050436e-15
0.4233140335346037   2.789323884363143e-15
0.42370413880097335   2.7850367410066013e-15
0.42409460356905243   2.780749318776734e-15
0.42448542817014073   2.7764681901491234e-15
0.42487661293584217   2.7721933454527363e-15
0.42526815819806657   2.7679247750781345e-15
0.4256600642890293   2.7636568770156357e-15
0.4260523315412531   2.7593871630214656e-15
0.42644496028756596   2.755123741167157e-15
0.4268379508611029   2.750854871051846e-15
0.4272313035953055   2.746590405920701e-15
0.427625018823924   2.7423322507163825e-15
0.4280190968810149   2.738079737184087e-15
0.428413538100943   2.7338206016718923e-15
0.42880834281838076   2.7295677938723035e-15
0.4292035113683103   2.7253213040366987e-15
0.4295990440860213   2.72107773675256e-15
0.42999494130711263   2.716830357637765e-15
0.43039120336749226   2.7125893142125408e-15
0.4307878306033789   2.7083545967179622e-15
0.4311848233512997   2.704119932933694e-15
0.4315821819480925   2.69988441767369e-15
0.43197990673090514   2.69565524603714e-15
0.4323779980371973   2.6914196851876474e-15
0.43277645620473854   2.687189817644437e-15
0.43317528157161   2.6829604377840842e-15
0.43357447447620395   2.678732439084807e-15
0.4339740352572259   2.674521662842898e-15
0.434373964253692   2.6702923229147778e-15
0.43477426180493156   2.6660767753397757e-15
0.4351749282505859   2.6618601887880164e-15
0.4355759639306107   2.6576375635780388e-15
0.4359773691852737   2.653432096332442e-15
0.43637914435515657   2.64922052643281e-15
0.43678128978115444   2.6450146237212154e-15
0.4371838058044779   2.6408091023009698e-15
0.4375866927666507   2.636602839799823e-15
0.4379899510095112   2.6324030083838967e-15
0.4383935808752143   2.6281967897506136e-15
0.4387975827062287   2.623996701846111e-15
0.4392019568453393   2.6197965199602583e-15
0.4396067036356463   2.6155962517776618e-15
0.4400118234205675   2.611402459257989e-15
0.4404173165438359   2.6072151321512263e-15
0.4408231833495016   2.6030238863434565e-15
0.44122942418193134   2.5988291257754702e-15
0.4416360393858106   2.5946352199856636e-15
0.44204302930614114   2.590447834243575e-15
0.4424503942882431   2.5862669581636954e-15
0.44285813467775437   2.58208121757878e-15
0.44326625082063276   2.5778920076109436e-15
0.4436747430631536   2.573710389773896e-15
0.4440836117519115   2.569537418464435e-15
0.4444928572338205   2.5653505036866646e-15
0.44490247985611525   2.5611701802539388e-15
0.44531247996634926   2.5569964375852555e-15
0.4457228579123968   2.552822308334056e-15
0.44613361404245205   2.5486489195961974e-15
0.44654474870503175   2.5444807377770824e-15
0.4469562622489722   2.5403077806780812e-15
0.44736815502343175   2.5361300633863125e-15
0.44778042737789   2.531957652458131e-15
0.44819307966215   2.5277918927513023e-15
0.44860611222633584   2.5236295154160114e-15
0.4490195254208947   2.5194637722464943e-15
0.4494333195965961   2.515292651383295e-15
0.4498474951045345   2.511128235607355e-15
0.45026205229612626   2.5069625445792945e-15
0.45067699152311214   2.5027989364857278e-15
0.45109231313755666   2.498639255342906e-15
0.45150801749185004   2.494476533419599e-15
0.451924104938706   2.4903205590203153e-15
0.4523405758311636   2.4861610877932152e-15
0.45275743052258693   2.4819983886807185e-15
0.453174669366667   2.4778377115204088e-15
0.4535922927174195   2.473681082186167e-15
0.4540103009291867   2.4695215638538956e-15
0.454428694356637   2.4653688727199907e-15
0.45484747335476705   2.461212708675638e-15
0.4552666382788993   2.4570534060033097e-15
0.4556861894846839   2.4528964786155676e-15
0.4561061273280987   2.4487433118740537e-15
0.45652645216545046   2.444587816776395e-15
0.45694716435337335   2.440439227778423e-15
0.4573682642488304   2.4362867893859998e-15
0.45778975220911333   2.4321313058010122e-15
0.45821162859184433   2.4279789491583105e-15
0.4586338937549738   2.423829673674563e-15
0.45905654805678264   2.419679023302902e-15
0.4594795918558812   2.415535357051471e-15
0.459903025511212   2.4113870802594734e-15
0.46032684938204665   2.4072358557261796e-15
0.4607510638279885   2.403088892078318e-15
0.4611756692089718   2.3989389431696677e-15
0.46160066588526383   2.3947847457216777e-15
0.4620260542174625   2.3906453810876155e-15
0.4624518345664986   2.386490444182465e-15
0.4628780072936349   2.3823426441245355e-15
0.4633045727604686   2.3782019683104693e-15
0.4637315313289287   2.374055397614233e-15
0.4641588833612782   2.3699050205029856e-15
0.4645866292201135   2.365761830709298e-15
0.46501476926836655   2.361624992127245e-15
0.4654433038693023   2.3574723146026516e-15
0.46587223338652106   2.3533268872970664e-15
0.4663015581839576   2.349180357552862e-15
0.46673127862588354   2.34503756020771e-15
0.46716139507690485   2.340893144463492e-15
0.4675919079019638   2.3367412552734116e-15
0.4680228174663388   2.3325967034581196e-15
0.4684541241356459   2.3284594755835177e-15
0.4688858282758371   2.3243085517278515e-15
0.46931793025320123   2.3201625230576357e-15
0.4697504304343665   2.3160170989885634e-15
0.4701833291862971   2.311874155236168e-15
0.47061662687629635   2.3077354799757227e-15
0.47105032387200524   2.3035943482125134e-15
0.47148442054140516   2.2994503755809786e-15
0.47191891725281504   2.295302681017099e-15
0.47235381437489393   2.2911526497481302e-15
0.4727891122766399   2.2870079983865728e-15
0.4732248113273927   2.2828649208192558e-15
0.47366091189683085   2.278719555358389e-15
0.47409741435497416   2.274571935855562e-15
0.47453431907218285   2.270422998435929e-15
0.47497162641916   2.2662816910559376e-15
0.47540933676694874   2.2621372971576527e-15
0.47584745048693466   2.2579907531739386e-15
0.4762859679508452   2.2538420935260362e-15
0.4767248895307517   2.2496913527985845e-15
0.47716421559906697   2.2455428118655492e-15
0.4776039465285476   2.2413993401596183e-15
0.478044082692293   2.237253839267795e-15
0.47848462446374807   2.233105949980332e-15
0.47892557221670023   2.2289549870473287e-15
0.4793669263252821   2.2248021193209448e-15
0.4798086871639703   2.220655231258883e-15
0.48025085510758814   2.2165034889078396e-15
0.480693430531303   2.2123499743985813e-15
0.4811364138106282   2.2082009615234865e-15
0.48157980532142297   2.204050168836705e-15
0.4820236054398942   2.1998976322689692e-15
0.48246781454259385   2.1957425833570686e-15
0.4829124330064217   2.1915955696988417e-15
0.4833574612086242   2.187438805354393e-15
0.48380289952679695   2.1832857843291334e-15
0.48424874833888193   2.1791285611419068e-15
0.4846950080231701   2.1749697504704155e-15
0.4851416789583005   2.170815623953054e-15
0.4855887615232625   2.166660009440794e-15
0.4860362560973933   2.1625029438110886e-15
0.4864841630603801   2.158344078327506e-15
0.4869324827922597   2.1541829676164083e-15
0.48738121567342035   2.1500205343966753e-15
0.4878303620845995   2.145864790943472e-15
0.48827992240688606   2.1417038838839103e-15
0.48872989702171943   2.1375431881320135e-15
0.4891802863108921   2.133382248503445e-15
0.489631090656547   2.12921681874421e-15
0.4900823104411796   2.1250559287777896e-15
0.49053394604763745   2.1208859834609402e-15
0.4909859978591223   2.116724564740521e-15
0.49143846625918763   2.112550984449277e-15
0.4918913516317409   2.1083853399289863e-15
0.4923446543610428   2.1042121253445413e-15
0.49279837483170963   2.100042473343659e-15
0.4932525134287107   2.095875590828887e-15
0.4937070705373705   2.091703069895667e-15
0.4941620465433682   2.0875277982126102e-15
0.49461744183273987   2.083355862072182e-15
0.4950732567918758   2.079177128642446e-15
0.4955294918075229   2.075006543404948e-15
0.49598614726678397   2.0708350023188125e-15
0.49644322355711995   2.0666521007423025e-15
0.4969007210663476   2.0624683918989022e-15
0.4973586401826412   2.0582923522753815e-15
0.49781698129453267   2.0541109439650543e-15
0.4982757447909131   2.04992596059224e-15
0.49873493106103073   2.04574064209827e-15
0.4991945404944929   2.0415550274798707e-15
0.49965457348126546   2.037369155787733e-15
0.5001150304116753   2.033183066143227e-15
0.5005759116764072   2.02899679767599e-15
0.5010372176665069   2.0248095680155067e-15
0.5014989487733796   2.0206128789330287e-15
0.501961105388793   2.016425491700001e-15
0.5024236879048742   2.012228857644984e-15
0.5028866967141117   2.00803145896838e-15
0.503350132209357   2.0038417930822045e-15
0.5038139947838225   1.999647909071382e-15
0.5042782848310833   1.9954449714290935e-15
0.5047430027450764   1.9912435358947005e-15
0.505208148920104   1.9870427079509018e-15
0.5056737237508295   1.9828367342018143e-15
0.5061397276322809   1.9786311815383507e-15
0.5066061609598494   1.9744260894157735e-15
0.5070730241292927   1.9702214973545633e-15
0.507540317536731   1.9660165948875303e-15
0.5080080415786504   1.96180329682651e-15
0.5084761966519018   1.9575901760699043e-15
0.5089447831537035   1.9533776151819317e-15
0.5094138014816381   1.949165822554509e-15
0.509883252033655   1.9449468935527877e-15
0.5103531352080705   1.940727076347224e-15
0.5108234514035686   1.936508203178796e-15
0.5112942010191996   1.9322842777295857e-15
0.5117653844543822   1.9280632240909556e-15
0.5122370021089026   1.9238426259715513e-15
0.5127090543829167   1.9196141459237183e-15
0.5131815416769478   1.9153852371861247e-15
0.513654464391889   1.9111603592235092e-15
0.514127822929002   1.906927804984574e-15
0.5146016176899201   1.9026917510689466e-15
0.5150758490766449   1.898461561857588e-15
0.5155505174915492   1.8942179943321837e-15
0.5160256233373761   1.889983931097993e-15
0.5165011670172412   1.885742579873926e-15
0.5169771489346303   1.8815024656552664e-15
0.5174535694934014   1.8772640657561982e-15
0.517930429097784   1.8730190371487983e-15
0.518407728152382   1.868767039309498e-15
0.5188854670621705   1.8645156538716258e-15
0.5193636462324982   1.860266277831916e-15
0.5198422660690869   1.8560123629514157e-15
0.5203213269780338   1.8517579596253434e-15
0.520800829365809   1.84750573983666e-15
0.5212807736392574   1.843245053755708e-15
0.5217611602055986   1.8389840884208e-15
0.5222419894724287   1.834725080856429e-15
0.5227232618477182   1.8304597961597993e-15
0.5232049777398139   1.826192188359791e-15
0.5236871375574382   1.821927169554966e-15
0.5241697417096923   1.817658459195558e-15
0.5246527906060523   1.8133836754636822e-15
0.5251362846563723   1.809112764457011e-15
0.5256202242708838   1.804831896001763e-15
0.5261046098601977   1.800553981978083e-15
0.5265894418353017   1.796277426006351e-15
0.5270747206075629   1.7919953515854357e-15
0.5275604465887269   1.7877089648003147e-15
0.5280466201909204   1.783424957710108e-15
0.5285332418266484   1.7791357059483094e-15
0.5290203119087962   1.774841684571502e-15
0.5295078308506292   1.7705509730062089e-15
0.5299957990657957   1.7662551417395845e-15
0.5304842169683232   1.7619627612801732e-15
0.530973084972621   1.7576656669429715e-15
0.5314624034934803   1.753363895532468e-15
0.5319521729460759   1.7490575583765236e-15
0.5324423937459637   1.7447544730367358e-15
0.532933066309083   1.7404403078126363e-15
0.5334241910517558   1.7361355671988958e-15
0.5339157683906895   1.7318217529194244e-15
0.5344077987429741   1.7275095491736483e-15
0.534900282526084   1.7231879444836007e-15
0.5353932201578783   1.7188675982970299e-15
0.5358866120566025   1.71455170390599e-15
0.5363804586408858   1.7102274651762164e-15
0.5368747603297441   1.7058977343389549e-15
0.5373695175425788   1.7015707206154222e-15
0.5378647306991791   1.6972423983131098e-15
0.5383604002197198   1.6929047998857918e-15
0.5388565265247628   1.6885735949345566e-15
0.5393531100352591   1.6842322680177205e-15
0.5398501511725462   1.6798947629974315e-15
0.5403476503583502   1.6755535024354583e-15
0.5408456080147854   1.6712070424136749e-15
0.5413440245643568   1.6668579471181848e-15
0.5418429004299571   1.662511845516016e-15
0.5423422360348691   1.6581603041574996e-15
0.5428420318027652   1.6538039299215488e-15
0.5433422881577102   1.6494453610799735e-15
0.5438430055241577   1.6450847074977942e-15
0.5443441843269529   1.6407220786069073e-15
0.5448458249913322   1.6363575840949975e-15
0.5453479279429256   1.6319967638962078e-15
0.5458504936077536   1.6276257577590889e-15
0.5463535224122297   1.6232539971482863e-15
0.54685701478316   1.618883129854593e-15
0.5473609711477454   1.6145054060511693e-15
0.5478653919335791   1.610124328734805e-15
0.5483702775686486   1.6057422081369215e-15
0.5488756284813356   1.6013591516271495e-15
0.5493814451004178   1.596975266677098e-15
0.5498877278550668   1.5925848490084118e-15
0.5503944771748499   1.5881920940412105e-15
0.55090169348973   1.5837988934586055e-15
0.5514093772300678   1.5793993018866976e-15
0.5519175288266188   1.5750042225460669e-15
0.5524261487105362   1.5706041135932018e-15
0.55293523731337   1.5661964864704544e-15
0.5534447950670693   1.5617879850043958e-15
0.55395482240398   1.5573797947399738e-15
0.5544653197568465   1.5529653329560968e-15
0.5549762875588118   1.548550800662258e-15
0.5554877262434197   1.5441369532114021e-15
0.5559996362446116   1.5397168158458838e-15
0.5565120179967298   1.5352898996771478e-15
0.5570248719345158   1.5308640760284068e-15
0.5575381984931137   1.5264389286106611e-15
0.558051998108067   1.5220077668538579e-15
0.5585662712153211   1.5175716956052837e-15
0.5590810182512223   1.5131361473608253e-15
0.559596239652521   1.5086950858672584e-15
0.5601119358563684   1.504250223368223e-15
0.5606281073003189   1.4998056855510578e-15
0.5611447544223298   1.49535808430654e-15
0.5616618776607636   1.4909084584838422e-15
0.5621794774543849   1.486451795032394e-15
0.5626975542423636   1.481995146579478e-15
0.5632161084642734   1.4775370172142845e-15
0.563735140560095   1.47307559777861e-15
0.5642546509702127   1.4686097895485598e-15
0.5647746401354172   1.4641436148589514e-15
0.5652951084969052   1.45967377471056e-15
0.5658160564962813   1.4552004516153013e-15
0.5663374845755553   1.4507238273370848e-15
0.5668593931771454   1.4462440829955775e-15
0.5673817827438763   1.4417613994351138e-15
0.567904653718983   1.4372759565092097e-15
0.5684280065461071   1.4327879335982124e-15
0.5689518416692995   1.4282975092737826e-15
0.5694761595330197   1.4238048616155032e-15
0.5700009605821388   1.4193039625554217e-15
0.570526245261936   1.4148061796917265e-15
0.5710520140181012   1.4103006017379885e-15
0.5715782672967349   1.4057935617239153e-15
0.5721050055443501   1.4012852341946087e-15
0.5726322292078695   1.3967710300689125e-15
0.5731599387346284   1.3922513198235512e-15
0.573688134572374   1.3877371524441601e-15
0.5742168171692673   1.383201967304501e-15
0.5747459869738811   1.3786862543953671e-15
0.5752756444352017   1.3741577226252049e-15
0.575805790002629   1.3696192596837913e-15
0.5763364241259785   1.365100571804232e-15
0.5768675472554786   1.3605593633363384e-15
0.5773991598417726   1.356019460205824e-15
0.5779312623359207   1.3514996226496207e-15
0.5784638551893975   1.346947413795496e-15
0.5789969388540935   1.3424078741722254e-15
0.5795305137823157   1.337832941198207e-15
0.5800645804267892   1.3333199750043357e-15
0.580599139240655   1.3287346407581834e-15
0.581134190677472   1.3242034683315007e-15
0.5816697351912165   1.3196307789449295e-15
0.582205773236285   1.3150396633013652e-15
0.5827423052674909   1.3104700452800022e-15
0.5832793317400674   1.3059217886120464e-15
0.5838168531096668   1.301361090316768e-15
0.5843548698323626   1.2967610569094775e-15
0.5848933823646473   1.2922050853402194e-15
0.5854323911634345   1.2875956815443353e-15
0.585971896686058   1.2830354061127379e-15
0.5865118993902754   1.2784500214763844e-15
0.5870523997342639   1.2738299197845911e-15
0.5875933981766238   1.2692326071282418e-15
0.5881348951763772   1.2646442940023041e-15
0.5886768911929712   1.2600377443199132e-15
0.5892193866862743   1.2554541631391635e-15
0.5897623821165797   1.2508673735370153e-15
0.5903058779446039   1.2462457337837467e-15
0.5908498746314899   1.241624305906756e-15
0.5913943726388038   1.2370264873692758e-15
0.5919393724285377   1.2324096599589697e-15
0.5924848744631089   1.2278064763792781e-15
0.5930308792053626   1.223176417529676e-15
0.5935773871185687   1.2185617907250972e-15
0.5941243986664246   1.2139271130760966e-15
0.5946719143130546   1.2093008702086616e-15
0.5952199345230123   1.2046642504770036e-15
0.5957684597612776   1.2000276573729687e-15
0.5963174904932597   1.1953903007580859e-15
0.596867027184796   1.1907446094807249e-15
0.5974170703021551   1.1861077008939008e-15
0.5979676203120332   1.1814960952661677e-15
0.5985186776815574   1.1768188528390771e-15
0.5990702428782846   1.1721966779617568e-15
0.5996223163702046   1.1675261216240459e-15
0.6001748986257364   1.1628888542628938e-15
0.6007279901137312   1.1582318345039098e-15
0.6012815913034721   1.1535807493806116e-15
0.6018357026646762   1.1489096191426983e-15
0.6023903246674914   1.1442653430008435e-15
0.6029454577825001   1.1396102185907406e-15
0.6035011024807171   1.1349309884134417e-15
0.6040572592335935   1.130269884345904e-15
0.604613928513013   1.1255949750146035e-15
0.6051711107912946   1.1209337257227155e-15
0.6057288065411921   1.1162501791043833e-15
0.6062870162358966   1.1115681976239827e-15
0.6068457403490339   1.1068867912437306e-15
0.6074049793546664   1.102216828478491e-15
0.6079647337272929   1.0975386350682421e-15
0.6085250039418514   1.0928777277262115e-15
0.6090857904737157   1.0881689497440123e-15
0.6096470937986982   1.083503494269919e-15
0.6102089143930493   1.0788036765765922e-15
0.61077125273346   1.0741129024292706e-15
0.611334109297059   1.0694298581845405e-15
0.6118974845614151   1.064746858799504e-15
0.6124613790045366   1.0600472999777818e-15
0.6130257931048742   1.0553685830234836e-15
0.6135907273413176   1.050674144884189e-15
0.6141561821931986   1.0459759697777665e-15
0.6147221581402899   1.0412767399639258e-15
0.6152886556628083   1.036580084839431e-15
0.6158556752414115   1.0318840067833303e-15
0.6164232173572003   1.0271896404208842e-15
0.6169912824917185   1.022492658481337e-15
0.6175598711269558   1.0177835696848598e-15
0.6181289837453436   1.013088343645174e-15
0.618698620829759   1.0083655684492027e-15
0.6192687828635234   1.003675439540319e-15
0.6198394703304052   9.989725021107964e-16
0.620410683714617   9.942717802962356e-16
0.6209824235008177   9.895724182325589e-16
0.6215546901741145   9.8486438956512e-16
0.6221274842200597   9.80172260528027e-16
0.6227008061246541   9.75456719674361e-16
0.6232746563743452   9.707577836508676e-16
0.6238490354560311   9.660521484592087e-16
0.6244239438570566   9.61340431150147e-16
0.6249993820652162   9.56653938592471e-16
0.6255753505687532   9.519575174308185e-16
0.6261518498563631   9.472352367746695e-16
0.6267288804171892   9.425346061032043e-16
0.627306442740827   9.378485121847595e-16
0.627884537317322   9.33152402577642e-16
0.6284631646371732   9.2844233764383e-16
0.6290423251913302   9.237567617122897e-16
0.6296220194711951   9.190456081237957e-16
0.6302022479686226   9.143595254524737e-16
0.6307830111759224   9.09656786414246e-16
0.631364309585856   9.049577740922406e-16
0.6319461436916396   9.002712263783734e-16
0.6325285139869435   8.95583943996107e-16
0.6331114209658947   8.908950933313521e-16
0.6336948651230736   8.862081508583134e-16
0.634278846953517   8.815236213320489e-16
0.6348633669527174   8.768420017470536e-16
0.6354484256166258   8.721637814512318e-16
0.6360340234416483   8.674876920190963e-16
0.6366201609246491   8.628133376171548e-16
0.6372068385629496   8.581334333094971e-16
0.6377940568543315   8.534547655827015e-16
0.6383818162970333   8.48796668807752e-16
0.6389701173897533   8.4412180012955e-16
0.6395589606316486   8.394696721538625e-16
0.6401483465223385   8.347993237570196e-16
0.6407382755619005   8.301370960623556e-16
0.6413287482508738   8.254833961362527e-16
0.6419197650902582   8.208386224655884e-16
0.642511326581517   8.162021231255136e-16
0.6431034332265737   8.115499379327962e-16
0.6436960855278152   8.069215335136139e-16
0.6442892839880905   8.022861163497686e-16
0.6448830291107142   7.976452020182354e-16
0.6454773213994623   7.930279906680133e-16
0.6460721613585764   7.884002017381514e-16
0.6466675494927615   7.837834282084172e-16
0.64726348630719   7.791688376451703e-16
0.6478599723074978   7.745692325694963e-16
0.6484570079997874   7.699557683081439e-16
0.6490545938906273   7.653640501360175e-16
0.6496527304870542   7.607654846708684e-16
0.6502514182965707   7.561827701877227e-16
0.6508506578271475   7.516023079251475e-16
0.6514504495872228   7.470287791537441e-16
0.652050794085705   7.424684283961178e-16
0.6526516918319702   7.379025730742882e-16
0.6532531433358639   7.333452768918915e-16
0.6538551491077013   7.287935015325775e-16
0.6544577096582694   7.242607418187404e-16
0.6550608254988244   7.197222961227908e-16
0.6556644971410939   7.151811533220063e-16
0.6562687250972766   7.106605989733459e-16
0.6568735098800453   7.061476360929601e-16
0.6574788520025431   7.016478013615344e-16
0.6580847519783867   6.971464503849048e-16
0.6586912103216654   6.926657920706858e-16
0.6592982275469447   6.881873926979584e-16
0.6599058041692614   6.837113388396532e-16
0.6605139407041285   6.792577763741274e-16
0.6611226376675329   6.748014421718024e-16
0.6617318955759391   6.7035373509272385e-16
0.6623417149462858   6.659198385137275e-16
0.6629520962959883   6.615024730002773e-16
0.6635630401429383   6.57089020584701e-16
0.664174547005507   6.526816274373957e-16
0.6647866174025409   6.482917627274274e-16
0.6653992518533648   6.439067458378496e-16
0.6660124508777842   6.395416047236208e-16
0.6666262149960813   6.351795136510198e-16
0.667240544729019   6.308310485169543e-16
0.6678554405978387   6.265004217520273e-16
0.6684709031242648   6.221775244510857e-16
0.6690869328305004   6.178582611499228e-16
0.6697035302392299   6.135520951555449e-16
0.6703206958736195   6.092666897286865e-16
0.670938430257319   6.049913363455539e-16
0.6715567339144591   6.007367152454506e-16
0.6721756073696541   5.964815586877124e-16
0.6727950511480008   5.922495135511152e-16
0.6734150657750821   5.880296021691844e-16
0.6740356517769636   5.838206147245005e-16
0.6746568096801957   5.796245467710358e-16
0.675278540011814   5.754467225428884e-16
0.6759008432993413   5.712844110306876e-16
0.6765237200707848   5.671290869588286e-16
0.6771471708546389   5.629959846680761e-16
0.6777711961798845   5.588784101854968e-16
0.6783957965759917   5.547768055360821e-16
0.6790209725729166   5.506906690415636e-16
0.6796467247011048   5.466167926104388e-16
0.6802730534914891   5.425602480946548e-16
0.6808999594754949   5.385214161891302e-16
0.681527443185034   5.344995140280678e-16
0.68215550515251   5.304887145645349e-16
0.6827841459108159   5.264930538687296e-16
0.6834133659933384   5.2252371329491135e-16
0.684043165933953   5.185721878160032e-16
0.6846735462670284   5.146371280152342e-16
0.6853045075274247   5.107222887483442e-16
0.6859360502504974   5.068196807195233e-16
0.6865681749720929   5.029424513564354e-16
0.6872008822285522   4.990814188615247e-16
0.6878341725567101   4.952400430016482e-16
0.6884680464938978   4.914173518776245e-16
0.68910250457794   4.876101123719005e-16
0.6897375473471573   4.838241034788413e-16
0.6903731753403661   4.800606406191315e-16
0.6910093890968813   4.763195701258244e-16
0.6916461891565125   4.725971393799472e-16
0.6922835760595678   4.688978247997098e-16
0.6929215503468523   4.652149617062017e-16
0.6935601125596716   4.615592025351917e-16
0.6941992632398283   4.579226462590484e-16
0.6948390029296244   4.543030763611576e-16
0.6954793321718616   4.507148383019293e-16
0.6961202515098437   4.47140054523537e-16
0.6967617614873729   4.4359248975634125e-16
0.6974038626487533   4.4006882691846883e-16
0.6980465555387902   4.3656472921135255e-16
0.6986898407027928   4.3308239188839026e-16
0.6993337186865707   4.296292640737391e-16
0.6999781900364372   4.261983107361746e-16
0.7006232552992087   4.2278800841949314e-16
0.7012689150222071   4.1940514576802707e-16
0.7019151697532569   4.160473580307274e-16
0.702562020040688   4.127155070641396e-16
0.7032094664333352   4.0940599869984596e-16
0.7038575094805407   4.0612102991179657e-16
0.7045061497321513   4.0286656905298195e-16
0.705155387738521   3.9962877813742887e-16
0.7058052240505104   3.964250074980676e-16
0.7064556592194895   3.932441057366888e-16
0.7071066937973348   3.900908966219723e-16
0.7077583283364317   3.8696739140168546e-16
0.7084105633896742   3.838676738248743e-16
0.7090633995104678   3.807965167336794e-16
0.7097168372527258   3.7775027465837296e-16
0.710370877170873   3.747361248515717e-16
0.7110255198198441   3.717478171873454e-16
0.7116807657550872   3.687882211382972e-16
0.7123366155325607   3.6585623291069517e-16
0.7129930697087348   3.6295175951920855e-16
0.7136501288405949   3.60077707182889e-16
0.7143077934856376   3.572355513180734e-16
0.7149660642018737   3.5441956992237123e-16
0.7156249415478279   3.516364134191287e-16
0.7162844260825415   3.4887967838505043e-16
0.7169445183655688   3.461548599191779e-16
0.7176052189569807   3.434625677340354e-16
0.7182665284173634   3.4079775449832316e-16
0.7189284473078217   3.3816384835430496e-16
0.7195909761899757   3.355629951773126e-16
0.7202541156259633   3.329926431038837e-16
0.7209178661784402   3.304549031969866e-16
0.7215822284105825   3.279471877489983e-16
0.7222472028860831   3.254710118729917e-16
0.7229127901691553   3.2302914116094954e-16
0.7235789908245314   3.206195948353782e-16
0.7242458054174665   3.1824168321917566e-16
0.7249132345137344   3.158961574165658e-16
0.7255812786796308   3.135842134802155e-16
0.7262499384819728   3.113071202668824e-16
0.726919214488102   3.0906034214717015e-16
0.7275891072658804   3.068495262330231e-16
0.7282596173836945   3.046719251170735e-16
0.7289307454104534   3.025287498730284e-16
0.7296024919155929   3.0041860955634296e-16
0.7302748574690714   2.983427108643248e-16
0.7309478426413732   2.963014975282343e-16
0.7316214480035076   2.942946403458784e-16
0.7322956741270122   2.92323936821462e-16
0.7329705215839495   2.9038527101499196e-16
0.7336459909469094   2.884843083437358e-16
0.7343220827890091   2.8661845448035187e-16
0.7349987976838961   2.847861233615184e-16
0.7356761362057441   2.8298897889486797e-16
0.7363540989292571   2.8122919009478774e-16
0.7370326864296673   2.7950335670815586e-16
0.7377118992827402   2.778140894591514e-16
0.7383917380647688   2.76159428027997e-16
0.7390722033525783   2.7454093440082425e-16
0.7397532957235247   2.7295885291031295e-16
0.7404350157554982   2.7141133383826216e-16
0.7411173640269195   2.698988202101231e-16
0.7418003411167431   2.684236681511038e-16
0.7424839476044559   2.669834626042319e-16
0.7431681840700815   2.655796279544003e-16
0.7438530510941755   2.6421080869776997e-16
0.7445385492578297   2.6287673443839034e-16
0.74522467914267   2.61578758806194e-16
0.7459114413308611   2.60313881826115e-16
0.7465988364051016   2.5908638876256177e-16
0.747286864948628   2.5789487711804193e-16
0.7479755275452135   2.567325614391023e-16
0.7486648247791715   2.556097050766807e-16
0.7493547572353517   2.5452044068709914e-16
0.7500453254991435   2.5346208453938994e-16
0.7507365301564748   2.524397649916035e-16
0.7514283717938162   2.5144802789602463e-16
0.7521208509981758   2.504892062532526e-16
0.7528139683571042   2.495624790423449e-16
0.7535077244586922   2.4866541373299407e-16
0.7542021198915748   2.478014182260889e-16
0.7548971552449275   2.469659093481313e-16
0.7555928311084693   2.461583443558546e-16
0.7562891480724618   2.453800163192771e-16
0.7569861067277132   2.4462624331824743e-16
0.7576837076655735   2.4390052749447312e-16
0.7583819514779385   2.4319762130715507e-16
0.759080838757249   2.425163975201737e-16
0.7597803700964936   2.4185856569455595e-16
0.7604805460892053   2.4122030587971446e-16
0.7611813673294652   2.4059829439354416e-16
0.7618828344119003   2.399929409049468e-16
0.7625849479316885   2.3939890555882863e-16
0.7632877084845537   2.3881559657266335e-16
0.7639911166667689   2.382400846978948e-16
0.7646951730751586   2.3766805358828433e-16
0.7653998783070953   2.3709625008653437e-16
0.7661052329605028   2.365194535160927e-16
0.7668112376338548   2.3593401758212923e-16
0.7675178929261792   2.3533505720883716e-16
0.7682251994370534   2.3471575554056484e-16
0.7689331577666083   2.340715615207656e-16
0.7696417685155268   2.33394213215468e-16
0.770351032285048   2.3267761396324256e-16
0.7710609496769625   2.3191617714255655e-16
0.7717715212936165   2.3109870642961533e-16
0.7724827477379101   2.3023042882469326e-16
0.773194629613302   2.292940456772466e-16
0.7739071675238038   2.2830797439723826e-16
0.7746203620739854   2.272776953937246e-16
0.7753342138689726   2.262386548422818e-16
0.7760487235144511   2.252496416496587e-16
0.7767638916166626   2.2443460674979805e-16
0.7774797187824083   2.239416162182155e-16
0.7781962056190477   2.2419553697317846e-16
0.7789133527345026   2.2554930357231087e-16
0.7796311607372522   2.288614989164652e-16
0.7803496302363377   2.349151077647154e-16
0.7810687618413608   2.44406160701179e-16
0.7817885561624868   2.5761269249828957e-16
0.7825090138104414   2.7320214899800267e-16
0.7832301353965138   2.8863853704738835e-16
0.7839519215325558   3.020268802677152e-16
0.7846743728309852   3.1145740514624205e-16
0.7853974899047821   3.1749683149578915e-16
0.7861212733674919   3.207079817131109e-16
0.7868457238332252   3.220622910122192e-16
0.7875708419166603   3.223718093480266e-16
0.7882966282330399   3.220855806086228e-16
0.7890230833981745   3.2158884644663e-16
0.7897502080284411   3.210466589004182e-16
0.7904780027407873   3.2056790380515936e-16
0.7912064681527268   3.2022695994504014e-16
0.7919356048823432   3.200256211979041e-16
0.7926654135482887   3.199952014021243e-16
0.7933958947697883   3.201189365423843e-16
0.7941270491666351   3.2039622583235877e-16
0.7948588773591941   3.208191323298623e-16
0.7955913799684015   3.213745739807377e-16
0.7963245576157676   3.220630376942664e-16
0.7970584109233736   3.228604813693476e-16
0.7977929405138745   3.2377701159661074e-16
0.7985281470104982   3.247877052228958e-16
0.7992640310370498   3.258979062078473e-16
0.8000005932179063   3.270909875706875e-16
0.8007378341780211   3.283696059658029e-16
0.8014757545429231   3.297219220266968e-16
0.8022143549387194   3.311506195437887e-16
0.8029536359920921   3.326448997772451e-16
0.8036935983303017   3.3420465612633613e-16
0.8044342425811857   3.3582525796064146e-16
0.8051755693731626   3.375077085929266e-16
0.8059175793352278   3.3924031927926676e-16
0.806660273096957   3.4102765963589003e-16
0.8074036512885052   3.428640535635197e-16
0.808147714540611   3.4475120749781363e-16
0.8088924634845912   3.466826414330777e-16
0.8096378987523456   3.48657561420564e-16
0.8103840209763554   3.506730749332414e-16
0.8111308307896873   3.5273052178223096e-16
0.8118783288259884   3.5482672600363424e-16
0.8126265157194913   3.569573490481452e-16
0.8133753921050118   3.591301500351135e-16
0.8141249586179531   3.613320575728683e-16
0.8148752158943018   3.6356797736974943e-16
0.8156261645706312   3.658386882755609e-16
0.8163778052841005   3.6814049670218425e-16
0.8171301386724587   3.7047251345734624e-16
0.8178831653740397   3.7283388155196553e-16
0.8186368860277659   3.752232732863994e-16
0.8193913012731507   3.776416611322766e-16
0.820146411750295   3.8008244292790277e-16
0.8209022180998896   3.825493300448302e-16
0.8216587209632155   3.8504472598591153e-16
0.8224159209821469   3.875616083460817e-16
0.823173818799147   3.90098769080392e-16
0.8239324150572721   3.9266216161917947e-16
0.82469171040017   3.95247962036419e-16
0.8254517054720845   3.978527677662822e-16
0.8262124009178502   4.0047956839556093e-16
0.826973797382897   4.03125982765148e-16
0.8277358955132489   4.0578651704208056e-16
0.8284986959555275   4.084671740200172e-16
0.8292621993569479   4.1116832511457533e-16
0.8300264063653224   4.138891648798235e-16
0.8307913176290597   4.166198336298341e-16
0.8315569337971681   4.193693125681299e-16
0.8323232555192519   4.22135496146044e-16
0.8330902834455147   4.249120323261121e-16
0.8338580182267586   4.277110808192009e-16
0.8346264605143877   4.3051567674511684e-16
0.8353956109604042   4.3334120620707945e-16
0.8361654702174115   4.361722122043732e-16
0.8369360389386142   4.3902102417483093e-16
0.837707317777821   4.4187864041008426e-16
0.8384793073894408   4.447526483108509e-16
0.8392520084284859   4.476315037664073e-16
0.8400254215505721   4.505262794140845e-16
0.8407995474119216   4.534295934395349e-16
0.8415743866693587   4.563460732124099e-16
0.8423499399803138   4.592681120278281e-16
0.8431262080028226   4.621993770647304e-16
0.8439031913955296   4.651379221818864e-16
0.8446808908176836   4.680849250529077e-16
0.8454593069291421   4.710440439463006e-16
0.8462384403903694   4.740070937230776e-16
0.8470182918624416   4.76981482980914e-16
0.8477988620070408   4.7995795679594005e-16
0.8485801514864602   4.829446390007557e-16
0.8493621609636022   4.859354397879983e-16
0.8501448911019829   4.889430293831895e-16
0.850928342565727   4.919469821370969e-16
0.8517125160195725   4.94955763549353e-16
0.8524974121288689   4.979718159369869e-16
0.8532830315595812   5.009963486397916e-16
0.8540693749782858   5.040153568091989e-16
0.8548564430521745   5.070445321305879e-16
0.8556442364490523   5.100869058252901e-16
0.8564327558373431   5.131195907916379e-16
0.8572220018860838   5.16163913454719e-16
0.8580119752649285   5.192108971236858e-16
0.8588026766441479   5.222564674385511e-16
0.8595941066946328   5.253020767145121e-16
0.8603862660878896   5.283544600293144e-16
0.8611791554960448   5.314140327951679e-16
0.8619727755918429   5.344704865674624e-16
0.8627671270486513   5.375218054585088e-16
0.8635622105404552   5.405820722273261e-16
0.864358026741862   5.436335359522873e-16
0.8651545763280996   5.466924814014073e-16
0.8659518599750208   5.497618682805315e-16
0.8667498783590989   5.5281276898229e-16
0.8675486321574312   5.558711457329799e-16
0.8683481220477384   5.589260999568419e-16
0.8691483487083679   5.619828127752058e-16
0.8699493128182901   5.650388480912477e-16
0.8707510150571018   5.680920863452809e-16
0.8715534561050251   5.711491342098792e-16
0.8723566366429116   5.741987994234855e-16
0.873160557352238   5.772350712456434e-16
0.8739652189151095   5.802889265214682e-16
0.8747706220142591   5.833241872381126e-16
0.875576767333052   5.863608813611797e-16
0.87638365555548   5.89398274390551e-16
0.8771912873661664   5.92435654808731e-16
0.8779996634503643   5.954555836838449e-16
0.8788087844939614   5.984840276695578e-16
0.8796186511834743   6.014970477112951e-16
0.8804292642060525   6.045131830582554e-16
0.8812406242494816   6.075251286061747e-16
0.8820527320021779   6.105339440141603e-16
0.8828655881531934   6.135282902707183e-16
0.8836791933922141   6.165222171220962e-16
0.8844935484095642   6.195131807602503e-16
0.8853086538962014   6.225003834834875e-16
0.886124510543721   6.254739169710294e-16
0.8869411190443549   6.284442621832831e-16
0.8877584800909755   6.314129108694917e-16
0.8885765943770909   6.34369594410512e-16
0.8893954625968495   6.373244902249074e-16
0.8902150854450384   6.402611079335412e-16
0.8910354636170874   6.432023163596866e-16
0.8918565978090649   6.461194941819236e-16
0.8926784887176814   6.490456729908614e-16
0.8935011370402884   6.519601655329846e-16
0.8943245434748833   6.548620593683681e-16
0.8951487087201035   6.577442807664329e-16
0.8959736334752314   6.606255658885787e-16
0.8967993184401928   6.635127356686714e-16
0.8976257643155612   6.663787228603363e-16
0.8984529718025532   6.692386963771589e-16
0.8992809416030323   6.720849788774719e-16
0.9001096744195081   6.7491056679099e-16
0.90093917095514   6.777387070013918e-16
0.901769431913733   6.805567183717127e-16
0.9026004579997415   6.833734645737188e-16
0.9034322499182681   6.861651156724563e-16
0.9042648083750681   6.889398131780897e-16
0.905098134076544   6.917105989967257e-16
0.905932227729751   6.944768021578243e-16
0.9067670900423941   6.972237131775289e-16
0.9076027217228338   6.999646849805259e-16
0.9084391234800805   7.026993081915342e-16
0.9092762960237988   7.05400633906156e-16
0.9101142400643065   7.080913934740909e-16
0.9109529563125788   7.107878109875388e-16
0.911792445480243   7.134578186784705e-16
0.9126327082795835   7.161183987312127e-16
0.9134737454235401   7.18770026619367e-16
0.9143155576257123   7.214064259058248e-16
0.9151581456003544   7.240256679601325e-16
0.91600151006238   7.266256016752066e-16
0.9168456517273604   7.292144637847513e-16
0.9176905713115295   7.318021532290072e-16
0.918536269531778   7.343596192510675e-16
0.9193827471056584   7.369040977500369e-16
0.9202300047513835   7.394350554525307e-16
0.9210780431878308   7.419516921403743e-16
0.9219268631345375   7.444492309025702e-16
0.9227764653117049   7.469265677983163e-16
0.9236268504401965   7.493873545641265e-16
0.9244780192415439   7.518574482371883e-16
0.92532997243794   7.54283973021271e-16
0.9261827107522445   7.566901223272177e-16
0.9270362349079823   7.591052975318691e-16
0.9278905456293479   7.614649738422196e-16
0.9287456436412002   7.638297847926341e-16
0.9296015296690673   7.661790619374977e-16
0.9304582044391447   7.685204581552351e-16
0.9313156686783002   7.708083435615313e-16
0.9321739231140683   7.731016749928369e-16
0.9330329684746553   7.753700762741374e-16
0.9338928054889374   7.776054802562839e-16
0.9347534348864652   7.798425636058231e-16
0.9356148573974592   7.82052192014741e-16
0.9364770737528133   7.842315893621987e-16
0.9373400846840944   7.8640555808880105e-16
0.9382038909235461   7.885493495064252e-16
0.9390684932040841   7.906663594737194e-16
0.9399338922593007   7.927703297265666e-16
0.9408000888234628   7.948604356266007e-16
0.9416670836315172   7.969213597303014e-16
0.942534877419085   7.989478000250049e-16
0.9434034709224653   8.009646359316037e-16
0.9442728648786386   8.029430108084966e-16
0.9451430600252614   8.048934310027559e-16
0.9460140571006712   8.068528335428385e-16
0.9468858568438852   8.087418224979895e-16
0.9477584599946038   8.106402355159956e-16
0.9486318672932071   8.125051937310492e-16
0.9495060794807578   8.14328549054414e-16
0.9503810972990007   8.161341676468131e-16
0.9512569214903671   8.179296126673969e-16
0.9521335527979699   8.196801730621663e-16
0.953010991965607   8.213851502559509e-16
0.9538892397377616   8.230897109467268e-16
0.9547682968596055   8.247558927740399e-16
0.9556481640769944   8.263914702462571e-16
0.956528842136472   8.279999411090848e-16
0.9574103317852697   8.295751815124889e-16
0.9582926337713096   8.311183214462343e-16
0.9591757488432008   8.326291695681467e-16
0.9600596777502428   8.34110270025296e-16
0.960944421242425   8.355581148941638e-16
0.9618299800704306   8.369681288271344e-16
0.9627163549856318   8.383462304350717e-16
0.9636035467400942   8.396868566206753e-16
0.9644915560865753   8.409947966801893e-16
0.9653803837785297   8.422600384954049e-16
0.966270030570103   8.434860213309599e-16
0.9671604972161367   8.446757944423917e-16
0.9680517844721673   8.45821215649356e-16
0.9689438930944303   8.469266655960879e-16
0.9698368238398551   8.479821804950723e-16
0.9707305774660699   8.489950021299002e-16
0.9716251547313999   8.499604279644921e-16
0.972520556394872   8.508762085583994e-16
0.9734167832162097   8.517379142663968e-16
0.974313835955838   8.525428453836603e-16
0.9752117153748809   8.532933010670754e-16
0.9761104222351675   8.539826825903835e-16
0.9770099572992257   8.546116222956784e-16
0.977910321330287   8.55167986786984e-16
0.9788115150922854   8.556521852672321e-16
0.9797135393498619   8.560613371886748e-16
0.9806163948683592   8.563916579344159e-16
0.981520082413826   8.566368586119414e-16
0.9824246027530166   8.567850637900709e-16
0.9833299566533941   8.568331217145499e-16
0.9842361448831263   8.567727091074902e-16
0.9851431682110899   8.565954214538182e-16
0.9860510274068693   8.562948292709217e-16
0.9869597232407606   8.55851061679641e-16
0.9878692564837673   8.552531100999866e-16
0.9887796279076042   8.542631451890285e-16
0.9896908382846961   8.527226455497006e-16
0.990602888388183   8.505648896723472e-16
0.991515778991914   8.476800763559395e-16
0.9924295108704527   8.438876060304454e-16
0.9933440847990753   8.390445907660862e-16
0.9942595015537754   8.32980294646689e-16
0.995175761911259   8.254874239980904e-16
0.9960928666489485   8.163389688254857e-16
0.9970108165449819   8.05292224595567e-16
0.9979296123782174   7.919442006408164e-16
0.998849254928228   7.760721558305423e-16
0.9997697449753056   7.573836735771546e-16
1.000691083300461   7.355651765372457e-16
1.0016132706854268   7.103334840493521e-16
1.0025363079126541   6.814388749684055e-16
1.003460195765315   6.485009532278963e-16
1.004384935027303   6.113684366239748e-16
1.005310526483237   5.702309127141405e-16
1.006236970918455   5.253145462352249e-16
1.0071642691190217   4.770688480013026e-16
1.0080924218717229   4.262088921139507e-16
1.0090214299640743   3.737034134059376e-16
1.0099512941843132   3.2027165867019806e-16
1.0108820153214038   2.6747349277990116e-16
1.0118135941650404   2.1698907667235238e-16
1.0127460315056416   1.7026290057235877e-16
1.013679328134356   1.285961426299989e-16
1.0146134848430597   9.301315781080495e-17
1.0155485024243625   6.417710618304208e-17
1.0164843816716003   4.2245020783159486e-17
1.017421123378842   2.7108302876841673e-17
1.018358728340887   1.87742938078591e-17
1.0192971973532705   1.6484065830322353e-17
1.0202365312122574   1.936179666257479e-17
1.0211767307148476   2.6841706678266456e-17
1.022117796658774   3.8225688780276334e-17
1.0230597298425086   5.270235850340571e-17
1.0240025310652554   6.953274287750028e-17
1.0249462011269561   8.78571503555466e-17
1.025890740828289   1.0737156288505395e-16
1.0268361509706727   1.2763877833262897e-16
1.0277824323562619   1.482908308348681e-16
1.0287295857879508   1.6902550539891114e-16
1.0296776120693731   1.8961350200899697e-16
1.0306265120049063   2.0987286821838202e-16
1.0315762863996651   2.296739433486754e-16
1.0325269360595086   2.4891099099843956e-16
1.0334784617910362   2.674847613232396e-16
1.0344308644015945   2.853565381983245e-16
1.0353841446992706   3.025396900244466e-16
1.036338303492898   3.190280866157906e-16
1.0372933415920533   3.3480326669039017e-16
1.0382492598070638   3.4988669626264096e-16
1.0392060589489993   3.6427715686911785e-16
1.0401637398296784   3.7799029858301624e-16
1.041122303261667   3.91059051016813e-16
1.0420817500582829   4.0347218339935737e-16
1.0430420810335899   4.1528448493529457e-16
1.0440032970024036   4.265002466317348e-16
1.044965398780289   4.3712663965695405e-16
1.045928387183566   4.472095486725468e-16
1.0468922630293038   4.567723087792261e-16
1.0478570271353254   4.65840037529801e-16
1.0488226803202063   4.744294906858249e-16
1.04978922340328   4.825649733351994e-16
1.0507566572046314   4.902623465825174e-16
1.0517249825451023   4.975454679122412e-16
1.05269420024629   5.04429165936002e-16
1.0536643111305524   5.109350140752841e-16
1.0546353160210014   5.170782444965401e-16
1.055607215741509   5.228768907084943e-16
1.0565800111167052   5.28344793108711e-16
1.0575537029719833   5.334988159927998e-16
1.0585282921334938   5.383514917501999e-16
1.0595037794281497   5.429177299012113e-16
1.0604801656836251   5.472077034545346e-16
1.06145745172836   5.512399185787128e-16
1.0624356383915543   5.55030882777415e-16
1.0634147265031737   5.585823386014319e-16
1.0643947168939472   5.619133529279898e-16
1.0653756103953729   5.650326507581791e-16
1.0663574078397116   5.679517984116481e-16
1.0673401100599926   5.706808351202128e-16
1.0683237178900116   5.73236070634724e-16
1.0693082321643357   5.756175071467278e-16
1.070293653718298   5.778408828789349e-16
1.0712799833880027   5.799129296593835e-16
1.072267222010323   5.818456338253884e-16
1.0732553704229073   5.836452643717597e-16
1.0742444294641718   5.8532395060097405e-16
1.0752343999733067   5.868843961528609e-16
1.076225282790275   5.883455342668618e-16
1.0772170787558164   5.89705593117761e-16
1.0782097887114424   5.909788792221009e-16
1.079203413499441   5.921707445435347e-16
1.0801979539628754   5.932911205401079e-16
1.081193410945589   5.9434522121694915e-16
1.0821897852921993   5.953429439608975e-16
1.0831870778481028   5.962938705900324e-16
1.0841852894594775   5.972036296511743e-16
1.0851844209732784   5.980791833835232e-16
1.0861844732372425   5.98931485389797e-16
1.087185447099886   5.997619859200582e-16
1.088187343410511   6.005862310137134e-16
1.089190163019199   6.014050655454212e-16
1.0901939067768154   6.022200408627818e-16
1.0911985755350093   6.030354126996782e-16
1.0922041701462177   6.038532215295589e-16
1.09321069146366   6.04672342952678e-16
1.0942181403413422   6.054979059007535e-16
1.0952265176340572   6.0632384654048635e-16
1.0962358241973886   6.071590895764603e-16
1.097246060887705   6.079974002383343e-16
1.0982572285621655   6.088428995524032e-16
1.0992693280787178   6.096957223012666e-16
1.1002823602961038   6.105571677218145e-16
1.101296326073853   6.1142507917218155e-16
1.1023112262722892   6.122972867941277e-16
1.1033270617525262   6.131758403225224e-16
1.1043438333764763   6.140629053126417e-16
1.105361542006842   6.149526054907345e-16
1.1063801885071218   6.158532490789942e-16
1.1073997737416093   6.167531597604481e-16
1.1084202985753975   6.176576301169754e-16
1.1094417638743739   6.185679057203801e-16
1.1104641705052245   6.194771841721038e-16
1.1114875193354328   6.2038818160141e-16
1.1125118112332857   6.212918170697567e-16
1.1135370470678663   6.222047942905149e-16
1.1145632277090602   6.231076722726667e-16
1.1155903540275531   6.240047701200239e-16
1.116618426894837   6.248982589542736e-16
1.1176474471832027   6.257803908911938e-16
1.118677415765747   6.266525220812551e-16
1.11970833351637   6.275153087686874e-16
1.1207402013097798   6.28362631412624e-16
1.1217730200214877   6.291952605174504e-16
1.1228067905278134   6.300116223064815e-16
1.1238415137058821   6.308047292281585e-16
1.1248771904336314   6.315772311879094e-16
1.1259138215898046   6.323224229704308e-16
1.1269514080539553   6.330430320428574e-16
1.1279899507064473   6.337337487697911e-16
1.1290294504284586   6.343952016214974e-16
1.1300699081019756   6.350169468254462e-16
1.1311113246097997   6.356009935675095e-16
1.1321537008355433   6.361508742273033e-16
1.1331970376636378   6.366569919286868e-16
1.1342413359793253   6.371177562378598e-16
1.1352865966686654   6.375292008539033e-16
1.1363328206185328   6.378924066929434e-16
1.137380008716623   6.381999319518981e-16
1.1384281618514462   6.384487848466411e-16
1.1394772809123324   6.386483952558987e-16
1.1405273667894302   6.387832067712113e-16
1.141578420373712   6.388641628386579e-16
1.1426304425569673   6.388929997551801e-16
1.1436834342318096   6.388658692077134e-16
1.1447373962916727   6.387883607602049e-16
1.145792329630818   6.386605885910048e-16
1.146848235144327   6.384848783340712e-16
1.1479051137281076   6.382611120506943e-16
1.1489629662788923   6.379849375321361e-16
1.150021793694243   6.376719111846397e-16
1.1510815968725454   6.373129345394582e-16
1.1521423767130146   6.369063013116781e-16
1.1532041341156927   6.364627385533082e-16
1.1542668699814553   6.35975610977141e-16
1.155330585212004   6.354529031178881e-16
1.1563952807098732   6.348928272714541e-16
1.1574609573784276   6.342972230424471e-16
1.1585276161218678   6.336693002347092e-16
1.1595952578452242   6.330043267883115e-16
1.1606638834543626   6.323137281814195e-16
1.161733493855982   6.315877550657371e-16
1.162804089957621   6.308392756511907e-16
1.163875672667651   6.300604687356512e-16
1.1649482428952798   6.292592143246519e-16
1.1660218015505572   6.284319179890234e-16
1.1670963495443685   6.275825220023394e-16
1.1681718877884386   6.26712198817261e-16
1.1692484171953323   6.258253993329622e-16
1.1703259386784584   6.249226174526842e-16
1.1714044531520642   6.240043150698151e-16
1.1724839615312403   6.230670011761343e-16
1.17356446473192   6.221252529968828e-16
1.1746459636708841   6.211678290274718e-16
1.1757284592657542   6.202011971266069e-16
1.1768119524349991   6.192319615992596e-16
1.177896444097933   6.182538635808147e-16
1.1789819351747204   6.172766724449576e-16
1.1800684265863706   6.162955185487537e-16
1.1811559192547427   6.153149652194809e-16
1.182244414102544   6.1433666472107175e-16
1.1833339120533364   6.133631272457556e-16
1.184424414031528   6.12395199341085e-16
1.1855159209623816   6.114326184147945e-16
1.1866084337720098   6.104792554407094e-16
1.1877019533873836   6.0954081128328095e-16
1.1887964807363243   6.08613988153691e-16
1.1898920167475089   6.077013423140017e-16
1.1909885623504695   6.067998645064995e-16
1.1920861184755984   6.059118753266971e-16
1.1931846860541417   6.050380638187429e-16
1.194284266018205   6.041695714743179e-16
1.1953848593007508   6.033158957640821e-16
1.1964864668356063   6.024707213368938e-16
1.1975890895574548   6.016365154551046e-16
1.1986927284018425   6.008060457288618e-16
1.1997973843051764   5.999864354850399e-16
1.2009030582047302   5.991734660669012e-16
1.2020097510386374   5.9836778690076e-16
1.2031174637458975   5.975705013004437e-16
1.2042261972663744   5.967729551305313e-16
1.2053359525408012   5.959831951076156e-16
1.2064467305107747   5.951964264593158e-16
1.2075585321187605   5.944087558449768e-16
1.2086713583080915   5.936309287573904e-16
1.2097852100229736   5.928506499825766e-16
1.2109000882084793   5.920744635834781e-16
1.2120159938105528   5.912947162006074e-16
1.2131329277760095   5.905159549604321e-16
1.2142508910525402   5.897357220696399e-16
1.2153698845887064   5.88952141651638e-16
1.2164899093339443   5.881674705861191e-16
1.2176109662385635   5.8738024761160355e-16
1.218733056253754   5.865860199593028e-16
1.2198561803315775   5.857912655439966e-16
1.2209803394249756   5.849903905904043e-16
1.222105534487766   5.841770694249035e-16
1.223231766474649   5.833600590206265e-16
1.2243590363412018   5.825330158674832e-16
1.2254873450438826   5.817030566201909e-16
1.2266166935400302   5.808562706053313e-16
1.2277470827878691   5.800017556592639e-16
1.228878513746504   5.791356412630639e-16
1.230010987375923   5.782591826388814e-16
1.2311445046369995   5.773655411312927e-16
1.232279066491495   5.764608050186059e-16
1.233414673902054   5.75542583083411e-16
1.2345513278322087   5.746072182178665e-16
1.2356890292463791   5.736537995072843e-16
1.236827779109877   5.726853487360984e-16
1.2379675783889   5.716998041946312e-16
1.2391084280505376   5.706940736109163e-16
1.240250329062769   5.696709472751337e-16
1.24139328239447   5.686333104297347e-16
1.2425372890154045   5.675719528282558e-16
1.2436823498962315   5.664992418716668e-16
1.2448284660085038   5.654107439735542e-16
1.245975638324673   5.643090243277851e-16
1.247123867818083   5.631915751178617e-16
1.2482731554629747   5.620622042984858e-16
1.2494235022344908   5.609222187465686e-16
1.2505749091086686   5.597679544557381e-16
1.2517273770624464   5.586043753733603e-16
1.2528809070736613   5.574279584879932e-16
1.2540355001210555   5.562425244367582e-16
1.2551911571842693   5.550530112947102e-16
1.2563478792438467   5.538538362355819e-16
1.2575056672812348   5.526452108545263e-16
1.2586645222787884   5.514326313935387e-16
1.2598244452197638   5.502158216382397e-16
1.260985437088325   5.489948560919809e-16
1.2621474988695411   5.47766140268993e-16
1.2633106315493938   5.465358052032892e-16
1.2644748361147686   5.453036136167302e-16
1.2656401135534623   5.440707453837511e-16
1.2668064648541806   5.428411192237035e-16
1.267973891006544   5.416040304285101e-16
1.2691423930010814   5.403706798994e-16
1.270311971829236   5.3914292606712e-16
1.2714826284833625   5.379123695094987e-16
1.2726543639567351   5.36688480266078e-16
1.2738271792435387   5.354678963933629e-16
1.2750010753388759   5.342531478086826e-16
1.2761760532387652   5.330379606701254e-16
1.2773521139401465   5.318376220721818e-16
1.2785292584408752   5.306412786103804e-16
1.2797074877397265   5.294502424804591e-16
1.2808868028363962   5.282664379280329e-16
1.2820672047315038   5.270971692002302e-16
1.2832486944265877   5.259356156149605e-16
1.284431272924111   5.247849405559892e-16
1.2856149412274582   5.23646985825843e-16
1.2867997003409437   5.225184047447745e-16
1.2879855512698024   5.214067594844021e-16
1.2891724950201973   5.203059898547817e-16
1.2903605325992176   5.192214170839522e-16
1.291549665014884   5.181450610378646e-16
1.2927398932761427   5.170831006163312e-16
1.2939312183928706   5.160334559160477e-16
1.2951236413758742   5.149956025929096e-16
1.2963171632368955   5.139623953974492e-16
1.2975117849886044   5.129418325483529e-16
1.298707507644606   5.11931076471502e-16
1.299904332219438   5.10927233934909e-16
1.3011022597285766   5.099302140473896e-16
1.3023012911884304   5.089396116839862e-16
1.3035014276163457   5.079524850539767e-16
1.304702670030605   5.069755808372939e-16
1.3059050194504334   5.060009479781843e-16
1.3071084768959909   5.050307082810781e-16
1.3083130433883792   5.040627886493039e-16
1.3095187199496399   5.030989806912441e-16
1.31072550760276   5.021376379526943e-16
1.3119334073716653   5.011781407418277e-16
1.3131424202812272   5.0021978741907215e-16
1.3143525473572593   4.992583762033745e-16
1.3155637896265249   4.982997720102014e-16
1.3167761481167297   4.973410970013467e-16
1.3179896238565278   4.963812003766621e-16
1.3192042178755197   4.954168849321536e-16
1.3204199312042586   4.944530204951623e-16
1.3216367648742442   4.93478495849831e-16
1.322854719917927   4.925078981190572e-16
1.3240737973687084   4.915286609834707e-16
1.3252939982609462   4.905483679644083e-16
1.3265153236299465   4.895576133411568e-16
1.3277377745119718   4.885640239561177e-16
1.328961351944238   4.875616603604588e-16
1.3301860569649206   4.865517909546551e-16
1.3314118906131478   4.855350929734591e-16
1.332638853929007   4.845062850703802e-16
1.333866947953543   4.834696988061766e-16
1.335096173728763   4.824233331287612e-16
1.3363265322976314   4.813697808010313e-16
1.3375580247040737   4.803060502324505e-16
1.3387906519929806   4.792261700358799e-16
1.3400244152102028   4.781364430906702e-16
1.3412593154025554   4.770353309619197e-16
1.342495353617817   4.759278752041422e-16
1.343732530904736   4.748059970003025e-16
1.3449708483130234   4.736763691432272e-16
1.3462103068933582   4.725418035474685e-16
1.3474509076973868   4.713973137015308e-16
1.348692651777729   4.70247034202533e-16
1.34993554018797   4.690891421910722e-16
1.351179573982668   4.679268195159275e-16
1.3524247542173509   4.66757281647193e-16
1.3536710819485238   4.655850506750495e-16
1.3549185582336618   4.644078345157659e-16
1.3561671841312148   4.63225385367551e-16
1.3574169607006077   4.620437512217476e-16
1.3586678890022452   4.608559485996164e-16
1.3599199700975058   4.596678834842362e-16
1.3611732050487466   4.5847958942283e-16
1.362427594919303   4.5729147322378295e-16
1.3636831407734944   4.56099821645022e-16
1.3649398436766165   4.549115330181005e-16
1.3661977046949485   4.537223504575081e-16
1.3674567248957505   4.525335406539585e-16
1.3687169053472708   4.513477433840253e-16
1.3699782471187372   4.501660028745598e-16
1.371240751280365   4.489864480506351e-16
1.3725044189033542   4.478118709117414e-16
1.3737692510598956   4.466379018786297e-16
1.3750352488231645   4.454705189968467e-16
1.3763024132673265   4.443072510128713e-16
1.3775707454675354   4.4315044199087906e-16
1.3788402464999405   4.4199916273004253e-16
1.380110917441678   4.408560465805097e-16
1.3813827593708783   4.3971814874368705e-16
1.3826557733666645   4.3858901842879405e-16
1.3839299605091577   4.3746860358421718e-16
1.3852053218794707   4.363558408522287e-16
1.3864818585597136   4.3525256135118315e-16
1.3877595716329925   4.341589389032172e-16
1.3890384621834155   4.3307633388281045e-16
1.3903185312960864   4.3200233449820675e-16
1.3915997800571096   4.309389665218001e-16
1.3928822095535893   4.298837048288922e-16
1.3941658208736356   4.288374440914504e-16
1.3954506151063573   4.2780003894922905e-16
1.396736593341868   4.2677455029985407e-16
1.398023756671285   4.2575269823179907e-16
1.3993121061867346   4.2474134765210627e-16
1.4006016429813462   4.231528113062879e-16
1.4018923681492572   4.218284556242647e-16
1.4031842827856122   4.2050811833892147e-16
1.4044773879865695   4.1919013789685205e-16
1.4057716848492932   4.1787188802631235e-16
1.4070671744719594   4.1656002877667085e-16
1.4083638579537554   4.152513258205165e-16
1.4096617363948858   4.139493676143255e-16
1.410960810896564   4.1265195480031806e-16
1.4122610825610211   4.1135778999757257e-16
1.4135625524915008   4.1007294241817036e-16
1.414865221792269   4.087953164263632e-16
1.4161690915686045   4.075237727123304e-16
1.4174741629268062   4.062601970899006e-16
1.4187804369741912   4.050059886913668e-16
1.420087914819101   4.037635312285343e-16
1.4213965975708944   4.025247079270429e-16
1.4227064863399541   4.0130065710285755e-16
1.4240175822376844   4.000868406802154e-16
1.4253298863765183   3.9888523808368935e-16
1.4266433998699095   3.97692709236772e-16
1.4279581238323393   3.965130109715827e-16
1.4292740593793147   3.953496699539144e-16
1.430591207627375   3.9419721523111276e-16
1.431909569694084   3.93057247204594e-16
1.4332291466980354   3.9193486045447017e-16
1.4345499397588581   3.908254135122619e-16
1.4358719499972088   3.897339434203487e-16
1.4371951785347776   3.88655633040436e-16
1.4385196264942877   3.875947714409527e-16
1.4398452949995009   3.865519441834957e-16
1.44117218517521   3.8552619531687973e-16
1.4425002981472463   3.8452125094632933e-16
1.443829635042477   3.835343101638523e-16
1.445160196988812   3.825700713390761e-16
1.446491985115196   3.816244386967828e-16
1.4478250005516162   3.8070241403900877e-16
1.4491592444290995   3.798028977223719e-16
1.4504947178797187   3.789260429704281e-16
1.4518314220365869   3.780752842463557e-16
1.4531693580338614   3.77247194179101e-16
1.4545085270067442   3.7643959936553306e-16
1.4558489300914874   3.7565455362337517e-16
1.4571905684253863   3.748880869394991e-16
1.4585334431467851   3.741412817478618e-16
1.4598775553950758   3.734130301326981e-16
1.461222906310705   3.727021044614018e-16
1.462569497035166   3.7200760264582256e-16
1.4639173287110048   3.7132837685640887e-16
1.4652664024818196   3.7066387165890377e-16
1.4666167194922666   3.7001395399564705e-16
1.4679682808880523   3.6937396883635917e-16
1.4693210878159408   3.6874628981860795e-16
1.4706751414237513   3.681315303713159e-16
1.4720304428603654   3.6752462218285584e-16
1.4733869932757189   3.6692734005474164e-16
1.4747447938208087   3.663373915340015e-16
1.476103845647691   3.657536793276688e-16
1.4774641499094883   3.651763687247735e-16
1.4788257077603808   3.6460457184221303e-16
1.4801885203556147   3.6246156591138105e-16
1.4815525888514984   3.578721375073545e-16
1.482917914405411   3.554721662585428e-16
1.4842844981757932   3.531327608683553e-16
1.4856523413221554   3.508619427426105e-16
1.4870214450050745   3.48656909511191e-16
1.4883918103862017   3.4652849239153035e-16
1.489763438628254   3.444788626079237e-16
1.4911363308950216   3.4251052922002016e-16
1.4925104883513656   3.406246394051748e-16
1.4938859121632253   3.3882853296299123e-16
1.4952626034976095   3.371247715284811e-16
1.4966405635226046   3.355163873989144e-16
1.498019793407371   3.340040744980288e-16
1.499400294322152   3.325991213531581e-16
1.5007820674382648   3.3128242302640026e-16
1.5021651139281067   3.3005991216250543e-16
1.5035494349651544   3.2893681873819973e-16
1.5049350317239707   3.2790575751786224e-16
1.5063219053801964   3.269626303355401e-16
1.5077100571105566   3.2610274827924155e-16
1.5090994880928597   3.25319818134887e-16
1.510490199506004   3.2461121807712984e-16
1.5118821925299701   3.239726543027246e-16
1.5132754683458267   3.233988845565895e-16
1.51467002813573   3.2288460641555858e-16
1.5160658730829297   3.22426803964708e-16
1.5174630043717618   3.220207115156156e-16
1.5188614231876554   3.2166596839267307e-16
1.5202611307171299   3.213544334977223e-16
1.521662128147803   3.2108212960221437e-16
1.5230644166683824   3.208468584525268e-16
1.5244679974686726   3.2064543644448836e-16
1.525872871739573   3.204734511728317e-16
1.5272790406730856   3.203238040974729e-16
1.5286865054623056   3.2019749265530326e-16
1.5300952673014292   3.200887745372523e-16
1.5315053273857522   3.1999090266130764e-16
1.5329166869116764   3.1990372329436075e-16
1.5343293470767008   3.198224612000356e-16
1.535743309079429   3.197423023904719e-16
1.537158574119573   3.196585619848122e-16
1.538575143397946   3.195680199099599e-16
1.5399930181164698   3.194693321194328e-16
1.5414121994781715   3.1935306550984765e-16
1.5428326886871921   3.1921664696295735e-16
1.5442544869487773   3.1906007346737726e-16
1.5456775954692854   3.188764272253259e-16
1.5471020154561843   3.1866123962372016e-16
1.54852774811806   3.1840757750436617e-16
1.5499547946646068   3.1811774546713694e-16
1.5513831563066363   3.177833840168677e-16
1.5528128342560736   3.174056612104841e-16
1.5542438297259655   3.1698749947972953e-16
1.5556761439304723   3.1652759496039793e-16
1.5571097780848744   3.16030122000985e-16
1.5585447334055709   3.154914125532528e-16
1.5599810111100862   3.149156313358556e-16
1.5614186124170624   3.1430313047630734e-16
1.562857538546266   3.136567257413238e-16
1.564297790718586   3.1297430608328642e-16
1.5657393701560414   3.1226159464754723e-16
1.5671822780817724   3.1151514475930465e-16
1.5686265157200479   3.107378553007868e-16
1.5700720842962637   3.099330503419737e-16
1.5715189850369498   3.090976628115069e-16
1.572967219169761   3.0824009631705386e-16
1.5744167879234858   3.0735397450109215e-16
1.575867692528043   3.0644249706721626e-16
1.5773199342144901   3.055092971273376e-16
1.5787735142150139   3.0455368465127823e-16
1.5802284337629384   3.035793477206942e-16
1.5816846940927225   3.025832495416881e-16
1.5831422964399675   3.0157057284433136e-16
1.5846012420414093   3.0054056171984304e-16
1.5860615321349238   2.99494850457559e-16
1.587523167959527   2.984330130695305e-16
1.5889861507553815   2.973612427299223e-16
1.5904504817637874   2.9627705037420795e-16
1.5919161622271911   2.9517988114728254e-16
1.5933831933891816   2.940750622117519e-16
1.594851576494499   2.9296245282741794e-16
1.5963213127890261   2.918464248852941e-16
1.597792403519795   2.9072378344763704e-16
1.5992648499349855   2.8959857994722276e-16
1.6007386532839325   2.8847339559844636e-16
1.6022138148171172   2.873454701219206e-16
1.6036903357861754   2.8621941955778785e-16
1.605168217443894   2.850967850368576e-16
1.6066474610442194   2.839805259560319e-16
1.6081280678422494   2.8287147428330826e-16
1.6096100390942392   2.8176722157917607e-16
1.6110933760576005   2.8067465475499985e-16
1.6125780799909086   2.795949416633608e-16
1.6140641521538939   2.7852628556587275e-16
1.6155515938074487   2.7747215577864935e-16
1.6170404062136265   2.764326399837844e-16
1.6185305906356484   2.754109775644609e-16
1.6200221483378945   2.7440741268734863e-16
1.621515080585912   2.734245674610529e-16
1.6230093886464123   2.724611458790821e-16
1.6245050737872797   2.715203975971813e-16
1.6260021372775617   2.7060232861507587e-16
1.627500580387477   2.6971016092528845e-16
1.6290004043884128   2.6884133079503207e-16
1.6305016105529333   2.68001383174511e-16
1.6320042001547708   2.671887242757364e-16
1.6335081744688322   2.664049181763633e-16
1.6350135347711983   2.656514218450473e-16
1.6365202823391307   2.6499565690663146e-16
1.6380284184510632   2.644004659914005e-16
1.6395379443866087   2.6383949016114477e-16
1.6410488614265588   2.633143778334384e-16
1.6425611708528896   2.6282187087309065e-16
1.6440748739487536   2.6236455888039285e-16
1.6455899719984879   2.6194218103317046e-16
1.6471064662876114   2.6155442760000776e-16
1.6486243581028324   2.6120293270181054e-16
1.65014364873204   2.608870794062238e-16
1.6516643394643105   2.6060535324220783e-16
1.653186431589913   2.6035781564080937e-16
1.6547099264003002   2.601427633286123e-16
1.6562348251881174   2.599570576734637e-16
1.657761129247199   2.5980107751634047e-16
1.6592888398725765   2.5967076938868545e-16
1.6608179583604705   2.595683746350291e-16
1.662348486008297   2.59488253529042e-16
1.663880424114667   2.5943146456472345e-16
1.665413773979392   2.59395725818269e-16
1.6669485369034773   2.5938005993085573e-16
1.6684847141891286   2.593805710079936e-16
1.6700223071397498   2.594006971027986e-16
1.6715613170599506   2.5943516302288236e-16
1.673101745255539   2.594835360931798e-16
1.6746435930335268   2.5954552837365804e-16
1.6761868617021298   2.5961740712008975e-16
1.6777315525707737   2.597017937765823e-16
1.6792776669500855   2.5979265200902046e-16
1.680825206151903   2.5989147549856325e-16
1.6823741714892697   2.5999582028392445e-16
1.6839245642764453   2.6010593520955976e-16
1.6854763858288953   2.602208665927953e-16
1.6870296374632987   2.6033703787588463e-16
1.6885843204975468   2.604534076819542e-16
1.6901404362507504   2.6057067443131445e-16
1.6916979860432306   2.6068764322807723e-16
1.6932569711965268   2.6080278253428696e-16
1.6948173930333952   2.6091776214294964e-16
1.6963792528778154   2.610302584779492e-16
1.6979425520549825   2.6113933895906176e-16
1.6995072918913139   2.612452223209758e-16
1.7010734737144486   2.613482069073906e-16
1.7026410988532537   2.6144761092798188e-16
1.7042101686378153   2.615434647815243e-16
1.7057806843994479   2.616375024812609e-16
1.7073526474706904   2.6172985584031257e-16
1.7089260591853155   2.618198246252014e-16
1.7105009208783193   2.6169399139854585e-16
1.71207723388593   2.614494174541388e-16
1.7136549995456059   2.61191956770586e-16
1.7152342191960426   2.6092530619602267e-16
1.7168148941771642   2.6064840210512813e-16
1.7183970258301318   2.6036461486988145e-16
1.7199806154973398   2.6007394991137664e-16
1.7215656645224258   2.5977814911146567e-16
1.72315217425026   2.59478791703321e-16
1.7247401460269538   2.5917606885992266e-16
1.7263295811998574   2.5887148963535637e-16
1.7279204811175677   2.585662961765843e-16
1.7295128471299193   2.5826298758370843e-16
1.7311066805879924   2.579617380618099e-16
1.7327019828441108   2.5766421379471743e-16
1.7342987552518496   2.573716139457732e-16
1.735896999166026   2.570838548807991e-16
1.7374967159427073   2.568045140777558e-16
1.7390979069392092   2.5653333910965573e-16
1.7407005735141032   2.5627189076834576e-16
1.7423047170272075   2.560235276062541e-16
1.7439103388395953   2.557850647244356e-16
1.7455174403135925   2.555619844892885e-16
1.7471260228127852   2.553526636782415e-16
1.7487360877020113   2.5516134698121745e-16
1.750347636347368   2.549871915289189e-16
1.7519606701162103   2.548300942818228e-16
1.7535751903771573   2.5469089681183176e-16
1.7551911985000852   2.5457407369486426e-16
1.756808695856134   2.544732154807061e-16
1.7584276838177055   2.543899571471675e-16
1.7600481637584713   2.543261412309401e-16
1.761670137053364   2.542808225650929e-16
1.7632936050785848   2.5425395211661865e-16
1.7649185692116016   2.5424392864049274e-16
1.7665450308311565   2.5425368855279514e-16
1.7681729913172577   2.542807291465801e-16
1.7698024520511841   2.5432563490474197e-16
1.771433414415494   2.5438941712918073e-16
1.7730658797940135   2.5447109133218538e-16
1.7746998495718462   2.5456995843436006e-16
1.7763353251353704   2.546878001093291e-16
1.7779723078722471   2.5482396725636706e-16
1.779610799171411   2.54978613541995e-16
1.7812508004230783   2.551520449935795e-16
1.7828923130187448   2.5534243578106265e-16
1.7845353383511942   2.5555156534706344e-16
1.7861798778144875   2.55779956256326e-16
1.7878259328039732   2.560268963920097e-16
1.7894735047162833   2.562919081737678e-16
1.7911225949493426   2.565752004934519e-16
1.7927732049023584   2.568766438705761e-16
1.7944253359758293   2.571990318541898e-16
1.796078989571543   2.5753862126598976e-16
1.7977341670925842   2.578977659959537e-16
1.7993908699433252   2.582755261676944e-16
1.8010490995294346   2.586734965580006e-16
1.8027088572578742   2.590900750879272e-16
1.8043701445369082   2.5952415062448903e-16
1.8060329627760925   2.599756823094109e-16
1.8076973133862846   2.6044522268280007e-16
1.8093631977796398   2.6093114960259403e-16
1.8110306173696202   2.6143234306635663e-16
1.8126995735709859   2.619477700275136e-16
1.8143700677998011   2.6247709230979125e-16
1.8160421014734345   2.630197478079287e-16
1.8177156760105657   2.635759230883812e-16
1.8193907928311766   2.6414272711332384e-16
1.821067453356559   2.6471976957303336e-16
1.8227456590093134   2.6530748867262076e-16
1.8244254112133562   2.659043113809594e-16
1.8261067113939107   2.6650894707634433e-16
1.8277895609775154   2.6712141644025376e-16
1.8294739613920217   2.6774023656807024e-16
1.8311599140666024   2.6836285210167584e-16
1.8328474204317418   2.689912069563709e-16
1.8345364819192438   2.69623773684139e-16
1.8362270999622308   2.7025539419755626e-16
1.8379192759951508   2.7089027239569085e-16
1.8396130114537685   2.7152492463508115e-16
1.8413083077751735   2.7215786034114473e-16
1.8430051663977776   2.727892241394826e-16
1.8447035887613241   2.7341545729966946e-16
1.8464035763068776   2.7403705063290207e-16
1.8481051304768321   2.7465415624511397e-16
1.8498082527149096   2.7526240881492145e-16
1.8515129444661675   2.758616618422279e-16
1.8532192071769897   2.7645215044728787e-16
1.854927042295095   2.770310883420783e-16
1.8566364512695341   2.7759631140227657e-16
1.8583474355506988   2.781491771565402e-16
1.860059996590312   2.786866980517193e-16
1.8617741358414364   2.7920947367846373e-16
1.8634898547584715   2.7971402261847205e-16
1.8652071547971631   2.802005458731098e-16
1.866926037414593   2.806663720598816e-16
1.8686465040691873   2.8111294597298213e-16
1.8703685562207144   2.815371482049653e-16
1.8720921953302936   2.819354466369296e-16
1.873817422860385   2.823108403098555e-16
1.8755442402747982   2.8265836395035557e-16
1.8772726490386902   2.829801491965716e-16
1.8790026506185737   2.83272038966637e-16
1.8807342464823074   2.835322457585561e-16
1.882467438099104   2.8376168142985397e-16
1.8842022269395287   2.83956504805996e-16
1.885938614475508   2.8411872776072884e-16
1.8876766021803182   2.8424344071762374e-16
1.889416191528596   2.8433331396024053e-16
1.8911573839963352   2.843815249859824e-16
1.8929001810608943   2.8439180400794903e-16
1.8946445842009891   2.8436040360079256e-16
1.8963905948966973   2.8428831603975835e-16
1.8981382146294663   2.841704623953247e-16
1.899887444882103   2.8400936939808613e-16
1.9016382871387834   2.8380058689263724e-16
1.903390742885048   2.8354795195474863e-16
1.9051448136078133   2.832479764067331e-16
1.9069005007953597   2.8290097663679955e-16
1.9086578059373411   2.8250907935549314e-16
1.9104167305247823   2.8207086140794544e-16
1.912177276050088   2.8158604753969916e-16
1.9139394440070323   2.810561259710198e-16
1.915703235890768   2.804799914422394e-16
1.9174686531978238   2.7985619848023957e-16
1.919235697426113   2.7918949016994416e-16
1.9210043700749244   2.784786498642014e-16
1.922774672644929   2.7772092107877926e-16
1.9245466066381802   2.7692091541481743e-16
1.9263201735581204   2.7607515431774455e-16
1.9280953749095722   2.751871992196605e-16
1.9298722121987468   2.742578092392531e-16
1.9316506869332417   2.732861693238604e-16
1.933430800622049   2.7227333059902407e-16
1.9352125547755465   2.7121796036610756e-16
1.9369959509055048   2.7012516713130426e-16
1.9387809905250863   2.689900229969562e-16
1.9405676751488536   2.6781883109289386e-16
1.9423560062927594   2.6660925202118844e-16
1.9441459854741552   2.6536281253920104e-16
1.9459376142117886   2.6407983490626476e-16
1.947730894025813   2.627615389447541e-16
1.9495258264377766   2.6141014632604887e-16
1.9513224129706321   2.6002565230586473e-16
1.9531206551487337   2.5861629094578075e-16
1.9549205544978456   2.571971870403991e-16
1.956722112545133   2.557763891844042e-16
1.95852533081917   2.5436726552601667e-16
1.960330210849937   2.529798808667643e-16
1.9621367541688313   2.5162630356515577e-16
1.9639449623086547   2.5031173298074e-16
1.9657548368036237   2.49056127740335e-16
1.9675663791893672   2.478561873692841e-16
1.9693795910029341   2.467331549818881e-16
1.9711944737827851   2.456872142003729e-16
1.9730110290687997   2.447336401234306e-16
1.9748292584022749   2.438813975259653e-16
1.976649163325934   2.431321087241027e-16
1.978470745383916   2.4249967431525336e-16
1.980294006121785   2.4200045374907576e-16
1.9821189470865272   2.416308025538165e-16
1.9839455698265607   2.414098321746201e-16
1.985773875891724   2.4134537730151206e-16
1.9876038668332867   2.4145038363799875e-16
1.9894355442039453   2.417308028280209e-16
1.9912689095578333   2.4220908877573615e-16
1.9931039644505109   2.428950616029716e-16
1.994940710438973   2.4380135160927254e-16
1.996779149081648   2.449491789476254e-16
1.9986192819384063   2.4635692568868236e-16
2.0004611105705496   2.4753624978089863e-16
2.002304636540821   2.4730833980906304e-16
2.0041498614134006   2.470806396874877e-16
2.0059967867539172   2.468531492229023e-16
2.007845414129436   2.4662586822221535e-16
2.009695745108468   2.463987964925134e-16
2.011547781260968   2.461719338410609e-16
2.0134015241583434   2.4594528007529933e-16
2.015256975373444   2.457188350028486e-16
2.0171141364805707   2.4549259843150584e-16
2.0189730090554736   2.452665701692452e-16
2.02083359467536   2.4504075002421783e-16
2.0226958949188867   2.448151378047518e-16
2.0245599113661648   2.445897333193523e-16
2.0264256455987613   2.443645363767009e-16
2.028293099199706   2.4413954678565523e-16
2.0301622737534815   2.4391476435524957e-16
2.0320331708460313   2.436901888946944e-16
2.0339057920647656   2.4346582021337544e-16
2.0357801389985517   2.432416581208548e-16
2.0376562132377236   2.4301770242687015e-16
2.039534016374078   2.4279395294133457e-16
2.0414135500008848   2.425704094743358e-16
2.0432948157128767   2.4234707183613757e-16
2.0451778151062583   2.421239398371779e-16
2.0470625497787016   2.419010132880703e-16
2.048949021329358   2.416782919996019e-16
2.050837231358847   2.41455775782735e-16
2.052727181469265   2.412334644486062e-16
2.0546188732641815   2.4101135780852616e-16
2.0565123083486516   2.407894556739789e-16
2.058407488329202   2.4056775785662335e-16
2.0603044148138427   2.4034626416829116e-16
2.062203089412064   2.4012497442098816e-16
2.0641035137348442   2.3990388842689283e-16
2.0660056893946415   2.396830059983572e-16
2.0679096180054013   2.3946232694790635e-16
2.0698153011825537   2.3924185108823853e-16
2.0717227405430254   2.3902157823222355e-16
2.0736319377052252   2.388015081929048e-16
2.0755428942890566   2.385816407834978e-16
2.077455611915913   2.383619758173905e-16
2.079370092208689   2.381425131081418e-16
2.0812863367917687   2.3792325246948374e-16
2.083204347291034   2.3770419371531954e-16
2.085124125333864   2.3748533665972434e-16
2.0870456725491437   2.37266681116944e-16
2.0889689905672526   2.3704822690139617e-16
2.0908940810200747   2.3682997382766967e-16
2.0928209455409967   2.366119217105242e-16
2.094749585764916   2.3639407036488947e-16
2.0966800033282302   2.361764196058669e-16
2.0986121998688474   2.359589692487278e-16
2.100546177026183   2.357417191089142e-16
2.10248193644117   2.3552466900203734e-16
2.104419479756246   2.353078187438795e-16
2.106358808615365   2.3509116815039232e-16
2.1082999246639944   2.3487471703769733e-16
2.110242829549124   2.346584652220848e-16
2.1121875249192543   2.3444241252001545e-16
2.114134012424408   2.3422655874811846e-16
2.1160822937161257   2.3401090372319275e-16
2.118032370447477   2.33795447262205e-16
2.1199842442730477   2.3358018918229164e-16
2.1219379168489514   2.333651293007573e-16
2.1238933898328245   2.331502674350753e-16
2.125850664883839   2.3293560340288656e-16
2.127809743662688   2.3272113702200064e-16
2.129770627831598   2.3250686811039496e-16
2.1317333190543253   2.3229279648621504e-16
2.1336978189961653   2.3207892196777306e-16
2.135664129323942   2.3186524437354976e-16
2.1376322517060173   2.3165176352219265e-16
2.139602187812289   2.314384792325169e-16
2.1415739393141995   2.3122539132350365e-16
2.1435475078847253   2.3101249961430206e-16
2.1455228951983876   2.307998039242274e-16
2.1475001029312475   2.305873040727619e-16
2.1494791327609173   2.303749998795535e-16
2.1514599863665493   2.301628911644169e-16
2.153442665428846   2.2995097774733293e-16
2.155427171630054   2.297392594484485e-16
2.15741350665398   2.2952773608807547e-16
2.159401672185974   2.2931640748669217e-16
2.161391669912941   2.29105273464942e-16
2.1633835015233402   2.288943338436343e-16
2.165377168707191   2.2868358844374245e-16
2.1673726731560654   2.2847303708640584e-16
2.169370016563096   2.2826267959292824e-16
2.1713692006229737   2.2805251578477867e-16
2.1733702270319566   2.278425454835899e-16
2.1753730974878613   2.2763276851115945e-16
2.177377813690067   2.274231846894498e-16
2.1793843773395274   2.272137938405862e-16
2.181392790138756   2.270045957868588e-16
2.1834030537918374   2.2679559035072146e-16
2.185415170004425   2.2658677735479165e-16
2.1874291404837507   2.2637815662184983e-16
2.1894449669386122   2.2616972797484036e-16
2.191462651079385   2.259614912368708e-16
2.193482194618018   2.2575344623121164e-16
2.1955035992680454   2.2554559278129586e-16
2.1975268667445724   2.2533793071071975e-16
2.1995519987642878   2.25130459843242e-16
2.2015789970454605   2.2492318000278397e-16
2.203607863307949   2.247160910134285e-16
2.20563859927319   2.245091926994215e-16
2.2076712066642097   2.2430248488517036e-16
2.2097056872056187   2.240959673952448e-16
2.2117420426236243   2.2388964005437534e-16
2.2137802746460173   2.2368350268745497e-16
2.2158203850021843   2.2347755511953745e-16
2.2178623754231017   2.232717971758385e-16
2.2199062476413496   2.230662286817338e-16
2.2219520033910958   2.2286084946276095e-16
2.223999644408111   2.22655659344618e-16
2.226049172429761   2.224506581531639e-16
2.228100589195021   2.222458457144173e-16
2.230153896444461   2.2204122185455816e-16
2.232209095920258   2.2183678639992615e-16
2.234266189366192   2.2163253917702128e-16
2.236325178527656   2.2142848001250289e-16
2.238386065151646   2.2122460873319069e-16
2.2404488509867693   2.210209251660637e-16
2.242513537783243   2.2081742913826067e-16
2.244580127292903   2.2061412047707909e-16
2.246648621269194   2.2041099900997612e-16
2.2487190214671773   2.2020806456456785e-16
2.250791329643531   2.2000531696862934e-16
2.252865547556558   2.1980275605009386e-16
2.2549416769661748   2.1960038163705383e-16
2.2570197196339215   2.193981935577599e-16
2.2590996773229604   2.1919619164062123e-16
2.261181551798085   2.1899437571420435e-16
2.263265344825708   2.1879274560723453e-16
2.2653510581738727   2.1859130114859477e-16
2.2674386936122484   2.1839004216732585e-16
2.269528252912144   2.1818896849262552e-16
2.271619737846492   2.179880799538494e-16
2.2737131501898626   2.1778737638051052e-16
2.2758084917184576   2.1758685760227887e-16
2.2779057642101233   2.17386523448981e-16
2.2800049694443376   2.1718637375060081e-16
2.28210610920222   2.1698640833727885e-16
2.2842091852665303   2.1678662703931207e-16
2.2863141994216765   2.165870296871535e-16
2.2884211534537053   2.163876161114129e-16
2.2905300491503113   2.1618838614285604e-16
2.2926408883008342   2.159893396124047e-16
2.2947536726962694   2.1579047635113588e-16
2.2968684041292557   2.15591796190283e-16
2.2989850843940873   2.1539329896123465e-16
2.3011037152867084   2.1519498449553513e-16
2.303224298604726   2.1499685262488323e-16
2.305346836147396   2.1479890318113358e-16
2.3074713297156353   2.1460113599629538e-16
2.3095977811120183   2.1440355090253312e-16
2.3117261921407866   2.1420614773216508e-16
2.3138565646078386   2.1400892631766476e-16
2.3159889003207383   2.138118864916599e-16
2.318123201088714   2.1361502808693255e-16
2.320259468722668   2.1341835093641837e-16
2.322397705035164   2.1322185487320745e-16
2.3245379118404386   2.1302553973054363e-16
2.3266800909543983   2.1282940534182453e-16
2.3288242441946303   2.1263345154060066e-16
2.3309703733803886   2.1243767816057665e-16
2.3331184803326073   2.1224208503561004e-16
2.335268566873895   2.1204667199971168e-16
2.337420634828549   2.1185143888704478e-16
2.3395746860225386   2.1165638553192608e-16
2.3417307222835166   2.1146151176882483e-16
2.343888745440828   2.1126681743236226e-16
2.346048757325495   2.110723023573127e-16
2.3482107597702306   2.1087796637860233e-16
2.350374754609434   2.1068380933130993e-16
2.352540743679202   2.1048983105066533e-16
2.354708728817317   2.1029603137205092e-16
2.3568787118632564   2.1010241013100065e-16
2.3590506946581904   2.0990896716320023e-16
2.3612246790449944   2.0971570230448595e-16
2.3634006668682335   2.095226153908462e-16
2.3655786599741755   2.0932970625842032e-16
2.3677586602107876   2.0913697474349866e-16
2.3699406694277467   2.0894442068252178e-16
2.372124689476427   2.0875204391208187e-16
2.3743107222099122   2.0855984426892117e-16
2.3764987694829904   2.0836782158993266e-16
2.378688833152166   2.0817597571215914e-16
2.3808809150756476   2.0798430647279398e-16
2.383075017113359   2.0779281370918037e-16
2.3852711411269345   2.0760149725881176e-16
2.3874692889797324   2.0741035695933052e-16
2.3896694625368196   2.0721939264852935e-16
2.3918716636649857   2.0702860416435012e-16
2.3940758942327367   2.0683799134488438e-16
2.3962821561103094   2.0664755402837204e-16
2.3984904511696556   2.0645729205320282e-16
2.4007007812844545   2.0626720525791515e-16
2.402913148330111   2.0607729348119632e-16
2.405127554183764   2.0588755656188175e-16
2.407344000724276   2.056979943389559e-16
2.4095624898322425   2.0550860665155144e-16
2.4117830233899906   2.0531939333894944e-16
2.414005603281589   2.0513035424057835e-16
2.416230231392835   2.049414891960154e-16
2.4184569096112667   2.047527980449853e-16
2.420685639826159   2.0456428062736053e-16
2.422916423928535   2.0437593678316064e-16
2.425149263811153   2.041877663525532e-16
2.427384161368519   2.0399976917585276e-16
2.4296211184968817   2.0381194509352118e-16
2.4318601370942443   2.0362429394616694e-16
2.4341012190603526   2.034368155745456e-16
2.436344366296705   2.032495098195596e-16
2.4385895807065494   2.03062376522258e-16
2.4408368641948965   2.0287541552383558e-16
2.4430862186685034   2.0268862666563437e-16
2.4453376460358878   2.0250200978914213e-16
2.447591148207324   2.0231556473599287e-16
2.449846727094853   2.021292913479661e-16
2.4521043846122716   2.0194318946698744e-16
2.4543641226751425   2.017572589351281e-16
2.45662594320079   2.015714995946051e-16
2.4588898481083143   2.0138591128778008e-16
2.4611558393185766   2.012004938571604e-16
2.4634239187542093   2.010152471453986e-16
2.4656940883396157   2.0083017099529227e-16
2.4679663500009794   2.006452652497832e-16
2.470240705666251   2.0046052975195855e-16
2.4725171572651616   2.0027596434504975e-16
2.4747957067292172   2.0009156887243296e-16
2.4770763559917115   1.9990734317762793e-16
2.479359106987712   1.9972328710429938e-16
2.481643961654073   1.995394004962557e-16
2.4839309219294297   1.9935568319744934e-16
2.4862199897542125   1.991721350519761e-16
2.4885111670706324   1.989887559040758e-16
2.490804455822692   1.9880554559813187e-16
2.493099857956184   1.9862250397867089e-16
2.4953973754187007   1.984396308903624e-16
2.4976970101596225   1.9825692617801955e-16
2.4999987641301282   1.9807438968659831e-16
2.5023026392831924   1.9789202126119754e-16
2.504608637573597   1.9770982074705842e-16
2.506916760957918   1.9752778798956516e-16
2.509227011394534   1.9734592283424444e-16
2.511539390843636   1.971642251267647e-16
2.5138539012672148   1.969826947129371e-16
2.5161705446290705   1.968013314387147e-16
2.518489322894811   1.9662013515019273e-16
2.520810238031863   1.9643910569360749e-16
2.5231332920094593   1.9625824291533756e-16
2.525458486798649   1.9607754666190293e-16
2.5277858243722955   1.958970167799652e-16
2.5301153067050888   1.9571665311632644e-16
2.5324469357735295   1.9553645551793066e-16
2.5347807135559433   1.9535642383186267e-16
2.5371166420324758   1.9517655790534824e-16
2.5394547231851057   1.9499685758575328e-16
2.54179495899763   1.9265148600897818e-16
2.5441373514556767   1.913757726109176e-16
2.5464819025467014   1.904016469930551e-16
2.548828614259998   1.89571584639862e-16
2.5511774885866867   1.888308615912079e-16
2.5535285275197253   1.8815267747332356e-16
2.555881733053905   1.8752151915598237e-16
2.5582371071858634   1.86927444029303e-16
2.5605946519140703   1.863636227652319e-16
2.56295436923884   1.8582512220550252e-16
2.565316261162327   1.8530823957146654e-16
2.5676803296885393   1.8481011032178997e-16
2.570046576823324   1.8432846354715266e-16
2.572415004574378   1.8386146222302053e-16
2.574785614951248   1.8340759487904267e-16
2.5771584099653384   1.829655997885978e-16
2.5795333916299   1.8253441048115444e-16
2.581910561960042   1.8211311567122195e-16
2.5842899229727276   1.8170092919599016e-16
2.586671476686787   1.8129716706369506e-16
2.589055225122902   1.8090122965748383e-16
2.5914411703036206   1.8051258774509016e-16
2.593829314253351   1.8013077134354602e-16
2.5962196589983746   1.7975536075685678e-16
2.598612206566833   1.7938597928927165e-16
2.6010069589887403   1.7902228726603523e-16
2.6034039182959767   1.7866397708549425e-16
2.6058030865223043   1.7831076909284483e-16
2.6082044657033503   1.7796240811445872e-16
2.6106080578766218   1.776186605277708e-16
2.6130138650815002   1.7727931176877985e-16
2.615421889359254   1.7694416419971137e-16
2.6178321327530254   1.7661303527511169e-16
2.6202445973078423   1.7628575595676867e-16
2.6226592850706134   1.7596216933733276e-16
2.625076198090143   1.7564212943994065e-16
2.627495338417115   1.7532550016704714e-16
2.629916708104105   1.7501215437635284e-16
2.632340309205579   1.7470197306550416e-16
2.6347661437779033   1.7439484465027797e-16
2.637194213879331   1.7409066432345123e-16
2.639624521570016   1.7378933348356857e-16
2.642057068912006   1.734907592244971e-16
2.6444918579692596   1.7319485387802204e-16
2.6469288908076267   1.7290153460288742e-16
2.6493681694948656   1.7261072301462406e-16
2.6518096961006368   1.723223448513157e-16
2.654253472696516   1.7203632967111442e-16
2.6566995013559795   1.7175261057788874e-16
2.6591477841544187   1.714711239718581e-16
2.6615983231691334   1.711918093224827e-16
2.664051120479346   1.709146089612182e-16
2.6665061781661876   1.7063946789205033e-16
2.668963498312709   1.7036633361796836e-16
2.6714230830038788   1.7009515598176762e-16
2.6738849343265945   1.6982588701975368e-16
2.6763490543696693   1.6955848082709203e-16
2.678815445223843   1.6929289343368192e-16
2.68128410898178   1.6902908268956537e-16
2.6837550477380816   1.6876700815898627e-16
2.6862282635892716   1.685066310223152e-16
2.688703758633804   1.6824791398513062e-16
2.691181534972077   1.6799082119382716e-16
2.6936615947064153   1.6773531815718956e-16
2.6961439399410834   1.674813716734157e-16
2.6986285727822823   1.672289497621368e-16
2.701115495338163   1.6697802160101704e-16
2.7036047097188103   1.6672855746656456e-16
2.706096218036256   1.664805286788097e-16
2.7085900224044774   1.6623390754954892e-16
2.7110861249394054   1.6598866733387366e-16
2.7135845277589143   1.6574478218473527e-16
2.716085232982833   1.6550222711031077e-16
2.71858824273294   1.652609779339647e-16
2.721093559132979   1.6502101125661204e-16
2.7236011843086407   1.6478230442131187e-16
2.7261111203875794   1.6454483547992683e-16
2.7286233694994055   1.6430858316170573e-16
2.731137933775702   1.6407352684365195e-16
2.7336548153500067   1.6383964652255862e-16
2.736174016357827   1.6360692278859164e-16
2.738695538936635   1.63375336800321e-16
2.741219385225882   1.631448702611002e-16
2.7437455573669807   1.629155053967101e-16
2.7462740575033213   1.6268722493417966e-16
2.748804887780267   1.624600120817126e-16
2.7513380503451645   1.622338505096466e-16
2.7538735473473333   1.6200872433238416e-16
2.7564113809380744   1.6178461809123078e-16
2.7589515532706703   1.6156151673808794e-16
2.7614940665003944   1.6133940561994743e-16
2.7640389227844997   1.6111827046414136e-16
2.7665861242822283   1.6089809736430013e-16
2.769135673154811   1.6067887276697901e-16
2.7716875715654776   1.6046058345891362e-16
2.774241821679443   1.6024321655487002e-16
2.7767984256639213   1.6002675948605263e-16
2.77935738568812   1.5981119998904214e-16
2.7819187039232545   1.5959652609523018e-16
2.7844823825425316   1.5938272612072864e-16
2.7870484237211657   1.5916978865672178e-16
2.789616829636371   1.5895770256024261e-16
2.7921876024673775   1.5874645694534631e-16
2.794760744395415   1.585360411746649e-16
2.7973362576037264   1.583264448513181e-16
2.799914144277563   1.581176578111653e-16
2.802494406604199   1.5790967011537894e-16
2.805077046772915   1.5770247204332653e-16
2.8076620669750136   1.5749605408574067e-16
2.810249469403813   1.572904069381672e-16
2.81283925625466   1.5708552149467477e-16
2.8154314297249177   1.5688138884181576e-16
2.8180259920139767   1.566780002528234e-16
2.8206229453232514   1.5647534718203613e-16
2.8232222918561933   1.5627342125953632e-16
2.8258240338182756   1.560722142859966e-16
2.8284281734170076   1.558717182277191e-16
2.83103471286193   1.556719252118634e-16
2.8336436543646277   1.554728275218513e-16
2.8362550001387157   1.552744175929428e-16
2.838868752399851   1.5507668800797315e-16
2.8414849133657305   1.5487963149324583e-16
2.844103485256103   1.5468324091457197e-16
2.8467244702927545   1.5448750927345447e-16
2.849347870699521   1.542924297034043e-16
2.851973688702285   1.54097995466388e-16
2.8546019265289893   1.5390419994939847e-16
2.857232586409621   1.5371103666114548e-16
2.8598656705762258   1.5351849922885817e-16
2.8625011812629015   1.533265813951984e-16
2.865139120705816   1.5313527701527556e-16
2.867779491143187   1.5294458005376508e-16
2.8704222948152993   1.5275448458211984e-16
2.8730675339644987   1.5256498477587517e-16
2.8757152108352053   1.523760749120407e-16
2.878365327673901   1.5218774936657928e-16
2.881017886729136   1.5200000261196523e-16
2.883672890251542   1.5181282921482071e-16
2.886330340493816   1.5162622383362934e-16
2.888990239710734   1.5144018121651933e-16
2.8916525901591474   1.5125469619911814e-16
2.894317394097995   1.5106976370247172e-16
2.89698465378829   1.508853787310303e-16
2.899654371493131   1.5070153637069437e-16
2.9023265494776993   1.5051823178692053e-16
2.9050011900092736   1.5033546022288377e-16
2.907678295357212   1.5015321699769696e-16
2.9103578677929667   1.4997149750468098e-16
2.913039909590082   1.497902972096877e-16
2.915724423024204   1.4960961164947066e-16
2.918411410373069   1.4942943643010537e-16
2.921100873916514   1.4924976722545355e-16
2.9237928159364737   1.4907059977567245e-16
2.9264872387169967   1.4889192988576588e-16
2.9291841445442253   1.4871375342417823e-16
2.9318835357064126   1.485360663214261e-16
2.9345854144939176   1.4835886456876972e-16
2.9372897831992186   1.4818214421691987e-16
2.9399966441168974   1.480059013747825e-16
2.942705999543654   1.4783013220823645e-16
2.945417851778301   1.4765483293894492e-16
2.9481322031217796   1.474799998431984e-16
2.950849055877142   1.4730562925079096e-16
2.9535684123495645   1.4713171754392424e-16
2.956290274846346   1.4695826115614209e-16
2.959014645676922   1.467852565712919e-16
2.9617415271528444   1.4661270032251583e-16
2.9644709215878002   1.464405889912654e-16
2.9672028312976053   1.4626891920634398e-16
2.969937258600218   1.4609768764297206e-16
2.972674205815725   1.4592689102187842e-16
2.9754136752663523   1.457565261084134e-16
2.978155669276465   1.455865897116844e-16
2.9809001901725773   1.4541707868371326e-16
2.9836472402833403   1.4524798991861612e-16
2.9863968219395525   1.450793203518016e-16
2.9891489374741576   1.4491106695919052e-16
2.991903589222259   1.4474322675645291e-16
2.9946607795211024   1.4457579679826668e-16
2.9974205107100906   1.444087741775911e-16
3.0001827851307796   1.4424215602496e-16
3.002947605126891   1.4407593950779062e-16
3.005714973044299   1.4391012182971032e-16
3.008484891231041   1.4374470022989829e-16
3.011257362037317   1.4357967198244305e-16
3.0140323878155   1.434150343957148e-16
3.0168099709201233   1.432507848117536e-16
3.019590113707892   1.4308692060567016e-16
3.02237281853768   1.4292343918506212e-16
3.0251580877705457   1.427603379894413e-16
3.027945923769712   1.4259761448967762e-16
3.030736328900584   1.4243526618745247e-16
3.0335293055307435   1.4227329061472614e-16
3.036324856029963   1.4211168533321608e-16
3.0391229827701896   1.4195044793388857e-16
3.0419236881255602   1.4178957603645997e-16
3.0447269744723946   1.4162906728891028e-16
3.0475328441892144   1.414689193670057e-16
3.0503412996567216   1.413091299738342e-16
3.0531523432578163   1.4114969683934912e-16
3.055965977377591   1.4099061771992366e-16
3.0587822044033457   1.4083189039791388e-16
3.061601026724572   1.4067351268123323e-16
3.064422446732965   1.405154824029339e-16
3.0672464668224215   1.4035779742079842e-16
3.070073089389054   1.40200455616939e-16
3.0729023168311738   1.4004345489740662e-16
3.075734151549305   1.3988679319180666e-16
3.0785685959461806   1.3973046845292427e-16
3.0814056524267586   1.3957447865635504e-16
3.084245323398202   1.3941882180014676e-16
3.087087611269894   1.392634959044455e-16
3.089932518453446   1.3910849901114975e-16
3.092780047362683   1.3895382918357294e-16
3.0956302004136584   1.3879948450611075e-16
3.0984829800246474   1.3864546308391703e-16
3.1013383886161643   1.384917630425839e-16
3.1041964286109445   1.3833838252783118e-16
3.107057102433959   1.3818531970519934e-16
3.10992041251241   1.380325727597502e-16
3.1127863612757465   1.378801398957722e-16
3.1156549511556473   1.377280193364929e-16
3.1185261845860346   1.3757620932379598e-16
3.12140006400307   1.374247081179443e-16
3.1242765918451707   1.372735139973073e-16
3.127155770552991   1.3712262525809544e-16
3.130037602569437   1.3697204021409824e-16
3.132922090339664   1.3682175719642786e-16
3.13580923631109   1.3667177455326682e-16
3.1386990429333776   1.3652209064962214e-16
3.1415915126584513   1.3637270386708246e-16
3.144486647940492   1.362236126035805e-16
3.147384451235951   1.3607481527315922e-16
3.1502849250035347   1.3592631030574362e-16
3.153188071704218   1.3577809614691563e-16
3.1560938938012404   1.3563017125769346e-16
3.159002393760121   1.3548253411431465e-16
3.1619135740486417   1.353351832080241e-16
3.164827437136862   1.351881170448649e-16
3.167743985497114   1.3504133414547338e-16
3.1706632216040176   1.3489483304487745e-16
3.1735851479344643   1.3474861229229938e-16
3.176509766967631   1.3460267045096135e-16
3.1794370811849757   1.3445700609789486e-16
3.1823670930702534   1.343116178237525e-16
3.1852998051094983   1.341665042326251e-16
3.1882352197910384   1.3402166394186027e-16
3.191173339605492   1.3387709558188453e-16
3.194114167045783   1.3373279779602855e-16
3.1970577046071207   1.3358876924035647e-16
3.2000039547870194   1.334450085834962e-16
3.2029529200852904   1.333015145064744e-16
3.20590460300406   1.331582857025528e-16
3.2088590060477484   1.33015320877069e-16
3.211816131723088   1.328726187472785e-16
3.2147759825391193   1.3273017804220006e-16
3.217738561007203   1.3258799750246301e-16
3.220703869641005   1.3244607588015881e-16
3.223671910956511   1.323044119386929e-16
3.2266426874720215   1.3216300445264057e-16
3.229616201708169   1.320218522076041e-16
3.232592456187897   1.3188095400007377e-16
3.2355714534364792   1.317403086372894e-16
3.238553195981512   1.315999149371055e-16
3.241537686352931   1.3145977172785748e-16
3.2445249270829946   1.3131987784823134e-16
3.2475149207062968   1.3118023214713456e-16
3.2505076697597644   1.3104083348356918e-16
3.253503176782672   1.3090168072650676e-16
3.2565014443166245   1.307627727547662e-16
3.2595024749055725   1.3062410845689258e-16
3.2625062710958077   1.304856867310384e-16
3.2655128354359775   1.3034750648484596e-16
3.2685221704770684   1.302095666353333e-16
3.271534278772422   1.3007186610877974e-16
3.2745491628777286   1.299344038406151e-16
3.2775668253510433   1.297971787753089e-16
3.2805872687527704   1.2966018986626324e-16
3.2836104956456746   1.2952343607570575e-16
3.2866365085948814   1.293869163745847e-16
3.289665310167889   1.2925062974246572e-16
3.292696902934551   1.291145751674307e-16
3.2957312894670943   1.2897875164597697e-16
3.298768472340111   1.2884315818291924e-16
3.3018084541305774   1.287077937912919e-16
3.304851237417834   1.2857265749225405e-16
3.3078968247836014   1.28437748314995e-16
3.3109452188119763   1.2830306529664153e-16
3.313996422089447   1.28168607482166e-16
3.3170504372048746   1.2803437392429725e-16
3.3201072667495066   1.2790036368343123e-16
3.3231669133169888   1.2776657582754334e-16
3.3262293795033466   1.2763300943210322e-16
3.329294667907001   1.2749966357998907e-16
3.332362781128764   1.2736653736140463e-16
3.335433721771856   1.2723362987379582e-16
3.338507492441885   1.271009402217708e-16
3.341584095746863   1.269684675170191e-16
3.3446635342972035   1.2683621087823298e-16
3.3477458107057347   1.2670416943102942e-16
3.3508309275876833   1.2657234230787391e-16
3.3539188875606887   1.264407286480047e-16
3.3570096932447995   1.2630932759735843e-16
3.3601033472624895   1.2617813830849612e-16
3.363199852238638   1.2604715994053174e-16
3.366299210800548   1.2591639165906014e-16
3.3694014255779385   1.2578583263608726e-16
3.372506499202964   1.2565548204995974e-16
3.375614434310193   1.2552533908529768e-16
3.3787252335366267   1.253954029329266e-16
3.3818388995216915   1.252656727898109e-16
3.384955434907257   1.251361478589882e-16
3.3880748423376184   1.250068273495048e-16
3.391197124459509   1.2487771047635192e-16
3.394322283922099   1.247487964604026e-16
3.3974503233770106   1.2462008452834919e-16
3.400581245478298   1.2449157391264307e-16
3.403715052882466   1.243632638514334e-16
3.4068517482484637   1.2423515358850793e-16
3.4099913342377   1.2410724237323364e-16
3.4131338135140274   1.2397952946049949e-16
3.416279188743756   1.2385201411065866e-16
3.4194274625956496   1.2372469558947235e-16
3.422578637740942   1.235975731680534e-16
3.4257327168533176   1.234706461228123e-16
3.4288897026089296   1.2334391373540211e-16
3.4320495976863925   1.2321737529266539e-16
3.4352124047668005   1.230910300865806e-16
3.438378126533708   1.2296487741421102e-16
3.441546765673146   1.2283891657765243e-16
3.444718324873617   1.2271314688398276e-16
3.4478928068261117   1.2258756764521118e-16
3.45107021422409   1.2246217817822967e-16
3.4542505497634983   1.223369778047634e-16
3.4574338161427627   1.2221196585132277e-16
3.460620016062808   1.2208714164915529e-16
3.463809152227036   1.2196250453419934e-16
3.467001227341344   1.2183805384703714e-16
3.4701962441141196   1.2171378893284937e-16
3.473394205256257   1.215897091413691e-16
3.476595113481138   1.214658138268381e-16
3.4797989715046476   1.2134210234796208e-16
3.483005782045171   1.2121857406786747e-16
3.4862155478236088   1.2109522835405775e-16
3.4894282715633587   1.209720645783718e-16
3.492643955990331   1.2084908211694144e-16
3.4958626038329452   1.2072628035015018e-16
3.499084217822146   1.2060365866259176e-16
3.502308800691383   1.2048121644303046e-16
3.50553635517663   1.2035895308436083e-16
3.508766884016377   1.2023686798356836e-16
3.5120003899516496   1.2011496054168982e-16
3.515236875725988   1.1999323016377592e-16
3.518476344085464   1.198716762588525e-16
3.5217187977786772   1.1975029823988334e-16
3.524964239556771   1.1962909552373235e-16
3.5282126721734124   1.1950806753112795e-16
3.5314640983848102   1.193872136866262e-16
3.5347185209497103   1.1926653341857512e-16
3.5379759426294104   1.1914602615907905e-16
3.541236366187743   1.1902569134396435e-16
3.5444997943910903   1.1890552841274432e-16
3.5477662300083814   1.187855368085855e-16
3.5510356758111077   1.186657159782732e-16
3.5543081345733025   1.1836327964826553e-16
3.557583609071558   1.1796033840378572e-16
3.560862102085033   1.176757647385753e-16
3.564143616395439   1.1742788037049844e-16
3.567428154787054   1.172002125851605e-16
3.5707157200467172   1.1698590956614393e-16
3.574006314963848   1.1678133207679346e-16
3.5772999423304257   1.1658427023953454e-16
3.5805966049410047   1.1639326157522645e-16
3.583896305592713   1.162072780150746e-16
3.5871990470852655   1.1602556373112164e-16
3.5905048322209474   1.1584754343890898e-16
3.5938136638046294   1.1567276699460094e-16
3.5971255446437636   1.1550087412839172e-16
3.6004404775484007   1.1533157102797892e-16
3.6037584653311687   1.1516461423835912e-16
3.607079510807293   1.1499979926238254e-16
3.610403616794588   1.1483695228495113e-16
3.6137307861134778   1.1467592403357717e-16
3.6170610215869723   1.1451658513703895e-16
3.620394326040689   1.1435882255777922e-16
3.623730702302843   1.1420253680890482e-16
3.6270701532042704   1.1404763975443577e-16
3.630412681578401   1.138940528498487e-16
3.633758290261283   1.1374170571963103e-16
3.6371069820915713   1.1359053499605268e-16
3.6404587599105502   1.1344048336272936e-16
3.6438136265621104   1.1329149876042824e-16
3.6471715848927673   1.1314353372263962e-16
3.650532637751655   1.1299654481586272e-16
3.653896787990546   1.1285049216507762e-16
3.657264038463828   1.127053390490466e-16
3.6606343920285243   1.1256105155325434e-16
3.6640078515442855   1.1241759827074225e-16
3.667384419873411   1.1227495004297862e-16
3.670764099880825   1.1213307973439253e-16
3.6741468944340965   1.1199196203536114e-16
3.6775328064034327   1.1185157328937092e-16
3.6809218386616984   1.1171189134081414e-16
3.6843139940843925   1.1157289540048003e-16
3.68770927554967   1.1143456592628063e-16
3.6911076859383325   1.112968845171494e-16
3.6945092281338487   1.111598338183706e-16
3.697913905022333   1.1102339743686648e-16
3.7013217194925634   1.1088755986518467e-16
3.7047326744359763   1.1075230641311662e-16
3.7081467727466837   1.1061762314602576e-16
3.7115640173214537   1.1048349682909773e-16
3.714984411059728   1.103499148768265e-16
3.718407956863615   1.1021686530714761e-16
3.721834657637911   1.1008433669970276e-16
3.7252645162900766   1.0995231815778985e-16
3.728697535730255   1.098207992736048e-16
3.7321337188712698   1.0968977009643301e-16
3.735573068628637   1.0955922110348854e-16
3.739015587920551   1.0942914317313632e-16
3.7424612796678973   1.0929952756026056e-16
3.7459101467942504   1.0917036587357345e-16
3.74936219222589   1.0904165005467826e-16
3.752817418891781   1.089133723587249e-16
3.7562758297235916   1.087855253365092e-16
3.7597374276556876   1.0865810181788749e-16
3.763202215625151   1.0853109489638811e-16
3.766670196571758   1.0840449791491744e-16
3.7701413734379985   1.082783044524637e-16
3.7736157491690703   1.0815250831171595e-16
3.7770933267128965   1.0802710350752063e-16
3.780574109020105   1.079020842561094e-16
3.784058099044048   1.0777744496503205e-16
3.787545299740794   1.0765318022374227e-16
3.791035714069148   1.0752928479478168e-16
3.7945293449906305   1.0740575360551925e-16
3.798026195469494   1.0728258174040039e-16
3.8015262684727196   1.0715976443366976e-16
3.805029566970034   1.0703729706253123e-16
3.808536093933889   1.0691517514071468e-16
3.812045852339476   1.0679339431241844e-16
3.815558845164739   1.0667195034660114e-16
3.8190750753903555   1.065508391316e-16
3.822594545999754   1.0643005667005041e-16
3.8261172599791076   1.0630959907408818e-16
3.8296432203173527   1.0618946256081366e-16
3.8331724300061705   1.0606964344800249e-16
3.83670489204   1.059501381500445e-16
3.840240609416039   1.0583094317409679e-16
3.843779585134257   1.0571205511643726e-16
3.8473218221973773   1.0559347065900647e-16
3.8508673236108932   1.054751865661245e-16
3.8544160923830653   1.053571996813732e-16
3.8579681315249372   1.0523950692463253e-16
3.861523444050316   1.0512210528926387e-16
3.8650820329757902   1.0500499183942844e-16
3.868643901320724   1.0488816370753526e-16
3.872209052107275   1.047716180918092e-16
3.8757774883603764   1.046553522539745e-16
3.8793492131077505   1.0453936351704438e-16
3.8829242293799076   1.044236492632128e-16
3.886502540210162   1.0430820693184115e-16
3.890084148634611   1.041930340175365e-16
3.8936690576921547   1.0407812806831407e-16
3.897257270424489   1.0396348668384096e-16
3.9008487898761253   1.0384910751375583e-16
3.904443619094368   1.0373498825606178e-16
3.9080417611293345   1.0362112665558676e-16
3.9116432190339494   1.0350752050250935e-16
3.915247995863961   1.0339416763094569e-16
3.918856094677923   1.0328106591759554e-16
3.9224675185372124   1.0316821328044297e-16
3.926082270506021   1.0305560767751019e-16
3.9297003536513793   1.0294324710566065e-16
3.933321771043129   1.0283112959945097e-16
3.9369465257539487   1.0271925323002686e-16
3.9405746208593406   1.026076161040626e-16
3.944206059437656   1.0249621636274106e-16
3.94784084457007   1.0238505218077375e-16
3.9514789793406013   1.022741217654568e-16
3.9551204668361066   1.0216342335576302e-16
3.958765310146299   1.0205295522146746e-16
3.9624135123637276   1.0194271566230575e-16
3.9660650765837953   1.0183270300716263e-16
3.969720005904753   1.017229156132901e-16
3.9733783034277192   1.0161335186555318e-16
3.9770399722566583   1.0150401017570368e-16
3.980705015498399   1.0139488898167833e-16
3.984373436262629   1.0128598674692213e-16
3.988045237661914   1.0117730195973454e-16
3.9917204228116767   1.0106883313263928e-16
3.995398994830213   1.0096057880177446e-16
3.9990809568386902   1.0085253752630396e-16
4.002766311961163   1.007447078878478e-16
4.0064550633245535   1.006370884899328e-16
4.010147214058669   1.0052967795746006e-16
4.0138427672961985   1.0042247493619032e-16
4.017541726172728   1.0031547809224584e-16
4.021244093826721   1.0020868611162896e-16
4.024949873399539   1.0010209769975506e-16
4.028659068035433   9.999571158100109e-17
4.032371680881565   9.988952649826734e-17
4.036087715087984   9.978354121255433e-17
4.039807173807646   9.967775450255134e-17
4.04353006019641   9.957216516423835e-17
4.047256377413054   9.946677201049956e-17
4.050986128619253   9.936157387074949e-17
4.054719316979605   9.925656959056913e-17
4.058455945661615   9.915175803135404e-17
4.062196017835722   9.904713806997145e-17
4.065939536675274   9.894270859842924e-17
4.069686505356548   9.883846852355285e-17
4.073436927058742   9.87344167666726e-17
4.0771908049639976   9.863055226331902e-17
4.080948142257377   9.852687396292822e-17
4.084708942126877   9.842338082855422e-17
4.088473207763444   9.832007183658991e-17
4.092240942360954   9.821694597649597e-17
4.09601214911623   9.81140022505371e-17
4.099786831229035   9.801123967352528e-17
4.103564991902096   9.790865727257009e-17
4.107346634341079   9.780625408683632e-17
4.111131761754605   9.77040291673075e-17
4.114920377354251   9.76019815765558e-17
4.118712484354565   9.750011038851803e-17
4.122508085973045   9.739841468827806e-17
4.126307185430158   9.729689357185429e-17
4.130109785949335   9.719554614599295e-17
4.13391589075699   9.709437152796616e-17
4.137725503082497   9.699336884537647e-17
4.141538626158211   9.689253723596497e-17
4.145355263219463   9.67918758474251e-17
4.1491754175045745   9.669138383722046e-17
4.152999092254841   9.659106037240811e-17
4.156826290714551   9.649090462946539e-17
4.160657016130975   9.639091579412146e-17
4.16449127175439   9.629109306119243e-17
4.168329060838056   9.61914356344215e-17
4.1721703866382365   9.609194272632196e-17
4.176015252414188   9.599261355802443e-17
4.179863661428187   9.58934473591274e-17
4.183715616945502   9.579444336755206e-17
4.187571122234414   9.569560082939975e-17
4.191430180566214   9.559691899881313e-17
4.1952927952152175   9.549839713784014e-17
4.199158969458748   9.540003451630204e-17
4.203028706577149   9.530183041166363e-17
4.206902009853788   9.520378410890665e-17
4.210778882575068   9.510589490040591e-17
4.214659328030407   9.500816208580883e-17
4.218543349512261   9.491058497191712e-17
4.222430950316115   9.481316287257106e-17
4.226322133740503   9.471589510853641e-17
4.230216903086986   9.46187810073944e-17
4.234115261660174   9.452181990343319e-17
4.238017212767715   9.442501113754247e-17
4.241922759720319   9.432835405710938e-17
4.2458319058317375   9.423184801591809e-17
4.249744654418774   9.413549237405043e-17
4.253661008801289   9.403928649778872e-17
4.257580972302213   9.39432297595209e-17
4.261504548247528   9.384732153764792e-17
4.2654317399662816   9.375156121649261e-17
4.26936255079059   9.365594818621051e-17
4.273296984055649   9.356048184270253e-17
4.277235043099717   9.346516158752982e-17
4.281176731264131   9.336998682782988e-17
4.285122051893307   9.32749569762346e-17
4.289071008334752   9.318007145078962e-17
4.293023603939046   9.308532967487613e-17
4.296979842059862   9.299073107713329e-17
4.300939726053958   9.289627509138286e-17
4.3049032592811995   9.280196115655454e-17
4.308870445104536   9.270778871661409e-17
4.312841286890017   9.261375722049146e-17
4.316815788006794   9.25198661220113e-17
4.320793951827133   9.242611487982382e-17
4.324775781726396   9.233250295733838e-17
4.328761281083062   9.22390298226571e-17
4.332750453278714   9.214569494851037e-17
4.336743301698069   9.205249781219297e-17
4.340739829728949   9.195943789550254e-17
4.344740040762301   9.186651468467801e-17
4.348743938192194   9.177372767033986e-17
4.352751525415837   9.168107634743091e-17
4.356762805833556   9.158856021515924e-17
4.360777782848818   9.149617877694086e-17
4.364796459868218   9.14039315403446e-17
4.368818840301508   9.131181801703678e-17
4.372844927561564   9.121983772272829e-17
4.3768747250644155   9.112799017712153e-17
4.380908236229233   9.103627490385874e-17
4.3849454644783545   9.094469143047085e-17
4.388986413237255   9.08532392883282e-17
4.393031085934568   9.076191801259109e-17
4.3970794860021   9.067072714216134e-17
4.401131616874807   9.057966621963553e-17
4.405187481990812   9.048873479125821e-17
4.409247084791408   9.03979324068761e-17
4.413310428721067   9.030725861989299e-17
4.4173775172274246   9.021671298722618e-17
4.4214483537612965   9.012629506926252e-17
4.425522941776675   9.003600442981602e-17
4.42960128473075   8.994584063608549e-17
4.4336833860838825   8.98558032586139e-17
4.437769249299626   8.976589187124737e-17
4.441858877844722   8.967610605109556e-17
4.445952275189123   8.958644537849197e-17
4.450049444805962   8.9496909436956e-17
4.454150390171579   8.94074978131546e-17
4.458255114765512   8.931821009686509e-17
4.46236362207052   8.922904588093814e-17
4.466475915572559   8.914000476126221e-17
4.4705919987608   8.905108633672747e-17
4.474711875127626   8.896229020919122e-17
4.47883554816865   8.887361598344296e-17
4.482963021382697   8.878506326717119e-17
4.487094298271818   8.869663167092953e-17
4.491229382341285   8.860832080810433e-17
4.49536827709962   8.85201302948818e-17
4.499510986058557   8.843205975021678e-17
4.503657512733076   8.834410879580137e-17
4.507807860641391   8.825627705603377e-17
4.51196203330497   8.816856415798813e-17
4.516120034248514   8.80809697313848e-17
4.5202818669999765   8.799349340856085e-17
4.524447535090557   8.790613482444099e-17
4.528617042054724   8.781889361650895e-17
4.532790391430188   8.773176942477974e-17
4.536967586757926   8.764476189177167e-17
4.541148631582173   8.755787066247928e-17
4.545333529450443   8.747109538434608e-17
4.549522283913506   8.738443570723859e-17
4.553714898525409   8.729789128342001e-17
4.557911376843469   8.721146176752467e-17
4.562111722428297   8.712514681653226e-17
4.56631593884377   8.703894608974351e-17
4.570524029657053   8.695285924875534e-17
4.574735998438595   8.686688595743654e-17
4.578951848762149   8.678102588190385e-17
4.583171584204748   8.669527869049863e-17
4.587395208346724   8.660964405376364e-17
4.591622724771706   8.65241216444201e-17
4.595854137066639   8.643871113734479e-17
4.60008944882176   8.635341220954847e-17
4.604328663630617   8.626822454015366e-17
4.608571785090067   8.618314781037293e-17
4.612818816800296   8.609818170348748e-17
4.617069762364792   8.601332590482654e-17
4.62132462539037   8.592858010174636e-17
4.625583409487163   8.584394398360994e-17
4.629846118268647   8.575941724176638e-17
4.634112755351611   8.567499956953169e-17
4.638383324356183   8.559069066216876e-17
4.642657828905825   8.55064902168682e-17
4.646936272627347   8.542239793272886e-17
4.651218659150892   8.533841351073955e-17
4.655504992109951   8.525453665376011e-17
4.659795275141359   8.517076706650332e-17
4.664089511885317   8.508710445551627e-17
4.6683877059853645   8.500354852916327e-17
4.672689861088407   8.492009899760772e-17
4.676995980844703   8.483675557279502e-17
4.681306068907891   8.475351796843493e-17
4.685620128934961   8.467038589998533e-17
4.689938164586278   8.458735908463503e-17
4.694260179525576   8.450443724128748e-17
4.69858617741998   8.442162009054415e-17
4.702916161939979   8.433890735468907e-17
4.707250136759446   8.425629875767247e-17
4.711588105555651   8.417379402509519e-17
4.715930072009243   8.409139288419334e-17
4.720276039804265   8.400909506382307e-17
4.724626012628149   8.392690029444541e-17
4.728979994171741   8.384480830811113e-17
4.733337988129275   8.376281883844654e-17
4.737699998198393   8.368093162063866e-17
4.742066028080139   8.359914639142103e-17
4.7464360814789845   8.351746288905917e-17
4.750810162102798   8.343588085333719e-17
4.755188273662871   8.335440002554365e-17
4.759570419873909   8.327302014845787e-17
4.763956604454059   8.319174096633649e-17
4.768346831124874   8.311056222490032e-17
4.772741103611347   8.302948367132104e-17
4.777139425641895   8.294850505420838e-17
4.781541800948389   8.28676261235968e-17
4.785948233266122   8.278684663093348e-17
4.790358726333834   8.270616632906545e-17
4.794773283893708   8.262558497222717e-17
4.799191909691387   8.254510231602828e-17
4.803614607475953   8.24647181174418e-17
4.808041380999948   8.238443213479185e-17
4.812472234019367   8.230424412774218e-17
4.816907170293681   8.222415385728399e-17
4.821346193585811   8.214416108572497e-17
4.825789307662149   8.206426557667762e-17
4.830236516292556   8.19844670950482e-17
4.83468782325038   8.190476540702501e-17
4.83914323231243   8.182516028006823e-17
4.843602747259004   8.174565148289839e-17
4.848066371873877   8.166623878548612e-17
4.852534109944326   8.158692195904085e-17
4.857005965261102   8.15077007760011e-17
4.8614819416184565   8.142857501002356e-17
4.8659620428141315   8.134954443597306e-17
4.870446272649383   8.127060882991205e-17
4.874934634928957   8.119176796909119e-17
4.8794271334611095   8.111302163193886e-17
4.883923772057601   8.103436959805172e-17
4.88842455453372   8.095581164818463e-17
4.892929484708255   8.08773475642414e-17
4.897438566403522   8.079897712926515e-17
4.901951803445349   8.072070012742906e-17
4.90646919966311   8.064251634402659e-17
4.91099075888969   8.056442556546303e-17
4.915516484961512   8.048642757924595e-17
4.920046381718529   8.04085221739764e-17
4.924580453004249   8.033070913933969e-17
4.929118702665705   8.025298826609708e-17
4.933661134553482   8.017535934607695e-17
4.938207752521707   8.009782217216598e-17
4.942758560428077   8.00203765383007e-17
4.947313562133824   7.994302223945932e-17
4.951872761503747   7.986575907165324e-17
4.9564361624062   7.978858683191885e-17
4.961003768713119   7.971150531830904e-17
4.96557558429999   7.963451432988581e-17
4.970151613045878   7.955761366671176e-17
4.974731858833416   7.948080312984249e-17
4.979316325548832   7.940408252131837e-17
4.983905017081919   7.932745164415739e-17
4.988497937326059   7.925091030234709e-17
4.993095090178219   7.917445830083718e-17
4.997696479538971   7.909809544553184e-17
5.002302109312466   7.902182154328263e-17
5.006911983406459   7.894563640188093e-17
5.011526105732301   7.886953983005075e-17
5.016144480204962   7.879353163744133e-17
5.020767110743004   7.871761163462049e-17
5.025394001268609   7.86417796330671e-17
5.030025155707563   7.856603544516457e-17
5.034660577989288   7.849037888419341e-17
5.0393002720468125   7.841480976432483e-17
5.043944241816789   7.833932790061402e-17
5.0485924912395115   7.826393310899292e-17
5.053245024258892   7.818862520626426e-17
5.0579018448224815   7.811340401009461e-17
5.062562956881462   7.803826933900807e-17
5.067228364390675   7.796322101237947e-17
5.071898071308588   7.788825885042858e-17
5.076572081597326   7.781338267421341e-17
5.081250399222656   7.773859230562413e-17
5.085933028154015   7.766388756737668e-17
5.090619972364487   7.758926828300693e-17
5.095311235830818   7.751473427686456e-17
5.100006822533414   7.744028537410697e-17
5.10470673645637   7.736592140069317e-17
5.10941098158743   7.729164218337834e-17
5.11411956191802   7.721744754970773e-17
5.118832481443244   7.714333732801097e-17
5.123549744161896   7.706931134739607e-17
5.128271354076444   7.699536943774425e-17
5.13299731519305   7.692151142970402e-17
5.137727631521559   7.684773715468578e-17
5.142462307075531   7.677404644485608e-17
5.147201345872207   7.670043913313238e-17
5.151944751932534   7.662691505317779e-17
5.156692529281163   7.65534740393954e-17
5.161444681946467   7.648011592692313e-17
5.166201213960514   7.64068405516285e-17
5.170962129359098   7.633364775010359e-17
5.175727432181722   7.626053735965966e-17
5.18049712647163   7.618750921832197e-17
5.185271216275776   7.611456316482506e-17
5.1900497056448485   7.604169903860766e-17
5.194832598633263   7.596891667980764e-17
5.199619899299188   7.589621592925686e-17
5.204411611704517   7.582359662847686e-17
5.209207739914888   7.575105861967368e-17
5.214008287999684   7.56786017457332e-17
5.218813260032055   7.560622585021614e-17
5.2236226600888855   7.553393077735388e-17
5.2284364922508235   7.546171637204336e-17
5.233254760602273   7.538958247984282e-17
5.238077469231417   7.531752894696682e-17
5.24290462223019   7.524555562028216e-17
5.247736223694305   7.517366234730316e-17
5.25257227772324   7.510184897618735e-17
5.25741278842027   7.503011535573081e-17
5.262257759892434   7.495846133536419e-17
5.267107196250563   7.488688676514806e-17
5.271961101609268   7.481539149576895e-17
5.27681948008697   7.474397537853468e-17
5.281682335805868   7.467263826537057e-17
5.286549672891969   7.460138000881504e-17
5.2914214954750705   7.453020046201567e-17
5.296297807688797   7.44590994787247e-17
5.301178613670563   7.438807691329551e-17
5.306063917561605   7.431713262067821e-17
5.310953723506967   7.42462664564159e-17
5.31584803565553   7.417547827664037e-17
5.320746858159983   7.41047679380686e-17
5.325650195176847   7.403413529799865e-17
5.3305580508664665   7.396358021430587e-17
5.335470429393039   7.389310254543889e-17
5.340387334924582   7.382270215041623e-17
5.345308771632958   7.375237888882218e-17
5.35023474369387   7.368213262080337e-17
5.355165255286887   7.361196320706469e-17
5.36010031059541   7.354187050886608e-17
5.3650399138067035   7.34718543880187e-17
5.369984069111883   7.340191470688137e-17
5.374932780705945   7.33320513283568e-17
5.379886052787734   7.326226411588845e-17
5.38484388955997   7.319255293345675e-17
5.389806295229239   7.312291764557576e-17
5.394773274006023   7.305335811728951e-17
5.399744830104666   7.298387421416884e-17
5.404720967743396   7.291446580230806e-17
5.409701691144344   7.284513274832115e-17
5.414687004533515   7.277587491933903e-17
5.419676912140817   7.270669218300574e-17
5.424671418200047   7.26375844074757e-17
5.429670526948923   7.256855146140971e-17
5.43467424262905   7.249959321397252e-17
5.4396825694859485   7.243070953482922e-17
5.444695511769044   7.236190029414217e-17
5.449713073731697   7.229316536256767e-17
5.454735259631169   7.222450461125324e-17
5.459762073728653   7.21559179118342e-17
5.464793520289261   7.20874051364308e-17
5.469829603582052   7.201896615764493e-17
5.474870327880004   7.195060084855743e-17
5.479915697460038   7.18823090827249e-17
5.484965716603011   7.181409073417692e-17
5.49002038959374   7.174594567741267e-17
5.495079720720976   7.167787378739858e-17
5.500143714277427   7.160987493956509e-17
5.5052123745597505   7.154194900980402e-17
5.510285705868583   7.147409587446521e-17
5.515363712508505   7.140631541035444e-17
5.520446398788071   7.133860749473008e-17
5.525533769019797   7.127097200530056e-17
5.530625827520197   7.120340882022141e-17
5.535722578609738   7.113591781809276e-17
5.5408240266128805   7.106849887795654e-17
5.545930175858061   7.100115187929379e-17
5.551041030677722   7.093387670202184e-17
5.556156595408284   7.08666732264919e-17
5.561276874390167   7.07995413334864e-17
5.566401871967786   7.073248090421625e-17
5.571531592489577   7.066549182031822e-17
5.576666040307966   7.05985739638526e-17
5.581805219779396   7.053172721730056e-17
5.586949135264317   7.046495146356162e-17
5.592097791127218   7.039824658595087e-17
5.597251191736589   7.033161246819702e-17
5.6024093414649565   7.026504899443957e-17
5.607572244688865   7.01985560492265e-17
5.6127399057889145   7.013213351751158e-17
5.61791232914972   7.006578128465237e-17
5.623089519159947   6.999949923640759e-17
5.628271480212299   6.993328725893479e-17
5.633458216703541   6.986714523878789e-17
5.638649733034478   6.980107306291508e-17
5.6438460336099725   6.973507061865629e-17
5.649047122838941   6.966913779374115e-17
5.654253005134383   6.960327447628614e-17
5.659463684913345   6.953748055479311e-17
5.66467916659695   6.947175591814643e-17
5.669899454610389   6.940610045561108e-17
5.675124553382952   6.934051405683018e-17
5.680354467347988   6.9274996611823e-17
5.6855892009429425   6.920954801098279e-17
5.69082875860934   6.914416814507456e-17
5.696073144792818   6.907885690523268e-17
5.7013223639430946   6.901361418295918e-17
5.706576420513992   6.894843987012146e-17
5.7118353189634306   6.888333385895018e-17
5.7170990637534596   6.881829604203691e-17
5.72236765935022   6.875332631233262e-17
5.727641110223976   6.868842456314521e-17
5.732919420849103   6.862359068813768e-17
5.738202595704121   6.855882458132577e-17
5.7434906392716565   6.849412613707645e-17
5.748783556038475   6.842949525010558e-17
5.754081350495469   6.836493181547613e-17
5.759384027137689   6.830043572859589e-17
5.764691590464309   6.823600688521596e-17
5.770004044978656   6.817164518142858e-17
5.7753213951881985   6.810735051366525e-17
5.780643645604582   6.80431227786946e-17
5.785970800743587   6.797896187362095e-17
5.791302865125157   6.791486769588221e-17
5.79663984327342   6.785084014324775e-17
5.801981739716653   6.778687911381705e-17
5.807328558987314   6.77229845060175e-17
5.812680305622031   6.765915621860278e-17
5.8180369841616315   6.759539415065074e-17
5.823398599151108   6.753169820156204e-17
5.828765155139649   6.746806827105807e-17
5.834136656680629   6.740450425917933e-17
5.839513108331635   6.734100606628338e-17
5.84489451465444   6.727757359304355e-17
5.850280880215022   6.721420674044682e-17
5.855672209583564   6.715090540979245e-17
5.861068507334478   6.708766950268971e-17
5.8664697780463735   6.702449892105684e-17
5.871876026302084   6.6961393567119e-17
5.877287256688663   6.689835334340672e-17
5.882703473797407   6.683537815275397e-17
5.888124682223826   6.677246789829694e-17
5.893550886567674   6.670962248347208e-17
5.898982091432932   6.664684181201474e-17
5.904418301427846   6.658412578795714e-17
5.909859521164891   6.652147431562725e-17
5.915305755260796   6.64588872996469e-17
5.92075700833654   6.639636464493033e-17
5.926213285017381   6.633390625668245e-17
5.931674589932816   6.62715120403975e-17
5.9371409277166185   6.620918190185737e-17
5.942612303006824   6.614691574713024e-17
5.948088720445762   6.608471348256859e-17
5.9535701846800215   6.602257501480832e-17
5.959056700360478   6.596050025076679e-17
5.96454827214229   6.589848909764163e-17
5.970044904684921   6.58365414629088e-17
5.975546602652113   6.577465725432164e-17
5.981053370711909   6.571283637990919e-17
5.986565213536651   6.565107874797474e-17
5.9920821358030025   6.558938426709419e-17
5.9976041421919195   6.552775284611497e-17
6.003131237388678   6.546618439415446e-17
6.008663426082865   6.540467882059859e-17
6.014200712968409   6.534323603510019e-17
6.019743102743544   6.528185594757813e-17
6.02529060011084   6.522053846821546e-17
6.030843209777196   6.515928350745832e-17
6.036400936453865   6.509809097601425e-17
6.041963784856426   6.503696078485122e-17
6.047531759704807   6.497589284519611e-17
6.053104865723281   6.491488706853336e-17
6.058683107640492   6.485394336660353e-17
6.064266490189425   6.479306165140223e-17
6.0698550181074316   6.473224183517862e-17
6.075448696136222   6.467148383043433e-17
6.081047529021898   6.46107875499217e-17
6.086651521514913   6.455015290664306e-17
6.092260678370105   6.448957981384913e-17
6.09787500434669   6.442906818503785e-17
6.103494504208287   6.436861793395292e-17
6.1091191827228855   6.430822897458297e-17
6.114749044662876   6.424790122115988e-17
6.12038409480504   6.418763458815795e-17
6.1260243379305805   6.412742899029216e-17
6.131669778825089   6.406728434251751e-17
6.137320422278571   6.400720056002747e-17
6.142976273085441   6.394717755825292e-17
6.148637336044553   6.388721525286074e-17
6.154303615959159   6.382731355975294e-17
6.159975117636949   6.37674723950653e-17
6.165651845890035   6.370769167516634e-17
6.1713338055349825   6.364797131665574e-17
6.177021001392777   6.358831123636376e-17
6.182713438288854   6.352871135134978e-17
6.188411121053087   6.346917157890129e-17
6.194114054519823   6.340969183653239e-17
6.1998222435278425   6.335027204198325e-17
6.205535692920392   6.329091211321857e-17
6.211254407545176   6.323161196842677e-17
6.216978392254384   6.317237152601833e-17
6.222707651904659   6.311319070462546e-17
6.228442191357119   6.30540694231006e-17
6.234182015477381   6.299500760051508e-17
6.239927129135528   6.293600515615865e-17
6.245677537206135   6.287706200953799e-17
6.251433244568265   6.281817808037581e-17
6.257194256105496   6.275935328860962e-17
6.262960576705886   6.270058755439092e-17
6.268732211262005   6.26418807980841e-17
6.274509164670926   6.258323294026533e-17
6.280291441834253   6.252464390172143e-17
6.286079047658088   6.246611360344916e-17
6.291871987053061   6.240764196665398e-17
6.29767026493432   6.234922891274916e-17
6.303473886221564   6.229087436335454e-17
6.309282855839005   6.223257824029586e-17
6.315097178715399   6.217434046560364e-17
6.320916859784037   6.211616096151217e-17
6.326741903982779   6.205803965045841e-17
6.332572316254011   6.199997645508138e-17
6.338408101544687   6.19419712982208e-17
6.344249264806305   6.188402410291653e-17
6.350095810994953   6.182613479240713e-17
6.355947745071262   6.17683032901294e-17
6.361805072000444   6.171052951971711e-17
6.3676677967522775   6.165281340500037e-17
6.373535924301143   6.159515487000427e-17
6.379409459625983   6.153755383894836e-17
6.385288407710338   6.14800102362456e-17
6.391172773542331   6.142252398650147e-17
6.397062562114704   6.136509501451285e-17
6.4029577784247795   6.130772324526751e-17
6.408858427474493   6.125040860394292e-17
6.414764514270381   6.119315101590553e-17
6.4206760438236135   6.113595040670967e-17
6.426593021149961   6.107880670209697e-17
6.432515451269823   6.102171982799529e-17
6.438443339208215   6.096468971051801e-17
6.444376689994806   6.090771627596282e-17
6.4503155086638815   6.085079945081134e-17
6.4562598002543705   6.079393916172794e-17
6.462209569809841   6.073713533555917e-17
6.468164822378525   6.068038789933245e-17
6.474125563013293   6.062369678025578e-17
6.480091796771672   6.056706190571664e-17
6.486063528715849   6.051048320328121e-17
6.492040763912691   6.045396060069339e-17
6.498023507433717   6.039749402587433e-17
6.504011764355128   6.034108340692136e-17
6.510005539757793   6.028472867210731e-17
6.516004838727284   6.022842974987949e-17
6.52200966635384   6.017218656885929e-17
6.528020027732399   6.011599905784107e-17
6.534035927962587   6.00598671457915e-17
6.5400573721487465   6.000379076184869e-17
6.546084365399908   5.994776983532159e-17
6.552116912829815   5.989180429568905e-17
6.558155019556916   5.983589407259922e-17
6.5641986907044   5.978003909586848e-17
6.570247931400153   5.972423929548112e-17
6.576302746776794   5.966849460158828e-17
6.582363141971669   5.961280494450734e-17
6.588429122126874   5.955717025472098e-17
6.594500692389226   5.950159046287675e-17
6.600577857910291   5.944606549978612e-17
6.606660623846376   5.939059529642391e-17
6.61274899535856   5.933517978392721e-17
6.6188429776126565   5.92798188935952e-17
6.624942575779249   5.922451255688798e-17
6.631047795033678   5.91692607054262e-17
6.6371586405560725   5.911406327098992e-17
6.643275117531315   5.905892018551844e-17
6.649397231149076   5.900383138110917e-17
6.655524986603799   5.894879679001724e-17
6.661658389094734   5.889381634465447e-17
6.667797443825905   5.883888997758904e-17
6.673942156006129   5.87840176215447e-17
6.680092530849046   5.872919920939981e-17
6.686248573573076   5.867443467418714e-17
6.692410289401461   5.861972394909287e-17
6.698577683562245   5.856506696745605e-17
6.704750761288312   5.851046366276776e-17
6.710929527817347   5.845591396867081e-17
6.717113988391871   5.840141781895871e-17
6.723304148259226   5.834697514757534e-17
6.729500012671613   5.829258588861392e-17
6.735701586886051   5.823824997631679e-17
6.741908876164411   5.818396734507448e-17
6.748121885773407   5.812973792942526e-17
6.7543406209846255   5.807556166405424e-17
6.760565087074491   5.802143848379309e-17
6.7667952893243   5.796736832361919e-17
6.7730312330202045   5.79133511186551e-17
6.779272923453251   5.785938680416776e-17
6.785520365919343   5.780547531556822e-17
6.791773565719267   5.775161658841073e-17
6.798032528158691   5.769781055839233e-17
6.804297258548194   5.764405716135194e-17
6.810567762203224   5.75903563332702e-17
6.816844044444139   5.753670801026861e-17
6.8231261105961885   5.748311212860896e-17
6.829413965989554   5.742956862469267e-17
6.835707615959307   5.737607743506043e-17
6.842007065845442   5.732263849639142e-17
6.848312320992869   5.726925174550285e-17
6.854623386751442   5.721591711934921e-17
6.860940268475925   5.716263455502194e-17
6.867262971526028   5.710940398974867e-17
6.873591501266386   5.705622536089284e-17
6.879925863066604   5.700309860595281e-17
6.886266062301212   5.695002366256169e-17
6.892612104349702   5.689700046848653e-17
6.898963994596515   5.684402896162797e-17
6.905321738431073   5.679110908001932e-17
6.911685341247749   5.673824076182646e-17
6.918054808445888   5.668542394534706e-17
6.924430145429809   5.663265856901007e-17
6.930811357608828   5.65799445713751e-17
6.937198450397229   5.652728189113207e-17
6.94359142921429   5.64746704671006e-17
6.949990299484278   5.642211023822944e-17
6.9563950666364756   5.636960114359587e-17
6.962805736105153   5.631714312240542e-17
6.969222313329592   5.626473611399116e-17
6.975644803754081   5.621238005781324e-17
6.982073212827947   5.616007489345833e-17
6.9885075460055175   5.610782056063916e-17
6.9949478087461525   5.605561699919404e-17
7.0013940065142375   5.600346414908637e-17
7.007846144779214   5.59513619504039e-17
7.0143042290155435   5.589931034335857e-17
7.020768264702738   5.584730926828583e-17
7.027238257325354   5.579535866564423e-17
7.033714212373022   5.574345847601469e-17
7.040196135340411   5.56916086401004e-17
7.04668403172726   5.563980909872605e-17
7.0531779070383696   5.558805979283747e-17
7.059677766783636   5.553636066350099e-17
7.06618361647801   5.548471165190322e-17
7.072695461641532   5.5433112699350404e-17
7.079213307799321   5.5381563747268004e-17
7.085737160481614   5.5330064737200096e-17
7.092267025223717   5.5278615610809124e-17
7.098802907566048   5.522721630987531e-17
7.105344813054122   5.517586677629625e-17
7.111892747238587   5.512456695208629e-17
7.118446715675183   5.507331677937633e-17
7.125006723924779   5.5022116200413146e-17
7.131572777553361   5.497096515755916e-17
7.138144882132064   5.491986359329162e-17
7.144723043237138   5.486881145020265e-17
7.151307266449971   5.481780867099845e-17
7.157897557357115   5.476685519849883e-17
7.164493921550251   5.4715950975637074e-17
7.1710963646262185   5.4665095945459266e-17
7.177704892187007   5.461429005112394e-17
7.184319509839792   5.456353323590149e-17
7.190940223196892   5.451282544317401e-17
7.197567037875809   5.446216661643468e-17
7.204199959499211   5.441155669928745e-17
7.21083899369497   5.436099563544641e-17
7.2174841460961225   5.431048336873562e-17
7.224135422340905   5.4260019843088585e-17
7.23079282807274   5.4209605002547917e-17
7.237456368940276   5.415923879126458e-17
7.244126050597342   5.410892115349804e-17
7.250801878702986   5.40586520336154e-17
7.257483858921463   5.4008431376091275e-17
7.264171996922271   5.3958259125507065e-17
7.270866298380111   5.390813522655092e-17
7.277566768974918   5.385805962401714e-17
7.284273414391857   5.3808032262805854e-17
7.290986240321353   5.3758053087922394e-17
7.297705252459054   5.370812204447726e-17
7.304430456505862   5.365823907768554e-17
7.311161858167929   5.360840413286653e-17
7.317899463156683   5.35586171554432e-17
7.324643277188796   5.350887809094216e-17
7.331393305986216   5.345918688499298e-17
7.338149555276155   5.340954348332798e-17
7.344912030791127   5.335994783178158e-17
7.351680738268904   5.3310399876290333e-17
7.358455683452554   5.326089956289224e-17
7.365236872090433   5.321144683772654e-17
7.372024309936213   5.3162041647033065e-17
7.378818002748848   5.31126839371523e-17
7.385617956292605   5.3063373654524685e-17
7.392424176337056   5.301411074569045e-17
7.399236668657116   5.2964895157288944e-17
7.4060554390329925   5.291572683605867e-17
7.412880493250233   5.28666057288367e-17
7.419711837099707   5.2817531782558384e-17
7.426549476377644   5.27685049442568e-17
7.433393416885591   5.271952516106275e-17
7.440243664430449   5.2670592380204186e-17
7.4471002248244655   5.262170654900588e-17
7.453963103885264   5.2572867614888986e-17
7.460832307435807   5.252407552537096e-17
7.467707841304433   5.247533022806498e-17
7.474589711324841   5.2426631670679736e-17
7.48147792333613   5.237797980101887e-17
7.488372483182759   5.232937456698094e-17
7.495273396714576   5.2280815916558926e-17
7.502180669786818   5.22323037978399e-17
7.509094308260137   5.21838381590046e-17
7.516014318000563   5.213541894832732e-17
7.5229407048795425   5.2087046114175354e-17
7.529873474773922   5.203871960500892e-17
7.536812633565988   5.199043936938043e-17
7.543758187143425   5.1942205355934635e-17
7.5507101413993505   5.189401751340797e-17
7.557668502232306   5.184587579062843e-17
7.56463327554629   5.179778013651501e-17
7.571604467250722   5.1749730500077634e-17
7.578582083260471   5.1701726830416754e-17
7.585566129495853   5.1653769076723037e-17
7.592556611882659   5.160585718827687e-17
7.599553536352122   5.1557991114448383e-17
7.606556908840946   5.1510170804696904e-17
7.613566735291298   5.146239620857076e-17
7.620583021650846   5.141466727570677e-17
7.627605773872714   5.1366983955830245e-17
7.634634997915523   5.131934619875446e-17
7.641670699743372   5.127175395438048e-17
7.648712885325884   5.122420717269664e-17
7.65576156063816   5.1176705803778557e-17
7.662816731660805   5.112924979778867e-17
7.6698784043799595   5.108183910497579e-17
7.676946584787258   5.103447367567513e-17
7.684021278879863   5.098715346030778e-17
7.691102492660457   5.0939878409380516e-17
7.698190232137279   5.089264847348536e-17
7.705284503324078   5.084546360329951e-17
7.712385312240156   5.0798323749584924e-17
7.7194926649103515   5.075122886318807e-17
7.7266065673650814   5.070417889503949e-17
7.733727025640295   5.065717379615381e-17
7.740854045777513   5.061021351762923e-17
7.747987633823812   5.0563298010647376e-17
7.755127795831871   5.051642722647278e-17
7.762274537859918   5.046960111645295e-17
7.769427865971775   5.0422819632017865e-17
7.776587786236841   5.037608272467979e-17
7.783754304730135   5.0329390346032845e-17
7.790927427532252   5.0282742447752953e-17
7.798107160729393   5.0236138981597485e-17
7.805293510413365   5.018957989940498e-17
7.81248648268161   5.014306515309471e-17
7.8196860836371656   5.009659469466679e-17
7.826892319388703   5.005016847620156e-17
7.834105196050513   5.0003786449859576e-17
7.841324719742547   4.9957448567881044e-17
7.848550896590369   4.99111547825859e-17
7.8557837327252   4.9864905046373345e-17
7.863023234283902   4.9818699311721666e-17
7.870269407409014   4.977253753118782e-17
7.877522258248714   4.972641965740741e-17
7.884781792956854   4.96803456430943e-17
7.8920480176929475   4.9634315441040445e-17
7.8993209386222105   4.958832900411539e-17
7.906600561915513   4.9542386285266374e-17
7.913886893749425   4.949648723751785e-17
7.921179940306195   4.945063181397135e-17
7.928479707773797   4.940481996780503e-17
7.935786202345882   4.935905165227368e-17
7.943099430221815   4.931332682070841e-17
7.950419397606668   4.926764542651636e-17
7.9577461107112555   4.922200742318032e-17
7.965079575752092   4.9176412764258805e-17
7.972419798951425   4.913086140338554e-17
7.979766786537234   4.908535329426943e-17
7.987120544743258   4.903988839069404e-17
7.994481079808956   4.899446664651766e-17
8.001848397979549   4.894908801567294e-17
8.009222505506   4.8903752452166685e-17
8.01660340864506   4.8858459910079385e-17
8.023991113659225   4.881321034356544e-17
8.031385626816762   4.876800370685256e-17
8.038786954391714   4.8722839954241685e-17
8.046195102663924   4.867771904010665e-17
8.053610077919004   4.863264091889411e-17
8.061031886448362   4.858760554512321e-17
8.068460534549198   4.8542612873385394e-17
8.075896028524538   4.849766285834409e-17
8.083338374683194   4.845275545473462e-17
8.090787579339798   4.8407890617363985e-17
8.098243648814796   4.83630683011105e-17
8.105706589434478   4.8318288460923624e-17
8.113176407530947   4.82735510518238e-17
8.120653109442141   4.822885602890224e-17
8.128136701511838   4.8184203347320696e-17
8.135627190089684   4.8139592962311056e-17
8.143124581531149   4.809502482917546e-17
8.150628882197571   4.805049890328585e-17
8.158140098456142   4.800601514008389e-17
8.165658236679947   4.7961573495080536e-17
8.173183303247916   4.7917173923856144e-17
8.18071530454487   4.787281638205996e-17
8.188254246961504   4.782850082541019e-17
8.195800136894427   4.7784227209693455e-17
8.203352980746116   4.773999549076492e-17
8.210912784924952   4.7695805624547934e-17
8.218479555845246   4.765165756703369e-17
8.22605329992719   4.760755127428134e-17
8.233634023596906   4.756348670241749e-17
8.24122173328643   4.7519463807636246e-17
8.24881643543375   4.74754825461987e-17
8.256418136482756   4.7431542874433045e-17
8.264026842883293   4.738764474873427e-17
8.271642561091138   4.734378812556389e-17
8.27926529756804   4.729997296144974e-17
8.286895058781683   4.725619921298591e-17
8.294531851205715   4.721246683683245e-17
8.302175681319744   4.716877578971526e-17
8.309826555609373   4.712512602842567e-17
8.317484480566158   4.7081517509820576e-17
8.325149462687643   4.7037950190822003e-17
8.332821508477355   4.699442402841708e-17
8.34050062444484   4.6950938979657563e-17
8.348186817105612   4.6907495001660036e-17
8.355880092981202   4.6864092051605485e-17
8.363580458599143   4.6498783245762e-17
8.371287920493007   4.621006249036809e-17
8.379002485202363   4.600227990231122e-17
8.386724159272815   4.582742056016848e-17
8.394452949255987   4.567188340620561e-17
8.40218886170957   4.5529487620499265e-17
8.409931903197274   4.539679938032461e-17
8.417682080288861   4.5271675032239107e-17
8.425439399560144   4.515266898799169e-17
8.43320386759302   4.503875114498637e-17
8.440975490975424   4.492915638487993e-17
8.448754276301372   4.48232977063303e-17
8.456540230170948   4.4720712895089346e-17
8.464333359190345   4.462103013984047e-17
8.472133669971818   4.452394496100007e-17
8.479941169133722   4.442920420855119e-17
8.487755863300505   4.433659464772158e-17
8.495577759102746   4.424593461951769e-17
8.503406863177105   4.4157067819852255e-17
8.51124318216637   4.4069858573894113e-17
8.51908672271944   4.3984188188181084e-17
8.526937491491369   4.389995209421977e-17
8.534795495143316   4.381705758308768e-17
8.54266074034259   4.373542198796718e-17
8.550533233762634   4.3654971210780045e-17
8.558412982083066   4.357563851640399e-17
8.566299991989636   4.349736353729906e-17
8.57419427017426   4.342009144527664e-17
8.582095823335017   4.334377225729101e-17
8.59000465817618   4.326836024962492e-17
8.59792078140818   4.319381346044415e-17
8.605844199747635   4.31200932649284e-17
8.613774919917345   4.304716401042119e-17
8.621712948646337   4.297499270153183e-17
8.629658292669804   4.290354872706308e-17
8.637610958729164   4.28328036221541e-17
8.645570953572031   4.276273086023311e-17
8.653538283952269   4.269330567032659e-17
8.661512956629936   4.262450487604052e-17
8.66949497837133   4.255630675314386e-17
8.677484355948977   4.2488690903188165e-17
8.685481096141666   4.242163814100442e-17
8.693485205734415   4.2355130394255394e-17
8.701496691518495   4.2289150613496144e-17
8.709515560291429   4.222368269142712e-17
8.717541818857034   4.215871139021304e-17
8.72557547402537   4.209422227590278e-17
8.733616532612777   4.2030201659116445e-17
8.741665001441872   4.19666365412818e-17
8.749720887341585   4.190351456579586e-17
8.757784197147112   4.184082397357021e-17
8.765854937699956   4.177855356248621e-17
8.77393311584792   4.171669265034709e-17
8.782018738445139   4.1655231040963586e-17
8.790111812352041   4.1594158993054835e-17
8.798212344435386   4.153346719168206e-17
8.806320341568249   4.147314672196733e-17
8.814435810630068   4.141318904487643e-17
8.822558758506595   4.1353585974871316e-17
8.830689192089928   4.129432965925705e-17
8.83882711827854   4.1235412559068474e-17
8.846972543977236   4.1176827431358744e-17
8.855125476097193   4.1118567312764495e-17
8.863285921555951   4.106062550423728e-17
8.871453887277449   4.100299555684062e-17
8.879629380191977   4.094567125852395e-17
8.887812407236225   4.088864662179045e-17
8.896002975353266   4.0831915872187373e-17
8.904201091492599   4.077547343755121e-17
8.912406762610095   4.0719313937949087e-17
8.92061999566805   4.066343217626031e-17
8.928840797635166   4.0607823129350105e-17
8.937069175486592   4.055248193978933e-17
8.945305136203878   4.049740390808037e-17
8.95354868677502   4.04425844853506e-17
8.961799834194442   4.0388019266480116e-17
8.970058585463043   4.0333703983631824e-17
8.978324947588142   4.027963450015622e-17
8.98659892758353   4.022580680484334e-17
8.99488053246945   4.017221700649892e-17
9.003169769272642   4.0118861328821725e-17
9.011466645026292   4.006573610556279e-17
9.019771166770083   4.001283777594651e-17
9.028083341550166   3.9960162880337343e-17
9.036403176419226   3.9907708056135356e-17
9.044730678436407   3.985547003388693e-17
9.053065854667377   3.9803445633595733e-17
9.0614087121843   3.975163176122234e-17
9.069759258065888   3.9700025405360014e-17
9.078117499397349   3.9648623634076954e-17
9.08648344327043   3.959742359191353e-17
9.0948570967834   3.9546422497026296e-17
9.103238467041102   3.94956176384693e-17
9.111627561154895   3.944500637360557e-17
9.120024386242706   3.939458612564007e-17
9.128428949429006   3.9344354381268154e-17
9.136841257844864   3.929430868843205e-17
9.14526131862789   3.924444665418054e-17
9.15368913892228   3.919476594262458e-17
9.16212472587881   3.9145264272984755e-17
9.170568086654868   3.9095939417724905e-17
9.179019228414413   3.9046789200767915e-17
9.187478158328014   3.899781149578837e-17
9.195944883572839   3.894900422457894e-17
9.2044194113327   3.890036535548572e-17
9.212901748797995   3.885189290191014e-17
9.221391903165765   3.8803584920872634e-17
9.229889881639672   3.8755439511636097e-17
9.238395691430041   3.870745481438518e-17
9.24690933975382   3.8659629008959605e-17
9.25543083383461   3.8611960313638035e-17
9.263960180902666   3.8564446983970237e-17
9.27249738819493   3.851708731165519e-17
9.281042462954986   3.8469879623463504e-17
9.289595412433101   3.8422822280200876e-17
9.29815624388622   3.83759136757117e-17
9.306724964577999   3.8329152235920206e-17
9.315301581778758   3.828253641790822e-17
9.323886102765533   3.823606470902682e-17
9.332478534822048   3.818973562604126e-17
9.341078885238776   3.814354771430687e-17
9.349687161312875   3.809749954697551e-17
9.358303370348239   3.8051589724230116e-17
9.366927519655482   3.8005816872546965e-17
9.375559616551985   3.796017964398379e-17
9.384199668361846   3.7914676715493427e-17
9.392847682415916   3.786930678826097e-17
9.401503666051797   3.782406858706408e-17
9.410167626613882   3.777896085965506e-17
9.418839571453299   3.773398237616442e-17
9.427519507927965   3.7689131928524106e-17
9.436207443402566   3.764440832991034e-17
9.444903385248601   3.7599810414204743e-17
9.453607340844341   3.755533703547372e-17
9.462319317574847   3.751098706746443e-17
9.471039322832022   3.74667594031172e-17
9.479767364014547   3.7422652954093984e-17
9.488503448527934   3.737866665032157e-17
9.49724758378451   3.733479943954947e-17
9.505999777203462   3.7291050286921617e-17
9.51476003621078   3.724741817456174e-17
9.523528368239313   3.7203902101171314e-17
9.53230478072875   3.7160501081640146e-17
9.541089281125663   3.711721414666856e-17
9.549881876883456   3.707404034240161e-17
9.558682575462413   3.703097873007383e-17
9.567491384329683   3.6988028385664913e-17
9.576308310959327   3.694518839956532e-17
9.585133362832265   3.69024578762523e-17
9.593966547436315   3.6859835933975e-17
9.602807872266192   3.6817321704448884e-17
9.611657344823547   3.677491433255879e-17
9.620514972616908   3.6732612976071066e-17
9.629380763161741   3.6690416805353304e-17
9.638254723980422   3.6648325003102505e-17
9.647136862602292   3.660633676408039e-17
9.656027186563598   3.6564451294856784e-17
9.664925703407546   3.652266781355955e-17
9.673832420684281   3.6480985549631765e-17
9.682747345950935   3.6439403743595266e-17
9.691670486771574   3.6397921646821067e-17
9.700601850717248   3.635653852130563e-17
9.709541445365973   3.6315253639453293e-17
9.718489278302776   3.6274066283864434e-17
9.727445357119647   3.623297574712946e-17
9.736409689415579   3.6191981331628045e-17
9.74538228279656   3.615108234933377e-17
9.75436314487562   3.611027812162352e-17
9.76335228327277   3.6069567979092506e-17
9.772349705615055   3.602895126137335e-17
9.781355419536538   3.598842731696017e-17
9.790369432678352   3.5947995503036965e-17
9.799391752688635   3.59076551853106e-17
9.808422387222585   3.586740573784773e-17
9.817461343942446   3.5827246542915946e-17
9.826508630517555   3.5787176990828596e-17
9.835564254624282   3.574719647979398e-17
9.844628223946085   3.570730441576773e-17
9.85370054617349   3.566750021230908e-17
9.862781229004142   3.5627783290440326e-17
9.871870280142751   3.558815307851014e-17
9.880967707301133   3.55486090120598e-17
9.890073518198204   3.5509150533692723e-17
9.899187720560024   3.546977709294692e-17
9.908310322119739   3.543048814617091e-17
9.917441330617637   3.5391283156402054e-17
9.926580753801124   3.535216159324805e-17
9.935728599424781   3.531312293277084e-17
9.944884875250299   3.527416665737367e-17
9.954049589046535   3.523529225569033e-17
9.963222748589496   3.519649922247713e-17
9.972404361662386   3.515778705850708e-17
9.981594436055548   3.511915527046693e-17
9.990792979566516   3.5080603370856067e-17
10.0   3.504213087788785e-17
