0.001   1.520918558352748e-12
0.0010009215505167933   1.5195182455283048e-12
0.0010018439502889405   1.5181192219747416e-12
0.0010027672000990757   1.5167214865050216e-12
0.0010036913007305502   1.5153250379332045e-12
0.0010046162529674394   1.5139298750744407e-12
0.0010055420575945395   1.5125359967449733e-12
0.0010064687153973732   1.5111434017621305e-12
0.0010073962271621838   1.509752088944334e-12
0.0010083245936759408   1.508362057111092e-12
0.0010092538157263373   1.5069733050830005e-12
0.0010101838941017954   1.5055858316817379e-12
0.0010111148295914613   1.5041996357300704e-12
0.0010120466229852085   1.5028147160518486e-12
0.0010129792750736386   1.501431071472005e-12
0.0010139127866480835   1.5000487008165526e-12
0.0010148471585006023   1.498667602912587e-12
0.0010157823914239848   1.497287776588284e-12
0.0010167184862117501   1.4959092206728987e-12
0.0010176554436581518   1.4945319339967596e-12
0.0010185932645581726   1.4931559153912775e-12
0.0010195319497075283   1.491781163688938e-12
0.0010204714999026674   1.4904076777233007e-12
0.0010214119159407755   1.4890354563289975e-12
0.0010223531986197697   1.4432223437925414e-12
0.001023295348738303   1.4037959703996482e-12
0.001024238367095764   1.378600167376377e-12
0.0010251822544922805   1.3587840232216123e-12
0.0010261270117287152   1.3420422563475812e-12
0.0010270726396066695   1.327355921131362e-12
0.001028019138928482   1.3141677971301544e-12
0.001028966510497235   1.3021337860517784e-12
0.0010299147551167467   1.2910237650035262e-12
0.0010308638735915777   1.280674865394603e-12
0.0010318138667270284   1.2709668201597256e-12
0.0010327647353291453   1.2618078375468012e-12
0.0010337164802047137   1.2531259798029477e-12
0.001034669102161264   1.244863632157467e-12
0.0010356226020070698   1.2369738074370418e-12
0.0010365769805511522   1.2294175925648871e-12
0.0010375322386032752   1.2221623332605235e-12
0.0010384883769739498   1.215180311787476e-12
0.0010394453964744329   1.2084477633616783e-12
0.0010404032979167324   1.2019441309020312e-12
0.001041362082113601   1.1956514911362588e-12
0.0010423217498785418   1.1895541062467012e-12
0.001043282302025806   1.1836380690484271e-12
0.0010442437393703991   1.177891018909836e-12
0.0010452060627280742   1.1723019119106482e-12
0.0010461692729153368   1.166860833097866e-12
0.0010471333707494442   1.1615588417860257e-12
0.0010480983570484096   1.156387843062372e-12
0.001049064232630998   1.1513404802699518e-12
0.0010500309983167283   1.146410044430438e-12
0.001050998654925875   1.1415903974561411e-12
0.001051967203279471   1.1368759066703662e-12
0.0010529366441993028   1.1322613886660545e-12
0.0010539069785079154   1.1277420609256257e-12
0.0010548782070286104   1.1233134999304037e-12
0.0010558503305854515   1.1189716047269637e-12
0.001056823350003259   1.1147125651065492e-12
0.0010577972661076137   1.1105328337035378e-12
0.0010587720797248566   1.1064291014391307e-12
0.0010597477916820934   1.1023982758330675e-12
0.0010607244028071885   1.0984374617846272e-12
0.0010617019139287707   1.0945439444879596e-12
0.001062680325876231   1.0907151741992834e-12
0.0010636596394797285   1.086948752616524e-12
0.001064639855570183   1.0832424206678034e-12
0.0010656209749792826   1.0795940475347279e-12
0.0010666029985394794   1.0760016207614282e-12
0.0010675859270839968   1.072463237320961e-12
0.0010685697614468224   1.0689770955283784e-12
0.0010695545024627133   1.0655414877044218e-12
0.0010705401509671954   1.0621547935065543e-12
0.0010715267077965672   1.0588154738546325e-12
0.0010725141737878948   1.0555220653878e-12
0.0010735025497790173   1.052273175396887e-12
0.0010744918366085438   1.0490674771835264e-12
0.0010754820351158607   1.0459037058028414e-12
0.0010764731461411236   1.0427806541518042e-12
0.001077465170525263   1.0396971693695083e-12
0.0010784581091099873   1.0366521495195792e-12
0.0010794519627377775   1.0336445405281954e-12
0.001080446732251892   1.0306733333540488e-12
0.0010814424184963653   1.027737561369193e-12
0.001082439022316013   1.0248362979318715e-12
0.0010834365445564255   1.021968654134483e-12
0.0010844349860639742   1.019133776711437e-12
0.001085434347685809   1.0163308460933139e-12
0.0010864346302698641   1.0135590745949936e-12
0.0010874358346648514   1.0108177047267158e-12
0.0010884379617202664   1.008106007617988e-12
0.001089441012286386   1.005423281545321e-12
0.0010904449872142744   1.002768850555525e-12
0.0010914498873557763   1.000142063177165e-12
0.001092455713563523   9.975422912133108e-13
0.0010934624666909302   9.949689286094702e-13
0.0010944701475922032   9.924213903910262e-13
0.0010954787571223316   9.898991116650938e-13
0.0010964882961370939   9.87401546682034e-13
0.0010974987654930556   9.849281679523841e-13
0.0010985101660475757   9.824784654152193e-13
0.0010995224986587997   9.80051945654395e-13
0.0011005357641856645   9.776481311592871e-13
0.0011015499634878982   9.752665596270325e-13
0.001102565097426024   9.729067833034297e-13
0.0011035811668613552   9.705683683599634e-13
0.0011045981726559998   9.682508943045157e-13
0.0011056161156728587   9.659539534236048e-13
0.0011066349967756319   9.636771502540938e-13
0.001107654816828812   9.614201010825282e-13
0.0011086755766976893   9.591824334703153e-13
0.00110969727724835   9.569637858031718e-13
0.0011107199193476824   9.547638068633167e-13
0.0011117435038633698   9.52582155423069e-13
0.0011127680316638966   9.504184998584966e-13
0.0011137935036185465   9.482725177819808e-13
0.001114819920597407   9.461438956925332e-13
0.0011158472834713652   9.440323286428789e-13
0.0011168755931121107   9.419375199222869e-13
0.0011179048503921357   9.398591807542827e-13
0.0011189350561847404   9.377970300083775e-13
0.0011199662113640255   9.357507939250668e-13
0.0011209983168048992   9.33720205853309e-13
0.001122031373383074   9.317050059998474e-13
0.0011230653819750734   9.29704941189692e-13
0.0011241003434582252   9.277197646372096e-13
0.0011251362587106667   9.257492357271974e-13
0.0011261731286113432   9.237931198054637e-13
0.0011272109540400137   9.218511879783792e-13
0.0011282497358772443   9.199232169209767e-13
0.001129289475004414   9.180089886931144e-13
0.0011303301723037122   9.161082905633277e-13
0.001131371828658146   9.142209148399542e-13
0.0011324144449515311   9.123466587092065e-13
0.0011334580220685004   9.104853240798018e-13
0.0011345025608945   9.086367174338657e-13
0.0011355480623157956   9.068006496837752e-13
0.0011365945272194663   9.049769360346893e-13
0.0011376419564934099   9.03165395852454e-13
0.001138690351026341   9.013658525366618e-13
0.001139739711707797   8.995781333985954e-13
0.001140790039428131   8.978020695438641e-13
0.0011418413350785187   8.960374957594689e-13
0.001142893599550955   8.942842504051388e-13
0.001143946833738261   8.925421753087018e-13
0.0011450010385340766   8.908111156653587e-13
0.0011460562148328665   8.890909199406322e-13
0.0011471123635299187   8.873814397768651e-13
0.0011481694855213498   8.856825299030896e-13
0.0011492275817040981   8.839940480481488e-13
0.0011502866529759306   8.823158548568881e-13
0.0011513467002354399   8.806478138093227e-13
0.0011524077243820503   8.789897911426267e-13
0.001153469726316011   8.77341655775851e-13
0.0011545327069384017   8.757032792372286e-13
0.0011555966671511356   8.740745355939668e-13
0.0011566616078569534   8.724553013844482e-13
0.0011577275299594289   8.708454555526996e-13
0.0011587944343629678   8.692448793850701e-13
0.0011598623219728121   8.676534564490062e-13
0.0011609311936950353   8.660710725338648e-13
0.0011620010504365464   8.64497615593654e-13
0.0011630718931050893   8.629329756916463e-13
0.0011641437226092481   8.613770449467755e-13
0.0011652165398584402   8.598297174817698e-13
0.001166290345762923   8.582908893729242e-13
0.0011673651412337906   8.56760458601475e-13
0.001168440927182981   8.552383250064896e-13
0.001169517704523269   8.537243902392506e-13
0.0011705954741682712   8.522185577190369e-13
0.0011716742370324457   8.507207325902757e-13
0.0011727539940310965   8.492308216810012e-13
0.001173834746080367   8.477487334625913e-13
0.0011749164940972475   8.462743780107034e-13
0.0011759992389995706   8.448076669673977e-13
0.001177082981706019   8.433485135043752e-13
0.0011781677231361188   8.418968322873253e-13
0.0011792534642102441   8.404525394413077e-13
0.0011803402058496162   8.390155525171547e-13
0.0011814279489763089   8.375857904588425e-13
0.001182516694513242   8.361631735718217e-13
0.0011836064433841875   8.347476234922416e-13
0.0011846971965137668   8.333390631570614e-13
0.0011857889548274577   8.319374167750011e-13
0.0011868817192515865   8.305426097983272e-13
0.0011879754907133354   8.29154568895412e-13
0.001189070270140739   8.277732219240698e-13
0.0011901660584626905   8.263984979056196e-13
0.0011912628566089368   8.25030326999676e-13
0.0011923606655100815   8.236686404796196e-13
0.001193459486097585   8.223133707087394e-13
0.00119455931930377   8.20964451117013e-13
0.0011956601660618148   8.19621816178525e-13
0.0011967620273057582   8.182854013894772e-13
0.001197864903970499   8.169551432467892e-13
0.0011989687969918017   8.156309792272555e-13
0.0012000737073062885   8.143128477672689e-13
0.0012011796358514467   8.13000688243054e-13
0.0012022865835656258   8.11694440951428e-13
0.0012033945513880446   8.103940470910447e-13
0.0012045035402587824   8.090994487441414e-13
0.0012056135511187872   8.078105888587306e-13
0.0012067245849098724   8.065274112312598e-13
0.0012078366425747234   8.052498604896956e-13
0.00120894972505689   8.039778820770517e-13
0.0012100638333007933   8.02711422235311e-13
0.0012111789682517232   8.014504279897588e-13
0.0012122951308558448   8.00194847133693e-13
0.001213412322060191   7.989446282135264e-13
0.0012145305428126689   7.976997205142401e-13
0.001215649794062058   7.96460074045195e-13
0.0012167700767580156   7.952256395262859e-13
0.0012178913918510705   7.939963683744376e-13
0.001219013740292629   7.927722126904127e-13
0.0012201371230349724   7.915531252459422e-13
0.001221261541031264   7.903390594711544e-13
0.0012223869952355413   7.891299694423115e-13
0.001223513486602722   7.879258098698257e-13
0.001224641016088603   7.867265360865566e-13
0.0012257695846498657   7.855321040363789e-13
0.0012268991932440692   7.843424702630251e-13
0.0012280298428296555   7.831575918991738e-13
0.0012291615343659526   7.819774266557875e-13
0.0012302942688131701   7.808019328117061e-13
0.0012314280471324027   7.796310692034637e-13
0.0012325628702856313   7.784647952153402e-13
0.001233698739235722   7.773030707696393e-13
0.0012348356549464318   7.761458563171739e-13
0.0012359736183824026   7.749931128279797e-13
0.0012371126305091645   7.738448017822214e-13
0.0012382526922931417   7.727008851612984e-13
0.0012393938047016453   7.715613254391583e-13
0.0012405359687028784   7.704260855737886e-13
0.001241679185265936   7.692951289988991e-13
0.0012428234553608093   7.681684196157764e-13
0.0012439687799583798   7.67045921785329e-13
0.0012451151600304253   7.659276003202877e-13
0.0012462625965496171   7.648134204775821e-13
0.0012474110904895277   7.637033479508699e-13
0.001248560642824622   7.62597348863238e-13
0.0012497112545302646   7.614953897600437e-13
0.0012508629265827183   7.603974376019153e-13
0.001252015659959148   7.593034597578882e-13
0.0012531694556376168   7.582134239986996e-13
0.001254324314597089   7.571272984902078e-13
0.0012554802378174311   7.560450517869519e-13
0.0012566372262794157   7.549666528258428e-13
0.0012577952809647152   7.538920709199879e-13
0.0012589544028559084   7.528212757526341e-13
0.001260114592936478   7.517542373712387e-13
0.0012612758521908175   7.506909261816517e-13
0.0012624381816042228   7.496313129424304e-13
0.0012636015821628997   7.485753687592509e-13
0.0012647660548539615   7.475230650794419e-13
0.0012659316006654348   7.464743736866168e-13
0.0012670982205862532   7.454292666954258e-13
0.0012682659156062622   7.443877165463979e-13
0.001269434686716219   7.433496960008917e-13
0.0012706045349077978   7.423151781361366e-13
0.0012717754611735821   7.412841363403818e-13
0.0012729474665070717   7.402565443081303e-13
0.0012741205519026806   7.392323760354673e-13
0.0012752947183557435   7.382116058154734e-13
0.001276469966862508   7.37194208233738e-13
0.0012776462984201411   7.361801581639438e-13
0.001278823714026728   7.351694307635439e-13
0.001280002214681277   7.341620014695133e-13
0.001281181801383713   7.3315784599419e-13
0.0012823624751348843   7.321569403211843e-13
0.00128354423693656   7.311592607013714e-13
0.0012847270877914358   7.301647836489491e-13
0.0012859110287031285   7.29173485937583e-13
0.00128709606067618   7.281853445966086e-13
0.0012882821847160575   7.272003369073115e-13
0.0012894694018291582   7.262184403992685e-13
0.0012906577130228029   7.252396328467654e-13
0.0012918471193052424   7.242638922652712e-13
0.0012930376216856547   7.232911969079791e-13
0.0012942292211741524   7.223215252624069e-13
0.0012954219187817743   7.213548560470659e-13
0.001296615715520493   7.203911682081807e-13
0.0012978106124032118   7.194304409164728e-13
0.0012990066104437718   7.184726535639956e-13
0.0013002037106569443   7.175177857610347e-13
0.0013014019140584368   7.165658173330534e-13
0.0013026012216648918   7.156167283176978e-13
0.0013038016344938926   7.146704989618461e-13
0.0013050031535639564   7.137271097187232e-13
0.0013062057798945402   7.127865412450518e-13
0.001307409514506039   7.118487743982606e-13
0.0013086143584197926   7.109137902337326e-13
0.0013098203126580775   7.099815700021142e-13
0.001311027378244114   7.090520951466567e-13
0.0013122355562020635   7.081253473006101e-13
0.001313444847557036   7.072013082846552e-13
0.0013146552533350817   7.062799601043909e-13
0.0013158667745631978   7.053612849478505e-13
0.0013170794122693262   7.044452651830687e-13
0.0013182931674823608   7.035318833556804e-13
0.0013195080412321393   7.02621122186573e-13
0.0013207240345494498   7.017129645695643e-13
0.0013219411484660286   7.008073935691272e-13
0.001323159384014568   6.999043924181442e-13
0.0013243787422287064   6.990039445157109e-13
0.001325599224143036   6.981060334249637e-13
0.0013268208307931058   6.972106428709459e-13
0.0013280435632154154   6.96317756738515e-13
0.0013292674224474204   6.954273590702761e-13
0.001330492409527532   6.945394340645521e-13
0.0013317185254951218   6.93653966073384e-13
0.001332945771390515   6.927709396005696e-13
0.0013341741482549973   6.918903392997257e-13
0.0013354036571308126   6.910121499723886e-13
0.0013366342990611692   6.901363565661342e-13
0.0013378660750902327   6.892629441727427e-13
0.0013390989862631323   6.883918980263796e-13
0.001340333033625959   6.87523203501812e-13
0.001341568218225772   6.866568461126457e-13
0.0013428045411105916   6.857928115096029e-13
0.0013440420033294044   6.849310854788143e-13
0.0013452806059321633   6.840716539401421e-13
0.001346520349969792   6.83214502945528e-13
0.0013477612364941793   6.823596186773718e-13
0.0013490032665581845   6.81506987446927e-13
0.0013502464412156357   6.806565956927276e-13
0.0013514907615213363   6.798084299790316e-13
0.0013527362285310576   6.789624769942985e-13
0.0013539828433015455   6.781187235496812e-13
0.001355230606890518   6.77277156577544e-13
0.0013564795203566719   6.764377631300003e-13
0.001357729584759676   6.756005303774798e-13
0.001358980801160177   6.747654456073075e-13
0.001360233170619797   6.739324962223114e-13
0.0013614866942011409   6.731016697394438e-13
0.0013627413729677892   6.722729537884321e-13
0.0013639972079843032   6.714463361104425e-13
0.0013652542003162245   6.706218045567652e-13
0.00136651235103008   6.697993470875186e-13
0.0013677716611933764   6.689789517703757e-13
0.0013690321318746042   6.681606067793054e-13
0.0013702937641432386   6.673443003933337e-13
0.0013715565590697433   6.665300209953204e-13
0.0013728205177255654   6.657177570707591e-13
0.0013740856411831397   6.6490749720659e-13
0.0013753519305158889   6.640992300900314e-13
0.0013766193867982286   6.632929445074236e-13
0.0013778880111055601   6.624886293430993e-13
0.0013791578045142777   6.616862735782614e-13
0.001380428768101766   6.608858662898792e-13
0.0013817009029464065   6.600873966495992e-13
0.0013829742101275704   6.592908539226757e-13
0.0013842486907256254   6.584962274669128e-13
0.0013855243458219327   6.577035067316206e-13
0.0013868011764988544   6.56912681256586e-13
0.0013880791838397466   6.561237406710639e-13
0.001389358368928964   6.553366746927736e-13
0.0013906387328518602   6.545514731269165e-13
0.0013919202766947926   6.537681258651994e-13
0.0013932030015451158   6.529866228848825e-13
0.0013944869084911878   6.522069542478301e-13
0.0013957719986223678   6.514291100995806e-13
0.001397058273029024   6.50653080668423e-13
0.001398345732802524   6.49878856264496e-13
0.001399634379035244   6.491064272788893e-13
0.0014009242128205641   6.48335784182764e-13
0.0014022152352528771   6.475669175264781e-13
0.0014035074474275798   6.46799817938733e-13
0.00140480085044108   6.460344761257233e-13
0.0014060954453907943   6.452708828703029e-13
0.001407391233375155   6.44509029031157e-13
0.001408688215493602   6.437489055419934e-13
0.0014099863928465895   6.429905034107386e-13
0.0014112857665355887   6.422338137187411e-13
0.0014125863376630826   6.414788276199981e-13
0.001413888107332571   6.407255363403777e-13
0.0014151910766485713   6.399739311768614e-13
0.0014164952467166166   6.392240034967924e-13
0.0014178006186432637   6.384757447371318e-13
0.0014191071935360843   6.377291464037326e-13
0.001420414972503671   6.369842000706145e-13
0.0014217239566556427   6.362408973792488e-13
0.0014230341471026362   6.354992300378608e-13
0.001424345544956313   6.34759189820733e-13
0.0014256581513293599   6.340207685675181e-13
0.0014269719673354864   6.332839581825667e-13
0.001428286994089434   6.325487506342533e-13
0.0014296032327069663   6.318151379543248e-13
0.0014309206843048754   6.310831122372448e-13
0.0014322393500009866   6.303526656395509e-13
0.0014335592309141518   6.296237903792234e-13
0.0014348803281642546   6.288964787350565e-13
0.0014362026428722094   6.281707230460426e-13
0.001437526176159968   6.274465157107564e-13
0.0014388509291505124   6.267238491867581e-13
0.0014401769029678594   6.260027159899955e-13
0.0014415040987370618   6.252831086942154e-13
0.0014428325175842125   6.245650199303829e-13
0.0014441621606364385   6.238484423861093e-13
0.0014454930290219064   6.231333688050864e-13
0.0014468251238698212   6.224197919865255e-13
0.0014481584463104328   6.217077047846045e-13
0.0014494929974750287   6.209971001079248e-13
0.0014508287784959402   6.202879709189712e-13
0.0014521657905065403   6.195803102335806e-13
0.001453504034641251   6.188741111204128e-13
0.0014548435120355359   6.181693667004355e-13
0.0014561842238259056   6.174660701464094e-13
0.0014575261711499172   6.167642146823825e-13
0.00145886935514618   6.16063793583185e-13
0.0014602137769543489   6.153648001739419e-13
0.0014615594377151298   6.146672278295784e-13
0.001462906338570279   6.139710699743407e-13
0.0014642544806626086   6.132763200813156e-13
0.00146560386513598   6.12582971671962e-13
0.0014669544931353105   6.11891018315645e-13
0.00146830636580657   6.112004536291749e-13
0.0014696594842967898   6.105112712763509e-13
0.0014710138497540538   6.09823464967515e-13
0.0014723694633275047   6.091370284591064e-13
0.0014737263261673434   6.084519555532231e-13
0.0014750844394248348   6.077682400971862e-13
0.0014764438042523004   6.070858759831147e-13
0.0014778044218031255   6.064048571474999e-13
0.001479166293231756   6.057251775707881e-13
0.001480529419693707   6.050468312769631e-13
0.0014818938023455535   6.043698123331432e-13
0.0014832594423449378   6.036941148491733e-13
0.0014846263408505678   6.030197329772257e-13
0.0014859944990222235   6.023466609114047e-13
0.0014873639180207495   6.016748928873581e-13
0.0014887345990080613   6.010044231818903e-13
0.0014901065431471435   6.003352461125816e-13
0.001491479751602058   5.996673560374072e-13
0.0014928542255379337   5.990007473543705e-13
0.001494229966120975   5.983354145011307e-13
0.0014956069745184603   5.976713519546393e-13
0.0014969852518987475   5.970085542307779e-13
0.0014983647994312667   5.963470158840061e-13
0.0014997456182865275   5.956867315070058e-13
0.0015011277096361165   5.950276957303353e-13
0.0015025110746527044   5.943699032220815e-13
0.0015038957145100383   5.937133486875237e-13
0.0015052816303829481   5.930580268687943e-13
0.0015066688234473455   5.924039325445474e-13
0.0015080572948802298   5.917510605296264e-13
0.0015094470458596806   5.910994056747426e-13
0.001510838077564863   5.904489628661517e-13
0.0015122303911760339   5.897997270253328e-13
0.0015136239878745328   5.89151693108677e-13
0.0015150188688427893   5.88504856107175e-13
0.0015164150352643228   5.878592110461083e-13
0.0015178124883237424   5.872147529847451e-13
0.0015192112292067524   5.865714770160374e-13
0.0015206112591001461   5.859293782663257e-13
0.00152201257919181   5.852884518950429e-13
0.00152341519067073   5.84648693094421e-13
0.0015248190947269834   5.840100970892053e-13
0.0015262242925517455   5.833726591363679e-13
0.001527630785337289   5.827363745248255e-13
0.0015290385742769844   5.821012385751599e-13
0.0015304476605653061   5.814672466393408e-13
0.0015318580453978251   5.808343941004552e-13
0.001533269729971214   5.802026763724355e-13
0.0015346827154832524   5.795720888997903e-13
0.00153609700313282   5.789426271573425e-13
0.0015375125941199015   5.783142866499669e-13
0.0015389294896455874   5.776870629123304e-13
0.0015403476909120787   5.770609515086343e-13
0.00154176719912268   5.764359480323641e-13
0.0015431880154818064   5.758120481060361e-13
0.0015446101411949814   5.751892473809508e-13
0.0015460335774688438   5.745675415369429e-13
0.00154745832551114   5.739469262821447e-13
0.001548884386530731   5.733273973527408e-13
0.0015503117617375899   5.727089505127319e-13
0.0015517404523428097   5.720915815536969e-13
0.0015531704595585954   5.714752862945634e-13
0.0015546017845982697   5.708600605813741e-13
0.0015560344286762724   5.702459002870603e-13
0.0015574683930081672   5.696328013112124e-13
0.001558903678810633   5.69020759579861e-13
0.001560340287301472   5.684097710452522e-13
0.0015617782196996064   5.677998316856305e-13
0.0015632174772250871   5.671909375050183e-13
0.0015646580610990844   5.665830845330057e-13
0.0015660999725438949   5.659762688245362e-13
0.001567543212782941   5.653704864596956e-13
0.0015689877830407772   5.647657335435033e-13
0.0015704336845430806   5.641620062057092e-13
0.0015718809185166608   5.635593006005865e-13
0.001573329486189456   5.629576129067323e-13
0.00157477938879054   5.623569393268638e-13
0.0015762306275501153   5.617572760876255e-13
0.0015776832036995196   5.611586194393899e-13
0.0015791371184712233   5.605609656560645e-13
0.0015805923730988379   5.599643110348987e-13
0.0015820489688171068   5.593686518962952e-13
0.0015835069068619123   5.587739845836216e-13
0.0015849661884702751   5.581803054630236e-13
0.0015864268148803597   5.575876109232385e-13
0.0015878887873314676   5.569958973754169e-13
0.0015893521070640432   5.564051612529381e-13
0.001590816775319673   5.558153990112335e-13
0.0015922827933410922   5.552266071276051e-13
0.0015937501623721768   5.546387821010559e-13
0.0015952188836579502   5.540519204521113e-13
0.0015966889584445821   5.534660187226492e-13
0.0015981603879793949   5.528810734757273e-13
0.001599633173510856   5.522970812954176e-13
0.0016011073162885844   5.51714038786636e-13
0.00160258281756335   5.511319425749792e-13
0.0016040596785870797   5.505507893065574e-13
0.0016055379006128488   5.499705756478356e-13
0.00160701748489489   5.493912982854713e-13
0.001608498432688589   5.488129539261547e-13
0.0016099807452504944   5.482355392964498e-13
0.0016114644238383073   5.476590511426419e-13
0.0016129494697108893   5.470834862305795e-13
0.0016144358841282613   5.465088413455228e-13
0.0016159236683516093   5.459351132919891e-13
0.0016174128236432772   5.453622988936066e-13
0.0016189033512667723   5.447903949929631e-13
0.0016203952524867706   5.442193984514575e-13
0.001621888528569109   5.436493061491561e-13
0.001623383180780793   5.43080114984646e-13
0.0016248792103899952   5.425118218748927e-13
0.0016263766186660551   5.419444237550982e-13
0.0016278754068794873   5.413779175785576e-13
0.0016293755763019723   5.408123003165241e-13
0.001630877128206362   5.402475689580689e-13
0.001632380063866687   5.396837205099416e-13
0.0016338843845581463   5.391207519964398e-13
0.0016353900915571165   5.385586604592717e-13
0.0016368971861411496   5.379974429574234e-13
0.0016384056695889738   5.374370965670285e-13
0.0016399155431805006   5.368776183812342e-13
0.001641426808196816   5.363190055100765e-13
0.0016429394659201863   5.357612550803497e-13
0.001644453517634065   5.352043642354773e-13
0.0016459689646230835   5.346483301353909e-13
0.0016474858081730575   5.340931499564022e-13
0.0016490040495709874   5.335388208910807e-13
0.0016505236901050637   5.329853401481296e-13
0.0016520447310646596   5.324327049522677e-13
0.001653567173740338   5.318809125441063e-13
0.001655091019423849   5.313299601800327e-13
0.001656616269408139   5.307798451320883e-13
0.0016581429249873404   5.302305646878565e-13
0.0016596709874567796   5.296821161503441e-13
0.0016612004581129756   5.291344968378669e-13
0.0016627313382536469   5.285877040839342e-13
0.0016642636291777028   5.280417352371405e-13
0.0016657973321852519   5.274965876610495e-13
0.0016673324485775983   5.269522587340863e-13
0.0016688689796572514   5.264087458494235e-13
0.0016704069267279148   5.258660464148785e-13
0.001671946291094496   5.253241578528006e-13
0.001673487074063103   5.247830775999671e-13
0.0016750292769410527   5.242428031074746e-13
0.0016765729010368617   5.237033318406374e-13
0.001678117947660254   5.231646612788816e-13
0.0016796644181221586   5.226267889156428e-13
0.0016812123137347184   5.220897122582614e-13
0.0016827616358112798   5.215534288278856e-13
0.0016843123856664017   5.210179361593677e-13
0.0016858645646158521   5.204832318011666e-13
0.0016874181739766174   5.199493133152464e-13
0.001688973215066892   5.194161782769824e-13
0.0016905296892060868   5.188838242750614e-13
0.0016920875977148274   5.183522489113872e-13
0.001693646941914961   5.17821449800983e-13
0.0016952077231295482   5.172914245719005e-13
0.0016967699426828702   5.16762170865124e-13
0.0016983336019004273   5.162336863344785e-13
0.0016998987021089459   5.157059686465359e-13
0.0017014652446363707   5.15179015480527e-13
0.0017030332308118712   5.146528245282486e-13
0.0017046026619658404   5.141273934939759e-13
0.001706173539429902   5.136027200943706e-13
0.0017077458645369029   5.130788020583961e-13
0.0017093196386209185   5.125556371272289e-13
0.0017108948630172528   5.120332230541721e-13
0.0017124715390624452   5.115115576045683e-13
0.001714049668094262   5.109906385557168e-13
0.0017156292514517038   5.104704636967881e-13
0.001717210290475003   5.099510308287406e-13
0.001718792786505633   5.094323377642355e-13
0.0017203767408862979   5.089143823275584e-13
0.0017219621549609408   5.083971623545352e-13
0.0017235490300747417   5.078806756924525e-13
0.0017251373675741257   5.073649201999749e-13
0.0017267271688067532   5.068498937470691e-13
0.001728318435121528   5.063355942149232e-13
0.001729911167868596   5.058220194958686e-13
0.0017315053683993518   5.053091674933017e-13
0.0017331010380664306   5.047970361216093e-13
0.0017346981782237138   5.042856233060911e-13
0.0017362967902263362   5.037749269828824e-13
0.001737896875430676   5.032649450988825e-13
0.0017394984351943624   5.027556756116787e-13
0.001741101470876277   5.022471164894718e-13
0.0017427059838365508   5.017392657110054e-13
0.001744311975436574   5.012321212654892e-13
0.0017459194470389864   5.007256811525324e-13
0.001747528400007683   5.002199433820693e-13
0.001749138835707821   4.997149059742875e-13
0.0017507507555058108   4.992105669595615e-13
0.0017523641607693234   4.987069243783797e-13
0.0017539790528672905   4.982039762812772e-13
0.0017555954331699031   4.977017207287682e-13
0.0017572133030486208   4.972001557912741e-13
0.0017588326638761614   4.966992795490617e-13
0.0017604535170265075   4.961990900921731e-13
0.001762075863874914   4.956995855203593e-13
0.0017636997057978968   4.952007639430165e-13
0.001765325044173243   4.947026234791195e-13
0.0017669518803800073   4.942051622571584e-13
0.0017685802157985204   4.937083784150718e-13
0.00177021005181038   4.932122701001867e-13
0.0017718413897984584   4.927168354691537e-13
0.001773474231146901   4.922220726878847e-13
0.001775108577241134   4.917279799314894e-13
0.001776744429467855   4.912345553842169e-13
0.0017783817892150406   4.907417972393926e-13
0.0017800206578719457   4.902497036993581e-13
0.0017816610368291104   4.897582729754096e-13
0.0017833029274783507   4.892675032877417e-13
0.0017849463312127674   4.887773928653853e-13
0.001786591249426743   4.882879399461511e-13
0.0017882376835159507   4.877991427765683e-13
0.001789885634877344   4.873109996118309e-13
0.0017915351049091661   4.868235087157378e-13
0.0017931860950109466   4.863366683606374e-13
0.0017948386065835106   4.858504768273689e-13
0.0017964926410289682   4.853649324052094e-13
0.0017981481997507236   4.848800333918174e-13
0.0017998052841534731   4.84395778093177e-13
0.001801463895643212   4.83912164823543e-13
0.0018031240356272266   4.83429191905389e-13
0.0018047857055141013   4.829468576693514e-13
0.0018064489067137171   4.824651604541779e-13
0.0018081136406372597   4.819840986066717e-13
0.00180977990869721   4.815036704816425e-13
0.001811447712307352   4.810238744418526e-13
0.001813117052882771   4.805447088579663e-13
0.001814787931839862   4.800661721084954e-13
0.0018164603505963193   4.795882625797529e-13
0.0018181343105711457   4.791109786658005e-13
0.0018198098131846504   4.786343187683974e-13
0.0018214868598584563   4.781582812969518e-13
0.001823165452015491   4.776828646684719e-13
0.0018248455910799956   4.772080673075164e-13
0.0018265272784775215   4.767338876461465e-13
0.0018282105156349395   4.762603241238756e-13
0.0018298953039804298   4.757873751876252e-13
0.0018315816449434906   4.753150392916745e-13
0.0018332695399549356   4.748433148976149e-13
0.0018349589904469023   4.743722004743015e-13
0.0018366499978528432   4.739016944978083e-13
0.001838342563607533   4.734317954513828e-13
0.0018400366891470666   4.729625018253991e-13
0.0018417323759088687   4.72493812117311e-13
0.0018434296253316826   4.720257248316113e-13
0.0018451284388555772   4.71558238479784e-13
0.0018468288179219546   4.710913515802592e-13
0.0018485307639735393   4.706250626583733e-13
0.0018502342784543874   4.701593702463214e-13
0.0018519393628098858   4.696942728831155e-13
0.001853646018486751   4.692297691145425e-13
0.0018553542469330394   4.687658574931186e-13
0.0018570640495981351   4.683025365780507e-13
0.0018587754279327587   4.678398049351926e-13
0.001860488383388973   4.673776611370018e-13
0.001862202917420173   4.669161037625015e-13
0.0018639190314810954   4.664551313972367e-13
0.0018656367270278177   4.659947426332353e-13
0.0018673560055177567   4.655349360689668e-13
0.0018690768684096787   4.650757103093008e-13
0.0018707993171636881   4.646170639654702e-13
0.001872523353241235   4.641589956550301e-13
0.0018742489781051219   4.637015040018168e-13
0.001875976193219494   4.63244587635912e-13
0.0018777050000498474   4.627882451936023e-13
0.0018794354000630288   4.623324753173411e-13
0.0018811673947272344   4.618772766557111e-13
0.00188290098551202   4.614226478633844e-13
0.0018846361738882893   4.609685876010877e-13
0.0018863729613283013   4.605150945355642e-13
0.0018881113493056784   4.600621673395347e-13
0.0018898513392953944   4.596098046916634e-13
0.0018915929327737845   4.591580052765207e-13
0.0018933361312185447   4.587067677845463e-13
0.0018950809361087306   4.58256090912014e-13
0.001896827348924767   4.578059733609949e-13
0.001898575371148436   4.57356413839324e-13
0.001900325004262887   4.569074110605638e-13
0.0019020762497526406   4.564589637439684e-13
0.0019038291091035804   4.560110706144513e-13
0.001905583583802961   4.555637304025492e-13
0.0019073396753394075   4.551169418443887e-13
0.001909097385202915   4.546707036816523e-13
0.0019108567148848573   4.542250146615432e-13
0.0019126176658779775   4.537798735367548e-13
0.0019143802396763933   4.533352790654361e-13
0.001916144437775606   4.528912300111571e-13
0.0019179102616724887   4.5244772514287925e-13
0.0019196777128652961   4.520047632349212e-13
0.001921446792853662   4.5156234306692707e-13
0.001923217503138607   4.5112046342383293e-13
0.0019249898452225302   4.5067912309583816e-13
0.0019267638206092168   4.5023832087837126e-13
0.001928539430803836   4.497980555720601e-13
0.0019303166773129495   4.493583259826989e-13
0.001932095561644502   4.4891913092121986e-13
0.0019338760853078295   4.484804692036613e-13
0.0019356582498136572   4.4804233965113747e-13
0.0019374420566741083   4.476047410898066e-13
0.0019392275074026932   4.4716767235084425e-13
0.00194101460351432   4.467311322704112e-13
0.00194280334652529   4.4629511968962506e-13
0.0019445937379533082   4.458596334545285e-13
0.001946385779317472   4.454246724160639e-13
0.0019481794721382811   4.4499023543004155e-13
0.0019499748179376342   4.445563213571126e-13
0.0019517718182388386   4.441229290627379e-13
0.001953570474566599   4.436900574171635e-13
0.0019553707884470283   4.432577052953894e-13
0.001957172761407642   4.428258715771439e-13
0.001958976394977371   4.4239455514685247e-13
0.0019607816906865483   4.419637548936145e-13
0.0019625886500669195   4.415334697111732e-13
0.001964397274651639   4.411036984978895e-13
0.0019662075659752816   4.4067444015671335e-13
0.001968019525573829   4.402456935951595e-13
0.001969833154984681   4.398174577252793e-13
0.0019716484557466517   4.3938973146363545e-13
0.0019734654293999798   4.3896251373127295e-13
0.001975284077486317   4.38535803453697e-13
0.001977104401548736   4.381095995608448e-13
0.0019789264031317374   4.376839009870593e-13
0.0019807500837812396   4.3725870667106543e-13
0.0019825754450445866   4.3683401555594416e-13
0.001984402488470549   4.364098265891067e-13
0.001986231215609323   4.359861387222705e-13
0.001988061628012539   4.3556295091143303e-13
0.0019898937272332506   4.3514026211684847e-13
0.001991727514825944   4.3471807130300363e-13
0.0019935629923465434   4.342963774385907e-13
0.0019954001613524002   4.3387517949648717e-13
0.001997239023402304   4.334544764537288e-13
0.0019990795800564802   4.330342672914875e-13
0.0020009218328765903   4.326145509950472e-13
0.0020027657834257406   4.321953265537787e-13
0.0020046114332684726   4.3177659296111936e-13
0.0020064587839707685   4.313583492145485e-13
0.0020083078371000616   4.309405943155626e-13
0.002010158594225221   4.3052332726965614e-13
0.002012011056916566   4.3010654708629577e-13
0.002013865226745861   4.2969025277889934e-13
0.0020157211052863186   4.292744433648134e-13
0.0020175786941126067   4.2885911786528893e-13
0.002019437994800837   4.28444275305463e-13
0.0020212990089285756   4.28029914714334e-13
0.0020231617380748477   4.2761603512473965e-13
0.002025026183820127   4.272026355733375e-13
0.0020268923477463462   4.2678971510058196e-13
0.0020287602314368962   4.263772727507028e-13
0.002030629836476625   4.2596530757168514e-13
0.0020325011644518457   4.2555381861524627e-13
0.002034374216950329   4.251428049368168e-13
0.002036248995561309   4.2473226559551967e-13
0.0020381255018754882   4.2432219965414723e-13
0.002040003737485031   4.23912606179144e-13
0.0020418837039835706   4.235034842405836e-13
0.0020437654029662085   4.230948329121504e-13
0.002045648836029514   4.226866512711186e-13
0.002047534004771535   4.2227893839833075e-13
0.0020494209107917837   4.2187169337818107e-13
0.002051309555691249   4.214649152985938e-13
0.002053199941072399   4.210586032510028e-13
0.0020550920685391745   4.206527563303342e-13
0.0020569859396969946   4.2024737363498584e-13
0.002058881556152757   4.1984245426680864e-13
0.0020607789195148454   4.1943799733108594e-13
0.0020626780313931213   4.1903400193651677e-13
0.0020645788933989296   4.1863046719519607e-13
0.0020664815071451   4.1822739222259604e-13
0.0020683858742459533   4.178247761375466e-13
0.0020702919963172927   4.174226180622185e-13
0.002072199874976412   4.170209171221046e-13
0.002074109511842093   4.1661967244600136e-13
0.002076020908534617   4.1621888316598964e-13
0.002077934066675751   4.1581854841741907e-13
0.0020798489878887582   4.154186673388886e-13
0.002081765673798397   4.150192390722296e-13
0.0020836841260309285   4.1462026276248657e-13
0.0020856043462141064   4.142217375579018e-13
0.0020875263359771863   4.138236626098971e-13
0.0020894500969509235   4.134260370730563e-13
0.0020913756307675826   4.130288601051073e-13
0.0020933029390609254   4.126321308669073e-13
0.002095232023466222   4.1223584852242364e-13
0.002097162885620247   4.1184001223871856e-13
0.00209909552716129   4.114446211859303e-13
0.0021010299497291438   4.110496745372593e-13
0.002102966154965115   4.106551714689495e-13
0.00210490414451202   4.1026111116027356e-13
0.002106843920014195   4.098674927935141e-13
0.002108785483117487   4.0947431555395076e-13
0.0021107288354692603   4.0908157862984166e-13
0.002112673978718395   4.086892812124087e-13
0.0021146209145152988   4.0829742249581996e-13
0.002116569644511892   4.0790600167717654e-13
0.002118520170361621   4.0751501795649475e-13
0.002120472493719453   4.0712447053669194e-13
0.0021224266162418863   4.067343586235688e-13
0.0021243825395869395   4.06344681425797e-13
0.0021263402654141624   4.059554381549019e-13
0.002128299795384631   4.0556662802524803e-13
0.002130261131160959   4.051782502540229e-13
0.002132224274407285   4.04790304061224e-13
0.002134189226789282   4.0440278866964305e-13
0.0021361559899741645   4.0401570330484915e-13
0.0021381245656306763   4.036290471951777e-13
0.0021400949554291017   4.032428195717135e-13
0.002142067161041264   4.02857019668276e-13
0.0021440411841405255   4.024716467214071e-13
0.002146017026401796   4.020866999703531e-13
0.0021479946895015243   4.0170217865705383e-13
0.0021499741751177014   4.013180820261278e-13
0.0021519554849298733   4.009344093248563e-13
0.0021539386206191266   4.005511598031711e-13
0.002155923583868099   4.001683327136409e-13
0.0021579103763609796   3.997859273114557e-13
0.0021598989997835064   3.9940394285441507e-13
0.0021618894558229785   3.9902237860291244e-13
0.002163881746168242   3.986412338199236e-13
0.0021658758725097006   3.982605077709924e-13
0.0021678718365393222   3.9788019972421623e-13
0.0021698696399506264   3.9750030895023473e-13
0.0021718692844386973   3.9712083472221523e-13
0.002173870771700179   3.967417763158402e-13
0.0021758741034332793   3.9636313300929404e-13
0.0021778792813377753   3.9598490408324936e-13
0.0021798863071150055   3.956070888208554e-13
0.0021818951824678755   3.9522968650772496e-13
0.002183905909100868   3.9485269643191995e-13
0.002185918488720028   3.9447611788394133e-13
0.0021879329230329756   3.940999501567151e-13
0.002189949213748906   3.937241925455797e-13
0.0021919673625785847   3.9334884434827436e-13
0.0021939873712343632   3.92973904864925e-13
0.002196009241430162   3.92599373398035e-13
0.0021980329748814828   3.922252492524704e-13
0.0022000585733054135   3.91851531735448e-13
0.0022020860384206185   3.9147822015652526e-13
0.0022041153719473483   3.9110531382758596e-13
0.0022061465756074363   3.907328120628307e-13
0.002208179651124309   3.9036071417876166e-13
0.0022102146002229753   3.899890194941748e-13
0.002212251424630035   3.8961772733014573e-13
0.002214290126073677   3.89246837010019e-13
0.0022163307062836902   3.8887634785939513e-13
0.002218373166991451   3.885062592061215e-13
0.0022204175099299326   3.8813657038027917e-13
0.002222463736833703   3.8776728071417313e-13
0.0022245118494389365   3.873983895423181e-13
0.0022265618494833996   3.8702989620143104e-13
0.0022286137387064636   3.866618000304172e-13
0.0022306675188490986   3.8629410037036154e-13
0.002232723191653888   3.8592679656451437e-13
0.002234780758865013   3.8555988795828397e-13
0.002236840222228265   3.8519337389922347e-13
0.0022389015834910412   3.848272537370217e-13
0.0022409648444023564   3.8446152682348975e-13
0.0022430300067128313   3.8409619251255383e-13
0.0022450970721747004   3.8373125016024225e-13
0.0022471660425418117   3.8336669912467633e-13
0.0022492369195696365   3.8300253876605757e-13
0.002251309705015256   3.826387684466605e-13
0.002253384400637375   3.822753875308201e-13
0.002255461008196314   3.819123953849226e-13
0.0022575395294540243   3.8154979137739393e-13
0.002259619966174074   3.8118757487869104e-13
0.0022617023201216583   3.8082574526129146e-13
0.0022637865930635968   3.8046430189968327e-13
0.002265872786768344   3.801032441703535e-13
0.0022679609030059784   3.79742571451781e-13
0.0022700509435482105   3.793822831244248e-13
0.002272142910168382   3.790223785707152e-13
0.002274236804641476   3.7866285717504224e-13
0.002276332628744104   3.7830371832374853e-13
0.0022784303842545164   3.7794496140511826e-13
0.0022805300729526012   3.7758658580936804e-13
0.0022826316966198935   3.772285909286362e-13
0.0022847352570395624   3.7687097615697506e-13
0.0022868407559964205   3.765137408903415e-13
0.002288948195276933   3.761568845265852e-13
0.0022910575766692037   3.7580040646544234e-13
0.0022931689019629864   3.7544430610852513e-13
0.0022952821729496846   3.7508858285931215e-13
0.0022973973914223508   3.747332361231404e-13
0.0022995145591756952   3.743782653071943e-13
0.0023016336780060775   3.7402366982049925e-13
0.0023037547497115106   3.7366944907391097e-13
0.0023058777760916723   3.733156024801063e-13
0.0023080027589478915   3.7296212945357603e-13
0.0023101297000831605   3.726090294106145e-13
0.0023122586013021315   3.7225630176931177e-13
0.002314389464411119   3.7190394594954475e-13
0.002316522291218108   3.715519613729677e-13
0.0023186570835327432   3.71200347463005e-13
0.002320793843166337   3.7084910364484234e-13
0.0023229325719318775   3.704982293454164e-13
0.002325073271644017   3.7014772399340934e-13
0.0023272159441190834   3.6979758701923814e-13
0.002329360591175076   3.694478178550475e-13
0.002331507214631669   3.690984159347012e-13
0.00233365581631022   3.6874938069377255e-13
0.002335806398033758   3.6840071156953887e-13
0.0023379589616269927   3.680524080009713e-13
0.002340113508916322   3.677044694287265e-13
0.0023422700417298184   3.6735689529514055e-13
0.002344428561897244   3.6700968504421904e-13
0.0023465890712500454   3.666628381216299e-13
0.002348751571621355   3.6631635397469575e-13
0.002350916064846002   3.659702320523847e-13
0.0023530825527604982   3.656244718053045e-13
0.0023552510372030497   3.652790726856934e-13
0.002357421520013562   3.6493403414741224e-13
0.0023595940030336302   3.64589355645938e-13
0.002361768488106548   3.6424503663835503e-13
0.0023639449770773064   3.639010765833483e-13
0.002366123471792603   3.6355747494119447e-13
0.0023683039741008304   3.6321423117375604e-13
0.0023704864858520866   3.6287134474447306e-13
0.002372671008898173   3.625288151183558e-13
0.002374857545092603   3.621866417619767e-13
0.002377046096290594   3.618448241434643e-13
0.0023792366643490717   3.6150336173249513e-13
0.0023814292511266737   3.611622540002871e-13
0.0023836238584837564   3.6082150041959017e-13
0.0023858204882823827   3.6048110046468277e-13
0.0023880191423863357   3.6014105361136157e-13
0.0023902198226611114   3.598013593369363e-13
0.0023924225309739345   3.594620171202206e-13
0.0023946272691937414   3.591230264415275e-13
0.002396834039191194   3.5878438678266085e-13
0.002399042842838676   3.5844609762690927e-13
0.0024012536820103036   3.5810815845903734e-13
0.002403466558581912   3.5777056876528186e-13
0.0024056814744310684   3.574333280333425e-13
0.002407898431437068   3.570964357523764e-13
0.0024101174314809445   3.5675989141298977e-13
0.002412338476445458   3.564236945072336e-13
0.002414561568215107   3.5608784452859523e-13
0.0024167867086761223   3.557523409719925e-13
0.002419013899716482   3.554171833337658e-13
0.002421243143225896   3.550823711116741e-13
0.002423474441095818   3.547479038048859e-13
0.002425707795219443   3.544137809139748e-13
0.0024279432074917166   3.540800019409105e-13
0.0024301806798093257   3.5374656638905515e-13
0.002432420214070705   3.5341347376315566e-13
0.0024346618121760377   3.5308072356933757e-13
0.0024369054760272654   3.5274831531509775e-13
0.0024391512075280747   3.5241624850929985e-13
0.002441399008583909   3.5208452266216745e-13
0.0024436488811019658   3.517531372852776e-13
0.002445900826991207   3.5142209189155385e-13
0.0024481548481623456   3.510913859952622e-13
0.002450410946527857   3.5076101911200385e-13
0.002452669124001986   3.5043099075870783e-13
0.002454929382500733   3.5010130045362767e-13
0.0024571917239418675   3.4977194771633386e-13
0.0024594561502449264   3.494429320677075e-13
0.0024617226633312124   3.4911425302993587e-13
0.002463991265123807   3.487859101265042e-13
0.0024662619575475564   3.4845790288219267e-13
0.002468534742529079   3.481302308230689e-13
0.002470809621996779   3.4780289347648155e-13
0.002473086597880828   3.474758903710566e-13
0.00247536567211318   3.471492210366896e-13
0.002477646846627568   3.4682288500454183e-13
0.0024799301233595066   3.4649688180703294e-13
0.0024822155042462995   3.4617121097783603e-13
0.00248450299122703   3.4584587205187213e-13
0.0024867925862425673   3.455208645653053e-13
0.0024890842912355772   3.4519618805553504e-13
0.0024913781081505075   3.448718420611933e-13
0.0024936740389336007   3.445478261221374e-13
0.002495972085532894   3.442241397794448e-13
0.002498272249898216   3.4390078257540863e-13
0.0025005745339812   3.435777540535302e-13
0.0025028789397352705   3.4325505375851626e-13
0.002505185469115652   3.429326812362722e-13
0.002507494124079379   3.426106360338964e-13
0.0025098049065852804   3.4228891769967604e-13
0.002512117818593994   3.419675257830812e-13
0.0025144328620679652   3.4164645983476004e-13
0.0025167500389714436   3.413257194065335e-13
0.002519069351270497   3.4100530405138896e-13
0.002521390800932999   3.4068521332347743e-13
0.002523714389928634   3.40365446778107e-13
0.0025260401202289113   3.400460039717374e-13
0.0025283679938071487   3.3972688446197597e-13
0.0025306980126384854   3.3940808780757227e-13
0.0025330301786998777   3.3908961356841337e-13
0.0025353644939701114   3.387714613055173e-13
0.002537700960429789   3.3845363058103067e-13
0.0025400395800613397   3.381361209582222e-13
0.002542380354849018   3.37818932001478e-13
0.0025447232867789145   3.3750206327629664e-13
0.0025470683778389415   3.3718551434928473e-13
0.0025494156300188467   3.36869284788152e-13
0.0025517650453102093   3.365533741617066e-13
0.0025541166257064497   3.3623778203984956e-13
0.0025564703732028197   3.3592250799357125e-13
0.002558826289796412   3.356075515949459e-13
0.0025611843774861554   3.35292912417128e-13
0.0025635446382728305   3.3497859003434513e-13
0.0025659070741590535   3.346645840218964e-13
0.0025682716871492884   3.343508939561462e-13
0.002570638479249844   3.3403751941452016e-13
0.0025730074524688853   3.337244599754994e-13
0.002575378608816421   3.334117152186178e-13
0.002577751950304314   3.330992847244566e-13
0.0025801274789462795   3.3278716807464027e-13
0.002582505196757895   3.324753648518307e-13
0.0025848851057565887   3.3216387463972496e-13
0.00258726720796165   3.3185269702304966e-13
0.0025896515053942266   3.3154183158755655e-13
0.002592038000077337   3.312312779200177e-13
0.002594426694035856   3.3092103560822296e-13
0.0025968175892965273   3.306111042409737e-13
0.0025992106878879586   3.3030148340808025e-13
0.002601605991840637   3.299921727003551e-13
0.00260400350318691   3.296831717096117e-13
0.0026064032239610036   3.293744800286585e-13
0.002608805156199014   3.2906609725129503e-13
0.002611209301938922   3.287580229723073e-13
0.0026136156632205793   3.284502567874647e-13
0.0026160242420857193   3.281427982935152e-13
0.0026184350405779543   3.278356470881815e-13
0.0026208480607427887   3.2752880277015626e-13
0.002623263304627603   3.2722226493909884e-13
0.002625680774281665   3.2691603319563156e-13
0.002628100471756138   3.266101071413339e-13
0.00263052239910407   3.2630448637874083e-13
0.0026329465583804007   3.259991705113373e-13
0.0026353729516419653   3.256941591435546e-13
0.002637801580947491   3.253894518807674e-13
0.0026402324483576116   3.2508504832928727e-13
0.00264266555593485   3.2478094809636176e-13
0.0026451009057436308   3.244771507901695e-13
0.0026475384998502893   3.241736560198149e-13
0.0026499783403230565   3.238704633953264e-13
0.002652420429232072   3.2356757252765173e-13
0.002654864768649384   3.2326498302865397e-13
0.0026573113606489463   3.2296269451110846e-13
0.0026597602073066334   3.226607065886975e-13
0.0026622113107002228   3.223590188760088e-13
0.002664664672909409   3.2205763098853044e-13
0.0026671202960158093   3.2175654254264655e-13
0.0026695781821029527   3.214557531556355e-13
0.00267203833325629   3.2115526244566483e-13
0.002674500751563194   3.208550700317883e-13
0.002676965439112958   3.2055517553394184e-13
0.0026794323979968102   3.202555785729395e-13
0.002681901630307897   3.199562787704713e-13
0.0026843731381412934   3.19657275749099e-13
0.0026868469235940134   3.193585691322512e-13
0.002689322988764996   3.1906015854422213e-13
0.0026918013357551166   3.1876204361016696e-13
0.0026942819666671866   3.18464223956098e-13
0.0026967648836059527   3.1816669920888223e-13
0.00269925008867811   3.1786946899623616e-13
0.0027017375839922856   3.175725329467245e-13
0.0027042273716590508   3.1727589068975595e-13
0.0027067194537909295   3.1697954185557825e-13
0.0027092138325023854   3.1668348607527723e-13
0.0027117105099098314   3.163877229807725e-13
0.0027142094881316297   3.1609225220481353e-13
0.0027167107692881026   3.1579707338097647e-13
0.002719214355501518   3.1550218614366166e-13
0.0027217202488961025   3.152075901280899e-13
0.0027242284515980367   3.1491328497029907e-13
0.0027267389657354697   3.1461927030714015e-13
0.0027292517934385035   3.1432554577627563e-13
0.002731766936839206   3.1403211101617504e-13
0.002734284398071606   3.1373896566611244e-13
0.002736804179271709   3.1344610936616205e-13
0.002739326282577479   3.131535417571965e-13
0.0027418507101288534   3.128612624808834e-13
0.00274437746406774   3.125692711796814e-13
0.0027469065465380274   3.122775674968372e-13
0.0027494379596855727   3.119861510763834e-13
0.0027519717056582117   3.1169502156313476e-13
0.002754507786605759   3.1140417860268525e-13
0.002757046204680017   3.1111362184140386e-13
0.0027595869620347627   3.10823350926434e-13
0.0027621300608257618   3.105333655056882e-13
0.0027646755032107633   3.1024366522784647e-13
0.0027672232913495127   3.09954249742352e-13
0.0027697734274037384   3.0966511869940965e-13
0.0027723259135371625   3.0937627174998204e-13
0.0027748807519154995   3.0908770854578727e-13
0.002777437944706467   3.0879942873929457e-13
0.0027799974940797725   3.0851143198372327e-13
0.0027825594022071257   3.0822371793303863e-13
0.002785123671262235   3.0793628624194965e-13
0.00278769030342082   3.0764913656590494e-13
0.002790259300860597   3.0736226856109173e-13
0.0027928306657612925   3.0707568188443155e-13
0.002795404400304638   3.067893761935784e-13
0.002797980506674385   3.065033511469143e-13
0.0028005589870562886   3.0621760640354885e-13
0.0028031398436381204   3.059321416233144e-13
0.002805723078609666   3.056469564667648e-13
0.0028083086941627375   3.0536205059517083e-13
0.0028108966924911584   3.0507742367051944e-13
0.0028134870757907733   3.047930753555099e-13
0.0028160798462594596   3.045090053135506e-13
0.002818675006097111   3.0422521320875784e-13
0.0028212725575056524   3.0394169870595195e-13
0.0028238725026890365   3.0365846147065507e-13
0.002826474843853245   3.033755011690886e-13
0.0028290795832063014   3.030928174681694e-13
0.0028316867229582544   3.0281041003550895e-13
0.0028342962653211904   3.025282785394099e-13
0.0028369082125092424   3.0224642264886245e-13
0.0028395225667385755   3.019648420335436e-13
0.0028421393302273997   3.016835363638133e-13
0.0028447585051959694   3.0140250531071237e-13
0.0028473800938665817   3.0112174854596e-13
0.0028500040984635916   3.0084126574194996e-13
0.0028526305212133937   3.005610565717501e-13
0.0028552593643444354   3.0028112070909897e-13
0.002857890630087226   3.0000145782840214e-13
0.0028605243206743214   2.9972206760473153e-13
0.002863160438340339   2.9944294971382183e-13
0.0028657989853219535   2.9916410383206843e-13
0.0028684399638578997   2.9888552963652504e-13
0.002871083376188983   2.986072268049001e-13
0.002873729224558067   2.9832919501555634e-13
0.0028763775112100793   2.9805143394750706e-13
0.002879028238392028   2.977739432804132e-13
0.0028816814083529804   2.9749672269458243e-13
0.0028843370233440817   2.9721977187096607e-13
0.0028869950856185507   2.9694309049115624e-13
0.0028896555974316793   2.9666667823738427e-13
0.002892318561040847   2.9639053479251746e-13
0.002894983978705505   2.961146598400577e-13
0.0028976518526871863   2.9583905306413895e-13
0.0029003221852495174   2.9556371414952373e-13
0.0029029949786582012   2.9528864278160255e-13
0.0029056702351810317   2.950138386463907e-13
0.002908347957087891   2.9473930143052624e-13
0.00291102814665076   2.9446503082126676e-13
0.002913710806143706   2.9419102650648867e-13
0.0029163959378428936   2.93917288174684e-13
0.0029190835440265836   2.9364381551495876e-13
0.0029217736269751445   2.9337060821702927e-13
0.0029244661889710364   2.9309766597122174e-13
0.002927161232298827   2.928249884684695e-13
0.0029298587592451863   2.925525754003103e-13
0.0029325587720989   2.92280426458884e-13
0.0029352612731508546   2.920085413369314e-13
0.0029379662646940503   2.9173691972779147e-13
0.002940673749023597   2.9146556132539937e-13
0.00294338372843673   2.9119446582428323e-13
0.002946096205232792   2.9092363291956396e-13
0.0029488111817132473   2.906530623069516e-13
0.002951528660181678   2.903827536827443e-13
0.0029542486429437985   2.9011270674382466e-13
0.0029569711323074394   2.8984292118765933e-13
0.0029596961305825603   2.895733967122963e-13
0.0029624236400812467   2.893041330163625e-13
0.0029651536631177242   2.8903512979906156e-13
0.002967886202008342   2.8876638676017285e-13
0.0029706212590715863   2.884979036000486e-13
0.0029733588366280777   2.8822968001961225e-13
0.0029760989370005843   2.8796171572035513e-13
0.0029788415625140053   2.876940104043368e-13
0.002981586715495385   2.8742656377418126e-13
0.002984334398273911   2.8715937553307595e-13
0.0029870846131809245   2.868924453847681e-13
0.0029898373625499067   2.8662577303356504e-13
0.0029925926487164925   2.8635935818433115e-13
0.002995350474018466   2.860932005424854e-13
0.0029981108407957746   2.8582729981399974e-13
0.0030008737513905134   2.8556165570539804e-13
0.003003639208146939   2.85296267923753e-13
0.0030064072134114643   2.8503113617668515e-13
0.0030091777695326746   2.847662601723596e-13
0.0030119508788613103   2.8450163961948567e-13
0.003014726543750278   2.842372742273147e-13
0.0030175047665546616   2.839731637056367e-13
0.003020285549631706   2.8370930776478067e-13
0.0030230688953408326   2.834457061156111e-13
0.003025854806043636   2.831823584695268e-13
0.0030286432841038838   2.829192645384596e-13
0.003031434331887532   2.8265642403487045e-13
0.003034227951762708   2.823938366717502e-13
0.0030370241460997206   2.8213150216261644e-13
0.0030398229172710726   2.818694202215109e-13
0.003042624267651444   2.8160759056299985e-13
0.003045428199617706   2.8134601290217015e-13
0.0030482347155489204   2.8108468695462876e-13
0.0030510438178263386   2.808236124365008e-13
0.0030538555088334154   2.805627890644267e-13
0.003056669790955793   2.803022165555619e-13
0.0030594866665813116   2.800418946275749e-13
0.0030623061381000218   2.7978182299864377e-13
0.0030651282079041673   2.7952200138745704e-13
0.003067952878388199   2.7926242951321016e-13
0.003070780151948775   2.7900310709560446e-13
0.003073610030984759   2.787440338548453e-13
0.003076442517897234   2.784852095116398e-13
0.003079277615089487   2.7822663378719653e-13
0.0030821153249670197   2.779683064032228e-13
0.00308495564993756   2.777102270819226e-13
0.003087798592411044   2.7745239554599603e-13
0.003090644154799634   2.7719481151863725e-13
0.003093492339517714   2.7693747472353233e-13
0.0030963431489818894   2.7668038488485866e-13
0.003099196585611003   2.764235417272813e-13
0.0031020526518261166   2.7616694497595394e-13
0.003104911350050524   2.759105943565158e-13
0.0031077726827097607   2.7565448959508946e-13
0.0031106366522315877   2.75398630418281e-13
0.003113503261046008   2.751430165531768e-13
0.0031163725115852595   2.748876477273433e-13
0.003119244406283831   2.7463252366882346e-13
0.003122118947578447   2.743776441061374e-13
0.003124996137908078   2.741230087682798e-13
0.0031278759797139406   2.738686173847183e-13
0.0031307584754395115   2.7361446968539136e-13
0.003133643627530508   2.7336056540070827e-13
0.0031365314384349044   2.7310690426154633e-13
0.0031394219106029293   2.7285348599925005e-13
0.0031423150464870778   2.7260031034562844e-13
0.0031452108485420954   2.7234737703295513e-13
0.0031481093192249933   2.7209468579396587e-13
0.0031510104609950434   2.718422363618575e-13
0.0031539142763137946   2.715900284702851e-13
0.0031568207676450533   2.713380618533627e-13
0.0031597299374549006   2.7108633624566034e-13
0.0031626417882116894   2.7083485138220274e-13
0.0031655563223860444   2.7058360699846846e-13
0.003168473542450878   2.7033260283038704e-13
0.0031713934508813693   2.700818386143393e-13
0.0031743160501549804   2.698313140871554e-13
0.003177241342751466   2.6958102898611166e-13
0.0031801693311528556   2.693309830489319e-13
0.0031831000178434666   2.6908117601378443e-13
0.003186033405309915   2.688316076192799e-13
0.003188969496041099   2.6858227760447197e-13
0.0031919082925282137   2.683331857088542e-13
0.00319484979726475   2.6808433167235934e-13
0.003197794012746493   2.678357152353579e-13
0.003200740941471538   2.6758733613865625e-13
0.003203690585940273   2.67339194123496e-13
0.0032066429486553886   2.670912889315525e-13
0.0032095980321218934   2.668436203049323e-13
0.003212555838847094   2.665961879861738e-13
0.003215516371340611   2.6634899171824413e-13
0.003218479632114377   2.661020312445387e-13
0.0032214456236826375   2.658553063088801e-13
0.003224414348561964   2.6560881665551507e-13
0.003227385809271237   2.6536256202911543e-13
0.003230360008331659   2.6511654217477564e-13
0.0032333369482667653   2.64870756838011e-13
0.0032363166316024075   2.646252057647571e-13
0.0032392990608667675   2.6437988870136853e-13
0.0032422842385903573   2.641348053946172e-13
0.0032452721673060176   2.6388995559169143e-13
0.0032482628495489334   2.6364533904019347e-13
0.003251256287856616   2.634009554881402e-13
0.0032542524847689143   2.631568046839606e-13
0.0032572514428280287   2.629128863764939e-13
0.0032602531645784926   2.6266920031499e-13
0.003263257652567187   2.6242574624910684e-13
0.00326626490934334   2.621825239289097e-13
0.0032692749374585257   2.619395331048702e-13
0.00327228773946668   2.6169677352786367e-13
0.003275303317924082   2.614542449491699e-13
0.0032783216753893662   2.612119471204709e-13
0.003281342814423536   2.6096987979384883e-13
0.003284366737589944   2.607280427217867e-13
0.003287393447454309   2.604864356571654e-13
0.0032904229465847133   2.6024505835326367e-13
0.0032934552375516036   2.600039105637563e-13
0.0032964903229278047   2.597629920427125e-13
0.003299528205288503   2.59522302544596e-13
0.0033025688872112572   2.5928184182426304e-13
0.0033056123712760124   2.5904160963696043e-13
0.00330865866006508   2.5880160573832597e-13
0.0033117077561631556   2.585618298843865e-13
0.003314759662157316   2.583222818315564e-13
0.0033178143806370194   2.5808296133663705e-13
0.0033208719141941197   2.5784386815681477e-13
0.0033239322654228494   2.5760500204966096e-13
0.0033269954369198325   2.5736636277313016e-13
0.003330061431284095   2.571279500855585e-13
0.0033331302511170483   2.5688976374566326e-13
0.0033362018990225045   2.5665180351254215e-13
0.0033392763776066755   2.564140691456708e-13
0.0033423536894781713   2.56176560404903e-13
0.003345433837248016   2.559392770504681e-13
0.0033485168235296296   2.5570221884297177e-13
0.003351602650938841   2.5546538554339386e-13
0.0033546913220938992   2.552287769130862e-13
0.003357782839615457   2.549923927137739e-13
0.003360877206126584   2.547562327075525e-13
0.003363974424252769   2.545202966568874e-13
0.0033670744966219153   2.5428458432461294e-13
0.0033701774258643588   2.5404909547393057e-13
0.003373283214612849   2.5381382986840895e-13
0.0033763918655025623   2.535787872719823e-13
0.0033795033811711127   2.533439674489486e-13
0.003382617764258536   2.5310937016396995e-13
0.003385735017407302   2.5287499518207054e-13
0.003388855143262319   2.5264084226863575e-13
0.003391978144470927   2.5240691118941165e-13
0.0033951040236829154   2.5217320171050273e-13
0.0033982327835505076   2.5193971359837233e-13
0.003401364426728369   2.51706446619841e-13
0.0034044989558736226   2.514734005420845e-13
0.0034076363736458303   2.512405751326346e-13
0.0034107766827070037   2.5100797015937697e-13
0.003413919885721619   2.5077558539054974e-13
0.0034170659853565966   2.505434205947438e-13
0.0034202149842813188   2.5031147554090066e-13
0.0034233668851676273   2.500797499983121e-13
0.003426521690689823   2.4984824373661894e-13
0.003429679403524682   2.496169565258095e-13
0.0034328400263514353   2.493858881362199e-13
0.0034360035618517847   2.49155038338532e-13
0.003439170012709913   2.489244069037724e-13
0.0034423393816124656   2.4869399360331237e-13
0.0034455116712485685   2.4846379820886605e-13
0.0034486868843098253   2.4823382049248976e-13
0.0034518650234903157   2.480040602265814e-13
0.0034550460914866137   2.4777451718387825e-13
0.003458230090997768   2.475451911374576e-13
0.0034614170247253134   2.4731608186073526e-13
0.003464606895373286   2.4708718912746337e-13
0.003467799705648203   2.4685851271173165e-13
0.003470995458259079   2.466300523879648e-13
0.0034741941559174247   2.4640180793092226e-13
0.0034773958013372473   2.461737791156973e-13
0.003480600397235064   2.4594596571771503e-13
0.003483807946329887   2.457183675127335e-13
0.0034870184513432325   2.454909842768412e-13
0.003490231914999136   2.45263815786456e-13
0.003493448340024132   2.4503686181832577e-13
0.0034966677291472714   2.4481012214952593e-13
0.0034998900851001217   2.445835965574595e-13
0.0035031154106167617   2.443572848198558e-13
0.0035063437084338024   2.4413118671476894e-13
0.0035095749812903646   2.439053020205784e-13
0.003512809231928094   2.4367963051598744e-13
0.0035160464630911736   2.4345417198002096e-13
0.003519286677526304   2.432289261920271e-13
0.0035225298779827225   2.430038929316741e-13
0.003525776067212197   2.42779071978951e-13
0.0035290252479690306   2.4255446311416597e-13
0.003532277423010073   2.42330066117945e-13
0.0035355325950947054   2.421058807712324e-13
0.0035387907669848506   2.4188190685528913e-13
0.003542051941444989   2.4165814415169135e-13
0.0035453161212421363   2.414345924423308e-13
0.0035485833091458627   2.4121125150941333e-13
0.00355185350792829   2.409881211354579e-13
0.0035551267203640918   2.4076520110329637e-13
0.003558402949230509   2.4054249119607146e-13
0.003561682197307331   2.4031999119723725e-13
0.0035649644673769096   2.4009770089055797e-13
0.0035682497622241704   2.398756200601063e-13
0.003571538084636596   2.396537484902637e-13
0.0035748294374042394   2.394320859657193e-13
0.0035781238233197274   2.392106322714686e-13
0.0035814212451782544   2.389893871928134e-13
0.003584721705777603   2.3876835051535963e-13
0.0035880252079181223   2.385475220250185e-13
0.003591331754402743   2.3832690150800446e-13
0.003594641348036989   2.38106488750834e-13
0.003597953991628959   2.378862835403261e-13
0.0036012696879893433   2.3766628566360074e-13
0.0036045884399314217   2.374464949080781e-13
0.003607910250271064   2.3722691106147806e-13
0.0036112351218267453   2.370075339118186e-13
0.003614563057419527   2.3678836324741626e-13
0.00361789405987307   2.365693988568848e-13
0.0036212281320136494   2.363506405291338e-13
0.003624565276670133   2.361320880533688e-13
0.0036279054966739995   2.359137412190904e-13
0.0036312487948593365   2.3569559981609305e-13
0.0036345951740628405   2.3547766363446487e-13
0.0036379446371238326   2.3525993246458564e-13
0.0036412971868842394   2.3504240609712805e-13
0.003644652826188607   2.3482508432305555e-13
0.003648011557884113   2.346079669336214e-13
0.0036513733848205494   2.3439105372036913e-13
0.0036547383098503323   2.3417434447513103e-13
0.003658106335828519   2.339578389900268e-13
0.003661477465612787   2.3374153705746433e-13
0.0036648517020634493   2.335254384701379e-13
0.0036682290480434566   2.333095430210276e-13
0.0036716095064183935   2.33093850503399e-13
0.0036749930800564963   2.3287836071080145e-13
0.0036783797718286343   2.3266307343706884e-13
0.003681769584608321   2.3244798847631787e-13
0.0036851625212717307   2.3223310562294695e-13
0.003688558584697676   2.3201842467163697e-13
0.0036919577777676264   2.3180394541734927e-13
0.0036953601033657075   2.315896676553254e-13
0.0036987655643786975   2.3137559118108676e-13
0.003702174163696048   2.311617157904328e-13
0.003705585904209861   2.3094804127944165e-13
0.0037090007888149036   2.30734567444469e-13
0.003712418820408623   2.3052129408214644e-13
0.0037158400018911237   2.303082209893823e-13
0.0037192643361651876   2.3009534796336e-13
0.0037226918261362716   2.298826748015377e-13
0.0037261224747125055   2.2967020130164784e-13
0.003729556284804712   2.294579272616951e-13
0.0037329932593263837   2.292458524799578e-13
0.003736433401193698   2.290339767549862e-13
0.003739876713325532   2.288222998856011e-13
0.00374332319864344   2.286108216708944e-13
0.0037467728600716742   2.28399541910228e-13
0.0037502257005371806   2.281884604032331e-13
0.0037536817229695983   2.2797757694980957e-13
0.0037571409303012782   2.277668913501247e-13
0.003760603325467263   2.275564034046137e-13
0.0037640689114052978   2.2734611291397862e-13
0.003767537691055849   2.2713601967918667e-13
0.0037710096673620797   2.2692612350147125e-13
0.00377448484326987   2.267164241823302e-13
0.0037779632217278137   2.2650692152352554e-13
0.003781444805687219   2.2629761532708292e-13
0.0037849295981021254   2.2608850539529018e-13
0.0037884176019292825   2.2587959153069793e-13
0.0037919088201281656   2.256708735361185e-13
0.0037954032556609878   2.254623512146244e-13
0.0037989009114926813   2.2525402436954916e-13
0.003802401790590914   2.2504589280448577e-13
0.0038059058959260886   2.2483795632328625e-13
0.003809413230471342   2.2463021473006138e-13
0.003812923797202562   2.2442266782917907e-13
0.0038164375990983675   2.2421531542526504e-13
0.0038199546391401223   2.2400815732320178e-13
0.003823474920311949   2.2380119332812718e-13
0.0038269984456007085   2.2359442324543495e-13
0.003830525217996019   2.2338784688077354e-13
0.003834055240490253   2.231814640400455e-13
0.003837588516078537   2.229752745294075e-13
0.003841125047758769   2.227692781552682e-13
0.003844664838531599   2.2256347472428948e-13
0.0038482078914004406   2.223578640433851e-13
0.0038517542093714887   2.2215244591971937e-13
0.003855303795453696   2.2194722016070785e-13
0.0038588566526587915   2.2174218657401598e-13
0.0038624127840012805   2.215373449675586e-13
0.0038659721924984417   2.2133269514949997e-13
0.003869534881170347   2.2112823692825165e-13
0.0038731008530398397   2.2092397011247386e-13
0.0038766701111325468   2.2071989451107385e-13
0.0038802426584768983   2.2051600993320484e-13
0.003883818498104101   2.2031231618826695e-13
0.0038873976330481602   2.2010881308590533e-13
0.0038909800663458768   2.1990550043601006e-13
0.0038945658010368462   2.197023780487159e-13
0.0038981548401634774   2.1949944573440064e-13
0.0039017471867709703   2.1929670330368608e-13
0.003905342843907332   2.1909415056743649e-13
0.0039089418146233896   2.1889178733675788e-13
0.003912544101972771   2.1868961342299826e-13
0.003916149709011917   2.1848762863774672e-13
0.003919758638800096   2.1828583279283236e-13
0.003923370894399388   2.1808422570032452e-13
0.003926986478874693   2.1788280717253204e-13
0.003930605395293741   2.176815770220024e-13
0.00393422764672708   2.174805350615217e-13
0.003937853236248103   2.1727968110411324e-13
0.003941482166933024   2.1707901496303797e-13
0.003945114441860889   2.1687853645179389e-13
0.003948750064113595   2.1667824538411407e-13
0.003952389036775866   2.164781415739684e-13
0.003956031362935275   2.1627822483556135e-13
0.003959677045682238   2.16078494983332e-13
0.003963326088110017   2.1587895183195392e-13
0.003966978493314736   2.1567959519633337e-13
0.003970634264395358   2.154804248916104e-13
0.003974293404453704   2.1528144073315772e-13
0.003977955916594467   2.1508264253657907e-13
0.003981621803925185   2.1488403011771063e-13
0.003985291069556268   2.146856032926192e-13
0.003988963716600989   2.1448736187760217e-13
0.003992639748175489   2.1428930568918704e-13
0.003996319167398789   2.1409143454413008e-13
0.0040000019773927765   2.1389374825941737e-13
0.004003688181282213   2.136962466522632e-13
0.004007377782194753   2.1349892954010944e-13
0.00401107078326092   2.133017967406259e-13
0.004014767187614129   2.131048480717091e-13
0.004018466998390679   2.1290808335148216e-13
0.004022170218729759   2.1271150239829444e-13
0.00402587685177346   2.1251510503072012e-13
0.004029586900666758   2.123188910675589e-13
0.0040333003685575275   2.1212286032783524e-13
0.004037017258596553   2.1192701263079683e-13
0.004040737573937517   2.117313477959155e-13
0.004044461317737005   2.1153586564288623e-13
0.004048188493154516   2.1134056599162628e-13
0.004051919103352455   2.111454486622755e-13
0.004055653151496154   2.1095051347519461e-13
0.00405939064075385   2.107557602509661e-13
0.004063131574296698   2.1056118881039333e-13
0.004066875955298791   2.103667989744991e-13
0.004070623786937131   2.101725905645268e-13
0.004074375072391653   2.0997856340193866e-13
0.004078129814845226   2.0978471730841593e-13
0.004081888017483643   2.0959105210585837e-13
0.004085649683495647   2.0939756761638303e-13
0.0040894148160729085   2.0920426366232507e-13
0.004093183418410039   2.0901114006623658e-13
0.004096955493704604   2.0881819665088566e-13
0.004100731045157107   2.0862543323925694e-13
0.004104510075971002   2.0843284965455075e-13
0.004108292589352696   2.0824044572018234e-13
0.004112078588511548   2.08048221259782e-13
0.004115868076659885   2.0785617609719371e-13
0.004119661057012984   2.0766431005647582e-13
0.004123457532789083   2.074726229619001e-13
0.004127257507209401   2.0728111463795077e-13
0.004131060983498108   2.0708978490932506e-13
0.004134867964882356   2.0689863360093192e-13
0.0041386784545922655   2.0670766053789224e-13
0.004142492455860932   2.0651686554553815e-13
0.004146309971924443   2.0632624844941185e-13
0.0041501310060218545   2.0613580907526658e-13
0.00415395556139521   2.059455472490654e-13
0.00415778364128955   2.0575546279698034e-13
0.004161615248952895   2.0556555554539293e-13
0.004165450387636263   2.053758253208931e-13
0.004169289060593666   2.0518627195027917e-13
0.0041731312710821125   2.049968952605572e-13
0.004176977022361624   2.048076950789401e-13
0.004180826317695215   2.0461867123284807e-13
0.004184679160348906   2.0442982354990815e-13
0.0041885355535917395   2.0424115185795272e-13
0.004192395500695759   2.0405265598502018e-13
0.004196259004936023   2.0386433575935454e-13
0.00420012606959062   2.0367619100940376e-13
0.004203996697940649   2.0348822156382101e-13
0.004207870893270233   2.0330042725146312e-13
0.004211748658866526   2.031128079013906e-13
0.004215629998019704   2.0292536334286736e-13
0.004219514914022988   2.0273809340535946e-13
0.004223403410172623   2.025509979185358e-13
0.004227295489767889   2.0236407671226764e-13
0.004231191156111123   2.0217732961662684e-13
0.004235090412507689   2.0199075646188707e-13
0.004238993262266001   2.018043570785228e-13
0.004242899708697526   2.0161813129720865e-13
0.004246809755116774   2.014320789488196e-13
0.004250723404841324   2.0124619986442947e-13
0.0042546406611918015   2.0106049387531192e-13
0.004258561527491888   2.0087496081293939e-13
0.004262486007068344   2.0068960050898222e-13
0.004266414103250982   2.005044127953092e-13
0.004270345819372688   2.0031939750398675e-13
0.0042742811587694165   2.0013455446727844e-13
0.004278220124780196   1.9994988351764477e-13
0.0042821627207471425   1.9976538448774236e-13
0.00428610895001544   1.995810572104243e-13
0.004290058815933355   1.9939690151873957e-13
0.004294012321852252   1.9921291724593168e-13
0.004297969471126571   1.9902910422544003e-13
0.00430193026711385   1.98845462290898e-13
0.004305894713174717   1.9866199127613339e-13
0.004309862812672897   1.9847869101516793e-13
0.004313834568975224   1.9829556134221638e-13
0.004317809985451624   1.9811260209168692e-13
0.004321789065475127   1.979298130981806e-13
0.0043257718124218875   1.9774719419649016e-13
0.004329758229671155   1.97564745221601e-13
0.0043337483206052985   1.9738246600868975e-13
0.004337742088609805   1.9720035639312445e-13
0.004341739537073275   1.9701841621046409e-13
0.004345740669387446   1.9683664529645768e-13
0.0043497454889471696   1.966550434870448e-13
0.004353753999150424   1.9647361061835503e-13
0.004357766203398332   1.962923465267066e-13
0.004361782105095138   1.961112510486075e-13
0.004365801707648228   1.9593032402075428e-13
0.004369825014468129   1.9574956528003168e-13
0.004373852028968504   1.9556897466351281e-13
0.0043778827545661765   1.953885520084578e-13
0.004381917194681108   1.9520829715231448e-13
0.004385955352736407   1.9502820993271795e-13
0.004389997232158354   1.9484829018748905e-13
0.00439404283637637   1.946685377546355e-13
0.004398092168823045   1.9448895247235083e-13
0.004402145232934128   1.943095341790141e-13
0.0044062020321485335   1.941302827131897e-13
0.004410262569908356   1.9395119791362624e-13
0.004414326849658849   1.9377227961925764e-13
0.004418394874848442   1.935935276692018e-13
0.004422466648928755   1.9341494190276e-13
0.004426542175354577   1.9323652215941753e-13
0.004430621457583882   1.9305826827884264e-13
0.004434704499077834   1.9288018010088655e-13
0.00443879130330078   1.9270225746558287e-13
0.004442881873720275   1.9252450021314706e-13
0.004446976213807053   1.92346908183977e-13
0.00445107432703505   1.921694812186516e-13
0.004455176216881415   1.91992219157931e-13
0.004459281886826487   1.9181512184275623e-13
0.004463391340353819   1.9163818911424887e-13
0.004467504580950172   1.914614208137106e-13
0.004471621612105519   1.9128481678262308e-13
0.004475742437313059   1.91108376862647e-13
0.004479867060069198   1.909321008956228e-13
0.004483995483873566   1.907559887235697e-13
0.004488127712229028   1.90580040188685e-13
0.004492263748641668   1.9040425513334468e-13
0.004496403596620796   1.902286334001027e-13
0.0045005472596789725   1.9005317483169005e-13
0.004504694741331982   1.8987787927101538e-13
0.004508846045098853   1.897027465611642e-13
0.004513001174501855   1.8952777654539884e-13
0.0045171601330665015   1.8935296906715782e-13
0.004521322924321567   1.8917832397005517e-13
0.0045254895517990645   1.8900384109788132e-13
0.004529660019034263   1.8882952029460186e-13
0.0045338343295657025   1.8865536140435707e-13
0.0045380124869351685   1.884813642714624e-13
0.004542194494687718   1.8830752874040755e-13
0.0045463803563716735   1.8813385465585649e-13
0.004550570075538622   1.8796034186264706e-13
0.004554763655743439   1.8778699020579008e-13
0.004558961100544261   1.8761379953047013e-13
0.004563162413502503   1.8744076968204486e-13
0.004567367598182878   1.8726790050604369e-13
0.0045715766581533685   1.870951918481691e-13
0.00457578959698525   1.869226435542953e-13
0.004580006418253089   1.8675025547046829e-13
0.004584227125534742   1.8657802744290544e-13
0.004588451722411377   1.864059593179949e-13
0.004592680212467446   1.862340509422961e-13
0.004596912599290706   1.8606230216253886e-13
0.004601148886472237   1.858907128256228e-13
0.004605389077606408   1.8571928277861804e-13
0.004609633176290911   1.855480118687639e-13
0.004613881186126749   1.8537689994346934e-13
0.004618133110718242   1.8520594685031222e-13
0.004622388953673045   1.8503515243703886e-13
0.004626648718602122   1.8486451655156448e-13
0.004630912409119766   1.8469403904197245e-13
0.004635180028843615   1.8452371975651344e-13
0.004639451581394625   1.8435355854360634e-13
0.004643727070397097   1.8418355525183704e-13
0.004648006499478669   1.840137097299586e-13
0.004652289872270317   1.8384402182689095e-13
0.00465657719240638   1.836744913917198e-13
0.00466086846352453   1.8350511827369763e-13
0.004665163689265792   1.8333590232224294e-13
0.00466946287327456   1.8316684338693919e-13
0.0046737660191985735   1.8299794131753554e-13
0.004678073130688937   1.8282919596394624e-13
0.00468238421140012   1.826606071762503e-13
0.004686699264989956   1.8249217480469117e-13
0.004691018295119662   1.823238986996763e-13
0.004695341305453816   1.821557787117773e-13
0.0046996682996603735   1.819878146917296e-13
0.0047039992814106825   1.8182000649043143e-13
0.004708334254379462   1.8165235395894473e-13
0.004712673222244821   1.8148485694849397e-13
0.004717016188688259   1.8131751531046627e-13
0.004721363157394662   1.8115032889641133e-13
0.004725714132052328   1.8098329755804009e-13
0.004730069116352938   1.80816421147226e-13
0.004734428113991576   1.8064969951600382e-13
0.004738791128666746   1.8048313251656911e-13
0.004743158164080344   1.8031672000127893e-13
0.004747529223937685   1.8015046182265077e-13
0.004751904311947496   1.7998435783336258e-13
0.0047562834318219185   1.7981840788625266e-13
0.00476066658727653   1.7965261183431857e-13
0.004765053782030315   1.794869695307182e-13
0.004769445019805687   1.7932148082876873e-13
0.0047738403043285065   1.7915614558194584e-13
0.004778239639328049   1.7899096364388462e-13
0.004782643028537034   1.7882593486837863e-13
0.004787050475691621   1.786610591093798e-13
0.004791461984531405   1.7849633622099816e-13
0.0047958775587994456   1.7833176605750107e-13
0.0048002972022422345   1.7816734847331405e-13
0.004804720918609717   1.7800308332301987e-13
0.004809148711655309   1.778389704613578e-13
0.004813580585135871   1.776750097432244e-13
0.004818016542811724   1.7751120102367287e-13
0.004822456588446671   1.7734754415791207e-13
0.004826900725807968   1.7718403900130746e-13
0.004831348958666346   1.770206854093802e-13
0.004835801290796014   1.7685748323780675e-13
0.004840257725974652   1.766944323424192e-13
0.004844718267983436   1.7653153257920415e-13
0.004849182920607014   1.763687838043034e-13
0.00485365168763352   1.7620618587401342e-13
0.004858124572854593   1.7604373864478438e-13
0.004862601580065354   1.7588144197322092e-13
0.004867082713064423   1.757192957160815e-13
0.0048715679756539225   1.7555729973027797e-13
0.004876057371639476   1.7539545387287577e-13
0.004880550904830224   1.7523375800109284e-13
0.004885048579038806   1.7507221197230047e-13
0.004889550398081375   1.749108156440225e-13
0.004894056365777613   1.7474956887393463e-13
0.004898566485950711   1.745884715198652e-13
0.004903080762427385   1.744275234397942e-13
0.004907599199037879   1.7426672449185317e-13
0.004912121799615962   1.741060745343255e-13
0.00491664856799895   1.7394557342564472e-13
0.00492117950802768   1.7378522102439633e-13
0.004925714623546531   1.736250171893161e-13
0.0049302539184034365   1.7346496177928995e-13
0.004934797396449864   1.733050546533543e-13
0.004939345061540832   1.7314529567069562e-13
0.004943896917534915   1.7298568469064997e-13
0.004948452968294237   1.728262215727031e-13
0.004953013217684496   1.726669061764895e-13
0.0049575776695749375   1.7250773836179333e-13
0.004962146327838372   1.723487179885474e-13
0.004966719196351195   1.7218984491683267e-13
0.00497129627899336   1.7203111900687897e-13
0.004975877579648399   1.7187254011906403e-13
0.004980463102203425   1.7171410811391353e-13
0.004985052850549124   1.7155582285210098e-13
0.00498964682857979   1.713976841944467e-13
0.004994245040193284   1.7123969200191893e-13
0.0049988474892910615   1.7108184613563278e-13
0.005003454179778188   1.709241464568496e-13
0.005008065115563314   1.7076659282697783e-13
0.005012680300558696   1.7060918510757196e-13
0.005017299738680195   1.7045192316033274e-13
0.005021923433847279   1.7029480684710687e-13
0.005026551389983037   1.7013783602988607e-13
0.005031183611014164   1.6998101057080822e-13
0.00503582010087097   1.698243303321563e-13
0.005040460863487406   1.6966779517635762e-13
0.0050451059028010295   1.6951140496598497e-13
0.0050497552227530326   1.693551595637555e-13
0.00505440882728824   1.6919905883253056e-13
0.005059066720355107   1.6904310263531595e-13
0.005063728905905742   1.6888729083526061e-13
0.005068395387895881   1.6873162329565792e-13
0.005073066170284904   1.6857609987994465e-13
0.005077741257035856   1.6842072045170016e-13
0.0050824206521154205   1.6826548487464755e-13
0.005087104359493938   1.6811039301265247e-13
0.005091792383145412   1.6795544472972323e-13
0.005096484727047498   1.6780063989001054e-13
0.005101181395181538   1.6764597835780701e-13
0.005105882391532524   1.6749145999754768e-13
0.005110587720089121   1.6733708467380918e-13
0.005115297384843687   1.671828522513093e-13
0.005120011389792241   1.6702876259490765e-13
0.0051247297389344915   1.6687481556960495e-13
0.005129452436273833   1.6672101104054252e-13
0.005134179485817342   1.6656734887300284e-13
0.005138910891575806   1.6641382893240833e-13
0.005143646657563693   1.6626045108432213e-13
0.0051483867877991675   1.6610721519444746e-13
0.005153131286304116   1.6595412112862704e-13
0.005157880157104113   1.6580116875284371e-13
0.00516263340422845   1.656483579332196e-13
0.005167391031710126   1.6549568853601634e-13
0.0051721530435858715   1.6534316042763402e-13
0.005176919443896122   1.6519077347461212e-13
0.005181690236685042   1.6503852754362873e-13
0.0051864654260005165   1.648864225015005e-13
0.005191245015894178   1.6473445821518173e-13
0.005196029010421376   1.6458263455176537e-13
0.005200817413641198   1.644309513784823e-13
0.005205610229616486   1.6427940856270045e-13
0.005210407462413813   1.6412800597192569e-13
0.005215209116103505   1.6397674347380113e-13
0.005220015194759635   1.6382562093610673e-13
0.005224825702460029   1.6367463822675965e-13
0.005229640643286286   1.6352379521381314e-13
0.00523446002132375   1.633730917654574e-13
0.005239283840661529   1.6322252775001898e-13
0.005244112105392517   1.6307210303595993e-13
0.005248944819613364   1.6292181749187873e-13
0.005253781987424498   1.6277167098650932e-13
0.005258623612930129   1.626216633887212e-13
0.0052634697002382404   1.6247179456751926e-13
0.0052683202534606205   1.6232206439204314e-13
0.00527317527671283   1.6217247273156768e-13
0.005278034774114221   1.620230194555027e-13
0.005282898749787959   1.6187370443339168e-13
0.005287767207860993   1.617245275349134e-13
0.00529264015246408   1.6157548862988027e-13
0.005297517587731784   1.6142658758823875e-13
0.005302399517802475   1.6127782428006926e-13
0.0053072859468183495   1.6112919857558538e-13
0.00531217687892541   1.609807103451344e-13
0.005317072318273476   1.6083235945919694e-13
0.005321972269016208   1.60684145788386e-13
0.00532687673531108   1.605360692034482e-13
0.0053317857213193995   1.6038812957526228e-13
0.005336699231206312   1.6024032677483972e-13
0.0053416172691407955   1.6009266067332411e-13
0.005346539839295684   1.5994513114199101e-13
0.005351466945847643   1.5979773805224804e-13
0.005356398592977186   1.5965048127563483e-13
0.005361334784868695   1.5950336068382172e-13
0.005366275525710393   1.5935637614861118e-13
0.0053712208196943665   1.5920952754193654e-13
0.0053761706710165665   1.5906281473586214e-13
0.005381125083876805   1.5891623760258324e-13
0.005386084062478781   1.5876979601442525e-13
0.005391047611030051   1.5862348984384454e-13
0.005396015733742048   1.584773189634277e-13
0.005400988434830102   1.5833128324589087e-13
0.005405965718513414   1.581853825640807e-13
0.005410947589015077   1.5803961679097336e-13
0.005415934050562075   1.5789398579967434e-13
0.005420925107385284   1.5774848946341887e-13
0.005425920763719493   1.576031276555709e-13
0.005430921023803378   1.5745790024962375e-13
0.005435925891879522   1.5731280711919965e-13
0.005440935372194433   1.571678481380489e-13
0.005445949468998518   1.5702302318005084e-13
0.005450968186546104   1.5687833211921282e-13
0.00545599152909544   1.5673377482967053e-13
0.005461019500908691   1.5658935118568762e-13
0.005466052106251972   1.5644506106165502e-13
0.005471089349395308   1.5630090433209183e-13
0.0054761312346126596   1.5615688087164442e-13
0.005481177766181945   1.5601299055508614e-13
0.005486228948385006   1.5586923325731772e-13
0.005491284785507636   1.557256088533668e-13
0.00549634528183958   1.5558211721838757e-13
0.0055014104416745285   1.55438758227661e-13
0.005506480269310146   1.5529553175659408e-13
0.005511554769048041   1.5515243768072045e-13
0.005516633945193785   1.5500947587569979e-13
0.005521717802056938   1.5486664621731705e-13
0.0055268063439510105   1.5472394858148363e-13
0.005531899575193495   1.545813828442361e-13
0.005536997500105863   1.5443894888173645e-13
0.005542100123013563   1.542966465702722e-13
0.005547207448246047   1.541544757862551e-13
0.005552319480136738   1.540124364062226e-13
0.005557436223023054   1.5387052830683669e-13
0.005562557681246426   1.5372875136488335e-13
0.005567683859152271   1.5358710545727355e-13
0.005572814761090009   1.534455904610424e-13
0.005577950391413085   1.5330420625334845e-13
0.005583090754478939   1.531629527114749e-13
0.0055882358546490325   1.5302182971282823e-13
0.005593385696288848   1.5288083713493853e-13
0.0055985402837678815   1.527399748554596e-13
0.005603699621459676   1.5259924275216771e-13
0.005608863713741786   1.5245864070296292e-13
0.0056140325649958025   1.523181685858679e-13
0.005619206179607369   1.5217782627902784e-13
0.005624384561966154   1.520376136607109e-13
0.005629567716465878   1.5189753060930735e-13
0.00563475564750431   1.5175757700332993e-13
0.005639948359483266   1.5161775272141341e-13
0.005645145856808635   1.5147805764231417e-13
0.0056503481438903505   1.513384916449108e-13
0.005655555225142409   1.5119905460820336e-13
0.005660767104982892   1.5105974641131303e-13
0.0056659837878339355   1.5092056693348273e-13
0.005671205278121756   1.5078151605407635e-13
0.0056764315802766505   1.5064259365257857e-13
0.00568166269873299   1.5050379960859538e-13
0.005686898637929253   1.5036513380185268e-13
0.005692139402307988   1.502265961121975e-13
0.005697384996315839   1.5008818641959706e-13
0.005702635424403564   1.4994990460413836e-13
0.005707890691026007   1.4981175054602902e-13
0.005713150800642121   1.496737241255961e-13
0.005718415757714971   1.4953582522328676e-13
0.005723685566711726   1.4939805371966752e-13
0.005728960232103692   1.49260409495424e-13
0.0057342397583662755   1.491228924313616e-13
0.005739524149979009   1.4898550240840467e-13
0.0057448134114255695   1.4884823930759617e-13
0.0057501075471937495   1.487111030100983e-13
0.005755406561775483   1.4857409339719157e-13
0.005760710459666842   1.484372103502753e-13
0.005766019245368039   1.4830045375086706e-13
0.005771332923383448   1.4816382348060213e-13
0.005776651498221578   1.4802731942123447e-13
0.005781974974395094   1.478909414546358e-13
0.0057873033564208335   1.4775468946279502e-13
0.005792636648819782   1.4761856332781933e-13
0.005797974856117098   1.4748256293193296e-13
0.005803317982842108   1.4734668815747748e-13
0.005808666033528306   1.4721093888691185e-13
0.005814019012713383   1.4707531500281148e-13
0.005819376924939195   1.4693981638786906e-13
0.005824739774751782   1.4680444292489398e-13
0.005830107566701391   1.4666919449681165e-13
0.005835480305342445   1.4653407098666448e-13
0.0058408579952335705   1.4639907227761083e-13
0.005846240640937595   1.4626419825292523e-13
0.005851628247021542   1.461294487959982e-13
0.005857020818056668   1.4599482379033577e-13
0.0058624183586184165   1.4586032311955998e-13
0.005867820873286454   1.4572594666740837e-13
0.005873228366644681   1.455916943177334e-13
0.005878640843281208   1.4545756595450331e-13
0.005884058307788376   1.453235614618011e-13
0.00588948076476276   1.4518968072382478e-13
0.005894908218805166   1.450559236248873e-13
0.005900340674520654   1.449222900494158e-13
0.005905778136518516   1.4478877988195233e-13
0.0059112206094122845   1.4465539300715327e-13
0.005916668097819768   1.4452212930978897e-13
0.005922120606363008   1.4438898867474404e-13
0.0059275781396683136   1.4425597098701697e-13
0.005933040702366258   1.4412307613172008e-13
0.005938508299091674   1.4399030399407932e-13
0.005943980934483682   1.4385765445943394e-13
0.005949458613185666   1.437251274132368e-13
0.005954941339845281   1.435927227410541e-13
0.005960429119114489   1.4346044032856455e-13
0.005965921955649519   1.4332828006156035e-13
0.00597141985411089   1.4319624182594643e-13
0.005976922819163436   1.4306432550774e-13
0.005982430855476269   1.4293253099307123e-13
0.005987943967722814   1.4280085816818244e-13
0.005993462160580798   1.4266930691942824e-13
0.005998985438732256   1.4253787713327555e-13
0.0060045138068635555   1.4240656869630271e-13
0.006010047269665363   1.4227538149520037e-13
0.006015585831832669   1.4214431541677094e-13
0.006021129498064809   1.420133703479278e-13
0.00602667827306543   1.4188254617569632e-13
0.00603223216154252   1.4175184278721294e-13
0.006037791168208407   1.4162126006972524e-13
0.006043355297779753   1.4149079791059198e-13
0.006048924554977588   1.413604561972823e-13
0.006054498944527271   1.4123023481737656e-13
0.0060600784711585184   1.4110013365856577e-13
0.0060656631396054225   1.4097015260865082e-13
0.00607125295460642   1.4084029155554345e-13
0.0060768479209043205   1.4071055038726555e-13
0.006082448043246304   1.4058092899194884e-13
0.006088053326383919   1.404514272578353e-13
0.006093663775073114   1.4032204507327627e-13
0.006099279394074197   1.4019278232673303e-13
0.006104900188151866   1.4006363890677658e-13
0.00611052616207523   1.3993461470208677e-13
0.006116157320617769   1.398057096014531e-13
0.006121793668557373   1.3967692349377414e-13
0.0061274352106763345   1.3954825626805747e-13
0.0061330819517613445   1.3941970781341958e-13
0.006138733896603525   1.3929127801908543e-13
0.006144391049998397   1.3916296677438885e-13
0.006150053416745897   1.3903477396877214e-13
0.006155721001650406   1.3890669949178566e-13
0.006161393809520712   1.3877874323308835e-13
0.006167071845170043   1.3865090508244702e-13
0.006172755113416061   1.385231849297365e-13
0.006178443619080862   1.3839558266493954e-13
0.006184137366991004   1.3826809817814625e-13
0.006189836361977475   1.3814073135955458e-13
0.006195540608875715   1.3801348209946996e-13
0.006201250112525638   1.3788635028830485e-13
0.006206964877771601   1.3775933581657912e-13
0.0062126849094624285   1.376324385749197e-13
0.006218410212451418   1.3750565845406023e-13
0.006224140791596329   1.3737899534484157e-13
0.006229876651759419   1.372524491382106e-13
0.006235617797807406   1.3712601972522127e-13
0.006241364234611494   1.369997069970339e-13
0.006247115967047396   1.368735108449147e-13
0.006252872999995296   1.3674743116023647e-13
0.006258635338339885   1.3662146783447784e-13
0.006264402986970352   1.3649562075922344e-13
0.00627017595078039   1.3636988982616384e-13
0.0062759542346682165   1.362442749270947e-13
0.006281737843536546   1.3611877595391772e-13
0.006287526782292611   1.3599339279864003e-13
0.006293321055848185   1.3586812535337362e-13
0.006299120669119548   1.3574297351033608e-13
0.006304925627027518   1.3561793716184982e-13
0.006310735934497449   1.3549301620034222e-13
0.006316551596459224   1.3536821051834555e-13
0.006322372617847293   1.3524352000849633e-13
0.00632819900360063   1.3511894456353615e-13
0.006334030758662762   1.3499448407631088e-13
0.006339867887981793   1.3487013843977026e-13
0.006345710396510364   1.3474590754696875e-13
0.006351558289205688   1.3462179129106463e-13
0.006357411571029549   1.344977895653202e-13
0.006363270246948292   1.343739022631015e-13
0.006369134321932863   1.3425012927787816e-13
0.006375003800958766   1.341264705032234e-13
0.006380878689006092   1.3400292583281427e-13
0.006386758991059541   1.3387949516043056e-13
0.006392644712108386   1.337561783799556e-13
0.006398535857146499   1.3363297538537585e-13
0.006404432431172373   1.3350988607078047e-13
0.006410334439189087   1.3338691033036166e-13
0.00641624188620434   1.3326404805841434e-13
0.0064221547772304426   1.3314129914933607e-13
0.006428073117284319   1.3301866349762686e-13
0.0064339969113875375   1.3289614099788876e-13
0.006439926164566273   1.327737315448266e-13
0.006445860881851334   1.3265143503324716e-13
0.006451801068278181   1.32529251358059e-13
0.006457746728886901   1.3240718041427276e-13
0.006463697868722226   1.3228522209700094e-13
0.006469654492833543   1.3216337630145751e-13
0.006475616606274882   1.3204164292295825e-13
0.006481584214104949   1.3192002185691998e-13
0.006487557321387097   1.317985129988611e-13
0.006493535933189341   1.3167711624440124e-13
0.006499520054584387   1.315558314892608e-13
0.006505509690649598   1.3143465862926143e-13
0.00651150484646702   1.3131359756032545e-13
0.006517505527123384   1.3119264817847615e-13
0.0065235117377101005   1.3107181037983731e-13
0.006529523483323294   1.309510840606329e-13
0.006535540769063765   1.3083046911718762e-13
0.0065415636000370125   1.3070996544592646e-13
0.006547591981353264   1.3058957294337427e-13
0.006553625918127431   1.3046929150615616e-13
0.006559665415479151   1.3034912103099718e-13
0.006565710478532777   1.30229061414722e-13
0.006571761112417377   1.3010911255425536e-13
0.006577817322266768   1.2998927434662096e-13
0.0065838791132194745   1.298695466889425e-13
0.00658994649041876   1.2974992947844294e-13
0.0065960194590126454   1.2963042261244418e-13
0.0066020980241538775   1.2951102598836757e-13
0.006608182190999956   1.2939173950373332e-13
0.006614271964713136   1.2927256305616067e-13
0.006620367350460423   1.291534965433677e-13
0.006626468353413601   1.290345398631707e-13
0.006632574978749204   1.2891569291348501e-13
0.006638687231648534   1.2879695559232444e-13
0.006644805117297688   1.2867832779780065e-13
0.006650928640887525   1.2855980942812406e-13
0.00665705780761369   1.2844140038160292e-13
0.0066631926226766195   1.283231005566436e-13
0.006669333091281533   1.2820490985175056e-13
0.006675479218638471   1.2808682816552544e-13
0.00668163100996225   1.2796885539666814e-13
0.006687788470472496   1.2785099144397605e-13
0.006693951605393664   1.2773323620634365e-13
0.0067001204199550034   1.2761558958276318e-13
0.00670629491939059   1.2749805147232388e-13
0.006712475108939324   1.273806217742123e-13
0.006718660993844922   1.2726330038771192e-13
0.006724852579355958   1.27146087212203e-13
0.006731049870725822   1.270289821471627e-13
0.006737252873212744   1.2691198509216513e-13
0.006743461592079821   1.2679509594688043e-13
0.0067496760325949775   1.2667831461107575e-13
0.006755896200031003   1.265616409846143e-13
0.006762122099665544   1.2644507496745568e-13
0.006768353736781103   1.2632861645965582e-13
0.006774591116665073   1.2621226536136614e-13
0.006780834244609699   1.2609602157283453e-13
0.006787083125912102   1.2597988499440461e-13
0.006793337765874306   1.2586385552651545e-13
0.006799598169803198   1.2574793306970206e-13
0.006805864343010567   1.256321175245948e-13
0.006812136290813094   1.2551640879191946e-13
0.006818414018532352   1.254008067724974e-13
0.006824697531494841   1.2528531136724452e-13
0.006830986835031948   1.2516992247717243e-13
0.006837281934479973   1.2505464000338764e-13
0.006843582835180154   1.2493946384709106e-13
0.006849889542478633   1.248243939095789e-13
0.006856202061726473   1.2470943009224202e-13
0.006862520398279697   1.2459457229656534e-13
0.006868844557499236   1.2447982042412873e-13
0.006875174544750972   1.2436517437660624e-13
0.006881510365405732   1.2425063405576628e-13
0.006887852024839283   1.2413619936347133e-13
0.006894199528432369   1.2402187020167772e-13
0.006900552881570672   1.2390764647243595e-13
0.006906912089644836   1.2379352807789045e-13
0.006913277158050494   1.23679514920279e-13
0.006919648092188231   1.2356560690193332e-13
0.006926024897463615   1.2345180392527861e-13
0.006932407579287195   1.2333810589283344e-13
0.0069387961430745024   1.2322451270720976e-13
0.006945190594246076   1.2311102427111257e-13
0.006951590938227431   1.2299764048734012e-13
0.006957997180449083   1.228843612587838e-13
0.0069644093263465726   1.2277118648842758e-13
0.006970827381360427   1.2265811607934847e-13
0.006977251350936197   1.2254514993471611e-13
0.006983681240524449   1.2243228795779284e-13
0.006990117055580767   1.2231953005193353e-13
0.006996558801565783   1.2220687612058515e-13
0.007003006483945141   1.2209432606728721e-13
0.00700946010818952   1.219818797956716e-13
0.007015919679774664   1.2186953720946182e-13
0.00702238520418134   1.217572982124738e-13
0.007028856686895376   1.2164516270861516e-13
0.00703533413340765   1.215331306018854e-13
0.007041817549214098   1.2142120179637584e-13
0.007048306939815741   1.2130937619626897e-13
0.007054802310718645   1.2119765370583926e-13
0.007061303667433956   1.2108603422945239e-13
0.0070678110154779135   1.2097451767156517e-13
0.007074324360371825   1.2086310393672586e-13
0.007080843707642089   1.207517929295738e-13
0.007087369062820199   1.206405845548392e-13
0.0070939004314427385   1.205294787173434e-13
0.007100437819051415   1.2041847532199816e-13
0.0071069812311930205   1.2030757427380626e-13
0.007113530673419459   1.2019677547786118e-13
0.007120086151287774   1.2008607883934645e-13
0.007126647670360106   1.1997548426353648e-13
0.00713321523620373   1.1986499165579577e-13
0.007139788854391051   1.1975460092157912e-13
0.007146368530499604   1.196443119664315e-13
0.007152954270112081   1.1953412469598765e-13
0.007159546078816301   1.1942403901597247e-13
0.007166143962205232   1.1931405483220079e-13
0.0071727479258770176   1.192041720505767e-13
0.007179357975434938   1.1909439057709447e-13
0.007185974116487444   1.189847103178376e-13
0.007192596354648156   1.1887513117897913e-13
0.00719922469553586   1.1876565306678158e-13
0.007205859144774542   1.1865627588759627e-13
0.0072124997079933495   1.185469995478641e-13
0.007219146390826615   1.184378239541151e-13
0.007225799198913888   1.1832874901296777e-13
0.007232458137899891   1.1821977463112992e-13
0.007239123213434558   1.1811090071539794e-13
0.007245794431173029   1.18002127172657e-13
0.007252471796775648   1.178934539098809e-13
0.007259155315907995   1.177848808341316e-13
0.007265844994240853   1.176764078525598e-13
0.007272540837450228   1.1756803487240447e-13
0.0072792428512173804   1.1745976180099252e-13
0.007285951041228784   1.1735158854573924e-13
0.007292665413176159   1.1724351501414782e-13
0.007299385972756472   1.1713554111380944e-13
0.007306112725671932   1.1702766675240312e-13
0.007312845677630025   1.169198918376954e-13
0.007319584834343475   1.1681221627754072e-13
0.007326330201530269   1.1670463997988104e-13
0.007333081784913688   1.165971628527455e-13
0.0073398395902222625   1.1648978480425094e-13
0.007346603623189804   1.1638250574260145e-13
0.00735337388955543   1.1627532557608792e-13
0.007360150395063525   1.1616824421308874e-13
0.007366933145463771   1.1606126156206916e-13
0.007373722146511156   1.159543775315812e-13
0.007380517403965955   1.1584759203026402e-13
0.0073873189235937825   1.1574090496684295e-13
0.007394126711165537   1.1563431625013046e-13
0.007400940772457439   1.1552782578902544e-13
0.007407761113251054   1.154214334925129e-13
0.007414587739333252   1.1531513926966447e-13
0.007421420656496243   1.1520894302963811e-13
0.007428259870537578   1.1510284468167776e-13
0.007435105387260139   1.1499684413511362e-13
0.007441957212472181   1.1489094129936159e-13
0.007448815351987288   1.147851360839237e-13
0.007455679811624403   1.146794283983878e-13
0.007462550597207851   1.1457381815242715e-13
0.007469427714567304   1.14468305255801e-13
0.007476311169537814   1.1436288961835392e-13
0.007483200967959808   1.1425757115001602e-13
0.007490097115679092   1.141523497608028e-13
0.0074969996185468785   1.1404722536081475e-13
0.007503908482419749   1.139421978602378e-13
0.007510823713159686   1.1383726716934296e-13
0.007517745316634091   1.1373243319848598e-13
0.007524673298715755   1.1362769585810777e-13
0.007531607665282888   1.1352305505873394e-13
0.007538548422219114   1.1341851071097493e-13
0.007545495575413473   1.1331406272552577e-13
0.007552449130760457   1.1320971101316586e-13
0.007559409094159964   1.1310545548475923e-13
0.0075663754715173314   1.1300129605125442e-13
0.007573348268743361   1.128972326236838e-13
0.007580327491754277   1.1279326511316442e-13
0.007587313146471765   1.1268939343089716e-13
0.007594305238822969   1.12585617488167e-13
0.007601303774740485   1.1248193719634296e-13
0.007608308760162399   1.1237835246687756e-13
0.00761532020103225   1.122748632113074e-13
0.00762233810329905   1.1217146934125273e-13
0.007629362472917319   1.120681707684171e-13
0.007636393315847039   1.1196496740458783e-13
0.007643430638053695   1.1186185916163556e-13
0.0076504744455082666   1.1175884595151425e-13
0.007657524744187231   1.1165592768626117e-13
0.0076645815400725945   1.1155310427799641e-13
0.007671644839151852   1.1145037563892355e-13
0.00767871464741802   1.1134774168132896e-13
0.007685790970869656   1.1124520231758175e-13
0.007692873815510826   1.11142757460134e-13
0.007699963187351136   1.1104040702152051e-13
0.0077070590924057285   1.1093815091435861e-13
0.0077141615366952835   1.1083598905134836e-13
0.0077212705262460525   1.1073392134527193e-13
0.007728386067089815   1.1063194770899415e-13
0.007735508165263912   1.1053006805546217e-13
0.007742636826811269   1.1042828229770501e-13
0.007749772057780361   1.1032659034883411e-13
0.007756913864225238   1.1022499212204286e-13
0.007764062252205536   1.1012348753060651e-13
0.007771217227786464   1.1002207648788244e-13
0.007778378797038843   1.0992075890730932e-13
0.007785546966039068   1.098195347024079e-13
0.007792721740869132   1.0971840378678054e-13
0.007799903127616656   1.0961736607411082e-13
0.007807091132374849   1.0951642147816396e-13
0.007814285761242542   1.0941556991278661e-13
0.007821487020324185   1.0931481129190657e-13
0.007828694915729848   1.0921414552953292e-13
0.007835909453575257   1.0911357253975553e-13
0.007843130639981745   1.0901309223674571e-13
0.00785035848107629   1.0891270453475557e-13
0.007857592982991537   1.0881240934811784e-13
0.007864834151865764   1.0871220659124627e-13
0.007872081993842902   1.0861209617863532e-13
0.007879336515072567   1.0851207802485977e-13
0.00788659772171002   1.084121520445752e-13
0.007893865619916203   1.083123181525175e-13
0.007901140215857734   1.0821257626350296e-13
0.007908421515706907   1.081129262924282e-13
0.007915709525641725   1.080133681542698e-13
0.007923004251845866   1.0791390176408458e-13
0.007930305700508702   1.0781452703700959e-13
0.007937613877825335   1.0771524388826137e-13
0.00794492878999655   1.0761605223313672e-13
0.007952250443228857   1.07516951987012e-13
0.007959578843734485   1.0741794306534341e-13
0.007966913997731377   1.0731902538366674e-13
0.007974255911443235   1.0722019885759704e-13
0.007981604591099466   1.0712146340282923e-13
0.007988960042935226   1.0702281893513738e-13
0.007996322273191433   1.0692426537037477e-13
0.008003691288114739   1.06825802624474e-13
0.008011067093957555   1.0672743061344683e-13
0.008018449696978057   1.0662914925338401e-13
0.008025839103440182   1.0653095846045535e-13
0.008033235319613656   1.0643285815090928e-13
0.008040638351773969   1.0633484824107329e-13
0.008048048206202385   1.0623692864735362e-13
0.008055464889185989   1.0613909928623482e-13
0.008062888407017629   1.0604136007428037e-13
0.008070318765995961   1.0594371092813208e-13
0.008077755972425452   1.0584615176451014e-13
0.008085200032616362   1.0574868250021319e-13
0.008092650952884797   1.0565130305211789e-13
0.008100108739552657   1.0555401333717917e-13
0.008107573398947665   1.0545681327243032e-13
0.008115044937403405   1.0535970277498207e-13
0.008122523361259269   1.0526268176202349e-13
0.008130008676860503   1.0516575015082142e-13
0.008137500890558199   1.0506890785872041e-13
0.00814500000870929   1.0497215480314287e-13
0.008152506037676597   1.0487549090158843e-13
0.008160018983828779   1.0477891607163459e-13
0.00816753885354036   1.0468243023093633e-13
0.00817506565319177   1.0458603329722565e-13
0.008182599389169288   1.044897251883122e-13
0.008190140067865089   1.043935058220827e-13
0.00819768769567724   1.0429737511650098e-13
0.008205242279009694   1.0420133298960816e-13
0.008212803824272329   1.041053793595219e-13
0.008220372337880909   1.0400951414443711e-13
0.008227947826257109   1.039137372626256e-13
0.008235530295828544   1.0381804863243551e-13
0.008243119753028732   1.0372244817229199e-13
0.008250716204297124   1.0362693580069673e-13
0.00825831965607911   1.0353151143622789e-13
0.008265930114826004   1.0343617499754017e-13
0.0082735475869951   1.0334092640336436e-13
0.008281172079049609   1.0324576557250779e-13
0.008288803597458703   1.0315069242385404e-13
0.00829644214869754   1.030557068763625e-13
0.008304087739247217   1.0296080884906889e-13
0.008311740375594817   1.0286599826108485e-13
0.008319400064233397   1.0277127503159794e-13
0.008327066811661994   1.0267663907987153e-13
0.008334740624385653   1.0258209032524455e-13
0.008342421508915395   1.0248762868713184e-13
0.008350109471768234   1.0239325408502388e-13
0.008357804519467223   1.0229896643848634e-13
0.008365506658541395   1.0220476566716062e-13
0.008373215895525811   1.0211065169076345e-13
0.008380932236961555   1.0201662442908675e-13
0.008388655689395728   1.0192268380199784e-13
0.008396386259381492   1.0182882972943879e-13
0.008404123953478022   1.0173506213142719e-13
0.008411868778250535   1.0164138092805546e-13
0.00841962074027033   1.0154778603949068e-13
0.008427379846114729   1.0145427738597516e-13
0.008435146102367121   1.0136085488782582e-13
0.008442919515616985   1.0126751846543407e-13
0.008450700092459846   1.0117426803926619e-13
0.008458487839497318   1.0108110352986293e-13
0.008466282763337095   1.0098802485783952e-13
0.008474084870592959   1.008950319438856e-13
0.008481894167884804   1.0080212470876487e-13
0.008489710661838604   1.0070930307331561e-13
0.008497534359086439   1.006165669584502e-13
0.008505365266266524   1.0052391628515488e-13
0.008513203390023167   1.0043135097449012e-13
0.00852104873700681   1.003388709475903e-13
0.008528901313874019   1.0024647612566364e-13
0.00853676112728749   1.0015416642999227e-13
0.008544628183916082   1.0006194178193176e-13
0.008552502490434776   9.996980210291155e-14
0.008560384053524705   9.987774731443475e-14
0.00856827287987318   9.978577733807766e-14
0.008576168976173653   9.969389209549021e-14
0.00858407234912575   9.960209150839574e-14
0.00859198300543528   9.951037549859067e-14
0.008599900951814208   9.941874398794496e-14
0.008607826194980725   9.932719689840121e-14
0.008615758741659176   9.923573415197549e-14
0.00862369859858011   9.914435567075685e-14
0.0086316457724803   9.905306137690691e-14
0.008639600270102707   9.89618511926605e-14
0.008647562098196507   9.887072504032502e-14
0.008655531263517102   9.877968284228066e-14
0.008663507772826108   9.868872452098034e-14
0.008671491632891399   9.859784999894916e-14
0.008679482850487058   9.850705919878507e-14
0.008687481432393415   9.841635204315842e-14
0.008695487385397068   9.832572845481158e-14
0.00870350071629085   9.823518835655946e-14
0.00871152143187386   9.814473167128915e-14
0.008719549538951458   9.805435832195979e-14
0.008727585044335276   9.796406823160264e-14
0.00873562795484324   9.787386132332077e-14
0.00874367827729954   9.778373752028935e-14
0.00875173601853465   9.769369674575541e-14
0.00875980118538537   9.760373892303748e-14
0.008767873784694768   9.751386397552603e-14
0.008775953823312232   9.742407182668311e-14
0.00878404130809346   9.733436240004226e-14
0.008792136245900459   9.724473561920863e-14
0.008800238643601585   9.715519140785854e-14
0.0088083485080715   9.706572968973988e-14
0.0088164658461912   9.697635038867185e-14
0.008824590664848048   9.688705342854443e-14
0.008832722970935727   9.679783873331922e-14
0.008840862771354286   9.670870622702867e-14
0.008849010073010127   9.661965583377622e-14
0.008857164882816008   9.653068747773634e-14
0.008865327207691091   9.644180108315402e-14
0.00887349705456088   9.635299657434543e-14
0.008881674430357266   9.626427387569725e-14
0.00888985934201855   9.617563291166676e-14
0.008898051796489408   9.608707360678186e-14
0.008906251800720917   9.599859588564104e-14
0.008914459361670561   9.591019967291307e-14
0.008922674486302233   9.582188489333727e-14
0.008930897181586264   9.573365147172295e-14
0.008939127454499382   9.564549933294985e-14
0.008947365312024749   9.555742840196801e-14
0.008955610761151983   9.546943860379712e-14
0.008963863808877122   9.538152986352724e-14
0.008972124462202658   9.529370210631829e-14
0.008980392728137535   9.52059552574e-14
0.008988668613697147   9.511828924207207e-14
0.008996952125903384   9.503070398570363e-14
0.009005243271784574   9.494319941373374e-14
0.009013542058375528   9.485577545167109e-14
0.009021848492717562   9.476843202509362e-14
0.009030162581858457   9.468116905964901e-14
0.009038484332852486   9.459398648105428e-14
0.009046813752760454   9.450688421509558e-14
0.009055150848649643   9.441986218762857e-14
0.009063495627593858   9.4332920324578e-14
0.009071848096673421   9.424605855193773e-14
0.00908020826297517   9.415927679577083e-14
0.009088576133592506   9.4072574982209e-14
0.009096951715625334   9.398595303745312e-14
0.009105335016180103   9.389941088777305e-14
0.00911372604236984   9.381294845950703e-14
0.009122124801314099   9.372656567906235e-14
0.009130531300139003   9.364026247291486e-14
0.009138945545977243   9.355403876760896e-14
0.009147367545968075   9.346789448975772e-14
0.00915579730725736   9.338182956604229e-14
0.009164234836997517   9.329584392321254e-14
0.009172680142347558   9.320993748808663e-14
0.009181133230473119   9.312411018755067e-14
0.009189594108546409   9.303836194855934e-14
0.00919806278374626   9.295269269813518e-14
0.00920653926325812   9.286710236336885e-14
0.009215023554274043   9.278159087141914e-14
0.009223515663992746   9.269615814951235e-14
0.00923201559961955   9.261080412494299e-14
0.009240523368366414   9.252552872507334e-14
0.009249038977451973   9.24403318773331e-14
0.009257562434101484   9.235521350921992e-14
0.009266093745546877   9.227017354829887e-14
0.009274632919026742   9.218521192220265e-14
0.009283179961786328   9.210032855863144e-14
0.009291734881077597   9.201552338535248e-14
0.009300297684159162   9.193079633020064e-14
0.009308868378296321   9.184614732107809e-14
0.0093174469707611   9.176157628595386e-14
0.0093260334688322   9.167708315286436e-14
0.009334627879795034   9.159266784991304e-14
0.009343230210941732   9.150833030527027e-14
0.009351840469571134   9.142407044717344e-14
0.009360458662988836   9.133988820392654e-14
0.009369084798507135   9.125578350390068e-14
0.00937771888344507   9.117175627553356e-14
0.009386360925128451   9.108780644732947e-14
0.009395010930889812   9.100393394785935e-14
0.009403668908068452   9.092013870576076e-14
0.009412334864010436   9.083642064973764e-14
0.009421008806068587   9.075277970856043e-14
0.009429690741602534   9.06692158110657e-14
0.009438380677978657   9.058572888615652e-14
0.009447078622570132   9.050231886280213e-14
0.009455784582756949   9.041898567003768e-14
0.009464498565925874   9.033572923696476e-14
0.009473220579470492   9.025254949275073e-14
0.0094819506307912   9.0169446366629e-14
0.009490688727295204   9.008641978789895e-14
0.009499434876396567   9.000346968592548e-14
0.009508189085516155   8.99205959901396e-14
0.009516951362081671   8.98377986300379e-14
0.009525721713527694   8.975507753518246e-14
0.009534500147295625   8.967243263520106e-14
0.00954328667083373   8.958986385978704e-14
0.009552081291597144   8.950737113869907e-14
0.009560884017047858   8.942495440176138e-14
0.009569694854654769   8.934261357886313e-14
0.00957851381189363   8.926034859995913e-14
0.009587340896247083   8.917815939506929e-14
0.009596176115204693   8.90960458942784e-14
0.009605019476262898   8.901400802773663e-14
0.009613870986925059   8.893204572565894e-14
0.009622730654701444   8.885015891832538e-14
0.009631598487109237   8.876834753608083e-14
0.009640474491672577   8.868661150933477e-14
0.009649358675922511   8.860495076856171e-14
0.009658251047397022   8.85233652443008e-14
0.009667151613641069   8.844185486715562e-14
0.00967606038220654   8.836041956779448e-14
0.009684977360652285   8.827905927695017e-14
0.009693902556544115   8.819777392541994e-14
0.009702835977454843   8.811656344406523e-14
0.009711777630964227   8.803542776381198e-14
0.009720727524659025   8.795436681565032e-14
0.00972968566613297   8.787338053063468e-14
0.009738652062986831   8.779246883988331e-14
0.009747626722828346   8.771163167457875e-14
0.009756609653272267   8.763086896596763e-14
0.009765600861940392   8.755018064536022e-14
0.00977460035646151   8.746956664413089e-14
0.009783608144471455   8.738902689371774e-14
0.009792624233613096   8.730856132562271e-14
0.009801648631536335   8.722816987141142e-14
0.009810681345898152   8.714785246271287e-14
0.00981972238436256   8.706760903121996e-14
0.009828771754600625   8.698743950868901e-14
0.00983782946429052   8.690734382693957e-14
0.009846895521117463   8.68273219178548e-14
0.009855969932773758   8.67473737133812e-14
0.009865052706958805   8.666749914552834e-14
0.009874143851379085   8.65876981463693e-14
0.009883243373748215   8.650797064803984e-14
0.009892351281786888   8.642831658273918e-14
0.009901467583222908   8.634873588272955e-14
0.009910592285791239   8.626922848033585e-14
0.009919725397233937   8.618979430794605e-14
0.009928866925300206   8.611043329801105e-14
0.009938016877746389   8.60311453830444e-14
0.009947175262335966   8.595193049562251e-14
0.009956342086839605   8.587278856838412e-14
0.009965517359035104   8.579371953403085e-14
0.009974701086707425   8.571472332532689e-14
0.009983893277648738   8.563579987509864e-14
0.009993093939658365   8.555694911623511e-14
0.010002303080542821   8.547817098168762e-14
0.010011520708115814   8.539946540446985e-14
0.010020746830198265   8.532083231765754e-14
0.010029981454618283   8.524227165438877e-14
0.010039224589211209   8.516378334786363e-14
0.0100484762418196   8.50853673313443e-14
0.01005773642029323   8.5007023538155e-14
0.01006700513248912   8.49287519016818e-14
0.010076282386271522   8.485055235537271e-14
0.010085568189511946   8.477242483273748e-14
0.01009486255008914   8.469436926734776e-14
0.010104165475889132   8.461638559283672e-14
0.010113476974805196   8.453847374289928e-14
0.010122797054737906   8.446063365129189e-14
0.010132125723595089   8.43828652518326e-14
0.010141462989291881   8.430516847840075e-14
0.010150808859750698   8.42275432649373e-14
0.010160163342901271   8.414998954544435e-14
0.010169526446680621   8.407250725398548e-14
0.010178898179033103   8.399509632468525e-14
0.010188278547910372   8.391775669172961e-14
0.010197667561271433   8.384048828936548e-14
0.010207065227082604   8.376329105190095e-14
0.010216471553317565   8.368616491370494e-14
0.010225886547957324   8.360910980920748e-14
0.010235310218990263   8.353212567289924e-14
0.010244742574412108   8.345521243933201e-14
0.010254183622225972   8.337837004311804e-14
0.010263633370442322   8.33015984189305e-14
0.01027309182707903   8.322489750150299e-14
0.010282559000161335   8.314826722562997e-14
0.010292034897721892   8.30717075261661e-14
0.010301519527800736   8.299521833802681e-14
0.010311012898445337   8.291879959618766e-14
0.010320515017710558   8.284245123568478e-14
0.0103300258936587   8.276617319161449e-14
0.010339545534359486   8.268996539913338e-14
0.010349073947890081   8.261382779345812e-14
0.010358611142335087   8.253776030986566e-14
0.010368157125786566   8.246176288369286e-14
0.010377711906344024   8.238583545033672e-14
0.010387275492114448   8.230997794525403e-14
0.010396847891212275   8.223419030396163e-14
0.010406429111759442   8.215847246203607e-14
0.010416019161885351   8.20828243551138e-14
0.010425618049726916   8.200724591889076e-14
0.010435225783428526   8.193173708912286e-14
0.010444842371142099   8.185629780162534e-14
0.010454467821027045   8.178092799227317e-14
0.010464102141250311   8.170562759700069e-14
0.010473745339986353   8.163039655180175e-14
0.010483397425417179   8.155523479272952e-14
0.010493058405732315   8.148014225589657e-14
0.01050272828912886   8.140511887747458e-14
0.010512407083811442   8.133016459369467e-14
0.01052209479799227   8.125527934084683e-14
0.010531791439891101   8.118046305528039e-14
0.010541497017735293   8.110571567340353e-14
0.010551211539759757   8.103103713168357e-14
0.010560935014207018   8.095642736664659e-14
0.010570667449327175   8.088188631487774e-14
0.010580408853377953   8.080741391302075e-14
0.010590159234624662   8.073301009777831e-14
0.010599918601340253   8.065867480591164e-14
0.01060968696180528   8.058440797424072e-14
0.010619464324307947   8.051020953964405e-14
0.010629250697144075   8.043607943905879e-14
0.010639046088617155   8.036201760948032e-14
0.010648850507038302   8.028802398796273e-14
0.010658663960726317   8.021409851161821e-14
0.010668486458007645   8.014024111761755e-14
0.010678318007216425   8.006645174318946e-14
0.010688158616694452   7.999273032562117e-14
0.010698008294791237   7.991907680225776e-14
0.010707867049863954   7.984549111050267e-14
0.010717734890277511   7.977197318781713e-14
0.010727611824404494   7.969852297172055e-14
0.010737497860625231   7.962514039979005e-14
0.010747393007327752   7.955182540966084e-14
0.01075729727290783   7.947857793902576e-14
0.010767210665768977   7.940539792563547e-14
0.010777133194322434   7.93322853072984e-14
0.010787064866987212   7.925924002188048e-14
0.01079700569219006   7.918626200730544e-14
0.01080695567836552   7.911335120155424e-14
0.010816914833955873   7.904050754266566e-14
0.010826883167411216   7.896773096873561e-14
0.010836860687189398   7.889502141791767e-14
0.010846847401756095   7.88223788284224e-14
0.010856843319584756   7.874980313851793e-14
0.010866848449156662   7.867729428652941e-14
0.010876862798960892   7.860485221083923e-14
0.010886886377494364   7.853247684988676e-14
0.010896919193261807   7.846016814216863e-14
0.010906961254775813   7.838792602623824e-14
0.010917012570556791   7.83157504407061e-14
0.010927073149133026   7.824364132423946e-14
0.010937142999040642   7.817159861556253e-14
0.010947222128823651   7.809962225345614e-14
0.010957310547033913   7.802771217675805e-14
0.010967408262231196   7.795586832436244e-14
0.010977515282983134   7.788409063522034e-14
0.010987631617865274   7.781237904833913e-14
0.010997757275461045   7.774073350278293e-14
0.011007892264361814   7.766915393767204e-14
0.011018036593166835   7.759764029218339e-14
0.011028190270483317   7.75261925055501e-14
0.01103835330492637   7.74548105170617e-14
0.01104852570511907   7.738349426606386e-14
0.011058707479692422   7.731224369195851e-14
0.011068898637285399   7.724105873420363e-14
0.011079099186544917   7.716993933231339e-14
0.01108930913612588   7.70988854258579e-14
0.011099528494691152   7.702789695446326e-14
0.011109757270911597   7.695697385781144e-14
0.011119995473466048   7.688611607564041e-14
0.01113024311104136   7.681532354774379e-14
0.01114050019233237   7.674459621397118e-14
0.01115076672604195   7.667393401422756e-14
0.011161042720880969   7.660333688847393e-14
0.011171328185568348   7.653280477672659e-14
0.01118162312883102   7.646233761905758e-14
0.011191927559403984   7.639193535559431e-14
0.01120224148603026   7.63215979265198e-14
0.011212564917460954   7.625132527207222e-14
0.011222897862455212   7.618111733254533e-14
0.011233240329780276   7.611097404828797e-14
0.011243592328211443   7.604089535970439e-14
0.01125395386653212   7.597088120725383e-14
0.011264324953533784   7.590093153145087e-14
0.01127470559801604   7.583104627286496e-14
0.01128509580878658   7.576122537212081e-14
0.011295495594661229   7.569146876989783e-14
0.011305904964463919   7.562177640693057e-14
0.011316323927026736   7.555214822400837e-14
0.011326752491189883   7.548258416197538e-14
0.011337190665801728   7.541308416173046e-14
0.011347638459718777   7.534364816422733e-14
0.011358095881805714   7.527427611047426e-14
0.011368562940935373   7.520496794153416e-14
0.01137903964598879   7.513572359852446e-14
0.011389526005855157   7.50665430226172e-14
0.011400022029431883   7.499742615503873e-14
0.011410527725624555   7.492837293706996e-14
0.01142104310334699   7.485938331004598e-14
0.011431568171521191   7.479045721535637e-14
0.011442102939077414   7.472159459444481e-14
0.011452647414954118   7.465279538880927e-14
0.01146320160809802   7.458405954000175e-14
0.011473765527464062   7.451538698962852e-14
0.011484339182015463   7.444677767934973e-14
0.011494922580723672   7.437823155087967e-14
0.011505515732568437   7.43097485459864e-14
0.011516118646537753   7.424132860649209e-14
0.011526731331627923   7.417297167427247e-14
0.011537353796843517   7.410467769125736e-14
0.01154798605119742   7.403644659943013e-14
0.01155862810371082   7.396827834082785e-14
0.011569279963413212   7.390017285754133e-14
0.01157994163934242   7.383213009171484e-14
0.011590613140544588   7.376414998554633e-14
0.011601294476074208   7.369623248128702e-14
0.011611985654994099   7.362837752124187e-14
0.011622686686375455   7.35605850477689e-14
0.011633397579297806   7.349285500327974e-14
0.011644118342849069   7.34251873302391e-14
0.011654848986125519   7.335758197116506e-14
0.01166558951823183   7.329003886862879e-14
0.011676339948281048   7.32225579652547e-14
0.011687100285394643   7.315513920372013e-14
0.011697870538702457   7.308778252675565e-14
0.011708650717342778   7.302048787714463e-14
0.011719440830462292   7.29532551977235e-14
0.011730240887216133   7.288608443138145e-14
0.01174105089676785   7.281897552106067e-14
0.011751870868289464   7.275192840975597e-14
0.011762700810961419   7.268494304051504e-14
0.011773540733972644   7.261801935643811e-14
0.011784390646520518   7.255115730067816e-14
0.011795250557810912   7.248435681644069e-14
0.011806120477058164   7.241761784698379e-14
0.01181700041348512   7.235094033561794e-14
0.011827890376323109   7.228432422570621e-14
0.011838790374811984   7.22177694606639e-14
0.011849700418200094   7.215127598395876e-14
0.011860620515744331   7.208484373911072e-14
0.0118715506767101   7.20184726696921e-14
0.011882490910371359   7.195216271932723e-14
0.011893441226010597   7.18859138316928e-14
0.011904401632918877   7.181972595051736e-14
0.011915372140395803   7.175359901958167e-14
0.011926352757749569   7.168753298271837e-14
0.011937343494296926   7.162152778381218e-14
0.011948344359363235   7.155558336679958e-14
0.011959355362282424   7.148969967566896e-14
0.01197037651239705   7.142387665446054e-14
0.011981407819058255   7.135811424726621e-14
0.011992449291625818   7.129241239822961e-14
0.012003500939468127   7.122677105154607e-14
0.012014562771962223   7.116119015146241e-14
0.012025634798493764   7.109566964227713e-14
0.012036717028457085   7.103020946834015e-14
0.012047809471255147   7.096480957405296e-14
0.012058912136299609   7.089946990386822e-14
0.012070025033010775   7.083419040229032e-14
0.012081148170817653   7.07689710138746e-14
0.012092281559157921   7.070381168322789e-14
0.012103425207477973   7.063871235500809e-14
0.012114579125232887   7.057367297392447e-14
0.012125743321886479   7.050869348473719e-14
0.01213691780691126   7.044377383225769e-14
0.012148102589788497   7.037891396134824e-14
0.012159297680008169   7.031411381692226e-14
0.012170503087069023   7.024937334394393e-14
0.01218171882047854   7.018469248742852e-14
0.012192944889752984   7.012007119244187e-14
0.01220418130441736   7.00555094041009e-14
0.012215428074005486   6.999100706757298e-14
0.012226685208059931   6.992656412807644e-14
0.012237952716132088   6.986218053088e-14
0.012249230607782125   6.979785622130317e-14
0.012260518892579047   6.973359114471589e-14
0.01227181758010065   6.966938524653872e-14
0.012283126679933585   6.960523847224246e-14
0.012294446201673309   6.954115076734859e-14
0.012305776154924149   6.947712207742867e-14
0.012317116549299255   6.941315234810482e-14
0.012328467394420665   6.934924152504921e-14
0.012339828699919257   6.928538955398443e-14
0.012351200475434808   6.922159638068307e-14
0.012362582730615957   6.915786195096791e-14
0.01237397547512025   6.909418621071183e-14
0.012385378718614134   6.903056910583765e-14
0.012396792470772947   6.89670105823183e-14
0.012408216741280967   6.89035105861765e-14
0.012419651539831371   6.884006906348502e-14
0.012431096876126296   6.877668596036627e-14
0.01244255275987679   6.871336122299265e-14
0.012454019200802883   6.865009479758618e-14
0.01246549620863353   6.858688663041863e-14
0.012476983793106682   6.852373666781139e-14
0.012488481963969235   6.846064485613553e-14
0.012499990730977094   6.839761114181158e-14
0.01251151010389513   6.83346354713097e-14
0.01252304009249724   6.827171779114933e-14
0.012534580706566299   6.820885804789957e-14
0.012546131955894222   6.814605618817873e-14
0.012557693850281926   6.80833121586545e-14
0.012569266399539385   6.802062590604382e-14
0.012580849613485587   6.795799737711293e-14
0.012592443501948594   6.789542651867719e-14
0.012604048074765499   6.783291327760121e-14
0.012615663341782485   6.777045760079851e-14
0.012627289312854789   6.77080594352319e-14
0.01263892599784675   6.764571872791291e-14
0.01265057340663177   6.758343542590237e-14
0.012662231549092384   6.752120947630971e-14
0.0126739004351202   6.745904082629345e-14
0.012685580074615972   6.739692942306076e-14
0.01269727047748955   6.733487521386777e-14
0.012708971653659945   6.727287814601915e-14
0.01272068361305528   6.72109381668684e-14
0.012732406365612856   6.714905522381756e-14
0.012744139921279101   6.70872292643174e-14
0.012755884290009643   6.702546023586703e-14
0.01276763948176925   6.69637480860143e-14
0.012779405506531906   6.690209276235528e-14
0.012791182374280754   6.684049421253469e-14
0.01280297009500817   6.677895238424537e-14
0.012814768678715708   6.671746722522873e-14
0.012826578135414164   6.665603868327426e-14
0.012838398475123539   6.659466670621979e-14
0.012850229707873086   6.653335124195127e-14
0.012862071843701283   6.647209223840287e-14
0.012873924892655878   6.641088964355678e-14
0.012885788864793857   6.634974340544328e-14
0.012897663770181497   6.628865347214065e-14
0.012909549618894327   6.622761979177511e-14
0.012921446421017188   6.616664231252081e-14
0.012933354186644187   6.610572098259983e-14
0.01294527292587876   6.604485575028191e-14
0.012957202648833627   6.598404656388482e-14
0.012969143365630854   6.592329337177382e-14
0.012981095086401813   6.5862596122362e-14
0.012993057821287228   6.580195476411011e-14
0.013005031580437153   6.574136924552644e-14
0.01301701637401102   6.568083951516681e-14
0.01302901221217759   6.56203655216347e-14
0.013041019105115027   6.555994721358088e-14
0.013053037063010852   6.549958453970367e-14
0.01306506609606199   6.54392774487487e-14
0.013077106214474749   6.537902588950902e-14
0.013089157428464858   6.531882981082488e-14
0.013101219748257443   6.525868916158385e-14
0.013113293184087072   6.51986038907206e-14
0.013125377746197722   6.513857394721715e-14
0.013137473444842838   6.507859928010241e-14
0.013149580290285285   6.501867983845251e-14
0.013161698292797413   6.495881557139057e-14
0.013173827462661011   6.489900642808671e-14
0.01318596781016737   6.483925235775795e-14
0.013198119345617244   6.477955330966821e-14
0.013210282079320897   6.471990923312828e-14
0.013222456021598075   6.466032007749581e-14
0.013234641182778055   6.460078579217508e-14
0.01324683757319961   6.454130632661727e-14
0.01325904520321107   6.448188163032005e-14
0.013271264083170267   6.442251165282788e-14
0.013283494223444606   6.436319634373171e-14
0.013295735634411042   6.430393565266906e-14
0.013307988326456075   6.424472952932401e-14
0.0133202523099758   6.4185577923427e-14
0.013332527595375869   6.4126480784755e-14
0.013344814193071548   6.406743806313119e-14
0.013357112113487677   6.400844970842533e-14
0.013369421367058727   6.394951567055319e-14
0.01338174196422876   6.3890635899477e-14
0.01339407391545149   6.383181034520503e-14
0.013406417231190236   6.377303895779186e-14
0.013418771921917984   6.371432168733801e-14
0.013431137998117354   6.365565848399025e-14
0.01344351547028064   6.359704929794122e-14
0.01345590434890979   6.35384940794297e-14
0.013468304644516448   6.347999277874025e-14
0.013480716367621924   6.342154534620345e-14
0.013493139528757251   6.336315173219564e-14
0.013505574138463134   6.330481188713912e-14
0.013518020207290026   6.324652576150177e-14
0.013530477745798068   6.318829330579738e-14
0.01354294676455717   6.313011447058525e-14
0.013555427274146943   6.30719892064705e-14
0.013567919285156788   6.301391746410369e-14
0.013580422808185827   6.295589919418107e-14
0.013592937853842982   6.28979343474443e-14
0.013605464432746923   6.28400228746806e-14
0.013618002555526134   6.278216472672252e-14
0.013630552232818866   6.272435985444811e-14
0.013643113475273198   6.266660820878068e-14
0.013655686293546998   6.260890974068892e-14
0.013668270698307982   6.255126440118664e-14
0.013680866700233673   6.249367214133304e-14
0.013693474310011453   6.24361329122324e-14
0.013706093538338533   6.237864666503417e-14
0.013718724395922007   6.232121335093281e-14
0.013731366893478807   6.2263832921168e-14
0.01374402104173577   6.22065053270242e-14
0.013756686851429592   6.214923051983111e-14
0.01376936433330689   6.209200845096306e-14
0.013782053498124157   6.203483907183948e-14
0.013794754356647827   6.197772233392453e-14
0.013807466919654225   6.192065818872726e-14
0.013820191197929639   6.186364658780138e-14
0.013832927202270267   6.180668748274538e-14
0.013845674943482282   6.174978082520237e-14
0.013858434432381793   6.169292656686017e-14
0.0138712056797949   6.163612465945108e-14
0.013883988696557655   6.157937505475208e-14
0.01389678349351612   6.15226777045845e-14
0.013909590081526327   6.146603256081437e-14
0.013922408471454342   6.140943957535183e-14
0.01393523867417621   6.13528987001517e-14
0.013948080700578035   6.129640988721294e-14
0.01396093456155592   6.123997308857894e-14
0.01397380026801604   6.118358825633723e-14
0.013986677830874589   6.112725534261969e-14
0.013999567261057852   6.107097429960223e-14
0.014012468569502156   6.101474507950504e-14
0.01402538176715393   6.09585676345923e-14
0.014038306864969667   6.09024419171723e-14
0.014051243873915983   6.08463678795973e-14
0.014064192804969572   6.079034547426359e-14
0.014077153669117272   6.073437465361129e-14
0.014090126477356019   6.067845537012454e-14
0.014103111240692908   6.062258757633123e-14
0.014116107970145156   6.05667712248031e-14
0.014129116676740152   6.051100626815561e-14
0.014142137371515429   6.045529265904803e-14
0.01415517006551871   6.039963035018322e-14
0.014168214769807879   6.03440192943078e-14
0.014181271495451033   6.028845944421185e-14
0.014194340253526444   6.023295075272913e-14
0.014207421055122623   6.017749317273685e-14
0.014220513911338264   6.01220866571558e-14
0.014233618833282316   6.00667311589501e-14
0.014246735832073967   6.001142663112728e-14
0.014259864918842624   5.995617302673835e-14
0.014273006104727986   5.99009702988775e-14
0.014286159400879985   5.98458184006823e-14
0.014299324818458857   5.979071728533346e-14
0.014312502368635096   5.973566690605501e-14
0.014325692062589518   5.968066721611403e-14
0.01433889391151321   5.962571816882082e-14
0.01435210792660761   5.957081971752867e-14
0.01436533411908444   5.951597181563398e-14
0.014378572500165792   5.946117441657607e-14
0.014391823081084063   5.940642747383731e-14
0.014405085873082034   5.935173094094289e-14
0.014418360887412817   5.929708477146101e-14
0.014431648135339923   5.924248891900256e-14
0.014444947628137217   5.918794333722136e-14
0.01445825937708898   5.913344797981388e-14
0.01447158339348986   5.907900280051943e-14
0.014484919688644949   5.902460775311983e-14
0.01449826827386972   5.897026279143976e-14
0.014511629160490114   5.89159678693463e-14
0.014525002359842469   5.886172294074923e-14
0.014538387883273605   5.880752795960074e-14
0.01455178574214077   5.87533828798956e-14
0.014565195947811705   5.869928765567097e-14
0.0145786185116646   5.864524224100644e-14
0.014592053445088156   5.85912465900239e-14
0.014605500759481546   5.853730065688767e-14
0.01461896046625447   5.848340439580427e-14
0.01463243257682712   5.842955776102252e-14
0.014645917102630239   5.837576070683334e-14
0.014659414055105072   5.832201318757e-14
0.01467292344570344   5.826831515760771e-14
0.01468644528588769   5.821466657136393e-14
0.014699979587130756   5.8161067383298e-14
0.01471352636091612   5.810751754791146e-14
0.014727085618737874   5.805401701974764e-14
0.014740657372100674   5.800056575339195e-14
0.014754241632519805   5.794716370347159e-14
0.01476783841152114   5.789381082465569e-14
0.014781447720641197   5.784050707165511e-14
0.0147950695714271   5.77872523992226e-14
0.01480870397543664   5.773404676215251e-14
0.014822350944238236   5.768089011528106e-14
0.014836010489410991   5.762778241348592e-14
0.01484968262254465   5.757472361168661e-14
0.014863367355239673   5.752171366484402e-14
0.014877064699107176   5.746875252796077e-14
0.014890774665769005   5.741584015608083e-14
0.01490449726685769   5.736297650428974e-14
0.014918232514016506   5.731016152771441e-14
0.014931980418899433   5.725739518152323e-14
0.014945740993171216   5.720467742092579e-14
0.014959514248507324   5.715200820117314e-14
0.014973300196594014   5.70993874775575e-14
0.014987098849128279   5.704681520541243e-14
0.015000910217817924   5.699429134011257e-14
0.015014734314381517   5.694181583707381e-14
0.01502857115054845   5.688938865175313e-14
0.015042420738058894   5.683700973964859e-14
0.015056283088663875   5.6784679056299295e-14
0.01507015821412521   5.6732396557285396e-14
0.015084046126215596   5.668016219822791e-14
0.015097946836718536   5.6627975934788926e-14
0.015111860357428432   5.6575837722671293e-14
0.01512578670015052   5.652374751761885e-14
0.01513972587670095   5.6471705275416094e-14
0.015153677898906724   5.641971095188847e-14
0.01516764277860578   5.6367764502902004e-14
0.015181620527646933   5.6315865884363593e-14
0.015195611157889945   5.6264015052220605e-14
0.01520961468120548   5.621221196246123e-14
0.015223631109475173   5.616045657111411e-14
0.015237660454591573   5.610874883424852e-14
0.015251702728458223   5.605708870797416e-14
0.015265757942989603   5.6005476148441364e-14
0.0152798261101112   5.5953911111840724e-14
0.015293907241759483   5.590239355440332e-14
0.015308001349881908   5.585092343240066e-14
0.015322108446436965   5.5799500702144444e-14
0.015336228543394134   5.574812531998678e-14
0.015350361652733959   5.569679724231993e-14
0.015364507786447991   5.56455164255765e-14
0.015378666956538866   5.55942828262291e-14
0.01539283917502025   5.554309640079066e-14
0.015407024453916906   5.549195710581405e-14
0.015421222805264652   5.544086489789238e-14
0.015435434241110428   5.538981973365859e-14
0.015449658773512245   5.53388215697858e-14
0.015463896414539255   5.528787036298693e-14
0.015478147176271703   5.523696607001495e-14
0.015492411070801   5.518610864766259e-14
0.015506688110229663   5.513529805276253e-14
0.015520978306671398   5.508453424218716e-14
0.01553528167225104   5.5033817172848746e-14
0.015549598219104632   5.498314680169915e-14
0.015563927959379368   5.493252308573009e-14
0.015578270905233668   5.488194598197276e-14
0.015592627068837125   5.483141544749818e-14
0.015606996462370576   5.478093143941678e-14
0.015621379098026057   5.473049391487865e-14
0.015635774988006865   5.4680102831073314e-14
0.01565018414452752   5.462975814522985e-14
0.01566460657981382   5.4579459814616686e-14
0.015679042306102804   5.452920779654175e-14
0.015693491335642816   5.447900204835224e-14
0.01570795368069346   5.4428842527434757e-14
0.01572242935352567   5.437872919121515e-14
0.01573691836642165   5.432866199715855e-14
0.01575142073167496   5.4278640902769285e-14
0.015765936461590455   5.42286658655909e-14
0.015780465568484364   5.417873684320602e-14
0.01579500806468423   5.41288537932365e-14
0.015809563962528996   5.40790166733431e-14
0.01582413327436893   5.402922544122582e-14
0.015838716012565732   5.397948005462345e-14
0.015853312189492447   5.39297804713139e-14
0.01586792181753356   5.3880126649113984e-14
0.015882544909084934   5.3830518545879356e-14
0.015897181476553893   5.378095611950455e-14
0.01591183153235916   5.3731439327922954e-14
0.015926495088930934   5.36819681291067e-14
0.015941172158710836   5.36325424810667e-14
0.01595586275415199   5.358316234185253e-14
0.015970566887718952   5.353382766955254e-14
0.01598528457188781   5.348453842229358e-14
0.016000015819146115   5.3435294558241275e-14
0.016014760641992948   5.3386096035599654e-14
0.016029519052938892   5.3336942812611404e-14
0.016044291064506073   5.328783484755766e-14
0.016059076689228145   5.3238772098758e-14
0.016073875939650324   5.318975452457047e-14
0.016088688828329374   5.314078208339152e-14
0.016103515367833648   5.309185473365587e-14
0.016118355570743054   5.3042972433836676e-14
0.01613320944964913   5.299413514244529e-14
0.016148077017154983   5.294534281803134e-14
0.01616295828587536   5.2896595419182675e-14
0.016177853268436605   5.2847892904525374e-14
0.016192761977476742   5.279923523272352e-14
0.016207684425645387   5.275062236247946e-14
0.016222620625603864   5.27020542525335e-14
0.016237570590025122   5.265353086166405e-14
0.016252534331593828   5.260505214868747e-14
0.0162675118630063   5.2556618072458195e-14
0.016282503196970593   5.250822859186842e-14
0.016297508346206444   5.245988366584839e-14
0.016312527323445333   5.2411583253366106e-14
0.01632756014143045   5.236332731342751e-14
0.016342606812916757   5.231511580507618e-14
0.016357667350670943   5.226694868739361e-14
0.01637274176747148   5.221882591949889e-14
0.016387830076108615   5.217074746054886e-14
0.016402932289384366   5.2122713269738024e-14
0.016418048420112574   5.207472330629844e-14
0.016433178481118856   5.202677752949985e-14
0.01644832248524069   5.1978875898649376e-14
0.016463480445327337   5.1931018373091884e-14
0.016478652374239944   5.188320491220946e-14
0.016493838284851473   5.183543547542188e-14
0.016509038190046784   5.1787710022186096e-14
0.016524252102722573   5.1740028511996625e-14
0.01653948003578746   5.16923909043852e-14
0.016554722002161924   5.1644797158920954e-14
0.016569978014778386   5.159724723521018e-14
0.01658524808658115   5.1549741092896514e-14
0.016600532230526484   5.15022786916607e-14
0.01661583045958256   5.145485999122071e-14
0.01663114278672954   5.140748495133163e-14
0.016646469224959503   5.1360153531785657e-14
0.01666180978727655   5.1312865692411994e-14
0.01667716448669672   5.126562139307696e-14
0.01669253333624808   5.121842059368377e-14
0.01670791634897068   5.1171263254172736e-14
0.016723313537916614   5.1124149334520896e-14
0.01673872491614997   5.107707879474241e-14
0.016754150496746906   5.103005159488809e-14
0.016769590292795608   5.098306769504573e-14
0.016785044317396344   5.0936127055339784e-14
0.016800512583661432   5.0889229635931584e-14
0.016815995104715296   5.084237539701907e-14
0.01683149189369443   5.079556429883696e-14
0.01684700296374747   5.074879630165653e-14
0.01686252832803512   5.0702071365785816e-14
0.016878067999730264   5.065538945156928e-14
0.01689362199201788   5.060875051938807e-14
0.01690919031809513   5.0562154529659726e-14
0.01692477299117132   5.0515601442838415e-14
0.016940370024467945   5.04690912194146e-14
0.016955981431218653   5.0422623819915275e-14
0.01697160722466933   5.037619920490376e-14
0.016987247418078028   5.0329817334979793e-14
0.017002902024715053   5.0283478170779323e-14
0.01701857105786291   5.023718167297465e-14
0.017034254530816365   5.0190927802274294e-14
0.017049952456882417   5.0144716519423057e-14
0.01706566484938036   5.009854778520179e-14
0.017081391721641716   5.0052421560427656e-14
0.017097133087010347   5.0006337805953744e-14
0.017112888958842356   4.996029648266939e-14
0.0171286593505062   4.99142975514999e-14
0.017144444275382628   4.986834097340661e-14
0.017160243746864742   4.98224267093868e-14
0.017176057778357956   4.977655472047378e-14
0.017191886383280074   4.9730724967736664e-14
0.017207729575061226   4.968493741228059e-14
0.017223587367143963   4.9639192015246375e-14
0.017239459772983183   4.959348873781076e-14
0.01725534680604621   4.954782754118627e-14
0.017271248479812762   4.950220838662113e-14
0.017287164807775   4.9456631235399274e-14
0.017303095803437488   4.9411096048840404e-14
0.01731904148031727   4.9365602788299733e-14
0.01733500185194381   4.932015141516825e-14
0.01735097693185908   4.92747418908724e-14
0.017366966733617498   4.9229374176874234e-14
0.017382971270785995   4.918404823467127e-14
0.01739899055694398   4.9138764025796636e-14
0.017415024605683414   4.909352151181872e-14
0.01743107343060874   4.9048320654341544e-14
0.01744713704533698   4.9003161415004316e-14
0.017463215463497665   4.8958043755481726e-14
0.017479308698732925   4.891296763748372e-14
0.017495416764697423   4.886793302275562e-14
0.017511539675058443   4.8822939873077867e-14
0.01752767744349583   4.8777988150266237e-14
0.017543830083702062   4.8733077816171654e-14
0.01755999760938223   4.868820883268018e-14
0.017576180034254037   4.864338116171305e-14
0.017592377372047857   4.859859476522652e-14
0.01760858963650668   4.855384960521204e-14
0.017624816841386205   4.850914564369591e-14
0.017641059000454762   4.8464482842739566e-14
0.01765731612749341   4.841986116443933e-14
0.017673588236295876   4.8375280570926496e-14
0.017689875340668626   4.8330741024367206e-14
0.01770617745443082   4.8286242486962565e-14
0.017722494591414385   4.824178492094836e-14
0.01773882676546396   4.819736828859534e-14
0.01775517399043698   4.815299255220891e-14
0.017771536280203615   4.810865767412927e-14
0.017787913648646847   4.8064363616731307e-14
0.01780430610966242   4.802011034242458e-14
0.017820713677158928   4.797589781365326e-14
0.01783713636505773   4.79317259928962e-14
0.01785357418729306   4.7887594842666743e-14
0.017870027157811958   4.7843504325512883e-14
0.01788649529057435   4.779945440401698e-14
0.01790297859955299   4.775544504079602e-14
0.01791947709873355   4.7711476198501333e-14
0.017935990802114544   4.766754783981876e-14
0.01795251972370743   4.7623659927468405e-14
0.017969063877536547   4.757981242420487e-14
0.01798562327763918   4.753600529281694e-14
0.018002197938065533   4.7492238496127815e-14
0.01801878787287877   4.7448511996994836e-14
0.018035393096155   4.740482575830966e-14
0.018052013621983335   4.73611797429981e-14
0.018068649464465823   4.731757391402016e-14
0.018085300637717558   4.727400823436991e-14
0.0181019671558666   4.72304826670756e-14
0.018118649033054064   4.7186997175199485e-14
0.01813534628343406   4.714355172183792e-14
0.018152058921173785   4.7100146270121204e-14
0.01816878696045345   4.705678078321364e-14
0.01818553041546636   4.701345522431348e-14
0.018202289300418884   4.697016955665289e-14
0.018219063629530508   4.6926923743497844e-14
0.018235853417033782   4.688371774814831e-14
0.018252658677174415   4.684055153393793e-14
0.01826947942421121   4.679742506423422e-14
0.018286315672416134   4.675433830243839e-14
0.018303167436074286   4.6711291211985446e-14
0.018320034729483955   4.666828375634399e-14
0.018336917566956573   4.6625315899016417e-14
0.018353815962816798   4.6582387603538604e-14
0.01837072993140245   4.6539498833480164e-14
0.018387659487064605   4.649664955244414e-14
0.01840460464416752   4.645383972406726e-14
0.01842156541708873   4.641106931201962e-14
0.01843854182021898   4.6368338280004933e-14
0.018455533867962316   4.632564659176018e-14
0.01847254157473602   4.628299421105595e-14
0.018489564954970707   4.624038110169604e-14
0.018506604023110232   4.6197807227517745e-14
0.01852365879361182   4.615527255239154e-14
0.018540729280945967   4.611277704022133e-14
0.018557815499596546   4.6070320654944173e-14
0.018574917464060745   4.602790336053041e-14
0.01859203518884914   4.598552512098355e-14
0.018609168688485656   4.594318590034031e-14
0.018626317977507623   4.590088566267048e-14
0.018643483070465743   4.585862437207702e-14
0.018660663981924158   4.581640199269592e-14
0.018677860726460396   4.577421848869624e-14
0.018695073318665458   4.5732073824280044e-14
0.018712301773143755   4.56899679636824e-14
0.018729546104513186   4.5647900871171264e-14
0.018746806327405097   4.560587251104762e-14
0.01876408245646434   4.5563882847645235e-14
0.018781374506349237   4.552193184533082e-14
0.018798682491731653   4.548001946850386e-14
0.01881600642729693   4.5438145681596723e-14
0.018833346327743982   4.5396310449074446e-14
0.01885070220778526   4.5354513735434813e-14
0.018868074082146753   4.531275550520845e-14
0.01888546196556805   4.527103572295849e-14
0.01890286587280229   4.522935435328087e-14
0.018920285818616246   4.5187711360803985e-14
0.018937721817790257   4.5146106710188996e-14
0.01895517388511833   4.510454036612945e-14
0.01897264203540806   4.5063012293351597e-14
0.01899012628348072   4.502152245661404e-14
0.019007626644171223   4.4980070820707934e-14
0.019025143132328174   4.493865735045681e-14
0.019042675762813828   4.489728201071671e-14
0.019060224550504178   4.4855944766375917e-14
0.019077789510288882   4.481464558235521e-14
0.01909537065707136   4.477338442360756e-14
0.019112968005768734   4.4732161255118353e-14
0.019130581571311905   4.4690976041905065e-14
0.019148211368645494   4.46498287490176e-14
0.019165857412727937   4.4608719341537905e-14
0.019183519718531414   4.456764778458017e-14
0.01920119830104194   4.4526614043290734e-14
0.019218893175259304   4.4485618082848017e-14
0.019236604356197163   4.4444659868462516e-14
0.019254331858882954   4.44037393653768e-14
0.019272075698358017   4.436285653886546e-14
0.019289835889677507   4.43220113542351e-14
0.0193076124479105   4.428120377682418e-14
0.019325405388139906   4.424043377200327e-14
0.019343214725462587   4.4199701305174685e-14
0.01936104047498927   4.415900634177271e-14
0.01937888265184465   4.411834884726343e-14
0.019396741271167327   4.407772878714477e-14
0.019414616348109877   4.4037146126946403e-14
0.01943250789783881   4.399660083222983e-14
0.019450415935534652   4.395609286858819e-14
0.01946834047639188   4.39156222016464e-14
0.019486281535619005   4.387518879706101e-14
0.019504239128438527   4.3834792620520193e-14
0.019522213270086998   4.3794433637743756e-14
0.019540203975814987   4.375411181448312e-14
0.019558211260887144   4.371382711652117e-14
0.019576235140582158   4.3673579509672395e-14
0.01959427563019283   4.363336895978274e-14
0.019612332745026013   4.359319543272965e-14
0.019630406500402715   4.355305889442193e-14
0.019648496911658014   4.351295931079989e-14
0.019666603994141163   4.3472896647835136e-14
0.01968472776321552   4.34328708715307e-14
0.01970286823425865   4.339288194792082e-14
0.01972102542266223   4.3352929843071164e-14
0.019739199343832177   4.331301452307855e-14
0.019757390013188564   4.3273135954071097e-14
0.019775597446165704   4.3233294102208084e-14
0.019793821658212103   4.319348893368003e-14
0.019812062664790544   4.315372041470848e-14
0.019830320481378012   4.3113988511546264e-14
0.019848595123465804   4.307429319047712e-14
0.019866886606559445   4.303463441781602e-14
0.019885194946178793   4.299501215990883e-14
0.019903520157857967   4.295542638313249e-14
0.01992186225714545   4.29158770538949e-14
0.019940221259603996   4.2876364138634915e-14
0.019958597180810757   4.283688760382228e-14
0.01997699003635719   4.279744741595767e-14
0.01999539984184917   4.275804354157257e-14
0.020013826612906904   4.271867594722935e-14
0.020032270365165042   4.267934459952112e-14
0.020050731114272594   4.2640049465071854e-14
0.020069208875893033   4.260079051053616e-14
0.020087703665704237   4.2561567702599495e-14
0.020106215499398554   4.252238100797787e-14
0.020124744392682775   4.248323039341808e-14
0.020143290361278182   4.244411582569744e-14
0.020161853420920528   4.240503727162398e-14
0.020180433587360075   4.2365994698036215e-14
0.020199030876361622   4.2326988071803244e-14
0.020217645303704446   4.2288017359824733e-14
0.020236276885182418   4.224908252903074e-14
0.02025492563660392   4.221018354638191e-14
0.02027359157379194   4.217132037886917e-14
0.020292274712584015   4.2132492993514016e-14
0.02031097506883231   4.209370135736819e-14
0.020329692658403557   4.2054945437513896e-14
0.020348427497179158   4.201622520106357e-14
0.020367179601055104   4.1977540615160016e-14
0.02038594898594208   4.1938891646976244e-14
0.020404735667765385   4.190027826371556e-14
0.020423539662465042   4.186170043261142e-14
0.020442360985995726   4.1823158120927534e-14
0.020461199654326846   4.17846512959577e-14
0.02048005568344249   4.1746179925025914e-14
0.020498929089341523   4.1707743975486175e-14
0.020517819888037504   4.1669343414722674e-14
0.020536728095558798   4.163097821014955e-14
0.020555653727948493   4.159264832921102e-14
0.020574596801264507   4.155435373938125e-14
0.020593557331579516   4.151609440816438e-14
0.020612535334981044   4.147787030309449e-14
0.020631530827571406   4.143968139173561e-14
0.02065054382546779   4.1401527641681506e-14
0.020669574344802204   4.136340902055599e-14
0.020688622401721556   4.132532549601253e-14
0.020707688012387593   4.1287277035734495e-14
0.020726771192977   4.124926360743498e-14
0.020745871959681337   4.1211285178856834e-14
0.020764990328707107   4.11733417177726e-14
0.020784126316275724   4.1135433191984546e-14
0.020803279938623586   4.109755956932453e-14
0.02082245121200201   4.1059720817654124e-14
0.020841640152677334   4.102191690486446e-14
0.02086084677693084   4.098414779887625e-14
0.02088007110105887   4.0946413467639737e-14
0.02089931314137272   4.090871387913475e-14
0.020918572914198776   4.0871049001370536e-14
0.020937850435878425   4.083341880238586e-14
0.020957145722768147   4.079582325024889e-14
0.020976458791239466   4.075826231305727e-14
0.020995789657679027   4.0720735958937937e-14
0.021015138338488535   4.068324415604729e-14
0.021034504850084852   4.064578687257097e-14
0.021053889208899928   4.060836407672401e-14
0.021073291431380897   4.057097573675061e-14
0.021092711533990012   4.053362182092434e-14
0.02111214953320473   4.0496302297547915e-14
0.021131605445517662   4.0459017134953274e-14
0.02115107928743665   4.042176630150152e-14
0.021170571075484715   4.038454976558291e-14
0.021190080826200136   4.0347367495616777e-14
0.021209608556136402   4.031021946005163e-14
0.021229154281862294   4.027310562736494e-14
0.021248718019961817   4.023602596606329e-14
0.021268299787034307   4.01989804446822e-14
0.021287899599694352   4.016196903178626e-14
0.021307517474571897   4.012499169596895e-14
0.021327153428312158   4.00880484058527e-14
0.02134680747757575   4.005113913008882e-14
0.021366479639038587   4.001426383735755e-14
0.021386169929391994   3.9977422496367905e-14
0.021405878365342645   3.99406150758578e-14
0.021425604963612642   3.990384154459387e-14
0.021445349740939455   3.986710187137159e-14
0.021465112714076032   3.9830396025015105e-14
0.021484893899790705   3.979372397437735e-14
0.021504693314867304   3.975708568833987e-14
0.021524510976105093   3.9720481135812965e-14
0.021544346900318846   3.968391028573548e-14
0.021564201104338796   3.964737310707494e-14
0.021584073605010735   3.9610869568827394e-14
0.021603964419195924   3.9574399640017537e-14
0.02162387356377122   3.9537963289698453e-14
0.021643801055628974   3.950156048695189e-14
0.02166374691167715   3.9465191200887976e-14
0.021683711148839286   3.942885540064528e-14
0.021703693784054484   3.9392553055390895e-14
0.021723694834277503   3.935628413432018e-14
0.02174371431647868   3.9320048606657e-14
0.021763752247644038   3.9283846441653446e-14
0.021783808644775204   3.924767760859005e-14
0.021803883524889524   3.92115420767755e-14
0.021823976905019974   3.917543981554691e-14
0.02184408880221528   3.91393707942695e-14
0.02186421923353983   3.9103334982336796e-14
0.021884368216073778   3.906733234917045e-14
0.021904535766912987   3.903136286422034e-14
0.021924721903169103   3.899542649696442e-14
0.021944926641969505   3.895952321690884e-14
0.021965150000457404   3.892365299358772e-14
0.021985391995791755   3.888781579656337e-14
0.02200565264514738   3.885201159542602e-14
0.022025931965714878   3.881624035979401e-14
0.022046229974700737   3.8780502059313547e-14
0.022066546689327254   3.874479666365895e-14
0.02208688212683265   3.870912414253229e-14
0.02210723630447097   3.8673484465663713e-14
0.02212760923951223   3.863787760281111e-14
0.02214800094924229   3.8602303523760326e-14
0.022168411450963005   3.8566762198324967e-14
0.022188840761992113   3.8531253596346485e-14
0.022209288899663372   3.849577768769407e-14
0.022229755881326457   3.8460334442264716e-14
0.022250241724347083   3.842492382998308e-14
0.02227074644610692   3.838954582080159e-14
0.0222912700640037   3.8354200384700267e-14
0.02231181259545115   3.831888749168687e-14
0.022332374057879086   3.82836071117967e-14
0.02235295446873333   3.8248359215092745e-14
0.02237355384547585   3.821314377166546e-14
0.02239417220558464   3.8177960751632933e-14
0.022414809566553857   3.8142810125140724e-14
0.022435465945893726   3.8107691862361954e-14
0.022456141361130662   3.807260593349713e-14
0.022476835829807182   3.803755230877427e-14
0.02249754936948202   3.800253095844878e-14
0.02251828199773004   3.796754185280347e-14
0.022539033732142343   3.7932584962148514e-14
0.022559804590326207   3.789766025682147e-14
0.02258059458990518   3.786276770718715e-14
0.022601403748518996   3.782790728363772e-14
0.022622232083823697   3.779307895659256e-14
0.022643079613491553   3.775828269649836e-14
0.022663946355211156   3.772351847382897e-14
0.022684832326687367   3.7688786259085485e-14
0.022705737545641393   3.7654086022796104e-14
0.02272666202981074   3.7619417735516256e-14
0.0227476057969493   3.7584781367828384e-14
0.022768568864827275   3.7550176890342126e-14
0.0227895512512313   3.751560427369412e-14
0.022810552973964348   3.7481063488548096e-14
0.02283157405084585   3.744655450559473e-14
0.022852614499711595   3.741207729555182e-14
0.022873674338413884   3.737763182916398e-14
0.0228947535848214   3.73432180772029e-14
0.022915852256819347   3.730883601046707e-14
0.022936970372309365   3.7274485599782024e-14
0.02295810794920964   3.724016681599998e-14
0.02297926500545482   3.720587963000018e-14
0.023000441558996127   3.717162401268856e-14
0.02302163762780128   3.7137399934997926e-14
0.02304285322985461   3.710320736788781e-14
0.02306408838315696   3.706904628234451e-14
0.023085343105725825   3.7034916649381026e-14
0.02310661741559525   3.7000818440037106e-14
0.023127911330815935   3.696675162537909e-14
0.023149224869455184   3.6932716176500077e-14
0.023170558049596997   3.689871206451965e-14
0.023191910889341978   3.6864739260584125e-14
0.023213283406807464   3.68307977358663e-14
0.023234675620127477   3.6796887461565523e-14
0.02325608754745272   3.676300840890775e-14
0.023277519206950665   3.6729160549145354e-14
0.023298970616805484   3.6695343853557234e-14
0.023320441795218153   3.66615582934487e-14
0.023341932760406373   3.662780384015154e-14
0.02336344353060468   3.6594080465023876e-14
0.023384974124064366   3.656038813945029e-14
0.023406524559053597   3.6526726834841625e-14
0.023428094853857315   3.6493096522635163e-14
0.02344968502677737   3.6459497174294386e-14
0.023471295096132425   3.642592876130914e-14
0.023492925080258072   3.6392391255195463e-14
0.023514574997506758   3.635888462749569e-14
0.023536244866247887   3.6325408849778286e-14
0.02355793470486774   3.629196389363801e-14
0.02357964453176959   3.6258549730695645e-14
0.023601374365373635   3.6225166332598235e-14
0.023623124224117078   3.6191813671018853e-14
0.023644894126454073   3.6158491717656724e-14
0.02366668409085583   3.6125200444237066e-14
0.023688494135810527   3.609193982251122e-14
0.02371032427982344   3.6058709824256436e-14
0.023732174541416837   3.602551042127608e-14
0.023754044939130105   3.5992341585399385e-14
0.02377593549151968   3.595920328848161e-14
0.023797846217159135   3.592609550240383e-14
0.023819777134639113   3.589301819907314e-14
0.023841728262567443   3.5859971350422374e-14
0.023863699619569044   3.5826954928410364e-14
0.02388569122428606   3.579396890502165e-14
0.02390770309537775   3.576101325226663e-14
0.023929735251520638   3.572808794218142e-14
0.02395178771140839   3.5695192946827995e-14
0.023973860493751963   3.566232823829392e-14
0.0239959536172795   3.562949378869262e-14
0.02401806710073645   3.559668957016306e-14
0.024040200962885498   3.556391555486998e-14
0.02406235522250666   3.5531171715003644e-14
0.02408452989839721   3.549845802278005e-14
0.024106725009371804   3.546577445044066e-14
0.024128940574262372   3.5433120970252604e-14
0.02415117661191826   3.540049755450848e-14
0.024173433141206124   3.536790417552645e-14
0.02419571018101007   3.533534080565014e-14
0.02421800775023155   3.530280741724866e-14
0.02424032586778948   3.5270303982716543e-14
0.024262664552620168   3.523783047447382e-14
0.024285023823677417   3.52053868649658e-14
0.02430740369993245   3.517297312666329e-14
0.024329804200374026   3.514058923206234e-14
0.02435222534400835   3.510823515368442e-14
0.024374667149859187   3.5075910864076267e-14
0.02439712963696779   3.504361633580992e-14
0.024419612824393012   3.501135154148262e-14
0.024442116731211213   3.4979116453716916e-14
0.024464641376516383   3.4946911045160507e-14
0.02448718677942006   3.491473528848637e-14
0.02450975295905145   3.4882589156392513e-14
0.024532339934557328   3.4850472621602257e-14
0.024554947725102166   3.481838565686388e-14
0.024577576349868055   3.478632823495086e-14
0.0246002258280548   3.475430032866171e-14
0.024622896178879864   3.4722301910820024e-14
0.02464558742157846   3.469033295427436e-14
0.024668299575403476   3.4658393431898354e-14
0.024691032659625602   3.462648331659057e-14
0.02471378669353323   3.459460258127457e-14
0.024736561696432572   3.456275119889883e-14
0.024759357687647598   3.4530929142436734e-14
0.02478217468652012   3.449913638488656e-14
0.02480501271240973   3.446737289927145e-14
0.024827871784693915   3.443563865863941e-14
0.024850751922767967   3.440393363606326e-14
0.024873653146045095   3.4372257804640566e-14
0.024896575473956357   3.4340611137493766e-14
0.02491951892595075   3.430899360776995e-14
0.024942483521495203   3.4277405188641e-14
0.02496546928007453   3.424584585330351e-14
0.02498847622119157   3.421431557497869e-14
0.025011504364367075   3.4182814326912495e-14
0.025034553729139836   3.4151342082375465e-14
0.0250576243350666   3.411989881466277e-14
0.025080716201722194   3.408848449709416e-14
0.025103829348699425   3.405709910301401e-14
0.02512696379560921   3.402574260579113e-14
0.025150119562080485   3.399441497881901e-14
0.025173296667760334   3.3963116195515485e-14
0.02519649513231389   3.3931846229322985e-14
0.02521971497542445   3.390060505370833e-14
0.02524295621679342   3.3869392642162824e-14
0.025266218876140396   3.383820896820214e-14
0.025289502973203103   3.380705400536636e-14
0.025312808527737506   3.377592772721993e-14
0.02533613555951772   3.3744830107351655e-14
0.025359484088336135   3.371376111937463e-14
0.025382854134003343   3.368272073692629e-14
0.02540624571634822   3.3651708933668286e-14
0.025429658855217887   3.3620725683286636e-14
0.02545309357047779   3.358977095949144e-14
0.02547654988201164   3.3558844736017156e-14
0.025500027809721517   3.35279469866223e-14
0.025523527373527796   3.3497077685089666e-14
0.02554704859336926   3.3466236805226094e-14
0.025570591489203008   3.343542432086265e-14
0.025594156081004592   3.340464020585438e-14
0.02561774238876792   3.3373884434080516e-14
0.025641350432505365   3.334315697944425e-14
0.025664980232247704   3.331245781587289e-14
0.025688631808044222   3.328178691731769e-14
0.025712305179962626   3.3251144257753945e-14
0.02573600036808917   3.322052981118085e-14
0.02575971739252856   3.3189943551621634e-14
0.025783456273404094   3.315938545312334e-14
0.025807217030857553   3.312885548975703e-14
0.025830999685049337   3.3098353635617517e-14
0.025854804256158367   3.3067879864823605e-14
0.02587863076438222   3.303743415151778e-14
0.025902479229937027   3.30070164698665e-14
0.025926349673057604   3.297662679405987e-14
0.02595024211399736   3.2946265098311864e-14
0.025974156573028425   3.291593135686013e-14
0.025998093070441555   3.288562554396614e-14
0.02602205162654626   3.285534763391492e-14
0.026046032261670713   3.282509760101532e-14
0.02607003499616187   3.279487541959975e-14
0.02609405985038539   3.2764681064024324e-14
0.02611810684472575   3.273451450866871e-14
0.026142175999586154   3.270437572793625e-14
0.026166267335388675   3.267426469625375e-14
0.02619038087257414   3.264418138807167e-14
0.026214516631602274   3.261412577786391e-14
0.0262386746329516   3.258409784012795e-14
0.02626285489711957   3.2554097549384714e-14
0.026287057444622463   3.2524124880178616e-14
0.02631128229599553   3.249417980707745e-14
0.026335529471792886   3.2464262304672525e-14
0.02635979899258764   3.2434372347578447e-14
0.026384090878971814   3.2404509910433284e-14
0.02640840515155645   3.23746749678984e-14
0.02643274183097154   3.234486749465855e-14
0.02645710093786614   3.231508746542172e-14
0.026481482492908267   3.228533485491928e-14
0.02650588651678506   3.2255609637905784e-14
0.026530313030202653   3.2225911789159104e-14
0.026554762053886325   3.2196241283480283e-14
0.026579233608580395   3.216659809569361e-14
0.02660372771504835   3.213698220064653e-14
0.02662824439407277   3.210739357320968e-14
0.026652783666455425   3.207783218827679e-14
0.026677345553017213   3.204829802076476e-14
0.026701930074598257   3.2018791045613555e-14
0.02672653725205788   3.198931123778623e-14
0.026751167106274596   3.1959858572268905e-14
0.026775819658146207   3.1930433024070696e-14
0.02680049492858972   3.1901034568223785e-14
0.02682519293854148   3.187166317978331e-14
0.02684991370895706   3.18423188338274e-14
0.026874657260811403   3.18130015054571e-14
0.026899423615098735   3.178371116979644e-14
0.02692421279283267   3.175444780199229e-14
0.026949024815046144   3.172521137721448e-14
0.026973859702791526   3.1696001870655615e-14
0.026998717477140527   3.166681925753125e-14
0.027023598159184342   3.163766351307966e-14
0.02704850177003354   3.160853461256201e-14
0.0270734283308182   3.157943253126217e-14
0.027098377862687817   3.1550357244486833e-14
0.027123350386811438   3.1521308727565383e-14
0.027148345924377554   3.149228695584997e-14
0.027173364496594247   3.146329190471538e-14
0.027198406124689083   3.1434323549559144e-14
0.027223470829909245   3.140538186580138e-14
0.02724855863352144   3.137646682888489e-14
0.027273669556812034   3.1347578414275076e-14
0.027298803621086953   3.131871659745994e-14
0.027323960847671802   3.128988135395001e-14
0.0273491412579118   3.126107265927844e-14
0.02737434487317188   3.1232290489000853e-14
0.027399571714836618   3.1203534818695413e-14
0.02742482180431034   3.1174805623962755e-14
0.027450095163017052   3.1146102880426016e-14
0.027475391812400555   3.1117426563730707e-14
0.02750071177392436   3.108877664954487e-14
0.0275260550690718   3.1060153113558856e-14
0.02755142171934597   3.103155593148547e-14
0.027576811746269823   3.1002985079059835e-14
0.027602225171386097   3.097444053203945e-14
0.027627662016257434   3.094592226620411e-14
0.02765312230246629   3.091743025735596e-14
0.027678606051615078   3.0888964481319346e-14
0.027704113285326046   3.0860524913940975e-14
0.02772964402524144   3.0832111531089704e-14
0.02775519829302338   3.08037243086567e-14
0.027780776110354018   3.077536322255523e-14
0.027806377498935417   3.0747028248720845e-14
0.027832002480489712   3.0718719363111164e-14
0.027857651076758985   3.069043654170602e-14
0.02788332330950542   3.0662179760507305e-14
0.027909019200511195   3.0633948995539055e-14
0.02793473877157862   3.060574422284734e-14
0.02796048204453004   3.057756541850034e-14
0.027986249041207965   3.054941255858821e-14
0.028012039783474982   3.0521285619223203e-14
0.028037854293213878   3.049318457653948e-14
0.028063692592327553   3.0465109406693244e-14
0.02808955470273914   3.043706008586261e-14
0.028115440646391928   3.040903659024769e-14
0.028141350445249482   3.0381038896070423e-14
0.028167284121295547   3.035306697957473e-14
0.028193241696534192   3.032512081702634e-14
0.028219223192989695   3.02972003847129e-14
0.0282452286327067   3.026930565894382e-14
0.028271258037750102   3.0241436616050397e-14
0.02829731143020519   3.021359323238567e-14
0.02832338883217754   3.0185775484324496e-14
0.02834949026579317   3.015798334826343e-14
0.028375615753198424   3.0130216800620826e-14
0.028401765316560114   3.01024758178367e-14
0.028427938978065417   3.0074760376372814e-14
0.02845413675992202   3.004707045271253e-14
0.02848035868435802   3.001940602336097e-14
0.028506604773622046   2.999176706484477e-14
0.028532875049983187   2.996415355371228e-14
0.028559169535731097   2.993656546653339e-14
0.028585488253175924   2.99090027798996e-14
0.028611831224648412   2.988146547042394e-14
0.02863819847249989   2.985395351474096e-14
0.028664590019102237   2.982646688950678e-14
0.028691005886848007   2.9799005571398963e-14
0.028717446098150336   2.977156953711659e-14
0.02874391067544307   2.9744158763380146e-14
0.028770399641180673   2.97167732269316e-14
0.028796913017838353   2.968941290453432e-14
0.028823450827911976   2.966207777297309e-14
0.028850013093918207   2.9634767809054005e-14
0.028876599838394384   2.960748298960461e-14
0.02890321108389869   2.958022329147371e-14
0.02892984685301003   2.95529886915315e-14
0.02895650716832817   2.952577916666939e-14
0.02898319205247366   2.949859469380014e-14
0.029009901528087932   2.9471435249857726e-14
0.02903663561783325   2.944430081179739e-14
0.029063394344392805   2.941719135659558e-14
0.02909017773047063   2.9390106861249964e-14
0.029116985798791756   2.9363047302779344e-14
0.02914381857210208   2.9336012658223744e-14
0.02917067607316853   2.930900290464428e-14
0.029197558324778956   2.928201801912322e-14
0.029224465349742258   2.925505797876391e-14
0.029251397170888305   2.922812276069083e-14
0.029278353811068063   2.920121234204945e-14
0.029305335293153496   2.917432670000637e-14
0.0293323416400377   2.9147465811749127e-14
0.02935937287463482   2.912062965448634e-14
0.02938642901988017   2.909381820544754e-14
0.029413510098730132   2.9067031441883315e-14
0.029440616134162323   2.9040269341065114e-14
0.02946774714917546   2.901353188028539e-14
0.029494903166789516   2.898681903685743e-14
0.029522084210045624   2.8960130788115475e-14
0.029549290302006207   2.8933467111414597e-14
0.02957652146575488   2.890682798413076e-14
0.029603777724396593   2.8880213383660714e-14
0.02963105910105753   2.8853623287422035e-14
0.029658365618885244   2.882705767285312e-14
0.029685697301048555   2.880051651741313e-14
0.029713054170737708   2.8773999798581937e-14
0.02974043625116424   2.874750749386024e-14
0.02976784356556116   2.8721039580769343e-14
0.02979527613718281   2.869459603685137e-14
0.02982273398930503   2.8668176839669006e-14
0.02985021714522505   2.864178196680569e-14
0.029877725628261624   2.861541139586545e-14
0.02990525946175494   2.858906510447295e-14
0.029932818669066757   2.8562743070273464e-14
0.0299604032735803   2.853644527093286e-14
0.029988013298700406   2.851017168413752e-14
0.030015648767853412   2.848392228759445e-14
0.030043309704487313   2.845769705903111e-14
0.030070996132071648   2.8431495976195523e-14
0.03009870807409765   2.8405319016856155e-14
0.03012644555407813   2.8379166158802004e-14
0.030154208595547634   2.8353037379842442e-14
0.03018199722206234   2.832693265780736e-14
0.030209811457200184   2.8300851970546977e-14
0.03023765132456078   2.8274795295931987e-14
0.030265516847765545   2.8248762611853384e-14
0.030293408050457604   2.8222753896222604e-14
0.030321324956301934   2.8196769126971334e-14
0.030349267588985256   2.8170808282051664e-14
0.03037723597221618   2.814487133943591e-14
0.030405230129725114   2.8118958277116744e-14
0.03043325008526438   2.8093069073107034e-14
0.03046129586260814   2.8067203705439952e-14
0.03048936748555252   2.8041362152168843e-14
0.030517464977915517   2.8015544391367326e-14
0.030545588363537136   2.798975040112913e-14
0.030573737666279296   2.796398015956823e-14
0.030601912910025956   2.7938233644818705e-14
0.03063011411868304   2.791251083503479e-14
0.03065834131617855   2.7886811708390815e-14
0.030686594526462482   2.786113624308125e-14
0.030714873773506957   2.78354844173206e-14
0.030743179081306173   2.7809856209343434e-14
0.030771510473876402   2.7784251597404386e-14
0.030799867975256114   2.775867055977809e-14
0.03082825160950586   2.773311307475922e-14
0.030856661400708436   2.770757912066237e-14
0.030885097372968757   2.7682068675822182e-14
0.030913559550414027   2.7656581718593186e-14
0.030942047957193616   2.763111822734988e-14
0.03097056261747921   2.7605678180486633e-14
0.030999103555464712   2.7580261556417765e-14
0.03102767079536638   2.755486833357743e-14
0.031056264361422725   2.7529498490419656e-14
0.031084884277894666   2.7504152005418288e-14
0.031113530569065403   2.7478828857067043e-14
0.031142203259240588   2.7453529023879364e-14
0.031170902372748208   2.7428252484388574e-14
0.03119962793393873   2.740299921714766e-14
0.031228379967184992   2.7377769200729453e-14
0.03125715849688237   2.7352562413726433e-14
0.03128596354744864   2.7327378834750857e-14
0.03131479514332417   2.7302218442434613e-14
0.031343653308971764   2.7277081215429334e-14
0.03137253806887683   2.7251967132406242e-14
0.03140144944754731   2.7226876172056258e-14
0.03143038746951376   2.720180831308987e-14
0.03145935215932928   2.7176763534237222e-14
0.031488343541569694   2.7151741814247988e-14
0.03151736164083338   2.7126743131891456e-14
0.03154640648174145   2.7101767465956446e-14
0.03157547808893765   2.707681479525131e-14
0.03160457648708851   2.7051885098603884e-14
0.031633701700883206   2.7026978354861566e-14
0.031662853755033735   2.700209454289116e-14
0.031692032674274825   2.697723364157897e-14
0.03172123848336403   2.695239562983072e-14
0.03175047120708168   2.6927580486571592e-14
0.031779730870231   2.690278819074612e-14
0.031809017497637995   2.6878018721318283e-14
0.03183833111415163   2.685327205727138e-14
0.0318676717446437   2.6828548177608092e-14
0.031897039414008975   2.680384706135042e-14
0.03192643414716512   2.6779168687539698e-14
0.0319558559690528   2.675451303523653e-14
0.031985304904635636   2.6729880083520844e-14
0.032014780978900294   2.6705269811491776e-14
0.03204428421685641   2.668068219826775e-14
0.03207381464353672   2.6656117222986393e-14
0.03210337228399699   2.6631574864804563e-14
0.032132957163316114   2.6607055102898287e-14
0.03216256930659605   2.658255791646279e-14
0.03219220873896195   2.6558083284712422e-14
0.03222187548556204   2.653363118688072e-14
0.03225156957156781   2.650920160222028e-14
0.032281291022173864   2.6484794510002863e-14
0.032311039862598104   2.646040988951927e-14
0.032340816118081595   2.6436047720079404e-14
0.032370619813888724   2.641170798101219e-14
0.03240045097530712   2.6387390651665613e-14
0.03243030962764775   2.636309571140665e-14
0.03246019579624486   2.6338823139621295e-14
0.032490109506456095   2.6314572915714504e-14
0.03252005078366243   2.6290345019110227e-14
0.03255001965326826   2.6266139429251324e-14
0.03258001614070134   2.624195612559961e-14
0.03261004027141294   2.6217795087635798e-14
0.032640092070877695   2.619365629485951e-14
0.03267017156459379   2.6169539726789203e-14
0.03270027877808285   2.6145445362962258e-14
0.03273041373689008   2.612137318293483e-14
0.03276057646658415   2.6097323166281955e-14
0.032790766992757375   2.607329529259743e-14
0.03282098534102559   2.6049289541493877e-14
0.03285123153702827   2.6025305892602668e-14
0.0328815056064285   2.6001344325573947e-14
0.03291180757491303   2.597740482007658e-14
0.032942137468192294   2.5953487355798144e-14
0.03297249531200036   2.592959191244497e-14
0.033002881132095103   2.5905718469741988e-14
0.03303329495425804   2.58818670074329e-14
0.033063736804294516   2.5858037505279972e-14
0.03309420670803362   2.5834229943064158e-14
0.03312470469132827   2.5810444300584995e-14
0.03315523078005517   2.5786680557660672e-14
0.03318578500011493   2.5762938694127865e-14
0.033216367377431964   2.5739218689841928e-14
0.03324697793795463   2.571552052467668e-14
0.03327761670765515   2.5691844178524516e-14
0.03330828371252974   2.5668189631296334e-14
0.0333389789785985   2.5644556862921523e-14
0.03336970253190559   2.562094585334795e-14
0.03340045439851909   2.5597356582541964e-14
0.03343123460453117   2.557378903048834e-14
0.033462043176058005   2.55502431771903e-14
0.03349288013923986   2.5526719002669452e-14
0.03352374552024105   2.5503216486965847e-14
0.033554639345250076   2.5479735610137843e-14
0.03358556164047949   2.545627635226224e-14
0.03361651243216607   2.5432838693434114e-14
0.0336474917465707   2.5409422613766928e-14
0.03367849960997855   2.5386028093392392e-14
0.03370953604869893   2.5362655112460573e-14
0.03374060108906547   2.5339303651139765e-14
0.033771694757436   2.5315973689616567e-14
0.0338028170801927   2.5292665208095772e-14
0.033833968083742005   2.5269378186800452e-14
0.033865147794514744   2.5246112605971834e-14
0.033896356238966044   2.5222868445869387e-14
0.033927593443575474   2.519964568677074e-14
0.03395885943484694   2.5176444308971664e-14
0.03399015423930883   2.515326429278609e-14
0.03402147788351393   2.513010561854608e-14
0.03405283039403956   2.510696826660178e-14
0.03408421179748744   2.5083852217321482e-14
0.034115622120483906   2.506075745109148e-14
0.034147061389679746   2.503768394831619e-14
0.03417852963175038   2.5014631689418038e-14
0.034210026873395735   2.4991600654837494e-14
0.034241553141340426   2.4968590825033006e-14
0.03427310846233361   2.4945602180481076e-14
0.03430469286314919   2.4922634701676107e-14
0.03433630637058564   2.4899688369130534e-14
0.03436794901146623   2.4876763163374658e-14
0.03439962081263886   2.4853859064956806e-14
0.03443132180097624   2.483097605444311e-14
0.03446305200337579   2.4808114112417683e-14
0.03449481144675977   2.4785273219482447e-14
0.0345266001580752   2.4762453356257237e-14
0.03455841816429399   2.4739654503379697e-14
0.034590265492412835   2.4716876641505334e-14
0.03462214216945339   2.4694119751307415e-14
0.03465404822246212   2.4671383813477064e-14
0.03468598367851051   2.4648668808723127e-14
0.03471794856469491   2.4625974717772264e-14
0.034749942908136704   2.4603301521368843e-14
0.03478196673598222   2.4580649200274973e-14
0.03481402007540285   2.4558017735270478e-14
0.03484610295359497   2.4535407107152894e-14
0.03487821539778009   2.4512817296737384e-14
0.03491035743520472   2.4490248284856876e-14
0.03494252909314058   2.4467700052361816e-14
0.03497473039888441   2.444517258012041e-14
0.03500696137975821   2.4422665849018385e-14
0.03503922206310907   2.4400179839959116e-14
0.03507151247630936   2.4377714533863546e-14
0.03510383264675661   2.4355269911670193e-14
0.03513618260187365   2.433284595433511e-14
0.035168562369108536   2.4310442642831918e-14
0.035200971975934664   2.42880599581517e-14
0.0352334114498507   2.4265697881303102e-14
0.035265880818380696   2.4243356393312215e-14
0.035298380109074025   2.422103547522264e-14
0.035330909349505495   2.4198735108095383e-14
0.035363468567275305   2.4176455273008918e-14
0.03539605779000907   2.4154195951059138e-14
0.03542867704535789   2.4131957123359347e-14
0.03546132636099833   2.410973877104023e-14
0.035494005764632484   2.4087540875249823e-14
0.035526715283987924   2.4065363417153595e-14
0.03555945494681785   2.404320637793426e-14
0.03559222478090096   2.4021069738791937e-14
0.035625024814041624   2.3998953480943993e-14
0.03565785507406976   2.3976857585625156e-14
0.03569071558884101   2.395478203408736e-14
0.03572360638623661   2.3932726807599873e-14
0.03575652749416357   2.3910691887449136e-14
0.03578947894055453   2.3888677254938887e-14
0.03582246075336796   2.3866682891390026e-14
0.03585547296058802   2.38447087781407e-14
0.03588851559022471   2.3822754896546193e-14
0.03592158867031381   2.3800821227978997e-14
0.03595469222891697   2.3778907753828714e-14
0.03598782629412166   2.3757014455502132e-14
0.036020990894041274   2.3735141314423096e-14
0.03605418605681507   2.3713288312032614e-14
0.03608741181060829   2.369145542978875e-14
0.036120668183612065   2.3669642649166655e-14
0.036153955204043596   2.3647849951658498e-14
0.036187272900145985   2.3626077318773566e-14
0.03622062130018845   2.3604324732038092e-14
0.036254000432466196   2.3582592172995372e-14
0.03628741032530056   2.356087962320566e-14
0.03632085100703891   2.353918706424623e-14
0.036354322506054824   2.351751447771127e-14
0.03638782485074793   2.3495861845211958e-14
0.03642135806954412   2.347422914837635e-14
0.036454922190895404   2.3452616368849507e-14
0.03648851724328008   2.3431023488293282e-14
0.03652214325520263   2.3409450488386506e-14
0.03655580025519386   2.3387897350824814e-14
0.036589488271810806   2.3366364057320742e-14
0.0366232073336369   2.3344850589603614e-14
0.03665695746928182   2.3323356929419634e-14
0.03669073870738171   2.3301883058531764e-14
0.036724551076599006   2.3280428958719797e-14
0.03675839460562264   2.3258994611780266e-14
0.03679226932316793   2.3237579999526495e-14
0.03682617525797669   2.3216185103788527e-14
0.036860112438817184   2.3194809906413173e-14
0.03689408089448423   2.3173454389263897e-14
0.03692808065379914   2.3152118534220926e-14
0.03696211174560984   2.3130802323181134e-14
0.036996174198790754   2.3109505738058092e-14
0.03703026804224303   2.3088228760781966e-14
0.037064393304894326   2.3066971373299645e-14
0.03709855001569908   2.3045733557574557e-14
0.03713273820363831   2.3024515295586794e-14
0.03716695789771983   2.300331656933301e-14
0.03720120912697809   2.2982137360826462e-14
0.03723549192047439   2.2960977652096925e-14
0.03726980630729674   2.2939837425190783e-14
0.037304152316560014   2.2918716662170872e-14
0.03733852997740585   2.2897615345116627e-14
0.03737293931900283   2.2876533456123905e-14
0.03740738037054633   2.2855470977305117e-14
0.03744185316125869   2.283442789078909e-14
0.037476357720389125   2.2813404178721148e-14
0.037510894077213884   2.2792399823263007e-14
0.0375454622610361   2.2771414806592872e-14
0.037580062301186   2.275044911090528e-14
0.03761469422702076   2.2729502718411246e-14
0.037649358067924694   2.270857561133808e-14
0.037684053853309106   2.2687667771929533e-14
0.03771878161261249   2.2666779182445632e-14
0.03775354137530039   2.2645909825162806e-14
0.03778833317086557   2.262505968237375e-14
0.03782315702882792   2.2604228736387508e-14
0.037858012978734576   2.258341696952937e-14
0.03789290105015989   2.2562624364140922e-14
0.03792782127270545   2.2541850902580013e-14
0.03796277367600015   2.2521096567220718e-14
0.03799775828970016   2.2500361340453365e-14
0.03803277514348902   2.2479645204684477e-14
0.03806782426707756   2.2458948142336782e-14
0.03810290569020409   2.2438270135849184e-14
0.0381380194426342   2.2417611167676783e-14
0.03817316555416103   2.2396971220290794e-14
0.03820834405460508   2.237635027617861e-14
0.038243554973814424   2.2355748317843713e-14
0.03827879834166453   2.2335165327805737e-14
0.038314074188058524   2.2314601288600348e-14
0.03834938254292696   2.229405618277938e-14
0.038384723436228105   2.2273529992910625e-14
0.03842009689794771   2.225302270157804e-14
0.03845550295809926   2.2232534291381523e-14
0.03849094164672382   2.2212064744937053e-14
0.03852641299389022   2.2191614044876562e-14
0.038561917029694914   2.2171182173848046e-14
0.038597453784262166   2.2150769114515403e-14
0.03863302328774394   2.2130374849558544e-14
0.038668625570320046   2.2109999361673294e-14
0.038704260662198044   2.2089642633571445e-14
0.038739928593613394   2.2069304647980672e-14
0.038775629394829356   2.2048985387644587e-14
0.03881136309613715   2.2028684835322647e-14
0.038847129727855825   2.2008402973790232e-14
0.038882929320332466   2.1988139785838543e-14
0.038918761903942035   2.1967895254274656e-14
0.03895462750908757   2.1947669361921438e-14
0.03899052616620004   2.1927462091617634e-14
0.03902645790573854   2.1907273426217717e-14
0.03906242275819017   2.1887103348591992e-14
0.039098420754070176   2.1866951841626526e-14
0.03913445192392187   2.1846818888223157e-14
0.03917051629831678   2.1826704471299423e-14
0.039206613907854536   2.1806608573788657e-14
0.03924274478316304   2.1786531178639822e-14
0.03927890895489833   2.1766472268817666e-14
0.039315106453744794   2.174643182730255e-14
0.039351337310415006   2.1726409837090576e-14
0.03938760155564992   2.1706406281193433e-14
0.039423899220218765   2.1686421142638494e-14
0.03946023033491916   2.1666454404468754e-14
0.03949659493057707   2.1646506049742813e-14
0.039532993038046915   2.1626576061534855e-14
0.039569424688211494   2.1606664422934695e-14
0.03960588991198213   2.158677111704766e-14
0.03964238874029855   2.156689612699468e-14
0.0396789212041291   2.1547039435912186e-14
0.03971548733447054   2.152720102695218e-14
0.03975208716234832   2.150738088328214e-14
0.039788720718816374   2.148757898808506e-14
0.039825388034957346   2.1467795324559406e-14
0.03986208914188243   2.1448029875919132e-14
0.039898824070731594   2.1428282625393625e-14
0.0399355928526734   2.1408553556227735e-14
0.03997239551890523   2.1388842651681718e-14
0.04000923210065312   2.1369149895031268e-14
0.040046102629171985   2.1349475269567446e-14
0.04008300713574543   2.132981875859674e-14
0.04011994565168601   2.1310180345440952e-14
0.04015691820833502   2.1290560013437296e-14
0.04019392483706274   2.1270957745938285e-14
0.040230965569268265   2.12513735263118e-14
0.040268040436379715   2.1231807337940992e-14
0.04030514946985409   2.121225916422436e-14
0.04034229270117747   2.1192728988575622e-14
0.04037947016186485   2.1173216794423846e-14
0.04041668188346035   2.11537225652133e-14
0.0404539278975371   2.1134246284403532e-14
0.0404912082356974   2.1114787935469273e-14
0.04052852292957257   2.109534750190052e-14
0.040565872010823185   2.1075924967202444e-14
0.04060325551113891   2.1056520314895416e-14
0.04064067346223867   2.1037133528514964e-14
0.04067812589587062   2.101776459161178e-14
0.04071561284381212   2.099841348775173e-14
0.040753134337869895   2.097908020051575e-14
0.040790690409879884   2.0959764713499964e-14
0.04082828109170747   2.0940467010315547e-14
0.04086590641524729   2.0921187074588798e-14
0.04090356641242349   2.0901924889961062e-14
0.040941261115189524   2.0882680440088783e-14
0.040978990555528394   2.086345370864341e-14
0.04101675476545249   2.084424467931146e-14
0.04105455377700378   2.0825053335794433e-14
0.04109238762225367   2.08058796618089e-14
0.04113025633330323   2.0786723641086355e-14
0.041168159942283004   2.0767585257373316e-14
0.041206098481353245   2.074846449443124e-14
0.04124407198270375   2.072936133603656e-14
0.04128208047855407   2.071027576598061e-14
0.04132012400115337   2.0691207768069692e-14
0.04135820258278059   2.0672157326124986e-14
0.04139631625574437   2.0653124423982585e-14
0.04143446505238319   2.063410904549345e-14
0.041472649005065254   2.0615111174523432e-14
0.04151086814618866   2.0596130794953207e-14
0.04154912250818129   2.057716789067834e-14
0.04158741212350101   2.0558222445609152e-14
0.041625737024635505   2.0539294443670855e-14
0.04166409724410246   2.052038386880341e-14
0.04170249281444947   2.0501490704961586e-14
0.04174092376825419   2.0482614936114918e-14
0.041779390138124234   2.0463756546247716e-14
0.04181789195669733   2.0444915519358998e-14
0.04185642925664121   2.0426091839462575e-14
0.04189500207065379   2.040728549058691e-14
0.041933610431463035   2.0388496456775226e-14
0.04197225437182716   2.03697247220854e-14
0.04201093392453448   2.0350970270590024e-14
0.042049649122403596   2.0332233086376314e-14
0.0420883999982833   2.0313513153546167e-14
0.042127186585052726   2.0294810456216096e-14
0.04216600891562121   2.0276124978517263e-14
0.042204867022928506   2.025745670459542e-14
0.04224376093994466   2.023880561861094e-14
0.04228269069967016   2.022017170473875e-14
0.04232165633513583   2.0201554947168375e-14
0.04236065787940302   2.0182955330103857e-14
0.04239969536556347   2.0164372837763842e-14
0.04243876882673948   2.014580745438145e-14
0.042477878296083814   2.0127259164204363e-14
0.04251702380677985   2.010872795149473e-14
0.04255620539204148   2.0090213800529205e-14
0.04259542308511328   2.007171669559892e-14
0.04263467691927037   2.0053236621009485e-14
0.04267396692781864   2.003477356108092e-14
0.04271329314409457   2.001632750014773e-14
0.042752655601465454   1.999789842255881e-14
0.04279205433332925   1.997948631267748e-14
0.042831489373114776   1.9961091154881448e-14
0.042870960754281574   1.994271293356282e-14
0.042910468510320106   1.992435163312804e-14
0.04295001267475161   1.9906007237997975e-14
0.04298959328112831   1.9887679732607757e-14
0.04302921036303325   1.9869369101406913e-14
0.04306886395408051   1.9851075328859227e-14
0.043108554087915064   1.9832798399442862e-14
0.04314828079821299   1.9814538297650204e-14
0.04318804411868131   1.9796295007987955e-14
0.04322784408305817   1.9778068514977066e-14
0.04326768072511275   1.9759858803152764e-14
0.04330755407864543   1.974166585706447e-14
0.04334746417748764   1.9723489661275888e-14
0.043387411055502076   1.9705330200364874e-14
0.043427394746582575   1.9687187458923537e-14
0.043467415284654275   1.9669061421558134e-14
0.04350747270367349   1.965095207288913e-14
0.04354756703762792   1.9632859397551114e-14
0.04358769832053653   1.961478338019284e-14
0.043627866586449626   1.9596724005477215e-14
0.04366807186944896   1.9578681258081217e-14
0.0437083142036476   1.9560655122695982e-14
0.043748593623190134   1.9542645584026723e-14
0.04378891016225254   1.952465262679274e-14
0.04382926385504238   1.950667623572737e-14
0.04386965473579864   1.9488716395578076e-14
0.04391008283879196   1.947077309110628e-14
0.04395054819832446   1.9452846307087505e-14
0.04399105084872998   1.943493602831125e-14
0.044031590824373884   1.9417042239581036e-14
0.04407216815965331   1.939916492571437e-14
0.044112782888997025   1.938130407154274e-14
0.044153435046865565   1.9363459661911597e-14
0.04419412466775118   1.9345631681680354e-14
0.044234851786177976   1.9327820115722347e-14
0.04427561643670178   1.931002494892486e-14
0.04431641865391037   1.9292246166189076e-14
0.044357258472423285   1.927448375243009e-14
0.044398135926892075   1.9256737692576874e-14
0.04443905105200014   1.9239007971572297e-14
0.04448000388246292   1.922129457437307e-14
0.04452099445302775   1.9203597485949764e-14
0.044562022798474085   1.9185916691286783e-14
0.044603088953613354   1.9168252175382372e-14
0.04464419295328913   1.9150603923248562e-14
0.04468533483237703   1.9132971919911216e-14
0.04472651462578489   1.9115356150409946e-14
0.04476773236845262   1.909775659979818e-14
0.044808988095352435   1.9080173253143057e-14
0.04485028184148867   1.9062606095525534e-14
0.04489161364189802   1.9045055112040225e-14
0.044932983531649366   1.9027520287795546e-14
0.044974391545844025   1.9010001607913558e-14
0.04501583771961554   1.8992499057530065e-14
0.04505732208812993   1.8975012621794523e-14
0.04509884468658555   1.8957542285870084e-14
0.04514040555021325   1.894008803493356e-14
0.04518200471427629   1.892264985417541e-14
0.045223642214070485   1.8905227728799708e-14
0.045265318084924115   1.8887821644024188e-14
0.04530703236219809   1.887043158508015e-14
0.04534878508128582   1.8853057537212543e-14
0.04539057627761343   1.8835699485679836e-14
0.045432405986639585   1.881835741575415e-14
0.045474274243855736   1.8801031312721092e-14
0.04551618108478594   1.8783721161879876e-14
0.04555812654498708   1.8766426948543194e-14
0.04560011066004872   1.8749148658037327e-14
0.04564213346559332   1.8731886275702012e-14
0.045684194997276065   1.8714639786890505e-14
0.04572629529078509   1.8697409176969538e-14
0.04576843438184133   1.8680194431319335e-14
0.04581061230619874   1.8662995535333566e-14
0.04585282909964411   1.8645812474419366e-14
0.045895084797997324   1.862864523399727e-14
0.04593737943711117   1.8611493799501274e-14
0.04597971305287157   1.8594358156378763e-14
0.04602208568119742   1.8577238290090544e-14
0.046064497358040836   1.856013418611077e-14
0.04610694811938694   1.854304582992703e-14
0.04614943800125412   1.8525973207040196e-14
0.046191967039693874   1.850891630296457e-14
0.046234535270791   1.8491875103227718e-14
0.046277142730663474   1.8474849593370606e-14
0.04631978945546263   1.845783975894743e-14
0.04636247548137305   1.8440845585525766e-14
0.04640520084461273   1.8423867058686414e-14
0.04644796558143295   1.8406904164023512e-14
0.04649076972811852   1.8389956887144394e-14
0.046533613320987564   1.8373025213669697e-14
0.046576496396391776   1.835610912923327e-14
0.04661941899071627   1.8339208619482212e-14
0.046662381140379745   1.832232367007681e-14
0.04670538288183446   1.830545426669058e-14
0.04674842425156622   1.8288600395010205e-14
0.04679150528609453   1.8271762040735555e-14
0.04683462602197244   1.825493918957969e-14
0.04687778649578681   1.823813182726878e-14
0.04692098674415811   1.8221339939542185e-14
0.046964226803740634   1.8204563512152345e-14
0.0470075067112224   1.8187802530864868e-14
0.04705082650332529   1.817105698145842e-14
0.04709418621680495   1.815432684972481e-14
0.04713758588845101   1.8137612121468878e-14
0.04718102555508688   1.8120912782508577e-14
0.047224505253570005   1.8104228818674886e-14
0.04726802502079172   1.8087560215811864e-14
0.04731158489367743   1.807090695977656e-14
0.04735518490918648   1.805426903643909e-14
0.047398825104312384   1.803764643168253e-14
0.04744250551608263   1.802103913140301e-14
0.04748622618155895   1.8004447121509592e-14
0.047529987137837106   1.7987870387924363e-14
0.04757378842204715   1.797130891658232e-14
0.047617630071353285   1.7954762693431445e-14
0.04766151212295401   1.7938231704432647e-14
0.04770543461408205   1.7921715935559775e-14
0.0477493975820045   1.7905215372799558e-14
0.047793401064022745   1.7888730002151667e-14
0.0478374450974726   1.7872259809628632e-14
0.047881529719724224   1.7855804781255883e-14
0.04792565496818229   1.78393649030717e-14
0.047969820880285854   1.782294016112724e-14
0.04801402749350856   1.780653054148647e-14
0.0480582748453585   1.779013603022622e-14
0.04810256297337844   1.7773756613436127e-14
0.048146891915145616   1.775739227721863e-14
0.04819126170827201   1.7741043007688964e-14
0.04823567239040416   1.772470879097517e-14
0.048280123999223414   1.770838961321802e-14
0.04832461657244572   1.7692085460571093e-14
0.04836915014782189   1.767579631920068e-14
0.04841372476313745   1.7659522175285825e-14
0.048458340456212806   1.764326301501829e-14
0.04850299726490315   1.762701882460257e-14
0.04854769522709864   1.761078959025584e-14
0.048592434380724275   1.759457529820796e-14
0.048637214763740076   1.7578375934701497e-14
0.04868203641414096   1.7562191485991663e-14
0.048726899369956965   1.7546021938346325e-14
0.04877180366925306   1.752986727804601e-14
0.0488167493501294   1.7513727491383856e-14
0.04886173645072115   1.749760256466564e-14
0.04890676500919874   1.7481492484209723e-14
0.04895183506376762   1.74653972363471e-14
0.04899694665266862   1.7449316807421304e-14
0.049042099814177655   1.7433251183788488e-14
0.04908729458660604   1.741720035181733e-14
0.049132531008300284   1.7401164297889092e-14
0.04917780911764235   1.7385143008397537e-14
0.04922312895304945   1.7369136469749002e-14
0.04926849055297431   1.7353144668362287e-14
0.049313893955905005   1.7337167590668748e-14
0.049359339200365164   1.7321205223112185e-14
0.04940482632491381   1.7305257552148924e-14
0.04945035536814562   1.7289324564247735e-14
0.04949592636869072   1.7273406245889848e-14
0.04954153936521495   1.7257502583568948e-14
0.04958719439641967   1.724161356379116e-14
0.04963289150104202   1.7225739173075e-14
0.04967863071785473   1.7209879397951448e-14
0.04972441208566635   1.719403422496383e-14
0.049770235643321115   1.7178203640667923e-14
0.04981610142969914   1.716238763163183e-14
0.04986200948371628   1.7146586184436046e-14
0.049907959844324355   1.7130799285673406e-14
0.049953952550510966   1.7115026921949114e-14
0.04999998764129975   1.709926907988068e-14
0.050046065155750226   1.7083525746097956e-14
0.050092185132957955   1.7067796907243096e-14
0.05013834761205454   1.7052082549970537e-14
0.050184552632207564   1.7036382660947044e-14
0.05023080023262081   1.7020697226851608e-14
0.050277090452534104   1.7005026234375517e-14
0.0503234233312235   1.698936967022231e-14
0.05036979890800117   1.697372752110777e-14
0.05041621722221561   1.695809977375989e-14
0.050462678313251484   1.6942486414918905e-14
0.05050918222052983   1.692688743133725e-14
0.05055572898350794   1.6911302809779556e-14
0.05060231864167956   1.689573253702264e-14
0.05064895123457471   1.6880176599855502e-14
0.05069562680175997   1.6864634985079297e-14
0.05074234538283827   1.6849107679507333e-14
0.050789107017449125   1.6833594669965054e-14
0.0508359117452685   1.6818095943290058e-14
0.05088275960600901   1.680261148633202e-14
0.050929650639419774   1.678714128595278e-14
0.05097658488528663   1.6771685329026213e-14
0.051023562383431996   1.6756243602438322e-14
0.05107058317371509   1.6740816093087163e-14
0.05111764729603173   1.6725402787882875e-14
0.05116475479031465   1.671000367374762e-14
0.051211905696533236   1.6694618737615628e-14
0.05125910005469385   1.667924796643314e-14
0.051306337904839586   1.666389134715844e-14
0.05135361928705056   1.6648548866761794e-14
0.05140094424144372   1.663322051222547e-14
0.05144831280817309   1.661790627054373e-14
0.05149572502742958   1.660260612872281e-14
0.05154318093944125   1.6587320073780903e-14
0.051590680584473136   1.657204809274816e-14
0.05163822400282747   1.6556790172666662e-14
0.05168581123484354   1.6541546300590444e-14
0.05173344232089789   1.6526316463585436e-14
0.05178111730140419   1.65111006487295e-14
0.05182883621681343   1.6495898843112355e-14
0.0518765991076138   1.648071103383567e-14
0.051924406014330904   1.6465537208012927e-14
0.05197225697752757   1.6450377352769516e-14
0.05202015203780412   1.643523145524264e-14
0.0520680912357982   1.6420099502581404e-14
0.05211607461218499   1.6404981481946685e-14
0.05216410220767706   1.6389877380511217e-14
0.052212174063024606   1.6374787185459527e-14
0.05226029021901526   1.6359710883987958e-14
0.05230845071647436   1.6344648463304613e-14
0.052356655596264755   1.6329599910629422e-14
0.052404904899287064   1.6314565213194018e-14
0.05245319866647948   1.6299544358241844e-14
0.05250153693881803   1.6284537333028065e-14
0.05254991975731642   1.6269544124819574e-14
0.05259834716302622   1.6254564720895e-14
0.05264681919703675   1.623959910854469e-14
0.05269533590047531   1.6224647275070663e-14
0.05274389731450696   1.6209709207786672e-14
0.05279250348033483   1.6194784894018113e-14
0.05284115443919992   1.6179874321102077e-14
0.05288985023238132   1.6164977476387292e-14
0.05293859090119606   1.6150094347234168e-14
0.052987376486999374   1.61352249210147e-14
0.05303620703118446   1.6120369185112568e-14
0.0530850825751828   1.610552712692302e-14
0.053134003160463954   1.6090698733852948e-14
0.05318296882853577   1.60758839933208e-14
0.05323197962094429   1.6061082892756648e-14
0.0532810355792739   1.60462954196021e-14
0.05333013674514723   1.603152156131036e-14
0.05337928316022538   1.6016761305346155e-14
0.05342847486620771   1.6002014639185777e-14
0.053477711904832144   1.5987281550317026e-14
0.053526994317874936   1.597256202623926e-14
0.05357632214715097   1.595785605446328e-14
0.05362569543451353   1.5943163622511463e-14
0.05367511422185458   1.592848471791762e-14
0.05372457855110467   1.5913819328227064e-14
0.053774088464232914   1.5899167440996573e-14
0.05382364400324722   1.5884529043794364e-14
0.053873245210194085   1.586990412420013e-14
0.05392289212715887   1.585529266980497e-14
0.05397258479626561   1.5840694668211433e-14
0.054022323259677284   1.5826110107033456e-14
0.054072107559595586   1.581153897389641e-14
0.05412193773826123   1.579698125643704e-14
0.054171813837953754   1.578243694230348e-14
0.054221735900991753   1.576790601915522e-14
0.05427170396973271   1.5753388474663155e-14
0.054321718086573274   1.5738884296509467e-14
0.05437177829394903   1.572439347238775e-14
0.05442188463433478   1.5709915990002876e-14
0.054472037150244394   1.5695451837071058e-14
0.05452223588423098   1.5681001001319817e-14
0.054572480878886796   1.5666563470487976e-14
0.05462277217684343   1.5652139232325634e-14
0.05467310982077165   1.5637728274594194e-14
0.05472349385338168   1.5623330585066292e-14
0.05477392431742297   1.5608946151525866e-14
0.05482440125568449   1.5594574961768055e-14
0.05487492471099452   1.558021700359927e-14
0.05492549472622093   1.5565872264837126e-14
0.05497611134427098   1.5551540733310476e-14
0.05502677460809158   1.553722239685935e-14
0.055077484560669104   1.5522917243335012e-14
0.055128241245029665   1.5508625260599875e-14
0.0551790447042389   1.5494346436527553e-14
0.05522989498140225   1.5480080759002806e-14
0.05528079211966477   1.5465828215921566e-14
0.05533173616221139   1.5451588795190893e-14
0.05538272715226672   1.5437362484729003e-14
0.055433765133095315   1.5423149272465195e-14
0.05548485014800149   1.5408949146339934e-14
0.05553598224032958   1.5394762094304748e-14
0.05558716145346375   1.5380588104322293e-14
0.05563838783082826   1.5366427164366255e-14
0.05568966141588728   1.535227926242145e-14
0.05574098225214513   1.5338144386483727e-14
0.05579235038314614   1.532402252455999e-14
0.05584376585247484   1.5309913664668188e-14
0.055895228703755837   1.529581779483731e-14
0.05594673898065407   1.5281734903107338e-14
0.05599829672687456   1.5267664977529305e-14
0.056049901986162755   1.5253608006165218e-14
0.05610155480230428   1.523956397708809e-14
0.05615325521912526   1.5225532878381896e-14
0.05620500328049204   1.5211514698141615e-14
0.05625679903031155   1.519750942447315e-14
0.05630864251253104   1.518351704549339e-14
0.05636053377113839   1.5169537549330127e-14
0.0564124728501619   1.5155570924122127e-14
0.056464459793670554   1.514161715801903e-14
0.05651649464577384   1.5127676239181433e-14
0.05656857745062199   1.51137481557808e-14
0.05662070825240585   1.50998328959995e-14
0.056672887095357054   1.5085930448030774e-14
0.05672511402374792   1.507204080007875e-14
0.056777389081891665   1.50581639403584e-14
0.05682971231414223   1.5044299857095553e-14
0.056882083764894543   1.5030448538526873e-14
0.05693450347858433   1.5016609972899873e-14
0.056986971499688385   1.5002784148472867e-14
0.05703948787272438   1.4988971053514983e-14
0.05709205264225112   1.4975170676306148e-14
0.05714466585286834   1.4961383005137104e-14
0.05719732754921703   1.494760802830933e-14
0.05725003777597918   1.493384573413512e-14
0.057302796577878075   1.4920096110937496e-14
0.05735560399967809   1.4906359147050263e-14
0.057408460086184984   1.4892634830817923e-14
0.05746136488224569   1.487892315059576e-14
0.05751431843274857   1.4865224094749735e-14
0.05756732078262325   1.485153765165655e-14
0.057620371976840855   1.4837863809703604e-14
0.057673472060413934   1.4824202557288967e-14
0.05772662107839644   1.4810553882821415e-14
0.05777981907588397   1.4796917774720388e-14
0.057833066098013544   1.478329422141599e-14
0.05788636218996391   1.476968321134897e-14
0.05793970739695532   1.475608473297073e-14
0.05799310176424984   1.4742498774743293e-14
0.058046545337151104   1.4728925325139326e-14
0.05810003816100462   1.4715364372642084e-14
0.058153580281197575   1.4701815905745442e-14
0.05820717174315909   1.468827991295386e-14
0.058260812592360045   1.4674756382782392e-14
0.058314502874313334   1.4661245303756654e-14
0.05836824263457367   1.4647746664412842e-14
0.05842203191873788   1.4634260453297683e-14
0.05847587077244468   1.4620786658968478e-14
0.05852975924137496   1.4607325269993037e-14
0.05858369737125161   1.4593876274949722e-14
0.05863768520783975   1.4580439662427384e-14
0.058691722796946566   1.4567015421025405e-14
0.05874581018442158   1.4553603539353642e-14
0.05879994741615644   1.4540204006032456e-14
0.058854134538085225   1.452681680969267e-14
0.058908371596184186   1.4513441938975593e-14
0.0589626586364721   1.4500079382532975e-14
0.05901699570501002   1.4486729129027026e-14
0.05907138284790156   1.4473391167130383e-14
0.05912582011129271   1.4460065485526135e-14
0.059180307541372094   1.444675207290775e-14
0.059234845184370805   1.4433450917979158e-14
0.059289433086562635   1.4420162009454642e-14
0.0593440712942639   1.4406885336058915e-14
0.05939875985383375   1.4393620886527036e-14
0.0594534988116739   1.4380368649604458e-14
0.059508288214228974   1.4367128614046993e-14
0.059563128107986245   1.435390076862081e-14
0.059618018539475987   1.434068510210239e-14
0.0596729595552712   1.4327481603278597e-14
0.05972795120198795   1.4314290260946575e-14
0.05978299352628512   1.4301111063913825e-14
0.05983808657486472   1.4287944000998104e-14
0.059893230394471676   1.4274789061027508e-14
0.05994842503189412   1.4261646232840388e-14
0.060003670533963174   1.4248515505285398e-14
0.06005896694755324   1.423539686722143e-14
0.0601143143195818   1.422229030751767e-14
0.060169712697009686   1.420919581505351e-14
0.06022516212684089   1.4196113378718618e-14
0.06028066265612284   1.4183042987412866e-14
0.0603362143319462   1.4169984630046372e-14
0.06039181720144516   1.4156938295539424e-14
0.0604474713117972   1.4143903972822556e-14
0.06050317671022344   1.4130881650836465e-14
0.06055893344398835   1.4117871318532042e-14
0.06061474156040011   1.4104872964870341e-14
0.06067060110681036   1.40918865788226e-14
0.0607265121306145   1.4078912149370183e-14
0.06078247467925149   1.4065949665504625e-14
0.06083848880020413   1.4052999116227574e-14
0.06089455454099885   1.4040060490550831e-14
0.060950671949206   1.4027133777496283e-14
0.061006841072439665   1.4014218966095952e-14
0.061063061958357895   1.4001316045391937e-14
0.06111933465466257   1.3988425004436442e-14
0.06117565920909964   1.3975545832291735e-14
0.06123203566945892   1.3962678518030183e-14
0.06128846408357442   1.3949823050734174e-14
0.061344944499324074   1.3936979419496183e-14
0.06140147696463008   1.39241476134187e-14
0.061458061527458675   1.3911327621614276e-14
0.06151469823582042   1.389851943320546e-14
0.061571387137769995   1.3885723037324837e-14
0.061628128281406486   1.387293842311498e-14
0.061684921714873185   1.386016557972848e-14
0.06174176748635785   1.3847404496327893e-14
0.061798665644092636   1.3834655162085758e-14
0.06185561623635406   1.38219175661846e-14
0.06191261931146323   1.380919169781688e-14
0.06196967491778571   1.3796477546185033e-14
0.062026783103731706   1.3783775100501406e-14
0.06208394391775594   1.3771084349988314e-14
0.06214115740835792   1.375840528387796e-14
0.06219842362408169   1.3745737891412494e-14
0.06225574261351619   1.3733082161843936e-14
0.062313114425294996   1.3720438084434238e-14
0.06237053910809663   1.3707805648455207e-14
0.06242801671064434   1.3695184843188552e-14
0.06248554728170642   1.368257565792583e-14
0.06254313087009596   1.3669978081968477e-14
0.06260076752467116   1.365739210462776e-14
0.06265845729433514   1.364481771522481e-14
0.06271620022803621   1.3632254903090554e-14
0.06277399637476763   1.361970365756579e-14
0.06283184578356799   1.3607163968001083e-14
0.06288974850352087   1.3594635823756842e-14
0.0629477045837553   1.3582119214203238e-14
0.06300571407344538   1.3569614128720265e-14
0.0630637770218107   1.3557120556697655e-14
0.06312189347811605   1.3544638487534953e-14
0.06318006349167178   1.353216791064141e-14
0.06323828711183353   1.3519708815436089e-14
0.06329656438800256   1.3507261191347745e-14
0.06335489536962553   1.3494825027814895e-14
0.06341328010619479   1.348240031428576e-14
0.06347171864724818   1.3469987040218302e-14
0.06353021104236932   1.3457585195080153e-14
0.06358875734118737   1.3445194768348686e-14
0.06364735759337738   1.3432815749510921e-14
0.06370601184866005   1.3420448128063586e-14
0.06376472015680203   1.340809189351306e-14
0.06382348256761568   1.3395747035375404e-14
0.06388229913095941   1.3383413543176305e-14
0.06394116989673745   1.3371091406451129e-14
0.06400009491490016   1.335878061474483e-14
0.06405907423544377   1.3346481157612048e-14
0.06411810790841074   1.3334193024616973e-14
0.06417719598388952   1.3321916205333464e-14
0.06423633851201482   1.3309650689344933e-14
0.06429553554296744   1.329739646624442e-14
0.06435478712697457   1.3285153525634511e-14
0.06441409331430951   1.3272921857127402e-14
0.0644734541552921   1.3260701450344808e-14
0.06453286970028832   1.3248492294918059e-14
0.06459233999971077   1.3236294380487968e-14
0.06465186510401837   1.3224107696704936e-14
0.06471144506371662   1.3211932233228859e-14
0.0647710799293575   1.3199767979729175e-14
0.06483076975153966   1.3187614925884819e-14
0.06489051458090826   1.3175473061384249e-14
0.06495031446815527   1.3163342375925387e-14
0.06501016946401926   1.3151222859215666e-14
0.06507007961928565   1.3139114500971973e-14
0.06513004498478656   1.3127017290920691e-14
0.06519006561140105   1.3114931218797635e-14
0.065250141550055   1.3102856274348092e-14
0.06531027285172128   1.3090792447326762e-14
0.06537045956741966   1.307873972749782e-14
0.06543070174821704   1.3066698104634814e-14
0.06549099944522722   1.3054667568520762e-14
0.06555135270961128   1.3042648108948046e-14
0.06561176159257728   1.3030639715718469e-14
0.06567222614538064   1.3018642378643207e-14
0.06573274641932385   1.3006656087542841e-14
0.06579332246575682   1.2994680832247285e-14
0.06585395433607666   1.2982716602595869e-14
0.06591464208172795   1.2970763388437229e-14
0.06597538575420257   1.2958821179629387e-14
0.06603618540504   1.2946889966039667e-14
0.06609704108582704   1.2934969737544754e-14
0.0661579528481982   1.2923060484030625e-14
0.0662189207438354   1.2911162195392602e-14
0.06627994482446835   1.289927486153528e-14
0.06634102514187436   1.2887398472372553e-14
0.06640216174787843   1.2875533017827621e-14
0.06646335469435337   1.2863678487832944e-14
0.06652460403321973   1.2851834872330266e-14
0.06658590981644602   1.2840002161270568e-14
0.06664727209604848   1.2828180344614114e-14
0.06670869092409146   1.281636941233038e-14
0.06677016635268712   1.2804569354398105e-14
0.06683169843399582   1.2792780160805234e-14
0.0668932872202258   1.2781001821548949e-14
0.06695493276363361   1.2769234326635615e-14
0.06701663511652377   1.275747766608083e-14
0.06707839433124914   1.2745731829909361e-14
0.06714021046021074   1.2733996808155168e-14
0.06720208355585795   1.2722272590861388e-14
0.0672640136706884   1.2710559168080325e-14
0.06732600085724821   1.2698856529873432e-14
0.06738804516813181   1.2687164666311337e-14
0.06745014665598219   1.2675483567473772e-14
0.06751230537349076   1.2663813223449647e-14
0.0675745213733976   1.2652153624336953e-14
0.0676367947084913   1.2640504760242839e-14
0.06769912543160914   1.262886662128353e-14
0.06776151359563706   1.2617239197584373e-14
0.06782395925350981   1.2605622479279788e-14
0.06788646245821083   1.25940164565133e-14
0.06794902326277245   1.258242111943748e-14
0.06801164172027582   1.2570836458214003e-14
0.06807431788385111   1.2559262463013565e-14
0.06813705180667728   1.2547699124015941e-14
0.0681998435419825   1.2536146431409925e-14
0.0682626931430438   1.2524604375393362e-14
0.06832560066318748   1.2513072946173102e-14
0.06838856615578881   1.2501552133965042e-14
0.06845158967427244   1.2490041928994053e-14
0.06851467127211204   1.2478542321494036e-14
0.06857781100283078   1.2467053301707855e-14
0.06864100892000097   1.2455574859887387e-14
0.0687042650772444   1.2444106986293456e-14
0.0687675795282322   1.2432649671195878e-14
0.06883095232668507   1.242120290487341e-14
0.06889438352637307   1.2409766677613765e-14
0.06895787318111596   1.2398340979713598e-14
0.06902142134478294   1.238692580147851e-14
0.06908502807129303   1.2375521133222997e-14
0.06914869341461478   1.2364126965270506e-14
0.0692124174287666   1.235274328795337e-14
0.06927620016781656   1.2341370091612845e-14
0.06934004168588269   1.2330007366599052e-14
0.06940394203713274   1.2318655103271025e-14
0.06946790127578456   1.230731329199664e-14
0.06953191945610576   1.229598192315269e-14
0.06959599663241417   1.2284660987124781e-14
0.06966013285907748   1.22733504743074e-14
0.06972432819051365   1.2262050375103862e-14
0.06978858268119065   1.225076067992633e-14
0.06985289638562678   1.2239481379195782e-14
0.06991726935839042   1.2228212463342033e-14
0.06998170165410042   1.2216953922803684e-14
0.0700461933274258   1.2205705748028167e-14
0.07011074443308608   1.219446792947169e-14
0.07017535502585112   1.2183240457599255e-14
0.07024002516054136   1.2172023322884634e-14
0.07030475489202759   1.2160816515810395e-14
0.07036954427523136   1.2149620026867835e-14
0.07043439336512468   1.2138433846557031e-14
0.07049930221673033   1.2127257965386796e-14
0.07056427088512168   1.2116092373874681e-14
0.07062929942542301   1.210493706254697e-14
0.07069438789280923   1.2093792021938672e-14
0.07075953634250623   1.2082657242593507e-14
0.07082474482979068   1.2071532715063904e-14
0.07089001340999032   1.2060418429910983e-14
0.07095534213848376   1.2049314377704565e-14
0.07102073107070069   1.203822054902315e-14
0.07108618026212192   1.2027136934453905e-14
0.0711516897682793   1.2016063524592678e-14
0.07121725964475598   1.2005000310043954e-14
0.07128288994718616   1.1993947281420897e-14
0.07134858073125552   1.1982904429345284e-14
0.07141433205270084   1.1971871744447551e-14
0.07148014396731045   1.196084921736674e-14
0.07154601653092395   1.1949836838750531e-14
0.07161194979943253   1.1938834599255201e-14
0.07167794382877873   1.192784248954564e-14
0.07174399867495683   1.1916860500295312e-14
0.07181011439401251   1.1905888622186306e-14
0.07187629104204331   1.1894926845909243e-14
0.07194252867519825   1.188397516216336e-14
0.0720088273496783   1.1873033561656424e-14
0.07207518712173602   1.1862102035104782e-14
0.07214160804767604   1.1851180573233298e-14
0.07220809018385464   1.184026916677541e-14
0.07227463358668022   1.1829367806473063e-14
0.07234123831261303   1.1818476483076747e-14
0.0724079044181655   1.1807595187345439e-14
0.07247463195990193   1.179672391004666e-14
0.07254142099443898   1.1785862641956397e-14
0.0726082715784453   1.1775011373859153e-14
0.07267518376864189   1.1764170096547906e-14
0.07274215762180189   1.1753338800824116e-14
0.07280919319475092   1.1742517477497699e-14
0.07287629054436681   1.1731706117387059e-14
0.07294344972757995   1.172090471131902e-14
0.07301067080137305   1.1710113250128884e-14
0.07307795382278148   1.1699331724660365e-14
0.07314529884889302   1.1688560125765624e-14
0.07321270593684821   1.1677798444305234e-14
0.07328017514384012   1.1667046671148194e-14
0.07334770652711463   1.1656304797171891e-14
0.07341530014397026   1.1645572813262139e-14
0.07348295605175846   1.1634850710313117e-14
0.07355067430788342   1.1624138479227404e-14
0.07361845496980235   1.161343611091594e-14
0.07368629809502526   1.160274359629806e-14
0.07375420374111531   1.1592060926301428e-14
0.07382217196568858   1.1581388091862081e-14
0.07389020282641437   1.1570725083924396e-14
0.07395829638101498   1.1560071893441087e-14
0.07402645268726604   1.1549428511373198e-14
0.07409467180299634   1.1538794928690098e-14
0.07416295378608802   1.1528171136369464e-14
0.07423129869447646   1.1517557125397288e-14
0.0742997065861506   1.1506952886767852e-14
0.07436817751915262   1.149635841148374e-14
0.07443671155157837   1.1485773690555807e-14
0.07450530874157708   1.1475198715003204e-14
0.07457396914735172   1.1464633475853329e-14
0.07464269282715875   1.1454077964141855e-14
0.07471147983930847   1.14435321709127e-14
0.07478033024216474   1.1432996087218041e-14
0.07484924409414538   1.1422469704118276e-14
0.07491822145372189   1.141195301268205e-14
0.0749872623794198   1.1401446003986214e-14
0.07505636692981843   1.1390948669115855e-14
0.07512553516355124   1.1380460999164248e-14
0.07519476713930554   1.1369982985232885e-14
0.07526406291582291   1.1359514618431436e-14
0.07533342255189891   1.134905588987777e-14
0.07540284610638343   1.1338606790697921e-14
0.07547233363818041   1.1328167312026107e-14
0.07554188520624827   1.1317737445004694e-14
0.07561150086959958   1.1307317180784227e-14
0.07568118068730148   1.1296906510523359e-14
0.07575092471847536   1.1286505425388926e-14
0.07582073302229723   1.1276113916555867e-14
0.07589060565799755   1.1265731975207264e-14
0.07596054268486142   1.1255359592534306e-14
0.07603054416222853   1.1244996759736294e-14
0.07610061014949326   1.1234643468020644e-14
0.07617074070610481   1.1224299708602844e-14
0.07624093589156701   1.1213965472706488e-14
0.0763111957654387   1.1203640751563248e-14
0.07638152038733341   1.119332553641287e-14
0.07645190981691981   1.118301981850315e-14
0.0765223641139214   1.1172723589089967e-14
0.07659288333811681   1.116243683943723e-14
0.07666346754933971   1.1152159560816909e-14
0.07673411680747898   1.1141891744508988e-14
0.07680483117247854   1.1131633381801509e-14
0.07687561070433777   1.1121384463990498e-14
0.0769464554631111   1.1111144982380031e-14
0.07701736550890854   1.1100914928282166e-14
0.0770883409018953   1.1090694293016973e-14
0.07715938170229218   1.1080483067912505e-14
0.07723048797037534   1.107028124430481e-14
0.07730165976647664   1.1060088813537898e-14
0.07737289715098337   1.1049905766963763e-14
0.07744420018433866   1.1039732095942352e-14
0.07751556892704115   1.1029567791841574e-14
0.07758700343964538   1.1019412846037276e-14
0.0776585037827616   1.1009267249913258e-14
0.077730070017056   1.0999130994861238e-14
0.07780170220325054   1.0989004072280876e-14
0.07787340040212334   1.0978886473579733e-14
0.07794516467450834   1.0968778190173299e-14
0.07801699508129567   1.0958679213484949e-14
0.07808889168343146   1.094858953494598e-14
0.07816085454191814   1.0938509145995547e-14
0.07823288371781421   1.0928438038080712e-14
0.07830497927223459   1.0918376202656396e-14
0.07837714126635037   1.0908323631185404e-14
0.07844936976138915   1.0898280315138375e-14
0.07852166481863483   1.0888246245993835e-14
0.07859402649942791   1.0878221415238125e-14
0.07866645486516528   1.0868205814365447e-14
0.07873894997730058   1.0858199434877815e-14
0.07881151189734388   1.0848202268285087e-14
0.07888414068686214   1.0838214306104915e-14
0.07895683640747887   1.082823553986279e-14
0.07902959912087455   1.0818265961091976e-14
0.07910242888878631   1.0808305561333559e-14
0.07917532577300838   1.079835433213638e-14
0.07924828983539174   1.0788412265057096e-14
0.07932132113784453   1.077847935166012e-14
0.07939441974233179   1.0768555583517633e-14
0.07946758571087584   1.0758640952209571e-14
0.07954081910555598   1.0748735449323637e-14
0.07961411998850887   1.0738839066455262e-14
0.07968748842192827   1.0728951795207637e-14
0.07976092446806546   1.0719073627191652e-14
0.07983442818922888   1.0709204554025954e-14
0.07990799964778456   1.0699344567336888e-14
0.07998163890615585   1.0689493658758506e-14
0.08005534602682379   1.0679651819932574e-14
0.08012912107232684   1.0669819042508558e-14
0.08020296410526123   1.0659995318143584e-14
0.08027687518828075   1.06501806385025e-14
0.08035085438409707   1.0640374995257786e-14
0.08042490175547948   1.0630578380089624e-14
0.08049901736525529   1.0620790784685833e-14
0.08057320127630954   1.061101220074191e-14
0.08064745355158542   1.0601242619960958e-14
0.0807217742540839   1.059148203405376e-14
0.08079616344686423   1.0581730434738706e-14
0.08087062119304356   1.0571987813741829e-14
0.0809451475557974   1.0562254162796754e-14
0.08101974259835933   1.0552529473644748e-14
0.0810944063840213   1.0542813738034656e-14
0.0811691389761335   1.0533106947722935e-14
0.08124394043810462   1.0523409094473621e-14
0.08131881083340163   1.051372017005835e-14
0.08139375022555018   1.050404016625631e-14
0.08146875867813423   1.0494369074854286e-14
0.08154383625479658   1.0484706887646593e-14
0.08161898301923845   1.0475053596435132e-14
0.08169419903521993   1.0465409193029333e-14
0.08176948436655986   1.0455773669246164e-14
0.08184483907713573   1.0446147016910147e-14
0.08192026323088414   1.0436529227853307e-14
0.08199575689180036   1.0426920293915216e-14
0.08207132012393885   1.041732020694293e-14
0.08214695299141293   1.0407728958791041e-14
0.08222265555839517   1.0398146541321611e-14
0.08229842788911708   1.0388572946404224e-14
0.08237427004786957   1.0379008165915918e-14
0.08245018209900262   1.0369452191741246e-14
0.08252616410692565   1.0359905015772199e-14
0.08260221613610731   1.0350366629908257e-14
0.08267833825107582   1.0340837026056343e-14
0.08275453051641866   1.0331316196130844e-14
0.08283079299678306   1.0321804132053574e-14
0.0829071257568756   1.0312300825753812e-14
0.0829835288614627   1.0302806269168237e-14
0.08306000237537027   1.0293320454240973e-14
0.08313654636348414   1.0283843372923547e-14
0.08321316089074977   1.0274375017174915e-14
0.08328984602217265   1.026491537896142e-14
0.08336660182281798   1.02554644502568e-14
0.0834434283578111   1.0246022223042197e-14
0.0835203256923372   1.0236588689306132e-14
0.08359729389164172   1.0227163841044485e-14
0.08367433302103004   1.0217747670260534e-14
0.0837514431458679   1.0208340168964892e-14
0.08382862433158111   1.0198941329175549e-14
0.08390587664365595   1.018955114291783e-14
0.08398320014763887   1.0180169602224416e-14
0.08406059490913688   1.0170796699135304e-14
0.0841380609938173   1.0161432425697843e-14
0.08421559846740814   1.0152076773966681e-14
0.0842932073956978   1.0142729736003802e-14
0.08437088784453547   1.0133391303878484e-14
0.08444863987983087   1.0124061469667315e-14
0.08452646356755461   1.011474022545417e-14
0.08460435897373797   1.0105427563330219e-14
0.08468232616447317   1.0096123475393917e-14
0.08476036520591326   1.0086827953750989e-14
0.08483847616427236   1.0077540990514418e-14
0.08491665910582546   1.0068262577804473e-14
0.08499491409690879   1.0058992707748653e-14
0.08507324120391956   1.0049731372481728e-14
0.0851516404933163   1.0040478564145683e-14
0.08523011203161868   1.0031234274889762e-14
0.08530865588540777   1.0021998496870423e-14
0.08538727212132587   1.001277122225136e-14
0.08546596080607684   1.000355244320346e-14
0.08554472200642588   9.994342151904841e-15
0.08562355578919983   9.985140340540803e-15
0.08570246222128701   9.975947001303859e-15
0.08578144136963749   9.966762126393692e-15
0.08586049330126291   9.957585708017187e-15
0.08593961808323682   9.948417738388389e-15
0.0860188157826944   9.939258209728514e-15
0.0860980864668329   9.930107114265942e-15
0.08617743020291127   9.920964444236213e-15
0.08625684705825068   9.911830191882007e-15
0.08633633710023413   9.902704349453155e-15
0.0864159003963069   9.893586909206611e-15
0.08649553701397622   9.88447786340648e-15
0.08657524702081176   9.875377204323957e-15
0.08665503048444526   9.866284924237387e-15
0.08673488747257094   9.857201015432198e-15
0.08681481805294525   9.848125470200944e-15
0.08689482229338726   9.839058280843248e-15
0.08697490026177834   9.829999439665852e-15
0.08705505202606263   9.820948938982556e-15
0.08713527765424667   9.811906771114257e-15
0.08721557721439988   9.8028729283889e-15
0.08729595077465419   9.793847403141523e-15
0.08737639840320453   9.784830187714187e-15
0.08745692016830849   9.775821274456042e-15
0.0875375161382867   9.766820655723243e-15
0.08761818638152274   9.757828323879006e-15
0.08769893096646308   9.748844271293583e-15
0.08777974996161744   9.739868490344225e-15
0.08786064343555852   9.730900973415232e-15
0.08794161145692235   9.721941712897891e-15
0.08802265409440806   9.712990701190516e-15
0.08810377141677828   9.704047930698394e-15
0.08818496349285881   9.69511339383383e-15
0.08826623039153905   9.686187083016099e-15
0.08834757218177172   9.677268990671468e-15
0.08842898893257327   9.668359109233156e-15
0.08851048071302355   9.659457431141377e-15
0.08859204759226626   9.650563948843279e-15
0.08867368963950864   9.641678654792989e-15
0.0887554069240219   9.632801541451554e-15
0.08883719951514088   9.623932601286988e-15
0.08891906748226454   9.615071826774218e-15
0.08900101089485554   9.60621921039512e-15
0.08908302982244083   9.597374744638473e-15
0.08916512433461116   9.58853842199999e-15
0.08924729450102166   9.579710234982268e-15
0.08932954039139143   9.570890176094838e-15
0.08941186207550403   9.562078237854097e-15
0.08949425962320712   9.553274412783363e-15
0.08957673310441291   9.544478693412809e-15
0.0896592825890979   9.535691072279506e-15
0.08974190814730319   9.52691154192738e-15
0.08982460984913432   9.518140094907239e-15
0.08990738776476154   9.509376723776734e-15
0.08999024196441965   9.500621421100383e-15
0.09007317251840831   9.491874179449528e-15
0.09015617949709182   9.483134991402382e-15
0.09023926297089947   9.474403849543958e-15
0.09032242301032531   9.46568074646612e-15
0.0904056596859285   9.456965674767543e-15
0.09048897306833305   9.448258627053716e-15
0.09057236322822827   9.439559595936938e-15
0.09065583023636839   9.430868574036313e-15
0.09073937416357304   9.422185553977732e-15
0.09082299508072693   9.413510528393889e-15
0.0909066930587803   9.404843489924238e-15
0.09099046816874853   9.396184431215047e-15
0.09107432048171271   9.387533344919307e-15
0.09115825006881918   9.378890223696823e-15
0.09124225700128008   9.370255060214111e-15
0.09132634135037294   9.36162784714448e-15
0.09141050318744122   9.35300857716796e-15
0.0914947425838939   9.344397242971323e-15
0.09157905961120595   9.33579383724808e-15
0.09166345434091806   9.327198352698476e-15
0.09174792684463699   9.318610782029458e-15
0.09183247719403534   9.310031117954704e-15
0.09191710546085191   9.301459353194588e-15
0.09200181171689145   9.292895480476205e-15
0.09208659603402507   9.28433949253332e-15
0.09217145848418992   9.275791382106416e-15
0.09225639913938961   9.267251141942632e-15
0.09234141807169396   9.258718764795809e-15
0.09242651535323936   9.250194243426449e-15
0.09251169105622849   9.241677570601719e-15
0.09259694525293077   9.233168739095438e-15
0.09268227801568205   9.224667741688097e-15
0.09276768941688499   9.216174571166817e-15
0.09285317952900879   9.207689220325372e-15
0.09293874842458964   9.199211681964159e-15
0.0930243961762304   9.190741948890215e-15
0.09311012285660099   9.18228001391719e-15
0.09319592853843812   9.17382586986536e-15
0.09328181329454575   9.165379509561596e-15
0.09336777719779471   9.156940925839395e-15
0.09345382032112319   9.148510111538832e-15
0.09353994273753638   9.140087059506592e-15
0.09362614452010697   9.13167176259593e-15
0.09371242574197479   9.123264213666692e-15
0.09379878647634726   9.114864405585288e-15
0.09388522679649908   9.106472331224709e-15
0.0939717467757726   9.098087983464504e-15
0.09405834648757778   9.089711355190757e-15
0.09414502600539208   9.08134243929614e-15
0.09423178540276086   9.072981228679833e-15
0.0943186247532971   9.064627716247579e-15
0.09440554413068172   9.056281894911633e-15
0.09449254360866345   9.0479437575908e-15
0.09457962326105913   9.039613297210369e-15
0.09466678316175343   9.031290506702184e-15
0.0947540233846993   9.022975379004566e-15
0.09484134400391767   9.014667907062351e-15
0.09492874509349786   9.00636808382686e-15
0.09501622672759726   8.998075902255928e-15
0.09510378898044182   8.989791355313842e-15
0.0951914319263257   8.981514435971392e-15
0.0952791556396117   8.973245137205823e-15
0.09536696019473097   8.964983452000857e-15
0.09545484566618342   8.956729373346666e-15
0.09554281212853748   8.948482894239887e-15
0.09563085965643041   8.9402440076836e-15
0.09571898832456813   8.932012706687327e-15
0.09580719820772557   8.923788984267019e-15
0.09589548938074637   8.915572833445074e-15
0.09598386191854334   8.907364247250292e-15
0.09607231589609815   8.899163218717922e-15
0.09616085138846171   8.890969740889587e-15
0.096249468470754   8.882783806813355e-15
0.0963381672181643   8.874605409543661e-15
0.09642694770595106   8.866434542141364e-15
0.09651581000944229   8.858271197673687e-15
0.09660475420403516   8.850115369214255e-15
0.09669378036519657   8.841967049843057e-15
0.09678288856846277   8.833826232646465e-15
0.09687207888943979   8.825692910717202e-15
0.09696135140380314   8.817567077154366e-15
0.09705070618729829   8.809448725063397e-15
0.09714014331574031   8.801337847556088e-15
0.0972296628650143   8.793234437750575e-15
0.09731926491107513   8.785138488771328e-15
0.09740894952994789   8.777049993749141e-15
0.09749871679772745   8.768968945821153e-15
0.09758856679057908   8.760895338130796e-15
0.09767849958473801   8.752829163827828e-15
0.09776851525650991   8.744770416068314e-15
0.09785861388227061   8.736719088014625e-15
0.0979487955384665   8.728675172835412e-15
0.0980390603016142   8.720638663705635e-15
0.09812940824830109   8.712609553806516e-15
0.09821983945518488   8.704587836325575e-15
0.09831035399899415   8.696573504456593e-15
0.09840095195652801   8.688566551399625e-15
0.0984916334046565   8.680566970360976e-15
0.09858239842032034   8.672574754553216e-15
0.0986732470805313   8.664589897195159e-15
0.09876417946237198   8.65661239151187e-15
0.0988551956429962   8.648642230734634e-15
0.09894629569962865   8.640679408100993e-15
0.09903747970956543   8.632723916854692e-15
0.09912874775017363   8.624775750245712e-15
0.09922009989889188   8.616834901530235e-15
0.09931153623322994   8.608901363970676e-15
0.09940305683076921   8.600975130835622e-15
0.09949466176916238   8.593056195399879e-15
0.09958635112613393   8.585144550944438e-15
0.09967812497947973   8.577240190756486e-15
0.09976998340706755   8.569343108129368e-15
0.09986192648683674   8.561453296362626e-15
0.09995395429679867   8.553570748761958e-15
0.10004606691503641   8.545695458639235e-15
0.100138264419705   8.537827419312486e-15
0.10023054688903175   8.529966624105875e-15
0.10032291440131583   8.522113066349724e-15
0.10041536703492857   8.514266739380508e-15
0.10050790486831349   8.506427636540822e-15
0.1006005279799867   8.498595751179389e-15
0.10069323644853632   8.490771076651062e-15
0.10078603035262297   8.48295360631682e-15
0.10087890977097998   8.47514333354373e-15
0.10097187478241296   8.467340251704992e-15
0.10106492546580029   8.459544354179893e-15
0.10115806190009287   8.45175563435383e-15
0.1012512841643147   8.443974085618263e-15
0.10134459233756231   8.436199701370762e-15
0.1014379864990052   8.428432475014967e-15
0.10153146672788572   8.420672399960597e-15
0.10162503310351959   8.41291946962342e-15
0.10171868570529527   8.405173677425286e-15
0.10181242461267452   8.397435016794095e-15
0.1019062499051922   8.389703481163806e-15
0.1020001616624568   8.381979063974395e-15
0.10209415996414985   8.374261758671914e-15
0.10218824489002638   8.366551558708424e-15
0.10228241651991488   8.358848457542038e-15
0.10237667493371767   8.351152448636864e-15
0.10247102021141043   8.34346352546304e-15
0.10256545243304259   8.335781681496723e-15
0.10265997167873729   8.328106910220082e-15
0.10275457802869181   8.320439205121259e-15
0.10284927156317704   8.312778559694412e-15
0.1029440523625379   8.30512496743969e-15
0.10303892050719328   8.297478421863229e-15
0.10313387607763651   8.28983891647712e-15
0.10322891915443475   8.282206444799453e-15
0.10332404981822954   8.274581000354274e-15
0.10341926814973659   8.26696257667161e-15
0.10351457422974637   8.259351167287407e-15
0.10360996813912343   8.251746765743596e-15
0.10370544995880697   8.24414936558804e-15
0.1038010197698107   8.23655896037456e-15
0.10389667765322323   8.228975543662878e-15
0.10399242369020767   8.221399109018669e-15
0.10408825796200197   8.213829650013533e-15
0.10418418054991885   8.206267160224991e-15
0.10428019153534632   8.198711633236456e-15
0.10437629099974702   8.191163062637264e-15
0.10447247902465881   8.183621442022657e-15
0.10456875569169455   8.17608676499378e-15
0.10466512108254267   8.16855902515764e-15
0.10476157527896651   8.161038216127153e-15
0.10485811836280493   8.153524331521116e-15
0.10495475041597203   8.1460173649642e-15
0.10505147152045778   8.138517310086929e-15
0.10514828175832736   8.131024160525714e-15
0.10524518121172168   8.12353790992281e-15
0.10534216996285724   8.116058551926345e-15
0.10543924809402663   8.108586080190261e-15
0.10553641568759797   8.101120488374372e-15
0.10563367282601539   8.093661770144322e-15
0.10573101959179887   8.086209919171593e-15
0.10582845606754478   8.078764929133468e-15
0.10592598233592526   8.071326793713081e-15
0.10602359847968877   8.06389550659937e-15
0.1061213045816599   8.056471061487091e-15
0.10621910072473992   8.04905345207678e-15
0.10631698699190612   8.041642672074806e-15
0.10641496346621242   8.03423871519331e-15
0.10651303023078913   8.026841575150245e-15
0.10661118736884354   8.019451245669314e-15
0.10670943496365924   8.012067720480024e-15
0.10680777309859672   8.00469099331765e-15
0.10690620185709317   7.997321057923245e-15
0.10700472132266298   7.989957908043592e-15
0.1071033315788972   7.982601537431265e-15
0.10720203270946402   7.975251939844581e-15
0.10730082479810861   7.9679091090476e-15
0.10739970792865365   7.960573038810113e-15
0.10749868218499875   7.953243722907664e-15
0.10759774765112094   7.945921155121527e-15
0.10769690441107452   7.9386053292387e-15
0.10779615254899158   7.931296239051885e-15
0.10789549214908142   7.923993878359516e-15
0.10799492329563097   7.916698240965743e-15
0.10809444607300511   7.909409320680396e-15
0.10819406056564618   7.902127111319026e-15
0.10829376685807442   7.89485160670287e-15
0.10839356503488785   7.887582800658863e-15
0.10849345518076282   7.880320687019599e-15
0.10859343738045335   7.873065259623373e-15
0.10869351171879166   7.86581651231415e-15
0.10879367828068809   7.858574438941563e-15
0.10889393715113149   7.851339033360894e-15
0.10899428841518878   7.844110289433097e-15
0.10909473215800532   7.836888201024773e-15
0.10919526846480483   7.82967276200818e-15
0.10929589742088996   7.822463966261192e-15
0.10939661911164157   7.815261807667347e-15
0.10949743362251935   7.808066280115798e-15
0.1095983410390616   7.800877377501343e-15
0.10969934144688584   7.793695093724375e-15
0.1098004349316881   7.786519422690916e-15
0.10990162157924352   7.779350358312602e-15
0.11000290147540619   7.772187894506684e-15
0.1101042747061096   7.765032025195975e-15
0.11020574135736617   7.757882744308928e-15
0.11030730151526764   7.75074004577956e-15
0.110408955265985   7.743603923547488e-15
0.11051070269576897   7.736474371557892e-15
0.11061254389094946   7.729351383761532e-15
0.11071447893793598   7.722234954114754e-15
0.11081650792321762   7.715125076579455e-15
0.11091863093336349   7.708021745123078e-15
0.11102084805502214   7.700924953718642e-15
0.11112315937492208   7.693834696344706e-15
0.11122556497987163   7.686750966985387e-15
0.11132806495675945   7.679673759630306e-15
0.11143065939255395   7.67260306827465e-15
0.11153334837430377   7.665538886919125e-15
0.11163613198913769   7.658481209569965e-15
0.11173901032426509   7.651430030238906e-15
0.11184198346697538   7.644385342943212e-15
0.11194505150463856   7.637347141705655e-15
0.112048214524705   7.630315420554515e-15
0.11215147261470601   7.623290173523546e-15
0.11225482586225322   7.61627139465202e-15
0.11235827435503912   7.60925907798469e-15
0.11246181818083689   7.602253217571796e-15
0.11256545742750096   7.595253807469036e-15
0.11266919218296635   7.588260841737603e-15
0.11277302253524925   7.581274314444152e-15
0.11287694857244683   7.574294219660807e-15
0.11298097038273781   7.567320551465125e-15
0.11308508805438183   7.56035330394014e-15
0.11318930167571997   7.55339247117433e-15
0.11329361133517458   7.546438047261618e-15
0.11339801712124989   7.539490026301344e-15
0.11350251912253131   7.532548402398305e-15
0.11360711742768603   7.525613169662714e-15
0.11371181212546279   7.51868432221022e-15
0.11381660330469251   7.511761854161864e-15
0.11392149105428762   7.504845759644118e-15
0.11402647546324256   7.497936032788862e-15
0.1141315566206337   7.491032667733383e-15
0.11423673461561988   7.484135658620346e-15
0.11434200953744168   7.477244999597822e-15
0.11444738147542209   7.470360684819278e-15
0.11455285051896628   7.463482708443555e-15
0.11465841675756219   7.456611064634858e-15
0.11476408028077982   7.449745747562788e-15
0.11486984117827188   7.442886751402306e-15
0.11497569953977356   7.436034070333742e-15
0.11508165545510311   7.42918769854276e-15
0.1151877090141612   7.422347630220406e-15
0.11529386030693142   7.415513859563062e-15
0.11540010942348025   7.40868638077246e-15
0.11550645645395748   7.401865188055651e-15
0.11561290148859557   7.39505027562504e-15
0.11571944461771025   7.388241637698363e-15
0.11582608593170073   7.381439268498656e-15
0.11593282552104923   7.374643162254294e-15
0.11603966347632147   7.367853313198963e-15
0.11614659988816647   7.361069715571661e-15
0.1162536348473172   7.354292363616673e-15
0.11636076844458984   7.3475212515836e-15
0.11646800077088441   7.340756373727333e-15
0.11657533191718458   7.33399772430806e-15
0.11668276197455822   7.32724529759123e-15
0.11679029103415674   7.320499087847598e-15
0.1168979191872157   7.31375908935318e-15
0.11700564652505463   7.307025296389273e-15
0.11711347313907752   7.300297703242421e-15
0.1172213991207723   7.293576304204445e-15
0.11732942456171129   7.286861093572412e-15
0.11743754955355107   7.280152065648654e-15
0.11754577418803308   7.273449214740724e-15
0.11765409855698293   7.266752535161436e-15
0.11776252275231097   7.260062021228837e-15
0.11787104686601213   7.253377667266207e-15
0.11797967099016647   7.246699467602036e-15
0.11808839521693856   7.240027416570059e-15
0.11819721963857802   7.23336150850921e-15
0.11830614434741936   7.226701737763655e-15
0.11841516943588254   7.220048098682737e-15
0.11852429499647235   7.213400585621027e-15
0.11863352112177891   7.206759192938289e-15
0.11874284790447757   7.200123914999483e-15
0.11885227543732946   7.193494746174735e-15
0.11896180381318078   7.18687168083938e-15
0.11907143312496349   7.180254713373922e-15
0.11918116346569499   7.173643838164046e-15
0.11929099492847883   7.167039049600583e-15
0.11940092760650395   7.160440342079555e-15
0.11951096159304532   7.153847710002133e-15
0.11962109698146374   7.147261147774646e-15
0.11973133386520639   7.140680649808565e-15
0.11984167233780622   7.134106210520507e-15
0.1199521124928825   7.127537824332244e-15
0.12006265442414064   7.12097548567068e-15
0.12017329822537279   7.114419188967823e-15
0.12028404399045713   7.107868928660843e-15
0.12039489181335852   7.101324699192015e-15
0.12050584178812827   7.094786495008742e-15
0.12061689400890474   7.088254310563513e-15
0.12072804856991264   7.081728140313957e-15
0.1208393055654637   7.075207978722781e-15
0.12095066508995636   7.068693820257817e-15
0.1210621272378765   7.062185659391953e-15
0.12117369210379667   7.055683490603196e-15
0.12128535978237667   7.0491873083746296e-15
0.12139713036836346   7.0426971071944205e-15
0.12150900395659164   7.0362128815557925e-15
0.12162098064198289   7.029734625957056e-15
0.12173306051954641   7.023262334901585e-15
0.1218452436843789   7.016796002897818e-15
0.12195753023166506   7.01033562445923e-15
0.12206992025667687   7.003881194104367e-15
0.12218241385477434   6.9974327063568164e-15
0.12229501112140513   6.990990155745215e-15
0.1224077121521053   6.9845535368032126e-15
0.12252051704249856   6.9781228440695174e-15
0.12263342588829686   6.971698072087855e-15
0.12274643878530023   6.965279215406986e-15
0.12285955582939735   6.958866268580668e-15
0.12297277711656493   6.952459226167686e-15
0.1230861027428682   6.946058082731839e-15
0.12319953280446085   6.939662832841931e-15
0.12331306739758549   6.93327347107175e-15
0.12342670661857309   6.9268899920000985e-15
0.12354045056384354   6.9205123902107604e-15
0.1236542993299054   6.914140660292519e-15
0.12376825301335659   6.9077747968391185e-15
0.12388231171088365   6.901414794449295e-15
0.12399647551926236   6.895060647726756e-15
0.12411074453535756   6.888712351280184e-15
0.12422511885612372   6.8823698997232036e-15
0.12433959857860429   6.87603328767442e-15
0.12445418379993214   6.869702509757392e-15
0.12456887461733006   6.8633775606006075e-15
0.12468367112811002   6.857058434837522e-15
0.12479857342967382   6.850745127106525e-15
0.12491358161951287   6.84443763205095e-15
0.12502869579520884   6.838135944319039e-15
0.1251439160544329   6.831840058563985e-15
0.1252592424949464   6.825549969443892e-15
0.12537467521460063   6.8192656716217995e-15
0.12549021431133744   6.812987159765628e-15
0.12560585988318856   6.806714428548235e-15
0.12572161202827617   6.800447472647376e-15
0.12583747084481278   6.79418628674571e-15
0.1259534364311018   6.78793086553077e-15
0.12606950888553675   6.78168120369501e-15
0.1261856883066021   6.775437295935754e-15
0.12630197479287283   6.769199136955216e-15
0.12641836844301524   6.762966721460473e-15
0.12653486935578606   6.756740044163491e-15
0.12665147763003326   6.750519099781101e-15
0.12676819336469572   6.744303883035001e-15
0.1268850166588039   6.738094388651732e-15
0.12700194761147915   6.731890611362709e-15
0.12711898632193427   6.725692545904189e-15
0.12723613288947336   6.719500187017289e-15
0.12735338741349242   6.713313529447941e-15
0.1274707499934787   6.7071325679469336e-15
0.12758822072901121   6.700957297269889e-15
0.12770579971976065   6.694787712177258e-15
0.1278234870654899   6.688623807434298e-15
0.1279412828660534   6.6824655778111065e-15
0.12805918722139784   6.6763130180825884e-15
0.1281772002315617   6.670166123028466e-15
0.12829532199667623   6.6640248874332474e-15
0.1284135526169644   6.657889306086268e-15
0.12853189219274186   6.651759373781641e-15
0.12865034082441637   6.6456350853182964e-15
0.12876889861248875   6.639516435499921e-15
0.12888756565755197   6.633403419135011e-15
0.12900634206029193   6.6272960310368284e-15
0.12912522792148706   6.62119426602343e-15
0.12924422334200916   6.615098118917613e-15
0.12936332842282255   6.609007584546963e-15
0.1294825432649847   6.602922657743825e-15
0.12960186796964612   6.596843333345308e-15
0.12972130263805093   6.5907696061932504e-15
0.12984084737153612   6.5847014711342625e-15
0.12996050227153225   6.5786389230196934e-15
0.13008026743956316   6.572581956705639e-15
0.1302001429772467   6.5665305670529085e-15
0.13032012898629394   6.560484748927065e-15
0.13044022556850982   6.554444497198396e-15
0.130560432825793   6.5484098067419085e-15
0.13068075086013636   6.542380672437318e-15
0.13080117977362646   6.536357089169069e-15
0.13092171966844401   6.530339051826312e-15
0.1310423706468638   6.5243265553029075e-15
0.13116313281125525   6.518319594497398e-15
0.13128400626408168   6.512318164313042e-15
0.13140499110790102   6.5063222596577905e-15
0.1315260874453656   6.500331875444276e-15
0.13164729537922268   6.494347006589809e-15
0.13176861501231385   6.488367648016387e-15
0.13189004644757557   6.4823937946506925e-15
0.1320115897880391   6.476425441424067e-15
0.13213324513683097   6.470462583272511e-15
0.1322550125971724   6.464505215136704e-15
0.1323768922723798   6.458553331961977e-15
0.13249888426586479   6.452606928698322e-15
0.13262098868113453   6.446666000300358e-15
0.13274320562179126   6.440730541727374e-15
0.13286553519153282   6.434800547943289e-15
0.13298797749415248   6.428876013916667e-15
0.1331105326335395   6.422956934620685e-15
0.13323320071367856   6.4170433050331685e-15
0.13335598183865016   6.411135120136564e-15
0.13347887611263104   6.405232374917922e-15
0.13360188363989361   6.399335064368927e-15
0.1337250045248065   6.393443183485864e-15
0.13384823887183442   6.3875567272696355e-15
0.1339715867855386   6.381675690725731e-15
0.13409504837057645   6.375800068864246e-15
0.13421862373170176   6.369929856699877e-15
0.13434231297376487   6.364065049251908e-15
0.13446611620171306   6.358205641544192e-15
0.13459003352058993   6.352351628605185e-15
0.13471406503553607   6.3465030054679116e-15
0.13483821085178874   6.340659767169977e-15
0.1349624710746827   6.334821908753532e-15
0.13508684580964928   6.328989425265323e-15
0.13521133516221712   6.323162311756635e-15
0.13533593923801204   6.3173405632833244e-15
0.13546065814275754   6.31152417490578e-15
0.13558549198227415   6.3057131416889574e-15
0.1357104408624801   6.299907458702348e-15
0.13583550488939103   6.294107121019988e-15
0.13596068416912072   6.288312123720438e-15
0.13608597880788034   6.2825224618867965e-15
0.13621138891197906   6.276738130606692e-15
0.1363369145878239   6.270959124972275e-15
0.1364625559419203   6.265185440080208e-15
0.13658831308087152   6.259417071031672e-15
0.13671418611137912   6.2536540129323595e-15
0.13684017514024288   6.2478962608924765e-15
0.13696628027436147   6.242143810026707e-15
0.13709250162073155   6.2363966554542615e-15
0.13721883928644862   6.230654792298827e-15
0.13734529337870668   6.224918215688591e-15
0.13747186400479897   6.219186920756207e-15
0.13759855127211712   6.2134609026388356e-15
0.13772535528815197   6.207740156478094e-15
0.13785227616049317   6.2020246774200924e-15
0.13797931399683   6.196314460615384e-15
0.13810646890495057   6.190609501219006e-15
0.1382337409927424   6.184909794390457e-15
0.1383611303681924   6.179215335293686e-15
0.1384886371393873   6.173526119097088e-15
0.1386162614145131   6.1678421409735175e-15
0.13874400330185563   6.162163396100269e-15
0.13887186290980028   6.156489879659086e-15
0.13899984034683285   6.150821586836129e-15
0.13912793572153864   6.145158512822007e-15
0.13925614914260323   6.139500652811751e-15
0.1393844807188121   6.133848002004821e-15
0.13951293055905148   6.1282005556050835e-15
0.13964149877230753   6.122558308820837e-15
0.13977018546766692   6.11692125686478e-15
0.1398989907543168   6.111289394954034e-15
0.1400279147415453   6.105662718310017e-15
0.14015695753874088   6.1000412221584285e-15
0.1402861192553929   6.094424901729881e-15
0.14041540000109146   6.088813752259085e-15
0.1405447998855282   6.083207768984317e-15
0.14067431901849534   6.0776069471483565e-15
0.14080395750988636   6.072011282000551e-15
0.140933715469696   6.066420768793134e-15
0.1410635930080207   6.060835402780465e-15
0.14119359023505795   6.055255179223426e-15
0.141323707261107   6.049680093389664e-15
0.14145394419656845   6.044110140548874e-15
0.14158430115194526   6.038545315970717e-15
0.14171477823784165   6.032985614935582e-15
0.14184537556496396   6.027431032728595e-15
0.14197609324412047   6.0218815646368475e-15
0.14210693138622188   6.016337205944459e-15
0.14223789010228075   6.010797951952865e-15
0.1423689695034121   6.005263797963781e-15
0.14250016970083315   5.999734739281623e-15
0.1426314908058641   5.994210771204096e-15
0.14276293292992723   5.988691889055311e-15
0.14289449618454758   5.983178088152645e-15
0.14302618068135337   5.977669363815164e-15
0.14315798653207526   5.972165711360952e-15
0.14328991384854697   5.966667126130846e-15
0.14342196274270522   5.961173603459445e-15
0.14355413332659026   5.9556851386794126e-15
0.1436864257123452   5.950201727131198e-15
0.1438188400122166   5.9447233641712435e-15
0.14395137633855432   5.939250045151309e-15
0.1440840348038122   5.933781765416527e-15
0.14421681552054733   5.9283185203318126e-15
0.14434971860142057   5.922860305268051e-15
0.14448274415919654   5.9174071155941e-15
0.14461589230674415   5.91195894666637e-15
0.14474916315703595   5.906515793876457e-15
0.14488255682314874   5.901077652608483e-15
0.14501607341826328   5.895644518245792e-15
0.14514971305566524   5.8902163861624855e-15
0.14528347584874407   5.884793251771522e-15
0.145417361910994   5.8793751104715146e-15
0.14555137135601365   5.8739619576564885e-15
0.14568550429750676   5.8685537887281515e-15
0.14581976084928142   5.86315059911204e-15
0.14595414112525076   5.857752384223684e-15
0.14608864523943269   5.8523591394664615e-15
0.14622327330595072   5.846970860272259e-15
0.14635802543903303   5.841587542077761e-15
0.14649290175301322   5.836209180315362e-15
0.14662790236233011   5.83083577039634e-15
0.14676302738152844   5.825467307785438e-15
0.14689827692525803   5.820103787929068e-15
0.14703365110827454   5.814745206269333e-15
0.14716915004543923   5.809391558245275e-15
0.14730477385171964   5.804042839335923e-15
0.14744052264218882   5.798699045003039e-15
0.147576396532026   5.793360170695556e-15
0.14771239563651642   5.788026211887367e-15
0.14784852007105204   5.782697164065984e-15
0.14798476995113063   5.777373022709857e-15
0.14812114539235663   5.7720537832729804e-15
0.14825764651044082   5.766739441267168e-15
0.1483942734212011   5.7614299921869285e-15
0.14853102624056155   5.756125431519706e-15
0.14866790508455338   5.750825754746325e-15
0.14880491006931448   5.7455309573962225e-15
0.14894204131109023   5.740241034976888e-15
0.14907929892623273   5.73495598297947e-15
0.14921668303120136   5.729675796925277e-15
0.1493541937425628   5.724400472349212e-15
0.14949183117699152   5.719130004775293e-15
0.14962959545126905   5.713864389696807e-15
0.14976748668228473   5.708603622678719e-15
0.14990550498703548   5.703347699259615e-15
0.15004365048262644   5.698096614967687e-15
0.15018192328627025   5.69285036533324e-15
0.15032032351528773   5.687608945931586e-15
0.15045885128710762   5.682372352315524e-15
0.1505975067192674   5.67714058001356e-15
0.1507362899294123   5.671913624603109e-15
0.15087520103529625   5.666691481661216e-15
0.1510142401547815   5.661474146752746e-15
0.15115340740583927   5.6562616154175826e-15
0.15129270290654917   5.651053883270702e-15
0.15143212677509976   5.645850945893484e-15
0.1515716791297883   5.640652798849032e-15
0.15171136008902159   5.6354594377280526e-15
0.15185116977131505   5.630270858145301e-15
0.15199110829529347   5.625087055698404e-15
0.15213117577969082   5.619908025946928e-15
0.15227137234335097   5.614733764535902e-15
0.1524116981052268   5.609564267077958e-15
0.15255215318438103   5.604399529169588e-15
0.15269273769998587   5.599239546416661e-15
0.15283345177132387   5.594084314470422e-15
0.15297429551778705   5.588933828956802e-15
0.1531152690588774   5.583788085466482e-15
0.15325637251420754   5.57864707966398e-15
0.1533976060034999   5.573510807196053e-15
0.15353896964658725   5.56837926369107e-15
0.15368046356341283   5.56325244477286e-15
0.15382208787403073   5.55813034612733e-15
0.15396384269860527   5.553012963408517e-15
0.15410572815741164   5.5479002922364846e-15
0.15424774437083574   5.542792328298294e-15
0.1543898914593749   5.537689067272961e-15
0.15453216954363694   5.5325905048186576e-15
0.15467457874434107   5.527496636580673e-15
0.15481711918231755   5.522407458277617e-15
0.15495979097850845   5.5173229655914506e-15
0.15510259425396689   5.5122431541695535e-15
0.15524552912985762   5.507168019725326e-15
0.15538859572745692   5.502097557967787e-15
0.15553179416815335   5.4970317645825e-15
0.1556751245734468   5.491970635240575e-15
0.15581858706494933   5.486914165690802e-15
0.15596218176438487   5.481862351642914e-15
0.15610590879359004   5.476815188769258e-15
0.15624976827451326   5.471772672814053e-15
0.15639376032921548   5.466734799513619e-15
0.15653788507986996   5.4617015645780455e-15
0.15668214264876304   5.456672963708949e-15
0.15682653315829329   5.451648992682975e-15
0.15697105673097222   5.446629647237418e-15
0.15711571348942407   5.441614923066497e-15
0.1572605035563866   5.436604815950628e-15
0.15740542705471017   5.431599321650648e-15
0.1575504841073585   5.426598435898286e-15
0.1576956748374085   5.421602154431901e-15
0.157840999368051   5.416610473052092e-15
0.1579864578225898   5.4116233875235545e-15
0.15813205032444252   5.406640893559535e-15
0.15827777699714046   5.401662986982242e-15
0.15842363796432907   5.396689663573728e-15
0.15856963334976737   5.391720919084083e-15
0.15871576327732856   5.386756749294567e-15
0.15886202787099987   5.381797150026349e-15
0.1590084272548832   5.3768421170676246e-15
0.15915496155319445   5.371891646157188e-15
0.159301630890264   5.366945733155464e-15
0.15944843539053677   5.362004373865975e-15
0.1595953751785728   5.357067564052825e-15
0.15974245037904644   5.352135299547184e-15
0.15988966111674707   5.3472075761875765e-15
0.16003700751657896   5.342284389776504e-15
0.16018448970356192   5.337365736104156e-15
0.1603321078028305   5.332451611046323e-15
0.16047986193963476   5.327542010433492e-15
0.16062775223934   5.322636930041437e-15
0.1607757788274275   5.31773636575771e-15
0.16092394182949377   5.312840313433553e-15
0.16107224137125115   5.307948768880671e-15
0.1612206775785277   5.30306172794695e-15
0.16136925057726798   5.29817918652182e-15
0.161517960493532   5.293301140454118e-15
0.1616668074534962   5.288427585551821e-15
0.16181579158345313   5.283558517741509e-15
0.1619649130098122   5.2786939328918985e-15
0.16211417185909877   5.273833826821062e-15
0.16226356825795504   5.2689781954431026e-15
0.16241310233313971   5.264127034654905e-15
0.16256277421152882   5.2592803403095684e-15
0.1627125840201148   5.254438108282991e-15
0.1628625318860073   5.249600334509361e-15
0.16301261793643296   5.244767014877782e-15
0.16316284229873612   5.2399381452261996e-15
0.16331320510037797   5.2351137215247964e-15
0.1634637064689374   5.230293739680176e-15
0.16361434653211063   5.2254781955461026e-15
0.1637651254177121   5.220667085075399e-15
0.1639160432536735   5.2158604042039575e-15
0.16406710016804463   5.211058148819304e-15
0.16421829628899312   5.206260314838314e-15
0.16436963174480515   5.2014668982328895e-15
0.1645211066638847   5.196677894925243e-15
0.16467272117475404   5.191893300796616e-15
0.16482447540605438   5.187113111853595e-15
0.164976369486545   5.182337324040325e-15
0.16512840354510402   5.177565933238819e-15
0.1652805777107281   5.172798935454479e-15
0.16543289211253331   5.168036326654757e-15
0.16558534687975424   5.163278102753791e-15
0.16573794214174467   5.1585242597239966e-15
0.1658906780279775   5.1537747935672196e-15
0.16604355466804535   5.149029700230796e-15
0.1661965721916599   5.144288975654146e-15
0.1663497307286524   5.1395526158723216e-15
0.16650303040897363   5.134820616865043e-15
0.16665647136269468   5.130092974539179e-15
0.1668100537200059   5.125369684963285e-15
0.1669637776112179   5.120650744129774e-15
0.16711764316676112   5.115936147971681e-15
0.1672716505171867   5.111225892532498e-15
0.16742579979316569   5.106519973835145e-15
0.16758009112548963   5.101818387843361e-15
0.1677345246450704   5.097121130571215e-15
0.16788910048294114   5.092428198073454e-15
0.16804381877025518   5.087739586344248e-15
0.16819867963828683   5.083055291368707e-15
0.16835368321843125   5.078375309233151e-15
0.16850882964220526   5.073699635961897e-15
0.16866411904124626   5.069028267512665e-15
0.1688195515473132   5.064361200001929e-15
0.16897512729228628   5.059698429469811e-15
0.1691308464081677   5.055039951885997e-15
0.16928670902708085   5.050385763357954e-15
0.16944271528127097   5.045735859950817e-15
0.1695988653031051   5.0410902376641765e-15
0.16975515922507275   5.036448892579562e-15
0.16991159717978496   5.031811820790867e-15
0.17006817929997517   5.027179018325282e-15
0.17022490571849896   5.022550481240652e-15
0.17038177656833495   5.017926205659587e-15
0.17053879198258365   5.013306187636181e-15
0.1706959520944685   5.008690423204756e-15
0.1708532570373355   5.0040789085170985e-15
0.1710107069446541   4.999471639654302e-15
0.17116830195001612   4.9948686126291205e-15
0.1713260421871368   4.990269823620346e-15
0.17148392778985433   4.98567526872603e-15
0.1716419588921308   4.98108494396558e-15
0.17180013562805127   4.976498845517226e-15
0.17195845813182445   4.9719169694991e-15
0.17211692653778263   4.967339311955235e-15
0.17227554098038242   4.962765869045746e-15
0.17243430159420373   4.958196636914504e-15
0.17259320851395074   4.9536316116302865e-15
0.1727522618744516   4.9490707893358845e-15
0.17291146181065922   4.944514166199902e-15
0.17307080845765033   4.939961738313482e-15
0.1732303019506263   4.9354135018033664e-15
0.17338994242491299   4.930869452863919e-15
0.17354973001596144   4.926329587610437e-15
0.17370966485934697   4.921793902155583e-15
0.1738697470907701   4.91726239271561e-15
0.17402997684605614   4.912735055427477e-15
0.17419035426115614   4.908211886389045e-15
0.17435087947214592   4.9036928818416045e-15
0.17451155261522686   4.899178037943912e-15
0.17467237382672562   4.894667350782046e-15
0.17483334324309516   4.890160816619077e-15
0.17499446100091354   4.885658431631336e-15
0.17515572723688488   4.8811601919037294e-15
0.17531714208783916   4.8766660937112746e-15
0.17547870569073296   4.8721761332442206e-15
0.17564041818264847   4.86769030660759e-15
0.17580227970079448   4.863208610067777e-15
0.175964290382506   4.858731039835148e-15
0.17612645036524516   4.854257592032162e-15
0.17628875978660022   4.849788262919578e-15
0.17645121878428624   4.845323048727458e-15
0.1766138274961457   4.840861945595197e-15
0.17677658606014762   4.836404949778867e-15
0.1769394946143883   4.831952057527708e-15
0.17710255329709115   4.827503264999597e-15
0.1772657622466075   4.8230585684461264e-15
0.17742912160141563   4.81861796413387e-15
0.17759263150012158   4.814181448243877e-15
0.17775629208145902   4.80974901702396e-15
0.17792010348428997   4.805320666752531e-15
0.1780840658476038   4.800896393608528e-15
0.17824817931051834   4.796476193841289e-15
0.1784124440122792   4.792060063761029e-15
0.1785768600922611   4.787647999578502e-15
0.17874142768996643   4.783239997544356e-15
0.1789061469450265   4.778836053966704e-15
0.17907101799720102   4.7744361650651104e-15
0.17923604098637902   4.770040327092333e-15
0.179401216052578   4.765648536376575e-15
0.1795665433359446   4.7612607891414805e-15
0.17973202297675445   4.756877081639978e-15
0.17989765511541297   4.7524974102269374e-15
0.1800634398924545   4.7481217711517346e-15
0.18022937744854298   4.743750160680573e-15
0.1803954679244718   4.7393825751601234e-15
0.1805617114611648   4.735019010842646e-15
0.18072810819967491   4.730659463996708e-15
0.1808946582811854   4.726303930994472e-15
0.18106136184700938   4.721952408098793e-15
0.1812282190385908   4.717604891587734e-15
0.18139522999750332   4.713261377844023e-15
0.18156239486545137   4.708921863144343e-15
0.18172971378426966   4.704586343780988e-15
0.18189718689592427   4.7002548161391764e-15
0.18206481434251146   4.695927276500035e-15
0.18223259626625865   4.6916037211661834e-15
0.18240053280952423   4.687284146538579e-15
0.1825686241147982   4.682968548906034e-15
0.18273687032470146   4.678656924586186e-15
0.18290527158198638   4.674349269987676e-15
0.18307382802953678   4.670045581406076e-15
0.18324253981036873   4.665745855175844e-15
0.18341140706762948   4.6614500877123515e-15
0.18358042994459844   4.657158275316977e-15
0.18374960858468684   4.652870414342832e-15
0.18391894313143864   4.648586501211051e-15
0.18408843372852948   4.644306532227897e-15
0.1842580805197677   4.640030503766898e-15
0.18442788364909382   4.635758412254058e-15
0.18459784326058173   4.6314902539995546e-15
0.18476795949843747   4.627226025399137e-15
0.1849382325070001   4.62296572288272e-15
0.18510866243074156   4.618709342756294e-15
0.18527924941426752   4.614456881442704e-15
0.18544999360231632   4.610208335378945e-15
0.18562089513975985   4.605963700888296e-15
0.18579195417160335   4.60172297441155e-15
0.18596317084298622   4.597486152380344e-15
0.18613454529918108   4.593253231102258e-15
0.18630607768559465   4.58902420705674e-15
0.18647776814776734   4.584799076682317e-15
0.18664961683137438   4.580577836285845e-15
0.1868216238822246   4.576360482377962e-15
0.18699378944626144   4.572147011396449e-15
0.18716611366956257   4.5679374196573625e-15
0.18733859669834096   4.563731703693923e-15
0.18751123867894365   4.559529859934421e-15
0.18768403975785278   4.555331884715414e-15
0.1878570000816853   4.551137774580787e-15
0.1880301197971938   4.546947525950308e-15
0.1882033990512656   4.542761135187638e-15
0.18837683799092356   4.538578598843506e-15
0.18855043676332578   4.534399913333033e-15
0.18872419551576664   4.530225075058663e-15
0.18889811439567558   4.526054080566433e-15
0.18907219355061802   4.521886926265818e-15
0.18924643312829584   4.517723608599934e-15
0.1894208332765465   4.513564124109141e-15
0.18959539414334392   4.509408469202474e-15
0.18977011587679815   4.505256640364534e-15
0.18994499862515632   4.501108634123897e-15
0.19012004253680165   4.496964446868093e-15
0.1902952477602542   4.492824075131362e-15
0.19047061444417077   4.488687515443366e-15
0.19064614273734573   4.484554764200244e-15
0.19082183278870998   4.480425817970729e-15
0.19099768474733186   4.476300673270453e-15
0.1911736987624169   4.4721793264655215e-15
0.1913498749833087   4.468061774191238e-15
0.1915262135594879   4.463948012937277e-15
0.1917027146405731   4.459838039125891e-15
0.1918793783763206   4.4557318493758035e-15
0.19205620491662528   4.451629440163505e-15
0.19223319441151956   4.4475308079629645e-15
0.19241034701117432   4.443435949381477e-15
0.19258766286589865   4.4393448608832094e-15
0.19276514212614074   4.435257538995635e-15
0.19294278494248682   4.431173980313685e-15
0.1931205914656621   4.427094181280595e-15
0.19329856184653052   4.423018138483189e-15
0.1934766962360956   4.418945848506721e-15
0.1936549947854994   4.414877307787903e-15
0.19383345764602358   4.410812512966604e-15
0.19401208496908892   4.406751460601804e-15
0.19419087690625633   4.4026941471403214e-15
0.19436983360922583   4.3986405692556426e-15
0.19454895522983745   4.394590723471353e-15
0.1947282419200709   4.39054460628982e-15
0.1949076938320466   4.3865022143766486e-15
0.1950873111180245   4.3824635442360616e-15
0.19526709393040514   4.378428592437645e-15
0.19544704242172922   4.37439735562761e-15
0.19562715674467868   4.370369830289809e-15
0.19580743705207554   4.3663460130629524e-15
0.19598788349688287   4.362325900572849e-15
0.19616849623220445   4.3583094892925745e-15
0.1963492754112858   4.354296775922039e-15
0.19653022118751304   4.350287757042263e-15
0.1967113337144139   4.346282429161408e-15
0.1968926131456573   4.342280788994133e-15
0.19707405963505448   4.33828283308979e-15
0.19725567333655772   4.3342885580313676e-15
0.19743745440426144   4.330297960510163e-15
0.19761940299240183   4.326311037051271e-15
0.19780151925535785   4.322327784314342e-15
0.19798380334765014   4.3183481989663555e-15
0.19816625542394187   4.31437227750717e-15
0.19834887563903858   4.3104000166749694e-15
0.19853166414788911   4.306431413087948e-15
0.19871462110558444   4.302466463290249e-15
0.19889774666735868   4.298505164029938e-15
0.1990810409885888   4.2945475118810104e-15
0.19926450422479558   4.2905935034685515e-15
0.1994481365316425   4.286643135519726e-15
0.1996319380649367   4.2826964045935195e-15
0.19981590898062868   4.278753307395477e-15
0.2000000494348133   4.274813840615048e-15
0.20018435958372863   4.2708780007628696e-15
0.20036883958375695   4.2669457846464945e-15
0.20055348959142444   4.263017188886988e-15
0.20073830976340212   4.259092210089276e-15
0.2009233002565048   4.2551708450275714e-15
0.201108461227692   4.251253090295266e-15
0.20129379283406768   4.247338942591585e-15
0.2014792952328812   4.243428398651697e-15
0.2016649685815262   4.239521455037127e-15
0.2018508130375416   4.235618108538413e-15
0.2020368287586113   4.2317183558297195e-15
0.20222301590256508   4.227822193513495e-15
0.20240937462737757   4.2239296184018854e-15
0.20259590509116904   4.220040627116612e-15
0.20278260745220603   4.216155216362189e-15
0.2029694818689003   4.212273382913395e-15
0.20315652849980984   4.2083951233536556e-15
0.20334374750363857   4.204520434491463e-15
0.20353113903923722   4.20064931304069e-15
0.20371870326560237   4.196781755626281e-15
0.20390644034187724   4.192917759079892e-15
0.20409435042735158   4.189057320049268e-15
0.20428243368146248   4.185200435259607e-15
0.20447069026379344   4.181347101511658e-15
0.20465912033407513   4.1774973154023706e-15
0.20484772405218524   4.173651073774424e-15
0.20503650157814945   4.169808373362786e-15
0.2052254530721403   4.165969210823888e-15
0.20541457869447807   4.1621335830097905e-15
0.20560387860563062   4.158301486585456e-15
0.20579335296621434   4.15447291831384e-15
0.20598300193699298   4.15064787501286e-15
0.20617282567887865   4.146826353293029e-15
0.20636282435293155   4.143008350041897e-15
0.20655299812036093   4.139193861993221e-15
0.20674334714252396   4.135382885845526e-15
0.20693387158092671   4.131575418471365e-15
0.20712457159722394   4.1277714565442395e-15
0.20731544735321997   4.1239709968816925e-15
0.20750649901086757   4.120174036304747e-15
0.207697726732269   4.116380571444343e-15
0.20788913067967568   4.112590599234799e-15
0.20808071101548925   4.108804116398522e-15
0.20827246790226028   4.10502111969972e-15
0.20846440150268944   4.101241606013713e-15
0.20865651197962704   4.097465572014006e-15
0.20884879949607416   4.093693014589297e-15
0.2090412642151814   4.0899239305320055e-15
0.20923390630025004   4.086158316553822e-15
0.2094267259147315   4.0823961695841355e-15
0.20961972322222855   4.078637486332709e-15
0.20981289838649406   4.074882263648572e-15
0.21000625157143205   4.0711304984005256e-15
0.2101997829410973   4.067382187257325e-15
0.2103934926596965   4.063637327191856e-15
0.210587380891587   4.059895914960498e-15
0.21078144780127778   4.056157947374332e-15
0.21097569355342927   4.052423421342573e-15
0.21117011831285426   4.048692333558132e-15
0.21136472224451677   3.9891537936138135e-15
0.21155950551353309   3.918091108059925e-15
0.2117544682851714   3.874218953916499e-15
0.21194961072485288   3.8394610211244756e-15
0.21214493299815051   3.809776452846469e-15
0.21234043527079005   3.783447759576264e-15
0.21253611770864975   3.759553482230106e-15
0.21273198047776137   3.7375309049567125e-15
0.21292802374430914   3.717006357730905e-15
0.21312424767463048   3.6977166186310395e-15
0.213320652435216   3.679467934658787e-15
0.21351723819271035   3.6621127446358225e-15
0.21371400511391112   3.645535567031801e-15
0.21391095336576982   3.629643993545271e-15
0.21410808311539156   3.614362695749563e-15
0.21430539453003616   3.5996292980276574e-15
0.21450288777711693   3.58539145130202e-15
0.21470056302420157   3.571604706091363e-15
0.2148984204390121   3.5582309338600274e-15
0.21509646018942574   3.545237131906321e-15
0.21529468244347372   3.5325945048139796e-15
0.21549308736934236   3.5202777473896842e-15
0.21569167513537274   3.5082644774149627e-15
0.21589044591006176   3.4965347824310985e-15
0.2160893998620609   3.485070852506985e-15
0.21628853716017735   3.47385668095907e-15
0.21648785797337355   3.4628778176941584e-15
0.2166873624707684   3.4521211640734876e-15
0.2168870508216359   3.4415748019145626e-15
0.21708692319540612   3.4312278487634344e-15
0.21728697976166592   3.4210703356965197e-15
0.21748722069015775   3.411093103014866e-15
0.2176876461507807   3.4012877104649433e-15
0.21788825631359024   3.391646360541716e-15
0.21808905134879922   3.3821618313115193e-15
0.21829003142677667   3.3728274184989812e-15
0.21849119671804884   3.363636884778188e-15
0.2186925473932989   3.354584414992978e-15
0.21889408362336807   3.3456645773861717e-15
0.21909580557925418   3.3368722885694853e-15
0.21929771343211296   3.328202783054969e-15
0.2194998073532577   3.319651585985848e-15
0.21970208751416012   3.311214488532501e-15
0.21990455408644938   3.302887526530312e-15
0.22010720724191293   3.2946669605344407e-15
0.2203100471524964   3.286549258516441e-15
0.22051307399030456   3.2785310799987357e-15
0.2207162879276   3.2706092615423302e-15
0.22091968913680438   3.2627808041665306e-15
0.221123277790498   3.255042861177399e-15
0.22132705406142086   3.2473927277678486e-15
0.2215310181224715   3.23982783116944e-15
0.22173517014670802   3.2323457216321873e-15
0.22193951030734774   3.2249440645834747e-15
0.2221440387777683   3.2176206327991608e-15
0.22234875573150653   3.2103732998746693e-15
0.22255366134225923   3.203200033751505e-15
0.2227587557838832   3.1960988909068786e-15
0.22296403923039607   3.189068011223545e-15
0.22316951185597517   3.1821056127058473e-15
0.22337517383495856   3.1752099872961625e-15
0.22358102534184474   3.168379496357977e-15
0.22378706655129368   3.1616125668619745e-15
0.22399329763812567   3.1549076878430617e-15
0.22419971877732234   3.148263406732956e-15
0.22440633014402625   3.1416783266377262e-15
0.22461313191354215   3.1351511029908828e-15
0.22482012426133566   3.1286804410720727e-15
0.22502730736303422   3.1222650934062717e-15
0.22523468139442698   3.1159038572230283e-15
0.2254422465314658   3.109595572530832e-15
0.2256500029502639   3.103339119648464e-15
0.22585795082709714   3.0971334175871018e-15
0.2260660903384035   3.0909774219891724e-15
0.2262744216607843   3.0848701234268863e-15
0.2264829449710029   3.078810545977983e-15
0.2266916604459858   3.0727977453667637e-15
0.2269005682628223   3.0668308078289002e-15
0.22710966859876558   3.060908848487621e-15
0.22731896163123153   3.0550310102898942e-15
0.22752844753779972   3.049196462772275e-15
0.2277381264962131   3.0434044007520504e-15
0.22794799868437923   3.0376540434830375e-15
0.22815806428036883   3.031944633286076e-15
0.22836832346241695   3.0262754350954573e-15
0.22857877640892274   3.020645735207097e-15
0.22878942329845037   3.015054840415012e-15
0.2290002643097279   3.0095020772446135e-15
0.22921129962164832   3.003986790954255e-15
0.22942252941326927   2.998508345453921e-15
0.2296339538638141   2.993066121894973e-15
0.2298455731526706   2.987659518334407e-15
0.23005738745939208   2.9822879490003264e-15
0.23026939696369716   2.9769508436652034e-15
0.23048160184547073   2.9716476472957782e-15
0.23069400228476278   2.9663778191585646e-15
0.2309065984617894   2.9611408325950058e-15
0.23111939055693262   2.9559361742609473e-15
0.2313323787507413   2.9507633438776427e-15
0.23154556322393008   2.9456218536987227e-15
0.2317589441573803   2.9405112279460952e-15
0.23197252173213975   2.9354310027048793e-15
0.23218629612942385   2.9303807250927724e-15
0.23240026753061424   2.9253599533500618e-15
0.23261443611726   2.9203682561179903e-15
0.2328288020710772   2.915405212242202e-15
0.23304336557395017   2.910470410414174e-15
0.2332581268079301   2.9055634487635363e-15
0.23347308595523594   2.9006839348392638e-15
0.2336882431982553   2.895831484880331e-15
0.23390359871954317   2.891005724002471e-15
0.23411915270182299   2.8862062855304623e-15
0.23433490532798631   2.8814328109813436e-15
0.23455085678109402   2.87668494977115e-15
0.23476700724437496   2.871962358860427e-15
0.23498335690122701   2.8672647026990678e-15
0.23519990593521695   2.862591652730845e-15
0.23541665453008126   2.8579428876125834e-15
0.2356336028697252   2.8533180925666855e-15
0.23585075113822368   2.8487169594866594e-15
0.23606809951982097   2.8441391866387337e-15
0.23628564819893186   2.839584478422212e-15
0.23650339736014042   2.8350525453231767e-15
0.23672134718820104   2.8305431034930566e-15
0.23693949786803808   2.8260558750371845e-15
0.23715784958474712   2.8215905872983534e-15
0.23737640252359352   2.8171469732355475e-15
0.23759515687001367   2.812724770968447e-15
0.2378141128096146   2.808323723665091e-15
0.23803327052817502   2.8039435794792285e-15
0.23825263021164425   2.799584091304534e-15
0.23847219204614317   2.7952450168301103e-15
0.23869195621796388   2.7909261180727364e-15
0.23891192291357094   2.786627161830423e-15
0.23913209231960003   2.782347919063982e-15
0.239352464622859   2.7780881649840245e-15
0.23957304001032773   2.773847678883031e-15
0.23979381866915897   2.769626244034897e-15
0.24001480078667736   2.7654236477506748e-15
0.24023598655038036   2.7612396809527175e-15
0.240457376147938   2.7570741385257504e-15
0.24067896976719388   2.7529268187434145e-15
0.2409007675961641   2.7487975236103936e-15
0.24112276982303826   2.744686058450566e-15
0.24134497663617907   2.740592232020036e-15
0.2415673882241236   2.7365158563683184e-15
0.24179000477558196   2.7324567466826025e-15
0.24201282647943834   2.728414721428328e-15
0.24223585352475083   2.724389601982302e-15
0.24245908610075242   2.720381212834814e-15
0.2426825243968498   2.7163893811691093e-15
0.24290616860262443   2.7124139373156317e-15
0.2431300189078322   2.708454714263812e-15
0.24335407550240468   2.7045115477421325e-15
0.24357833857644767   2.70058427611434e-15
0.24380280832024245   2.69667274032796e-15
0.2440274849242454   2.6927767839889696e-15
0.24425236857908908   2.6888962530230363e-15
0.24447745947558114   2.685030996010605e-15
0.24470275780470518   2.6811808636785406e-15
0.24492826375762058   2.677345709312355e-15
0.2451539775256637   2.6735253882953113e-15
0.24537989930034643   2.6697197583697574e-15
0.24560602927335734   2.665928679395121e-15
0.2458323676365615   2.662152013382198e-15
0.2460589145820015   2.6583896244805002e-15
0.24628567030189613   2.6546413787910236e-15
0.24651263498864165   2.6509071445771493e-15
0.24673980883481125   2.647186791861305e-15
0.24696719203315645   2.643480192834683e-15
0.2471947847766056   2.6397872213382887e-15
0.24742258725826508   2.6361077532690185e-15
0.247650599671419   2.632441666217289e-15
0.2478788222095304   2.628788839594782e-15
0.24810725506623968   2.6251491544622393e-15
0.24833589843536616   2.621522493644653e-15
0.24856475251090734   2.6179087417184654e-15
0.24879381748704035   2.614307784775494e-15
0.24902309355812052   2.6107195106527517e-15
0.24925258091868246   2.6071438085786715e-15
0.2494822797634399   2.603580569549833e-15
0.24971219028728667   2.6000296859015045e-15
0.2499423126852955   2.5964910515721173e-15
0.25017264715271886   2.5929645617631008e-15
0.25040319388499   2.5894501133470223e-15
0.2506339530777214   2.585947604477418e-15
0.25086492492670615   2.5824569347344504e-15
0.2510961096279174   2.5789780050313e-15
0.2513275073775098   2.5755107175873358e-15
0.25155911837181794   2.5720549759906073e-15
0.25179094280735753   2.5686106850034864e-15
0.25202298088082525   2.5651777507924538e-15
0.2522552327890998   2.5617560805711364e-15
0.2524876987292404   2.5583455829855682e-15
0.25272037889848825   2.554946167633645e-15
0.2529532734942661   2.5515577455203784e-15
0.2531863827141793   2.548180228587829e-15
0.2534197067560146   2.5448135300800404e-15
0.2536532458177412   2.541457564213935e-15
0.2538870000975106   2.538112246394714e-15
0.25412096979365756   2.5347774930024655e-15
0.2543551551046989   2.5314532215314523e-15
0.25458955622933466   2.528139350571669e-15
0.25482417336644775   2.5248357996457725e-15
0.255059006715105   2.5215424892818915e-15
0.2552940564745561   2.518259340903625e-15
0.25552932284423446   2.5149862771312672e-15
0.2557648060237572   2.511723221350699e-15
0.2560005062129259   2.5084700979847735e-15
0.25623642361172577   2.505226832128513e-15
0.2564725584203264   2.501993350161261e-15
0.2567089108390817   2.498769579046739e-15
0.2569454810685309   2.495555446832534e-15
0.2571822693093973   2.4923508821956056e-15
0.25741927576258944   2.4891558148932706e-15
0.25765650062920076   2.4859701754133765e-15
0.25789394411051075   2.4827938950802843e-15
0.25813160640798366   2.4796269059546134e-15
0.2583694877232696   2.47646914095165e-15
0.25860758825820435   2.473320533723495e-15
0.25884590821481035   2.4701810187007927e-15
0.25908444779529555   2.4670505311470196e-15
0.25932320720205443   2.463929006973014e-15
0.2595621866376677   2.4608163829072012e-15
0.2598013863049036   2.4577125962893275e-15
0.26004080640671656   2.4546175852902327e-15
0.260280447146248   2.4515312885936657e-15
0.2605203087268266   2.44845364584728e-15
0.26076039135196893   2.4453845971721903e-15
0.26100069522537855   2.4423240834659194e-15
0.2612412205509469   2.4392720460385964e-15
0.26148196753275305   2.4362284272229004e-15
0.261722936375065   2.43319316968466e-15
0.2619641272823381   2.4301662169404824e-15
0.26220554045921646   2.427147512868074e-15
0.2624471761105324   2.424137002237439e-15
0.26268903444130803   2.42113463026564e-15
0.26293111565675337   2.4181403428175716e-15
0.2631734199622679   2.4151540861852717e-15
0.2634159475634401   2.4121758074367867e-15
0.2636586986660488   2.4092054540968627e-15
0.2639016734760615   2.406242974314935e-15
0.264144872199636   2.4032883166836646e-15
0.2643882950431196   2.400341430441837e-15
0.2646319422130507   2.3974022653347104e-15
0.26487581391615717   2.3944707716364287e-15
0.2651199103593576   2.3915469001258925e-15
0.2653642317497612   2.388630602095774e-15
0.26560877829466867   2.3857218293259153e-15
0.265853550201571   2.382820534092953e-15
0.26609854767815055   2.379926669238173e-15
0.266343770932281   2.3770401880089423e-15
0.26658922017202835   2.3741610441830763e-15
0.2668348956056494   2.3712891919460864e-15
0.26708079744159324   2.3684245859992405e-15
0.2673269258885009   2.3655671814201547e-15
0.2675732811552062   2.3627169338894164e-15
0.26781986345073483   2.3598737993950375e-15
0.2680666729843051   2.357037734467928e-15
0.26831370996532883   2.3542086959621905e-15
0.2685609746034101   2.351386641260802e-15
0.2688084671083464   2.3485715280304446e-15
0.26905618769012823   2.345763314559253e-15
0.26930413655894053   2.34296195936729e-15
0.269552313925161   2.340167421503592e-15
0.26980071999936156   2.3373796602540895e-15
0.27004935499230787   2.3345986355274754e-15
0.2702982191149607   2.3318243074264984e-15
0.2705473125784744   2.3290566365760504e-15
0.27079663559419814   2.326295583802762e-15
0.2710461883736756   2.3235411105485475e-15
0.27129597112864623   2.3207931784211894e-15
0.27154598407104374   2.3180517495481298e-15
0.2717962274129976   2.315316786262182e-15
0.27204670136683223   2.312588251383678e-15
0.27229740614506875   2.3098661078762994e-15
0.2725483419604232   2.3071503193913784e-15
0.27279950902580796   2.304440849697389e-15
0.27305090755433137   2.3017376629506623e-15
0.27330253775929897   2.2990407235200996e-15
0.273554399854212   2.296349996319837e-15
0.2738064940527687   2.29366544637889e-15
0.2740588205688641   2.290987039266795e-15
0.27431137961659113   2.2883147406902945e-15
0.27456417141023903   2.285648516781875e-15
0.27481719616429506   2.282988333846685e-15
0.2750704540934437   2.2803341586881663e-15
0.2753239454125681   2.2776859582553916e-15
0.2755776703367486   2.275043699881891e-15
0.27583162908126413   2.2724073510933824e-15
0.27608582186159164   2.269776879863059e-15
0.27634024889340747   2.267152254326872e-15
0.276594910392586   2.2645334429345104e-15
0.27684980657520064   2.2619204143649064e-15
0.27710493765752386   2.2593131377635453e-15
0.27736030385602817   2.256711582411972e-15
0.2776159053873846   2.2541157177993147e-15
0.2778717424684644   2.251525513734288e-15
0.2781278153163382   2.2489409403846534e-15
0.27838412414827757   2.2463619681074467e-15
0.27864066918175345   2.243788567512629e-15
0.2788974506344375   2.2412207094830035e-15
0.27915446872420174   2.238658365087803e-15
0.27941172366911965   2.2361015057367873e-15
0.27966921568746506   2.233550103002974e-15
0.27992694499771303   2.2310041288068524e-15
0.2801849118185397   2.2284623620097094e-15
0.2804431163688238   2.225925499149424e-15
0.28070155886764464   2.2233929113624266e-15
0.2809602395342838   2.220865344042226e-15
0.28121915858822466   2.218342317102316e-15
0.2814783162491538   2.215824424422115e-15
0.28173771273695936   2.2133111166320923e-15
0.28199734827173223   2.2108029686364498e-15
0.2822572230737661   2.208299400861361e-15
0.2825173373635584   2.205800959049935e-15
0.28277769136180886   2.2033071442713264e-15
0.28303828528942093   2.2008183752443745e-15
0.2832991193675014   2.1983342747746165e-15
0.2835601938173616   2.195855136620331e-15
0.283821508860516   2.193380685526065e-15
0.28408306471868344   2.190911118347371e-15
0.2843448616137869   2.188446253609188e-15
0.2846068997679546   2.1859861967629343e-15
0.2848691794035187   2.1835308496472976e-15
0.2851317007430165   2.181080236189097e-15
0.2853944640091901   2.1786343344113686e-15
0.2856574694249877   2.1761930957723932e-15
0.28592071721356216   2.173756568687931e-15
0.28618420759827223   2.171324632905271e-15
0.2864479408026822   2.16889740390566e-15
0.2867119170505633   2.1664746969290965e-15
0.28697613656589205   2.1640566908432644e-15
0.2872405995728514   2.1616431401502145e-15
0.28750530629583176   2.1592342770852522e-15
0.2877702569594295   2.1568298177567944e-15
0.2880354517884482   2.1544299979002445e-15
0.28830089100789835   2.152034579473553e-15
0.28856657484299864   2.1496437263231395e-15
0.2888325035191745   2.147257275977833e-15
0.2890986772620593   2.1448753183632985e-15
0.2893650962974941   2.142497761927127e-15
0.289631760851529   2.1401246278759748e-15
0.28989867115042145   2.1377558926624073e-15
0.29016582742063785   2.1353915086125253e-15
0.2904332298888528   2.133031518176225e-15
0.2907008787819508   2.13067581421969e-15
0.29096877432702456   2.128324500681433e-15
0.29123691675137636   2.1259774033894383e-15
0.2915053062825176   2.1236346857395043e-15
0.29177394314817023   2.121296131120642e-15
0.29204282757626526   2.118961914328447e-15
0.2923119597949439   2.1166318611552477e-15
0.29258134003255754   2.11430607666612e-15
0.29285096851766856   2.1119844537999024e-15
0.2931208454790495   2.109667031729143e-15
0.2933909711456836   2.1073537691452396e-15
0.29366134574676506   2.1050446366308638e-15
0.2939319695117002   2.1027396584918332e-15
0.29420284267010577   2.100438756440112e-15
0.2944739654518105   2.0981420113613852e-15
0.2947453380868545   2.0958492842808303e-15
0.29501696080549084   2.0935606969747345e-15
0.29528883383818394   2.091276063964878e-15
0.2955609574156108   2.0889955246835092e-15
0.2958333317686608   2.08671895745749e-15
0.29610595712843685   2.0844464182315013e-15
0.2963788337262541   2.082177847834146e-15
0.2966519617936412   2.0799132528380073e-15
0.2969253415623395   2.0776526349519214e-15
0.29719897326430533   2.0753958963963044e-15
0.2974728571317075   2.0731431169006943e-15
0.29774699339692917   2.0708942103530023e-15
0.29802138229256747   2.0686492590425677e-15
0.2982960240514346   2.0664081017285776e-15
0.2985709189065566   2.0641708473074533e-15
0.29884606709117445   2.0619373886400454e-15
0.29912146883874363   2.0597077871575595e-15
0.299397124382936   2.057482010366017e-15
0.29967303395763745   2.0552600181728398e-15
0.2999491977969502   2.053041836803649e-15
0.30022561613519133   2.0508273970844524e-15
0.3005022892068953   2.048616771130793e-15
0.3007792172468115   2.0464097847923983e-15
0.301056400489906   2.0442065853418733e-15
0.3013338391713611   2.0420070880979368e-15
0.30161153352657677   2.0398112961221815e-15
0.301889483791169   2.0376191576651405e-15
0.30216769020097123   2.035430699531381e-15
0.30244615299203387   2.033245931105162e-15
0.3027248724006258   2.0310647709542798e-15
0.30300384866323277   2.0288872885701914e-15
0.30328308201655874   2.0267133373499286e-15
0.30356257269752546   2.024543038467831e-15
0.30384232094327396   2.022376313087929e-15
0.30412232699116293   2.020213176591285e-15
0.30440259107877   2.0180535972625456e-15
0.30468311344389154   2.0158975639202726e-15
0.30496389432454396   2.013745098453692e-15
0.305244933958962   2.0115960851964797e-15
0.30552623258560047   2.009450623363256e-15
0.30580779044313333   2.0073086443756104e-15
0.3060896077704556   2.005170174977796e-15
0.30637168480668153   2.003035150843889e-15
0.306654021791146   2.0009035905269705e-15
0.306936618963404   1.9987754914665348e-15
0.3072194765632325   1.996650785070525e-15
0.30750259483062836   1.9945295346803202e-15
0.3077859740058095   1.992411667082873e-15
0.30806961432921626   1.9902972275784322e-15
0.3083535160415097   1.988186132248647e-15
0.3086376793835727   1.9860784287620907e-15
0.30892210459651026   1.9839741016223357e-15
0.30920679192165   1.9818731017671137e-15
0.30949174160054144   1.9797754694815906e-15
0.3097769538749567   1.977681111332996e-15
0.31006242898689046   1.975590104270489e-15
0.3103481671785615   1.973502387076623e-15
0.3106341686924108   1.971417965853334e-15
0.3109204337711029   1.9693368213975187e-15
0.31120696265752595   1.9672589195060647e-15
0.3114937555947927   1.96518429997005e-15
0.31178081282623893   1.963112892302658e-15
0.3120681345954252   1.9610447516631897e-15
0.312355721146136   1.9589798195859645e-15
0.3126435727223816   1.9569181089634535e-15
0.312931689568396   1.954859608051423e-15
0.31322007192863877   1.952804263526799e-15
0.3135087200477943   1.950752122941179e-15
0.31379763417077355   1.948703137052388e-15
0.31408681454271214   1.9466573273079515e-15
0.31437626140897196   1.944614636240611e-15
0.3146659750151406   1.9425750808234467e-15
0.31495595560703304   1.9405386635469904e-15
0.3152462034306899   1.938505354015563e-15
0.31553671873237854   1.936475175155377e-15
0.3158275017585933   1.9344480402515828e-15
0.31611855275605644   1.9324240113838683e-15
0.31640987197171677   1.930403064983928e-15
0.3167014596527508   1.928385167601909e-15
0.31699331604656267   1.9263703440492393e-15
0.3172854414007854   1.9243585220774773e-15
0.31757783596327926   1.9223497610851277e-15
0.31787049998213335   1.9203440203870574e-15
0.31816343370566486   1.91834130185564e-15
0.3184566373824211   1.9163416032834178e-15
0.3187501112611771   1.9143448468074048e-15
0.31904385559093773   1.912351096753241e-15
0.319337870620937   1.910360327634968e-15
0.31963215660063937   1.9083725273457215e-15
0.31992671377973847   1.9063876765587365e-15
0.32022154240815814   1.904405764288887e-15
0.3205166427360524   1.902426810319716e-15
0.3208120150138067   1.9004507402761828e-15
0.3211076594920361   1.8984776146817424e-15
0.3214035764215873   1.8965074113180144e-15
0.3216997660535375   1.8945400878241932e-15
0.3219962286391964   1.892575666849574e-15
0.32229296443010436   1.8906141006009722e-15
0.32258997367803377   1.88865542619957e-15
0.3228872566349888   1.886699607941544e-15
0.3231848135532067   1.8847466417167482e-15
0.3234826446851564   1.882796535028472e-15
0.3237807502835397   1.8808492398890537e-15
0.3240791306012909   1.8789047898190867e-15
0.32437778589157845   1.8769631472979765e-15
0.3246767164078031   1.8750243268189187e-15
0.32497592240359946   1.873088327788079e-15
0.3252754041328355   1.8711550755493993e-15
0.32557516184961427   1.8692246269010356e-15
0.32587519580827184   1.8672969574659693e-15
0.3261755062633791   1.865372052601837e-15
0.3264760934697411   1.8634499152376135e-15
0.3267769576823988   1.861530523001416e-15
0.32707809915662717   1.859613882169425e-15
0.3273795181479367   1.857699943666051e-15
0.32768121491207314   1.8557887530336044e-15
0.32798318970501883   1.8538803064267816e-15
0.328285442782991   1.8519745180602186e-15
0.32858797440244336   1.8500714477299082e-15
0.3288907848200657   1.8481710729621372e-15
0.3291938742927851   1.846273388629474e-15
0.32949724307776485   1.84437839932839e-15
0.32980089143240515   1.8424860452960646e-15
0.33010481961434324   1.8405963700666645e-15
0.33040902788145476   1.8387093518905323e-15
0.3307135164918521   1.8368249646318674e-15
0.33101828570388536   1.834943225194392e-15
0.3313233357761438   1.8330641057678736e-15
0.331628666967454   1.8311876221751334e-15
0.3319342795368813   1.829313759300342e-15
0.3322401737437296   1.827442482052795e-15
0.33254634984754267   1.825573814827743e-15
0.33285280810810236   1.8237077326156405e-15
0.33315954878543047   1.821844242787113e-15
0.333466572139788   1.819983339518679e-15
0.3337738784316767   1.818124996377229e-15
0.3340814679218375   1.8162692295052225e-15
0.33438934087125194   1.8144160148342394e-15
0.3346974975411417   1.812565334486396e-15
0.33500593819297014   1.8107171999149455e-15
0.3353146630884407   1.808871605911382e-15
0.3356236724894982   1.807028540649462e-15
0.3359329666583286   1.8051879831798538e-15
0.3362425458573605   1.8033499493260915e-15
0.33655241034926325   1.8015144330755907e-15
0.3368625603969487   1.799681386622249e-15
0.33717299626357045   1.79785084696735e-15
0.3374837182125259   1.7960228096185777e-15
0.33779472650745396   1.7941972131808847e-15
0.33810602141223695   1.7923741039125777e-15
0.33841760319099995   1.790553471092673e-15
0.3387294721081126   1.788735288861055e-15
0.33904162842818697   1.7869195659010345e-15
0.3393540724160794   1.785106274147144e-15
0.33966680433689   1.7832954215632423e-15
0.3399798244559642   1.7814870043737042e-15
0.34029313303889086   1.7796809947586776e-15
0.3406067303515041   1.777877409858572e-15
0.34092061665988244   1.7760762311900536e-15
0.3412347922303508   1.7742774654029272e-15
0.34154925732947855   1.7724811098448046e-15
0.3418640122240809   1.7706871320845126e-15
0.34217905718121866   1.76889553816628e-15
0.3424943924681999   1.7671063278042415e-15
0.34281001835257774   1.7653194925735557e-15
0.3431259351021525   1.763535019741632e-15
0.3434421429849707   1.7617528892499721e-15
0.3437586422693271   1.7599731177197117e-15
0.34407543322376255   1.758195707720396e-15
0.3443925161170658   1.7564206451581654e-15
0.3447098912182729   1.7546479106374716e-15
0.34502755879666885   1.752877508730357e-15
0.34534551912178585   1.7511094112970432e-15
0.3456637724634048   1.7493436415079848e-15
0.3459823190915548   1.7475801938265764e-15
0.34630115927651495   1.7458190300825796e-15
0.34662029328881233   1.7440601678227336e-15
0.3469397213992237   1.7423035923540009e-15
0.34725944387877494   1.7405493074320305e-15
0.34757946099874276   1.7387973153312812e-15
0.3478997730306529   1.7370476026279551e-15
0.34822038024628155   1.7353001493016342e-15
0.3485412829176551   1.7335549607395855e-15
0.34886248131705166   1.7318120117781065e-15
0.3491839757169992   1.7300713226437499e-15
0.34950576639027714   1.7283328904003791e-15
0.349827853609916   1.7265966973384059e-15
0.3501502376491989   1.7248627072472775e-15
0.3504729187816598   1.7231309067329683e-15
0.3507958972810851   1.7214013286182929e-15
0.3511191734215131   1.719674070004331e-15
0.35144274747723575   1.7179491862636356e-15
0.35176661972279666   1.716226343659816e-15
0.3520907904329928   1.7145056191986117e-15
0.35241525988287414   1.712786947866047e-15
0.35274002834774504   1.7110706529529001e-15
0.3530650961031626   1.709356621215396e-15
0.35339046342493813   1.7076447884041326e-15
0.35371613058913687   1.7059349995602899e-15
0.3540420978720794   1.704227322937398e-15
0.35436836555034   1.7025218280446986e-15
0.35469493390074774   1.7008186450953188e-15
0.35502180320038795   1.6991177096712609e-15
0.3553489737266001   1.6974187294105394e-15
0.3556764457569799   1.695721789031421e-15
0.35600421956937806   1.6940269037162241e-15
0.3563322954419028   1.692334391094044e-15
0.3566606736529174   1.6906440233393725e-15
0.35698935448104213   1.6889557951764754e-15
0.35731833820515346   1.6872694836073166e-15
0.35764762510438614   1.685585395197988e-15
0.357977215458131   1.683903555145847e-15
0.3583071095460367   1.6822236244895519e-15
0.35863730764800916   1.6805457922375231e-15
0.3589678100442135   1.6788700687525638e-15
0.35929861701507193   1.6771964492715642e-15
0.3596297288412653   1.6755249285071635e-15
0.35996114580373284   1.6738555012947171e-15
0.3602928681836738   1.672187964780783e-15
0.36062489626254535   1.6705225703114487e-15
0.36095723032206467   1.6688593945572883e-15
0.36128987064420787   1.6671980967526601e-15
0.3616228175112122   1.6655389220527678e-15
0.36195607120557394   1.6638819532121779e-15
0.3622896320100499   1.6622268484005928e-15
0.3626235002076572   1.6605737686110644e-15
0.362957676081675   1.6589227386485531e-15
0.3632921599156422   1.6572737532103857e-15
0.36362695199335937   1.6556268077123886e-15
0.3639620525988884   1.6539818973217204e-15
0.3642974620165541   1.6523388189215701e-15
0.36463318053094196   1.6506978300526004e-15
0.3649692084269002   1.6490589974308066e-15
0.3653055459895393   1.6474219774322746e-15
0.36564219350423344   1.645787043654004e-15
0.3659791512566187   1.6441542466654665e-15
0.3663164195325948   1.6425232417978327e-15
0.36665399861832454   1.6408942213977593e-15
0.3669918888002356   1.6392671947773661e-15
0.3673300903650184   1.637642156288896e-15
0.367668603599628   1.6360191024638322e-15
0.3680074287912835   1.6343980239094269e-15
0.3683465662274699   1.6327787022606704e-15
0.3686860161959359   1.6311614740362599e-15
0.3690257789846957   1.629546296336444e-15
0.3693658548820287   1.6279328748661432e-15
0.36970624417648107   1.626321546349603e-15
0.3700469471568636   1.6247122283005397e-15
0.3703879641122538   1.623104666722991e-15
0.37072929533199506   1.6214990498195128e-15
0.3710709411056987   1.6198953733300562e-15
0.3714129017232416   1.6182936327945562e-15
0.3717551774747684   1.6166938243579867e-15
0.37209776865069044   1.6150958798429081e-15
0.37244067554168814   1.6134996989772895e-15
0.3727838984387084   1.6119056219277197e-15
0.37312743763296685   1.6103134154870838e-15
0.37347129341594687   1.6087229792656966e-15
0.3738154660794018   1.6071344500159046e-15
0.3741599559153526   1.605547926933468e-15
0.3745047632160897   1.6039634185299385e-15
0.3748498882741727   1.6023805843610912e-15
0.37519533138243166   1.6007995141450314e-15
0.3755410928339656   1.5992202595994412e-15
0.37588717292214385   1.5976430830542792e-15
0.37623357194060586   1.5960677850602515e-15
0.37658029018326267   1.5944943094893595e-15
0.37692732794429523   1.592922531920344e-15
0.37727468551815585   1.591352796982716e-15
0.3776223631995677   1.5897848921996437e-15
0.377970361283527   1.5882187008634306e-15
0.3783186800653004   1.5866543634559904e-15
0.3786673198404271   1.585091876499366e-15
0.3790162809047184   1.5835312360910028e-15
0.3793655635542592   1.58197243781872e-15
0.37971516808540623   1.5804153409144407e-15
0.3800650947947892   1.578860034551907e-15
0.3804153439793124   1.5773067402245307e-15
0.38076591593615267   1.5757551038169389e-15
0.3811168109627609   1.5742052371003282e-15
0.38146802935686186   1.5726571902139737e-15
0.3818195714164558   1.5711111611563403e-15
0.3821714374398164   1.5695668556237773e-15
0.38252362772549275   1.5680242291612894e-15
0.3828761425723084   1.56648319993831e-15
0.38322898227936375   1.5649441156217782e-15
0.38358214714603345   1.5634069063805055e-15
0.38393563747196857   1.561871490745536e-15
0.3842894535570958   1.5603376826801603e-15
0.3846435957016196   1.5588056203116637e-15
0.3849980642060197   1.557275340470517e-15
0.3853528593710531   1.5557468398478576e-15
0.3857079814977539   1.5542201141682464e-15
0.38606343088743444   1.5526951600130811e-15
0.38641920784168377   1.5511719742482544e-15
0.38677531266236914   1.5496505528641017e-15
0.38713174565163566   1.5481308102899774e-15
0.38748850711190796   1.5466126851473267e-15
0.3878455973458884   1.5450963138826299e-15
0.38820301665655854   1.5435816934931398e-15
0.3885607653471787   1.5420688202996443e-15
0.38891884372129   1.540557690075125e-15
0.389277252082712   1.539048300261857e-15
0.3896359907355447   1.5375406471832946e-15
0.38999505998416795   1.5360347272532758e-15
0.39035446013324315   1.5345303179898085e-15
0.3907141914877115   1.533027764325797e-15
0.3910742543527955   1.531526977649386e-15
0.3914346490339985   1.5300277343388976e-15
0.39179537583710655   1.5285302077239858e-15
0.3921564350681865   1.5270343939534767e-15
0.3925178270335874   1.5255402785846377e-15
0.39287955203994035   1.5240476590789043e-15
0.3932416103941603   1.522556890688293e-15
0.3936040024034437   1.5210678321422895e-15
0.39396672837527047   1.5195803119183337e-15
0.39432978861740364   1.518094484826468e-15
0.394693183437891   1.5166103477461271e-15
0.39505691314506297   1.5151278974105767e-15
0.39542097804753457   1.5136471304456527e-15
0.3957853784542048   1.5121678701712107e-15
0.3961501146742585   1.510690330471778e-15
0.3965151870171643   1.5092145861298913e-15
0.39688059579267637   1.5077402994663112e-15
0.3972463413108339   1.5062676808176866e-15
0.39761242388196316   1.5047967266652904e-15
0.39797884381667503   1.5033274334160393e-15
0.39834560142586706   1.5018597986834122e-15
0.39871269702072304   1.500393690776397e-15
0.3990801309127145   1.4989291418355646e-15
0.39944790341359904   1.4974662418417144e-15
0.39981601483542184   1.4960049871716248e-15
0.4001844654905153   1.4945453755247448e-15
0.4005532556915007   1.493087403894996e-15
0.40092238575128647   1.4916310688180615e-15
0.40129185598306955   1.4901761925861053e-15
0.40166166670033526   1.488722900665181e-15
0.402031818216859   1.4872712365205463e-15
0.40240231084670414   1.4858211969806948e-15
0.4027731449042237   1.4843727791303751e-15
0.40314432070406025   1.4829259800140752e-15
0.40351583856114737   1.4814807872185496e-15
0.4038876987907077   1.4800369954770455e-15
0.4042599017082547   1.4785948137561627e-15
0.40463244762959233   1.4771542389243907e-15
0.40500533687081675   1.475715267882623e-15
0.4053785697483141   1.4742778984072058e-15
0.4057521465787626   1.4728419781342536e-15
0.4061260676791318   1.4714076560641767e-15
0.40650033336668473   1.4699750727819097e-15
0.40687494395897544   1.4685438582920133e-15
0.4072498997738507   1.4671142307329673e-15
0.4076252011294513   1.4656861134104191e-15
0.4080008483442101   1.46425942991846e-15
0.4083768417368538   1.4628343253916353e-15
0.4087531816264024   1.4614107962465768e-15
0.40912986833217113   1.4599888400346323e-15
0.40950690217376823   1.4585684542766517e-15
0.40988428347109684   1.4571496350999243e-15
0.4102620125443547   1.4557322277861375e-15
0.4106400897140356   1.4543163147462288e-15
0.4110185153009276   1.4529019605301933e-15
0.41139728962611477   1.4514891625655685e-15
0.41177641301097667   1.4500779182153169e-15
0.41215588577719026   1.4486681341914902e-15
0.4125357082467276   1.4472597685367254e-15
0.4129158807418581   1.4458529484276196e-15
0.41329640358514746   1.4444476712137525e-15
0.41367727709946017   1.4430438314076692e-15
0.4140585016079568   1.4416414450673908e-15
0.4144400774340963   1.4402407806729662e-15
0.4148220049016351   1.4388414621497525e-15
0.41520428433462947   1.4374435209591376e-15
0.4155869160574328   1.4360470544469334e-15
0.41596990039469806   1.4346522827055645e-15
0.41635323767137683   1.4332588296861593e-15
0.41673692821272146   1.4318668783985486e-15
0.41712097234428275   1.4304763744750418e-15
0.41750537039191193   1.429087237408381e-15
0.4178901226817602   1.427699828461053e-15
0.41827522954028035   1.4263137711298113e-15
0.418660691294225   1.4249290657718653e-15
0.41904650827064827   1.423545762724643e-15
0.4194326807969051   1.4221641547389443e-15
0.41981920920065346   1.4207838634012366e-15
0.4202060938098521   1.4194050289077028e-15
0.42059333495276224   1.41802763410862e-15
0.42098093295794736   1.416651563269808e-15
0.42136888815427487   1.4152769807177705e-15
0.42175720087091406   1.4139038838890182e-15
0.42214587143733795   1.4125322704460132e-15
0.42253490018332274   1.4111621183425388e-15
0.4229242874389499   1.4097932444343463e-15
0.4233140335346037   1.4084258467160017e-15
0.42370413880097335   1.4070598075238728e-15
0.42409460356905243   1.4056951347865372e-15
0.42448542817014073   1.4043319311314988e-15
0.42487661293584217   1.4029701938056628e-15
0.42526815819806657   1.4016099207048775e-15
0.4256600642890293   1.4002510194356553e-15
0.4260523315412531   1.3988934473391027e-15
0.42644496028756596   1.3975373321990033e-15
0.4268379508611029   1.3961824822758277e-15
0.4272313035953055   1.3948290543877595e-15
0.427625018823924   1.3934770765528161e-15
0.4280190968810149   1.3921265351362925e-15
0.428413538100943   1.3907772304216556e-15
0.42880834281838076   1.3894293684609768e-15
0.4292035113683103   1.3880829472667967e-15
0.4295990440860213   1.386737909500988e-15
0.42999494130711263   1.38539414303175e-15
0.43039120336749226   1.384051810240848e-15
0.4307878306033789   1.382710909165193e-15
0.4311848233512997   1.3813713350764303e-15
0.4315821819480925   1.3800330705114334e-15
0.43197990673090514   1.3786962304175407e-15
0.4323779980371973   1.3773606049341156e-15
0.43277645620473854   1.3760263886239314e-15
0.43317528157161   1.3746934938435571e-15
0.43357447447620395   1.3733619328949363e-15
0.4339740352572259   1.3720319641157291e-15
0.434373964253692   1.3707029965173004e-15
0.43477426180493156   1.3693755599166215e-15
0.4351749282505859   1.3680494077841585e-15
0.4355759639306107   1.366724455041492e-15
0.4359773691852737   1.365401082950808e-15
0.43637914435515657   1.3640789044613692e-15
0.43678128978115444   1.3627581119041533e-15
0.4371838058044779   1.3614386153481312e-15
0.4375866927666507   1.360120393946186e-15
0.4379899510095112   1.3588035652175707e-15
0.4383935808752143   1.3574879115301197e-15
0.4387975827062287   1.3561736404568667e-15
0.4392019568453393   1.3548606456904874e-15
0.4396067036356463   1.3535489249202831e-15
0.4400118234205675   1.3522385858998863e-15
0.4404173165438359   1.3509296255804e-15
0.4408231833495016   1.3496218684003048e-15
0.44122942418193134   1.3483153182157982e-15
0.4416360393858106   1.3470100458672318e-15
0.44204302930614114   1.345706144614708e-15
0.4424503942882431   1.3444036125069957e-15
0.44285813467775437   1.343102254753568e-15
0.44326625082063276   1.3418020929286045e-15
0.4436747430631536   1.3405033115130707e-15
0.4440836117519115   1.3392059264679748e-15
0.4444928572338205   1.3379095529724456e-15
0.44490247985611525   1.3366145353682531e-15
0.44531247996634926   1.3353208730159068e-15
0.4457228579123968   1.3340284448225548e-15
0.44613361404245205   1.3327372675159385e-15
0.44654474870503175   1.3314474152638953e-15
0.4469562622489722   1.3301587152745602e-15
0.44736815502343175   1.3288711645576277e-15
0.44778042737789   1.327584933740329e-15
0.44819307966215   1.3263000442456238e-15
0.44860611222633584   1.3250164377641746e-15
0.4490195254208947   1.3237339952372596e-15
0.4494333195965961   1.3224526798861367e-15
0.4498474951045345   1.3211726977879035e-15
0.45026205229612626   1.31989390929761e-15
0.45067699152311214   1.318616369943803e-15
0.45109231313755666   1.3173401094608079e-15
0.45150801749185004   1.31606500513815e-15
0.451924104938706   1.3147912236493189e-15
0.4523405758311636   1.3135185857614158e-15
0.45275743052258693   1.3122470934080762e-15
0.453174669366667   1.3109768360447844e-15
0.4535922927174195   1.309707846975134e-15
0.4540103009291867   1.3084400018691645e-15
0.454428694356637   1.3071734689622599e-15
0.45484747335476705   1.3059080660307697e-15
0.4552666382788993   1.3046437961839076e-15
0.4556861894846839   1.303380753849919e-15
0.4561061273280987   1.3021189615011945e-15
0.45652645216545046   1.3008583100030232e-15
0.45694716435337335   1.2995989592677961e-15
0.4573682642488304   1.2983407178008082e-15
0.45778975220911333   1.297083597203753e-15
0.45821162859184433   1.2958277047375915e-15
0.4586338937549738   1.294573037404187e-15
0.45905654805678264   1.2933195135601584e-15
0.4594795918558812   1.2920672808932696e-15
0.459903025511212   1.2908161288398694e-15
0.46032684938204665   1.2895660858968491e-15
0.4607510638279885   1.288317278526543e-15
0.4611756692089718   1.2870695746811127e-15
0.46160066588526383   1.2858229492838193e-15
0.4620260542174625   1.2845777434602582e-15
0.4624518345664986   1.2833334067675248e-15
0.4628780072936349   1.2820903469196666e-15
0.4633045727604686   1.2808485622228972e-15
0.4637315313289287   1.2796078146386424e-15
0.4641588833612782   1.2783681392426794e-15
0.4645866292201135   1.2771297336190187e-15
0.46501476926836655   1.2758925812300553e-15
0.4654433038693023   1.2746562745012081e-15
0.46587223338652106   1.2734212327237573e-15
0.4663015581839576   1.2721873013405774e-15
0.46673127862588354   1.2709545664664297e-15
0.46716139507690485   1.2697229278927444e-15
0.4675919079019638   1.268492275678517e-15
0.4680228174663388   1.267262879977319e-15
0.4684541241356459   1.266034738572458e-15
0.4688858282758371   1.2648074614527008e-15
0.46931793025320123   1.2635813895960782e-15
0.4697504304343665   1.2623564415326506e-15
0.4701833291862971   1.2611326502455067e-15
0.47061662687629635   1.2599100470249249e-15
0.47105032387200524   1.2586885040932523e-15
0.47148442054140516   1.2574680125361981e-15
0.47191891725281504   1.2562485521067831e-15
0.47235381437489393   1.2550301476381784e-15
0.4727891122766399   1.253812941000485e-15
0.4732248113273927   1.2525968587015551e-15
0.47366091189683085   1.2513818263257582e-15
0.47409741435497416   1.2501678423980247e-15
0.47453431907218285   1.248954921583199e-15
0.47497162641916   1.2477432312718263e-15
0.47540933676694874   1.2465325666048625e-15
0.47584745048693466   1.2453229427744636e-15
0.4762859679508452   1.2441143580119798e-15
0.4767248895307517   1.2429068105893074e-15
0.47716421559906697   1.2417003799295216e-15
0.4776039465285476   1.2404951191363445e-15
0.478044082692293   1.2392908906457256e-15
0.47848462446374807   1.2380876841756595e-15
0.47892557221670023   1.2368854848528698e-15
0.4793669263252821   1.2356843126482504e-15
0.4798086871639703   1.2344843166955385e-15
0.48025085510758814   1.2332852865466695e-15
0.480693430531303   1.2320872795151635e-15
0.4811364138106282   1.23089041450063e-15
0.48157980532142297   1.2296945672757184e-15
0.4820236054398942   1.2284997372130266e-15
0.48246781454259385   1.2273059052117139e-15
0.4829124330064217   1.226113276271925e-15
0.4833574612086242   1.2249215002987425e-15
0.48380289952679695   1.223730838963219e-15
0.48424874833888193   1.2225411344924182e-15
0.4846950080231701   1.2213524352318835e-15
0.4851416789583005   1.2201648624510457e-15
0.4855887615232625   1.2189782929745786e-15
0.4860362560973933   1.2177927242428889e-15
0.4864841630603801   1.2166081485812942e-15
0.4869324827922597   1.2154245524740699e-15
0.48738121567342035   1.2142419532662455e-15
0.4878303620845995   1.2130605082773626e-15
0.48827992240688606   1.2118799791355267e-15
0.48872989702171943   1.210700470402544e-15
0.4891802863108921   1.2095219705661556e-15
0.489631090656547   1.2083443923456503e-15
0.4900823104411796   1.207167915153437e-15
0.49053394604763745   1.2059922615569074e-15
0.4909859978591223   1.2048177854470811e-15
0.49143846625918763   1.2036440651662728e-15
0.4918913516317409   1.202471505064945e-15
0.4923446543610428   1.2012997888217755e-15
0.49279837483170963   1.200129140668698e-15
0.4932525134287107   1.1989595420001055e-15
0.4937070705373705   1.1977908184954333e-15
0.4941620465433682   1.1966230269572489e-15
0.49461744183273987   1.1954562900708892e-15
0.4950732567918758   1.194290396376297e-15
0.4955294918075229   1.1931256516355312e-15
0.49598614726678397   1.1919618664120273e-15
0.49644322355711995   1.1907988222475347e-15
0.4969007210663476   1.1896367347666176e-15
0.4973586401826412   1.1884757786448359e-15
0.49781698129453267   1.1873156797048257e-15
0.4982757447909131   1.1861564726005815e-15
0.49873493106103073   1.1849982227009941e-15
0.4991945404944929   1.1838409282834197e-15
0.49965457348126546   1.1826845877755393e-15
0.5001150304116753   1.181529200003806e-15
0.5005759116764072   1.180374763309083e-15
0.5010372176665069   1.1792212581182404e-15
0.5014989487733796   1.1780685028082619e-15
0.501961105388793   1.1769168906068622e-15
0.5024236879048742   1.1757660268550487e-15
0.5028866967141117   1.1746160888942295e-15
0.503350132209357   1.173467255982017e-15
0.5038139947838225   1.1723192701006853e-15
0.5042782848310833   1.1711720245425268e-15
0.5047430027450764   1.1700257433353818e-15
0.505208148920104   1.16888040480405e-15
0.5056737237508295   1.167735881986377e-15
0.5061397276322809   1.166592292562415e-15
0.5066061609598494   1.1654496348890409e-15
0.5070730241292927   1.1643079078367544e-15
0.507540317536731   1.163167091021174e-15
0.5080080415786504   1.1620270051842641e-15
0.5084761966519018   1.1608878341891691e-15
0.5089447831537035   1.159749585411784e-15
0.5094138014816381   1.158612256522421e-15
0.509883252033655   1.157475675278675e-15
0.5103531352080705   1.1563399775510708e-15
0.5108234514035686   1.155205197466194e-15
0.5112942010191996   1.1540712012997543e-15
0.5117653844543822   1.1529381614222414e-15
0.5122370021089026   1.1518060222171111e-15
0.5127090543829167   1.1506745964390519e-15
0.5131815416769478   1.1495440460676404e-15
0.513654464391889   1.1484144662128723e-15
0.514127822929002   1.1472855915403737e-15
0.5146016176899201   1.146157516392404e-15
0.5150758490766449   1.1450304500476992e-15
0.5155505174915492   1.1439039483900591e-15
0.5160256233373761   1.142778534122083e-15
0.5165011670172412   1.1416538159283448e-15
0.5169771489346303   1.140529985727113e-15
0.5174535694934014   1.1394070630055037e-15
0.517930429097784   1.1382848427632714e-15
0.518407728152382   1.1371633133168084e-15
0.5188854670621705   1.1360426507257875e-15
0.5193636462324982   1.134922881237817e-15
0.5198422660690869   1.1338038495357927e-15
0.5203213269780338   1.13268565401976e-15
0.520800829365809   1.1315683467742958e-15
0.5212807736392574   1.130451679940381e-15
0.5217611602055986   1.12933583926535e-15
0.5222419894724287   1.1282208732430818e-15
0.5227232618477182   1.1271065896073785e-15
0.5232049777398139   1.1259930761694851e-15
0.5236871375574382   1.1248804458349763e-15
0.5241697417096923   1.1237685474604053e-15
0.5246527906060523   1.1226573172808397e-15
0.5251362846563723   1.121546991271705e-15
0.5256202242708838   1.1204372383874634e-15
0.5261046098601977   1.119328363458398e-15
0.5265894418353017   1.1182203203634627e-15
0.5270747206075629   1.117112949062886e-15
0.5275604465887269   1.116006263987877e-15
0.5280466201909204   1.11490043313067e-15
0.5285332418266484   1.1137952675259397e-15
0.5290203119087962   1.1126907700600714e-15
0.5295078308506292   1.111587135502623e-15
0.5299957990657957   1.1104841579805284e-15
0.5304842169683232   1.109382041575867e-15
0.530973084972621   1.1082805804592035e-15
0.5314624034934803   1.1071797817411423e-15
0.5319521729460759   1.1060796292953911e-15
0.5324423937459637   1.1049803190689795e-15
0.532933066309083   1.1038815030797446e-15
0.5334241910517558   1.102783671403761e-15
0.5339157683906895   1.101686365745907e-15
0.5344077987429741   1.100589854275955e-15
0.534900282526084   1.0994938454579195e-15
0.5353932201578783   1.0983986128351e-15
0.5358866120566025   1.0973042331971033e-15
0.5363804586408858   1.0962103789652244e-15
0.5368747603297441   1.0951154596283445e-15
0.5373695175425788   1.0940224681616598e-15
0.5378647306991791   1.0929306442738489e-15
0.5383604002197198   1.0918393532415004e-15
0.5388565265247628   1.0907488936820002e-15
0.5393531100352591   1.0896589286226844e-15
0.5398501511725462   1.0885697196784058e-15
0.5403476503583502   1.0874811589579582e-15
0.5408456080147854   1.0863931979871898e-15
0.5413440245643568   1.085305786926921e-15
0.5418429004299571   1.0842191855794724e-15
0.5423422360348691   1.0831330845210955e-15
0.5428420318027652   1.0820475763019502e-15
0.5433422881577102   1.0809627266065381e-15
0.5438430055241577   1.07987849498597e-15
0.5443441843269529   1.0787948771146703e-15
0.5448458249913322   1.077711801922674e-15
0.5453479279429256   1.0766295285866884e-15
0.5458504936077536   1.0755476738608765e-15
0.5463535224122297   1.0744664525626051e-15
0.54685701478316   1.0733859031090864e-15
0.5473609711477454   1.0723058082526745e-15
0.5478653919335791   1.0712262633882908e-15
0.5483702775686486   1.0701473252910569e-15
0.5488756284813356   1.069068995754818e-15
0.5493814451004178   1.0679912708896065e-15
0.5498877278550668   1.066913985500787e-15
0.5503944771748499   1.0658373344314118e-15
0.55090169348973   1.0647612233439149e-15
0.5514093772300678   1.0636855224454676e-15
0.5519175288266188   1.062610550378613e-15
0.5524261487105362   1.0615361238039058e-15
0.55293523731337   1.0604620042573517e-15
0.5534447950670693   1.059388531713312e-15
0.55395482240398   1.0583155687658342e-15
0.5544653197568465   1.0572430861737296e-15
0.5549762875588118   1.0561710878230511e-15
0.5554877262434197   1.0550997811456492e-15
0.5559996362446116   1.0540287547993313e-15
0.5565120179967298   1.0529581894599074e-15
0.5570248719345158   1.05188820750278e-15
0.5575381984931137   1.0508187002979329e-15
0.558051998108067   1.0497496605831479e-15
0.5585662712153211   1.048681011658787e-15
0.5590810182512223   1.0476129108108257e-15
0.559596239652521   1.0465451757729209e-15
0.5601119358563684   1.045477846478437e-15
0.5606281073003189   1.04441104144149e-15
0.5611447544223298   1.0433446596794995e-15
0.5616618776607636   1.042278715986026e-15
0.5621794774543849   1.0412130609322692e-15
0.5626975542423636   1.0401478985688035e-15
0.5632161084642734   1.0390831788448102e-15
0.563735140560095   1.0380188898834108e-15
0.5642546509702127   1.036954945633592e-15
0.5647746401354172   1.0358914025860082e-15
0.5652951084969052   1.0348282666455157e-15
0.5658160564962813   1.0337654668712665e-15
0.5663374845755553   1.032703039783522e-15
0.5668593931771454   1.0316409958821569e-15
0.5673817827438763   1.030579219932851e-15
0.567904653718983   1.0295178360764764e-15
0.5684280065461071   1.0284568255767478e-15
0.5689518416692995   1.0273961539713914e-15
0.5694761595330197   1.0263357260867105e-15
0.5700009605821388   1.0252755220262442e-15
0.570526245261936   1.0242158264193748e-15
0.5710520140181012   1.023156263340872e-15
0.5715782672967349   1.022097052591354e-15
0.5721050055443501   1.0210382441434192e-15
0.5726322292078695   1.0199795831038954e-15
0.5731599387346284   1.0189210281441712e-15
0.573688134572374   1.0178628731690998e-15
0.5742168171692673   1.0168046050149562e-15
0.5747459869738811   1.0157472040583076e-15
0.5752756444352017   1.0146902651266734e-15
0.575805790002629   1.0136326997595319e-15
0.5763364241259785   1.0125763495906662e-15
0.5768675472554786   1.0115191929160832e-15
0.5773991598417726   1.0104628453596095e-15
0.5779312623359207   1.0094068998872319e-15
0.5784638551893975   1.0083508330563755e-15
0.5789969388540935   1.0072956145409987e-15
0.5795305137823157   1.0062384299521292e-15
0.5800645804267892   1.0051846823247652e-15
0.580599139240655   1.0041284199578919e-15
0.581134190677472   1.0030737383256647e-15
0.5816697351912165   1.00201825455933e-15
0.582205773236285   1.0009620089987642e-15
0.5827423052674909   9.999073973247271e-16
0.5832793317400674   9.98853225047588e-16
0.5838168531096668   9.977989158871346e-16
0.5843548698323626   9.967437770389088e-16
0.5848933823646473   9.956904401752878e-16
0.5854323911634345   9.946344406905601e-16
0.585971896686058   9.935811393968037e-16
0.5865118993902754   9.92527156500107e-16
0.5870523997342639   9.91471067933715e-16
0.5875933981766238   9.904169105983792e-16
0.5881348951763772   9.893632084507864e-16
0.5886768911929712   9.883085700913788e-16
0.5892193866862743   9.872546343220076e-16
0.5897623821165797   9.862012809615553e-16
0.5903058779446039   9.851466481538372e-16
0.5908498746314899   9.840920792055029e-16
0.5913943726388038   9.830377297843334e-16
0.5919393724285377   9.819832302648688e-16
0.5924848744631089   9.809294997175295e-16
0.5930308792053626   9.79874707897435e-16
0.5935773871185687   9.788205318118176e-16
0.5941243986664246   9.777655395865893e-16
0.5946719143130546   9.767105381694863e-16
0.5952199345230123   9.756547791688119e-16
0.5957684597612776   9.745995971729037e-16
0.5963174904932597   9.73544326589303e-16
0.596867027184796   9.724886344355897e-16
0.5974170703021551   9.714332166626181e-16
0.5979676203120332   9.703787668071135e-16
0.5985186776815574   9.693214378585003e-16
0.5990702428782846   9.682663112158432e-16
0.5996223163702046   9.672089811419716e-16
0.6001748986257364   9.661529186068204e-16
0.6007279901137312   9.650958432066855e-16
0.6012815913034721   9.640388393225714e-16
0.6018357026646762   9.629807615662007e-16
0.6023903246674914   9.619236504463408e-16
0.6029454577825001   9.608658309711861e-16
0.6035011024807171   9.598066976194755e-16
0.6040572592335935   9.587482155354e-16
0.604613928513013   9.5768955094061e-16
0.6051711107912946   9.56630390142625e-16
0.6057288065411921   9.555699046452525e-16
0.6062870162358966   9.545091605645457e-16
0.6068457403490339   9.534480967730983e-16
0.6074049793546664   9.523879562934312e-16
0.6079647337272929   9.513264852534624e-16
0.6085250039418514   9.50265262699127e-16
0.6090857904737157   9.492015096774555e-16
0.6096470937986982   9.481399938571798e-16
0.6102089143930493   9.470756250656176e-16
0.61077125273346   9.460117165481956e-16
0.611334109297059   9.449476191678765e-16
0.6118974845614151   9.438826068077416e-16
0.6124613790045366   9.428171033584013e-16
0.6130257931048742   9.417513064323236e-16
0.6135907273413176   9.406842502598874e-16
0.6141561821931986   9.396170093039255e-16
0.6147221581402899   9.38548764770898e-16
0.6152886556628083   9.374801241498679e-16
0.6158556752414115   9.364110084088222e-16
0.6164232173572003   9.353409386192843e-16
0.6169912824917185   9.342706569901588e-16
0.6175598711269558   9.331982504614692e-16
0.6181289837453436   9.321267596047618e-16
0.618698620829759   9.31052664062052e-16
0.6192687828635234   9.299793453761493e-16
0.6198394703304052   9.289050818238062e-16
0.620410683714617   9.278293951030578e-16
0.6209824235008177   9.267534642859017e-16
0.6215546901741145   9.256762333625728e-16
0.6221274842200597   9.24598319662746e-16
0.6227008061246541   9.235189383083058e-16
0.6232746563743452   9.224395142215638e-16
0.6238490354560311   9.213587509944448e-16
0.6244239438570566   9.20276629568811e-16
0.6249993820652162   9.191949230217656e-16
0.6255753505687532   9.181114094032194e-16
0.6261518498563631   9.17024699377101e-16
0.6267288804171892   9.159392953154702e-16
0.627306442740827   9.148536780096676e-16
0.627884537317322   9.137658139910446e-16
0.6284631646371732   9.126758802161205e-16
0.6290423251913302   9.115862013799841e-16
0.6296220194711951   9.104936801622137e-16
0.6302022479686226   9.094014055466018e-16
0.6307830111759224   9.083072439117836e-16
0.631364309585856   9.072118467835947e-16
0.6319461436916396   9.061154503128686e-16
0.6325285139869435   9.050184415051505e-16
0.6331114209658947   9.039189841241921e-16
0.6336948651230736   9.028184960016913e-16
0.634278846953517   9.017168288063432e-16
0.6348633669527174   9.006138701310518e-16
0.6354484256166258   8.995091369587342e-16
0.6360340234416483   8.984036028793274e-16
0.6366201609246491   8.972963817705648e-16
0.6372068385629496   8.961866122366594e-16
0.6377940568543315   8.950758248457054e-16
0.6383818162970333   8.939646741842005e-16
0.6389701173897533   8.928497283054352e-16
0.6395589606316486   8.917352091658475e-16
0.6401483465223385   8.906175380264557e-16
0.6407382755619005   8.894984921713012e-16
0.6413287482508738   8.883780593912003e-16
0.6419197650902582   8.872562625931947e-16
0.642511326581517   8.86132964617548e-16
0.6431034332265737   8.850065317616012e-16
0.6436960855278152   8.8388020867387e-16
0.6442892839880905   8.827504820211088e-16
0.6448830291107142   8.816187271133968e-16
0.6454773213994623   8.804860166088432e-16
0.6460721613585764   8.793507774189666e-16
0.6466675494927615   8.782134070052804e-16
0.64726348630719   8.770740268921693e-16
0.6478599723074978   8.759333830251103e-16
0.6484570079997874   8.747895213673013e-16
0.6490545938906273   8.736439233549601e-16
0.6496527304870542   8.724959218497269e-16
0.6502514182965707   8.713465077292712e-16
0.6508506578271475   8.701945578688814e-16
0.6514504495872228   8.690403429579789e-16
0.652050794085705   8.678844972403113e-16
0.6526516918319702   8.667258422556292e-16
0.6532531433358639   8.655642256160014e-16
0.6538551491077013   8.6440064940202e-16
0.6544577096582694   8.632353070243353e-16
0.6550608254988244   8.62066835342737e-16
0.6556644971410939   8.608943440258949e-16
0.6562687250972766   8.597211538833681e-16
0.6568735098800453   8.585447149536091e-16
0.6574788520025431   8.573665206859994e-16
0.6580847519783867   8.561848384456607e-16
0.6586912103216654   8.550019276140902e-16
0.6592982275469447   8.538158159755923e-16
0.6599058041692614   8.526257950518751e-16
0.6605139407041285   8.514342657733889e-16
0.6611226376675329   8.502395604204523e-16
0.6617318955759391   8.490414647696427e-16
0.6623417149462858   8.478407872090694e-16
0.6629520962959883   8.466382680479914e-16
0.6635630401429383   8.454319967229062e-16
0.664174547005507   8.44222165258749e-16
0.6647866174025409   8.430099902875317e-16
0.6653992518533648   8.417946856687096e-16
0.6660124508777842   8.405767167570767e-16
0.6666262149960813   8.393551112390482e-16
0.667240544729019   8.381300815408765e-16
0.6678554405978387   8.369030666402397e-16
0.6684709031242648   8.356722657809813e-16
0.6690869328305004   8.344370452096294e-16
0.6697035302392299   8.331987398551064e-16
0.6703206958736195   8.319581154301307e-16
0.670938430257319   8.307138703503073e-16
0.6715567339144591   8.294671167176773e-16
0.6721756073696541   8.282145181995131e-16
0.6727950511480008   8.269606113710216e-16
0.6734150657750821   8.257027250524862e-16
0.6740356517769636   8.244404713356428e-16
0.6746568096801957   8.231751079983117e-16
0.675278540011814   8.219064616353513e-16
0.6759008432993413   8.206341063445627e-16
0.6765237200707848   8.193568641529829e-16
0.6771471708546389   8.180767412624508e-16
0.6777711961798845   8.167934633036608e-16
0.6783957965759917   8.155062379274935e-16
0.6790209725729166   8.142149673471488e-16
0.6796467247011048   8.129189370233236e-16
0.6802730534914891   8.116193704254763e-16
0.6808999594754949   8.103164052482743e-16
0.681527443185034   8.090092299687735e-16
0.68215550515251   8.076970498405941e-16
0.6827841459108159   8.063805622386284e-16
0.6834133659933384   8.050612316118713e-16
0.684043165933953   8.03738540422234e-16
0.6846735462670284   8.024103466204281e-16
0.6853045075274247   8.010785251244357e-16
0.6859360502504974   7.997418061450905e-16
0.6865681749720929   7.984022602782756e-16
0.6872008822285522   7.970571737032921e-16
0.6878341725567101   7.957082660142049e-16
0.6884680464938978   7.943553441863645e-16
0.68910250457794   7.929963585188713e-16
0.6897375473471573   7.916339257735177e-16
0.6903731753403661   7.902672291638831e-16
0.6910093890968813   7.888965099297755e-16
0.6916461891565125   7.875207166844599e-16
0.6922835760595678   7.861412010209844e-16
0.6929215503468523   7.847560877471081e-16
0.6935601125596716   7.833670208896208e-16
0.6941992632398283   7.819732088061113e-16
0.6948390029296244   7.805740451257691e-16
0.6954793321718616   7.791719564791932e-16
0.6961202515098437   7.777637110149076e-16
0.6967617614873729   7.763511335989091e-16
0.6974038626487533   7.749344302360519e-16
0.6980465555387902   7.735120654367731e-16
0.6986898407027928   7.720848616977367e-16
0.6993337186865707   7.706542691457702e-16
0.6999781900364372   7.692185023665104e-16
0.7006232552992087   7.677765533051957e-16
0.7012689150222071   7.663306829539427e-16
0.7019151697532569   7.648803982136854e-16
0.702562020040688   7.634249425704169e-16
0.7032094664333352   7.619646722216739e-16
0.7038575094805407   7.604989966118856e-16
0.7045061497321513   7.590300672105336e-16
0.705155387738521   7.575529787192534e-16
0.7058052240505104   7.560735870524412e-16
0.7064556592194895   7.545880716594115e-16
0.7071066937973348   7.53098212704259e-16
0.7077583283364317   7.516038899110367e-16
0.7084105633896742   7.50104017452639e-16
0.7090633995104678   7.485988015227665e-16
0.7097168372527258   7.470881944715289e-16
0.710370877170873   7.455740102034863e-16
0.7110255198198441   7.440537496361128e-16
0.7116807657550872   7.425276827989442e-16
0.7123366155325607   7.409972028268045e-16
0.7129930697087348   7.39461405242027e-16
0.7136501288405949   7.379198805926215e-16
0.7143077934856376   7.363741145508667e-16
0.7149660642018737   7.348223498078356e-16
0.7156249415478279   7.332653898290099e-16
0.7162844260825415   7.317025735653365e-16
0.7169445183655688   7.301347383997466e-16
0.7176052189569807   7.285618829311687e-16
0.7182665284173634   7.269819958718755e-16
0.7189284473078217   7.253971253369042e-16
0.7195909761899757   7.238067602981293e-16
0.7202541156259633   7.222093830821942e-16
0.7209178661784402   7.206070518130641e-16
0.7215822284105825   7.189976777684158e-16
0.7222472028860831   7.173816195827015e-16
0.7229127901691553   7.15760163646346e-16
0.7235789908245314   7.141314256630201e-16
0.7242458054174665   7.124949802702853e-16
0.7249132345137344   7.108518860282671e-16
0.7255812786796308   7.092012078336021e-16
0.7262499384819728   7.075427448111121e-16
0.726919214488102   7.058765338486017e-16
0.7275891072658804   7.042019311413449e-16
0.7282596173836945   7.025177193140781e-16
0.7289307454104534   7.008251125561681e-16
0.7296024919155929   6.991224074074694e-16
0.7302748574690714   6.974085660986205e-16
0.7309478426413732   6.95685254098337e-16
0.7316214480035076   6.939496677819069e-16
0.7322956741270122   6.922020278764066e-16
0.7329705215839495   6.90441964679843e-16
0.7336459909469094   6.886672146905465e-16
0.7343220827890091   6.868787793117637e-16
0.7349987976838961   6.850760883744543e-16
0.7356761362057441   6.832525716453384e-16
0.7363540989292571   6.814145453863987e-16
0.7370326864296673   6.795573059206595e-16
0.7377118992827402   6.77676977113127e-16
0.7383917380647688   6.75776468025846e-16
0.7390722033525783   6.738525335631475e-16
0.7397532957235247   6.719006825550668e-16
0.7404350157554982   6.699241845868442e-16
0.7411173640269195   6.679145915747941e-16
0.7418003411167431   6.658734019175144e-16
0.7424839476044559   6.638005890307607e-16
0.7431681840700815   6.616843250908915e-16
0.7438530510941755   6.595301679855098e-16
0.7445385492578297   6.573329029816771e-16
0.74522467914267   6.550815661675038e-16
0.7459114413308611   6.527825480525703e-16
0.7465988364051016   6.504245280203926e-16
0.747286864948628   6.480040308880432e-16
0.7479755275452135   6.45519555346143e-16
0.7486648247791715   6.429552846048283e-16
0.7493547572353517   6.40313889188176e-16
0.7500453254991435   6.375891446555823e-16
0.7507365301564748   6.347596229782096e-16
0.7514283717938162   6.318363453454923e-16
0.7521208509981758   6.287905130761431e-16
0.7528139683571042   6.2561953971091855e-16
0.7535077244586922   6.223263642240762e-16
0.7542021198915748   6.188639414623722e-16
0.7548971552449275   6.152519617251387e-16
0.7555928311084693   6.114568164844919e-16
0.7562891480724618   6.074573827465432e-16
0.7569861067277132   6.032665714498959e-16
0.7576837076655735   5.988050894187872e-16
0.7583819514779385   5.941039279666493e-16
0.759080838757249   5.891162013226785e-16
0.7597803700964936   5.837958107237858e-16
0.7604805460892053   5.781669482706691e-16
0.7611813673294652   5.72103647607599e-16
0.7618828344119003   5.656537888602831e-16
0.7625849479316885   5.587359367535896e-16
0.7632877084845537   5.512826510249724e-16
0.7639911166667689   5.433312163380816e-16
0.7646951730751586   5.346631096736297e-16
0.7653998783070953   5.253835930872717e-16
0.7661052329605028   5.153303510038646e-16
0.7668112376338548   5.044366373902287e-16
0.7675178929261792   4.927419559488842e-16
0.7682251994370534   4.799081968975129e-16
0.7689331577666083   4.661641780713243e-16
0.7696417685155268   4.511685606616644e-16
0.770351032285048   4.3500498227489347e-16
0.7710609496769625   4.1761344325701594e-16
0.7717715212936165   3.987251027102051e-16
0.7724827477379101   3.78751033917014e-16
0.773194629613302   3.5706231042473475e-16
0.7739071675238038   3.3436239996446195e-16
0.7746203620739854   3.1037093728550515e-16
0.7753342138689726   2.854512468619405e-16
0.7760487235144511   2.601136407758123e-16
0.7767638916166626   2.34250967774911e-16
0.7774797187824083   2.092391518546137e-16
0.7781962056190477   1.8483373079873203e-16
0.7789133527345026   1.6258684161870962e-16
0.7796311607372522   1.429140501977923e-16
0.7803496302363377   1.266911243311254e-16
0.7810687618413608   1.1455314018249033e-16
0.7817885561624868   1.0710982122610827e-16
0.7825090138104414   1.0410575161494559e-16
0.7832301353965138   1.0637625775637576e-16
0.7839519215325558   1.1278680998011598e-16
0.7846743728309852   1.234446539955829e-16
0.7853974899047821   1.375578505303136e-16
0.7861212733674919   1.5449111629509885e-16
0.7868457238332252   1.7358527828752814e-16
0.7875708419166603   1.9428359982679636e-16
0.7882966282330399   2.1569379330111573e-16
0.7890230833981745   2.378050666820933e-16
0.7897502080284411   2.5947746741915664e-16
0.7904780027407873   2.8116606326706715e-16
0.7912064681527268   3.01846674073479e-16
0.7919356048823432   3.2199698577863994e-16
0.7926654135482887   3.410294904334294e-16
0.7933958947697883   3.591677093675654e-16
0.7941270491666351   3.7623063260587084e-16
0.7948588773591941   3.922537772390547e-16
0.7955913799684015   4.0729413096206173e-16
0.7963245576157676   4.212897130482406e-16
0.7970584109233736   4.3442735814625455e-16
0.7977929405138745   4.465847769909634e-16
0.7985281470104982   4.580076113868233e-16
0.7992640310370498   4.685301381534922e-16
0.8000005932179063   4.7844805647038e-16
0.8007378341780211   4.87114985095489e-16
0.8014757545429231   4.952749394118124e-16
0.8022143549387194   5.028029130390692e-16
0.8029536359920921   5.098780817701236e-16
0.8036935983303017   5.164337110690806e-16
0.8044342425811857   5.225908571990138e-16
0.8051755693731626   5.283190560645997e-16
0.8059175793352278   5.336980368511696e-16
0.806660273096957   5.387199137401793e-16
0.8074036512885052   5.43440543239485e-16
0.808147714540611   5.478625156256795e-16
0.8088924634845912   5.52020638210389e-16
0.8096378987523456   5.559266023316265e-16
0.8103840209763554   5.596047239836429e-16
0.8111308307896873   5.630679285170651e-16
0.8118783288259884   5.663341618307479e-16
0.8126265157194913   5.694155268064296e-16
0.8133753921050118   5.723260972981929e-16
0.8141249586179531   5.750772155455569e-16
0.8148752158943018   5.776793908314218e-16
0.8156261645706312   5.801420947600793e-16
0.8163778052841005   5.824765187232724e-16
0.8171301386724587   5.846886422745413e-16
0.8178831653740397   5.867874043886126e-16
0.8186368860277659   5.887800283517119e-16
0.8193913012731507   5.906723282542467e-16
0.820146411750295   5.924692742554713e-16
0.8209022180998896   5.94178670217734e-16
0.8216587209632155   5.95803536786617e-16
0.8224159209821469   5.973521092261723e-16
0.823173818799147   5.988231352433261e-16
0.8239324150572721   6.002273060334557e-16
0.82469171040017   6.015629212479801e-16
0.8254517054720845   6.028373316495521e-16
0.8262124009178502   6.040508932830831e-16
0.826973797382897   6.052111680763334e-16
0.8277358955132489   6.063105138759194e-16
0.8284986959555275   6.073671309088744e-16
0.8292621993569479   6.083684898262628e-16
0.8300264063653224   6.093288435916378e-16
0.8307913176290597   6.102400180332549e-16
0.8315569337971681   6.111139486215361e-16
0.8323232555192519   6.119442562125539e-16
0.8330902834455147   6.127373670533739e-16
0.8338580182267586   6.134935089699163e-16
0.8346264605143877   6.142158522270108e-16
0.8353956109604042   6.149038720838315e-16
0.8361654702174115   6.155582133672844e-16
0.8369360389386142   6.161839767986106e-16
0.837707317777821   6.167786906726874e-16
0.8384793073894408   6.173473918688702e-16
0.8392520084284859   6.1788346753244305e-16
0.8400254215505721   6.18397398373302e-16
0.8407995474119216   6.188839683580764e-16
0.8415743866693587   6.193499189822241e-16
0.8423499399803138   6.197871065193404e-16
0.8431262080028226   6.202051172451609e-16
0.8439031913955296   6.205999371876672e-16
0.8446808908176836   6.209722524468443e-16
0.8454593069291421   6.213270512239155e-16
0.8462384403903694   6.216604680530591e-16
0.8470182918624416   6.21975880561278e-16
0.8477988620070408   6.222719230918014e-16
0.8485801514864602   6.225496395438943e-16
0.8493621609636022   6.228120780082e-16
0.8501448911019829   6.230577109937871e-16
0.850928342565727   6.232851840679538e-16
0.8517125160195725   6.234967786250168e-16
0.8524974121288689   6.236954116448137e-16
0.8532830315595812   6.238778407886526e-16
0.8540693749782858   6.24046414710029e-16
0.8548564430521745   6.241994457080947e-16
0.8556442364490523   6.243402546365368e-16
0.8564327558373431   6.244690678068188e-16
0.8572220018860838   6.245828434114399e-16
0.8580119752649285   6.246862158083832e-16
0.8588026766441479   6.247753200328443e-16
0.8595941066946328   6.248518914491674e-16
0.8603862660878896   6.249192679890021e-16
0.8611791554960448   6.249756560969938e-16
0.8619727755918429   6.250199067056572e-16
0.8627671270486513   6.250530974345263e-16
0.8635622105404552   6.250767889182576e-16
0.864358026741862   6.250892289957241e-16
0.8651545763280996   6.250920989851412e-16
0.8659518599750208   6.25086962930352e-16
0.8667498783590989   6.250696168990248e-16
0.8675486321574312   6.250444477754473e-16
0.8683481220477384   6.250095977856006e-16
0.8691483487083679   6.249663018527958e-16
0.8699493128182901   6.249144248972033e-16
0.8707510150571018   6.248536823647578e-16
0.8715534561050251   6.247853089388498e-16
0.8723566366429116   6.247081274744406e-16
0.873160557352238   6.246220754634483e-16
0.8739652189151095   6.245298376375121e-16
0.8747706220142591   6.244290205163257e-16
0.875576767333052   6.24320879098903e-16
0.87638365555548   6.242056016887434e-16
0.8771912873661664   6.240830874868329e-16
0.8779996634503643   6.239530723609504e-16
0.8788087844939614   6.238162805072131e-16
0.8796186511834743   6.236721825094869e-16
0.8804292642060525   6.235217142191358e-16
0.8812406242494816   6.233649446548043e-16
0.8820527320021779   6.232016626151568e-16
0.8828655881531934   6.230317340074026e-16
0.8836791933922141   6.228555182314115e-16
0.8844935484095642   6.226732962245016e-16
0.8853086538962014   6.224850725672004e-16
0.886124510543721   6.222903865794623e-16
0.8869411190443549   6.220899640479956e-16
0.8877584800909755   6.218839625083029e-16
0.8885765943770909   6.216724276494051e-16
0.8893954625968495   6.214554956368891e-16
0.8902150854450384   6.213125760440074e-16
0.8910354636170874   6.211508651366645e-16
0.8918565978090649   6.208553539985578e-16
0.8926784887176814   6.205570931364198e-16
0.8935011370402884   6.202554757740639e-16
0.8943245434748833   6.199495204995845e-16
0.8951487087201035   6.196398554522318e-16
0.8959736334752314   6.193275660144727e-16
0.8967993184401928   6.190124052415658e-16
0.8976257643155612   6.186928621483977e-16
0.8984529718025532   6.183706653829901e-16
0.8992809416030323   6.180449333886562e-16
0.9001096744195081   6.17714865977492e-16
0.90093917095514   6.173820828532151e-16
0.901769431913733   6.170461640715447e-16
0.9026004579997415   6.167073510092539e-16
0.9034322499182681   6.16364787515728e-16
0.9042648083750681   6.160185376961211e-16
0.905098134076544   6.156694166186584e-16
0.905932227729751   6.153174460135853e-16
0.9067670900423941   6.149622327056189e-16
0.9076027217228338   6.1460390426090365e-16
0.9084391234800805   6.142430126115748e-16
0.9092762960237988   6.138783327854737e-16
0.9101142400643065   6.135104597484789e-16
0.9109529563125788   6.131409024756285e-16
0.911792445480243   6.127674208087318e-16
0.9126327082795835   6.123913744657721e-16
0.9134737454235401   6.120127389630288e-16
0.9143155576257123   6.116315505859844e-16
0.9151581456003544   6.112474219457686e-16
0.91600151006238   6.108606857706991e-16
0.9168456517273604   6.104704394331767e-16
0.9176905713115295   6.100787632752011e-16
0.918536269531778   6.096840523678921e-16
0.9193827471056584   6.092868031269602e-16
0.9202300047513835   6.088868517172857e-16
0.9210780431878308   6.084844279827324e-16
0.9219268631345375   6.080796070804843e-16
0.9227764653117049   6.076722883215149e-16
0.9236268504401965   6.072624851482828e-16
0.9244780192415439   6.068512796454229e-16
0.92532997243794   6.064366140508234e-16
0.9261827107522445   6.060198649148142e-16
0.9270362349079823   6.056017663138965e-16
0.9278905456293479   6.051801807061363e-16
0.9287456436412002   6.047570177454903e-16
0.9296015296690673   6.043322867088401e-16
0.9304582044391447   6.039052519718405e-16
0.9313156686783002   6.034749692651119e-16
0.9321739231140683   6.03043834258109e-16
0.9330329684746553   6.02610821172881e-16
0.9338928054889374   6.021751701107377e-16
0.9347534348864652   6.017380420449914e-16
0.9356148573974592   6.012992486312234e-16
0.9364770737528133   6.008581593482826e-16
0.9373400846840944   6.004158622439337e-16
0.9382038909235461   5.999712646543695e-16
0.9390684932040841   5.99524986721537e-16
0.9399338922593007   5.990773869086688e-16
0.9408000888234628   5.986284777466708e-16
0.9416670836315172   5.981779915011461e-16
0.942534877419085   5.977254294145047e-16
0.9434034709224653   5.972715028136194e-16
0.9442728648786386   5.968163154418846e-16
0.9451430600252614   5.963592518888605e-16
0.9460140571006712   5.95901790897378e-16
0.9468858568438852   5.954418351464988e-16
0.9477584599946038   5.949816730532456e-16
0.9486318672932071   5.945202324323362e-16
0.9495060794807578   5.940571978585678e-16
0.9503810972990007   5.93593028255341e-16
0.9512569214903671   5.931285065930942e-16
0.9521335527979699   5.926625409038257e-16
0.953010991965607   5.921948526306864e-16
0.9538892397377616   5.917281224666028e-16
0.9547682968596055   5.912595248184333e-16
0.9556481640769944   5.907907594895173e-16
0.956528842136472   5.903211679884003e-16
0.9574103317852697   5.898509473000655e-16
0.9582926337713096   5.893804331461386e-16
0.9591757488432008   5.889092530063673e-16
0.9600596777502428   5.884380966337017e-16
0.960944421242425   5.879664877555966e-16
0.9618299800704306   5.874948915852004e-16
0.9627163549856318   5.870232027840421e-16
0.9636035467400942   5.86551905005365e-16
0.9644915560865753   5.860799280356682e-16
0.9653803837785297   5.856091171147355e-16
0.966270030570103   5.851384539570342e-16
0.9671604972161367   5.846686202543606e-16
0.9680517844721673   5.841989515399107e-16
0.9689438930944303   5.837304309761175e-16
0.9698368238398551   5.832626520497495e-16
0.9707305774660699   5.827961869325098e-16
0.9716251547313999   5.823305215545731e-16
0.972520556394872   5.818663751373621e-16
0.9734167832162097   5.814041121256147e-16
0.974313835955838   5.80943182780701e-16
0.9752117153748809   5.804848390591897e-16
0.9761104222351675   5.80028424152861e-16
0.9770099572992257   5.7957442094654795e-16
0.977910321330287   5.7912324079247235e-16
0.9788115150922854   5.786747498495608e-16
0.9797135393498619   5.782298633588953e-16
0.9806163948683592   5.777883008560264e-16
0.981520082413826   5.773506058004928e-16
0.9824246027530166   5.769171166481671e-16
0.9833299566533941   5.764888069052549e-16
0.9842361448831263   5.760655118348993e-16
0.9851431682110899   5.756475226610205e-16
0.9860510274068693   5.752358346078436e-16
0.9869597232407606   5.74831223160083e-16
0.9878692564837673   5.709832934024287e-16
0.9887796279076042   5.705716946304861e-16
0.9896908382846961   5.701640654342453e-16
0.990602888388183   5.697612056417578e-16
0.991515778991914   5.693618075909709e-16
0.9924295108704527   5.689666962314225e-16
0.9933440847990753   5.68574383221245e-16
0.9942595015537754   5.681838460421735e-16
0.995175761911259   5.677943012337347e-16
0.9960928666489485   5.674035703000736e-16
0.9970108165449819   5.670101899309088e-16
0.9979296123782174   5.666104273318248e-16
0.998849254928228   5.66201024219163e-16
0.9997697449753056   5.657766228086422e-16
1.000691083300461   5.652411693585561e-16
1.0016132706854268   5.647168000289171e-16
1.0025363079126541   5.641628320294292e-16
1.003460195765315   5.635537445451343e-16
1.004384935027303   5.628628698199106e-16
1.005310526483237   5.620501412715028e-16
1.006236970918455   5.610614561683085e-16
1.0071642691190217   5.598502601496274e-16
1.0080924218717229   5.583190793940558e-16
1.0090214299640743   5.563262702228109e-16
1.0099512941843132   5.536263955974747e-16
1.0108820153214038   5.498637947827875e-16
1.0118135941650404   5.444953485217475e-16
1.0127460315056416   5.366188621725773e-16
1.013679328134356   5.247594233998599e-16
1.0146134848430597   5.065425714957587e-16
1.0155485024243625   4.784113588446295e-16
1.0164843816716003   4.3596543412431775e-16
1.017421123378842   3.779199519053587e-16
1.018358728340887   3.1975682894719755e-16
1.0192971973532705   2.9076486902603833e-16
1.0202365312122574   3.024796475981419e-16
1.0211767307148476   3.3816609953633013e-16
1.022117796658774   3.7662658959984995e-16
1.0230597298425086   4.0851110179429204e-16
1.0240025310652554   4.3279403233582837e-16
1.0249462011269561   4.507445299003115e-16
1.025890740828289   4.642528024993288e-16
1.0268361509706727   4.745412700229185e-16
1.0277824323562619   4.824871385537247e-16
1.0287295857879508   4.88705838498839e-16
1.0296776120693731   4.936355864518772e-16
1.0306265120049063   4.975827852821491e-16
1.0315762863996651   5.007735659484119e-16
1.0325269360595086   5.033711646445108e-16
1.0334784617910362   5.054935626788241e-16
1.0344308644015945   5.072360655873441e-16
1.0353841446992706   5.086700991052042e-16
1.036338303492898   5.098503027172017e-16
1.0372933415920533   5.108202106887942e-16
1.0382492598070638   5.116143564357584e-16
1.0392060589489993   5.122590850920577e-16
1.0401637398296784   5.127759056439511e-16
1.041122303261667   5.131798520755887e-16
1.0420817500582829   5.134878985635131e-16
1.0430420810335899   5.137155697062029e-16
1.0440032970024036   5.138710265687174e-16
1.044965398780289   5.139622142066538e-16
1.045928387183566   5.139930820916401e-16
1.0468922630293038   5.13974584878516e-16
1.0478570271353254   5.13912776727246e-16
1.0488226803202063   5.138120263526893e-16
1.04978922340328   5.136760955064103e-16
1.0507566572046314   5.13504845425013e-16
1.0517249825451023   5.133037360805125e-16
1.05269420024629   5.130775213018715e-16
1.0536643111305524   5.12827955285682e-16
1.0546353160210014   5.125579050271957e-16
1.055607215741509   5.122648100636842e-16
1.0565800111167052   5.119517256661251e-16
1.0575537029719833   5.116245258982016e-16
1.0585282921334938   5.112796600746353e-16
1.0595037794281497   5.109238562040533e-16
1.0604801656836251   5.105520002171395e-16
1.06145745172836   5.10167972058362e-16
1.0624356383915543   5.097713580663555e-16
1.0634147265031737   5.09366305299129e-16
1.0643947168939472   5.089530683224014e-16
1.0653756103953729   5.085287514828383e-16
1.0663574078397116   5.080928813854475e-16
1.0673401100599926   5.076523131077888e-16
1.0683237178900116   5.072030643707595e-16
1.0693082321643357   5.067498026393643e-16
1.070293653718298   5.062889349921461e-16
1.0712799833880027   5.058211233257369e-16
1.072267222010323   5.053463302331812e-16
1.0732553704229073   5.048694717555347e-16
1.0742444294641718   5.043883692717334e-16
1.0752343999733067   5.03902194567976e-16
1.076225282790275   5.034088405790127e-16
1.0772170787558164   5.029128098638074e-16
1.0782097887114424   5.024137499324072e-16
1.079203413499441   5.019137471628807e-16
1.0801979539628754   5.014123209436277e-16
1.081193410945589   5.009015203761711e-16
1.0821897852921993   5.003913889448055e-16
1.0831870778481028   4.998782658937771e-16
1.0841852894594775   4.993657417406477e-16
1.0851844209732784   4.98852670235541e-16
1.0861844732372425   4.98331484997225e-16
1.087185447099886   4.978119465415897e-16
1.088187343410511   4.972923605285356e-16
1.089190163019199   4.967721764114756e-16
1.0901939067768154   4.962527805341528e-16
1.0911985755350093   4.957266022522433e-16
1.0922041701462177   4.952019768091394e-16
1.09321069146366   4.946775732278171e-16
1.0942181403413422   4.941543564066982e-16
1.0952265176340572   4.936293063067483e-16
1.0962358241973886   4.931006499223942e-16
1.097246060887705   4.925723759273929e-16
1.0982572285621655   4.920441897200697e-16
1.0992693280787178   4.91517885472188e-16
1.1002823602961038   4.909897074943789e-16
1.101296326073853   4.904595544214293e-16
1.1023112262722892   4.899284550903858e-16
1.1033270617525262   4.893980162990212e-16
1.1043438333764763   4.88870031683998e-16
1.105361542006842   4.883403255765428e-16
1.1063801885071218   4.878065048827514e-16
1.1073997737416093   4.872742672702709e-16
1.1084202985753975   4.867416965648668e-16
1.1094417638743739   4.862120063068479e-16
1.1104641705052245   4.856802171400533e-16
1.1114875193354328   4.851458162988914e-16
1.1125118112332857   4.846116864687947e-16
1.1135370470678663   4.840801548914643e-16
1.1145632277090602   4.835472616257544e-16
1.1155903540275531   4.830137369437797e-16
1.116618426894837   4.824785281181753e-16
1.1176474471832027   4.81943563317112e-16
1.118677415765747   4.814113246168005e-16
1.11970833351637   4.808779608402871e-16
1.1207402013097798   4.803421061905719e-16
1.1217730200214877   4.798061177747084e-16
1.1228067905278134   4.792705356163671e-16
1.1238415137058821   4.787364087107089e-16
1.1248771904336314   4.7820195459538585e-16
1.1259138215898046   4.776649832748052e-16
1.1269514080539553   4.771282334357048e-16
1.1279899507064473   4.765894652640611e-16
1.1290294504284586   4.760551178092393e-16
1.1300699081019756   4.75518354480109e-16
1.1311113246097997   4.749782650294218e-16
1.1321537008355433   4.744389883343046e-16
1.1331970376636378   4.739004891872382e-16
1.1342413359793253   4.733625545431532e-16
1.1352865966686654   4.728235456481007e-16
1.1363328206185328   4.722821831129362e-16
1.137380008716623   4.7174062717915295e-16
1.1384281618514462   4.71198719596427e-16
1.1394772809123324   4.706588980563813e-16
1.1405273667894302   4.701154910499807e-16
1.141578420373712   4.695722666949989e-16
1.1426304425569673   4.690275716318369e-16
1.1436834342318096   4.684844637792469e-16
1.1447373962916727   4.679403764654528e-16
1.145792329630818   4.673941196421883e-16
1.146848235144327   4.668483774865433e-16
1.1479051137281076   4.663026393579172e-16
1.1489629662788923   4.657568674510916e-16
1.150021793694243   4.652113014859927e-16
1.1510815968725454   4.646653977440865e-16
1.1521423767130146   4.64117394065266e-16
1.1532041341156927   4.635696176512012e-16
1.1542668699814553   4.630230492915898e-16
1.155330585212004   4.624759012793816e-16
1.1563952807098732   4.619265145068851e-16
1.1574609573784276   4.613794314444523e-16
1.1585276161218678   4.608305234151662e-16
1.1595952578452242   4.602838485708054e-16
1.1606638834543626   4.597343014722281e-16
1.161733493855982   4.591852383731938e-16
1.162804089957621   4.586367221263633e-16
1.163875672667651   4.580888225336767e-16
1.1649482428952798   4.575403721631684e-16
1.1660218015505572   4.569901879047792e-16
1.1670963495443685   4.564424621170822e-16
1.1681718877884386   4.558931292313305e-16
1.1692484171953323   4.553441505853606e-16
1.1703259386784584   4.547952974500252e-16
1.1714044531520642   4.542479182165641e-16
1.1724839615312403   4.536989393240348e-16
1.17356446473192   4.53150543372304e-16
1.1746459636708841   4.52602658363781e-16
1.1757284592657542   4.5205462601150415e-16
1.1768119524349991   4.515048552419399e-16
1.177896444097933   4.50957648905539e-16
1.1789819351747204   4.504111373863905e-16
1.1800684265863706   4.498631872974482e-16
1.1811559192547427   4.493148385435105e-16
1.182244414102544   4.487684991362892e-16
1.1833339120533364   4.482227264067348e-16
1.184424414031528   4.476768883493476e-16
1.1855159209623816   4.47129361053437e-16
1.1866084337720098   4.465839605180932e-16
1.1877019533873836   4.4603974026048295e-16
1.1887964807363243   4.454941697574925e-16
1.1898920167475089   4.44949499776901e-16
1.1909885623504695   4.444072511748677e-16
1.1920861184755984   4.4386215853649877e-16
1.1931846860541417   4.4331977585183164e-16
1.194284266018205   4.4277695169049014e-16
1.1953848593007508   4.42233832630755e-16
1.1964864668356063   4.4169168101744156e-16
1.1975890895574548   4.411507909929562e-16
1.1986927284018425   4.406097153974317e-16
1.1997973843051764   4.4006785314728366e-16
1.2009030582047302   4.3952715725035317e-16
1.2020097510386374   4.389871529255645e-16
1.2031174637458975   4.384476834683996e-16
1.2042261972663744   4.379076100596139e-16
1.2053359525408012   4.373684383629317e-16
1.2064467305107747   4.368302020286942e-16
1.2075585321187605   4.362908203596016e-16
1.2086713583080915   4.3575361408588925e-16
1.2097852100229736   4.3521495481768904e-16
1.2109000882084793   4.3467818596943844e-16
1.2120159938105528   4.3414240985809664e-16
1.2131329277760095   4.3360672831114337e-16
1.2142508910525402   4.330710622929332e-16
1.2153698845887064   4.325364725446567e-16
1.2164899093339443   4.3200249080229626e-16
1.2176109662385635   4.314690717748097e-16
1.218733056253754   4.309362456937108e-16
1.2198561803315775   4.3040254475981995e-16
1.2209803394249756   4.298723106571557e-16
1.222105534487766   4.293423770793233e-16
1.223231766474649   4.2881116832310664e-16
1.2243590363412018   4.2828234198536914e-16
1.2254873450438826   4.277530864747514e-16
1.2266166935400302   4.272255351934489e-16
1.2277470827878691   4.2669844360754656e-16
1.228878513746504   4.2617380454054146e-16
1.230010987375923   4.256474314300855e-16
1.2311445046369995   4.251240167168565e-16
1.232279066491495   4.246012453460624e-16
1.233414673902054   4.2407867074434363e-16
1.2345513278322087   4.235543939835622e-16
1.2356890292463791   4.2303416615791645e-16
1.236827779109877   4.2251539695806543e-16
1.2379675783889   4.219972375513191e-16
1.2391084280505376   4.2147898690286935e-16
1.240250329062769   4.2096156328796935e-16
1.24139328239447   4.2044701150245906e-16
1.2425372890154045   4.1993235321440533e-16
1.2436823498962315   4.194181805651802e-16
1.2448284660085038   4.1890449135555796e-16
1.245975638324673   4.183952156838017e-16
1.247123867818083   4.178851223052167e-16
1.2482731554629747   4.1737729306233095e-16
1.2494235022344908   4.1686780948008003e-16
1.2505749091086686   4.163620736499129e-16
1.2517273770624464   4.15858166152177e-16
1.2528809070736613   4.1535491283131654e-16
1.2540355001210555   4.1485186923455464e-16
1.2551911571842693   4.1435155003795346e-16
1.2563478792438467   4.138536470268002e-16
1.2575056672812348   4.133555999703559e-16
1.2586645222787884   4.1285972508756013e-16
1.2598244452197638   4.1236542980617704e-16
1.260985437088325   4.118738872162021e-16
1.2621474988695411   4.113831834493464e-16
1.2633106315493938   4.1089479582361553e-16
1.2644748361147686   4.104068325997637e-16
1.2656401135534623   4.0992134499968797e-16
1.2668064648541806   4.094378937725962e-16
1.267973891006544   4.089566606357798e-16
1.2691423930010814   4.084756692778064e-16
1.270311971829236   4.079983693151662e-16
1.2714826284833625   4.075236866591588e-16
1.2726543639567351   4.070503254920211e-16
1.2738271792435387   4.065782253321335e-16
1.2750010753388759   4.061072420520681e-16
1.2761760532387652   4.0564249713451726e-16
1.2773521139401465   4.0517799681874916e-16
1.2785292584408752   4.047151761186092e-16
1.2797074877397265   4.042527568397513e-16
1.2808868028363962   4.037956166833683e-16
1.2820672047315038   4.0334166340604265e-16
1.2832486944265877   4.0288845832483637e-16
1.284431272924111   4.024356121403413e-16
1.2856149412274582   4.0198776213990537e-16
1.2867997003409437   4.0154351614422546e-16
1.2879855512698024   4.0110153086170873e-16
1.2891724950201973   4.006598917995929e-16
1.2903605325992176   4.00222098529694e-16
1.291549665014884   3.9978740738952127e-16
1.2927398932761427   3.9935611767988923e-16
1.2939312183928706   3.989268274634947e-16
1.2951236413758742   3.984988097827564e-16
1.2963171632368955   3.9807651135871163e-16
1.2975117849886044   3.976566634784734e-16
1.298707507644606   3.9723802139537093e-16
1.299904332219438   3.968212499428289e-16
1.3011022597285766   3.964098555852181e-16
1.3023012911884304   3.960009880591546e-16
1.3035014276163457   3.955944243502326e-16
1.304702670030605   3.9518896330883033e-16
1.3059050194504334   3.947890142511272e-16
1.3071084768959909   3.9439203733287184e-16
1.3083130433883792   3.9399667099347787e-16
1.3095187199496399   3.9360282058757186e-16
1.31072550760276   3.932121028224475e-16
1.3119334073716653   3.9282659224471553e-16
1.3131424202812272   3.9244053961989464e-16
1.3143525473572593   3.920566009799419e-16
1.3155637896265249   3.9167700807991067e-16
1.3167761481167297   3.9130024462482207e-16
1.3179896238565278   3.9092532980791905e-16
1.3192042178755197   3.905517264230304e-16
1.3204199312042586   3.9018131969555183e-16
1.3216367648742442   3.898136950486514e-16
1.322854719917927   3.8944826124511687e-16
1.3240737973687084   3.8908459540464454e-16
1.3252939982609462   3.8872213324953885e-16
1.3265153236299465   3.883627968975378e-16
1.3277377745119718   3.8800626275101017e-16
1.328961351944238   3.8765130528222787e-16
1.3301860569649206   3.8729633499854827e-16
1.3314118906131478   3.8694668299730345e-16
1.332638853929007   3.8659826112835595e-16
1.333866947953543   3.86250230839347e-16
1.335096173728763   3.8590458121759427e-16
1.3363265322976314   3.8556173481604275e-16
1.3375580247040737   3.852202171329706e-16
1.3387906519929806   3.8488056585970446e-16
1.3400244152102028   3.845408684698411e-16
1.3412593154025554   3.8420487854417176e-16
1.342495353617817   3.8387054236087177e-16
1.343732530904736   3.835372333109326e-16
1.3449708483130234   3.8320394472991407e-16
1.3462103068933582   3.828750642049272e-16
1.3474509076973868   3.8254627317720514e-16
1.348692651777729   3.8221996487282663e-16
1.34993554018797   3.8189245294618987e-16
1.351179573982668   3.815701939948356e-16
1.3524247542173509   3.812485656884216e-16
1.3536710819485238   3.809270391175987e-16
1.3549185582336618   3.806058013344066e-16
1.3561671841312148   3.8028919718002974e-16
1.3574169607006077   3.799732615254811e-16
1.3586678890022452   3.7965719255902396e-16
1.3599199700975058   3.7934166000203256e-16
1.3611732050487466   3.7902937650209054e-16
1.362427594919303   3.7871813846401846e-16
1.3636831407734944   3.784075816406748e-16
1.3649398436766165   3.780976285253959e-16
1.3661977046949485   3.7779084708514236e-16
1.3674567248957505   3.774848091838967e-16
1.3687169053472708   3.771791165917545e-16
1.3699782471187372   3.7687370201475866e-16
1.371240751280365   3.765711405679529e-16
1.3725044189033542   3.7626916904566374e-16
1.3737692510598956   3.759687235416923e-16
1.3750352488231645   3.756673123156612e-16
1.3763024132673265   3.753693303820665e-16
1.3775707454675354   3.750719715713825e-16
1.3788402464999405   3.747743043932137e-16
1.380110917441678   3.7447755715087123e-16
1.3813827593708783   3.7418328279752495e-16
1.3826557733666645   3.738888814043092e-16
1.3839299605091577   3.7359657030997557e-16
1.3852053218794707   3.7330325524445362e-16
1.3864818585597136   3.7301252501736437e-16
1.3877595716329925   3.72722205221471e-16
1.3890384621834155   3.724322912711245e-16
1.3903185312960864   3.721426055897055e-16
1.3915997800571096   3.718559498291091e-16
1.3928822095535893   3.715687482579814e-16
1.3941658208736356   3.712822287589776e-16
1.3954506151063573   3.70995687214626e-16
1.396736593341868   3.7071304795827194e-16
1.398023756671285   3.7042920946519094e-16
1.3993121061867346   3.701455323684603e-16
1.4006016429813462   3.6985102565878997e-16
1.4018923681492572   3.6956305351636245e-16
1.4031842827856122   3.6927431132338856e-16
1.4044773879865695   3.689853692282532e-16
1.4057716848492932   3.686985745586197e-16
1.4070671744719594   3.6841306552425634e-16
1.4083638579537554   3.681263126722845e-16
1.4096617363948858   3.6783841082499494e-16
1.410960810896564   3.6755324081286987e-16
1.4122610825610211   3.672677793061246e-16
1.4135625524915008   3.6698284599609213e-16
1.414865221792269   3.666965682290488e-16
1.4161690915686045   3.6641178835005713e-16
1.4174741629268062   3.6612779082435166e-16
1.4187804369741912   3.658414471274164e-16
1.420087914819101   3.6555612906227727e-16
1.4213965975708944   3.652717372425201e-16
1.4227064863399541   3.6498779006639117e-16
1.4240175822376844   3.647021657438103e-16
1.4253298863765183   3.644160764725597e-16
1.4266433998699095   3.641323840497394e-16
1.4279581238323393   3.638470751258715e-16
1.4292740593793147   3.635607847349324e-16
1.430591207627375   3.632744694858787e-16
1.431909569694084   3.629896127187382e-16
1.4332291466980354   3.627032263817433e-16
1.4345499397588581   3.624167556665174e-16
1.4358719499972088   3.621301083479636e-16
1.4371951785347776   3.6184255840397254e-16
1.4385196264942877   3.615552248423172e-16
1.4398452949995009   3.612649818949544e-16
1.44117218517521   3.6097638052656644e-16
1.4425002981472463   3.6068681454794334e-16
1.443829635042477   3.6039590093174107e-16
1.445160196988812   3.6010394116589585e-16
1.446491985115196   3.5981225560984565e-16
1.4478250005516162   3.5951916143204634e-16
1.4491592444290995   3.5922476760755594e-16
1.4504947178797187   3.5892933494555304e-16
1.4518314220365869   3.586335396967841e-16
1.4531693580338614   3.583364438232512e-16
1.4545085270067442   3.5803719702626976e-16
1.4558489300914874   3.577371690131693e-16
1.4571905684253863   3.5743569906100854e-16
1.4585334431467851   3.5713184698720063e-16
1.4598775553950758   3.568270339601106e-16
1.461222906310705   3.565208266554965e-16
1.462569497035166   3.5621221035875794e-16
1.4639173287110048   3.559007977961619e-16
1.4652664024818196   3.555882016222472e-16
1.4666167194922666   3.5527295864687957e-16
1.4679682808880523   3.5495499409384013e-16
1.4693210878159408   3.5463488445180016e-16
1.4706751414237513   3.543120472625889e-16
1.4720304428603654   3.539864344762683e-16
1.4733869932757189   3.536578941798486e-16
1.4747447938208087   3.533261633217295e-16
1.476103845647691   3.5299170044062184e-16
1.4774641499094883   3.529768795398787e-16
1.4788257077603808   3.526994287305903e-16
1.4801885203556147   3.5226178203727195e-16
1.4815525888514984   3.516710015146505e-16
1.482917914405411   3.5120587199447717e-16
1.4842844981757932   3.5073949949880023e-16
1.4856523413221554   3.5026804609302104e-16
1.4870214450050745   3.4979247485242233e-16
1.4883918103862017   3.493175815292071e-16
1.489763438628254   3.4884213953374867e-16
1.4911363308950216   3.4836633346357333e-16
1.4925104883513656   3.478914914585206e-16
1.4938859121632253   3.474170203428483e-16
1.4952626034976095   3.4694284478748305e-16
1.4966405635226046   3.46470968007922e-16
1.498019793407371   3.4600011192869316e-16
1.499400294322152   3.4553180953426686e-16
1.5007820674382648   3.450852971616097e-16
1.5021651139281067   3.4465805472611215e-16
1.5035494349651544   3.442346562270934e-16
1.5049350317239707   3.438117654330814e-16
1.5063219053801964   3.433918181406186e-16
1.5077100571105566   3.42973286575239e-16
1.5090994880928597   3.4255705695746345e-16
1.510490199506004   3.421364843848552e-16
1.5118821925299701   3.41707143476887e-16
1.5132754683458267   3.412787908538813e-16
1.51467002813573   3.4085148449462586e-16
1.5160658730829297   3.4038899064977095e-16
1.5174630043717618   3.3991716041637694e-16
1.5188614231876554   3.394461553338522e-16
1.5202611307171299   3.3897553552208057e-16
1.521662128147803   3.3850499431325114e-16
1.5230644166683824   3.380359243987662e-16
1.5244679974686726   3.375674642962475e-16
1.525872871739573   3.370994087915322e-16
1.5272790406730856   3.3663091896990276e-16
1.5286865054623056   3.3616284145091287e-16
1.5300952673014292   3.356955366776151e-16
1.5315053273857522   3.3522707573016646e-16
1.5329166869116764   3.3475916518574893e-16
1.5343293470767008   3.3429121666811805e-16
1.535743309079429   3.3382208901359944e-16
1.537158574119573   3.3335316875590354e-16
1.538575143397946   3.3288329176810624e-16
1.5399930181164698   3.324136665525056e-16
1.5414121994781715   3.319423681444089e-16
1.5428326886871921   3.3147060266543028e-16
1.5442544869487773   3.3099747498974566e-16
1.5456775954692854   3.305243479475486e-16
1.5471020154561843   3.3004983581615297e-16
1.54852774811806   3.2957503935462104e-16
1.5499547946646068   3.2909835466109354e-16
1.5513831563066363   3.2862081837582134e-16
1.5528128342560736   3.2814247030168555e-16
1.5542438297259655   3.276641759194546e-16
1.5556761439304723   3.271848048661955e-16
1.5571097780848744   3.267056833782639e-16
1.5585447334055709   3.2622734920275396e-16
1.5599810111100862   3.2574965604335506e-16
1.5614186124170624   3.252726163564912e-16
1.562857538546266   3.247976180668262e-16
1.564297790718586   3.243231966692901e-16
1.5657393701560414   3.238523657540411e-16
1.5671822780817724   3.2338216534175717e-16
1.5686265157200479   3.229155308460748e-16
1.5700720842962637   3.2245249116233166e-16
1.5715189850369498   3.219916666067316e-16
1.572967219169761   3.2153455237650465e-16
1.5744167879234858   3.2108216907734433e-16
1.575867692528043   3.206331844914401e-16
1.5773199342144901   3.2018824270411845e-16
1.5787735142150139   3.197491304247768e-16
1.5802284337629384   3.1931574061834843e-16
1.5816846940927225   3.1888654932686284e-16
1.5831422964399675   3.184637809314899e-16
1.5846012420414093   3.1804734976455036e-16
1.5860615321349238   3.176374916999832e-16
1.587523167959527   3.1723373113646314e-16
1.5889861507553815   3.1683791874978367e-16
1.5904504817637874   3.1645000056177156e-16
1.5919161622271911   3.160696040909363e-16
1.5933831933891816   3.1569592243107276e-16
1.594851576494499   3.15331486059253e-16
1.5963213127890261   3.149759911602998e-16
1.597792403519795   3.1462958153106456e-16
1.5992648499349855   3.1429167058936343e-16
1.6007386532839325   3.1396390719259926e-16
1.6022138148171172   3.136453158303649e-16
1.6036903357861754   3.1333699761823115e-16
1.605168217443894   3.130374916271086e-16
1.6066474610442194   3.127473645943202e-16
1.6081280678422494   3.1246618865000717e-16
1.6096100390942392   3.1219476192954064e-16
1.6110933760576005   3.1193195014594653e-16
1.6125780799909086   3.116781379602846e-16
1.6140641521538939   3.114322279399069e-16
1.6155515938074487   3.1119532849506684e-16
1.6170404062136265   3.1096758026981414e-16
1.6185305906356484   3.107468666214352e-16
1.6200221483378945   3.1053453704906394e-16
1.621515080585912   3.1033047468963e-16
1.6230093886464123   3.1013503018791634e-16
1.6245050737872797   3.099456383998048e-16
1.6260021372775617   3.0976508629648526e-16
1.627500580387477   3.095922554633302e-16
1.6290004043884128   3.094257885887589e-16
1.6305016105529333   3.0926612591878985e-16
1.6320042001547708   3.0911448240285463e-16
1.6335081744688322   3.089697236322706e-16
1.6350135347711983   3.088308054936017e-16
1.6365202823391307   3.0856183684927154e-16
1.6380284184510632   3.082425852247787e-16
1.6395379443866087   3.079268614256929e-16
1.6410488614265588   3.076125781491284e-16
1.6425611708528896   3.0730116637592303e-16
1.6440748739487536   3.069930572493552e-16
1.6455899719984879   3.066862120934496e-16
1.6471064662876114   3.063836197278496e-16
1.6486243581028324   3.0608395738350434e-16
1.65014364873204   3.0578708284569287e-16
1.6516643394643105   3.0549403032664962e-16
1.653186431589913   3.0520400110641295e-16
1.6547099264003002   3.0491657613828123e-16
1.6562348251881174   3.046328101224093e-16
1.657761129247199   3.043508977796205e-16
1.6592888398725765   3.0407133213085075e-16
1.6608179583604705   3.037949073831051e-16
1.662348486008297   3.035208877107599e-16
1.663880424114667   3.032484272680059e-16
1.665413773979392   3.029788195132581e-16
1.6669485369034773   3.027103143615181e-16
1.6684847141891286   3.0244290317146165e-16
1.6700223071397498   3.021780463264867e-16
1.6715613170599506   3.019151601112709e-16
1.673101745255539   3.016523602082587e-16
1.6746435930335268   3.0139081731500517e-16
1.6761868617021298   3.0113053030699836e-16
1.6777315525707737   3.0087112175664995e-16
1.6792776669500855   3.006128044457108e-16
1.680825206151903   3.003539250509095e-16
1.6823741714892697   3.0009637477193824e-16
1.6839245642764453   2.9983931839142893e-16
1.6854763858288953   2.995821503401114e-16
1.6870296374632987   2.993238678908147e-16
1.6885843204975468   2.990665570760767e-16
1.6901404362507504   2.988084104815361e-16
1.6916979860432306   2.9854982168352415e-16
1.6932569711965268   2.9829058597221077e-16
1.6948173930333952   2.9803041965553314e-16
1.6963792528778154   2.9776940009837713e-16
1.6979425520549825   2.975073349850747e-16
1.6995072918913139   2.9724413152701977e-16
1.7010734737144486   2.9697935041395073e-16
1.7026410988532537   2.967134093567181e-16
1.7042101686378153   2.9644582262817296e-16
1.7057806843994479   2.961773890502153e-16
1.7073526474706904   2.9590771927424075e-16
1.7089260591853155   2.9563708265076423e-16
1.7105009208783193   2.953656210182526e-16
1.71207723388593   2.950933273740503e-16
1.7136549995456059   2.948203406145774e-16
1.7152342191960426   2.945468268225998e-16
1.7168148941771642   2.942726365133927e-16
1.7183970258301318   2.9399817217065844e-16
1.7199806154973398   2.937234156799738e-16
1.7215656645224258   2.9344833007843483e-16
1.72315217425026   2.931734407538507e-16
1.7247401460269538   2.9289833596249944e-16
1.7263295811998574   2.9262340106279067e-16
1.7279204811175677   2.923486626133172e-16
1.7295128471299193   2.9207424445555483e-16
1.7311066805879924   2.918002700890412e-16
1.7327019828441108   2.9152669687879154e-16
1.7342987552518496   2.912538380979923e-16
1.735896999166026   2.909816187106998e-16
1.7374967159427073   2.9071029538134975e-16
1.7390979069392092   2.9043977531158086e-16
1.7407005735141032   2.9017031575373764e-16
1.7423047170272075   2.8990165434036653e-16
1.7439103388395953   2.8963463603650016e-16
1.7455174403135925   2.893691254130215e-16
1.7471260228127852   2.8910526992185814e-16
1.7487360877020113   2.8884236188629086e-16
1.750347636347368   2.8858078478365046e-16
1.7519606701162103   2.883219971302882e-16
1.7535751903771573   2.880641705095638e-16
1.7551911985000852   2.8780751123973144e-16
1.756808695856134   2.8755362496769895e-16
1.7584276838177055   2.873013852798356e-16
1.7600481637584713   2.8705035963166357e-16
1.761670137053364   2.8680040042461185e-16
1.7632936050785848   2.865530134141062e-16
1.7649185692116016   2.8630706292355643e-16
1.7665450308311565   2.860631024904004e-16
1.7681729913172577   2.8582033340215017e-16
1.7698024520511841   2.85579011739648e-16
1.771433414415494   2.8533925864335636e-16
1.7730658797940135   2.8510169982291905e-16
1.7746998495718462   2.8486505984552366e-16
1.7763353251353704   2.846302257500998e-16
1.7779723078722471   2.843969425354572e-16
1.779610799171411   2.841657245851997e-16
1.7812508004230783   2.8393543700573187e-16
1.7828923130187448   2.837066811330586e-16
1.7845353383511942   2.8348002612309424e-16
1.7861798778144875   2.832543714555287e-16
1.7878259328039732   2.8303049845767955e-16
1.7894735047162833   2.8280816682998995e-16
1.7911225949493426   2.825872914432081e-16
1.7927732049023584   2.823672869340425e-16
1.7944253359758293   2.8214949252992993e-16
1.796078989571543   2.8193310172746986e-16
1.7977341670925842   2.817182540759575e-16
1.7993908699433252   2.8150421042982415e-16
1.8010490995294346   2.8129241166035474e-16
1.8027088572578742   2.810820946865848e-16
1.8043701445369082   2.8087265011744727e-16
1.8060329627760925   2.8066414011917697e-16
1.8076973133862846   2.8045714610943593e-16
1.8093631977796398   2.802510997976702e-16
1.8110306173696202   2.80047093244564e-16
1.8126995735709859   2.7984331654011984e-16
1.8143700677998011   2.796403530902551e-16
1.8160421014734345   2.794382747076546e-16
1.8177156760105657   2.7923653432011146e-16
1.8193907928311766   2.7903669450651026e-16
1.821067453356559   2.7883647286164086e-16
1.8227456590093134   2.786370920488974e-16
1.8244254112133562   2.7843837890084094e-16
1.8261067113939107   2.7823992186148053e-16
1.8277895609775154   2.780421985208514e-16
1.8294739613920217   2.778441110948933e-16
1.8311599140666024   2.7764698694621076e-16
1.8328474204317418   2.774499230415111e-16
1.8345364819192438   2.7725291133348415e-16
1.8362270999622308   2.770556901001922e-16
1.8379192759951508   2.76857987306008e-16
1.8396130114537685   2.7666088539189932e-16
1.8413083077751735   2.7646327067991375e-16
1.8430051663977776   2.762650910390779e-16
1.8447035887613241   2.760674264015238e-16
1.8464035763068776   2.7586806870827413e-16
1.8481051304768321   2.756692167800537e-16
1.8498082527149096   2.754697262055216e-16
1.8515129444661675   2.7526945301547656e-16
1.8532192071769897   2.7506749950585487e-16
1.854927042295095   2.7486589292259414e-16
1.8566364512695341   2.7466366462086644e-16
1.8583474355506988   2.744596479300632e-16
1.860059996590312   2.742548208722804e-16
1.8617741358414364   2.7404937335653186e-16
1.8634898547584715   2.7384315847366277e-16
1.8652071547971631   2.736351675351044e-16
1.866926037414593   2.7342640743111207e-16
1.8686465040691873   2.732166735036468e-16
1.8703685562207144   2.7300490086270495e-16
1.8720921953302936   2.727923137225858e-16
1.873817422860385   2.7257794192914446e-16
1.8755442402747982   2.7236276404015364e-16
1.8772726490386902   2.7214520517265273e-16
1.8790026506185737   2.7192695440815565e-16
1.8807342464823074   2.717068448509206e-16
1.882467438099104   2.7148486089558924e-16
1.8842022269395287   2.7126033869034484e-16
1.885938614475508   2.7103504488981646e-16
1.8876766021803182   2.7080682255190225e-16
1.889416191528596   2.705779133648413e-16
1.8911573839963352   2.7034649661681824e-16
1.8929001810608943   2.7011288562694236e-16
1.8946445842009891   2.6987666592900034e-16
1.8963905948966973   2.6963852361481537e-16
1.8981382146294663   2.693987116886309e-16
1.899887444882103   2.69156098552431e-16
1.9016382871387834   2.689117673461491e-16
1.903390742885048   2.686645224071833e-16
1.9051448136078133   2.6841490027238116e-16
1.9069005007953597   2.68163329796735e-16
1.9086578059373411   2.679087648160324e-16
1.9104167305247823   2.6765146161692973e-16
1.912177276050088   2.67392843175209e-16
1.9139394440070323   2.6713156278726023e-16
1.915703235890768   2.6686743423225405e-16
1.9174686531978238   2.6660133059654736e-16
1.919235697426113   2.6633225709553516e-16
1.9210043700749244   2.6606149804960024e-16
1.922774672644929   2.657873346138986e-16
1.9245466066381802   2.6551182975080753e-16
1.9263201735581204   2.652334945492029e-16
1.9280953749095722   2.64952545438911e-16
1.9298722121987468   2.646688788227755e-16
1.9316506869332417   2.6438320926757266e-16
1.933430800622049   2.6409534876518123e-16
1.9352125547755465   2.638048912251425e-16
1.9369959509055048   2.6351168232115346e-16
1.9387809905250863   2.632164422800225e-16
1.9405676751488536   2.6291860362359943e-16
1.9423560062927594   2.6261767997072423e-16
1.9441459854741552   2.6231532141996254e-16
1.9459376142117886   2.6201057797780485e-16
1.947730894025813   2.617030305579421e-16
1.9495258264377766   2.6139275019287865e-16
1.9513224129706321   2.6108029338405087e-16
1.9531206551487337   2.60765650577239e-16
1.9549205544978456   2.6044991539548273e-16
1.956722112545133   2.601347064622135e-16
1.95852533081917   2.59818298740732e-16
1.960330210849937   2.5950397417120513e-16
1.9621367541688313   2.591906818794698e-16
1.9639449623086547   2.5887978859127524e-16
1.9657548368036237   2.5857303566690294e-16
1.9675663791893672   2.582689382268201e-16
1.9693795910029341   2.579704445400515e-16
1.9711944737827851   2.576768223086609e-16
1.9730110290687997   2.573894274414042e-16
1.9748292584022749   2.5710896159672314e-16
1.976649163325934   2.568354669064542e-16
1.978470745383916   2.5657107315461463e-16
1.980294006121785   2.563150333117472e-16
1.9821189470865272   2.56069022616378e-16
1.9839455698265607   2.558332676432652e-16
1.985773875891724   2.5560898587593e-16
1.9876038668332867   2.5539642861788426e-16
1.9894355442039453   2.551965686806068e-16
1.9912689095578333   2.550098229375342e-16
1.9931039644505109   2.5483780738033923e-16
1.994940710438973   2.546808439383089e-16
1.996779149081648   2.545392706815499e-16
1.9986192819384063   2.5441406309002224e-16
2.0004611105705496   2.5427342975710224e-16
2.002304636540821   2.5403930826239537e-16
2.0041498614134006   2.5380540237646026e-16
2.0059967867539172   2.5357171190054217e-16
2.007845414129436   2.533382366360715e-16
2.009695745108468   2.5310497638466226e-16
2.011547781260968   2.528719309481123e-16
2.0134015241583434   2.5263910012840275e-16
2.015256975373444   2.524064837276983e-16
2.0171141364805707   2.521740815483472e-16
2.0189730090554736   2.519418933928807e-16
2.02083359467536   2.5170991906401226e-16
2.0226958949188867   2.5147815836463877e-16
2.0245599113661648   2.512466110978396e-16
2.0264256455987613   2.510152770668764e-16
2.028293099199706   2.5078415607519266e-16
2.0301622737534815   2.505532479264144e-16
2.0320331708460313   2.5032255242434955e-16
2.0339057920647656   2.500920693729871e-16
2.0357801389985517   2.4986179857649803e-16
2.0376562132377236   2.4963173983923464e-16
2.039534016374078   2.4940189296573063e-16
2.0414135500008848   2.4917225776069984e-16
2.0432948157128767   2.489428340290378e-16
2.0451778151062583   2.4871362157582035e-16
2.0470625497787016   2.484846202063041e-16
2.048949021329358   2.482558297259253e-16
2.050837231358847   2.4802724994030084e-16
2.052727181469265   2.477988806552276e-16
2.0546188732641815   2.4757072167668245e-16
2.0565123083486516   2.4734277281082104e-16
2.058407488329202   2.471150338639794e-16
2.0603044148138427   2.468875046426724e-16
2.062203089412064   2.466601849535944e-16
2.0641035137348442   2.4643307460361794e-16
2.0660056893946415   2.462061733997951e-16
2.0679096180054013   2.4597948114935634e-16
2.0698153011825537   2.457529976597108e-16
2.0717227405430254   2.45526722738445e-16
2.0736319377052252   2.4530065619332463e-16
2.0755428942890566   2.450747978322928e-16
2.077455611915913   2.448491474634708e-16
2.079370092208689   2.4462370489515663e-16
2.0812863367917687   2.4439846993582653e-16
2.083204347291034   2.4417344239413383e-16
2.085124125333864   2.439486220789091e-16
2.0870456725491437   2.4372400879915926e-16
2.0889689905672526   2.434996023640686e-16
2.0908940810200747   2.4327540258299775e-16
2.0928209455409967   2.43051409265484e-16
2.094749585764916   2.4282762222124035e-16
2.0966800033282302   2.426040412601564e-16
2.0986121998688474   2.423806661922976e-16
2.100546177026183   2.421574968279054e-16
2.10248193644117   2.4193453297739593e-16
2.104419479756246   2.417117744513618e-16
2.106358808615365   2.4148922106057034e-16
2.1082999246639944   2.4126687261596447e-16
2.110242829549124   2.4104472892866107e-16
2.1121875249192543   2.408227898099528e-16
2.114134012424408   2.4060105507130643e-16
2.1160822937161257   2.403795245243636e-16
2.118032370447477   2.4015819798093947e-16
2.1199842442730477   2.399370752530239e-16
2.1219379168489514   2.397161561527806e-16
2.1238933898328245   2.394954404925472e-16
2.125850664883839   2.392749280848344e-16
2.127809743662688   2.3905461874232696e-16
2.129770627831598   2.3883451227788266e-16
2.1317333190543253   2.3861460850453267e-16
2.1336978189961653   2.383949072354804e-16
2.135664129323942   2.3817540828410303e-16
2.1376322517060173   2.3795611146394976e-16
2.139602187812289   2.3773701658874273e-16
2.1415739393141995   2.3751812347237555e-16
2.1435475078847253   2.372994319289149e-16
2.1455228951983876   2.37080941772599e-16
2.1475001029312475   2.368626528178383e-16
2.1494791327609173   2.36644564879214e-16
2.1514599863665493   2.3642667777147986e-16
2.153442665428846   2.362089913095604e-16
2.155427171630054   2.359915053085517e-16
2.15741350665398   2.3577421958372023e-16
2.159401672185974   2.355571339505039e-16
2.161391669912941   2.353402482245111e-16
2.1633835015233402   2.351235622215211e-16
2.165377168707191   2.3490707575748277e-16
2.1673726731560654   2.3469078864851583e-16
2.169370016563096   2.3447470071091e-16
2.1713692006229737   2.342588117611249e-16
2.1733702270319566   2.340431216157895e-16
2.1753730974878613   2.338276300917027e-16
2.177377813690067   2.336123370058331e-16
2.1793843773395274   2.3339724217531763e-16
2.181392790138756   2.3318234541746326e-16
2.1834030537918374   2.329676465497455e-16
2.185415170004425   2.3275314538980887e-16
2.1874291404837507   2.325388417554659e-16
2.1894449669386122   2.323247354646982e-16
2.191462651079385   2.321108263356556e-16
2.193482194618018   2.318971141866561e-16
2.1955035992680454   2.316835988361851e-16
2.1975268667445724   2.3147028010289664e-16
2.1995519987642878   2.31257157805612e-16
2.2015789970454605   2.310442317633204e-16
2.203607863307949   2.3083150179517745e-16
2.20563859927319   2.306189677205069e-16
2.2076712066642097   2.304066293587994e-16
2.2097056872056187   2.301944865297123e-16
2.2117420426236243   2.299825390530694e-16
2.2137802746460173   2.2977078674886167e-16
2.2158203850021843   2.2955922943724597e-16
2.2178623754231017   2.293478669385462e-16
2.2199062476413496   2.291366990732511e-16
2.2219520033910958   2.289257256620165e-16
2.223999644408111   2.287149465256635e-16
2.226049172429761   2.285043614851792e-16
2.228100589195021   2.2829397036171544e-16
2.230153896444461   2.280837729765902e-16
2.232209095920258   2.2787376915128615e-16
2.234266189366192   2.276639587074514e-16
2.236325178527656   2.2745434146689833e-16
2.238386065151646   2.2724491725160444e-16
2.2404488509867693   2.2703568588371174e-16
2.242513537783243   2.268266471855267e-16
2.244580127292903   2.2661780097951954e-16
2.246648621269194   2.2640914708832517e-16
2.2487190214671773   2.262006853347422e-16
2.250791329643531   2.2599241554173323e-16
2.252865547556558   2.2578433753242386e-16
2.2549416769661748   2.2557645113010385e-16
2.2570197196339215   2.2536875615822587e-16
2.2590996773229604   2.251612524404063e-16
2.261181551798085   2.2495393980042353e-16
2.263265344825708   2.247468180622197e-16
2.2653510581738727   2.2453988704989945e-16
2.2674386936122484   2.2433314658773005e-16
2.269528252912144   2.2412659650014057e-16
2.271619737846492   2.23920236611723e-16
2.2737131501898626   2.237140667472312e-16
2.2758084917184576   2.235080867315812e-16
2.2779057642101233   2.2330229638985013e-16
2.2800049694443376   2.230966955472776e-16
2.28210610920222   2.2289128402926433e-16
2.2842091852665303   2.226860616613724e-16
2.2863141994216765   2.224810282693249e-16
2.2884211534537053   2.2227618367900625e-16
2.2905300491503113   2.220715277164616e-16
2.2926408883008342   2.2186706020789712e-16
2.2947536726962694   2.2166278097967894e-16
2.2968684041292557   2.2145868985833416e-16
2.2989850843940873   2.2125478667055005e-16
2.3011037152867084   2.2105107124317418e-16
2.303224298604726   2.2084754340321347e-16
2.305346836147396   2.2064420297783527e-16
2.3074713297156353   2.2044104979436652e-16
2.3095977811120183   2.2023808368029372e-16
2.3117261921407866   2.200353044632624e-16
2.3138565646078386   2.1983271197107766e-16
2.3159889003207383   2.1963030603170367e-16
2.318123201088714   2.1942808647326363e-16
2.320259468722668   2.1922605312403898e-16
2.322397705035164   2.1902420581247037e-16
2.3245379118404386   2.1882254436715686e-16
2.3266800909543983   2.1862106861685583e-16
2.3288242441946303   2.1841977839048246e-16
2.3309703733803886   2.1821867351711055e-16
2.3331184803326073   2.1801775382597135e-16
2.335268566873895   2.178170191464546e-16
2.337420634828549   2.1761646930810634e-16
2.3395746860225386   2.1741610414063123e-16
2.3417307222835166   2.17215923473891e-16
2.343888745440828   2.1701592713790394e-16
2.346048757325495   2.1681611496284603e-16
2.3482107597702306   2.1661648677904986e-16
2.350374754609434   2.1641704241700504e-16
2.352540743679202   2.162177817073569e-16
2.354708728817317   2.160187044809081e-16
2.3568787118632564   2.1581981056861726e-16
2.3590506946581904   2.1562109980159928e-16
2.3612246790449944   2.154225720111245e-16
2.3634006668682335   2.152242270286197e-16
2.3655786599741755   2.1502606468566714e-16
2.3677586602107876   2.1482808481400487e-16
2.3699406694277467   2.1463028724552567e-16
2.372124689476427   2.144326718122784e-16
2.3743107222099122   2.1423523834646646e-16
2.3764987694829904   2.1403798668044875e-16
2.378688833152166   2.1384091664673821e-16
2.3808809150756476   2.1364402807800321e-16
2.383075017113359   2.134473208070662e-16
2.3852711411269345   2.132507946669046e-16
2.3874692889797324   2.1305444949064917e-16
2.3896694625368196   2.128582851115855e-16
2.3918716636649857   2.1266230136315282e-16
2.3940758942327367   2.1246649807894462e-16
2.3962821561103094   2.1227087509270722e-16
2.3984904511696556   2.1207543223834105e-16
2.4007007812844545   2.118801693499001e-16
2.402913148330111   2.116850862615913e-16
2.405127554183764   2.114901828077744e-16
2.407344000724276   2.1129545882296266e-16
2.4095624898322425   2.1110091414182177e-16
2.4117830233899906   2.1090654859917062e-16
2.414005603281589   2.107123620299796e-16
2.416230231392835   2.1051835426937248e-16
2.4184569096112667   2.1032452515262492e-16
2.420685639826159   2.1013087451516477e-16
2.422916423928535   2.0993740219257138e-16
2.425149263811153   2.097441080205765e-16
2.427384161368519   2.0955099183506324e-16
2.4296211184968817   2.0935805347206667e-16
2.4318601370942443   2.091652927677724e-16
2.4341012190603526   2.0897270955851797e-16
2.436344366296705   2.0878030368079193e-16
2.4385895807065494   2.0858807497123392e-16
2.4408368641948965   2.0839602326663376e-16
2.4430862186685034   2.0820414840393264e-16
2.4453376460358878   2.0801245022022206e-16
2.447591148207324   2.0782092855274412e-16
2.449846727094853   2.0762958323889055e-16
2.4521043846122716   2.074384141162039e-16
2.4543641226751425   2.0724742102237634e-16
2.45662594320079   2.0705660379525032e-16
2.4588898481083143   2.0686596227281721e-16
2.4611558393185766   2.0667549629321854e-16
2.4634239187542093   2.0648520569474517e-16
2.4656940883396157   2.062950903158374e-16
2.4679663500009794   2.06105149995084e-16
2.470240705666251   2.059153845712235e-16
2.4725171572651616   2.0572579388314294e-16
2.4747957067292172   2.055363777698784e-16
2.4770763559917115   2.0534713607061394e-16
2.479359106987712   2.0515806862468258e-16
2.481643961654073   2.049691752715656e-16
2.4839309219294297   2.047804558508924e-16
2.4862199897542125   2.0459191020244014e-16
2.4885111670706324   2.044035381661343e-16
2.490804455822692   2.0421533958204793e-16
2.493099857956184   2.040273142904019e-16
2.4953973754187007   2.03839462131564e-16
2.4976970101596225   2.0365178294604983e-16
2.4999987641301282   2.0346427657452227e-16
2.5023026392831924   2.032769428577913e-16
2.504608637573597   2.0308978163681316e-16
2.506916760957918   2.0290279275269176e-16
2.509227011394534   2.027159760466773e-16
2.511539390843636   2.0252933136016618e-16
2.5138539012672148   2.0234285853470177e-16
2.5161705446290705   2.0215655741197327e-16
2.518489322894811   2.0197042783381648e-16
2.520810238031863   2.0178446964221246e-16
2.5231332920094593   2.015986826792887e-16
2.525458486798649   2.0141306678731815e-16
2.5277858243722955   2.0122762180871969e-16
2.5301153067050888   2.0104234758605672e-16
2.5324469357735295   2.00857243962039e-16
2.5347807135559433   2.0067231077952083e-16
2.5371166420324758   2.0048754788150213e-16
2.5394547231851057   2.003029551111267e-16
2.54179495899763   1.98700326757947e-16
2.5441373514556767   1.97793751629052e-16
2.5464819025467014   1.970840500532821e-16
2.548828614259998   1.9646847187606631e-16
2.5511774885866867   1.9591131733052151e-16
2.5535285275197253   1.9539510076435388e-16
2.555881733053905   1.9490969950876221e-16
2.5582371071858634   1.944486249398399e-16
2.5605946519140703   1.940074195814237e-16
2.56295436923884   1.9358286312627395e-16
2.565316261162327   1.9317253809024533e-16
2.5676803296885393   1.9277457397615618e-16
2.570046576823324   1.9238748768440804e-16
2.572415004574378   1.9201007928329248e-16
2.574785614951248   1.9164136132364526e-16
2.5771584099653384   1.912805093704855e-16
2.5795333916299   1.909268264467027e-16
2.581910561960042   1.9057971688316588e-16
2.5842899229727276   1.9023866669945513e-16
2.586671476686787   1.8990322862447433e-16
2.589055225122902   1.895730104812444e-16
2.5914411703036206   1.8924766605523586e-16
2.593829314253351   1.8892688782586812e-16
2.5962196589983746   1.8861040111611103e-16
2.598612206566833   1.882979593356427e-16
2.6010069589887403   1.8798934007734714e-16
2.6034039182959767   1.876843418869618e-16
2.6058030865223043   1.8738278156901685e-16
2.6082044657033503   1.8708449192395612e-16
2.6106080578766218   1.867893198348492e-16
2.6130138650815002   1.8649712463976948e-16
2.615421889359254   1.8620777673928782e-16
2.6178321327530254   1.859211563987921e-16
2.6202445973078423   1.8563715271325384e-16
2.6226592850706134   1.8535566270825162e-16
2.625076198090143   1.8507659055590721e-16
2.627495338417115   1.847998468882448e-16
2.629916708104105   1.8452534819353822e-16
2.632340309205579   1.842530162836837e-16
2.6347661437779033   1.839827778226196e-16
2.637194213879331   1.837145639074359e-16
2.639624521570016   1.8344830969513086e-16
2.642057068912006   1.831839540690674e-16
2.6444918579692596   1.8292143934007e-16
2.6469288908076267   1.8266071097785814e-16
2.6493681694948656   1.8240171736911937e-16
2.6518096961006368   1.821444095990569e-16
2.654253472696516   1.8188874125367677e-16
2.6566995013559795   1.8163466824045243e-16
2.6591477841544187   1.8138214862531194e-16
2.6615983231691334   1.8113114248416499e-16
2.664051120479346   1.8088161176740738e-16
2.6665061781661876   1.8063352017604308e-16
2.668963498312709   1.8038683304821951e-16
2.6714230830038788   1.8014151725512629e-16
2.6738849343265945   1.7989754110532345e-16
2.6763490543696693   1.7965487425668083e-16
2.678815445223843   1.7941348763519385e-16
2.68128410898178   1.7917335336003122e-16
2.6837550477380816   1.7893444467423577e-16
2.6862282635892716   1.7869673588056628e-16
2.688703758633804   1.7846020228201688e-16
2.691181534972077   1.78224820126602e-16
2.6936615947064153   1.7799056655604202e-16
2.6961439399410834   1.7775741955801055e-16
2.6986285727822823   1.7752535792164778e-16
2.701115495338163   1.7729436119606844e-16
2.7036047097188103   1.7706440965162325e-16
2.706096218036256   1.7683548424368812e-16
2.7085900224044774   1.7660756657878514e-16
2.7110861249394054   1.763806388828514e-16
2.7135845277589143   1.761546839714936e-16
2.716085232982833   1.7592968522207323e-16
2.71858824273294   1.7570562654749083e-16
2.721093559132979   1.754824923715389e-16
2.7236011843086407   1.7526026760571573e-16
2.7261111203875794   1.7503893762738866e-16
2.7286233694994055   1.748184882592165e-16
2.731137933775702   1.7459890574973897e-16
2.7336548153500067   1.7438017675505757e-16
2.736174016357827   1.7416228832152873e-16
2.738695538936635   1.7394522786940376e-16
2.741219385225882   1.7372898317735145e-16
2.7437455573669807   1.735135423678083e-16
2.7462740575033213   1.732988938930981e-16
2.748804887780267   1.7308502652227544e-16
2.7513380503451645   1.7287192932864494e-16
2.7538735473473333   1.726595916779165e-16
2.7564113809380744   1.724480032169542e-16
2.7589515532706703   1.7223715386308465e-16
2.7614940665003944   1.7202703379392976e-16
2.7640389227844997   1.7181763343773447e-16
2.7665861242822283   1.7160894346415762e-16
2.769135673154811   1.7140095477550072e-16
2.7716875715654776   1.7119365849834788e-16
2.774241821679443   1.7098704597559632e-16
2.7767984256639213   1.7078110875885063e-16
2.77935738568812   1.7057583860116489e-16
2.7819187039232545   1.703712274501098e-16
2.7844823825425316   1.7016726744115104e-16
2.7870484237211657   1.6996395089131706e-16
2.789616829636371   1.6976127029314514e-16
2.7921876024673775   1.6955921830888698e-16
2.794760744395415   1.6935778776496485e-16
2.7973362576037264   1.6915697164666032e-16
2.799914144277563   1.6895676309302678e-16
2.802494406604199   1.6875715539201227e-16
2.805077046772915   1.68558141975785e-16
2.8076620669750136   1.683597164162469e-16
2.810249469403813   1.6816187242073022e-16
2.81283925625466   1.6796460382786445e-16
2.8154314297249177   1.6776790460360885e-16
2.8180259920139767   1.675717688374393e-16
2.8206229453232514   1.6737619073868444e-16
2.8232222918561933   1.6718116463300142e-16
2.8258240338182756   1.6698668495898886e-16
2.8284281734170076   1.6679274626492578e-16
2.83103471286193   1.665993432056344e-16
2.8336436543646277   1.664064705394578e-16
2.8362550001387157   1.662141231253519e-16
2.838868752399851   1.6602229592008118e-16
2.8414849133657305   1.6583098397551758e-16
2.844103485256103   1.6564018243603507e-16
2.8467244702927545   1.6544988653599926e-16
2.849347870699521   1.6526009159734387e-16
2.851973688702285   1.6507079302723316e-16
2.8546019265289893   1.648819863158044e-16
2.857232586409621   1.6469366703399048e-16
2.8598656705762258   1.64505830831415e-16
2.8625011812629015   1.6431847343435952e-16
2.865139120705816   1.6413159064379883e-16
2.867779491143187   1.6394517833350327e-16
2.8704222948152993   1.637592324482021e-16
2.8730675339644987   1.6357374900180852e-16
2.8757152108352053   1.6338872407570175e-16
2.878365327673901   1.632041538170658e-16
2.881017886729136   1.63020034437281e-16
2.883672890251542   1.6283636221036608e-16
2.886330340493816   1.6265313347147152e-16
2.888990239710734   1.624703446154184e-16
2.8916525901591474   1.6228799209528397e-16
2.894317394097995   1.6210607242102977e-16
2.89698465378829   1.6192458215817374e-16
2.899654371493131   1.6174351792650144e-16
2.9023265494776993   1.6156287639881684e-16
2.9050011900092736   1.6138265429972964e-16
2.907678295357212   1.6120284840448145e-16
2.9103578677929667   1.610234555378038e-16
2.913039909590082   1.6084447257281166e-16
2.915724423024204   1.6066589642992781e-16
2.918411410373069   1.6048772407584086e-16
2.921100873916514   1.6030995252249057e-16
2.9237928159364737   1.6013257882608426e-16
2.9264872387169967   1.599556000861395e-16
2.9291841445442253   1.5977901344455595e-16
2.9318835357064126   1.5960281608471139e-16
2.9345854144939176   1.5942700523058402e-16
2.9372897831992186   1.5925157814589805e-16
2.9399966441168974   1.5907653213329436e-16
2.942705999543654   1.5890186453352257e-16
2.945417851778301   1.587275727246556e-16
2.9481322031217796   1.5855365412132436e-16
2.950849055877142   1.5838010617397546e-16
2.9535684123495645   1.5820692636814582e-16
2.956290274846346   1.5803411222375869e-16
2.959014645676922   1.5786166129443593e-16
2.9617415271528444   1.5768957116683124e-16
2.9644709215878002   1.5751783945997823e-16
2.9672028312976053   1.5734646382465625e-16
2.969937258600218   1.5717544194277218e-16
2.972674205815725   1.570047715267588e-16
2.9754136752663523   1.5683445031898778e-16
2.978155669276465   1.56664476091197e-16
2.9809001901725773   1.5649484664393307e-16
2.9836472402833403   1.5632555980600752e-16
2.9863968219395525   1.5615661343396625e-16
2.9891489374741576   1.5598800541157216e-16
2.991903589222259   1.5581973364929987e-16
2.9946607795211024   1.5565179608384402e-16
2.9974205107100906   1.5548419067763825e-16
3.0001827851307796   1.5531691541838642e-16
3.002947605126891   1.5514996831860404e-16
3.005714973044299   1.5498334741517248e-16
3.008484891231041   1.5481705076890162e-16
3.011257362037317   1.546510764641044e-16
3.0140323878155   1.5448542260817978e-16
3.0168099709201233   1.5432008733120696e-16
3.019590113707892   1.5415506878554827e-16
3.02237281853768   1.5399036514546075e-16
3.0251580877705457   1.538259746067167e-16
3.027945923769712   1.5366189538623426e-16
3.030736328900584   1.534981257217142e-16
3.0335293055307435   1.5333466387128647e-16
3.036324856029963   1.5317150811316344e-16
3.0391229827701896   1.5300865674530243e-16
3.0419236881255602   1.5284610808507394e-16
3.0447269744723946   1.526838604689387e-16
3.0475328441892144   1.5252191225212988e-16
3.0503412996567216   1.52360261808345e-16
3.0531523432578163   1.5219890752944173e-16
3.055965977377591   1.520378478251422e-16
3.0587822044033457   1.5187708112274187e-16
3.061601026724572   1.5171660586682674e-16
3.064422446732965   1.515564205189948e-16
3.0672464668224215   1.5139652355758437e-16
3.070073089389054   1.512369134774068e-16
3.0729023168311738   1.5107758878948705e-16
3.075734151549305   1.5091854802080734e-16
3.0785685959461806   1.5075978971405771e-16
3.0814056524267586   1.5060131242739012e-16
3.084245323398202   1.5044311473417968e-16
3.087087611269894   1.5028519522278896e-16
3.089932518453446   1.5012755249633747e-16
3.092780047362683   1.4997018517247676e-16
3.0956302004136584   1.4981309188316863e-16
3.0984829800246474   1.4965627127446904e-16
3.1013383886161643   1.4949972200631479e-16
3.1041964286109445   1.4934344275231637e-16
3.107057102433959   1.4918743219955324e-16
3.10992041251241   1.4903168904837403e-16
3.1127863612757465   1.4887621201219985e-16
3.1156549511556473   1.4872099981733245e-16
3.1185261845860346   1.4856605120276536e-16
3.12140006400307   1.4841136491999898e-16
3.1242765918451707   1.4825693973285827e-16
3.127155770552991   1.481027744173159e-16
3.130037602569437   1.479488677613168e-16
3.132922090339664   1.477952185646071e-16
3.13580923631109   1.4764182563856526e-16
3.1386990429333776   1.4748868780603821e-16
3.1415915126584513   1.4733580390117847e-16
3.144486647940492   1.4718317276928578e-16
3.147384451235951   1.4703079326665026e-16
3.1502849250035347   1.4687866426040023e-16
3.153188071704218   1.467267846283513e-16
3.1560938938012404   1.46575153258859e-16
3.159002393760121   1.464237690506731e-16
3.1619135740486417   1.4627263091279653e-16
3.164827437136862   1.4612173776434443e-16
3.167743985497114   1.4597108853440785e-16
3.1706632216040176   1.458206821619177e-16
3.1735851479344643   1.4567051759551352e-16
3.176509766967631   1.4552059379341275e-16
3.1794370811849757   1.4537090972328317e-16
3.1823670930702534   1.452214643621165e-16
3.1852998051094983   1.4507225669610624e-16
3.1882352197910384   1.4492328572052573e-16
3.191173339605492   1.44774550439609e-16
3.194114167045783   1.4462604986643317e-16
3.1970577046071207   1.444777830228047e-16
3.2000039547870194   1.4432974893914483e-16
3.2029529200852904   1.4418194665437937e-16
3.20590460300406   1.440343752158282e-16
3.2088590060477484   1.43887033679099e-16
3.211816131723088   1.4373992110798099e-16
3.2147759825391193   1.43593036574341e-16
3.217738561007203   1.4344637915802076e-16
3.220703869641005   1.4329994794673754e-16
3.223671910956511   1.431537420359843e-16
3.2266426874720215   1.4300776052893315e-16
3.229616201708169   1.428620025363387e-16
3.232592456187897   1.4271646717644525e-16
3.2355714534364792   1.4257115357489335e-16
3.238553195981512   1.424260608646293e-16
3.241537686352931   1.4228118818581482e-16
3.2445249270829946   1.421365346857396e-16
3.2475149207062968   1.4199209951873443e-16
3.2505076697597644   1.418478818460858e-16
3.253503176782672   1.417038808359513e-16
3.2565014443166245   1.4156009566327798e-16
3.2595024749055725   1.414165255097203e-16
3.2625062710958077   1.4127316956356026e-16
3.2655128354359775   1.4113002701962807e-16
3.2685221704770684   1.409870970792254e-16
3.271534278772422   1.4084437895004824e-16
3.2745491628777286   1.4070187184611214e-16
3.2775668253510433   1.4055957498767741e-16
3.2805872687527704   1.4041748760117706e-16
3.2836104956456746   1.4027560891914448e-16
3.2866365085948814   1.4013393818014274e-16
3.289665310167889   1.3999247462869457e-16
3.292696902934551   1.3985121751521483e-16
3.2957312894670943   1.397101660959416e-16
3.298768472340111   1.3956931963287068e-16
3.3018084541305774   1.39428677393689e-16
3.304851237417834   1.39288238651711e-16
3.3078968247836014   1.391480026858144e-16
3.3109452188119763   1.3900796878037779e-16
3.313996422089447   1.388681362252182e-16
3.3170504372048746   1.3872850431553121e-16
3.3201072667495066   1.3858907235183054e-16
3.3231669133169888   1.3844983963988817e-16
3.3262293795033466   1.3831080549067735e-16
3.329294667907001   1.3817196922031463e-16
3.332362781128764   1.3803333015000307e-16
3.335433721771856   1.3789488760597643e-16
3.338507492441885   1.3775664091944463e-16
3.341584095746863   1.3761858942653948e-16
3.3446635342972035   1.3748073246826093e-16
3.3477458107057347   1.373430693904244e-16
3.3508309275876833   1.3720559954360918e-16
3.3539188875606887   1.3706832228310711e-16
3.3570096932447995   1.3693123696887227e-16
3.3601033472624895   1.3679434296547037e-16
3.363199852238638   1.3665763964203089e-16
3.366299210800548   1.3652112637219783e-16
3.3694014255779385   1.3638480253408247e-16
3.372506499202964   1.3624866751021561e-16
3.375614434310193   1.36112720687502e-16
3.3787252335366267   1.3597696145717393e-16
3.3818388995216915   1.3584138921474656e-16
3.384955434907257   1.3570600335997252e-16
3.3880748423376184   1.3557080329679897e-16
3.391197124459509   1.3543578843332368e-16
3.394322283922099   1.353009581817524e-16
3.3974503233770106   1.351663119583563e-16
3.400581245478298   1.3503184918343096e-16
3.403715052882466   1.348975692812549e-16
3.4068517482484637   1.347634716800493e-16
3.4099913342377   1.346295558119373e-16
3.4131338135140274   1.3449582111290545e-16
3.416279188743756   1.3436226702276426e-16
3.4194274625956496   1.3422889298511e-16
3.422578637740942   1.3409569844728613e-16
3.4257327168533176   1.3396268286034683e-16
3.4288897026089296   1.3382984567901927e-16
3.4320495976863925   1.3369718636166762e-16
3.4352124047668005   1.3356470437025642e-16
3.438378126533708   1.3343239917031576e-16
3.441546765673146   1.3330027023090577e-16
3.444718324873617   1.331683170245822e-16
3.4478928068261117   1.330365390273616e-16
3.45107021422409   1.3290493571868857e-16
3.4542505497634983   1.3277350658140162e-16
3.4574338161427627   1.3264225110170077e-16
3.460620016062808   1.3251116876911422e-16
3.463809152227036   1.323802590764674e-16
3.467001227341344   1.3224952151985047e-16
3.4701962441141196   1.3211895559858746e-16
3.473394205256257   1.319885608152046e-16
3.476595113481138   1.3185833667540093e-16
3.4797989715046476   1.3172828268801727e-16
3.483005782045171   1.3159839836500694e-16
3.4862155478236088   1.3146868322140581e-16
3.4894282715633587   1.313391367753038e-16
3.492643955990331   1.3120975854781607e-16
3.4958626038329452   1.310805480630545e-16
3.499084217822146   1.3095150484809945e-16
3.502308800691383   1.3082262843297275e-16
3.50553635517663   1.3069391835061e-16
3.508766884016377   1.305653741368336e-16
3.5120003899516496   1.3043699533032565e-16
3.515236875725988   1.303087814726025e-16
3.518476344085464   1.3018073210798807e-16
3.5217187977786772   1.3005284678358834e-16
3.524964239556771   1.2992512504926536e-16
3.5282126721734124   1.2979756645761323e-16
3.5314640983848102   1.2967017056393234e-16
3.5347185209497103   1.2954293692620528e-16
3.5379759426294104   1.2941586510507205e-16
3.541236366187743   1.292889546638069e-16
3.5444997943910903   1.291622051682941e-16
3.5477662300083814   1.290356161870048e-16
3.5510356758111077   1.2890918729097324e-16
3.5543081345733025   1.2796446150865336e-16
3.557583609071558   1.265845057094866e-16
3.560862102085033   1.257360147960736e-16
3.564143616395439   1.250516118428434e-16
3.567428154787054   1.2445723440488492e-16
3.5707157200467172   1.239220877322141e-16
3.574006314963848   1.2342982212684724e-16
3.5772999423304257   1.229705136762413e-16
3.5805966049410047   1.2253759783134823e-16
3.583896305592713   1.2212646224292356e-16
3.5871990470852655   1.2173371775626258e-16
3.5905048322209474   1.2135678625394805e-16
3.5938136638046294   1.2099365166512314e-16
3.5971255446437636   1.2064270149119886e-16
3.6004404775484007   1.2030262159466681e-16
3.6037584653311687   1.1997232386973358e-16
3.607079510807293   1.1965089503756198e-16
3.610403616794588   1.1933755947737408e-16
3.6137307861134778   1.19031651656195e-16
3.6170610215869723   1.1873259528884957e-16
3.620394326040689   1.184398873213168e-16
3.623730702302843   1.1815308543823109e-16
3.6270701532042704   1.1787179818987013e-16
3.630412681578401   1.1759567709638732e-16
3.633758290261283   1.1732441026532205e-16
3.6371069820915713   1.1705771718192905e-16
3.6404587599105502   1.1679534441889453e-16
3.6438136265621104   1.1653706207433894e-16
3.6471715848927673   1.1628266079227068e-16
3.650532637751655   1.160319492529906e-16
3.653896787990546   1.1578475204577267e-16
3.657264038463828   1.155409078548662e-16
3.6606343920285243   1.1530026790410294e-16
3.6640078515442855   1.1506269461635613e-16
3.667384419873411   1.148280604525882e-16
3.670764099880825   1.1459624690187936e-16
3.6741468944340965   1.1436714359906033e-16
3.6775328064034327   1.1414064755074567e-16
3.6809218386616984   1.1391666245388634e-16
3.6843139940843925   1.1369509809364798e-16
3.68770927554967   1.1347586980958303e-16
3.6911076859383325   1.1325889802084383e-16
3.6945092281338487   1.1304410780262455e-16
3.697913905022333   1.128314285072222e-16
3.7013217194925634   1.1262079342408305e-16
3.7047326744359763   1.1241213947403335e-16
3.7081467727466837   1.1220540693357015e-16
3.7115640173214537   1.1200053918567163e-16
3.714984411059728   1.1179748249406098e-16
3.718407956863615   1.115961857982767e-16
3.721834657637911   1.1139660052724265e-16
3.7252645162900766   1.1119868042933437e-16
3.728697535730255   1.1100238141718189e-16
3.7321337188712698   1.1080766142567462e-16
3.735573068628637   1.1061448028181518e-16
3.739015587920551   1.1042279958523326e-16
3.7424612796678973   1.1023258259830548e-16
3.7459101467942504   1.1004379414495228e-16
3.74936219222589   1.0985640051728416e-16
3.752817418891781   1.0967036938936612e-16
3.7562758297235916   1.0948566973744152e-16
3.7597374276556876   1.0930227176603402e-16
3.763202215625151   1.0912014683940339e-16
3.766670196571758   1.0893926741788869e-16
3.7701413734379985   1.0875960699871476e-16
3.7736157491690703   1.0858114006088654e-16
3.7770933267128965   1.0840384201382753e-16
3.780574109020105   1.0822768914945787e-16
3.784058099044048   1.0805265859743e-16
3.787545299740794   1.0787872828327235e-16
3.791035714069148   1.077058768892109e-16
3.7945293449906305   1.0753408381746365e-16
3.798026195469494   1.0736332915581559e-16
3.8015262684727196   1.0719359364530528e-16
3.805029566970034   1.0702485864986383e-16
3.808536093933889   1.0685710612776633e-16
3.812045852339476   1.0669031860476132e-16
3.815558845164739   1.0652447914875971e-16
3.8190750753903555   1.0635957134597549e-16
3.822594545999754   1.0619557927841363e-16
3.8261172599791076   1.0603248750261584e-16
3.8296432203173527   1.058702810295764e-16
3.8331724300061705   1.0570894530575284e-16
3.83670489204   1.0554846619509583e-16
3.840240609416039   1.0538882996203392e-16
3.843779585134257   1.0523002325535013e-16
3.8473218221973773   1.0507203309289562e-16
3.8508673236108932   1.0491484684708496e-16
3.8544160923830653   1.0475845223112636e-16
3.8579681315249372   1.0460283728594004e-16
3.861523444050316   1.0444799036772552e-16
3.8650820329757902   1.0429390013613528e-16
3.868643901320724   1.0414055554302128e-16
3.872209052107275   1.039879458217189e-16
3.8757774883603764   1.0383606047683953e-16
3.8793492131077505   1.0368488927453907e-16
3.8829242293799076   1.0353442223323804e-16
3.886502540210162   1.0338464961476588e-16
3.890084148634611   1.032355619159081e-16
3.8936690576921547   1.030871498603312e-16
3.897257270424489   1.029394043908668e-16
3.9008487898761253   1.0279231666213422e-16
3.904443619094368   1.0264587803348517e-16
3.9080417611293345   1.0250008006225123e-16
3.9116432190339494   1.0235491449727964e-16
3.915247995863961   1.0221037327274161e-16
3.918856094677923   1.0206644850220072e-16
3.9224675185372124   1.0192313247292568e-16
3.926082270506021   1.017804176404372e-16
3.9297003536513793   1.0163829662327536e-16
3.933321771043129   1.014967621979794e-16
3.9369465257539487   1.01355807294266e-16
3.9405746208593406   1.0121542499039915e-16
3.944206059437656   1.0107560850874009e-16
3.94784084457007   1.0093635121147172e-16
3.9514789793406013   1.007976465964858e-16
3.9551204668361066   1.0065948829342776e-16
3.958765310146299   1.0052187005989004e-16
3.9624135123637276   1.0038478577774946e-16
3.9660650765837953   1.0024822944963901e-16
3.969720005904753   1.0011219519555048e-16
3.9733783034277192   9.997667724956012e-17
3.9770399722566583   9.984166995667413e-17
3.980705015498399   9.970716776978603e-17
3.984373436262629   9.957316524674308e-17
3.988045237661914   9.94396570475153e-17
3.9917204228116767   9.930663793146501e-17
3.995398994830213   9.91741027547099e-17
3.9990809568386902   9.904204646757736e-17
4.002766311961163   9.89104641121454e-17
4.0064550633245535   9.877935081986784e-17
4.010147214058669   9.86487018092783e-17
4.0138427672961985   9.851851238377143e-17
4.017541726172728   9.838877792945666e-17
4.021244093826721   9.825949391308417e-17
4.024949873399539   9.813065588003658e-17
4.028659068035433   9.800225945238688e-17
4.032371680881565   9.787430032701751e-17
4.036087715087984   9.774677427380105e-17
4.039807173807646   9.761967713383692e-17
4.04353006019641   9.749300481774399e-17
4.047256377413054   9.736675330400629e-17
4.050986128619253   9.724091863737044e-17
4.054719316979605   9.711549692729132e-17
4.058455945661615   9.699048434642609e-17
4.062196017835722   9.686587712917271e-17
4.065939536675274   9.674167157025378e-17
4.069686505356548   9.661786402334142e-17
4.073436927058742   9.649445089972373e-17
4.0771908049639976   9.637142866700943e-17
4.080948142257377   9.624879384787208e-17
4.084708942126877   9.612654301882902e-17
4.088473207763444   9.600467280905637e-17
4.092240942360954   9.588317989923804e-17
4.09601214911623   9.576206102044727e-17
4.099786831229035   9.564131295305973e-17
4.103564991902096   9.552093252569658e-17
4.107346634341079   9.54009166141987e-17
4.111131761754605   9.528126214062746e-17
4.114920377354251   9.516196607229402e-17
4.118712484354565   9.504302542081451e-17
4.122508085973045   9.492443724119178e-17
4.126307185430158   9.480619863092131e-17
4.130109785949335   9.468830672912103e-17
4.13391589075699   9.457075871568423e-17
4.137725503082497   9.445355181045602e-17
4.141538626158211   9.433668327242987e-17
4.145355263219463   9.422015039896633e-17
4.1491754175045745   9.410395052503118e-17
4.152999092254841   9.398808102245432e-17
4.156826290714551   9.387253929920671e-17
4.160657016130975   9.375732279869638e-17
4.16449127175439   9.36424289990817e-17
4.168329060838056   9.352785541260267e-17
4.1721703866382365   9.341359958492871e-17
4.176015252414188   9.32996590945224e-17
4.179863661428187   9.318603155201894e-17
4.183715616945502   9.307271459962183e-17
4.187571122234414   9.295970591051232e-17
4.191430180566214   9.284700318827355e-17
4.1952927952152175   9.273460416632849e-17
4.199158969458748   9.26225066073921e-17
4.203028706577149   9.25107083029356e-17
4.206902009853788   9.239920707266434e-17
4.210778882575068   9.228800076400706e-17
4.214659328030407   9.21770872516184e-17
4.218543349512261   9.206646443689207e-17
4.222430950316115   9.195613024748581e-17
4.226322133740503   9.184608263685675e-17
4.230216903086986   9.173631958380855e-17
4.234115261660174   9.162683909204786e-17
4.238017212767715   9.151763918975153e-17
4.241922759720319   9.140871792914286e-17
4.2458319058317375   9.130007338607847e-17
4.249744654418774   9.119170365964359e-17
4.253661008801289   9.108360687175672e-17
4.257580972302213   9.097578116678248e-17
4.261504548247528   9.086822471115416e-17
4.2654317399662816   9.076093569300343e-17
4.26936255079059   9.065391232179865e-17
4.273296984055649   9.05471528279907e-17
4.277235043099717   9.044065546266698e-17
4.281176731264131   9.03344184972125e-17
4.285122051893307   9.022844022297808e-17
4.289071008334752   9.012271895095555e-17
4.293023603939046   9.001725301146072e-17
4.296979842059862   8.991204075382173e-17
4.300939726053958   8.980708054607493e-17
4.3049032592811995   8.970237077466601e-17
4.308870445104536   8.959790984415896e-17
4.312841286890017   8.949369617694951e-17
4.316815788006794   8.93897282129852e-17
4.320793951827133   8.928600440949066e-17
4.324775781726396   8.91825232406993e-17
4.328761281083062   8.907928319758975e-17
4.332750453278714   8.897628278762785e-17
4.336743301698069   8.887352053451329e-17
4.340739829728949   8.87709949779325e-17
4.344740040762301   8.866870467331525e-17
4.348743938192194   8.856664819159672e-17
4.352751525415837   8.846482411898367e-17
4.356762805833556   8.836323105672609e-17
4.360777782848818   8.826186762089238e-17
4.364796459868218   8.816073244214958e-17
4.368818840301508   8.805982416554698e-17
4.372844927561564   8.795914145030513e-17
4.3768747250644155   8.785868296960785e-17
4.380908236229233   8.775844741039856e-17
4.3849454644783545   8.765843347318019e-17
4.388986413237255   8.755863987181969e-17
4.393031085934568   8.745906533335541e-17
4.3970794860021   8.735970859780783e-17
4.401131616874807   8.726056841799508e-17
4.405187481990812   8.716164355935067e-17
4.409247084791408   8.706293279974506e-17
4.413310428721067   8.696443492931024e-17
4.4173775172274246   8.686614875026814e-17
4.4214483537612965   8.676807307676159e-17
4.425522941776675   8.667020673468849e-17
4.42960128473075   8.657254856153863e-17
4.4336833860838825   8.647509740623441e-17
4.437769249299626   8.637785212897357e-17
4.441858877844722   8.628081160107487e-17
4.445952275189123   8.618397470482631e-17
4.450049444805962   8.608734033333699e-17
4.454150390171579   8.599090739039034e-17
4.458255114765512   8.58946747903008e-17
4.46236362207052   8.579864145777228e-17
4.466475915572559   8.57028063277598e-17
4.4705919987608   8.560716834533323e-17
4.474711875127626   8.551172646554326e-17
4.47883554816865   8.541647965328942e-17
4.482963021382697   8.532142688319118e-17
4.487094298271818   8.522656713946056e-17
4.491229382341285   8.513189941577721e-17
4.49536827709962   8.503742271516489e-17
4.499510986058557   8.494313604987148e-17
4.503657512733076   8.484903844124969e-17
4.507807860641391   8.475512891964011e-17
4.51196203330497   8.466140652425633e-17
4.516120034248514   8.456787030307215e-17
4.5202818669999765   8.447451931271032e-17
4.524447535090557   8.438135261833316e-17
4.528617042054724   8.428836929353476e-17
4.532790391430188   8.419556842023579e-17
4.536967586757926   8.410294908857892e-17
4.541148631582173   8.401051039682674e-17
4.545333529450443   8.391825145126061e-17
4.549522283913506   8.382617136608196e-17
4.553714898525409   8.373426926331464e-17
4.557911376843469   8.364254427270884e-17
4.562111722428297   8.355099553164636e-17
4.56631593884377   8.345962218504826e-17
4.570524029657053   8.336842338528277e-17
4.574735998438595   8.327739829207564e-17
4.578951848762149   8.318654607242102e-17
4.583171584204748   8.309586590049441e-17
4.587395208346724   8.300535695756689e-17
4.591622724771706   8.291501843192028e-17
4.595854137066639   8.28248495187636e-17
4.60008944882176   8.273484942015153e-17
4.604328663630617   8.26450173449034e-17
4.608571785090067   8.255535250852366e-17
4.612818816800296   8.246585413312319e-17
4.617069762364792   8.237652144734274e-17
4.62132462539037   8.228735368627663e-17
4.625583409487163   8.219835009139787e-17
4.629846118268647   8.210950991048418e-17
4.634112755351611   8.202083239754597e-17
4.638383324356183   8.193231681275424e-17
4.642657828905825   8.184396242237028e-17
4.646936272627347   8.175576849867602e-17
4.651218659150892   8.166773431990591e-17
4.655504992109951   8.157985917017922e-17
4.659795275141359   8.149214233943374e-17
4.664089511885317   8.140458312335989e-17
4.6683877059853645   8.131718082333677e-17
4.672689861088407   8.122993474636814e-17
4.676995980844703   8.114284420501989e-17
4.681306068907891   8.105590851735796e-17
4.685620128934961   8.096912700688784e-17
4.689938164586278   8.08824990024942e-17
4.694260179525576   8.079602383838196e-17
4.69858617741998   8.070970085401744e-17
4.702916161939979   8.062352939407142e-17
4.707250136759446   8.053750880836215e-17
4.711588105555651   8.045163845179911e-17
4.715930072009243   8.036591768432839e-17
4.720276039804265   8.028034587087799e-17
4.724626012628149   8.019492238130432e-17
4.728979994171741   8.010964659033895e-17
4.733337988129275   8.002451787753701e-17
4.737699998198393   7.993953562722535e-17
4.742066028080139   7.985469922845194e-17
4.7464360814789845   7.977000807493563e-17
4.750810162102798   7.968546156501702e-17
4.755188273662871   7.960105910160971e-17
4.759570419873909   7.951680009215221e-17
4.763956604454059   7.943268394856026e-17
4.768346831124874   7.93487100871807e-17
4.772741103611347   7.926487792874476e-17
4.777139425641895   7.91811868983229e-17
4.781541800948389   7.909763642527942e-17
4.785948233266122   7.901422594322882e-17
4.790358726333834   7.893095488999156e-17
4.794773283893708   7.884782270755114e-17
4.799191909691387   7.876482884201114e-17
4.803614607475953   7.868197274355372e-17
4.808041380999948   7.85992538663978e-17
4.812472234019367   7.851667166875833e-17
4.816907170293681   7.843422561280532e-17
4.821346193585811   7.835191516462473e-17
4.825789307662149   7.826973979417858e-17
4.830236516292556   7.818769897526642e-17
4.83468782325038   7.810579218548625e-17
4.83914323231243   7.802401890619766e-17
4.843602747259004   7.794237862248362e-17
4.848066371873877   7.786087082311407e-17
4.852534109944326   7.77794950005088e-17
4.857005965261102   7.769825065070234e-17
4.8614819416184565   7.761713727330771e-17
4.8659620428141315   7.753615437148173e-17
4.870446272649383   7.745530145188988e-17
4.874934634928957   7.73745780246727e-17
4.8794271334611095   7.729398360341154e-17
4.883923772057601   7.721351770509545e-17
4.88842455453372   7.713317985008774e-17
4.892929484708255   7.705296956209406e-17
4.897438566403522   7.697288636812981e-17
4.901951803445349   7.689292979848857e-17
4.90646919966311   7.681309938671044e-17
4.91099075888969   7.673339466955134e-17
4.915516484961512   7.665381518695237e-17
4.920046381718529   7.657436048200948e-17
4.924580453004249   7.64950301009433e-17
4.929118702665705   7.64158235930702e-17
4.933661134553482   7.633674051077275e-17
4.938207752521707   7.6257780409471e-17
4.942758560428077   7.617894284759368e-17
4.947313562133824   7.610022738655074e-17
4.951872761503747   7.602163359070499e-17
4.9564361624062   7.594316102734495e-17
4.961003768713119   7.586480926665721e-17
4.96557558429999   7.57865778817003e-17
4.970151613045878   7.570846644837772e-17
4.974731858833416   7.563047454541191e-17
4.979316325548832   7.555260175431806e-17
4.983905017081919   7.547484765937902e-17
4.988497937326059   7.539721184761962e-17
4.993095090178219   7.531969390878193e-17
4.997696479538971   7.524229343530012e-17
5.002302109312466   7.516501002227652e-17
5.006911983406459   7.508784326745731e-17
5.011526105732301   7.501079277120857e-17
5.016144480204962   7.493385813649261e-17
5.020767110743004   7.485703896884494e-17
5.025394001268609   7.47803348763509e-17
5.030025155707563   7.470374546962321e-17
5.034660577989288   7.462727036177887e-17
5.0393002720468125   7.45509091684175e-17
5.043944241816789   7.4474661507599e-17
5.0485924912395115   7.439852699982156e-17
5.053245024258892   7.432250526800059e-17
5.0579018448224815   7.424659593744714e-17
5.062562956881462   7.417079863584684e-17
5.067228364390675   7.409511299323893e-17
5.071898071308588   7.40195386419961e-17
5.076572081597326   7.394407521680365e-17
5.081250399222656   7.386872235463977e-17
5.085933028154015   7.379347969475502e-17
5.090619972364487   7.371834687865327e-17
5.095311235830818   7.364332355007192e-17
5.100006822533414   7.356840935496267e-17
5.10470673645637   7.34936039414721e-17
5.10941098158743   7.341890695992348e-17
5.11411956191802   7.334431806279766e-17
5.118832481443244   7.326983690471474e-17
5.123549744161896   7.319546314241563e-17
5.128271354076444   7.312119643474438e-17
5.13299731519305   7.304703644262997e-17
5.137727631521559   7.297298282906891e-17
5.142462307075531   7.289903525910735e-17
5.147201345872207   7.282519339982428e-17
5.151944751932534   7.275145692031405e-17
5.156692529281163   7.267782549166976e-17
5.161444681946467   7.260429878696601e-17
5.166201213960514   7.253087648124287e-17
5.170962129359098   7.24575582514892e-17
5.175727432181722   7.238434377662652e-17
5.18049712647163   7.231123273749267e-17
5.185271216275776   7.223822481682639e-17
5.1900497056448485   7.216531969925123e-17
5.194832598633263   7.209251707126028e-17
5.199619899299188   7.201981662120026e-17
5.204411611704517   7.194721803925696e-17
5.209207739914888   7.18747210174397e-17
5.214008287999684   7.180232524956659e-17
5.218813260032055   7.17300304312495e-17
5.2236226600888855   7.165783625987983e-17
5.2284364922508235   7.158574243461382e-17
5.233254760602273   7.151374865635823e-17
5.238077469231417   7.144185462775606e-17
5.24290462223019   7.13700600531728e-17
5.247736223694305   7.12983646386823e-17
5.25257227772324   7.122676809205323e-17
5.25741278842027   7.115527012273504e-17
5.262257759892434   7.108387044184508e-17
5.267107196250563   7.101256876215482e-17
5.271961101609268   7.094136479807691e-17
5.27681948008697   7.087025826565176e-17
5.281682335805868   7.079924888253503e-17
5.286549672891969   7.072833636798454e-17
5.2914214954750705   7.065752044284778e-17
5.296297807688797   7.058680082954891e-17
5.301178613670563   7.051617725207696e-17
5.306063917561605   7.044564943597308e-17
5.310953723506967   7.037521710831857e-17
5.31584803565553   7.030487999772245e-17
5.320746858159983   7.023463783431002e-17
5.325650195176847   7.016449034971068e-17
5.3305580508664665   7.009443727704637e-17
5.335470429393039   7.00244783509197e-17
5.340387334924582   6.995461330740289e-17
5.345308771632958   6.9884841884026e-17
5.35023474369387   6.981516381976597e-17
5.355165255286887   6.974557885503504e-17
5.36010031059541   6.967608673167018e-17
5.3650399138067035   6.960668719292182e-17
5.369984069111883   6.953737998344326e-17
5.374932780705945   6.946816484927948e-17
5.379886052787734   6.939904153785701e-17
5.38484388955997   6.933000979797322e-17
5.389806295229239   6.926106937978584e-17
5.394773274006023   6.919222003480244e-17
5.399744830104666   6.912346151587057e-17
5.404720967743396   6.905479357716753e-17
5.409701691144344   6.898621597418997e-17
5.414687004533515   6.891772846374444e-17
5.419676912140817   6.884933080393719e-17
5.424671418200047   6.878102275416467e-17
5.429670526948923   6.871280407510346e-17
5.43467424262905   6.864467452870108e-17
5.4396825694859485   6.857663387816643e-17
5.444695511769044   6.850868188796026e-17
5.449713073731697   6.84408183237858e-17
5.454735259631169   6.837304295257972e-17
5.459762073728653   6.830535554250297e-17
5.464793520289261   6.82377558629316e-17
5.469829603582052   6.817024368444777e-17
5.474870327880004   6.810281877883099e-17
5.479915697460038   6.803548091904928e-17
5.484965716603011   6.79682298792504e-17
5.49002038959374   6.790106543475304e-17
5.495079720720976   6.78339873620386e-17
5.500143714277427   6.776699543874243e-17
5.5052123745597505   6.770008944364561e-17
5.510285705868583   6.763326915666617e-17
5.515363712508505   6.756653435885143e-17
5.520446398788071   6.749988483236947e-17
5.525533769019797   6.743332036050106e-17
5.530625827520197   6.73668407276315e-17
5.535722578609738   6.730044571924289e-17
5.5408240266128805   6.723413512190616e-17
5.545930175858061   6.716790872327316e-17
5.551041030677722   6.710176631206872e-17
5.556156595408284   6.703570767808351e-17
5.561276874390167   6.696973261216588e-17
5.566401871967786   6.690384090621463e-17
5.571531592489577   6.683803235317122e-17
5.576666040307966   6.677230674701272e-17
5.581805219779396   6.67066638827442e-17
5.586949135264317   6.66411035563916e-17
5.592097791127218   6.657562556499417e-17
5.597251191736589   6.65102297065978e-17
5.6024093414649565   6.644491578024756e-17
5.607572244688865   6.637968358598093e-17
5.6127399057889145   6.631453292482034e-17
5.61791232914972   6.624946359876692e-17
5.623089519159947   6.61844754107932e-17
5.628271480212299   6.61195681648364e-17
5.633458216703541   6.605474166579168e-17
5.638649733034478   6.598999571950558e-17
5.6438460336099725   6.592533013276932e-17
5.649047122838941   6.586074471331231e-17
5.654253005134383   6.579623926979533e-17
5.659463684913345   6.573181361180455e-17
5.66467916659695   6.566746754984487e-17
5.669899454610389   6.560320089533362e-17
5.675124553382952   6.553901346059411e-17
5.680354467347988   6.547490505884977e-17
5.6855892009429425   6.54108755042177e-17
5.69082875860934   6.534692461170265e-17
5.696073144792818   6.528305219719069e-17
5.7013223639430946   6.52192580774436e-17
5.706576420513992   6.515554207009263e-17
5.7118353189634306   6.509190399363272e-17
5.7170990637534596   6.502834366741635e-17
5.72236765935022   6.49648609116481e-17
5.727641110223976   6.490145554737863e-17
5.732919420849103   6.483812739649908e-17
5.738202595704121   6.477487628173517e-17
5.7434906392716565   6.471170202664184e-17
5.748783556038475   6.464860445559757e-17
5.754081350495469   6.458558339379889e-17
5.759384027137689   6.452263866725458e-17
5.764691590464309   6.445977010278074e-17
5.770004044978656   6.4396977527995e-17
5.7753213951881985   6.433426077131141e-17
5.780643645604582   6.427161966193474e-17
5.785970800743587   6.420905402985576e-17
5.791302865125157   6.414656370584567e-17
5.79663984327342   6.408414852145086e-17
5.801981739716653   6.402180830898802e-17
5.807328558987314   6.39595429015389e-17
5.812680305622031   6.389735213294533e-17
5.8180369841616315   6.383523583780396e-17
5.823398599151108   6.37731938514617e-17
5.828765155139649   6.371122601001046e-17
5.834136656680629   6.364933215028252e-17
5.839513108331635   6.358751210984517e-17
5.84489451465444   6.352576572699663e-17
5.850280880215022   6.346409284076066e-17
5.855672209583564   6.34024932908823e-17
5.861068507334478   6.334096691782262e-17
5.8664697780463735   6.327951356275456e-17
5.871876026302084   6.321813306755817e-17
5.877287256688663   6.315682527481593e-17
5.882703473797407   6.309559002780811e-17
5.888124682223826   6.303442717050857e-17
5.893550886567674   6.297333654758001e-17
5.898982091432932   6.29123180043698e-17
5.904418301427846   6.285137138690508e-17
5.909859521164891   6.279049654188901e-17
5.915305755260796   6.2729693316696e-17
5.92075700833654   6.266896155936769e-17
5.926213285017381   6.260830111860821e-17
5.931674589932816   6.254771184378061e-17
5.9371409277166185   6.24871935849022e-17
5.942612303006824   6.242674619264056e-17
5.948088720445762   6.236636951830916e-17
5.9535701846800215   6.230606341386367e-17
5.959056700360478   6.224582773189758e-17
5.96454827214229   6.218566232563833e-17
5.970044904684921   6.212556704894299e-17
5.975546602652113   6.206554175629479e-17
5.981053370711909   6.200558630279877e-17
5.986565213536651   6.194570054417807e-17
5.9920821358030025   6.188588433676984e-17
5.9976041421919195   6.182613753752163e-17
6.003131237388678   6.176646000398747e-17
6.008663426082865   6.170685159432409e-17
6.014200712968409   6.16473121672869e-17
6.019743102743544   6.158784158222676e-17
6.02529060011084   6.15284396990859e-17
6.030843209777196   6.146910637839435e-17
6.036400936453865   6.140984148126612e-17
6.041963784856426   6.135064486939593e-17
6.047531759704807   6.129151640505536e-17
6.053104865723281   6.123245595108939e-17
6.058683107640492   6.117346337091262e-17
6.064266490189425   6.111453852850613e-17
6.0698550181074316   6.105568128841371e-17
6.075448696136222   6.099689151573868e-17
6.081047529021898   6.093816907613993e-17
6.086651521514913   6.087951383582914e-17
6.092260678370105   6.082092566156706e-17
6.09787500434669   6.07624044206602e-17
6.103494504208287   6.070394998095736e-17
6.1091191827228855   6.064556221084667e-17
6.114749044662876   6.058724097925196e-17
6.12038409480504   6.052898615562983e-17
6.1260243379305805   6.047079760996597e-17
6.131669778825089   6.041267521277238e-17
6.137320422278571   6.035461883508403e-17
6.142976273085441   6.02966283484557e-17
6.148637336044553   6.023870362495866e-17
6.154303615959159   6.018084453717793e-17
6.159975117636949   6.012305095820891e-17
6.165651845890035   6.006532276165444e-17
6.1713338055349825   6.000765982162153e-17
6.177021001392777   5.99500620127187e-17
6.182713438288854   5.989252921005268e-17
6.188411121053087   5.983506128922568e-17
6.194114054519823   5.977765812633206e-17
6.1998222435278425   5.972031959795581e-17
6.205535692920392   5.966304558116741e-17
6.211254407545176   5.960583595352102e-17
6.216978392254384   5.954869059305142e-17
6.222707651904659   5.949160937827147e-17
6.228442191357119   5.943459218816916e-17
6.234182015477381   5.937763890220451e-17
6.239927129135528   5.932074940030727e-17
6.245677537206135   5.926392356287386e-17
6.251433244568265   5.920716127076472e-17
6.257194256105496   5.915046240530134e-17
6.262960576705886   5.909382684826402e-17
6.268732211262005   5.903725448188875e-17
6.274509164670926   5.898074518886484e-17
6.280291441834253   5.89242988523319e-17
6.286079047658088   5.886791535587768e-17
6.291871987053061   5.881159458353513e-17
6.29767026493432   5.875533641977996e-17
6.303473886221564   5.869914074952785e-17
6.309282855839005   5.864300745813218e-17
6.315097178715399   5.858693643138137e-17
6.320916859784037   5.853092755549638e-17
6.326741903982779   5.847498071712797e-17
6.332572316254011   5.841909580335466e-17
6.338408101544687   5.836327270167991e-17
6.344249264806305   5.830751130002991e-17
6.350095810994953   5.825181148675086e-17
6.355947745071262   5.81961731506068e-17
6.361805072000444   5.814059618077717e-17
6.3676677967522775   5.808508046685446e-17
6.373535924301143   5.802962589884158e-17
6.379409459625983   5.79742323671499e-17
6.385288407710338   5.791889976259669e-17
6.391172773542331   5.786362797640288e-17
6.397062562114704   5.780841690019061e-17
6.4029577784247795   5.775326642598122e-17
6.408858427474493   5.769817644619278e-17
6.414764514270381   5.764314685363799e-17
6.4206760438236135   5.758817754152168e-17
6.426593021149961   5.753326840343887e-17
6.432515451269823   5.74784193333725e-17
6.438443339208215   5.742363022569124e-17
6.444376689994806   5.736890097514709e-17
6.4503155086638815   5.73142314768736e-17
6.4562598002543705   5.725962162638352e-17
6.462209569809841   5.720507131956671e-17
6.468164822378525   5.715058045268788e-17
6.474125563013293   5.70961489223848e-17
6.480091796771672   5.704177662566597e-17
6.486063528715849   5.69874634599087e-17
6.492040763912691   5.693320932285678e-17
6.498023507433717   5.687901411261888e-17
6.504011764355128   5.682487772766611e-17
6.510005539757793   5.677080006683036e-17
6.516004838727284   5.671678102930191e-17
6.52200966635384   5.666282051462779e-17
6.528020027732399   5.660891842270965e-17
6.534035927962587   5.655507465380186e-17
6.5400573721487465   5.650128910850941e-17
6.546084365399908   5.64475616877862e-17
6.552116912829815   5.639389229293305e-17
6.558155019556916   5.634028082559572e-17
6.5641986907044   5.628672718776296e-17
6.570247931400153   5.623323128176488e-17
6.576302746776794   5.61797930102709e-17
6.582363141971669   5.612641227628794e-17
6.588429122126874   5.607308898315844e-17
6.594500692389226   5.60198230345588e-17
6.600577857910291   5.596661433449742e-17
6.606660623846376   5.591346278731285e-17
6.61274899535856   5.586036829767199e-17
6.6188429776126565   5.580733077056844e-17
6.624942575779249   5.575435011132065e-17
6.631047795033678   5.570142622557017e-17
6.6371586405560725   5.564855901927978e-17
6.643275117531315   5.559574839873204e-17
6.649397231149076   5.554299427052733e-17
6.655524986603799   5.549029654158228e-17
6.661658389094734   5.543765511912783e-17
6.667797443825905   5.538506991070786e-17
6.673942156006129   5.5332540824177434e-17
6.680092530849046   5.528006776770084e-17
6.686248573573076   5.5227650649750367e-17
6.692410289401461   5.5175289379104395e-17
6.698577683562245   5.512298386484584e-17
6.704750761288312   5.507073401636046e-17
6.710929527817347   5.501853974333533e-17
6.717113988391871   5.496640095575726e-17
6.723304148259226   5.491431756391119e-17
6.729500012671613   5.486228947837838e-17
6.735701586886051   5.481031661003521e-17
6.741908876164411   5.4758398870051453e-17
6.748121885773407   5.470653616988872e-17
6.7543406209846255   5.4654728421298766e-17
6.760565087074491   5.46029755363223e-17
6.7667952893243   5.4551277427287206e-17
6.7730312330202045   5.449963400680721e-17
6.779272923453251   5.44480451877801e-17
6.785520365919343   5.4396510883386576e-17
6.791773565719267   5.4345031007088557e-17
6.798032528158691   5.429360547262786e-17
6.804297258548194   5.4242234194024424e-17
6.810567762203224   5.4190917085575326e-17
6.816844044444139   5.4139654061852984e-17
6.8231261105961885   5.408844503770393e-17
6.829413965989554   5.40372899282471e-17
6.835707615959307   5.398618864887281e-17
6.842007065845442   5.393514111524108e-17
6.848312320992869   5.3884147243280384e-17
6.854623386751442   5.383320694918605e-17
6.860940268475925   5.3782320149419133e-17
6.867262971526028   5.3731486760704954e-17
6.873591501266386   5.368070670003175e-17
6.879925863066604   5.362997988464912e-17
6.886266062301212   5.357930623206706e-17
6.892612104349702   5.352868566005433e-17
6.898963994596515   5.3478118086637326e-17
6.905321738431073   5.34276034300985e-17
6.911685341247749   5.3377141608975347e-17
6.918054808445888   5.332673254205894e-17
6.924430145429809   5.327637614839272e-17
6.930811357608828   5.322607234727101e-17
6.937198450397229   5.317582105823805e-17
6.94359142921429   5.3125622201086526e-17
6.949990299484278   5.307547569585638e-17
6.9563950666364756   5.302538146283341e-17
6.962805736105153   5.2975339422548296e-17
6.969222313329592   5.292534949577515e-17
6.975644803754081   5.287541160353043e-17
6.982073212827947   5.2825525667071485e-17
6.9885075460055175   5.2775691607895627e-17
6.9949478087461525   5.2725909347738815e-17
7.0013940065142375   5.2676178808574424e-17
7.007846144779214   5.2626499912611936e-17
7.0143042290155435   5.257687258229611e-17
7.020768264702738   5.2527296740305476e-17
7.027238257325354   5.2477772309551344e-17
7.033714212373022   5.2428299213176414e-17
7.040196135340411   5.2378877374554007e-17
7.04668403172726   5.232950671728659e-17
7.0531779070383696   5.228018716520484e-17
7.059677766783636   5.223091864236622e-17
7.06618361647801   5.218170107305425e-17
7.072695461641532   5.2132534381777125e-17
7.079213307799321   5.2083418493266754e-17
7.085737160481614   5.203435333247734e-17
7.092267025223717   5.1985338824584786e-17
7.098802907566048   5.1936374894985196e-17
7.105344813054122   5.1887461469293993e-17
7.111892747238587   5.183859847334468e-17
7.118446715675183   5.178978583318795e-17
7.125006723924779   5.174102347509055e-17
7.131572777553361   5.169231132553423e-17
7.138144882132064   5.1643649311214546e-17
7.144723043237138   5.1595037359040056e-17
7.151307266449971   5.154647539613123e-17
7.157897557357115   5.1497963349819166e-17
7.164493921550251   5.144950114764492e-17
7.1710963646262185   5.1401088717358294e-17
7.177704892187007   5.1352725986916873e-17
7.184319509839792   5.1304412884484874e-17
7.190940223196892   5.12561493384324e-17
7.197567037875809   5.1207935277334294e-17
7.204199959499211   5.115977062996921e-17
7.21083899369497   5.111165532531843e-17
7.2174841460961225   5.106358929256521e-17
7.224135422340905   5.101557246109362e-17
7.23079282807274   5.096760476048764e-17
7.237456368940276   5.091968612053e-17
7.244126050597342   5.08718164712016e-17
7.250801878702986   5.082399574268028e-17
7.257483858921463   5.077622386533999e-17
7.264171996922271   5.0728500769749726e-17
7.270866298380111   5.0680826386672775e-17
7.277566768974918   5.063320064706573e-17
7.284273414391857   5.058562348207758e-17
7.290986240321353   5.05380948230486e-17
7.297705252459054   5.049061460150978e-17
7.304430456505862   5.044318274918172e-17
7.311161858167929   5.0395799197973765e-17
7.317899463156683   5.034846387998302e-17
7.324643277188796   5.0301176727493706e-17
7.331393305986216   5.0253937672976036e-17
7.338149555276155   5.020674664908551e-17
7.344912030791127   5.015960358866184e-17
7.351680738268904   5.011250842472835e-17
7.358455683452554   5.006546109049092e-17
7.365236872090433   5.001846151933725e-17
7.372024309936213   4.997150964483577e-17
7.378818002748848   4.992460540073516e-17
7.385617956292605   4.9877748720963264e-17
7.392424176337056   4.98309395396264e-17
7.399236668657116   4.978417779100819e-17
7.4060554390329925   4.9737463409569254e-17
7.412880493250233   4.969079632994602e-17
7.419711837099707   4.964417648695006e-17
7.426549476377644   4.959760381556711e-17
7.433393416885591   4.95510782509565e-17
7.440243664430449   4.950459972845022e-17
7.4471002248244655   4.945816818355219e-17
7.453963103885264   4.9411783551937245e-17
7.460832307435807   4.9365445769450695e-17
7.467707841304433   4.931915477210731e-17
7.474589711324841   4.9272910496090684e-17
7.48147792333613   4.922671287775217e-17
7.488372483182759   4.918056185361053e-17
7.495273396714576   4.9134457360350877e-17
7.502180669786818   4.9088399334824064e-17
7.509094308260137   4.904238771404569e-17
7.516014318000563   4.899642243519572e-17
7.5229407048795425   4.895050343561746e-17
7.529873474773922   4.890463065281694e-17
7.536812633565988   4.885880402446197e-17
7.543758187143425   4.881302348838177e-17
7.5507101413993505   4.8767288982565954e-17
7.557668502232306   4.8721600445163904e-17
7.56463327554629   4.867595781448395e-17
7.571604467250722   4.8630361028992843e-17
7.578582083260471   4.85848100273149e-17
7.585566129495853   4.853930474823139e-17
7.592556611882659   4.849384513067958e-17
7.599553536352122   4.844843111375243e-17
7.606556908840946   4.840306263669759e-17
7.613566735291298   4.8357739638916897e-17
7.620583021650846   4.831246205996541e-17
7.627605773872714   4.826722983955112e-17
7.634634997915523   4.822204291753393e-17
7.641670699743372   4.817690123392525e-17
7.648712885325884   4.8131804728886984e-17
7.65576156063816   4.808675334273119e-17
7.662816731660805   4.804174701591933e-17
7.6698784043799595   4.799678568906142e-17
7.676946584787258   4.795186930291562e-17
7.684021278879863   4.790699779838746e-17
7.691102492660457   4.786217111652927e-17
7.698190232137279   4.7817389198539286e-17
7.705284503324078   4.7772651985761366e-17
7.712385312240156   4.77279594196841e-17
7.7194926649103515   4.768331144194033e-17
7.7266065673650814   4.763870799430629e-17
7.733727025640295   4.759414901870125e-17
7.740854045777513   4.754963445718674e-17
7.747987633823812   4.7505164251965995e-17
7.755127795831871   4.746073834538316e-17
7.762274537859918   4.741635667992298e-17
7.769427865971775   4.7372019198209905e-17
7.776587786236841   4.732772584300774e-17
7.783754304730135   4.728347655721869e-17
7.790927427532252   4.7239271283883154e-17
7.798107160729393   4.71951099661789e-17
7.805293510413365   4.715099254742054e-17
7.81248648268161   4.7106918971058797e-17
7.8196860836371656   4.7062889180680144e-17
7.826892319388703   4.701890312000612e-17
7.834105196050513   4.697496073289276e-17
7.841324719742547   4.693106196332986e-17
7.848550896590369   4.688720675544068e-17
7.8557837327252   4.684339505348122e-17
7.863023234283902   4.679962680183968e-17
7.870269407409014   4.6755901945035767e-17
7.877522258248714   4.671222042772038e-17
7.884781792956854   4.66685821946749e-17
7.8920480176929475   4.662498719081068e-17
7.8993209386222105   4.658143536116832e-17
7.906600561915513   4.653792665091745e-17
7.913886893749425   4.6494461005355926e-17
7.921179940306195   4.645103836990945e-17
7.928479707773797   4.640765869013071e-17
7.935786202345882   4.636432191169933e-17
7.943099430221815   4.6321027980420994e-17
7.950419397606668   4.627777684222703e-17
7.9577461107112555   4.623456844317373e-17
7.965079575752092   4.6191402729442103e-17
7.972419798951425   4.614827964733716e-17
7.979766786537234   4.610519914328743e-17
7.987120544743258   4.606216116384439e-17
7.994481079808956   4.601916565568209e-17
8.001848397979549   4.597621256559654e-17
8.009222505506   4.5933301840505274e-17
8.01660340864506   4.5890433427446634e-17
8.023991113659225   4.5847607273579585e-17
8.031385626816762   4.5804823326183024e-17
8.038786954391714   4.576208153265533e-17
8.046195102663924   4.5719381840513757e-17
8.053610077919004   4.5676724197394175e-17
8.061031886448362   4.5634108551050384e-17
8.068460534549198   4.559153484935373e-17
8.075896028524538   4.5549003040292495e-17
8.083338374683194   4.5506513071971603e-17
8.090787579339798   4.5464064892612006e-17
8.098243648814796   4.5421658450550314e-17
8.105706589434478   4.537929369423808e-17
8.113176407530947   4.533697057224166e-17
8.120653109442141   4.5294689033241554e-17
8.128136701511838   4.5252449026032e-17
8.135627190089684   4.521025049952038e-17
8.143124581531149   4.516809340272697e-17
8.150628882197571   4.512597768478433e-17
8.158140098456142   4.5083903294936987e-17
8.165658236679947   4.5041870182540703e-17
8.173183303247916   4.499987829706238e-17
8.18071530454487   4.495792758807938e-17
8.188254246961504   4.491601800527921e-17
8.195800136894427   4.4874149498458865e-17
8.203352980746116   4.4832322017524665e-17
8.210912784924952   4.4790535512491677e-17
8.218479555845246   4.474878993348318e-17
8.22605329992719   4.470708523073049e-17
8.233634023596906   4.4665421354572263e-17
8.24122173328643   4.4623798255454253e-17
8.24881643543375   4.458221588392871e-17
8.256418136482756   4.454067419065417e-17
8.264026842883293   4.449917312639487e-17
8.271642561091138   4.44577126420204e-17
8.27926529756804   4.4416292688505196e-17
8.286895058781683   4.437491321692825e-17
8.294531851205715   4.4333574178472637e-17
8.302175681319744   4.429227552442512e-17
8.309826555609373   4.425101720617563e-17
8.317484480566158   4.4209799175217044e-17
8.325149462687643   4.416862138314468e-17
8.332821508477355   4.4127483781655896e-17
8.34050062444484   4.408638632254965e-17
8.348186817105612   4.4045328957726187e-17
8.355880092981202   4.400431163918664e-17
8.363580458599143   4.3905849533988404e-17
8.371287920493007   4.382066059386456e-17
8.379002485202363   4.374988554437522e-17
8.386724159272815   4.3684997303045815e-17
8.394452949255987   4.3623580045886846e-17
8.40218886170957   4.356453575683723e-17
8.409931903197274   4.350725431427651e-17
8.417682080288861   4.345135476089084e-17
8.425439399560144   4.339658014140986e-17
8.43320386759302   4.33427473116705e-17
8.440975490975424   4.328972020561603e-17
8.448754276301372   4.323739440458957e-17
8.456540230170948   4.3185687663557396e-17
8.464333359190345   4.313453380262495e-17
8.472133669971818   4.308387860813141e-17
8.479941169133722   4.303367698950161e-17
8.487755863300505   4.29838909511254e-17
8.495577759102746   4.293448811050425e-17
8.503406863177105   4.288544059279524e-17
8.51124318216637   4.28367241910118e-17
8.51908672271944   4.2788317717719344e-17
8.526937491491369   4.274020249736627e-17
8.534795495143316   4.269236196363195e-17
8.54266074034259   4.26447813363716e-17
8.550533233762634   4.2597447359710686e-17
8.558412982083066   4.2550348087692125e-17
8.566299991989636   4.250347270731848e-17
8.57419427017426   4.2456811391299654e-17
8.582095823335017   4.2410355174621836e-17
8.59000465817618   4.23640958503825e-17
8.59792078140818   4.231802588133348e-17
8.605844199747635   4.227213832432494e-17
8.613774919917345   4.2226426765418894e-17
8.621712948646337   4.218088526388273e-17
8.629658292669804   4.2135508303618983e-17
8.637610958729164   4.20902907508557e-17
8.645570953572031   4.204522781713713e-17
8.653538283952269   4.2000315026822704e-17
8.661512956629936   4.195554818844002e-17
8.66949497837133   4.19109233693453e-17
8.677484355948977   4.186643687323587e-17
8.685481096141666   4.1822085220130115e-17
8.693485205734415   4.1777865128492087e-17
8.701496691518495   4.173377349922445e-17
8.709515560291429   4.168980740129677e-17
8.717541818857034   4.164596405880823e-17
8.72557547402537   4.160224083931382e-17
8.733616532612777   4.155863524326502e-17
8.741665001441872   4.151514489443792e-17
8.749720887341585   4.147176753123731e-17
8.757784197147112   4.142850099878105e-17
8.765854937699956   4.1385343241679794e-17
8.77393311584792   4.1342292297439e-17
8.782018738445139   4.1299346290418454e-17
8.790111812352041   4.1256503426293034e-17
8.798212344435386   4.121376198696383e-17
8.806320341568249   4.1171120325876216e-17
8.814435810630068   4.1128576863705e-17
8.822558758506595   4.1086130084372673e-17
8.830689192089928   4.1043778531369056e-17
8.83882711827854   4.1001520804344875e-17
8.846972543977236   4.09593555559553e-17
8.855125476097193   4.091728148893037e-17
8.863285921555951   4.087529735335321e-17
8.871453887277449   4.0833401944127875e-17
8.879629380191977   4.07915940986214e-17
8.887812407236225   4.074987269446458e-17
8.896002975353266   4.070823664749965e-17
8.904201091492599   4.066668490986192e-17
8.912406762610095   4.062521646818591e-17
8.92061999566805   4.058383034192519e-17
8.928840797635166   4.054252558177762e-17
8.937069175486592   4.050130126820801e-17
8.945305136203878   4.046015651006101e-17
8.95354868677502   4.0419090443257044e-17
8.961799834194442   4.0378102229565865e-17
8.970058585463043   4.033719105545149e-17
8.978324947588142   4.02963561309843e-17
8.98659892758353   4.025559668881458e-17
8.99488053246945   4.021491198320423e-17
9.003169769272642   4.0174301289111616e-17
9.011466645026292   4.013376390132738e-17
9.019771166770083   4.0093299133656227e-17
9.028083341550166   4.005290631814299e-17
9.036403176419226   4.0012584804338976e-17
9.044730678436407   3.9972333958607374e-17
9.053065854667377   3.993215316346365e-17
9.0614087121843   3.989204181695007e-17
9.069759258065888   3.985199933204122e-17
9.078117499397349   3.981202513607969e-17
9.08648344327043   3.977211867023899e-17
9.0948570967834   3.973227938901287e-17
9.103238467041102   3.9692506759728855e-17
9.111627561154895   3.9652800262085473e-17
9.120024386242706   3.9613159387710616e-17
9.128428949429006   3.9573583639740914e-17
9.136841257844864   3.9534072532420056e-17
9.14526131862789   3.9494625590715835e-17
9.15368913892228   3.9455242349954056e-17
9.16212472587881   3.941592235546903e-17
9.170568086654868   3.937666516226913e-17
9.179019228414413   3.933747033471748e-17
9.187478158328014   3.9298337446225974e-17
9.195944883572839   3.9259266078962604e-17
9.2044194113327   3.922025582357102e-17
9.212901748797995   3.918130627890215e-17
9.221391903165765   3.9142417051756645e-17
9.229889881639672   3.9103587756638113e-17
9.238395691430041   3.906481801551617e-17
9.24690933975382   3.902610745759951e-17
9.25543083383461   3.898745571911752e-17
9.263960180902666   3.894886244311083e-17
9.27249738819493   3.891032727922996e-17
9.281042462954986   3.8871849883541984e-17
9.289595412433101   3.883342991834441e-17
9.29815624388622   3.8795067051986236e-17
9.306724964577999   3.875676095869574e-17
9.315301581778758   3.871851131841496e-17
9.323886102765533   3.8680317816639916e-17
9.332478534822048   3.864218014426716e-17
9.341078885238776   3.860409799744534e-17
9.349687161312875   3.8566071077432914e-17
9.358303370348239   3.852809909046032e-17
9.366927519655482   3.849018174759731e-17
9.375559616551985   3.84523187646248e-17
9.384199668361846   3.841450986191165e-17
9.392847682415916   3.837675476429514e-17
9.401503666051797   3.833905320096591e-17
9.410167626613882   3.8301404905356654e-17
9.418839571453299   3.82638096150348e-17
9.427519507927965   3.822626707159858e-17
9.436207443402566   3.818877702057664e-17
9.444903385248601   3.8151339211330875e-17
9.453607340844341   3.811395339696268e-17
9.462319317574847   3.8076619334222115e-17
9.471039322832022   3.8039336783419726e-17
9.479767364014547   3.8002105508341836e-17
9.488503448527934   3.7964925276167864e-17
9.49724758378451   3.792779585739067e-17
9.505999777203462   3.789071702573912e-17
9.51476003621078   3.7853688558103357e-17
9.523528368239313   3.781671023446211e-17
9.53230478072875   3.7779781837812385e-17
9.541089281125663   3.7742903154101084e-17
9.549881876883456   3.770607397215901e-17
9.558682575462413   3.7669294083636654e-17
9.567491384329683   3.76325632829418e-17
9.576308310959327   3.7595881367179056e-17
9.585133362832265   3.7559248136091354e-17
9.593966547436315   3.752266339200284e-17
9.602807872266192   3.748612693976362e-17
9.611657344823547   3.7449638586695834e-17
9.620514972616908   3.7413198142541707e-17
9.629380763161741   3.737680541941267e-17
9.638254723980422   3.734046023174008e-17
9.647136862602292   3.7304162396227166e-17
9.656027186563598   3.7267911731802646e-17
9.664925703407546   3.723170805957521e-17
9.673832420684281   3.71955512027896e-17
9.682747345950935   3.715944098678345e-17
9.691670486771574   3.712337723894585e-17
9.700601850717248   3.7087359788676603e-17
9.709541445365973   3.705138846734663e-17
9.718489278302776   3.701546310825952e-17
9.727445357119647   3.697958354661411e-17
9.736409689415579   3.694374961946794e-17
9.74538228279656   3.690796116570171e-17
9.75436314487562   3.687221802598448e-17
9.76335228327277   3.6836520042740233e-17
9.772349705615055   3.680086706011469e-17
9.781355419536538   3.676525892394348e-17
9.790369432678352   3.672969548172058e-17
9.799391752688635   3.6694176582568145e-17
9.808422387222585   3.6658702077206627e-17
9.817461343942446   3.6623271817925877e-17
9.826508630517555   3.6587885658556613e-17
9.835564254624282   3.655254345444321e-17
9.844628223946085   3.6517245062416514e-17
9.85370054617349   3.648199034076764e-17
9.862781229004142   3.644677914922227e-17
9.871870280142751   3.641161134891573e-17
9.880967707301133   3.637648680236845e-17
9.890073518198204   3.634140537346219e-17
9.899187720560024   3.630636692741648e-17
9.908310322119739   3.627137133076618e-17
9.917441330617637   3.623641845133905e-17
9.926580753801124   3.6201508158234e-17
9.935728599424781   3.6166640321799855e-17
9.944884875250299   3.613181481361468e-17
9.954049589046535   3.6097031506465437e-17
9.963222748589496   3.606229027432813e-17
9.972404361662386   3.602759099234835e-17
9.981594436055548   3.5992933536822484e-17
9.990792979566516   3.595831778517904e-17
10.0   3.592374361596055e-17
