0.001   7.39782239727013e-13
0.0010009215505167933   7.391011207072628e-13
0.0010018439502889405   7.384206287951866e-13
0.0010027672000990757   7.377407634134034e-13
0.0010036913007305502   7.370615239850666e-13
0.0010046162529674394   7.363829099338593e-13
0.0010055420575945395   7.357049206839962e-13
0.0010064687153973732   7.350275556602202e-13
0.0010073962271621838   7.343508142878058e-13
0.0010083245936759408   7.336746959925556e-13
0.0010092538157263373   7.329992002008022e-13
0.0010101838941017954   7.323243263394039e-13
0.0010111148295914613   7.316500738357487e-13
0.0010120466229852085   7.309764421177515e-13
0.0010129792750736386   7.303034306138541e-13
0.0010139127866480835   7.296310387530227e-13
0.0010148471585006023   7.289592659647516e-13
0.0010157823914239848   7.282881116790594e-13
0.0010167184862117501   7.276175753264902e-13
0.0010176554436581518   7.269476563381102e-13
0.0010185932645581726   7.262783541455114e-13
0.0010195319497075283   7.256096681808092e-13
0.0010204714999026674   7.249415978766419e-13
0.0010214119159407755   7.242741426661677e-13
0.0010223531986197697   7.062653543475147e-13
0.001023295348738303   6.90579788657182e-13
0.001024238367095764   6.804295314660251e-13
0.0010251822544922805   6.723771770932511e-13
0.0010261270117287152   6.655264578791317e-13
0.0010270726396066695   6.594808348305934e-13
0.001028019138928482   6.540232532675766e-13
0.001028966510497235   6.490195526379629e-13
0.0010299147551167467   6.443799285143029e-13
0.0010308638735915777   6.400407647536249e-13
0.0010318138667270284   6.359550431781365e-13
0.0010327647353291453   6.320868460363791e-13
0.0010337164802047137   6.284079994751231e-13
0.001034669102161264   6.2489591929344e-13
0.0010356226020070698   6.215321710742424e-13
0.0010365769805511522   6.183014748440677e-13
0.0010375322386032752   6.15190997198974e-13
0.0010384883769739498   6.121898354899781e-13
0.0010394453964744329   6.092886339695639e-13
0.0010404032979167324   6.064792928382125e-13
0.001041362082113601   6.037547441016839e-13
0.0010423217498785418   6.011087763908806e-13
0.001043282302025806   5.985358962720219e-13
0.0010442437393703991   5.960312171644792e-13
0.0010452060627280742   5.935903694315525e-13
0.0010461692729153368   5.912094269102997e-13
0.0010471333707494442   5.888848463489485e-13
0.0010480983570484096   5.866134170834688e-13
0.001049064232630998   5.843922189134498e-13
0.0010500309983167283   5.822185866009526e-13
0.001050998654925875   5.800900797622164e-13
0.001051967203279471   5.780044571833248e-13
0.0010529366441993028   5.759596547902402e-13
0.0010539069785079154   5.73953766656963e-13
0.0010548782070286104   5.719850285548204e-13
0.0010558503305854515   5.700518036391711e-13
0.001056823350003259   5.681525699435547e-13
0.0010577972661076137   5.662859094098213e-13
0.0010587720797248566   5.644504982297503e-13
0.0010597477916820934   5.626450983114067e-13
0.0010607244028071885   5.608685497141696e-13
0.0010617019139287707   5.591197639212739e-13
0.001062680325876231   5.57397717839259e-13
0.0010636596394797285   5.557014484305251e-13
0.001064639855570183   5.54030047899238e-13
0.0010656209749792826   5.52382659362357e-13
0.0010666029985394794   5.507584729473646e-13
0.0010675859270839968   5.49156722266354e-13
0.0010685697614468224   5.475766812230553e-13
0.0010695545024627133   5.460176611151269e-13
0.0010705401509671954   5.444790079990261e-13
0.0010715267077965672   5.42960100288925e-13
0.0010725141737878948   5.414603465647798e-13
0.0010735025497790173   5.399791835676626e-13
0.0010744918366085438   5.385160743632012e-13
0.0010754820351158607   5.370705066561737e-13
0.0010764731461411236   5.356419912413592e-13
0.001077465170525263   5.342300605773793e-13
0.0010784581091099873   5.328342674718199e-13
0.0010794519627377775   5.314541838672049e-13
0.001080446732251892   5.300893997185051e-13
0.0010814424184963653   5.287395219539007e-13
0.001082439022316013   5.274041735113576e-13
0.0010834365445564255   5.260829924443844e-13
0.0010844349860639742   5.24775631090969e-13
0.001085434347685809   5.234817553003396e-13
0.0010864346302698641   5.222010437126942e-13
0.0010874358346648514   5.209331870875498e-13
0.0010884379617202664   5.19677887676731e-13
0.001089441012286386   5.184348586384485e-13
0.0010904449872142744   5.172038234892028e-13
0.0010914498873557763   5.159845155905973e-13
0.001092455713563523   5.147766776683472e-13
0.0010934624666909302   5.135800613610789e-13
0.0010944701475922032   5.12394426796672e-13
0.0010954787571223316   5.112195421941397e-13
0.0010964882961370939   5.100551834891688e-13
0.0010974987654930556   5.089011339816367e-13
0.0010985101660475757   5.077571840035384e-13
0.0010995224986587997   5.06623130605917e-13
0.0011005357641856645   5.054987772634609e-13
0.0011015499634878982   5.043839335955796e-13
0.001102565097426024   5.032784151028405e-13
0.0011035811668613552   5.021820429177581e-13
0.0011045981726559998   5.010946435689743e-13
0.0011056161156728587   5.000160487579732e-13
0.0011066349967756319   4.989460951475166e-13
0.001107654816828812   4.978846241610718e-13
0.0011086755766976893   4.968314817925229e-13
0.00110969727724835   4.957865184255433e-13
0.0011107199193476824   4.947495886620222e-13
0.0011117435038633698   4.937205511590204e-13
0.0011127680316638966   4.926992684737126e-13
0.0011137935036185465   4.916856069158682e-13
0.001114819920597407   4.906794364074102e-13
0.0011158472834713652   4.896806303486583e-13
0.0011168755931121107   4.886890654908555e-13
0.0011179048503921357   4.877046218146304e-13
0.0011189350561847404   4.867271824140545e-13
0.0011199662113640255   4.857566333859982e-13
0.0011209983168048992   4.847928637244683e-13
0.001122031373383074   4.83835765219679e-13
0.0011230653819750734   4.828852323615801e-13
0.0011241003434582252   4.819411622476257e-13
0.0011251362587106667   4.810034544945358e-13
0.0011261731286113432   4.800720111538579e-13
0.0011272109540400137   4.791467366311179e-13
0.0011282497358772443   4.782275376083929e-13
0.001129289475004414   4.773143229701101e-13
0.0011303301723037122   4.764070037319238e-13
0.001131371828658146   4.755054929725062e-13
0.0011324144449515311   4.74609705768123e-13
0.0011334580220685004   4.737195591298323e-13
0.0011345025608945   4.728349719432031e-13
0.0011355480623157956   4.719558649104113e-13
0.0011365945272194663   4.710821604946198e-13
0.0011376419564934099   4.702137828665132e-13
0.001138690351026341   4.69350657852901e-13
0.001139739711707797   4.684927128872815e-13
0.001140790039428131   4.676398769622907e-13
0.0011418413350785187   4.667920805839286e-13
0.001142893599550955   4.65949255727503e-13
0.001143946833738261   4.651113357951928e-13
0.0011450010385340766   4.642782555751824e-13
0.0011460562148328665   4.634499512022723e-13
0.0011471123635299187   4.626263601199175e-13
0.0011481694855213498   4.618074210436219e-13
0.0011492275817040981   4.609930739256433e-13
0.0011502866529759306   4.601832599209314e-13
0.0011513467002354399   4.593779213542665e-13
0.0011524077243820503   4.585770016885324e-13
0.001153469726316011   4.577804454940921e-13
0.0011545327069384017   4.569881984192021e-13
0.0011555966671511356   4.562002071614319e-13
0.0011566616078569534   4.554164194400551e-13
0.0011577275299594289   4.546367839693529e-13
0.0011587944343629678   4.5386125043281076e-13
0.0011598623219728121   4.530897694581606e-13
0.0011609311936950353   4.523222925932464e-13
0.0011620010504365464   4.5155877228266746e-13
0.0011630718931050893   4.507991618451778e-13
0.0011641437226092481   4.500434154518062e-13
0.0011652165398584402   4.492914881046796e-13
0.001166290345762923   4.4854333561650645e-13
0.0011673651412337906   4.477989145907095e-13
0.001168440927182981   4.4705818240217134e-13
0.001169517704523269   4.4632109717858416e-13
0.0011705954741682712   4.4558761778236495e-13
0.0011716742370324457   4.448577037931257e-13
0.0011727539940310965   4.441313154906721e-13
0.001173834746080367   4.434084138385214e-13
0.0011749164940972475   4.4268896046790386e-13
0.0011759992389995706   4.419729176622476e-13
0.001177082981706019   4.4126024834211323e-13
0.0011781677231361188   4.4055091605058034e-13
0.0011792534642102441   4.39844884939052e-13
0.0011803402058496162   4.391421197534737e-13
0.0011814279489763089   4.384425858209454e-13
0.001182516694513242   4.377462490367238e-13
0.0011836064433841875   4.3705307585158557e-13
0.0011846971965137668   4.3636303325955326e-13
0.0011857889548274577   4.3567608878595963e-13
0.0011868817192515865   4.3499221047585326e-13
0.0011879754907133354   4.343113668827182e-13
0.001189070270140739   4.336335270575082e-13
0.0011901660584626905   4.329586605379777e-13
0.0011912628566089368   4.3228673733830937e-13
0.0011923606655100815   4.3161772793901617e-13
0.001193459486097585   4.309516032771192e-13
0.00119455931930377   4.3028833473658276e-13
0.0011956601660618148   4.296278941390125e-13
0.0011967620273057582   4.289702537345913e-13
0.001197864903970499   4.2831538619325794e-13
0.0011989687969918017   4.276632645961111e-13
0.0012000737073062885   4.270138624270457e-13
0.0012011796358514467   4.263671535645958e-13
0.0012022865835656258   4.2572311227399376e-13
0.0012033945513880446   4.25081713199425e-13
0.0012045035402587824   4.244429313564901e-13
0.0012056135511187872   4.2380674212484665e-13
0.0012067245849098724   4.231731212410428e-13
0.0012078366425747234   4.2254204479152435e-13
0.00120894972505689   4.2191348920582294e-13
0.0012100638333007933   4.212874312499053e-13
0.0012111789682517232   4.206638480196907e-13
0.0012122951308558448   4.2004271693472185e-13
0.001213412322060191   4.1942401573199735e-13
0.0012145305428126689   4.1880772245994655e-13
0.001215649794062058   4.181938154725518e-13
0.0012167700767580156   4.1758227342360986e-13
0.0012178913918510705   4.1697307526113467e-13
0.001219013740292629   4.1636620022188726e-13
0.0012201371230349724   4.1576162782603663e-13
0.001221261541031264   4.151593378719447e-13
0.0012223869952355413   4.145593104310767e-13
0.001223513486602722   4.139615258430249e-13
0.001224641016088603   4.133659647106504e-13
0.0012257695846498657   4.1277260789533227e-13
0.0012268991932440692   4.1218143651233235e-13
0.0012280298428296555   4.115924319262601e-13
0.0012291615343659526   4.110055757466384e-13
0.0012302942688131701   4.104208498235765e-13
0.0012314280471324027   4.098382362435333e-13
0.0012325628702856313   4.0925771732517706e-13
0.001233698739235722   4.086792756153392e-13
0.0012348356549464318   4.081028938850514e-13
0.0012359736183824026   4.0752855512567904e-13
0.0012371126305091645   4.0695624254513184e-13
0.0012382526922931417   4.063859395641565e-13
0.0012393938047016453   4.0581762981271697e-13
0.0012405359687028784   4.0525129712644555e-13
0.001241679185265936   4.0468692554317353e-13
0.0012428234553608093   4.041244992995329e-13
0.0012439687799583798   4.0356400282763633e-13
0.0012451151600304253   4.0300542075182115e-13
0.0012462625965496171   4.024487378854652e-13
0.0012474110904895277   4.018939392278669e-13
0.001248560642824622   4.0134100996119536e-13
0.0012497112545302646   4.007899354474983e-13
0.0012508629265827183   4.0024070122577536e-13
0.001252015659959148   3.9969329300910837e-13
0.0012531694556376168   3.991476966818566e-13
0.001254324314597089   3.9860389829690203e-13
0.0012554802378174311   3.980618840729552e-13
0.0012566372262794157   3.975216403919125e-13
0.0012577952809647152   3.9698315379627185e-13
0.0012589544028559084   3.9644641098659354e-13
0.001260114592936478   3.9591139881901694e-13
0.0012612758521908175   3.953781043028217e-13
0.0012624381816042228   3.9484651459804465e-13
0.0012636015821628997   3.9431661701313543e-13
0.0012647660548539615   3.937883990026642e-13
0.0012659316006654348   3.9326184816506853e-13
0.0012670982205862532   3.927369522404516e-13
0.0012682659156062622   3.9221369910841614e-13
0.001269434686716219   3.916920767859442e-13
0.0012706045349077978   3.911720734253136e-13
0.0012717754611735821   3.9065367731206125e-13
0.0012729474665070717   3.9013687686297786e-13
0.0012741205519026806   3.896216606241456e-13
0.0012752947183557435   3.891080172690084e-13
0.001276469966862508   3.88595935596485e-13
0.0012776462984201411   3.8808540452911106e-13
0.001278823714026728   3.8757641311122e-13
0.001280002214681277   3.870689505071537e-13
0.001281181801383713   3.8656300599951234e-13
0.0012823624751348843   3.8605856898743063e-13
0.00128354423693656   3.8555562898488936e-13
0.0012847270877914358   3.850541756190543e-13
0.0012859110287031285   3.845541986286509e-13
0.00128709606067618   3.840556878623632e-13
0.0012882821847160575   3.8355863327726454e-13
0.0012894694018291582   3.83063024937274e-13
0.0012906577130228029   3.8256885301164546e-13
0.0012918471193052424   3.8207610777347756e-13
0.0012930376216856547   3.815847795982556e-13
0.0012942292211741524   3.810948589624132e-13
0.0012954219187817743   3.806063364419273e-13
0.001296615715520493   3.801192027109308e-13
0.0012978106124032118   3.796334485403537e-13
0.0012990066104437718   3.791490647965842e-13
0.0013002037106569443   3.7866604244015887e-13
0.0013014019140584368   3.7818437252447003e-13
0.0013026012216648918   3.7770404619449845e-13
0.0013038016344938926   3.7722505468556505e-13
0.0013050031535639564   3.767473893221087e-13
0.0013062057798945402   3.762710415164806e-13
0.001307409514506039   3.757960027677616e-13
0.0013086143584197926   3.75322264660596e-13
0.0013098203126580775   3.748498188640517e-13
0.001311027378244114   3.7437865713049287e-13
0.0013122355562020635   3.7390877129447554e-13
0.001313444847557036   3.734401532716581e-13
0.0013146552533350817   3.7297279505773556e-13
0.0013158667745631978   3.725066887273855e-13
0.0013170794122693262   3.7204182643323596e-13
0.0013182931674823608   3.7157820040484507e-13
0.0013195080412321393   3.711158029477054e-13
0.0013207240345494498   3.706546264422566e-13
0.0013219411484660286   3.7019466334291934e-13
0.001323159384014568   3.697359061771407e-13
0.0013243787422287064   3.692783475444606e-13
0.001325599224143036   3.688219801155888e-13
0.0013268208307931058   3.683667966314961e-13
0.0013280435632154154   3.679127899025253e-13
0.0013292674224474204   3.6745995280751133e-13
0.001330492409527532   3.6700827829291795e-13
0.0013317185254951218   3.6655775937198504e-13
0.001332945771390515   3.661083891238952e-13
0.0013341741482549973   3.6566016069294774e-13
0.0013354036571308126   3.6521306728774867e-13
0.0013366342990611692   3.647671021804107e-13
0.0013378660750902327   3.643222587057709e-13
0.0013390989862631323   3.638785302606141e-13
0.001340333033625959   3.6343591030291366e-13
0.001341568218225772   3.6299439235107876e-13
0.0013428045411105916   3.6255396998321944e-13
0.0013440420033294044   3.6211463683641814e-13
0.0013452806059321633   3.6167638660601386e-13
0.001346520349969792   3.6123921304489643e-13
0.0013477612364941793   3.6080310996281453e-13
0.0013490032665581845   3.6036807122569e-13
0.0013502464412156357   3.599340907549459e-13
0.0013514907615213363   3.5950116252684096e-13
0.0013527362285310576   3.590692805718195e-13
0.0013539828433015455   3.5863843897386534e-13
0.001355230606890518   3.5820863186986944e-13
0.0013564795203566719   3.5777985344900305e-13
0.001357729584759676   3.5735209795210557e-13
0.001358980801160177   3.5692535967107575e-13
0.001360233170619797   3.5649963294827645e-13
0.0013614866942011409   3.5607491217594313e-13
0.0013627413729677892   3.5565119179560707e-13
0.0013639972079843032   3.552284662975223e-13
0.0013652542003162245   3.548067302201026e-13
0.00136651235103008   3.5438597814936565e-13
0.0013677716611933764   3.5396620471838764e-13
0.0013690321318746042   3.5354740460676326e-13
0.0013702937641432386   3.5312957254007405e-13
0.0013715565590697433   3.5271270328936394e-13
0.0013728205177255654   3.522967916706248e-13
0.0013740856411831397   3.51881832544286e-13
0.0013753519305158889   3.514678208147131e-13
0.0013766193867982286   3.510547514297119e-13
0.0013778880111055601   3.5064261938004294e-13
0.0013791578045142777   3.50231419698939e-13
0.001380428768101766   3.4982114746163173e-13
0.0013817009029464065   3.4941179778488227e-13
0.0013829742101275704   3.4900336582652324e-13
0.0013842486907256254   3.485958467850019e-13
0.0013855243458219327   3.4818923589893277e-13
0.0013868011764988544   3.477835284466543e-13
0.0013880791838397466   3.473787197457941e-13
0.001389358368928964   3.469748051528387e-13
0.0013906387328518602   3.4657178006270913e-13
0.0013919202766947926   3.4616963990834117e-13
0.0013932030015451158   3.457683801602748e-13
0.0013944869084911878   3.4536799632624617e-13
0.0013957719986223678   3.4496848395078607e-13
0.001397058273029024   3.445698386148222e-13
0.001398345732802524   3.44172055935291e-13
0.001399634379035244   3.4377513156474994e-13
0.0014009242128205641   3.4337906119099856e-13
0.0014022152352528771   3.4298384053670076e-13
0.0014035074474275798   3.425894653590168e-13
0.00140480085044108   3.421959314492365e-13
0.0014060954453907943   3.418032346324195e-13
0.001407391233375155   3.414113707670373e-13
0.001408688215493602   3.410203357446245e-13
0.0014099863928465895   3.4063012548943087e-13
0.0014112857665355887   3.4024073595807863e-13
0.0014125863376630826   3.398521631392263e-13
0.001413888107332571   3.3946440305323437e-13
0.0014151910766485713   3.390774517518368e-13
0.0014164952467166166   3.386913053178167e-13
0.0014178006186432637   3.3830595986468344e-13
0.0014191071935360843   3.3792141153636023e-13
0.001420414972503671   3.375376565068689e-13
0.0014217239566556427   3.371546909800217e-13
0.0014230341471026362   3.367725111891184e-13
0.001424345544956313   3.363911133966447e-13
0.0014256581513293599   3.360104938939756e-13
0.0014269719673354864   3.3563064900108326e-13
0.001428286994089434   3.352515750662454e-13
0.0014296032327069663   3.3487326846576277e-13
0.0014309206843048754   3.344957256036756e-13
0.0014322393500009866   3.3411894291148417e-13
0.0014335592309141518   3.337429168478757e-13
0.0014348803281642546   3.3336764389845133e-13
0.0014362026428722094   3.329931205754594e-13
0.001437526176159968   3.326193434175276e-13
0.0014388509291505124   3.3224630898940475e-13
0.0014401769029678594   3.3187401388170083e-13
0.0014415040987370618   3.315024547106316e-13
0.0014428325175842125   3.3113162811776606e-13
0.0014441621606364385   3.307615307697791e-13
0.0014454930290219064   3.303921593582043e-13
0.0014468251238698212   3.3002351059919126e-13
0.0014481584463104328   3.2965558123326464e-13
0.0014494929974750287   3.2928836802508885e-13
0.0014508287784959402   3.289218677632326e-13
0.0014521657905065403   3.285560772599379e-13
0.001453504034641251   3.281909933508901e-13
0.0014548435120355359   3.2782661289499413e-13
0.0014561842238259056   3.2746293277414993e-13
0.0014575261711499172   3.2709994989303244e-13
0.00145886935514618   3.267376611788725e-13
0.0014602137769543489   3.26376063581243e-13
0.0014615594377151298   3.2601515407184567e-13
0.001462906338570279   3.256549296443006e-13
0.0014642544806626086   3.2529538731393753e-13
0.00146560386513598   3.2493652411759245e-13
0.0014669544931353105   3.245783371134031e-13
0.00146830636580657   3.242208233806096e-13
0.0014696594842967898   3.238639800193538e-13
0.0014710138497540538   3.235078041504865e-13
0.0014723694633275047   3.231522929153721e-13
0.0014737263261673434   3.2279744347569727e-13
0.0014750844394248348   3.224432530132811e-13
0.0014764438042523004   3.2208971872989016e-13
0.0014778044218031255   3.217368378470512e-13
0.001479166293231756   3.213846076058707e-13
0.001480529419693707   3.2103302526685135e-13
0.0014818938023455535   3.2068208810971627e-13
0.0014832594423449378   3.2033179343323126e-13
0.0014846263408505678   3.1998213855503003e-13
0.0014859944990222235   3.196331208114415e-13
0.0014873639180207495   3.1928473755731966e-13
0.0014887345990080613   3.189369861658753e-13
0.0014901065431471435   3.185898640285087e-13
0.001491479751602058   3.1824336855464284e-13
0.0014928542255379337   3.1789749717156415e-13
0.001494229966120975   3.175522473242585e-13
0.0014956069745184603   3.1720761647525257e-13
0.0014969852518987475   3.16863602104455e-13
0.0014983647994312667   3.165202017090027e-13
0.0014997456182865275   3.161774128031054e-13
0.0015011277096361165   3.1583523291789264e-13
0.0015025110746527044   3.154936596012634e-13
0.0015038957145100383   3.151526904177372e-13
0.0015052816303829481   3.148123229483066e-13
0.0015066688234473455   3.144725547902912e-13
0.0015080572948802298   3.1413338355719225e-13
0.0015094470458596806   3.137948068785518e-13
0.001510838077564863   3.134568223998107e-13
0.0015122303911760339   3.131194277821675e-13
0.0015136239878745328   3.127826207024428e-13
0.0015150188688427893   3.124463988529412e-13
0.0015164150352643228   3.1211075994131615e-13
0.0015178124883237424   3.117757016904368e-13
0.0015192112292067524   3.1144122183825436e-13
0.0015206112591001461   3.1110731813767313e-13
0.00152201257919181   3.107739883564199e-13
0.00152341519067073   3.104412302769153e-13
0.0015248190947269834   3.1010904169614874e-13
0.0015262242925517455   3.097774204255518e-13
0.001527630785337289   3.0944636429087433e-13
0.0015290385742769844   3.091158711320623e-13
0.0015304476605653061   3.087859388031349e-13
0.0015318580453978251   3.0845656517206633e-13
0.001533269729971214   3.081277481206658e-13
0.0015346827154832524   3.0779948554445937e-13
0.00153609700313282   3.074717753525746e-13
0.0015375125941199015   3.071446154676251e-13
0.0015389294896455874   3.068180038255963e-13
0.0015403476909120787   3.0649193837573173e-13
0.00154176719912268   3.0616641708042333e-13
0.0015431880154818064   3.0584143791509917e-13
0.0015446101411949814   3.0551699886811564e-13
0.0015460335774688438   3.051930979406469e-13
0.00154745832551114   3.0486973314658044e-13
0.001548884386530731   3.0454690251240963e-13
0.0015503117617375899   3.0422460407712893e-13
0.0015517404523428097   3.039028358921293e-13
0.0015531704595585954   3.035815960210974e-13
0.0015546017845982697   3.032608825399117e-13
0.0015560344286762724   3.029406935365436e-13
0.0015574683930081672   3.0262102711095524e-13
0.001558903678810633   3.023018813750039e-13
0.001560340287301472   3.019832544523419e-13
0.0015617782196996064   3.0166514447832146e-13
0.0015632174772250871   3.013475495998969e-13
0.0015646580610990844   3.010304679755324e-13
0.0015660999725438949   3.007138977751067e-13
0.001567543212782941   3.0039783717982065e-13
0.0015689877830407772   3.0008228438210396e-13
0.0015704336845430806   2.997672375855265e-13
0.0015718809185166608   2.9945269500470646e-13
0.001573329486189456   2.991386548652217e-13
0.00157477938879054   2.9882511540352033e-13
0.0015762306275501153   2.9851207486683527e-13
0.0015776832036995196   2.981995315130958e-13
0.0015791371184712233   2.9788748361084295e-13
0.0015805923730988379   2.975759294391429e-13
0.0015820489688171068   2.9726486728750496e-13
0.0015835069068619123   2.969542954557973e-13
0.0015849661884702751   2.966442122541644e-13
0.0015864268148803597   2.963346160029446e-13
0.0015878887873314676   2.9602550503259116e-13
0.0015893521070640432   2.9571687768359074e-13
0.001590816775319673   2.9540873230638484e-13
0.0015922827933410922   2.9510106726128976e-13
0.0015937501623721768   2.94793880918421e-13
0.0015952188836579502   2.944871716576144e-13
0.0015966889584445821   2.9418093786835134e-13
0.0015981603879793949   2.938751779496813e-13
0.001599633173510856   2.935698903101489e-13
0.0016011073162885844   2.9326507336771886e-13
0.00160258281756335   2.9296072554970267e-13
0.0016040596785870797   2.9265684529268526e-13
0.0016055379006128488   2.923534310424543e-13
0.00160701748489489   2.920504812539278e-13
0.001608498432688589   2.917479943910843e-13
0.0016099807452504944   2.9144596892689107e-13
0.0016114644238383073   2.911444033432371e-13
0.0016129494697108893   2.9084329613086303e-13
0.0016144358841282613   2.9054264578929344e-13
0.0016159236683516093   2.902424508267687e-13
0.0016174128236432772   2.8994270976017983e-13
0.0016189033512667723   2.89643421115001e-13
0.0016203952524867706   2.8934458342522377e-13
0.001621888528569109   2.890461952332935e-13
0.001623383180780793   2.887482550900442e-13
0.0016248792103899952   2.884507615546344e-13
0.0016263766186660551   2.8815371319448523e-13
0.0016278754068794873   2.87857108585216e-13
0.0016293755763019723   2.875609463105842e-13
0.001630877128206362   2.8726522496242343e-13
0.001632380063866687   2.86969943140581e-13
0.0016338843845581463   2.866750994528604e-13
0.0016353900915571165   2.8638069251495945e-13
0.0016368971861411496   2.86086720950412e-13
0.0016384056695889738   2.8579318339052926e-13
0.0016399155431805006   2.855000784743408e-13
0.001641426808196816   2.852074048485383e-13
0.0016429394659201863   2.849151611674183e-13
0.001644453517634065   2.846233460928236e-13
0.0016459689646230835   2.8433195829409035e-13
0.0016474858081730575   2.8404099644799067e-13
0.0016490040495709874   2.8375045923867786e-13
0.0016505236901050637   2.834603453576314e-13
0.0016520447310646596   2.831706535036043e-13
0.001653567173740338   2.828813823825681e-13
0.001655091019423849   2.825925307076614e-13
0.001656616269408139   2.823040971991345e-13
0.0016581429249873404   2.820160805843005e-13
0.0016596709874567796   2.817284795974817e-13
0.0016612004581129756   2.814412929799589e-13
0.0016627313382536469   2.8115451947992005e-13
0.0016642636291777028   2.80868157852411e-13
0.0016657973321852519   2.8058220685928503e-13
0.0016673324485775983   2.802966652691536e-13
0.0016688689796572514   2.8001153185733637e-13
0.0016704069267279148   2.797268054058147e-13
0.001671946291094496   2.794424847031817e-13
0.001673487074063103   2.791585685445955e-13
0.0016750292769410527   2.788750557317309e-13
0.0016765729010368617   2.785919450727339e-13
0.001678117947660254   2.783092353821743e-13
0.0016796644181221586   2.7802692548100035e-13
0.0016812123137347184   2.7774501419649125e-13
0.0016827616358112798   2.774635003622147e-13
0.0016843123856664017   2.7718238281797977e-13
0.0016858645646158521   2.769016604097939e-13
0.0016874181739766174   2.7662133198981693e-13
0.001688973215066892   2.763413964163194e-13
0.0016905296892060868   2.7606185255363827e-13
0.0016920875977148274   2.7578269927213423e-13
0.001693646941914961   2.7550393544814783e-13
0.0016952077231295482   2.752255599639596e-13
0.0016967699426828702   2.7494757170774595e-13
0.0016983336019004273   2.746699695735395e-13
0.0016998987021089459   2.7439275246118557e-13
0.0017014652446363707   2.741159192763041e-13
0.0017030332308118712   2.73839468930247e-13
0.0017046026619658404   2.7356340034005973e-13
0.001706173539429902   2.7328771242843947e-13
0.0017077458645369029   2.7301240412369764e-13
0.0017093196386209185   2.7273747435972e-13
0.0017108948630172528   2.7246292207592795e-13
0.0017124715390624452   2.72188746217239e-13
0.001714049668094262   2.719149457340307e-13
0.0017156292514517038   2.716415195821012e-13
0.001717210290475003   2.713684667226329e-13
0.001718792786505633   2.7109578612215325e-13
0.0017203767408862979   2.7082347675250066e-13
0.0017219621549609408   2.7055153759078577e-13
0.0017235490300747417   2.7027996761935656e-13
0.0017251373675741257   2.7000876582576076e-13
0.0017267271688067532   2.6973793120271185e-13
0.001728318435121528   2.694674627480533e-13
0.001729911167868596   2.691973594647228e-13
0.0017315053683993518   2.6892762036071754e-13
0.0017331010380664306   2.6865824444906055e-13
0.0017346981782237138   2.683892307477664e-13
0.0017362967902263362   2.6812057827980556e-13
0.001737896875430676   2.678522860730731e-13
0.0017394984351943624   2.675843531603539e-13
0.001741101470876277   2.6731677857929e-13
0.0017427059838365508   2.6704956137234775e-13
0.001744311975436574   2.6678270058678437e-13
0.0017459194470389864   2.665161952746171e-13
0.001747528400007683   2.662500444925909e-13
0.001749138835707821   2.659842473021447e-13
0.0017507507555058108   2.6571880276938284e-13
0.0017523641607693234   2.6545370996504177e-13
0.0017539790528672905   2.6518896796445975e-13
0.0017555954331699031   2.649245758475462e-13
0.0017572133030486208   2.6466053269875005e-13
0.0017588326638761614   2.6439683760703124e-13
0.0017604535170265075   2.641334896658299e-13
0.001762075863874914   2.638704879730355e-13
0.0017636997057978968   2.636078316309591e-13
0.001765325044173243   2.63345519746303e-13
0.0017669518803800073   2.6308355143013223e-13
0.0017685802157985204   2.628219257978443e-13
0.00177021005181038   2.625606419691426e-13
0.0017718413897984584   2.622996990680068e-13
0.001773474231146901   2.6203909622266484e-13
0.001775108577241134   2.6177883256556483e-13
0.001776744429467855   2.615189072333478e-13
0.0017783817892150406   2.6125931936682016e-13
0.0017800206578719457   2.6100006811092627e-13
0.0017816610368291104   2.6074115261472046e-13
0.0017833029274783507   2.60482572031342e-13
0.0017849463312127674   2.6022432551798707e-13
0.001786591249426743   2.599664122358833e-13
0.0017882376835159507   2.5970883135026177e-13
0.001789885634877344   2.594515820303335e-13
0.0017915351049091661   2.591946634492616e-13
0.0017931860950109466   2.58938074784137e-13
0.0017948386065835106   2.5868181521595146e-13
0.0017964926410289682   2.5842588392957423e-13
0.0017981481997507236   2.581702801137258e-13
0.0017998052841534731   2.579150029609536e-13
0.001801463895643212   2.576600516676065e-13
0.0018031240356272266   2.574054254338115e-13
0.0018047857055141013   2.571511234634491e-13
0.0018064489067137171   2.568971449641293e-13
0.0018081136406372597   2.5664348914716646e-13
0.00180977990869721   2.5639015522755773e-13
0.001811447712307352   2.5613714242395806e-13
0.001813117052882771   2.5588444995865784e-13
0.001814787931839862   2.556320770575579e-13
0.0018164603505963193   2.5538002295014893e-13
0.0018181343105711457   2.551282868694874e-13
0.0018198098131846504   2.5487686805217287e-13
0.0018214868598584563   2.5462576573832544e-13
0.001823165452015491   2.543749791715643e-13
0.0018248455910799956   2.541245075989848e-13
0.0018265272784775215   2.538743502711372e-13
0.0018282105156349395   2.536245064420035e-13
0.0018298953039804298   2.533749753689776e-13
0.0018315816449434906   2.5312575631284283e-13
0.0018332695399549356   2.52876848537751e-13
0.0018349589904469023   2.526282513112005e-13
0.0018366499978528432   2.523799639040165e-13
0.001838342563607533   2.5213198559032955e-13
0.0018400366891470666   2.5188431564755506e-13
0.0018417323759088687   2.51636953356372e-13
0.0018434296253316826   2.513898980007038e-13
0.0018451284388555772   2.511431488676979e-13
0.0018468288179219546   2.508967052477043e-13
0.0018485307639735393   2.5065056643425776e-13
0.0018502342784543874   2.504047317240566e-13
0.0018519393628098858   2.5015920041694367e-13
0.001853646018486751   2.4991397181588694e-13
0.0018553542469330394   2.496690452269593e-13
0.0018570640495981351   2.494244199593207e-13
0.0018587754279327587   2.491800953251986e-13
0.001860488383388973   2.4893607063986834e-13
0.001862202917420173   2.486923452216358e-13
0.0018639190314810954   2.484489183918176e-13
0.0018656367270278177   2.4820578947472327e-13
0.0018673560055177567   2.4796295779763683e-13
0.0018690768684096787   2.4772042269079776e-13
0.0018707993171636881   2.474781834873845e-13
0.001872523353241235   2.4723623952349553e-13
0.0018742489781051219   2.46994590138131e-13
0.001875976193219494   2.467532346731765e-13
0.0018777050000498474   2.4651217247338446e-13
0.0018794354000630288   2.4627140288635715e-13
0.0018811673947272344   2.460309252625295e-13
0.00188290098551202   2.457907389551509e-13
0.0018846361738882893   2.4555084332026966e-13
0.0018863729613283013   2.453112377167157e-13
0.0018881113493056784   2.450719215060824e-13
0.0018898513392953944   2.448328940527119e-13
0.0018915929327737845   2.445941547236774e-13
0.0018933361312185447   2.4435570288876696e-13
0.0018950809361087306   2.441175379204673e-13
0.001896827348924767   2.4387965919394703e-13
0.001898575371148436   2.436420660870416e-13
0.001900325004262887   2.4340475798023674e-13
0.0019020762497526406   2.4316773425665205e-13
0.0019038291091035804   2.429309943020266e-13
0.001905583583802961   2.426945375047022e-13
0.0019073396753394075   2.424583632556082e-13
0.001909097385202915   2.4222247094824683e-13
0.0019108567148848573   2.4198685997867596e-13
0.0019126176658779775   2.4175152974549617e-13
0.0019143802396763933   2.4151647964983466e-13
0.001916144437775606   2.412817090953297e-13
0.0019179102616724887   2.410472174881168e-13
0.0019196777128652961   2.4081300423681367e-13
0.001921446792853662   2.4057906875250546e-13
0.001923217503138607   2.403454104487294e-13
0.0019249898452225302   2.401120287414622e-13
0.0019267638206092168   2.398789230491041e-13
0.001928539430803836   2.3964609279246545e-13
0.0019303166773129495   2.3941353739475173e-13
0.001932095561644502   2.391812562815507e-13
0.0019338760853078295   2.3894924888081764e-13
0.0019356582498136572   2.3871751462286195e-13
0.0019374420566741083   2.3848605294033235e-13
0.0019392275074026932   2.382548632682048e-13
0.00194101460351432   2.3802394504376797e-13
0.00194280334652529   2.377932977066102e-13
0.0019445937379533082   2.3756292069860515e-13
0.001946385779317472   2.3733281346390004e-13
0.0019481794721382811   2.371029754489015e-13
0.0019499748179376342   2.3687340610226296e-13
0.0019517718182388386   2.366441048748705e-13
0.001953570474566599   2.364150712198317e-13
0.0019553707884470283   2.361863045924616e-13
0.001957172761407642   2.3595780445027085e-13
0.001958976394977371   2.357295702529513e-13
0.0019607816906865483   2.3550160146236573e-13
0.0019625886500669195   2.3527389754253404e-13
0.001964397274651639   2.3504645795962134e-13
0.0019662075659752816   2.348192821819247e-13
0.001968019525573829   2.3459236967986255e-13
0.001969833154984681   2.343657199259612e-13
0.0019716484557466517   2.341393323948438e-13
0.0019734654293999798   2.3391320656321685e-13
0.001975284077486317   2.3368734190986036e-13
0.001977104401548736   2.334617379156148e-13
0.0019789264031317374   2.3323639406336883e-13
0.0019807500837812396   2.3301130983804927e-13
0.0019825754450445866   2.3278648472660836e-13
0.001984402488470549   2.3256191821801267e-13
0.001986231215609323   2.3233760980323175e-13
0.001988061628012539   2.321135589752261e-13
0.0019898937272332506   2.318897652289371e-13
0.001991727514825944   2.316662280612752e-13
0.0019935629923465434   2.314429469711082e-13
0.0019954001613524002   2.312199214592516e-13
0.001997239023402304   2.3099715102845656e-13
0.0019990795800564802   2.307746351833996e-13
0.0020009218328765903   2.305523734306716e-13
0.0020027657834257406   2.303303652787664e-13
0.0020046114332684726   2.301086102380716e-13
0.0020064587839707685   2.29887107820857e-13
0.0020083078371000616   2.2966585754126367e-13
0.002010158594225221   2.294448589152946e-13
0.002012011056916566   2.2922411146080383e-13
0.002013865226745861   2.290036146974859e-13
0.0020157211052863186   2.287833681468662e-13
0.0020175786941126067   2.285633713322896e-13
0.002019437994800837   2.2834362377891197e-13
0.0020212990089285756   2.281241250136894e-13
0.0020231617380748477   2.279048745653673e-13
0.002025026183820127   2.2768587196447213e-13
0.0020268923477463462   2.2746711674330077e-13
0.0020287602314368962   2.2724860843591057e-13
0.002030629836476625   2.2703034657811013e-13
0.0020325011644518457   2.2681233070744896e-13
0.002034374216950329   2.2659456036320866e-13
0.002036248995561309   2.2637703508639327e-13
0.0020381255018754882   2.2615975441971883e-13
0.002040003737485031   2.2594271790760586e-13
0.0020418837039835706   2.2572592509616806e-13
0.0020437654029662085   2.255093755332045e-13
0.002045648836029514   2.2529306876818992e-13
0.002047534004771535   2.250770043522647e-13
0.0020494209107917837   2.2486118183822754e-13
0.002051309555691249   2.2464560078052522e-13
0.002053199941072399   2.2443026073524332e-13
0.0020550920685391745   2.2421516126009868e-13
0.0020569859396969946   2.240003019144294e-13
0.002058881556152757   2.2378568225918663e-13
0.0020607789195148454   2.2357130185692505e-13
0.0020626780313931213   2.2335716027179527e-13
0.0020645788933989296   2.2314325706953463e-13
0.0020664815071451   2.229295918174587e-13
0.0020683858742459533   2.2271616408445239e-13
0.0020702919963172927   2.2250297344096214e-13
0.002072199874976412   2.2229001945898748e-13
0.002074109511842093   2.2207730171207227e-13
0.002076020908534617   2.2186481977529616e-13
0.002077934066675751   2.2165257322526728e-13
0.0020798489878887582   2.2144056164011338e-13
0.002081765673798397   2.2122878459947423e-13
0.0020836841260309285   2.2101724168449225e-13
0.0020856043462141064   2.2080593247780623e-13
0.0020875263359771863   2.2059485656354227e-13
0.0020894500969509235   2.2038401352730633e-13
0.0020913756307675826   2.2017340295617537e-13
0.0020933029390609254   2.1996302443869117e-13
0.002095232023466222   2.1975287756485117e-13
0.002097162885620247   2.1954296192610168e-13
0.00209909552716129   2.19333277115329e-13
0.0021010299497291438   2.191238227268533e-13
0.002102966154965115   2.189145983564199e-13
0.00210490414451202   2.1870560360119256e-13
0.002106843920014195   2.1849683805974482e-13
0.002108785483117487   2.1828830133205396e-13
0.0021107288354692603   2.1807999301949285e-13
0.002112673978718395   2.178719127248228e-13
0.0021146209145152988   2.1766406005218567e-13
0.002116569644511892   2.1745643460709777e-13
0.002118520170361621   2.1724903599644172e-13
0.002120472493719453   2.1704186382845988e-13
0.0021224266162418863   2.1683491771274642e-13
0.0021243825395869395   2.1662819726024127e-13
0.0021263402654141624   2.1642170208322254e-13
0.002128299795384631   2.1621543179529968e-13
0.002130261131160959   2.1600938601140607e-13
0.002132224274407285   2.1580356434779298e-13
0.002134189226789282   2.1559796642202242e-13
0.0021361559899741645   2.153925918529594e-13
0.0021381245656306763   2.1518744026076684e-13
0.0021400949554291017   2.149825112668976e-13
0.002142067161041264   2.147778044940882e-13
0.0021440411841405255   2.1457331956635248e-13
0.002146017026401796   2.143690561089739e-13
0.0021479946895015243   2.1416501374850043e-13
0.0021499741751177014   2.1396119211273763e-13
0.0021519554849298733   2.1375759083074084e-13
0.0021539386206191266   2.1355420953281095e-13
0.002155923583868099   2.133510478504863e-13
0.0021579103763609796   2.1314810541653712e-13
0.0021598989997835064   2.1294538186495926e-13
0.0021618894558229785   2.1274287683096676e-13
0.002163881746168242   2.1254058995098753e-13
0.0021658758725097006   2.1233852086265592e-13
0.0021678718365393222   2.1213666920480617e-13
0.0021698696399506264   2.1193503461746763e-13
0.0021718692844386973   2.1173361674185757e-13
0.002173870771700179   2.115324152203758e-13
0.0021758741034332793   2.1133142969659827e-13
0.0021778792813377753   2.1113065981527083e-13
0.0021798863071150055   2.109301052223042e-13
0.0021818951824678755   2.1072976556476747e-13
0.002183905909100868   2.1052964049088181e-13
0.002185918488720028   2.1032972965001565e-13
0.0021879329230329756   2.1013003269267832e-13
0.002189949213748906   2.0993054927051428e-13
0.0021919673625785847   2.0973127903629768e-13
0.0021939873712343632   2.0953222164392571e-13
0.002196009241430162   2.0933337674841476e-13
0.0021980329748814828   2.0913474400589315e-13
0.0022000585733054135   2.0893632307359608e-13
0.0022020860384206185   2.0873811360986047e-13
0.0022041153719473483   2.0854011527411896e-13
0.0022061465756074363   2.0834232772689487e-13
0.002208179651124309   2.0814475062979585e-13
0.0022102146002229753   2.0794738364550967e-13
0.002212251424630035   2.0775022643779803e-13
0.002214290126073677   2.075532786714919e-13
0.0022163307062836902   2.0735654001248468e-13
0.002218373166991451   2.0716001012772898e-13
0.0022204175099299326   2.0696368868522998e-13
0.002222463736833703   2.0676757535404098e-13
0.0022245118494389365   2.0657166980425694e-13
0.0022265618494833996   2.0637597170701097e-13
0.0022286137387064636   2.0618048073446825e-13
0.0022306675188490986   2.0598519655982143e-13
0.002232723191653888   2.0579011885728437e-13
0.002234780758865013   2.0559524730208882e-13
0.002236840222228265   2.0540058157047823e-13
0.0022389015834910412   2.0520612133970353e-13
0.0022409648444023564   2.05011866288017e-13
0.0022430300067128313   2.0481781609466873e-13
0.0022450970721747004   2.046239704399011e-13
0.0022471660425418117   2.0443032900494408e-13
0.0022492369195696365   2.0423689147200962e-13
0.002251309705015256   2.0404365752428811e-13
0.002253384400637375   2.038506268459429e-13
0.002255461008196314   2.036577991221058e-13
0.0022575395294540243   2.0346517403887172e-13
0.002259619966174074   2.032727512832949e-13
0.0022617023201216583   2.0308053054338385e-13
0.0022637865930635968   2.028885115080968e-13
0.002265872786768344   2.0269669386733643e-13
0.0022679609030059784   2.0250507731194636e-13
0.0022700509435482105   2.0231366153370614e-13
0.002272142910168382   2.0212244622532677e-13
0.002274236804641476   2.0193143108044544e-13
0.002276332628744104   2.0174061579362252e-13
0.0022784303842545164   2.0155000006033608e-13
0.0022805300729526012   2.0135958357697776e-13
0.0022826316966198935   2.011693660408481e-13
0.0022847352570395624   2.0097934715015276e-13
0.0022868407559964205   2.0078952660399797e-13
0.002288948195276933   2.0059990410238535e-13
0.0022910575766692037   2.004104793462092e-13
0.0022931689019629864   2.0022125203725093e-13
0.0022952821729496846   2.000322218781756e-13
0.0022973973914223508   1.9984338857252733e-13
0.0022995145591756952   1.9965475182472471e-13
0.0023016336780060775   1.994663113400576e-13
0.0023037547497115106   1.9927806682468265e-13
0.0023058777760916723   1.9909001798561834e-13
0.0023080027589478915   1.9890216453074206e-13
0.0023101297000831605   1.9871450616878557e-13
0.0023122586013021315   1.9852704260933066e-13
0.002314389464411119   1.9833977356280586e-13
0.002316522291218108   1.9815269874048132e-13
0.0023186570835327432   1.97965817854466e-13
0.002320793843166337   1.977791306177033e-13
0.0023229325719318775   1.9759263674396631e-13
0.002325073271644017   1.974063359478555e-13
0.0023272159441190834   1.9722022794479357e-13
0.002329360591175076   1.97034312451022e-13
0.002331507214631669   1.9684858918359758e-13
0.00233365581631022   1.9666305786038736e-13
0.002335806398033758   1.9647771820006644e-13
0.0023379589616269927   1.9629256992211357e-13
0.002340113508916322   1.9610761274680643e-13
0.0023422700417298184   1.9592284639521968e-13
0.002344428561897244   1.9573827058921985e-13
0.0023465890712500454   1.9555388505146232e-13
0.002348751571621355   1.9536968950538764e-13
0.002350916064846002   1.9518568367521695e-13
0.0023530825527604982   1.9500186728595011e-13
0.0023552510372030497   1.948182400633606e-13
0.002357421520013562   1.9463480173399227e-13
0.0023595940030336302   1.9445155202515638e-13
0.002361768488106548   1.9426849066492732e-13
0.0023639449770773064   1.9408561738213973e-13
0.002366123471792603   1.9390293190638416e-13
0.0023683039741008304   1.9372043396800447e-13
0.0023704864858520866   1.9353812329809392e-13
0.002372671008898173   1.9335599962849196e-13
0.002374857545092603   1.9317406269178006e-13
0.002377046096290594   1.9299231222127955e-13
0.0023792366643490717   1.9281074795104716e-13
0.0023814292511266737   1.9262936961587266e-13
0.0023836238584837564   1.9244817695127376e-13
0.0023858204882823827   1.922671696934952e-13
0.0023880191423863357   1.9208634757950338e-13
0.0023902198226611114   1.919057103469846e-13
0.0023924225309739345   1.9172525773434009e-13
0.0023946272691937414   1.9154498948068444e-13
0.002396834039191194   1.9136490532584163e-13
0.002399042842838676   1.9118500501034178e-13
0.0024012536820103036   1.9100528827541762e-13
0.002403466558581912   1.908257548630022e-13
0.0024056814744310684   1.9064640451572512e-13
0.002407898431437068   1.9046723697690958e-13
0.0024101174314809445   1.9028825199056856e-13
0.002412338476445458   1.9010944930140326e-13
0.002414561568215107   1.8993082865479833e-13
0.0024167867086761223   1.8975238979682024e-13
0.002419013899716482   1.895741324742125e-13
0.002421243143225896   1.8939605643439463e-13
0.002423474441095818   1.8921816142545767e-13
0.002425707795219443   1.8904044719616194e-13
0.0024279432074917166   1.8886291349593324e-13
0.0024301806798093257   1.886855600748608e-13
0.002432420214070705   1.8850838668369395e-13
0.0024346618121760377   1.8833139307383916e-13
0.0024369054760272654   1.8815457899735667e-13
0.0024391512075280747   1.8797794420695852e-13
0.002441399008583909   1.87801488456005e-13
0.0024436488811019658   1.8762521149850205e-13
0.002445900826991207   1.8744911308909786e-13
0.0024481548481623456   1.8727319298308086e-13
0.002450410946527857   1.8709745093637666e-13
0.002452669124001986   1.869218867055443e-13
0.002454929382500733   1.8674650004777497e-13
0.0024571917239418675   1.865712907208882e-13
0.0024594561502449264   1.863962584833293e-13
0.0024617226633312124   1.8622140309416701e-13
0.002463991265123807   1.8604672431308974e-13
0.0024662619575475564   1.8587222190040421e-13
0.002468534742529079   1.8569789561703212e-13
0.002470809621996779   1.8552374522450664e-13
0.002473086597880828   1.853497704849713e-13
0.00247536567211318   1.851759711611762e-13
0.002477646846627568   1.8500234701647594e-13
0.0024799301233595066   1.8482889781482657e-13
0.0024822155042462995   1.8465562332078298e-13
0.00248450299122703   1.8448252329949678e-13
0.0024867925862425673   1.8430959751671355e-13
0.0024890842912355772   1.8413684573876942e-13
0.0024913781081505075   1.8396426773258988e-13
0.0024936740389336007   1.8379186326568655e-13
0.002495972085532894   1.8361963210615422e-13
0.002498272249898216   1.8344757402266927e-13
0.0025005745339812   1.8327568878448612e-13
0.0025028789397352705   1.8310397616143577e-13
0.002505185469115652   1.829324359239228e-13
0.002507494124079379   1.8276106784292245e-13
0.0025098049065852804   1.8258987168997929e-13
0.002512117818593994   1.8241884723720384e-13
0.0025144328620679652   1.822479942572705e-13
0.0025167500389714436   1.820773125234153e-13
0.002519069351270497   1.8190680180943278e-13
0.002521390800932999   1.817364618896746e-13
0.002523714389928634   1.8156629253904685e-13
0.0025260401202289113   1.8139629353300688e-13
0.0025283679938071487   1.8122646464756201e-13
0.0025306980126384854   1.8105680565926686e-13
0.0025330301786998777   1.8088731634522116e-13
0.0025353644939701114   1.8071799648306648e-13
0.002537700960429789   1.805488458509854e-13
0.0025400395800613397   1.8037986422769828e-13
0.002542380354849018   1.8021105139246137e-13
0.0025447232867789145   1.8004240712506407e-13
0.0025470683778389415   1.798739312058274e-13
0.0025494156300188467   1.7970562341560114e-13
0.0025517650453102093   1.795374835357622e-13
0.0025541166257064497   1.793695113482115e-13
0.0025564703732028197   1.7920170663537282e-13
0.002558826289796412   1.790340691801899e-13
0.0025611843774861554   1.7886659876612482e-13
0.0025635446382728305   1.7869929517715485e-13
0.0025659070741590535   1.7853215819777152e-13
0.0025682716871492884   1.7836518761297768e-13
0.002570638479249844   1.7819838320828594e-13
0.0025730074524688853   1.780317447697155e-13
0.002575378608816421   1.7786527208379136e-13
0.002577751950304314   1.7769896493754147e-13
0.0025801274789462795   1.7753282311849497e-13
0.002582505196757895   1.7736684641467932e-13
0.0025848851057565887   1.7720103461461937e-13
0.00258726720796165   1.7703538750733488e-13
0.0025896515053942266   1.768699048823383e-13
0.002592038000077337   1.7670458652963237e-13
0.002594426694035856   1.7653943223970908e-13
0.0025968175892965273   1.76374441803547e-13
0.0025992106878879586   1.7620961501260967e-13
0.002601605991840637   1.7604495165884272e-13
0.00260400350318691   1.7588045153467304e-13
0.0026064032239610036   1.7571611443300634e-13
0.002608805156199014   1.7555194014722507e-13
0.002611209301938922   1.7538792847118633e-13
0.0026136156632205793   1.7522407919922044e-13
0.0026160242420857193   1.7506039212612875e-13
0.0026184350405779543   1.7489686704718182e-13
0.0026208480607427887   1.7473350375811692e-13
0.002623263304627603   1.7457030205513705e-13
0.002625680774281665   1.7440726173490887e-13
0.002628100471756138   1.7424438259455992e-13
0.00263052239910407   1.740816644316778e-13
0.0026329465583804007   1.7391910704430808e-13
0.0026353729516419653   1.7375671023095205e-13
0.002637801580947491   1.7359447379056554e-13
0.0026402324483576116   1.7343239752255592e-13
0.00264266555593485   1.7327048122678177e-13
0.0026451009057436308   1.7310872470355034e-13
0.0026475384998502893   1.7294712775361523e-13
0.0026499783403230565   1.7278569017817563e-13
0.002652420429232072   1.7262441177887387e-13
0.002654864768649384   1.7246329235779395e-13
0.0026573113606489463   1.723023317174597e-13
0.0026597602073066334   1.7214152966083252e-13
0.0026622113107002228   1.7198088599131074e-13
0.002664664672909409   1.7182040051272697e-13
0.0026671202960158093   1.7166007302934644e-13
0.0026695781821029527   1.7149990334586585e-13
0.00267203833325629   1.7133989126741118e-13
0.002674500751563194   1.7118003659953613e-13
0.002676965439112958   1.710203391482206e-13
0.0026794323979968102   1.7086079871986833e-13
0.002681901630307897   1.7070141512130616e-13
0.0026843731381412934   1.7054218815978206e-13
0.0026868469235940134   1.7038311764296277e-13
0.002689322988764996   1.7022420337893322e-13
0.0026918013357551166   1.7006544517619438e-13
0.0026942819666671866   1.6990684284366137e-13
0.0026967648836059527   1.6974839619066268e-13
0.00269925008867811   1.6959010502693715e-13
0.0027017375839922856   1.6943196916263395e-13
0.0027042273716590508   1.6927398840831015e-13
0.0027067194537909295   1.691161625749288e-13
0.0027092138325023854   1.689584914738581e-13
0.0027117105099098314   1.688009749168697e-13
0.0027142094881316297   1.6864361271613667e-13
0.0027167107692881026   1.6848640468423206e-13
0.002719214355501518   1.6832935063412798e-13
0.0027217202488961025   1.6817245037919315e-13
0.0027242284515980367   1.680157037331924e-13
0.0027267389657354697   1.6785911051028363e-13
0.0027292517934385035   1.6770267052501803e-13
0.002731766936839206   1.675463835923375e-13
0.002734284398071606   1.6739024952757357e-13
0.002736804179271709   1.6723426814644512e-13
0.002739326282577479   1.6707843926505826e-13
0.0027418507101288534   1.6692276269990386e-13
0.00274437746406774   1.6676723826785633e-13
0.0027469065465380274   1.6661186578617188e-13
0.0027494379596855727   1.6645664507248766e-13
0.0027519717056582117   1.6630157594482003e-13
0.002754507786605759   1.6614665822156305e-13
0.002757046204680017   1.6599189172148668e-13
0.0027595869620347627   1.6583727626373623e-13
0.0027621300608257618   1.6568281166783034e-13
0.0027646755032107633   1.6552849775365972e-13
0.0027672232913495127   1.6537433434148534e-13
0.0027697734274037384   1.6522032125193783e-13
0.0027723259135371625   1.650664583060156e-13
0.0027748807519154995   1.6491274532508353e-13
0.002777437944706467   1.6475918213087122e-13
0.0027799974940797725   1.6460576854547235e-13
0.0027825594022071257   1.6445250439134301e-13
0.002785123671262235   1.6429938949130014e-13
0.00278769030342082   1.641464236685201e-13
0.002790259300860597   1.6399360674653776e-13
0.0027928306657612925   1.6384093854924508e-13
0.002795404400304638   1.6368841890088966e-13
0.002797980506674385   1.6353604762607295e-13
0.0028005589870562886   1.6338382454974982e-13
0.0028031398436381204   1.6323174949722684e-13
0.002805723078609666   1.6307982229416085e-13
0.0028083086941627375   1.6292804276655753e-13
0.0028108966924911584   1.627764107407707e-13
0.0028134870757907733   1.626249260435008e-13
0.0028160798462594596   1.6247358850179286e-13
0.002818675006097111   1.623223979430365e-13
0.0028212725575056524   1.6217135419496388e-13
0.0028238725026890365   1.6202045708564847e-13
0.002826474843853245   1.6186970644350418e-13
0.0028290795832063014   1.6171910209728335e-13
0.0028316867229582544   1.6156864387607647e-13
0.0028342962653211904   1.614183316093107e-13
0.0028369082125092424   1.612681651267476e-13
0.0028395225667385755   1.611181442584835e-13
0.0028421393302273997   1.6096826883494732e-13
0.0028447585051959694   1.608185386868995e-13
0.0028473800938665817   1.6066895364543114e-13
0.0028500040984635916   1.6051951354196192e-13
0.0028526305212133937   1.6037021820824012e-13
0.0028552593643444354   1.6022106747634076e-13
0.002857890630087226   1.6007206117866407e-13
0.0028605243206743214   1.5992319914793517e-13
0.002863160438340339   1.5977448121720234e-13
0.0028657989853219535   1.5962590721983598e-13
0.0028684399638578997   1.5947747698952762e-13
0.002871083376188983   1.5932919036028827e-13
0.002873729224558067   1.5918104716644774e-13
0.0028763775112100793   1.5903304724265373e-13
0.002879028238392028   1.5888519042386977e-13
0.0028816814083529804   1.5873747654537507e-13
0.0028843370233440817   1.585899054427629e-13
0.0028869950856185507   1.5844247695193944e-13
0.0028896555974316793   1.5829519090912325e-13
0.002892318561040847   1.5814804715084287e-13
0.002894983978705505   1.5800104551393722e-13
0.0028976518526871863   1.5785418583555387e-13
0.0029003221852495174   1.5770746795314723e-13
0.0029029949786582012   1.575608917044789e-13
0.0029056702351810317   1.5741445692761554e-13
0.002908347957087891   1.5726816346092825e-13
0.00291102814665076   1.5712201114309087e-13
0.002913710806143706   1.5697599981307992e-13
0.0029163959378428936   1.568301293101728e-13
0.0029190835440265836   1.566843994739472e-13
0.0029217736269751445   1.5653881014427906e-13
0.0029244661889710364   1.5639336116134318e-13
0.002927161232298827   1.562480523656108e-13
0.0029298587592451863   1.5610288359784913e-13
0.0029325587720989   1.5595785469912006e-13
0.0029352612731508546   1.5581296551077947e-13
0.0029379662646940503   1.5566821587447602e-13
0.002940673749023597   1.5552360563215037e-13
0.00294338372843673   1.5537913462603343e-13
0.002946096205232792   1.5523480269864626e-13
0.0029488111817132473   1.5509060969279863e-13
0.002951528660181678   1.5494655545158827e-13
0.0029542486429437985   1.548026398183993e-13
0.0029569711323074394   1.5465886263690192e-13
0.0029596961305825603   1.5451522375105106e-13
0.0029624236400812467   1.5437172300508577e-13
0.0029651536631177242   1.5422836024352753e-13
0.002967886202008342   1.540851353111799e-13
0.0029706212590715863   1.539420480531276e-13
0.0029733588366280777   1.537990983147353e-13
0.0029760989370005843   1.5365628594164623e-13
0.0029788415625140053   1.535136107797823e-13
0.002981586715495385   1.5337107267534232e-13
0.002984334398273911   1.5322867147480153e-13
0.0029870846131809245   1.5308640702490998e-13
0.0029898373625499067   1.5294427917269248e-13
0.0029925926487164925   1.5280228776544707e-13
0.002995350474018466   1.5266043265074456e-13
0.0029981108407957746   1.5251871367642686e-13
0.0030008737513905134   1.5237713069060693e-13
0.003003639208146939   1.5223568354166736e-13
0.0030064072134114643   1.5209437207825983e-13
0.0030091777695326746   1.5195319614930348e-13
0.0030119508788613103   1.5181215560398499e-13
0.003014726543750278   1.516712502917571e-13
0.0030175047665546616   1.5153048006233753e-13
0.003020285549631706   1.513898447657088e-13
0.0030230688953408326   1.5124934425211682e-13
0.003025854806043636   1.511089783720701e-13
0.0030286432841038838   1.5096874697633914e-13
0.003031434331887532   1.5082864991595486e-13
0.003034227951762708   1.506886870422087e-13
0.0030370241460997206   1.505488582066514e-13
0.0030398229172710726   1.504091632610914e-13
0.003042624267651444   1.502696020575952e-13
0.003045428199617706   1.5013017444848582e-13
0.0030482347155489204   1.4999088028634196e-13
0.0030510438178263386   1.4985171942399763e-13
0.0030538555088334154   1.4971269171454024e-13
0.003056669790955793   1.4957379701131123e-13
0.0030594866665813116   1.4943503516790445e-13
0.0030623061381000218   1.4929640603816482e-13
0.0030651282079041673   1.4915790947618871e-13
0.003067952878388199   1.4901954533632228e-13
0.003070780151948775   1.4888131347316082e-13
0.003073610030984759   1.4874321374154836e-13
0.003076442517897234   1.4860524599657599e-13
0.003079277615089487   1.4846741009358195e-13
0.0030821153249670197   1.483297058881507e-13
0.00308495564993756   1.4819213323611123e-13
0.003087798592411044   1.4805469199353757e-13
0.003090644154799634   1.4791738201674715e-13
0.003093492339517714   1.4778020316230037e-13
0.0030963431489818894   1.476431552869997e-13
0.003099196585611003   1.4750623824788855e-13
0.0031020526518261166   1.4736945190225135e-13
0.003104911350050524   1.4723279610761226e-13
0.0031077726827097607   1.47096270721734e-13
0.0031106366522315877   1.4695987560261798e-13
0.003113503261046008   1.4682361060850296e-13
0.0031163725115852595   1.4668747559786456e-13
0.003119244406283831   1.4655147042941407e-13
0.003122118947578447   1.4641559496209819e-13
0.003124996137908078   1.4627984905509832e-13
0.0031278759797139406   1.461442325678295e-13
0.0031307584754395115   1.4600874535993948e-13
0.003133643627530508   1.458733872913087e-13
0.0031365314384349044   1.4573815822204906e-13
0.0031394219106029293   1.4560305801250343e-13
0.0031423150464870778   1.4546808652324433e-13
0.0031452108485420954   1.4533324361507412e-13
0.0031481093192249933   1.4519852914902376e-13
0.0031510104609950434   1.4506394298635227e-13
0.0031539142763137946   1.449294849885455e-13
0.0031568207676450533   1.447951550173163e-13
0.0031597299374549006   1.4466095293460321e-13
0.0031626417882116894   1.4452687860256999e-13
0.0031655563223860444   1.44392931883605e-13
0.003168473542450878   1.442591126403198e-13
0.0031713934508813693   1.441254207355496e-13
0.0031743160501549804   1.43991856032352e-13
0.003177241342751466   1.4385841839400568e-13
0.0031801693311528556   1.4372510768401106e-13
0.0031831000178434666   1.4359192376608874e-13
0.003186033405309915   1.434588665041786e-13
0.003188969496041099   1.4332593576243983e-13
0.0031919082925282137   1.4319313140525016e-13
0.00319484979726475   1.4306045329720456e-13
0.003197794012746493   1.429279013031155e-13
0.003200740941471538   1.4279547528801112e-13
0.003203690585940273   1.426631751171358e-13
0.0032066429486553886   1.42531000655949e-13
0.0032095980321218934   1.4239895177012403e-13
0.003212555838847094   1.422670283255484e-13
0.003215516371340611   1.4213523018832266e-13
0.003218479632114377   1.4200355722475976e-13
0.0032214456236826375   1.4187200930138456e-13
0.003224414348561964   1.4174058628493274e-13
0.003227385809271237   1.4160928804235094e-13
0.003230360008331659   1.414781144407957e-13
0.0032333369482667653   1.4134706534763246e-13
0.0032363166316024075   1.412161406304357e-13
0.0032392990608667675   1.4108534015698788e-13
0.0032422842385903573   1.4095466379527885e-13
0.0032452721673060176   1.4082411141350538e-13
0.0032482628495489334   1.4069368288007e-13
0.003251256287856616   1.4056337806358135e-13
0.0032542524847689143   1.40433196832853e-13
0.0032572514428280287   1.4030313905690243e-13
0.0032602531645784926   1.401732046049514e-13
0.003263257652567187   1.4004339334642453e-13
0.00326626490934334   1.3991370515094924e-13
0.0032692749374585257   1.3978413988835495e-13
0.00327228773946668   1.3965469742867204e-13
0.003275303317924082   1.395253776421321e-13
0.0032783216753893662   1.3939618039916702e-13
0.003281342814423536   1.392671055704078e-13
0.003284366737589944   1.3913815302668506e-13
0.003287393447454309   1.390093226390275e-13
0.0032904229465847133   1.388806142786619e-13
0.0032934552375516036   1.387520278170125e-13
0.0032964903229278047   1.3862356312569976e-13
0.003299528205288503   1.3849522007654083e-13
0.0033025688872112572   1.3836699854154844e-13
0.0033056123712760124   1.3823889839292993e-13
0.00330865866006508   1.3811091950308762e-13
0.0033117077561631556   1.3798306174461758e-13
0.003314759662157316   1.3785532499030919e-13
0.0033178143806370194   1.3772770911314483e-13
0.0033208719141941197   1.376002139862988e-13
0.0033239322654228494   1.3747283948313744e-13
0.0033269954369198325   1.3734558547721836e-13
0.003330061431284095   1.3721845184228926e-13
0.0033331302511170483   1.3709143845228845e-13
0.0033362018990225045   1.369645451813436e-13
0.0033392763776066755   1.368377719037714e-13
0.0033423536894781713   1.3671111849407713e-13
0.003345433837248016   1.3658458482695367e-13
0.0033485168235296296   1.3645817077728163e-13
0.003351602650938841   1.3633187622012862e-13
0.0033546913220938992   1.3620570103074805e-13
0.003357782839615457   1.360796450845797e-13
0.003360877206126584   1.359537082572485e-13
0.003363974424252769   1.3582789042456413e-13
0.0033670744966219153   1.3570219146252082e-13
0.0033701774258643588   1.3557661124729598e-13
0.003373283214612849   1.3545114965525077e-13
0.0033763918655025623   1.3532580656292917e-13
0.0033795033811711127   1.3520058184705679e-13
0.003382617764258536   1.3507547538454162e-13
0.003385735017407302   1.3495048705247257e-13
0.003388855143262319   1.3482561672811932e-13
0.003391978144470927   1.3470086428893195e-13
0.0033951040236829154   1.345762296125399e-13
0.0033982327835505076   1.3445171257675213e-13
0.003401364426728369   1.3432731305955644e-13
0.0034044989558736226   1.3420303093911848e-13
0.0034076363736458303   1.3407886609378204e-13
0.0034107766827070037   1.339548184020682e-13
0.003413919885721619   1.338308877426744e-13
0.0034170659853565966   1.337070739944749e-13
0.0034202149842813188   1.3358337703651958e-13
0.0034233668851676273   1.334597967480337e-13
0.003426521690689823   1.333363330084175e-13
0.003429679403524682   1.3321298569724526e-13
0.0034328400263514353   1.3308975469426565e-13
0.0034360035618517847   1.3296663987940072e-13
0.003439170012709913   1.3284364113274513e-13
0.0034423393816124656   1.3272075833456655e-13
0.0034455116712485685   1.325979913653045e-13
0.0034486868843098253   1.3247534010557013e-13
0.0034518650234903157   1.323528044361459e-13
0.0034550460914866137   1.3223038423798458e-13
0.003458230090997768   1.321080793922095e-13
0.0034614170247253134   1.319858897801138e-13
0.003464606895373286   1.3186381528315957e-13
0.003467799705648203   1.3174185578297818e-13
0.003470995458259079   1.3162001116136924e-13
0.0034741941559174247   1.3149828130030043e-13
0.0034773958013372473   1.3137666608190706e-13
0.003480600397235064   1.312551653884911e-13
0.003483807946329887   1.311337791025216e-13
0.0034870184513432325   1.310125071066339e-13
0.003490231914999136   1.3089134928362863e-13
0.003493448340024132   1.307703055164722e-13
0.0034966677291472714   1.3064937568829575e-13
0.0034998900851001217   1.30528559682395e-13
0.0035031154106167617   1.3040785738222974e-13
0.0035063437084338024   1.3028726867142305e-13
0.0035095749812903646   1.301667934337616e-13
0.003512809231928094   1.3004643155319484e-13
0.0035160464630911736   1.2992618291383412e-13
0.003519286677526304   1.2980604739995318e-13
0.0035225298779827225   1.2968602489598706e-13
0.003525776067212197   1.2956611528653195e-13
0.0035290252479690306   1.2944631845634484e-13
0.003532277423010073   1.293266342903426e-13
0.0035355325950947054   1.292070626736023e-13
0.0035387907669848506   1.2908760349136047e-13
0.003542051941444989   1.2896825662901226e-13
0.0035453161212421363   1.288490219721119e-13
0.0035485833091458627   1.287298994063716e-13
0.00355185350792829   1.2861088881766156e-13
0.0035551267203640918   1.2849199009200928e-13
0.003558402949230509   1.2837320311559907e-13
0.003561682197307331   1.2825452777477219e-13
0.0035649644673769096   1.2813596395602606e-13
0.0035682497622241704   1.2801751154601364e-13
0.003571538084636596   1.278991704315436e-13
0.0035748294374042394   1.277809404995796e-13
0.0035781238233197274   1.2766282163723982e-13
0.0035814212451782544   1.27544813731797e-13
0.003584721705777603   1.2742691667067722e-13
0.0035880252079181223   1.273091303414605e-13
0.003591331754402743   1.2719145463187987e-13
0.003594641348036989   1.2707388942982088e-13
0.003597953991628959   1.2695643462332153e-13
0.0036012696879893433   1.2683909010057178e-13
0.0036045884399314217   1.2672185574991328e-13
0.003607910250271064   1.2660473145983883e-13
0.0036112351218267453   1.264877171189917e-13
0.003614563057419527   1.263708126161661e-13
0.00361789405987307   1.2625401784030624e-13
0.0036212281320136494   1.2613733268050563e-13
0.003624565276670133   1.2602075702600756e-13
0.0036279054966739995   1.2590429076620413e-13
0.0036312487948593365   1.2578793379063608e-13
0.0036345951740628405   1.2567168598899245e-13
0.0036379446371238326   1.255555472511099e-13
0.0036412971868842394   1.2543951746697279e-13
0.003644652826188607   1.253235965267129e-13
0.003648011557884113   1.2520778432060822e-13
0.0036513733848205494   1.2509208073908363e-13
0.0036547383098503323   1.2497648567271012e-13
0.003658106335828519   1.24860999012204e-13
0.003661477465612787   1.247456206484273e-13
0.0036648517020634493   1.2463035047238707e-13
0.0036682290480434566   1.2451518837523497e-13
0.0036716095064183935   1.2440013424826702e-13
0.0036749930800564963   1.24285187982923e-13
0.0036783797718286343   1.241703494707866e-13
0.003681769584608321   1.2405561860358492e-13
0.0036851625212717307   1.2394099527318743e-13
0.003688558584697676   1.238264793716068e-13
0.0036919577777676264   1.2371207079099772e-13
0.0036953601033657075   1.2359776942365682e-13
0.0036987655643786975   1.234835751620224e-13
0.003702174163696048   1.2336948789867383e-13
0.003705585904209861   1.2325550752633148e-13
0.0037090007888149036   1.2314163393785658e-13
0.003712418820408623   1.2302786702625005e-13
0.0037158400018911237   1.229142066846532e-13
0.0037192643361651876   1.2280065280634676e-13
0.0037226918261362716   1.226872052847508e-13
0.0037261224747125055   1.2257386401342436e-13
0.003729556284804712   1.2246062888606473e-13
0.0037329932593263837   1.223474997965079e-13
0.003736433401193698   1.2223447663872775e-13
0.003739876713325532   1.221215593068356e-13
0.00374332319864344   1.2200874769508027e-13
0.0037467728600716742   1.218960416978475e-13
0.0037502257005371806   1.2178344120965978e-13
0.0037536817229695983   1.2167094612517606e-13
0.0037571409303012782   1.2155855633919095e-13
0.003760603325467263   1.2144627174663514e-13
0.0037640689114052978   1.2133409224257485e-13
0.003767537691055849   1.2122201772221086e-13
0.0037710096673620797   1.2111004808087931e-13
0.00377448484326987   1.209981832140506e-13
0.0037779632217278137   1.208864230173293e-13
0.003781444805687219   1.2077476738645408e-13
0.0037849295981021254   1.2066321621729666e-13
0.0037884176019292825   1.205517694058625e-13
0.0037919088201281656   1.2044042684829e-13
0.0037954032556609878   1.2032918844084983e-13
0.0037989009114926813   1.2021805407994536e-13
0.003802401790590914   1.2010702366211195e-13
0.0038059058959260886   1.199960970840167e-13
0.003809413230471342   1.1988527424245827e-13
0.003812923797202562   1.1977455503436614e-13
0.0038164375990983675   1.1966393935680095e-13
0.0038199546391401223   1.1955342710695401e-13
0.003823474920311949   1.1944301818214656e-13
0.0038269984456007085   1.1933271247983006e-13
0.003830525217996019   1.1922250989758562e-13
0.003834055240490253   1.191124103331238e-13
0.003837588516078537   1.1900241368428434e-13
0.003841125047758769   1.1889251984903546e-13
0.003844664838531599   1.1878272872547427e-13
0.0038482078914004406   1.1867304021182616e-13
0.0038517542093714887   1.1856345420644411e-13
0.003855303795453696   1.1845397060780922e-13
0.0038588566526587915   1.1834458931452978e-13
0.0038624127840012805   1.1823531022534122e-13
0.0038659721924984417   1.1812613323910604e-13
0.003869534881170347   1.180170582548128e-13
0.0038731008530398397   1.1790808517157685e-13
0.0038766701111325468   1.1779921388863944e-13
0.0038802426584768983   1.176904443053672e-13
0.003883818498104101   1.175817763212527e-13
0.0038873976330481602   1.1747320983591352e-13
0.0038909800663458768   1.1736474474909204e-13
0.0038945658010368462   1.1725638096065557e-13
0.0038981548401634774   1.171481183705953e-13
0.0039017471867709703   1.17039956879027e-13
0.003905342843907332   1.1693189638619018e-13
0.0039089418146233896   1.1682393679244763e-13
0.003912544101972771   1.1671607799828575e-13
0.003916149709011917   1.1660831990431397e-13
0.003919758638800096   1.165006624112642e-13
0.003923370894399388   1.1639310541999105e-13
0.003926986478874693   1.1628564883147151e-13
0.003930605395293741   1.1617829254680435e-13
0.00393422764672708   1.160710364672102e-13
0.003937853236248103   1.159638804940309e-13
0.003941482166933024   1.1585682452872973e-13
0.003945114441860889   1.1574986847289102e-13
0.003948750064113595   1.1564301222821932e-13
0.003952389036775866   1.1553625569654005e-13
0.003956031362935275   1.1542959877979868e-13
0.003959677045682238   1.1532304138006057e-13
0.003963326088110017   1.152165833995109e-13
0.003966978493314736   1.1511022474045386e-13
0.003970634264395358   1.1500396530531325e-13
0.003974293404453704   1.148978049966317e-13
0.003977955916594467   1.1479174371707017e-13
0.003981621803925185   1.1468578136940848e-13
0.003985291069556268   1.1457991785654435e-13
0.003988963716600989   1.1447415308149352e-13
0.003992639748175489   1.143684869473896e-13
0.003996319167398789   1.1426291935748303e-13
0.0040000019773927765   1.1415745021514207e-13
0.004003688181282213   1.1405207942385175e-13
0.004007377782194753   1.1394680688721355e-13
0.00401107078326092   1.1384163250894575e-13
0.004014767187614129   1.137365561928826e-13
0.004018466998390679   1.1363157784297456e-13
0.004022170218729759   1.1352669736328774e-13
0.00402587685177346   1.1342191465800358e-13
0.004029586900666758   1.1331722963141904e-13
0.0040333003685575275   1.1321264218794608e-13
0.004037017258596553   1.1310815223211123e-13
0.004040737573937517   1.1300375966855579e-13
0.004044461317737005   1.1289946440203541e-13
0.004048188493154516   1.1279526633741978e-13
0.004051919103352455   1.1269116537969248e-13
0.004055653151496154   1.1258716143395057e-13
0.00405939064075385   1.1248325440540469e-13
0.004063131574296698   1.1237944419937873e-13
0.004066875955298791   1.1227573072130921e-13
0.004070623786937131   1.121721138767456e-13
0.004074375072391653   1.1206859357134992e-13
0.004078129814845226   1.1196516971089627e-13
0.004081888017483643   1.1186184220127102e-13
0.004085649683495647   1.1175861094847205e-13
0.0040894148160729085   1.1165547585860901e-13
0.004093183418410039   1.1155243683790308e-13
0.004096955493704604   1.1144949379268618e-13
0.004100731045157107   1.113466466294015e-13
0.004104510075971002   1.1124389525460281e-13
0.004108292589352696   1.1114123957495445e-13
0.004112078588511548   1.1103867949723099e-13
0.004115868076659885   1.1093621492831683e-13
0.004119661057012984   1.1083384577520652e-13
0.004123457532789083   1.1073157194500416e-13
0.004127257507209401   1.1062939334492297e-13
0.004131060983498108   1.1052730988228575e-13
0.004134867964882356   1.10425321464524e-13
0.0041386784545922655   1.1032342799917811e-13
0.004142492455860932   1.102216293938971e-13
0.004146309971924443   1.1011992555643788e-13
0.0041501310060218545   1.10018316394666e-13
0.00415395556139521   1.0991680181655472e-13
0.00415778364128955   1.0981538173018484e-13
0.004161615248952895   1.0971405604374491e-13
0.004165450387636263   1.0961282466553056e-13
0.004169289060593666   1.0951168750394467e-13
0.0041731312710821125   1.0941064446749695e-13
0.004176977022361624   1.0930969546480354e-13
0.004180826317695215   1.0920884040458731e-13
0.004184679160348906   1.0910807919567739e-13
0.0041885355535917395   1.0900741174700864e-13
0.004192395500695759   1.0890683796762207e-13
0.004196259004936023   1.0880635776666431e-13
0.00420012606959062   1.087059710533872e-13
0.004203996697940649   1.0860567773714802e-13
0.004207870893270233   1.085054777274091e-13
0.004211748658866526   1.0840537093373745e-13
0.004215629998019704   1.0830535726580497e-13
0.004219514914022988   1.0820543663338763e-13
0.004223403410172623   1.0810560894636594e-13
0.004227295489767889   1.0800587411472444e-13
0.004231191156111123   1.0790623204855125e-13
0.004235090412507689   1.078066826580384e-13
0.004238993262266001   1.0770722585348134e-13
0.004242899708697526   1.0760786154527874e-13
0.004246809755116774   1.0750858964393242e-13
0.004250723404841324   1.074094100600468e-13
0.0042546406611918015   1.0731032270432928e-13
0.004258561527491888   1.0721132748758974e-13
0.004262486007068344   1.0711242432074009e-13
0.004266414103250982   1.0701361311479457e-13
0.004270345819372688   1.0691489378086931e-13
0.0042742811587694165   1.0681626623018217e-13
0.004278220124780196   1.0671773037405265e-13
0.0042821627207471425   1.0661928612390123e-13
0.00428610895001544   1.0652093339124993e-13
0.004290058815933355   1.0642267208772169e-13
0.004294012321852252   1.0632450212503999e-13
0.004297969471126571   1.0622642341502924e-13
0.00430193026711385   1.0612843586961409e-13
0.004305894713174717   1.0603053940081944e-13
0.004309862812672897   1.0593273392077044e-13
0.004313834568975224   1.0583501934169172e-13
0.004317809985451624   1.0573739557590789e-13
0.004321789065475127   1.0563986253584313e-13
0.0043257718124218875   1.0554242013402057e-13
0.004329758229671155   1.0544506828306284e-13
0.0043337483206052985   1.0534780689569142e-13
0.004337742088609805   1.0525063588472659e-13
0.004341739537073275   1.051535551630873e-13
0.004345740669387446   1.0505656464379063e-13
0.0043497454889471696   1.0495966423995228e-13
0.004353753999150424   1.048628538647859e-13
0.004357766203398332   1.0476613343160283e-13
0.004361782105095138   1.0466950285381238e-13
0.004365801707648228   1.045729620449214e-13
0.004369825014468129   1.0447651091853395e-13
0.004373852028968504   1.0438014938835153e-13
0.0043778827545661765   1.0428387736817233e-13
0.004381917194681108   1.0418769477189158e-13
0.004385955352736407   1.0409160151350135e-13
0.004389997232158354   1.039955975070898e-13
0.00439404283637637   1.0389968266684178e-13
0.004398092168823045   1.0380385690703815e-13
0.004402145232934128   1.0370812014205587e-13
0.0044062020321485335   1.036124722863677e-13
0.004410262569908356   1.0351691325454178e-13
0.004414326849658849   1.0342144296124209e-13
0.004418394874848442   1.033260613212279e-13
0.004422466648928755   1.0323076824935331e-13
0.004426542175354577   1.0313556366056775e-13
0.004430621457583882   1.0304044746991526e-13
0.004434704499077834   1.029454195925347e-13
0.00443879130330078   1.0285047994365931e-13
0.004442881873720275   1.0275562843861656e-13
0.004446976213807053   1.0266086499282825e-13
0.00445107432703505   1.0256618952181015e-13
0.004455176216881415   1.0247160194117163e-13
0.004459281886826487   1.0237710216661599e-13
0.004463391340353819   1.0228269011394e-13
0.004467504580950172   1.0218836569903362e-13
0.004471621612105519   1.0209412883788027e-13
0.004475742437313059   1.0199997944655596e-13
0.004479867060069198   1.0190591744122994e-13
0.004483995483873566   1.0181194273816411e-13
0.004488127712229028   1.0171805525371262e-13
0.004492263748641668   1.016242549043223e-13
0.004496403596620796   1.0153054160653224e-13
0.0045005472596789725   1.0143691527697329e-13
0.004504694741331982   1.0134337583236846e-13
0.004508846045098853   1.0124992318953242e-13
0.004513001174501855   1.0115655726537152e-13
0.0045171601330665015   1.0106327797688356e-13
0.004521322924321567   1.0097008524115734e-13
0.0045254895517990645   1.0087697897537315e-13
0.004529660019034263   1.0078395909680216e-13
0.0045338343295657025   1.0069102552280619e-13
0.0045380124869351685   1.0059817817083791e-13
0.004542194494687718   1.0050541695844044e-13
0.0045463803563716735   1.0041274180324732e-13
0.004550570075538622   1.0032015262298236e-13
0.004554763655743439   1.0022764933545912e-13
0.004558961100544261   1.0013523185858138e-13
0.004563162413502503   1.0004290011034271e-13
0.004567367598182878   9.995065400882592e-14
0.0045715766581533685   9.98584934722037e-14
0.00457578959698525   9.976641841873781e-14
0.004580006418253089   9.967442876677929e-14
0.004584227125534742   9.958252443476821e-14
0.004588451722411377   9.949070534123325e-14
0.004592680212467446   9.939897140479213e-14
0.004596912599290706   9.930732254415113e-14
0.004601148886472237   9.921575867810457e-14
0.004605389077606408   9.912427972553547e-14
0.004609633176290911   9.903288560541486e-14
0.004613881186126749   9.894157623680177e-14
0.004618133110718242   9.885035153884306e-14
0.004622388953673045   9.875921143077315e-14
0.004626648718602122   9.86681558319142e-14
0.004630912409119766   9.857718466167588e-14
0.004635180028843615   9.848629783955477e-14
0.004639451581394625   9.839549528513488e-14
0.004643727070397097   9.830477691808716e-14
0.004648006499478669   9.821414265816934e-14
0.004652289872270317   9.812359242522602e-14
0.00465657719240638   9.8033126139188e-14
0.00466086846352453   9.794274372007285e-14
0.004665163689265792   9.78524450879844e-14
0.00466946287327456   9.776223016311235e-14
0.0046737660191985735   9.767209886573269e-14
0.004678073130688937   9.758205111620722e-14
0.00468238421140012   9.749208683498334e-14
0.004686699264989956   9.740220594259431e-14
0.004691018295119662   9.731240835965844e-14
0.004695341305453816   9.722269400687968e-14
0.0046996682996603735   9.713306280504717e-14
0.0047039992814106825   9.704351467503482e-14
0.004708334254379462   9.695404953780168e-14
0.004712673222244821   9.686466731439152e-14
0.004717016188688259   9.67753679259328e-14
0.004721363157394662   9.668615129363843e-14
0.004725714132052328   9.659701733880556e-14
0.004730069116352938   9.650796598281578e-14
0.004734428113991576   9.641899714713482e-14
0.004738791128666746   9.633011075331209e-14
0.004743158164080344   9.624130672298107e-14
0.004747529223937685   9.615258497785889e-14
0.004751904311947496   9.606394543974632e-14
0.0047562834318219185   9.597538803052756e-14
0.00476066658727653   9.588691267216983e-14
0.004765053782030315   9.579851928672399e-14
0.004769445019805687   9.571020779632374e-14
0.0047738403043285065   9.562197812318551e-14
0.004778239639328049   9.553383018960882e-14
0.004782643028537034   9.544576391797572e-14
0.004787050475691621   9.535777923075081e-14
0.004791461984531405   9.526987605048123e-14
0.0047958775587994456   9.518205429979601e-14
0.0048002972022422345   9.509431390140668e-14
0.004804720918609717   9.500665477810686e-14
0.004809148711655309   9.491907685277162e-14
0.004813580585135871   9.483158004835825e-14
0.004818016542811724   9.474416428790553e-14
0.004822456588446671   9.465682949453358e-14
0.004826900725807968   9.456957559144415e-14
0.004831348958666346   9.448240250192019e-14
0.004835801290796014   9.439531014932576e-14
0.004840257725974652   9.430829845710606e-14
0.004844718267983436   9.422136734878687e-14
0.004849182920607014   9.413451674797503e-14
0.00485365168763352   9.404774657835805e-14
0.004858124572854593   9.396105676370366e-14
0.004862601580065354   9.387444722786025e-14
0.004867082713064423   9.378791789475643e-14
0.0048715679756539225   9.370146868840095e-14
0.004876057371639476   9.361509953288272e-14
0.004880550904830224   9.352881035237021e-14
0.004885048579038806   9.344260107111201e-14
0.004889550398081375   9.335647161343644e-14
0.004894056365777613   9.327042190375094e-14
0.004898566485950711   9.318445186654279e-14
0.004903080762427385   9.309856142637846e-14
0.004907599199037879   9.301275050790356e-14
0.004912121799615962   9.292701903584293e-14
0.00491664856799895   9.284136693500006e-14
0.00492117950802768   9.275579413025755e-14
0.004925714623546531   9.267030054657672e-14
0.0049302539184034365   9.258488610899725e-14
0.004934797396449864   9.249955074263747e-14
0.004939345061540832   9.241429437269416e-14
0.004943896917534915   9.232911692444219e-14
0.004948452968294237   9.224401832323469e-14
0.004953013217684496   9.215899849450263e-14
0.0049575776695749375   9.207405736375505e-14
0.004962146327838372   9.198919485657882e-14
0.004966719196351195   9.190441089863816e-14
0.00497129627899336   9.181970541567524e-14
0.004975877579648399   9.173507833350941e-14
0.004980463102203425   9.165052957803749e-14
0.004985052850549124   9.156605907523357e-14
0.00498964682857979   9.148166675114846e-14
0.004994245040193284   9.139735253191043e-14
0.0049988474892910615   9.13131163437245e-14
0.005003454179778188   9.122895811287212e-14
0.005008065115563314   9.114487776571179e-14
0.005012680300558696   9.106087522867841e-14
0.005017299738680195   9.097695042828326e-14
0.005021923433847279   9.08931032911141e-14
0.005026551389983037   9.080933374383456e-14
0.005031183611014164   9.072564171318469e-14
0.00503582010087097   9.064202712598047e-14
0.005040460863487406   9.055848990911351e-14
0.0050451059028010295   9.047502998955145e-14
0.0050497552227530326   9.039164729433747e-14
0.00505440882728824   9.030834175059036e-14
0.005059066720355107   9.02251132855043e-14
0.005063728905905742   9.01419618263487e-14
0.005068395387895881   9.00588873004683e-14
0.005073066170284904   8.997588963528307e-14
0.005077741257035856   8.989296875828761e-14
0.0050824206521154205   8.981012459705175e-14
0.005087104359493938   8.972735707921998e-14
0.005091792383145412   8.964466613251152e-14
0.005096484727047498   8.956205168472019e-14
0.005101181395181538   8.947951366371401e-14
0.005105882391532524   8.939705199743571e-14
0.005110587720089121   8.931466661390218e-14
0.005115297384843687   8.923235744120421e-14
0.005120011389792241   8.915012440750693e-14
0.0051247297389344915   8.90679674410493e-14
0.005129452436273833   8.898588647014411e-14
0.005134179485817342   8.890388142317799e-14
0.005138910891575806   8.882195222861085e-14
0.005143646657563693   8.874009881497655e-14
0.0051483867877991675   8.865832111088213e-14
0.005153131286304116   8.857661904500789e-14
0.005157880157104113   8.84949925461075e-14
0.00516263340422845   8.841344154300766e-14
0.005167391031710126   8.833196596460818e-14
0.0051721530435858715   8.825056573988152e-14
0.005176919443896122   8.816924079787312e-14
0.005181690236685042   8.808799106770114e-14
0.0051864654260005165   8.800681647855635e-14
0.005191245015894178   8.792571695970177e-14
0.005196029010421376   8.78446924404731e-14
0.005200817413641198   8.776374285027828e-14
0.005205610229616486   8.768286811859723e-14
0.005210407462413813   8.760206817498219e-14
0.005215209116103505   8.752134294905735e-14
0.005220015194759635   8.74406923705187e-14
0.005224825702460029   8.736011636913422e-14
0.005229640643286286   8.727961487474323e-14
0.00523446002132375   8.719918781725696e-14
0.005239283840661529   8.711883512665809e-14
0.005244112105392517   8.703855673300052e-14
0.005248944819613364   8.695835256640956e-14
0.005253781987424498   8.687822255708178e-14
0.005258623612930129   8.679816663528477e-14
0.0052634697002382404   8.671818473135724e-14
0.0052683202534606205   8.663827677570854e-14
0.00527317527671283   8.655844269881906e-14
0.005278034774114221   8.647868243123999e-14
0.005282898749787959   8.639899590359272e-14
0.005287767207860993   8.631938304656961e-14
0.00529264015246408   8.623984379093323e-14
0.005297517587731784   8.616037806751646e-14
0.005302399517802475   8.608098580722259e-14
0.0053072859468183495   8.600166694102474e-14
0.00531217687892541   8.59224213999663e-14
0.005317072318273476   8.584324911516066e-14
0.005321972269016208   8.576415001779077e-14
0.00532687673531108   8.568512403910965e-14
0.0053317857213193995   8.560617111043977e-14
0.005336699231206312   8.55272911631733e-14
0.0053416172691407955   8.544848412877187e-14
0.005346539839295684   8.536974993876636e-14
0.005351466945847643   8.529108852475705e-14
0.005356398592977186   8.521249981841351e-14
0.005361334784868695   8.51339837514741e-14
0.005366275525710393   8.505554025574646e-14
0.0053712208196943665   8.49771692631071e-14
0.0053761706710165665   8.48988707055013e-14
0.005381125083876805   8.48206445149432e-14
0.005386084062478781   8.474249062351529e-14
0.005391047611030051   8.466440896336886e-14
0.005396015733742048   8.458639946672364e-14
0.005400988434830102   8.450846206586757e-14
0.005405965718513414   8.443059669315705e-14
0.005410947589015077   8.435280328101655e-14
0.005415934050562075   8.427508176193865e-14
0.005420925107385284   8.419743206848405e-14
0.005425920763719493   8.41198541332811e-14
0.005430921023803378   8.404234788902622e-14
0.005435925891879522   8.396491326848353e-14
0.005440935372194433   8.38875502044846e-14
0.005445949468998518   8.381025862992876e-14
0.005450968186546104   8.373303847778275e-14
0.00545599152909544   8.365588968108067e-14
0.005461019500908691   8.357881217292401e-14
0.005466052106251972   8.350180588648116e-14
0.005471089349395308   8.342487075498797e-14
0.0054761312346126596   8.33480067117472e-14
0.005481177766181945   8.327121369012836e-14
0.005486228948385006   8.319449162356808e-14
0.005491284785507636   8.311784044556959e-14
0.00549634528183958   8.304126008970286e-14
0.0055014104416745285   8.296475048960446e-14
0.005506480269310146   8.288831157897733e-14
0.005511554769048041   8.281194329159095e-14
0.005516633945193785   8.273564556128124e-14
0.005521717802056938   8.265941832194997e-14
0.0055268063439510105   8.25832615075654e-14
0.005531899575193495   8.250717505216182e-14
0.005536997500105863   8.243115888983943e-14
0.005542100123013563   8.23552129547644e-14
0.005547207448246047   8.227933718116852e-14
0.005552319480136738   8.220353150334956e-14
0.005557436223023054   8.212779585567085e-14
0.005562557681246426   8.205213017256114e-14
0.005567683859152271   8.197653438851482e-14
0.005572814761090009   8.190100843809169e-14
0.005577950391413085   8.182555225591663e-14
0.005583090754478939   8.175016577667998e-14
0.0055882358546490325   8.167484893513714e-14
0.005593385696288848   8.159960166610847e-14
0.0055985402837678815   8.152442390447957e-14
0.005603699621459676   8.144931558520056e-14
0.005608863713741786   8.137427664328663e-14
0.0056140325649958025   8.129930701381763e-14
0.005619206179607369   8.122440663193795e-14
0.005624384561966154   8.11495754328567e-14
0.005629567716465878   8.107481335184734e-14
0.00563475564750431   8.10001203242478e-14
0.005639948359483266   8.092549628546033e-14
0.005645145856808635   8.085094117095127e-14
0.0056503481438903505   8.077645491625129e-14
0.005655555225142409   8.070203745695512e-14
0.005660767104982892   8.062768872872118e-14
0.0056659837878339355   8.05534086672722e-14
0.005671205278121756   8.047919720839452e-14
0.0056764315802766505   8.040505428793821e-14
0.00568166269873299   8.03309798418172e-14
0.005686898637929253   8.025697380600868e-14
0.005692139402307988   8.01830361165536e-14
0.005697384996315839   8.010916670955635e-14
0.005702635424403564   8.003536552118436e-14
0.005707890691026007   7.996163248766868e-14
0.005713150800642121   7.988796754530334e-14
0.005718415757714971   7.98143706304456e-14
0.005723685566711726   7.974084167951571e-14
0.005728960232103692   7.966738062899672e-14
0.0057342397583662755   7.959398741543473e-14
0.005739524149979009   7.952066197543868e-14
0.0057448134114255695   7.944740424567992e-14
0.0057501075471937495   7.937421416289274e-14
0.005755406561775483   7.930109166387388e-14
0.005760710459666842   7.922803668548257e-14
0.005766019245368039   7.915504916464047e-14
0.005771332923383448   7.90821290383314e-14
0.005776651498221578   7.900927624360164e-14
0.005781974974395094   7.893649071755957e-14
0.0057873033564208335   7.886377239737557e-14
0.005792636648819782   7.879112122028217e-14
0.005797974856117098   7.871853712357371e-14
0.005803317982842108   7.864602004460655e-14
0.005808666033528306   7.857356992079878e-14
0.005814019012713383   7.850118668963006e-14
0.005819376924939195   7.842887028864185e-14
0.005824739774751782   7.835662065543718e-14
0.005830107566701391   7.828443772768034e-14
0.005835480305342445   7.82123214430973e-14
0.0058408579952335705   7.814027173947522e-14
0.005846240640937595   7.806828855466252e-14
0.005851628247021542   7.799637182656897e-14
0.005857020818056668   7.79245214931651e-14
0.0058624183586184165   7.785273749248278e-14
0.005867820873286454   7.77810197626148e-14
0.005873228366644681   7.770936824171462e-14
0.005878640843281208   7.763778286799676e-14
0.005884058307788376   7.756626357973629e-14
0.00588948076476276   7.749481031526912e-14
0.005894908218805166   7.742342301299168e-14
0.005900340674520654   7.735210161136075e-14
0.005905778136518516   7.728084604889375e-14
0.0059112206094122845   7.720965626416851e-14
0.005916668097819768   7.713853219582284e-14
0.005922120606363008   7.706747378255512e-14
0.0059275781396683136   7.699648096312368e-14
0.005933040702366258   7.692555367634703e-14
0.005938508299091674   7.685469186110364e-14
0.005943980934483682   7.678389545633188e-14
0.005949458613185666   7.671316440102992e-14
0.005954941339845281   7.6642498634256e-14
0.005960429119114489   7.657189809512766e-14
0.005965921955649519   7.650136272282239e-14
0.00597141985411089   7.643089245657722e-14
0.005976922819163436   7.636048723568847e-14
0.005982430855476269   7.62901469995121e-14
0.005987943967722814   7.621987168746337e-14
0.005993462160580798   7.61496612390168e-14
0.005998985438732256   7.607951559370625e-14
0.0060045138068635555   7.600943469112439e-14
0.006010047269665363   7.593941847092328e-14
0.006015585831832669   7.586946687281402e-14
0.006021129498064809   7.579957983656625e-14
0.00602667827306543   7.572975730200892e-14
0.00603223216154252   7.565999920902947e-14
0.006037791168208407   7.559030549757424e-14
0.006043355297779753   7.552067610764819e-14
0.006048924554977588   7.545111097931467e-14
0.006054498944527271   7.538161005269581e-14
0.0060600784711585184   7.53121732679721e-14
0.0060656631396054225   7.524280056538223e-14
0.00607125295460642   7.51734918852234e-14
0.0060768479209043205   7.510424716785101e-14
0.006082448043246304   7.503506635367854e-14
0.006088053326383919   7.496594938317777e-14
0.006093663775073114   7.489689619687815e-14
0.006099279394074197   7.482790673536741e-14
0.006104900188151866   7.475898093929113e-14
0.00611052616207523   7.469011874935248e-14
0.006116157320617769   7.462132010631264e-14
0.006121793668557373   7.455258495099041e-14
0.0061274352106763345   7.448391322426216e-14
0.0061330819517613445   7.441530486706197e-14
0.006138733896603525   7.434675982038106e-14
0.006144391049998397   7.427827802526841e-14
0.006150053416745897   7.420985942283024e-14
0.006155721001650406   7.414150395422994e-14
0.006161393809520712   7.407321156068829e-14
0.006167071845170043   7.400498218348313e-14
0.006172755113416061   7.393681576394938e-14
0.006178443619080862   7.38687122434791e-14
0.006184137366991004   7.380067156352098e-14
0.006189836361977475   7.373269366558093e-14
0.006195540608875715   7.366477849122161e-14
0.006201250112525638   7.359692598206221e-14
0.006206964877771601   7.35291360797788e-14
0.0062126849094624285   7.346140872610411e-14
0.006218410212451418   7.339374386282727e-14
0.006224140791596329   7.332614143179412e-14
0.006229876651759419   7.325860137490652e-14
0.006235617797807406   7.31911236341231e-14
0.006241364234611494   7.312370815145865e-14
0.006247115967047396   7.305635486898396e-14
0.006252872999995296   7.298906372882634e-14
0.006258635338339885   7.292183467316899e-14
0.006264402986970352   7.285466764425116e-14
0.00627017595078039   7.278756258436817e-14
0.0062759542346682165   7.2720519435871e-14
0.006281737843536546   7.265353814116671e-14
0.006287526782292611   7.258661864271814e-14
0.006293321055848185   7.251976088304353e-14
0.006299120669119548   7.245296480471712e-14
0.006304925627027518   7.238623035036857e-14
0.006310735934497449   7.231955746268308e-14
0.006316551596459224   7.225294608440136e-14
0.006322372617847293   7.218639615831931e-14
0.00632819900360063   7.21199076272884e-14
0.006334030758662762   7.205348043421527e-14
0.006339867887981793   7.198711452206165e-14
0.006345710396510364   7.192080983384454e-14
0.006351558289205688   7.185456631263602e-14
0.006357411571029549   7.178838390156314e-14
0.006363270246948292   7.172226254380792e-14
0.006369134321932863   7.165620218260715e-14
0.006375003800958766   7.159020276125256e-14
0.006380878689006092   7.152426422309072e-14
0.006386758991059541   7.145838651152262e-14
0.006392644712108386   7.139256957000417e-14
0.006398535857146499   7.132681334204581e-14
0.006404432431172373   7.12611177712122e-14
0.006410334439189087   7.119548280112284e-14
0.00641624188620434   7.112990837545139e-14
0.0064221547772304426   7.106439443792595e-14
0.006428073117284319   7.099894093232887e-14
0.0064339969113875375   7.093354780249652e-14
0.006439926164566273   7.086821499231963e-14
0.006445860881851334   7.080294244574303e-14
0.006451801068278181   7.07377301067653e-14
0.006457746728886901   7.067257791943922e-14
0.006463697868722226   7.060748582787148e-14
0.006469654492833543   7.054245377622245e-14
0.006475616606274882   7.047748170870646e-14
0.006481584214104949   7.041256956959136e-14
0.006487557321387097   7.034771730319873e-14
0.006493535933189341   7.028292485390388e-14
0.006499520054584387   7.021819216613541e-14
0.006505509690649598   7.015351918437559e-14
0.00651150484646702   7.008890585316002e-14
0.006517505527123384   7.002435211707769e-14
0.0065235117377101005   6.995985792077094e-14
0.006529523483323294   6.989542320893513e-14
0.006535540769063765   6.983104792631902e-14
0.0065415636000370125   6.976673201772448e-14
0.006547591981353264   6.97024754280062e-14
0.006553625918127431   6.963827810207211e-14
0.006559665415479151   6.957413998488304e-14
0.006565710478532777   6.951006102145259e-14
0.006571761112417377   6.944604115684738e-14
0.006577817322266768   6.938208033618651e-14
0.0065838791132194745   6.931817850464197e-14
0.00658994649041876   6.92543356074385e-14
0.0065960194590126454   6.919055158985309e-14
0.0066020980241538775   6.912682639721552e-14
0.006608182190999956   6.906315997490799e-14
0.006614271964713136   6.899955226836509e-14
0.006620367350460423   6.893600322307384e-14
0.006626468353413601   6.887251278457333e-14
0.006632574978749204   6.88090808984551e-14
0.006638687231648534   6.87457075103629e-14
0.006644805117297688   6.868239256599233e-14
0.006650928640887525   6.861913601109131e-14
0.00665705780761369   6.855593779145971e-14
0.0066631926226766195   6.849279785294929e-14
0.006669333091281533   6.842971614146383e-14
0.006675479218638471   6.836669260295867e-14
0.00668163100996225   6.830372718344121e-14
0.006687788470472496   6.824081982897049e-14
0.006693951605393664   6.81779704856571e-14
0.0067001204199550034   6.811517909966333e-14
0.00670629491939059   6.805244561720305e-14
0.006712475108939324   6.798976998454157e-14
0.006718660993844922   6.79271521479957e-14
0.006724852579355958   6.786459205393348e-14
0.006731049870725822   6.780208964877436e-14
0.006737252873212744   6.773964487898922e-14
0.006743461592079821   6.767725769109977e-14
0.0067496760325949775   6.761492803167924e-14
0.006755896200031003   6.755265584735177e-14
0.006762122099665544   6.749044108479259e-14
0.006768353736781103   6.742828369072799e-14
0.006774591116665073   6.736618361193501e-14
0.006780834244609699   6.730414079524165e-14
0.006787083125912102   6.724215518752693e-14
0.006793337765874306   6.718022673572021e-14
0.006799598169803198   6.711835538680192e-14
0.006805864343010567   6.7056541087803e-14
0.006812136290813094   6.699478378580503e-14
0.006818414018532352   6.693308342794016e-14
0.006824697531494841   6.687143996139087e-14
0.006830986835031948   6.68098533333902e-14
0.006837281934479973   6.674832349122169e-14
0.006843582835180154   6.668685038221886e-14
0.006849889542478633   6.662543395376581e-14
0.006856202061726473   6.656407415329678e-14
0.006862520398279697   6.650277092829607e-14
0.006868844557499236   6.644152422629813e-14
0.006875174544750972   6.638033399488752e-14
0.006881510365405732   6.631920018169877e-14
0.006887852024839283   6.625812273441639e-14
0.006894199528432369   6.619710160077459e-14
0.006900552881570672   6.613613672855765e-14
0.006906912089644836   6.607522806559956e-14
0.006913277158050494   6.601437555978392e-14
0.006919648092188231   6.59535791590441e-14
0.006926024897463615   6.589283881136315e-14
0.006932407579287195   6.583215446477356e-14
0.0069387961430745024   6.57715260673575e-14
0.006945190594246076   6.571095356724634e-14
0.006951590938227431   6.565043691262106e-14
0.006957997180449083   6.558997605171203e-14
0.0069644093263465726   6.55295709327987e-14
0.006970827381360427   6.546922150420994e-14
0.006977251350936197   6.540892771432378e-14
0.006983681240524449   6.534868951156738e-14
0.006990117055580767   6.528850684441703e-14
0.006996558801565783   6.522837966139796e-14
0.007003006483945141   6.516830791108441e-14
0.00700946010818952   6.51082915420997e-14
0.007015919679774664   6.504833050311575e-14
0.00702238520418134   6.498842474285356e-14
0.007028856686895376   6.492857421008276e-14
0.00703533413340765   6.486877885362179e-14
0.007041817549214098   6.480903862233775e-14
0.007048306939815741   6.474935346514619e-14
0.007054802310718645   6.468972333101144e-14
0.007061303667433956   6.463014816894634e-14
0.0070678110154779135   6.457062792801196e-14
0.007074324360371825   6.451116255731797e-14
0.007080843707642089   6.445175200602243e-14
0.007087369062820199   6.43923962233316e-14
0.0070939004314427385   6.433309515850011e-14
0.007100437819051415   6.427384876083058e-14
0.0071069812311930205   6.421465697967398e-14
0.007113530673419459   6.415551976442941e-14
0.007120086151287774   6.409643706454377e-14
0.007126647670360106   6.403740882951224e-14
0.00713321523620373   6.397843500887778e-14
0.007139788854391051   6.391951555223134e-14
0.007146368530499604   6.386065040921168e-14
0.007152954270112081   6.380183952950531e-14
0.007159546078816301   6.374308286284652e-14
0.007166143962205232   6.368438035901738e-14
0.0071727479258770176   6.362573196784742e-14
0.007179357975434938   6.356713763921393e-14
0.007185974116487444   6.350859732304165e-14
0.007192596354648156   6.345011096930291e-14
0.00719922469553586   6.339167852801743e-14
0.007205859144774542   6.33332999492522e-14
0.0072124997079933495   6.327497518312175e-14
0.007219146390826615   6.321670417978787e-14
0.007225799198913888   6.315848688945941e-14
0.007232458137899891   6.310032326239262e-14
0.007239123213434558   6.30422132488908e-14
0.007245794431173029   6.29841567993044e-14
0.007252471796775648   6.292615386403089e-14
0.007259155315907995   6.286820439351466e-14
0.007265844994240853   6.281030833824712e-14
0.007272540837450228   6.275246564876667e-14
0.0072792428512173804   6.269467627565827e-14
0.007285951041228784   6.263694016955398e-14
0.007292665413176159   6.257925728113246e-14
0.007299385972756472   6.25216275611191e-14
0.007306112725671932   6.246405096028598e-14
0.007312845677630025   6.240652742945166e-14
0.007319584834343475   6.234905691948135e-14
0.007326330201530269   6.229163938128682e-14
0.007333081784913688   6.223427476582613e-14
0.0073398395902222625   6.217696302410386e-14
0.007346603623189804   6.2119704107171e-14
0.00735337388955543   6.206249796612464e-14
0.007360150395063525   6.200534455210835e-14
0.007366933145463771   6.194824381631184e-14
0.007373722146511156   6.18911957099709e-14
0.007380517403965955   6.183420018436767e-14
0.0073873189235937825   6.177725719083e-14
0.007394126711165537   6.172036668073205e-14
0.007400940772457439   6.166352860549393e-14
0.007407761113251054   6.160674291658147e-14
0.007414587739333252   6.155000956550656e-14
0.007421420656496243   6.149332850382691e-14
0.007428259870537578   6.143669968314592e-14
0.007435105387260139   6.138012305511285e-14
0.007441957212472181   6.132359857142247e-14
0.007448815351987288   6.126712618381533e-14
0.007455679811624403   6.121070584407761e-14
0.007462550597207851   6.115433750404079e-14
0.007469427714567304   6.109802111558209e-14
0.007476311169537814   6.104175663062413e-14
0.007483200967959808   6.098554400113484e-14
0.007490097115679092   6.092938317912767e-14
0.0074969996185468785   6.087327411666113e-14
0.007503908482419749   6.081721676583919e-14
0.007510823713159686   6.076121107881104e-14
0.007517745316634091   6.070525700777086e-14
0.007524673298715755   6.064935450495813e-14
0.007531607665282888   6.059350352265731e-14
0.007538548422219114   6.053770401319793e-14
0.007545495575413473   6.048195592895454e-14
0.007552449130760457   6.042625922234647e-14
0.007559409094159964   6.037061384583807e-14
0.0075663754715173314   6.031501975193856e-14
0.007573348268743361   6.025947689320179e-14
0.007580327491754277   6.02039852222265e-14
0.007587313146471765   6.014854469165609e-14
0.007594305238822969   6.009315525417866e-14
0.007601303774740485   6.003781686252689e-14
0.007608308760162399   5.998252946947794e-14
0.00761532020103225   5.992729302785359e-14
0.00762233810329905   5.987210749052013e-14
0.007629362472917319   5.981697281038812e-14
0.007636393315847039   5.976188894041262e-14
0.007643430638053695   5.970685583359304e-14
0.0076504744455082666   5.965187344297302e-14
0.007657524744187231   5.959694172164051e-14
0.0076645815400725945   5.954206062272753e-14
0.007671644839151852   5.948723009941037e-14
0.00767871464741802   5.943245010490947e-14
0.007685790970869656   5.937772059248914e-14
0.007692873815510826   5.93230415154579e-14
0.007699963187351136   5.926841282716816e-14
0.0077070590924057285   5.921383448101627e-14
0.0077141615366952835   5.915930643044252e-14
0.0077212705262460525   5.910482862893086e-14
0.007728386067089815   5.905040103000925e-14
0.007735508165263912   5.89960235872493e-14
0.007742636826811269   5.894169625426626e-14
0.007749772057780361   5.888741898471914e-14
0.007756913864225238   5.883319173231056e-14
0.007764062252205536   5.877901445078663e-14
0.007771217227786464   5.872488709393714e-14
0.007778378797038843   5.867080961559512e-14
0.007785546966039068   5.861678196963724e-14
0.007792721740869132   5.856280410998352e-14
0.007799903127616656   5.850887599059723e-14
0.007807091132374849   5.845499756548505e-14
0.007814285761242542   5.84011687886969e-14
0.007821487020324185   5.834738961432588e-14
0.007828694915729848   5.829365999650837e-14
0.007835909453575257   5.823997988942365e-14
0.007843130639981745   5.81863492472943e-14
0.00785035848107629   5.813276802438592e-14
0.007857592982991537   5.807923617500691e-14
0.007864834151865764   5.802575365350887e-14
0.007872081993842902   5.797232041428621e-14
0.007879336515072567   5.791893641177611e-14
0.00788659772171002   5.786560160045871e-14
0.007893865619916203   5.781231593485687e-14
0.007901140215857734   5.775907936953619e-14
0.007908421515706907   5.770589185910503e-14
0.007915709525641725   5.765275335821423e-14
0.007923004251845866   5.759966382155737e-14
0.007930305700508702   5.75466232038706e-14
0.007937613877825335   5.749363145993248e-14
0.00794492878999655   5.744068854456415e-14
0.007952250443228857   5.73877944126291e-14
0.007959578843734485   5.733494901903331e-14
0.007966913997731377   5.728215231872509e-14
0.007974255911443235   5.72294042666949e-14
0.007981604591099466   5.717670481797564e-14
0.007988960042935226   5.712405392764237e-14
0.007996322273191433   5.707145155081231e-14
0.008003691288114739   5.701889764264475e-14
0.008011067093957555   5.696639215834124e-14
0.008018449696978057   5.691393505314523e-14
0.008025839103440182   5.68615262823423e-14
0.008033235319613656   5.680916580125983e-14
0.008040638351773969   5.675685356526723e-14
0.008048048206202385   5.6704589529775856e-14
0.008055464889185989   5.665237365023866e-14
0.008062888407017629   5.6600205882150644e-14
0.008070318765995961   5.6548086181048456e-14
0.008077755972425452   5.649601450251042e-14
0.008085200032616362   5.644399080215663e-14
0.008092650952884797   5.639201503564867e-14
0.008100108739552657   5.634008715868979e-14
0.008107573398947665   5.6288207127024863e-14
0.008115044937403405   5.623637489644005e-14
0.008122523361259269   5.6184590422763156e-14
0.008130008676860503   5.613285366186331e-14
0.008137500890558199   5.608116456965109e-14
0.00814500000870929   5.602952310207842e-14
0.008152506037676597   5.597792921513832e-14
0.008160018983828779   5.592638286486529e-14
0.00816753885354036   5.5874884007334996e-14
0.00817506565319177   5.582343259866411e-14
0.008182599389169288   5.5772028595010625e-14
0.008190140067865089   5.572067195257355e-14
0.00819768769567724   5.5669362627592915e-14
0.008205242279009694   5.5618100576349863e-14
0.008212803824272329   5.556688575516628e-14
0.008220372337880909   5.5515718120405153e-14
0.008227947826257109   5.546459762847038e-14
0.008235530295828544   5.541352423580649e-14
0.008243119753028732   5.536249789889903e-14
0.008250716204297124   5.531151857427417e-14
0.00825831965607911   5.526058621849888e-14
0.008265930114826004   5.520970078818083e-14
0.0082735475869951   5.515886223996815e-14
0.008281172079049609   5.510807053054971e-14
0.008288803597458703   5.505732561665501e-14
0.00829644214869754   5.5006627455053825e-14
0.008304087739247217   5.49559760025566e-14
0.008311740375594817   5.490537121601416e-14
0.008319400064233397   5.485481305231773e-14
0.008327066811661994   5.4804301468398916e-14
0.008334740624385653   5.4753836421229507e-14
0.008342421508915395   5.4703417867821666e-14
0.008350109471768234   5.465304576522791e-14
0.008357804519467223   5.460272007054064e-14
0.008365506658541395   5.455244074089266e-14
0.008373215895525811   5.450220773345683e-14
0.008380932236961555   5.445202100544607e-14
0.008388655689395728   5.440188051411335e-14
0.008396386259381492   5.435178621675152e-14
0.008404123953478022   5.430173807069354e-14
0.008411868778250535   5.425173603331227e-14
0.00841962074027033   5.420178006202026e-14
0.008427379846114729   5.415187011427012e-14
0.008435146102367121   5.4102006147554176e-14
0.008442919515616985   5.405218811940441e-14
0.008450700092459846   5.400241598739263e-14
0.008458487839497318   5.395268970913034e-14
0.008466282763337095   5.390300924226861e-14
0.008474084870592959   5.385337454449817e-14
0.008481894167884804   5.3803785573549174e-14
0.008489710661838604   5.375424228719145e-14
0.008497534359086439   5.370474464323431e-14
0.008505365266266524   5.365529259952632e-14
0.008513203390023167   5.360588611395564e-14
0.00852104873700681   5.3556525144449704e-14
0.008528901313874019   5.35072096489753e-14
0.00853676112728749   5.345793958553855e-14
0.008544628183916082   5.340871491218465e-14
0.008552502490434776   5.3359535586998166e-14
0.008560384053524705   5.331040156810285e-14
0.00856827287987318   5.326131281366139e-14
0.008576168976173653   5.321226928187573e-14
0.00858407234912575   5.316327093098688e-14
0.00859198300543528   5.311431771927475e-14
0.008599900951814208   5.3065409605058385e-14
0.008607826194980725   5.3016546546695515e-14
0.008615758741659176   5.2967728502583e-14
0.00862369859858011   5.291895543115654e-14
0.0086316457724803   5.287022729089049e-14
0.008639600270102707   5.282154404029812e-14
0.008647562098196507   5.277290563793143e-14
0.008655531263517102   5.2724312042381124e-14
0.008663507772826108   5.267576321227661e-14
0.008671491632891399   5.262725910628578e-14
0.008679482850487058   5.257879968311527e-14
0.008687481432393415   5.253038490151026e-14
0.008695487385397068   5.248201472025434e-14
0.00870350071629085   5.243368909816966e-14
0.00871152143187386   5.23854079941168e-14
0.008719549538951458   5.233717136699475e-14
0.008727585044335276   5.22889791757409e-14
0.00873562795484324   5.2240831379330805e-14
0.00874367827729954   5.2192727936778495e-14
0.00875173601853465   5.2144668807136217e-14
0.00875980118538537   5.2096653949494313e-14
0.008767873784694768   5.204868332298141e-14
0.008775953823312232   5.200075688676426e-14
0.00878404130809346   5.195287460004769e-14
0.008792136245900459   5.1905036422074676e-14
0.008800238643601585   5.185724231212604e-14
0.0088083485080715   5.180949222952077e-14
0.0088164658461912   5.176178613361578e-14
0.008824590664848048   5.1714123983805737e-14
0.008832722970935727   5.1666505739523386e-14
0.008840862771354286   5.161893136023923e-14
0.008849010073010127   5.157140080546156e-14
0.008857164882816008   5.152391403473653e-14
0.008865327207691091   5.1476471007647826e-14
0.00887349705456088   5.142907168381702e-14
0.008881674430357266   5.1381716022903275e-14
0.00888985934201855   5.133440398460331e-14
0.008898051796489408   5.1287135528651494e-14
0.008906251800720917   5.1239910614819744e-14
0.008914459361670561   5.119272920291746e-14
0.008922674486302233   5.114559125279158e-14
0.008930897181586264   5.1098496724326306e-14
0.008939127454499382   5.105144557744339e-14
0.008947365312024749   5.100443777210199e-14
0.008955610761151983   5.0957473268298396e-14
0.008963863808877122   5.091055202606629e-14
0.008972124462202658   5.086367400547668e-14
0.008980392728137535   5.081683916663767e-14
0.008988668613697147   5.0770047469694686e-14
0.008996952125903384   5.072329887483008e-14
0.009005243271784574   5.06765933422635e-14
0.009013542058375528   5.062993083225162e-14
0.009021848492717562   5.058331130508806e-14
0.009030162581858457   5.053673472110356e-14
0.009038484332852486   5.0490201040665776e-14
0.009046813752760454   5.044371022417922e-14
0.009055150848649643   5.0397262232085377e-14
0.009063495627593858   5.0350857024862603e-14
0.009071848096673421   5.030449456302601e-14
0.00908020826297517   5.02581748071276e-14
0.009088576133592506   5.0211897717755874e-14
0.009096951715625334   5.01656632555363e-14
0.009105335016180103   5.011947138113099e-14
0.00911372604236984   5.00733220552385e-14
0.009122124801314099   5.002721523859417e-14
0.009130531300139003   4.9981150891969904e-14
0.009138945545977243   4.993512897617405e-14
0.009147367545968075   4.988914945205157e-14
0.00915579730725736   4.984321228048371e-14
0.009164234836997517   4.979731742238832e-14
0.009172680142347558   4.975146483871956e-14
0.009181133230473119   4.970565449046789e-14
0.009189594108546409   4.965988633866019e-14
0.00919806278374626   4.961416034435958e-14
0.00920653926325812   4.956847646866544e-14
0.009215023554274043   4.9522834672713406e-14
0.009223515663992746   4.947723491767514e-14
0.00923201559961955   4.94316771647586e-14
0.009240523368366414   4.938616137520786e-14
0.009249038977451973   4.9340687510302896e-14
0.009257562434101484   4.929525553135989e-14
0.009266093745546877   4.9249865399731e-14
0.009274632919026742   4.920451707680427e-14
0.009283179961786328   4.915921052400383e-14
0.009291734881077597   4.911394570278951e-14
0.009300297684159162   4.9068722574657114e-14
0.009308868378296321   4.902354110113833e-14
0.0093174469707611   4.897840124380051e-14
0.0093260334688322   4.893330296424684e-14
0.009334627879795034   4.8888246224116255e-14
0.009343230210941732   4.884323098508333e-14
0.009351840469571134   4.879825720885836e-14
0.009360458662988836   4.8753324857187103e-14
0.009369084798507135   4.8708433891851076e-14
0.00937771888344507   4.866358427466735e-14
0.009386360925128451   4.861877596748832e-14
0.009395010930889812   4.857400893220207e-14
0.009403668908068452   4.852928313073205e-14
0.009412334864010436   4.8484598525037114e-14
0.009421008806068587   4.8439955077111584e-14
0.009429690741602534   4.8395352748984957e-14
0.009438380677978657   4.835079150272219e-14
0.009447078622570132   4.830627130042351e-14
0.009455784582756949   4.826179210422426e-14
0.009464498565925874   4.821735387629513e-14
0.009473220579470492   4.817295657884194e-14
0.0094819506307912   4.8128600174105633e-14
0.009490688727295204   4.808428462436235e-14
0.009499434876396567   4.8040009891923116e-14
0.009508189085516155   4.7995775939134156e-14
0.009516951362081671   4.795158272837671e-14
0.009525721713527694   4.7907430222066853e-14
0.009534500147295625   4.78633183826557e-14
0.00954328667083373   4.7819247172629286e-14
0.009552081291597144   4.777521655450847e-14
0.009560884017047858   4.7731226490849e-14
0.009569694854654769   4.7687276944241305e-14
0.00957851381189363   4.764336787731071e-14
0.009587340896247083   4.759949925271732e-14
0.009596176115204693   4.755567103315571e-14
0.009605019476262898   4.751188318135534e-14
0.009613870986925059   4.746813566008025e-14
0.009622730654701444   4.742442843212909e-14
0.009631598487109237   4.73807614603351e-14
0.009640474491672577   4.733713470756591e-14
0.009649358675922511   4.7293548136723805e-14
0.009658251047397022   4.725000171074558e-14
0.009667151613641069   4.720649539260227e-14
0.00967606038220654   4.716302914529947e-14
0.009684977360652285   4.711960293187712e-14
0.009693902556544115   4.707621671540952e-14
0.009702835977454843   4.703287045900514e-14
0.009711777630964227   4.698956412580687e-14
0.009720727524659025   4.694629767899178e-14
0.00972968566613297   4.6903071081771223e-14
0.009738652062986831   4.685988429739052e-14
0.009747626722828346   4.681673728912933e-14
0.009756609653272267   4.677363002030142e-14
0.009765600861940392   4.673056245425443e-14
0.00977460035646151   4.668753455437028e-14
0.009783608144471455   4.664454628406473e-14
0.009792624233613096   4.6601597606787606e-14
0.009801648631536335   4.6558688486022734e-14
0.009810681345898152   4.651581888528763e-14
0.00981972238436256   4.647298876813389e-14
0.009828771754600625   4.6430198098146943e-14
0.00983782946429052   4.6387446838945896e-14
0.009846895521117463   4.6344734954183736e-14
0.009855969932773758   4.6302062407547225e-14
0.009865052706958805   4.625942916275676e-14
0.009874143851379085   4.621683518356655e-14
0.009883243373748215   4.617428043376425e-14
0.009892351281786888   4.613176487717129e-14
0.009901467583222908   4.608928847764272e-14
0.009910592285791239   4.604685119906696e-14
0.009919725397233937   4.600445300536611e-14
0.009928866925300206   4.596209386049571e-14
0.009938016877746389   4.591977372844479e-14
0.009947175262335966   4.587749257323582e-14
0.009956342086839605   4.583525035892451e-14
0.009965517359035104   4.5793047049600097e-14
0.009974701086707425   4.5750882609385153e-14
0.009983893277648738   4.570875700243539e-14
0.009993093939658365   4.5666670192939944e-14
0.010002303080542821   4.5624622145121124e-14
0.010011520708115814   4.5582612823234475e-14
0.010020746830198265   4.554064219156861e-14
0.010029981454618283   4.549871021444546e-14
0.010039224589211209   4.545681685621988e-14
0.0100484762418196   4.5414962081279894e-14
0.01005773642029323   4.5373145854046566e-14
0.01006700513248912   4.533136813897396e-14
0.010076282386271522   4.528962890054914e-14
0.010085568189511946   4.524792810329208e-14
0.01009486255008914   4.520626571175571e-14
0.010104165475889132   4.5164641690525825e-14
0.010113476974805196   4.5123056004221094e-14
0.010122797054737906   4.5081508617492955e-14
0.010132125723595089   4.503999949502574e-14
0.010141462989291881   4.499852860153642e-14
0.010150808859750698   4.495709590177483e-14
0.010160163342901271   4.491570136052335e-14
0.010169526446680621   4.487434494259719e-14
0.010178898179033103   4.483302661284403e-14
0.010188278547910372   4.4791746336144315e-14
0.010197667561271433   4.4750504077410923e-14
0.010207065227082604   4.4709299801589396e-14
0.010216471553317565   4.4668133473657674e-14
0.010225886547957324   4.4627005058626304e-14
0.010235310218990263   4.4585914521538114e-14
0.010244742574412108   4.4544861827468554e-14
0.010254183622225972   4.450384694152528e-14
0.010263633370442322   4.4462869828848424e-14
0.01027309182707903   4.442193045461036e-14
0.010282559000161335   4.438102878401584e-14
0.010292034897721892   4.4340164782301785e-14
0.010301519527800736   4.429933841473748e-14
0.010311012898445337   4.425854964662425e-14
0.010320515017710558   4.421779844329572e-14
0.0103300258936587   4.417708477011761e-14
0.010339545534359486   4.413640859248778e-14
0.010349073947890081   4.4095769875836065e-14
0.010358611142335087   4.4055168585624515e-14
0.010368157125786566   4.401460468734704e-14
0.010377711906344024   4.397407814652968e-14
0.010387275492114448   4.393358892873029e-14
0.010396847891212275   4.3893136999538794e-14
0.010406429111759442   4.3852722324576895e-14
0.010416019161885351   4.381234486949826e-14
0.010425618049726916   4.3772004599988285e-14
0.010435225783428526   4.3731701481764294e-14
0.010444842371142099   4.3691435480575277e-14
0.010454467821027045   4.365120656220205e-14
0.010464102141250311   4.3611014692457095e-14
0.010473745339986353   4.3570859837184625e-14
0.010483397425417179   4.353074196226043e-14
0.010493058405732315   4.349066103359204e-14
0.01050272828912886   4.345061701711846e-14
0.010512407083811442   4.341060987881036e-14
0.01052209479799227   4.337063958466986e-14
0.010531791439891101   4.333070610073066e-14
0.010541497017735293   4.3290809393057876e-14
0.010551211539759757   4.325094942774811e-14
0.010560935014207018   4.321112617092934e-14
0.010570667449327175   4.3171339588761003e-14
0.010580408853377953   4.313158964743378e-14
0.010590159234624662   4.309187631316979e-14
0.010599918601340253   4.305219955222235e-14
0.01060968696180528   4.3012559330876137e-14
0.010619464324307947   4.2972955615446966e-14
0.010629250697144075   4.293338837228198e-14
0.010639046088617155   4.2893857567759356e-14
0.010648850507038302   4.2854363168288554e-14
0.010658663960726317   4.281490514031005e-14
0.010668486458007645   4.277548345029548e-14
0.010678318007216425   4.2736098064747474e-14
0.010688158616694452   4.269674895019978e-14
0.010698008294791237   4.2657436073217026e-14
0.010707867049863954   4.2618159400394944e-14
0.010717734890277511   4.2578918898360087e-14
0.010727611824404494   4.253971453377003e-14
0.010737497860625231   4.250054627331311e-14
0.010747393007327752   4.246141408370863e-14
0.01075729727290783   4.2422317931706674e-14
0.010767210665768977   4.238325778408807e-14
0.010777133194322434   4.234423360766451e-14
0.010787064866987212   4.230524536927833e-14
0.01079700569219006   4.2266293035802665e-14
0.01080695567836552   4.2227376574141215e-14
0.010816914833955873   4.2188495951228454e-14
0.010826883167411216   4.2149651134029357e-14
0.010836860687189398   4.211084208953962e-14
0.010846847401756095   4.207206878478536e-14
0.010856843319584756   4.203333118682335e-14
0.010866848449156662   4.199462926274077e-14
0.010876862798960892   4.1955962979655365e-14
0.010886886377494364   4.191733230471524e-14
0.010896919193261807   4.1878737205098996e-14
0.010906961254775813   4.1840177648015554e-14
0.010917012570556791   4.1801653600704265e-14
0.010927073149133026   4.1763165030434735e-14
0.010937142999040642   4.172471190450696e-14
0.010947222128823651   4.168629419025112e-14
0.010957310547033913   4.164791185502772e-14
0.010967408262231196   4.1609564866227405e-14
0.010977515282983134   4.157125319127109e-14
0.010987631617865274   4.153297679760977e-14
0.010997757275461045   4.149473565272466e-14
0.011007892264361814   4.1456529724126987e-14
0.011018036593166835   4.141835897935812e-14
0.011028190270483317   4.13802233859894e-14
0.01103835330492637   4.1342122911622304e-14
0.01104852570511907   4.130405752388816e-14
0.011058707479692422   4.1266027190448383e-14
0.011068898637285399   4.1228031878994214e-14
0.011079099186544917   4.119007155724688e-14
0.01108930913612588   4.1152146192957415e-14
0.011099528494691152   4.1114255753906774e-14
0.011109757270911597   4.1076400207905647e-14
0.011119995473466048   4.1038579522794604e-14
0.01113024311104136   4.100079366644391e-14
0.01114050019233237   4.0963042606753606e-14
0.01115076672604195   4.09253263116534e-14
0.011161042720880969   4.088764474910274e-14
0.011171328185568348   4.084999788709065e-14
0.01118162312883102   4.0812385693635844e-14
0.011191927559403984   4.077480813678656e-14
0.01120224148603026   4.0737265184620714e-14
0.011212564917460954   4.069975680524562e-14
0.011222897862455212   4.0662282966798226e-14
0.011233240329780276   4.0624843637444873e-14
0.011243592328211443   4.0587438785381436e-14
0.01125395386653212   4.0550068378833134e-14
0.011264324953533784   4.051273238605468e-14
0.01127470559801604   4.047543077533006e-14
0.01128509580878658   4.0438163514972695e-14
0.011295495594661229   4.0400930573325236e-14
0.011305904964463919   4.036373191875974e-14
0.011316323927026736   4.032656751967738e-14
0.011326752491189883   4.028943734450868e-14
0.011337190665801728   4.0252341361713305e-14
0.011347638459718777   4.021527953978015e-14
0.011358095881805714   4.0178251847227214e-14
0.011368562940935373   4.0141258252601656e-14
0.01137903964598879   4.010429872447967e-14
0.011389526005855157   4.0067373231466613e-14
0.011400022029431883   4.003048174219681e-14
0.011410527725624555   3.999362422533364e-14
0.01142104310334699   3.9956800649569416e-14
0.011431568171521191   3.9920010983625494e-14
0.011442102939077414   3.9883255196252094e-14
0.011452647414954118   3.984653325622835e-14
0.01146320160809802   3.98098451323623e-14
0.011473765527464062   3.977319079349085e-14
0.011484339182015463   3.973657020847964e-14
0.011494922580723672   3.9699983346223214e-14
0.011505515732568437   3.966343017564479e-14
0.011516118646537753   3.962691066569642e-14
0.011526731331627923   3.9590424785358783e-14
0.011537353796843517   3.9553972503641326e-14
0.01154798605119742   3.951755378958212e-14
0.01155862810371082   3.9481168612247826e-14
0.011569279963413212   3.9444816940733787e-14
0.01157994163934242   3.940849874416388e-14
0.011590613140544588   3.9372213991690574e-14
0.011601294476074208   3.93359626524948e-14
0.011611985654994099   3.9299744695786074e-14
0.011622686686375455   3.926356009080231e-14
0.011633397579297806   3.922740880680991e-14
0.011644118342849069   3.919129081310366e-14
0.011654848986125519   3.915520607900678e-14
0.01166558951823183   3.9119154573870834e-14
0.011676339948281048   3.9083136267075744e-14
0.011687100285394643   3.904715112802966e-14
0.011697870538702457   3.901119912616918e-14
0.011708650717342778   3.8975280230959e-14
0.011719440830462292   3.893939441189216e-14
0.011730240887216133   3.89035416384898e-14
0.01174105089676785   3.886772188030138e-14
0.011751870868289464   3.883193510690435e-14
0.011762700810961419   3.879618128790443e-14
0.011773540733972644   3.876046039293537e-14
0.011784390646520518   3.8724772391659e-14
0.011795250557810912   3.868911725376518e-14
0.011806120477058164   3.865349494897186e-14
0.01181700041348512   3.861790544702487e-14
0.011827890376323109   3.858234871769815e-14
0.011838790374811984   3.8546824730793455e-14
0.011849700418200094   3.851133345614053e-14
0.011860620515744331   3.847587486359697e-14
0.0118715506767101   3.84404489230483e-14
0.011882490910371359   3.840505560440776e-14
0.011893441226010597   3.836969487761656e-14
0.011904401632918877   3.833436671264354e-14
0.011915372140395803   3.82990710794854e-14
0.011926352757749569   3.8263807948166526e-14
0.011937343494296926   3.8228577288739066e-14
0.011948344359363235   3.819337907128275e-14
0.011959355362282424   3.8158213265905086e-14
0.01197037651239705   3.812307984274109e-14
0.011981407819058255   3.808797877195349e-14
0.011992449291625818   3.805291002373249e-14
0.012003500939468127   3.8017873568295954e-14
0.012014562771962223   3.7982869375889155e-14
0.012025634798493764   3.7947897416784945e-14
0.012036717028457085   3.791295766128362e-14
0.012047809471255147   3.787805007971298e-14
0.012058912136299609   3.7843174642428116e-14
0.012070025033010775   3.780833131981168e-14
0.012081148170817653   3.777352008227353e-14
0.012092281559157921   3.773874090025102e-14
0.012103425207477973   3.7703993744208715e-14
0.012114579125232887   3.766927858463854e-14
0.012125743321886479   3.7634595392059634e-14
0.01213691780691126   3.759994413701846e-14
0.012148102589788497   3.7565324790088575e-14
0.012159297680008169   3.753073732187084e-14
0.012170503087069023   3.749618170299325e-14
0.01218171882047854   3.7461657904110906e-14
0.012192944889752984   3.742716589590603e-14
0.01220418130441736   3.739270564908801e-14
0.012215428074005486   3.7358277134393195e-14
0.012226685208059931   3.7323880322585035e-14
0.012237952716132088   3.728951518445396e-14
0.012249230607782125   3.725518169081745e-14
0.012260518892579047   3.722087981251985e-14
0.01227181758010065   3.718660952043255e-14
0.012283126679933585   3.7152370785453746e-14
0.012294446201673309   3.7118163578508627e-14
0.012305776154924149   3.7083987870549137e-14
0.012317116549299255   3.704984363255416e-14
0.012328467394420665   3.7015730835529325e-14
0.012339828699919257   3.6981649450507075e-14
0.012351200475434808   3.694759944854659e-14
0.012362582730615957   3.6913580800733826e-14
0.01237397547512025   3.687959347818141e-14
0.012385378718614134   3.684563745202868e-14
0.012396792470772947   3.681171269344163e-14
0.012408216741280967   3.677781917361289e-14
0.012419651539831371   3.674395686376171e-14
0.012431096876126296   3.671012573513388e-14
0.01244255275987679   3.667632575900185e-14
0.012454019200802883   3.66425569066645e-14
0.01246549620863353   3.66088191494473e-14
0.012476983793106682   3.6575112458702153e-14
0.012488481963969235   3.654143680580747e-14
0.012499990730977094   3.650779216216807e-14
0.01251151010389513   3.64741784992152e-14
0.01252304009249724   3.644059578840646e-14
0.012534580706566299   3.6407044001225885e-14
0.012546131955894222   3.637352310918378e-14
0.012557693850281926   3.634003308381682e-14
0.012569266399539385   3.63065738966879e-14
0.012580849613485587   3.627314551938626e-14
0.012592443501948594   3.623974792352731e-14
0.012604048074765499   3.6206381080752743e-14
0.012615663341782485   3.617304496273038e-14
0.012627289312854789   3.613973954115426e-14
0.01263892599784675   3.61064647877445e-14
0.01265057340663177   3.607322067424745e-14
0.012662231549092384   3.604000717243541e-14
0.0126739004351202   3.600682425410687e-14
0.012685580074615972   3.5973671891086296e-14
0.01269727047748955   3.5940550055224206e-14
0.012708971653659945   3.5907458718397084e-14
0.01272068361305528   3.5874397852507434e-14
0.012732406365612856   3.5841367429483634e-14
0.012744139921279101   3.58083674212801e-14
0.012755884290009643   3.5775397799876996e-14
0.01276763948176925   3.574245853728052e-14
0.012779405506531906   3.570954960552257e-14
0.012791182374280754   3.567667097666101e-14
0.01280297009500817   3.5643822622779406e-14
0.012814768678715708   3.561100451598714e-14
0.012826578135414164   3.557821662841937e-14
0.012838398475123539   3.5545458932236925e-14
0.012850229707873086   3.55127313996264e-14
0.012862071843701283   3.5480034002800044e-14
0.012873924892655878   3.5447366713995756e-14
0.012885788864793857   3.5414729505477107e-14
0.012897663770181497   3.5382122349533235e-14
0.012909549618894327   3.534954521847888e-14
0.012921446421017188   3.5316998084654354e-14
0.012933354186644187   3.528448092042551e-14
0.01294527292587876   3.525199369818369e-14
0.012957202648833627   3.5219536390345764e-14
0.012969143365630854   3.518710896935403e-14
0.012981095086401813   3.5154711407676264e-14
0.012993057821287228   3.512234367780563e-14
0.013005031580437153   3.5090005752260717e-14
0.01301701637401102   3.505769760358547e-14
0.01302901221217759   3.5025419204349206e-14
0.013041019105115027   3.49931705271465e-14
0.013053037063010852   3.4960951544597335e-14
0.01306506609606199   3.492876222934686e-14
0.013077106214474749   3.489660255406558e-14
0.013089157428464858   3.486447249144912e-14
0.013101219748257443   3.4832372014218445e-14
0.013113293184087072   3.480030109511957e-14
0.013125377746197722   3.4768259706923776e-14
0.013137473444842838   3.47362478224274e-14
0.013149580290285285   3.470426541445196e-14
0.013161698292797413   3.4672312455844e-14
0.013173827462661011   3.46403889194752e-14
0.01318596781016737   3.460849477824221e-14
0.013198119345617244   3.457663000506677e-14
0.013210282079320897   3.454479457289553e-14
0.013222456021598075   3.4512988454700235e-14
0.013234641182778055   3.4481211623477426e-14
0.01324683757319961   3.4449464052248715e-14
0.01325904520321107   3.441774571406051e-14
0.013271264083170267   3.43860565819842e-14
0.013283494223444606   3.4354396629115926e-14
0.013295735634411042   3.432276582857671e-14
0.013307988326456075   3.4291164153512405e-14
0.0133202523099758   3.4259591577093614e-14
0.013332527595375869   3.422804807251574e-14
0.013344814193071548   3.4196533612998895e-14
0.013357112113487677   3.4165048171787926e-14
0.013369421367058727   3.413359172215236e-14
0.01338174196422876   3.4102164237386425e-14
0.01339407391545149   3.4070765690808954e-14
0.013406417231190236   3.4039396055763455e-14
0.013418771921917984   3.400805530561799e-14
0.013431137998117354   3.397674341376526e-14
0.01344351547028064   3.3945460353622444e-14
0.01345590434890979   3.391420609863134e-14
0.013468304644516448   3.3882980622258187e-14
0.013480716367621924   3.3851783897993775e-14
0.013493139528757251   3.3820615899353286e-14
0.013505574138463134   3.378947659987644e-14
0.013518020207290026   3.375836597312725e-14
0.013530477745798068   3.372728399269427e-14
0.01354294676455717   3.369623063219032e-14
0.013555427274146943   3.366520586525264e-14
0.013567919285156788   3.363420966554271e-14
0.013580422808185827   3.3603242006746446e-14
0.013592937853842982   3.357230286257392e-14
0.013605464432746923   3.354139220675957e-14
0.013618002555526134   3.351051001306199e-14
0.013630552232818866   3.3479656255264047e-14
0.013643113475273198   3.3448830907172757e-14
0.013655686293546998   3.341803394261937e-14
0.013668270698307982   3.33872653354592e-14
0.013680866700233673   3.335652505957177e-14
0.013693474310011453   3.3325813088860635e-14
0.013706093538338533   3.32951293972535e-14
0.013718724395922007   3.326447395870206e-14
0.013731366893478807   3.3233846747182104e-14
0.01374402104173577   3.320324773669339e-14
0.013756686851429592   3.3172676901259716e-14
0.01376936433330689   3.314213421492879e-14
0.013782053498124157   3.311161965177232e-14
0.013794754356647827   3.30811331858859e-14
0.013807466919654225   3.3050674791389066e-14
0.013820191197929639   3.3020244442425187e-14
0.013832927202270267   3.298984211316154e-14
0.013845674943482282   3.2959467777789173e-14
0.013858434432381793   3.2929121410523043e-14
0.0138712056797949   3.289880298560179e-14
0.013883988696557655   3.2868512477287914e-14
0.01389678349351612   3.2838249859867583e-14
0.013909590081526327   3.2808015107650766e-14
0.013922408471454342   3.277780819497108e-14
0.01393523867417621   3.274762909618585e-14
0.013948080700578035   3.2717477785676045e-14
0.01396093456155592   3.2687354237846297e-14
0.01397380026801604   3.265725842712479e-14
0.013986677830874589   3.2627190327963415e-14
0.013999567261057852   3.259714991483749e-14
0.014012468569502156   3.256713716224601e-14
0.01402538176715393   3.2537152044711394e-14
0.014038306864969667   3.2507194536779663e-14
0.014051243873915983   3.247726461302023e-14
0.014064192804969572   3.2447362248026046e-14
0.014077153669117272   3.2417487416413444e-14
0.014090126477356019   3.238764009282223e-14
0.014103111240692908   3.235782025191554e-14
0.014116107970145156   3.232802786837995e-14
0.014129116676740152   3.2298262916925325e-14
0.014142137371515429   3.226852537228492e-14
0.01415517006551871   3.223881520921526e-14
0.014168214769807879   3.2209132402496184e-14
0.014181271495451033   3.2179476926930775e-14
0.014194340253526444   3.214984875734537e-14
0.014207421055122623   3.2120247868589505e-14
0.014220513911338264   3.2090674235536e-14
0.014233618833282316   3.2061127833080746e-14
0.014246735832073967   3.203160863614284e-14
0.014259864918842624   3.200211661966453e-14
0.014273006104727986   3.197265175861115e-14
0.014286159400879985   3.194321402797117e-14
0.014299324818458857   3.191380340275607e-14
0.014312502368635096   3.1884419858000435e-14
0.014325692062589518   3.1855063368761835e-14
0.01433889391151321   3.182573391012092e-14
0.01435210792660761   3.1796431457181226e-14
0.01436533411908444   3.176715598506933e-14
0.014378572500165792   3.1737907468934715e-14
0.014391823081084063   3.1708685883949815e-14
0.014405085873082034   3.1679491205309943e-14
0.014418360887412817   3.16503234082333e-14
0.014431648135339923   3.162118246796092e-14
0.014444947628137217   3.1592068359756735e-14
0.01445825937708898   3.156298105890742e-14
0.01447158339348986   3.1533920540722505e-14
0.014484919688644949   3.1504886780534253e-14
0.01449826827386972   3.147587975369772e-14
0.014511629160490114   3.144689943559063e-14
0.014525002359842469   3.1417945801613496e-14
0.014538387883273605   3.138901882718945e-14
0.01455178574214077   3.136011848776433e-14
0.014565195947811705   3.133124475880661e-14
0.0145786185116646   3.130239761580742e-14
0.014592053445088156   3.127357703428041e-14
0.014605500759481546   3.124478298976194e-14
0.01461896046625447   3.121601545781081e-14
0.01463243257682712   3.1187274414008456e-14
0.014645917102630239   3.115855983395876e-14
0.014659414055105072   3.1129871693288166e-14
0.01467292344570344   3.110120996764556e-14
0.01468644528588769   3.10725746327023e-14
0.014699979587130756   3.104396566415217e-14
0.01471352636091612   3.101538303771141e-14
0.014727085618737874   3.0986826729118575e-14
0.014740657372100674   3.095829671413469e-14
0.014754241632519805   3.092979296854307e-14
0.01476783841152114   3.090131546814939e-14
0.014781447720641197   3.0872864188781616e-14
0.0147950695714271   3.084443910629006e-14
0.01480870397543664   3.0816040196547214e-14
0.014822350944238236   3.078766743544792e-14
0.014836010489410991   3.075932079890916e-14
0.01484968262254465   3.073100026287021e-14
0.014863367355239673   3.0702705803292456e-14
0.014877064699107176   3.0674437396159534e-14
0.014890774665769005   3.064619501747715e-14
0.01490449726685769   3.061797864327319e-14
0.014918232514016506   3.05897882495976e-14
0.014931980418899433   3.0561623812522475e-14
0.014945740993171216   3.053348530814191e-14
0.014959514248507324   3.0505372712572105e-14
0.014973300196594014   3.047728600195122e-14
0.014987098849128279   3.044922515243948e-14
0.015000910217817924   3.042119014021906e-14
0.015014734314381517   3.0393180941494105e-14
0.01502857115054845   3.03651975324907e-14
0.015042420738058894   3.033723988945687e-14
0.015056283088663875   3.030930798866251e-14
0.01507015821412521   3.028140180639944e-14
0.015084046126215596   3.025352131898129e-14
0.015097946836718536   3.022566650274359e-14
0.015111860357428432   3.019783733404363e-14
0.01512578670015052   3.017003378926055e-14
0.01513972587670095   3.0142255844795235e-14
0.015153677898906724   3.0114503477070373e-14
0.01516764277860578   3.008677666253034e-14
0.015181620527646933   3.005907537764129e-14
0.015195611157889945   3.0031399598891e-14
0.01520961468120548   3.0003749302789016e-14
0.015223631109475173   2.997612446586647e-14
0.015237660454591573   2.994852506467619e-14
0.015251702728458223   2.992095107579256e-14
0.015265757942989603   2.9893402475811646e-14
0.0152798261101112   2.986587924135102e-14
0.015293907241759483   2.983838134904984e-14
0.015308001349881908   2.981090877556882e-14
0.015322108446436965   2.9783461497590155e-14
0.015336228543394134   2.9756039491817595e-14
0.015350361652733959   2.97286427349763e-14
0.015364507786447991   2.9701271203812975e-14
0.015378666956538866   2.967392487509567e-14
0.01539283917502025   2.964660372561394e-14
0.015407024453916906   2.9619307732178664e-14
0.015421222805264652   2.959203687162218e-14
0.015435434241110428   2.956479112079811e-14
0.015449658773512245   2.9537570456581485e-14
0.015463896414539255   2.951037485586859e-14
0.015478147176271703   2.948320429557707e-14
0.015492411070801   2.9456058752645814e-14
0.015506688110229663   2.9428938204034994e-14
0.015520978306671398   2.9401842626726e-14
0.01553528167225104   2.937477199772149e-14
0.015549598219104632   2.934772629404525e-14
0.015563927959379368   2.932070549274232e-14
0.015578270905233668   2.929370957087887e-14
0.015592627068837125   2.9266738505542216e-14
0.015606996462370576   2.9239792273840804e-14
0.015621379098026057   2.9212870852904184e-14
0.015635774988006865   2.918597421988297e-14
0.01565018414452752   2.9159102351948895e-14
0.01566460657981382   2.913225522629466e-14
0.015679042306102804   2.910543282013407e-14
0.015693491335642816   2.9078635110701874e-14
0.01570795368069346   2.905186207525386e-14
0.01572242935352567   2.9025113691066734e-14
0.01573691836642165   2.8998389935438193e-14
0.01575142073167496   2.897169078568685e-14
0.015765936461590455   2.894501621915221e-14
0.015780465568484364   2.891836621319467e-14
0.01579500806468423   2.8891740745195554e-14
0.015809563962528996   2.886513979255694e-14
0.01582413327436893   2.883856333270184e-14
0.015838716012565732   2.881201134307398e-14
0.015853312189492447   2.8785483801137975e-14
0.01586792181753356   2.8758980684379146e-14
0.015882544909084934   2.8732501970303595e-14
0.015897181476553893   2.870604763643816e-14
0.01591183153235916   2.8679617660330394e-14
0.015926495088930934   2.865321201954854e-14
0.015941172158710836   2.862683069168154e-14
0.01595586275415199   2.8600473654338957e-14
0.015970566887718952   2.8574140885151045e-14
0.01598528457188781   2.854783236176863e-14
0.016000015819146115   2.8521548061863185e-14
0.016014760641992948   2.849528796312672e-14
0.016029519052938892   2.846905204327184e-14
0.016044291064506073   2.8442840280031683e-14
0.016059076689228145   2.841665265115993e-14
0.016073875939650324   2.8390489134430733e-14
0.016088688828329374   2.836434970763877e-14
0.016103515367833648   2.833823434859915e-14
0.016118355570743054   2.831214303514748e-14
0.01613320944964913   2.8286075745139746e-14
0.016148077017154983   2.826003245645238e-14
0.01616295828587536   2.8234013146982186e-14
0.016177853268436605   2.8208017794646384e-14
0.016192761977476742   2.818204637738246e-14
0.016207684425645387   2.815609887314835e-14
0.016222620625603864   2.8130175259922217e-14
0.016237570590025122   2.8104275515702587e-14
0.016252534331593828   2.807839961850819e-14
0.0162675118630063   2.805254754637812e-14
0.016282503196970593   2.802671927737161e-14
0.016297508346206444   2.8000914789568185e-14
0.016312527323445333   2.7975134061067534e-14
0.01632756014143045   2.7949377069989594e-14
0.016342606812916757   2.7923643794474367e-14
0.016357667350670943   2.7897934212682106e-14
0.01637274176747148   2.787224830279314e-14
0.016387830076108615   2.7846586043007903e-14
0.016402932289384366   2.7820947411546972e-14
0.016418048420112574   2.7795332386650927e-14
0.016433178481118856   2.7769740946580492e-14
0.01644832248524069   2.7744173069616325e-14
0.016463480445327337   2.77186287340592e-14
0.016478652374239944   2.7693107918229817e-14
0.016493838284851473   2.766761060046892e-14
0.016509038190046784   2.7642136759137134e-14
0.016524252102722573   2.761668637261513e-14
0.01653948003578746   2.7591259419303413e-14
0.016554722002161924   2.7565855877622475e-14
0.016569978014778386   2.7540475726012627e-14
0.01658524808658115   2.7515118942934106e-14
0.016600532230526484   2.7489785506866945e-14
0.01661583045958256   2.7464475396311084e-14
0.01663114278672954   2.74391885897862e-14
0.016646469224959503   2.7413925065831853e-14
0.01666180978727655   2.7388684803007274e-14
0.01667716448669672   2.7363467779891573e-14
0.01669253333624808   2.73382739750835e-14
0.01670791634897068   2.731310336720162e-14
0.016723313537916614   2.7287955934884103e-14
0.01673872491614997   2.7262831656788917e-14
0.016754150496746906   2.7237730511593602e-14
0.016769590292795608   2.721265247799542e-14
0.016785044317396344   2.7187597534711217e-14
0.016800512583661432   2.716256566047749e-14
0.016815995104715296   2.7137556834050313e-14
0.01683149189369443   2.711257103420534e-14
0.01684700296374747   2.7087608239737782e-14
0.01686252832803512   2.7062668429462424e-14
0.016878067999730264   2.7037751582213514e-14
0.01689362199201788   2.7012857676844884e-14
0.01690919031809513   2.6987986692229777e-14
0.01692477299117132   2.6963138607260972e-14
0.016940370024467945   2.6938313400850633e-14
0.016955981431218653   2.6913511051930434e-14
0.01697160722466933   2.6888731539451402e-14
0.016987247418078028   2.6863974842384003e-14
0.017002902024715053   2.6839240939718052e-14
0.01701857105786291   2.6814529810462763e-14
0.017034254530816365   2.6789841433646642e-14
0.017049952456882417   2.6765175788317588e-14
0.01706566484938036   2.6740532853542745e-14
0.017081391721641716   2.67159126084086e-14
0.017097133087010347   2.669131503202086e-14
0.017112888958842356   2.666674010350455e-14
0.0171286593505062   2.6642187802003872e-14
0.017144444275382628   2.66176581066823e-14
0.017160243746864742   2.659315099672245e-14
0.017176057778357956   2.6568666451326188e-14
0.017191886383280074   2.6544204449714497e-14
0.017207729575061226   2.6519764971127544e-14
0.017223587367143963   2.6495347994824585e-14
0.017239459772983183   2.6470953500084028e-14
0.01725534680604621   2.6446581466203356e-14
0.017271248479812762   2.642223187249915e-14
0.017287164807775   2.6397904698307008e-14
0.017303095803437488   2.6373599922981636e-14
0.01731904148031727   2.6349317525896693e-14
0.01733500185194381   2.6325057486444908e-14
0.01735097693185908   2.6300819784037958e-14
0.017366966733617498   2.6276604398106512e-14
0.017382971270785995   2.6252411308100172e-14
0.01739899055694398   2.622824049348752e-14
0.017415024605683414   2.620409193375601e-14
0.01743107343060874   2.6179965608412042e-14
0.01744713704533698   2.615586149698085e-14
0.017463215463497665   2.6131779579006584e-14
0.017479308698732925   2.61077198340522e-14
0.017495416764697423   2.608368224169954e-14
0.017511539675058443   2.6059666781549208e-14
0.01752767744349583   2.6035673433220644e-14
0.017543830083702062   2.6011702176352036e-14
0.01755999760938223   2.598775299060035e-14
0.017576180034254037   2.596382585564131e-14
0.017592377372047857   2.593992075116934e-14
0.01760858963650668   2.5916037656897614e-14
0.017624816841386205   2.5892176552557956e-14
0.017641059000454762   2.5868337417900902e-14
0.01765731612749341   2.584452023269561e-14
0.017673588236295876   2.5820724976729925e-14
0.017689875340668626   2.5796951629810272e-14
0.01770617745443082   2.5773200171761725e-14
0.017722494591414385   2.5749470582427898e-14
0.01773882676546396   2.5725762841671044e-14
0.01775517399043698   2.57020769293719e-14
0.017771536280203615   2.5678412825429798e-14
0.017787913648646847   2.5654770509762557e-14
0.01780430610966242   2.563114996230653e-14
0.017820713677158928   2.560755116301651e-14
0.01783713636505773   2.558397409186582e-14
0.01785357418729306   2.5560418728846183e-14
0.017870027157811958   2.5536885053967805e-14
0.01788649529057435   2.5513373047259258e-14
0.01790297859955299   2.5489882688767573e-14
0.01791947709873355   2.546641395855811e-14
0.017935990802114544   2.5442966836714646e-14
0.01795251972370743   2.5419541303339274e-14
0.017969063877536547   2.539613733855245e-14
0.01798562327763918   2.5372754922492914e-14
0.018002197938065533   2.534939403531773e-14
0.01801878787287877   2.5326054657202243e-14
0.018035393096155   2.530273676834006e-14
0.018052013621983335   2.527944034894302e-14
0.018068649464465823   2.5256165379241246e-14
0.018085300637717558   2.5232911839483006e-14
0.0181019671558666   2.520967970993482e-14
0.018118649033054064   2.5186468970881373e-14
0.01813534628343406   2.5163279602625528e-14
0.018152058921173785   2.5140111585488253e-14
0.01816878696045345   2.5116964899808706e-14
0.01818553041546636   2.509383952594412e-14
0.018202289300418884   2.507073544426985e-14
0.018219063629530508   2.5047652635179297e-14
0.018235853417033782   2.502459107908398e-14
0.018252658677174415   2.500155075641342e-14
0.01826947942421121   2.4978531647615206e-14
0.018286315672416134   2.4955533733154885e-14
0.018303167436074286   2.4932556993516076e-14
0.018320034729483955   2.4909601409200318e-14
0.018336917566956573   2.4886666960727162e-14
0.018353815962816798   2.486375362863406e-14
0.01837072993140245   2.4840861393476446e-14
0.018387659487064605   2.481799023582761e-14
0.01840460464416752   2.4795140136278817e-14
0.01842156541708873   2.4772311075439127e-14
0.01843854182021898   2.474950303393555e-14
0.018455533867962316   2.4726715992412872e-14
0.01847254157473602   2.4703949931533765e-14
0.018489564954970707   2.4681204831978682e-14
0.018506604023110232   2.4658480674445906e-14
0.01852365879361182   2.463577743965146e-14
0.018540729280945967   2.4613095108329188e-14
0.018557815499596546   2.4590433661230642e-14
0.018574917464060745   2.4567793079125127e-14
0.01859203518884914   2.4545173342799656e-14
0.018609168688485656   2.4522574433058964e-14
0.018626317977507623   2.4499996330725426e-14
0.018643483070465743   2.4477439016639138e-14
0.018660663981924158   2.445490247165781e-14
0.018677860726460396   2.4432386676656822e-14
0.018695073318665458   2.4409891612529125e-14
0.018712301773143755   2.4387417260185334e-14
0.018729546104513186   2.4364963600553587e-14
0.018746806327405097   2.4342530614579647e-14
0.01876408245646434   2.4320118283226802e-14
0.018781374506349237   2.4297726587475887e-14
0.018798682491731653   2.4275355508325245e-14
0.01881600642729693   2.4253005026790766e-14
0.018833346327743982   2.4230675123905782e-14
0.01885070220778526   2.420836578072111e-14
0.018868074082146753   2.418607697830505e-14
0.01888546196556805   2.4163808697743306e-14
0.01890286587280229   2.4141560920139046e-14
0.018920285818616246   2.411933362661281e-14
0.018937721817790257   2.4097126798302573e-14
0.01895517388511833   2.4074940416363637e-14
0.01897264203540806   2.40527744619687e-14
0.01899012628348072   2.4030628916307815e-14
0.019007626644171223   2.400850376058832e-14
0.019025143132328174   2.3986398976034894e-14
0.019042675762813828   2.396431454388952e-14
0.019060224550504178   2.394225044541143e-14
0.019077789510288882   2.3920206661877175e-14
0.01909537065707136   2.389818317458049e-14
0.019112968005768734   2.3876179964832402e-14
0.019130581571311905   2.3854197013961105e-14
0.019148211368645494   2.3832234303312045e-14
0.019165857412727937   2.3810291814247793e-14
0.019183519718531414   2.378836952814815e-14
0.01920119830104194   2.376646742641003e-14
0.019218893175259304   2.3744585490447512e-14
0.019236604356197163   2.3722723701691763e-14
0.019254331858882954   2.370088204159109e-14
0.019272075698358017   2.3679060491610876e-14
0.019289835889677507   2.365725903323358e-14
0.0193076124479105   2.3635477647958705e-14
0.019325405388139906   2.3613716317302837e-14
0.019343214725462587   2.3591975022799536e-14
0.01936104047498927   2.3570253745999425e-14
0.01937888265184465   2.354855246847008e-14
0.019396741271167327   2.35268711717961e-14
0.019414616348109877   2.3505209837579e-14
0.01943250789783881   2.3483568447437295e-14
0.019450415935534652   2.3461946983006376e-14
0.01946834047639188   2.3440345425938605e-14
0.019486281535619005   2.3418763757903225e-14
0.019504239128438527   2.3397201960586356e-14
0.019522213270086998   2.3375660015691e-14
0.019540203975814987   2.3354137904937016e-14
0.019558211260887144   2.3332635610061084e-14
0.019576235140582158   2.331115311281674e-14
0.01959427563019283   2.328969039497429e-14
0.019612332745026013   2.3268247438320886e-14
0.019630406500402715   2.3246824224660394e-14
0.019648496911658014   2.3225420735813493e-14
0.019666603994141163   2.3204036953617573e-14
0.01968472776321552   2.3182672859926794e-14
0.01970286823425865   2.3161328436611978e-14
0.01972102542266223   2.3140003665560717e-14
0.019739199343832177   2.3118698528677215e-14
0.019757390013188564   2.30974130078824e-14
0.019775597446165704   2.3076147085113817e-14
0.019793821658212103   2.3054900742325693e-14
0.019812062664790544   2.3033673961488816e-14
0.019830320481378012   2.3012466724590658e-14
0.019848595123465804   2.2991279013635207e-14
0.019866886606559445   2.297011081064309e-14
0.019885194946178793   2.2948962097651457e-14
0.019903520157857967   2.292783285671403e-14
0.01992186225714545   2.2906723069901038e-14
0.019940221259603996   2.2885632719299253e-14
0.019958597180810757   2.286456178701192e-14
0.01997699003635719   2.2843510255158798e-14
0.01999539984184917   2.282247810587609e-14
0.020013826612906904   2.2801465321316485e-14
0.020032270365165042   2.278047188364907e-14
0.020050731114272594   2.2759497775059406e-14
0.020069208875893033   2.2738542977749418e-14
0.020087703665704237   2.2717607473937464e-14
0.020106215499398554   2.269669124585825e-14
0.020124744392682775   2.267579427576287e-14
0.020143290361278182   2.2654916545918752e-14
0.020161853420920528   2.2634058038609676e-14
0.020180433587360075   2.261321873613572e-14
0.020199030876361622   2.2592398620813264e-14
0.020217645303704446   2.257159767497501e-14
0.020236276885182418   2.25508158809699e-14
0.02025492563660392   2.2530053221163156e-14
0.02027359157379194   2.2509309677936218e-14
0.020292274712584015   2.2488585233686796e-14
0.02031097506883231   2.2467879870828767e-14
0.020329692658403557   2.244719357179226e-14
0.020348427497179158   2.2426526319023525e-14
0.020367179601055104   2.2405878094985047e-14
0.02038594898594208   2.23852488821554e-14
0.020404735667765385   2.2364638663029368e-14
0.020423539662465042   2.2344047420117795e-14
0.020442360985995726   2.232347513594767e-14
0.020461199654326846   2.2302921793062058e-14
0.02048005568344249   2.2282387374020138e-14
0.020498929089341523   2.2261871861397103e-14
0.020517819888037504   2.2241375237784248e-14
0.020536728095558798   2.2220897485788855e-14
0.020555653727948493   2.2200438588034273e-14
0.020574596801264507   2.2179998527159812e-14
0.020593557331579516   2.2159577285820813e-14
0.020612535334981044   2.213917484668857e-14
0.020631530827571406   2.2118791192450344e-14
0.02065054382546779   2.2098426305809334e-14
0.020669574344802204   2.2078080169484696e-14
0.020688622401721556   2.2057752766211475e-14
0.020707688012387593   2.203744407874064e-14
0.020726771192977   2.2017154089839025e-14
0.020745871959681337   2.1996882782289366e-14
0.020764990328707107   2.197663013889024e-14
0.020784126316275724   2.1956396142456072e-14
0.020803279938623586   2.1936180775817102e-14
0.02082245121200201   2.1915984021819423e-14
0.020841640152677334   2.1895805863324883e-14
0.02086084677693084   2.1875646283211145e-14
0.02088007110105887   2.1855505264371627e-14
0.02089931314137272   2.1835382789715538e-14
0.020918572914198776   2.1815278842167764e-14
0.020937850435878425   2.179519340466899e-14
0.020957145722768147   2.1775126460175556e-14
0.020976458791239466   2.175507799165954e-14
0.020995789657679027   2.173504798210868e-14
0.021015138338488535   2.1715036414526415e-14
0.021034504850084852   2.1695043271931787e-14
0.021053889208899928   2.167506853735953e-14
0.021073291431380897   2.1655112193859973e-14
0.021092711533990012   2.1635174224499073e-14
0.02111214953320473   2.1615254612358376e-14
0.021131605445517662   2.159535334053502e-14
0.02115107928743665   2.157547039214169e-14
0.021170571075484715   2.1555605750306655e-14
0.021190080826200136   2.1535759398173694e-14
0.021209608556136402   2.1515931318902145e-14
0.021229154281862294   2.149612149566683e-14
0.021248718019961817   2.1476329911658078e-14
0.021268299787034307   2.1456556550081692e-14
0.021287899599694352   2.143680139415897e-14
0.021307517474571897   2.1417064427126623e-14
0.021327153428312158   2.1397345632236855e-14
0.02134680747757575   2.137764499275723e-14
0.021366479639038587   2.1357962491970782e-14
0.021386169929391994   2.133829811317591e-14
0.021405878365342645   2.1318651839686406e-14
0.021425604963612642   2.1299023654831428e-14
0.021445349740939455   2.12794135419555e-14
0.021465112714076032   2.1259821484418448e-14
0.021484893899790705   2.1240247465595494e-14
0.021504693314867304   2.1220691468877098e-14
0.021524510976105093   2.1201153477669062e-14
0.021544346900318846   2.118163347539246e-14
0.021564201104338796   2.116213144548365e-14
0.021584073605010735   2.114264737139421e-14
0.021603964419195924   2.1123181236591e-14
0.02162387356377122   2.1103733024556075e-14
0.021643801055628974   2.1084302718786737e-14
0.02166374691167715   2.1064890302795455e-14
0.021683711148839286   2.1045495760109894e-14
0.021703693784054484   2.102611907427291e-14
0.021723694834277503   2.100676022884248e-14
0.02174371431647868   2.098741920739177e-14
0.021763752247644038   2.096809599350902e-14
0.021783808644775204   2.094879057079765e-14
0.021803883524889524   2.092950292287612e-14
0.021823976905019974   2.0910233033378022e-14
0.02184408880221528   2.0890980885951993e-14
0.02186421923353983   2.0871746464261763e-14
0.021884368216073778   2.0852529751986063e-14
0.021904535766912987   2.08333307328187e-14
0.021924721903169103   2.081414939046846e-14
0.021944926641969505   2.079498570865918e-14
0.021965150000457404   2.077583967112964e-14
0.021985391995791755   2.0756711261633636e-14
0.02200565264514738   2.0737600463939876e-14
0.022025931965714878   2.071850726183209e-14
0.022046229974700737   2.069943163910887e-14
0.022066546689327254   2.068037357958379e-14
0.02208688212683265   2.0661333067085284e-14
0.02210723630447097   2.064231008545672e-14
0.02212760923951223   2.06233046185563e-14
0.02214800094924229   2.0604316650257152e-14
0.022168411450963005   2.0585346164447202e-14
0.022188840761992113   2.0566393145029257e-14
0.022209288899663372   2.054745757592091e-14
0.022229755881326457   2.0528539441054603e-14
0.022250241724347083   2.0509638724377545e-14
0.02227074644610692   2.0490755409851758e-14
0.0222912700640037   2.0471889481454023e-14
0.02231181259545115   2.0453040923175865e-14
0.022332374057879086   2.043420971902356e-14
0.02235295446873333   2.0415395853018144e-14
0.02237355384547585   2.0396599309195316e-14
0.02239417220558464   2.0377820071605528e-14
0.022414809566553857   2.0359058124313874e-14
0.022435465945893726   2.0340313451400178e-14
0.022456141361130662   2.0321586036958882e-14
0.022476835829807182   2.03028758650991e-14
0.02249754936948202   2.028418291994456e-14
0.02251828199773004   2.026550718563364e-14
0.022539033732142343   2.0246848646319304e-14
0.022559804590326207   2.0228207286169126e-14
0.02258059458990518   2.0209583089365233e-14
0.022601403748518996   2.019097604010437e-14
0.022622232083823697   2.017238612259779e-14
0.022643079613491553   2.0153813321071314e-14
0.022663946355211156   2.013525761976527e-14
0.022684832326687367   2.0116719002934523e-14
0.022705737545641393   2.0098197454848417e-14
0.02272666202981074   2.0079692959790816e-14
0.0227476057969493   2.006120550206e-14
0.022768568864827275   2.0042735065968776e-14
0.0227895512512313   2.0024281635844352e-14
0.022810552973964348   2.0005845196028402e-14
0.02283157405084585   1.9987425730876986e-14
0.022852614499711595   1.9969023224760613e-14
0.022873674338413884   1.9950637662064144e-14
0.0228947535848214   1.993226902718686e-14
0.022915852256819347   1.991391730454237e-14
0.022936970372309365   1.9895582478558687e-14
0.02295810794920964   1.9877264533678103e-14
0.02297926500545482   1.9858963454357304e-14
0.023000441558996127   1.9840679225067237e-14
0.02302163762780128   1.982241183029319e-14
0.02304285322985461   1.98041612545347e-14
0.02306408838315696   1.9785927482305615e-14
0.023085343105725825   1.976771049813403e-14
0.02310661741559525   1.9749510286562298e-14
0.023127911330815935   1.9731326832146984e-14
0.023149224869455184   1.9713160119458906e-14
0.023170558049596997   1.9695010133083056e-14
0.023191910889341978   1.9676876857618683e-14
0.023213283406807464   1.965876027767915e-14
0.023234675620127477   1.9640660377892012e-14
0.02325608754745272   1.9622577142899022e-14
0.023277519206950665   1.9604510557356015e-14
0.023298970616805484   1.9586460605933018e-14
0.023320441795218153   1.9568427273314112e-14
0.023341932760406373   1.9550410544197543e-14
0.02336344353060468   1.9532410403295603e-14
0.023384974124064366   1.9514426835334703e-14
0.023406524559053597   1.9496459825055275e-14
0.023428094853857315   1.9478509357211862e-14
0.02344968502677737   1.946057541657298e-14
0.023471295096132425   1.944265798792123e-14
0.023492925080258072   1.942475705605319e-14
0.023514574997506758   1.9406872605779474e-14
0.023536244866247887   1.9389004621924634e-14
0.02355793470486774   1.9371153089327253e-14
0.02357964453176959   1.9353317992839838e-14
0.023601374365373635   1.9335499317328865e-14
0.023623124224117078   1.9317697047674728e-14
0.023644894126454073   1.9299911168771784e-14
0.02366668409085583   1.928214166552826e-14
0.023688494135810527   1.9264388522866298e-14
0.02371032427982344   1.924665172572191e-14
0.023732174541416837   1.9228931259045034e-14
0.023754044939130105   1.9211227107799393e-14
0.02377593549151968   1.9193539256962613e-14
0.023797846217159135   1.917586769152613e-14
0.023819777134639113   1.9158212396495215e-14
0.023841728262567443   1.9140573356888924e-14
0.023863699619569044   1.912295055774014e-14
0.02388569122428606   1.910534398409551e-14
0.02390770309537775   1.908775362101547e-14
0.023929735251520638   1.9070179453574173e-14
0.02395178771140839   1.9052621466859584e-14
0.023973860493751963   1.903507964597333e-14
0.0239959536172795   1.901755397603081e-14
0.02401806710073645   1.9000044442161103e-14
0.024040200962885498   1.8982551029507e-14
0.02406235522250666   1.8965073723224962e-14
0.02408452989839721   1.8947612508485125e-14
0.024106725009371804   1.8930167370471273e-14
0.024128940574262372   1.8912738294380856e-14
0.02415117661191826   1.8895325265424923e-14
0.024173433141206124   1.8877928268828188e-14
0.02419571018101007   1.8860547289828927e-14
0.02421800775023155   1.8843182313679025e-14
0.02424032586778948   1.8825833325643968e-14
0.024262664552620168   1.880850031100279e-14
0.024285023823677417   1.8791183255048077e-14
0.02430740369993245   1.8773882143085996e-14
0.024329804200374026   1.875659696043618e-14
0.02435222534400835   1.8739327692431853e-14
0.024374667149859187   1.8722074324419694e-14
0.02439712963696779   1.8704836841759913e-14
0.024419612824393012   1.8687615229826166e-14
0.024442116731211213   1.8670409474005616e-14
0.024464641376516383   1.8653219559698844e-14
0.02448718677942006   1.8636045472319914e-14
0.02450975295905145   1.8618887197296285e-14
0.024532339934557328   1.8601744720068882e-14
0.024554947725102166   1.858461802609198e-14
0.024577576349868055   1.8567507100833306e-14
0.0246002258280548   1.8550411929773922e-14
0.024622896178879864   1.8533332498408297e-14
0.02464558742157846   1.851626879224423e-14
0.024668299575403476   1.8499220796802897e-14
0.024691032659625602   1.8482188497618764e-14
0.02471378669353323   1.846517188023967e-14
0.024736561696432572   1.8448170930226715e-14
0.024759357687647598   1.843118563315433e-14
0.02478217468652012   1.8414215974610208e-14
0.02480501271240973   1.839726194019534e-14
0.024827871784693915   1.8380323515523948e-14
0.024850751922767967   1.8363400686223516e-14
0.024873653146045095   1.8346493437934758e-14
0.024896575473956357   1.8329601756311638e-14
0.02491951892595075   1.8312725627021283e-14
0.024942483521495203   1.8295865035744053e-14
0.02496546928007453   1.827901996817349e-14
0.02498847622119157   1.8262190410016293e-14
0.025011504364367075   1.824537634699236e-14
0.025034553729139836   1.8228577764834694e-14
0.0250576243350666   1.821179464928949e-14
0.025080716201722194   1.8195026986116e-14
0.025103829348699425   1.8178274761086662e-14
0.02512696379560921   1.8161537959986958e-14
0.025150119562080485   1.8144816568615506e-14
0.025173296667760334   1.8128110572783958e-14
0.02519649513231389   1.8111419958317074e-14
0.02521971497542445   1.809474471105263e-14
0.02524295621679342   1.8078084816841478e-14
0.025266218876140396   1.806144026154747e-14
0.025289502973203103   1.80448110310475e-14
0.025312808527737506   1.8028197111231445e-14
0.02533613555951772   1.8011598488002202e-14
0.025359484088336135   1.7995015147275617e-14
0.025382854134003343   1.797844707498054e-14
0.02540624571634822   1.7961894257058748e-14
0.025429658855217887   1.7945356679464993e-14
0.02545309357047779   1.792883432816693e-14
0.02547654988201164   1.7912327189145173e-14
0.025500027809721517   1.7895835248393203e-14
0.025523527373527796   1.787935849191744e-14
0.02554704859336926   1.786289690573716e-14
0.025570591489203008   1.7846450475884534e-14
0.025594156081004592   1.783001918840458e-14
0.02561774238876792   1.7813603029355177e-14
0.025641350432505365   1.779720198480704e-14
0.025664980232247704   1.7780816040843714e-14
0.025688631808044222   1.776444518356155e-14
0.025712305179962626   1.7748089399069712e-14
0.02573600036808917   1.773174867349014e-14
0.02575971739252856   1.7715422992957595e-14
0.025783456273404094   1.769911234361954e-14
0.025807217030857553   1.7682816711636267e-14
0.025830999685049337   1.7666536083180745e-14
0.025854804256158367   1.7650270444438732e-14
0.02587863076438222   1.7634019781608666e-14
0.025902479229937027   1.7617784080901725e-14
0.025926349673057604   1.7601563328541753e-14
0.02595024211399736   1.7585357510765317e-14
0.025974156573028425   1.7569166613821622e-14
0.025998093070441555   1.7552990623972574e-14
0.02602205162654626   1.753682952749268e-14
0.026046032261670713   1.7520683310669136e-14
0.02607003499616187   1.750455195980173e-14
0.02609405985038539   1.7488435461202897e-14
0.02611810684472575   1.7472333801197633e-14
0.026142175999586154   1.7456246966123586e-14
0.026166267335388675   1.7440174942330926e-14
0.02619038087257414   1.7424117716182434e-14
0.026214516631602274   1.740807527405342e-14
0.0262386746329516   1.7392047602331775e-14
0.02626285489711957   1.7376034687417872e-14
0.026287057444622463   1.7360036515724675e-14
0.02631128229599553   1.7344053073677593e-14
0.026335529471792886   1.7328084347714588e-14
0.02635979899258764   1.7312130324286073e-14
0.026384090878971814   1.7296190989854965e-14
0.02640840515155645   1.7280266330896627e-14
0.02643274183097154   1.7264356333898895e-14
0.02645710093786614   1.724846098536202e-14
0.026481482492908267   1.723258027179872e-14
0.02650588651678506   1.7216714179734103e-14
0.026530313030202653   1.7200862695705704e-14
0.026554762053886325   1.7185025806263436e-14
0.026579233608580395   1.7169203497969623e-14
0.02660372771504835   1.7153395757398935e-14
0.02662824439407277   1.7137602571138435e-14
0.026652783666455425   1.7121823925787504e-14
0.026677345553017213   1.7106059807957898e-14
0.026701930074598257   1.7090310204273667e-14
0.02672653725205788   1.7074575101371198e-14
0.026751167106274596   1.7058854485899184e-14
0.026775819658146207   1.7043148344518608e-14
0.02680049492858972   1.702745666390274e-14
0.02682519293854148   1.701177943073711e-14
0.02684991370895706   1.6996116631719528e-14
0.026874657260811403   1.6980468253560025e-14
0.026899423615098735   1.6964834282980914e-14
0.02692421279283267   1.694921470671668e-14
0.026949024815046144   1.693360951151408e-14
0.026973859702791526   1.6918018684132018e-14
0.026998717477140527   1.6902442211341644e-14
0.027023598159184342   1.6886880079926246e-14
0.02704850177003354   1.6871332276681317e-14
0.0270734283308182   1.685579878841448e-14
0.027098377862687817   1.684027960194553e-14
0.027123350386811438   1.682477470410638e-14
0.027148345924377554   1.680928408174109e-14
0.027173364496594247   1.6793807721705807e-14
0.027198406124689083   1.6778345610868812e-14
0.027223470829909245   1.676289773611044e-14
0.02724855863352144   1.6747464084323157e-14
0.027273669556812034   1.673204464241145e-14
0.027298803621086953   1.671663939729189e-14
0.027323960847671802   1.67012483358931e-14
0.0273491412579118   1.6685871445155725e-14
0.02737434487317188   1.6670508712032432e-14
0.027399571714836618   1.6655160123487935e-14
0.02742482180431034   1.6639825666498903e-14
0.027450095163017052   1.6624505328054045e-14
0.027475391812400555   1.6609199095154012e-14
0.02750071177392436   1.6593906954811452e-14
0.0275260550690718   1.6578628894050952e-14
0.02755142171934597   1.656336489990907e-14
0.027576811746269823   1.6548114959434274e-14
0.027602225171386097   1.653287905968699e-14
0.027627662016257434   1.6517657187739518e-14
0.02765312230246629   1.650244933067611e-14
0.027678606051615078   1.648725547559287e-14
0.027704113285326046   1.647207560959781e-14
0.02772964402524144   1.6456909719810794e-14
0.02775519829302338   1.6441757793363575e-14
0.027780776110354018   1.642661981739971e-14
0.027806377498935417   1.6411495779074652e-14
0.027832002480489712   1.6396385665555628e-14
0.027857651076758985   1.638128946402172e-14
0.02788332330950542   1.6366207161663782e-14
0.027909019200511195   1.635113874568451e-14
0.02793473877157862   1.6336084203298323e-14
0.02796048204453004   1.632104352173147e-14
0.027986249041207965   1.6306016688221928e-14
0.028012039783474982   1.6291003690019438e-14
0.028037854293213878   1.6276004514385473e-14
0.028063692592327553   1.6261019148593262e-14
0.02808955470273914   1.6246047579927704e-14
0.028115440646391928   1.6231089795685464e-14
0.028141350445249482   1.6216145783174852e-14
0.028167284121295547   1.6201215529715912e-14
0.028193241696534192   1.6186299022640316e-14
0.028219223192989695   1.6171396249291447e-14
0.0282452286327067   1.6156507197024308e-14
0.028271258037750102   1.6141631853205573e-14
0.02829731143020519   1.612677020521351e-14
0.02832338883217754   1.6111922240438068e-14
0.02834949026579317   1.6097087946280746e-14
0.028375615753198424   1.608226731015469e-14
0.028401765316560114   1.6067460319484597e-14
0.028427938978065417   1.605266696170679e-14
0.02845413675992202   1.6037887224269112e-14
0.02848035868435802   1.602312109463101e-14
0.028506604773622046   1.6008368560263432e-14
0.028532875049983187   1.5993629608648906e-14
0.028559169535731097   1.597890422728145e-14
0.028585488253175924   1.5964192403666636e-14
0.028611831224648412   1.5949494125321508e-14
0.02863819847249989   1.5934809379774604e-14
0.028664590019102237   1.5920138154565976e-14
0.028691005886848007   1.5905480437247126e-14
0.028717446098150336   1.5890836215381024e-14
0.02874391067544307   1.5876205476542084e-14
0.028770399641180673   1.5861588208316177e-14
0.028796913017838353   1.5846984398300598e-14
0.028823450827911976   1.5832394034104068e-14
0.028850013093918207   1.5817817103346696e-14
0.028876599838394384   1.5803253593660023e-14
0.02890321108389869   1.5788703492686945e-14
0.02892984685301003   1.5774166788081775e-14
0.02895650716832817   1.5759643467510153e-14
0.02898319205247366   1.5745133518649112e-14
0.029009901528087932   1.5730636929187003e-14
0.02903663561783325   1.5716153686823542e-14
0.029063394344392805   1.5701683779269737e-14
0.02909017773047063   1.568722719424796e-14
0.029116985798791756   1.5672783919491827e-14
0.02914381857210208   1.5658353942746305e-14
0.02917067607316853   1.5643937251767607e-14
0.029197558324778956   1.5629533834323247e-14
0.029224465349742258   1.5615143678191976e-14
0.029251397170888305   1.5600766771163832e-14
0.029278353811068063   1.5586403101040054e-14
0.029305335293153496   1.5572052655633156e-14
0.0293323416400377   1.5557715422766844e-14
0.02935937287463482   1.554339139027606e-14
0.02938642901988017   1.5529080546006907e-14
0.029413510098730132   1.551478287781674e-14
0.029440616134162323   1.550049837357404e-14
0.02946774714917546   1.548622702115848e-14
0.029494903166789516   1.5471968808460907e-14
0.029522084210045624   1.545772372338329e-14
0.029549290302006207   1.5443491753838757e-14
0.02957652146575488   1.5429272887751573e-14
0.029603777724396593   1.5415067113057094e-14
0.02963105910105753   1.5400874417701805e-14
0.029658365618885244   1.538669478964329e-14
0.029685697301048555   1.5372528216850228e-14
0.029713054170737708   1.5358374687302337e-14
0.02974043625116424   1.5344234188990467e-14
0.02976784356556116   1.5330106709916457e-14
0.02979527613718281   1.531599223809326e-14
0.02982273398930503   1.5301890761544813e-14
0.02985021714522505   1.5287802268306117e-14
0.029877725628261624   1.5273726746423157e-14
0.02990525946175494   1.525966418395297e-14
0.029932818669066757   1.5245614568963535e-14
0.0299604032735803   1.5231577889533875e-14
0.029988013298700406   1.5217554133753934e-14
0.030015648767853412   1.520354328972467e-14
0.030043309704487313   1.518954534555797e-14
0.030070996132071648   1.5175560289376674e-14
0.03009870807409765   1.5161588109314557e-14
0.03012644555407813   1.514762879351634e-14
0.030154208595547634   1.513368233013762e-14
0.03018199722206234   1.511974870734494e-14
0.030209811457200184   1.510582791331571e-14
0.03023765132456078   1.509191993623825e-14
0.030265516847765545   1.507802476431173e-14
0.030293408050457604   1.506414238574622e-14
0.030321324956301934   1.5050272788762608e-14
0.030349267588985256   1.503641596159266e-14
0.03037723597221618   1.5022571892478955e-14
0.030405230129725114   1.5008740569674915e-14
0.03043325008526438   1.4994921981444762e-14
0.03046129586260814   1.4981116116063547e-14
0.03048936748555252   1.496732296181709e-14
0.030517464977915517   1.4953542507002022e-14
0.030545588363537136   1.493977473992572e-14
0.030573737666279296   1.4926019648906372e-14
0.030601912910025956   1.4912277222272872e-14
0.03063011411868304   1.4898547448364905e-14
0.03065834131617855   1.4884830315532854e-14
0.030686594526462482   1.4871125812137868e-14
0.030714873773506957   1.485743392655178e-14
0.030743179081306173   1.484375464715714e-14
0.030771510473876402   1.483008796234721e-14
0.030799867975256114   1.4816433860525907e-14
0.03082825160950586   1.480279233010787e-14
0.030856661400708436   1.4789163359518358e-14
0.030885097372968757   1.4775546937193332e-14
0.030913559550414027   1.4761943051579357e-14
0.030942047957193616   1.474835169113368e-14
0.03097056261747921   1.4734772844324138e-14
0.030999103555464712   1.472120649962922e-14
0.03102767079536638   1.4707652645537994e-14
0.031056264361422725   1.469411127055015e-14
0.031084884277894666   1.4680582363175947e-14
0.031113530569065403   1.466706591193625e-14
0.031142203259240588   1.4653561905362464e-14
0.031170902372748208   1.464007033199658e-14
0.03119962793393873   1.4626591180391116e-14
0.031228379967184992   1.4613124439109158e-14
0.03125715849688237   1.4599670096724282e-14
0.03128596354744864   1.4586228141820642e-14
0.03131479514332417   1.457279856299284e-14
0.031343653308971764   1.4559381348846035e-14
0.03137253806887683   1.454597648799584e-14
0.03140144944754731   1.453258396906838e-14
0.03143038746951376   1.4519203780700217e-14
0.03145935215932928   1.4505835911538424e-14
0.031488343541569694   1.449248035024047e-14
0.03151736164083338   1.4479137085474322e-14
0.03154640648174145   1.4465806105918348e-14
0.03157547808893765   1.4452487400261357e-14
0.03160457648708851   1.4439180957202553e-14
0.031633701700883206   1.4425886765451575e-14
0.031662853755033735   1.4412604813728433e-14
0.031692032674274825   1.4399335090763534e-14
0.03172123848336403   1.4386077585297657e-14
0.03175047120708168   1.437283228608196e-14
0.031779730870231   1.4359599181877935e-14
0.031809017497637995   1.434637826145745e-14
0.03183833111415163   1.4333169513602696e-14
0.0318676717446437   1.431997292710619e-14
0.031897039414008975   1.430678849077078e-14
0.03192643414716512   1.4293616193409617e-14
0.0319558559690528   1.4280456023846145e-14
0.031985304904635636   1.4267307970914125e-14
0.032014780978900294   1.4254172023457564e-14
0.03204428421685641   1.4241048170330776e-14
0.03207381464353672   1.42279364003983e-14
0.03210337228399699   1.4214836702534973e-14
0.032132957163316114   1.4201749065625835e-14
0.03216256930659605   1.4188673478566182e-14
0.03219220873896195   1.4175609930261529e-14
0.03222187548556204   1.4162558409627615e-14
0.03225156957156781   1.4149518905590362e-14
0.032281291022173864   1.4136491407085923e-14
0.032311039862598104   1.4123475903060606e-14
0.032340816118081595   1.411047238247092e-14
0.032370619813888724   1.4097480834283523e-14
0.03240045097530712   1.4084501247475246e-14
0.03243030962764775   1.4071533611033064e-14
0.03246019579624486   1.4058577913954105e-14
0.032490109506456095   1.4045634145245603e-14
0.03252005078366243   1.4032702293924937e-14
0.03255001965326826   1.4019782349019581e-14
0.03258001614070134   1.4006874299567134e-14
0.03261004027141294   1.399397813461526e-14
0.032640092070877695   1.398109384322174e-14
0.03267017156459379   1.3968221414454394e-14
0.03270027877808285   1.3955360837391149e-14
0.03273041373689008   1.3942512101119945e-14
0.03276057646658415   1.3929675194738808e-14
0.032790766992757375   1.3916850107355771e-14
0.03282098534102559   1.3904036828088928e-14
0.03285123153702827   1.3891235346066354e-14
0.0328815056064285   1.3878445650426176e-14
0.03291180757491303   1.3865667730316496e-14
0.032942137468192294   1.3852901574895401e-14
0.03297249531200036   1.3840147173330995e-14
0.033002881132095103   1.3827404514801309e-14
0.03303329495425804   1.3814673588494386e-14
0.033063736804294516   1.3801954383608188e-14
0.03309420670803362   1.3789246889350648e-14
0.03312470469132827   1.3776551094939613e-14
0.03315523078005517   1.3763866989602888e-14
0.03318578500011493   1.3751194562578156e-14
0.033216367377431964   1.3738533803113048e-14
0.03324697793795463   1.3725884700465068e-14
0.03327761670765515   1.3713247243901636e-14
0.03330828371252974   1.3700621422700029e-14
0.0333389789785985   1.3688007226147421e-14
0.03336970253190559   1.367540464354082e-14
0.03340045439851909   1.3662813664187129e-14
0.03343123460453117   1.3650234277403052e-14
0.033462043176058005   1.3637666472515166e-14
0.03349288013923986   1.3625110238859859e-14
0.03352374552024105   1.3612565565783343e-14
0.033554639345250076   1.3600032442641629e-14
0.03358556164047949   1.3587510858800547e-14
0.03361651243216607   1.3575000803635696e-14
0.0336474917465707   1.3562502266532486e-14
0.03367849960997855   1.3550015236886071e-14
0.03370953604869893   1.3537539704101385e-14
0.03374060108906547   1.3525075657593116e-14
0.033771694757436   1.3512623086785701e-14
0.0338028170801927   1.3500181981113308e-14
0.033833968083742005   1.3487752330019839e-14
0.033865147794514744   1.3475334122958904e-14
0.033896356238966044   1.346292734939385e-14
0.033927593443575474   1.3450531998797692e-14
0.03395885943484694   1.3438148060653169e-14
0.03399015423930883   1.3425775524452671e-14
0.03402147788351393   1.3413414379698305e-14
0.03405283039403956   1.3401064615901799e-14
0.03408421179748744   1.3388726222584576e-14
0.034115622120483906   1.3376399189277672e-14
0.034147061389679746   1.3364083505521802e-14
0.03417852963175038   1.335177916086727e-14
0.034210026873395735   1.3339486144874041e-14
0.034241553141340426   1.332720444711166e-14
0.03427310846233361   1.3314934057159301e-14
0.03430469286314919   1.3302674964605708e-14
0.03433630637058564   1.3290427159049238e-14
0.03436794901146623   1.3278190630097797e-14
0.03439962081263886   1.3265965367368895e-14
0.03443132180097624   1.325375136048956e-14
0.03446305200337579   1.3241548599096413e-14
0.03449481144675977   1.3229357072835584e-14
0.0345266001580752   1.321717677136275e-14
0.03455841816429399   1.320500768434311e-14
0.034590265492412835   1.3192849801451393e-14
0.03462214216945339   1.31807031123718e-14
0.03465404822246212   1.316856760679808e-14
0.03468598367851051   1.3156443274433418e-14
0.03471794856469491   1.3144330104990525e-14
0.034749942908136704   1.3132228088191553e-14
0.03478196673598222   1.3120137213768135e-14
0.03481402007540285   1.3108057471461347e-14
0.03484610295359497   1.309598885102173e-14
0.03487821539778009   1.3083931342209237e-14
0.03491035743520472   1.307188493479327e-14
0.03494252909314058   1.3059849618552625e-14
0.03497473039888441   1.3047825383275553e-14
0.03500696137975821   1.3035812218759659e-14
0.03503922206310907   1.302381011481198e-14
0.03507151247630936   1.3011819061248909e-14
0.03510383264675661   1.2999839047896235e-14
0.03513618260187365   1.2987870064589105e-14
0.035168562369108536   1.2975912101172039e-14
0.035200971975934664   1.2963965147498885e-14
0.0352334114498507   1.2952029193432851e-14
0.035265880818380696   1.2940104228846474e-14
0.035298380109074025   1.2928190243621615e-14
0.035330909349505495   1.291628722764945e-14
0.035363468567275305   1.290439517083046e-14
0.03539605779000907   1.2892514063074436e-14
0.03542867704535789   1.2880643894300446e-14
0.03546132636099833   1.2868784654436851e-14
0.035494005764632484   1.2856936333421276e-14
0.035526715283987924   1.2845098921200623e-14
0.03555945494681785   1.2833272407731037e-14
0.03559222478090096   1.2821456782977925e-14
0.035625024814041624   1.2809652036915911e-14
0.03565785507406976   1.2797858159528878e-14
0.03569071558884101   1.278607514080991e-14
0.03572360638623661   1.277430297076132e-14
0.03575652749416357   1.2762541639394607e-14
0.03578947894055453   1.275079113673049e-14
0.03582246075336796   1.2739051452798856e-14
0.03585547296058802   1.2727322577638788e-14
0.03588851559022471   1.2715604501298526e-14
0.03592158867031381   1.2703897213835493e-14
0.03595469222891697   1.2692200705316234e-14
0.03598782629412166   1.268051496581648e-14
0.036020990894041274   1.2668839985421065e-14
0.03605418605681507   1.265717575422398e-14
0.03608741181060829   1.2645522262328315e-14
0.036120668183612065   1.2633879499846288e-14
0.036153955204043596   1.2622247456899204e-14
0.036187272900145985   1.2610626123617489e-14
0.03622062130018845   1.2599015490140632e-14
0.036254000432466196   1.2587415546617217e-14
0.03628741032530056   1.2575826283204882e-14
0.03632085100703891   1.2564247690070352e-14
0.036354322506054824   1.2552679757389381e-14
0.03638782485074793   1.2541122475346785e-14
0.03642135806954412   1.2529575834136407e-14
0.036454922190895404   1.2518039823961134e-14
0.03648851724328008   1.2506514435032844e-14
0.03652214325520263   1.2494999657572467e-14
0.03655580025519386   1.2483495481809904e-14
0.036589488271810806   1.247200189798407e-14
0.0366232073336369   1.2460518896342854e-14
0.03665695746928182   1.2449046467143148e-14
0.03669073870738171   1.2437584600650777e-14
0.036724551076599006   1.2426133287140571e-14
0.03675839460562264   1.2414692516896277e-14
0.03679226932316793   1.240326228021062e-14
0.03682617525797669   1.2391842567385236e-14
0.036860112438817184   1.238043336873071e-14
0.03689408089448423   1.2369034674566536e-14
0.03692808065379914   1.235764647522113e-14
0.03696211174560984   1.2346268761031804e-14
0.036996174198790754   1.2334901522344784e-14
0.03703026804224303   1.2323544749515157e-14
0.037064393304894326   1.2312198432906921e-14
0.03709855001569908   1.2300862562892918e-14
0.03713273820363831   1.228953712985488e-14
0.03716695789771983   1.227822212418337e-14
0.03720120912697809   1.2266917536277824e-14
0.03723549192047439   1.2255623356546497e-14
0.03726980630729674   1.2244339575406485e-14
0.037304152316560014   1.2233066183283697e-14
0.03733852997740585   1.2221803170612892e-14
0.03737293931900283   1.221055052783758e-14
0.03740738037054633   1.219930824541012e-14
0.03744185316125869   1.2188076313791629e-14
0.037476357720389125   1.2176854723452036e-14
0.037510894077213884   1.2165643464870006e-14
0.0375454622610361   1.2154442528533019e-14
0.037580062301186   1.2143251904937265e-14
0.03761469422702076   1.2132071584587722e-14
0.037649358067924694   1.2120901557998089e-14
0.037684053853309106   1.2109741815690813e-14
0.03771878161261249   1.2098592348197049e-14
0.03775354137530039   1.208745314605669e-14
0.03778833317086557   1.2076324199818327e-14
0.03782315702882792   1.2065205500039267e-14
0.037858012978734576   1.205409703728549e-14
0.03789290105015989   1.2042998802131677e-14
0.03792782127270545   1.2031910785161187e-14
0.03796277367600015   1.202083297696604e-14
0.03799775828970016   1.2009765368146936e-14
0.03803277514348902   1.1998707949313202e-14
0.03806782426707756   1.1987660711082845e-14
0.03810290569020409   1.1976623644082477e-14
0.0381380194426342   1.1965596738947368e-14
0.03817316555416103   1.1954579986321391e-14
0.03820834405460508   1.1943573376857044e-14
0.038243554973814424   1.1932576901215421e-14
0.03827879834166453   1.1921590550066243e-14
0.038314074188058524   1.191061431408777e-14
0.03834938254292696   1.1899648183966906e-14
0.038384723436228105   1.1888692150399076e-14
0.03842009689794771   1.1877746204088312e-14
0.03845550295809926   1.1866810335747179e-14
0.03849094164672382   1.1855884536096815e-14
0.03852641299389022   1.1844968795866869e-14
0.038561917029694914   1.1834063105795568e-14
0.038597453784262166   1.1823167456629632e-14
0.03863302328774394   1.1812281839124319e-14
0.038668625570320046   1.1801406244043386e-14
0.038704260662198044   1.179054066215911e-14
0.038739928593613394   1.1779685084252249e-14
0.038775629394829356   1.1768839501112067e-14
0.03881136309613715   1.175800390353628e-14
0.038847129727855825   1.1747178282331118e-14
0.038882929320332466   1.1736362628311233e-14
0.038918761903942035   1.1725556932299761e-14
0.03895462750908757   1.1714761185128283e-14
0.03899052616620004   1.1703975377636818e-14
0.03902645790573854   1.1693199500673815e-14
0.03906242275819017   1.1682433545096165e-14
0.039098420754070176   1.1671677501769155e-14
0.03913445192392187   1.1660931361566506e-14
0.03917051629831678   1.1650195115370317e-14
0.039206613907854536   1.1639468754071107e-14
0.03924274478316304   1.1628752268567757e-14
0.03927890895489833   1.161804564976756e-14
0.039315106453744794   1.1607348888586142e-14
0.039351337310415006   1.1596661975947532e-14
0.03938760155564992   1.1585984902784084e-14
0.039423899220218765   1.1575317660036521e-14
0.03946023033491916   1.1564660238653898e-14
0.03949659493057707   1.155401262959361e-14
0.039532993038046915   1.1543374823821361e-14
0.039569424688211494   1.1532746812311198e-14
0.03960588991198213   1.152212858604546e-14
0.03964238874029855   1.15115201360148e-14
0.0396789212041291   1.1500921453218151e-14
0.03971548733447054   1.1490332528662758e-14
0.03975208716234832   1.147975335336412e-14
0.039788720718816374   1.1469183918346031e-14
0.039825388034957346   1.1458624214640522e-14
0.03986208914188243   1.1448074233287916e-14
0.039898824070731594   1.1437533965336752e-14
0.0399355928526734   1.1427003401843838e-14
0.03997239551890523   1.1416482533874195e-14
0.04000923210065312   1.1405971352501087e-14
0.040046102629171985   1.1395469848805984e-14
0.04008300713574543   1.138497801387858e-14
0.04011994565168601   1.137449583881676e-14
0.04015691820833502   1.1364023314726615e-14
0.04019392483706274   1.1353560432722423e-14
0.040230965569268265   1.1343107183926645e-14
0.040268040436379715   1.1332663559469907e-14
0.04030514946985409   1.1322229550491017e-14
0.04034229270117747   1.1311805148136915e-14
0.04037947016186485   1.1301390343562728e-14
0.04041668188346035   1.1290985127931694e-14
0.0404539278975371   1.1280589492415217e-14
0.0404912082356974   1.1270203428192794e-14
0.04052852292957257   1.1259826926452084e-14
0.040565872010823185   1.1249459978388821e-14
0.04060325551113891   1.1239102575206883e-14
0.04064067346223867   1.122875470811821e-14
0.04067812589587062   1.1218416368342858e-14
0.04071561284381212   1.1208087547108964e-14
0.040753134337869895   1.1197768235652728e-14
0.040790690409879884   1.1187458425218437e-14
0.04082828109170747   1.1177158107058424e-14
0.04086590641524729   1.116686727243309e-14
0.04090356641242349   1.1156585912610869e-14
0.040941261115189524   1.1146314018868249e-14
0.040978990555528394   1.1136051582489736e-14
0.04101675476545249   1.1125798594767875e-14
0.04105455377700378   1.1115555047003207e-14
0.04109238762225367   1.1105320930504312e-14
0.04113025633330323   1.1095096236587743e-14
0.041168159942283004   1.1084880956578071e-14
0.041206098481353245   1.1074675081807838e-14
0.04124407198270375   1.1064478603617584e-14
0.04128208047855407   1.1054291513355797e-14
0.04132012400115337   1.1044113802378957e-14
0.04135820258278059   1.1033945462051486e-14
0.04139631625574437   1.1023786483745764e-14
0.04143446505238319   1.1013636858842105e-14
0.041472649005065254   1.1003496578728783e-14
0.04151086814618866   1.0993365634801963e-14
0.04154912250818129   1.0983244018465777e-14
0.04158741212350101   1.0973131721132224e-14
0.041625737024635505   1.0963028734221253e-14
0.04166409724410246   1.0952935049160684e-14
0.04170249281444947   1.0942850657386245e-14
0.04174092376825419   1.093277555034154e-14
0.041779390138124234   1.092270971947806e-14
0.04181789195669733   1.0912653156255156e-14
0.04185642925664121   1.0902605852140052e-14
0.04189500207065379   1.0892567798607826e-14
0.041933610431463035   1.08825389871414e-14
0.04197225437182716   1.0872519409231545e-14
0.04201093392453448   1.0862509056376866e-14
0.042049649122403596   1.0852507920083784e-14
0.0420883999982833   1.0842515991866564e-14
0.042127186585052726   1.0832533263247252e-14
0.04216600891562121   1.0822559725755732e-14
0.042204867022928506   1.081259537092966e-14
0.04224376093994466   1.0802640190314505e-14
0.04228269069967016   1.0792694175463505e-14
0.04232165633513583   1.0782757317937687e-14
0.04236065787940302   1.0772829609305829e-14
0.04239969536556347   1.0762911041144498e-14
0.04243876882673948   1.0753001605037993e-14
0.042477878296083814   1.0743101292578383e-14
0.04251702380677985   1.073321009536545e-14
0.04255620539204148   1.072332800500675e-14
0.04259542308511328   1.0713455013117522e-14
0.04263467691927037   1.0703591111320764e-14
0.04267396692781864   1.0693736291247155e-14
0.04271329314409457   1.0683890544535108e-14
0.042752655601465454   1.0674053862830705e-14
0.04279205433332925   1.0664226237787756e-14
0.042831489373114776   1.0654407661067716e-14
0.042870960754281574   1.0644598124339746e-14
0.042910468510320106   1.0634797619280665e-14
0.04295001267475161   1.0625006137574967e-14
0.04298959328112831   1.0615223670914782e-14
0.04302921036303325   1.0605450210999908e-14
0.04306886395408051   1.0595685749537774e-14
0.043108554087915064   1.0585930278243456e-14
0.04314828079821299   1.0576183788839639e-14
0.04318804411868131   1.0566446273056653e-14
0.04322784408305817   1.0556717722632417e-14
0.04326768072511275   1.0546998129312482e-14
0.04330755407864543   1.0537287484849973e-14
0.04334746417748764   1.052758578100564e-14
0.043387411055502076   1.0517893009547784e-14
0.043427394746582575   1.0508209162252313e-14
0.043467415284654275   1.0498534230902689e-14
0.04350747270367349   1.0488868207289953e-14
0.04354756703762792   1.0479211083212693e-14
0.04358769832053653   1.046956285047705e-14
0.043627866586449626   1.0459923500896723e-14
0.04366807186944896   1.045029302629292e-14
0.0437083142036476   1.0440671418494413e-14
0.043748593623190134   1.0431058669337472e-14
0.04378891016225254   1.04214547706659e-14
0.04382926385504238   1.0411859714330993e-14
0.04386965473579864   1.0402273492191567e-14
0.04391008283879196   1.0392696096113916e-14
0.04395054819832446   1.0383127517971849e-14
0.04399105084872998   1.037356774964662e-14
0.044031590824373884   1.0364016783026992e-14
0.04407216815965331   1.0354474610009181e-14
0.044112782888997025   1.0344941222496868e-14
0.044153435046865565   1.0335416612401179e-14
0.04419412466775118   1.0325900771640708e-14
0.044234851786177976   1.0316393692141456e-14
0.04427561643670178   1.0306895365836898e-14
0.04431641865391037   1.029740578466791e-14
0.044357258472423285   1.0287924940582794e-14
0.044398135926892075   1.027845282553727e-14
0.04443905105200014   1.0268989431494458e-14
0.04448000388246292   1.0259534750424876e-14
0.04452099445302775   1.025008877430645e-14
0.044562022798474085   1.0240651495124477e-14
0.044603088953613354   1.0231222904871634e-14
0.04464419295328913   1.0221802995547983e-14
0.04468533483237703   1.0212391759160938e-14
0.04472651462578489   1.0202989187725266e-14
0.04476773236845262   1.0193595273263121e-14
0.044808988095352435   1.0184210007803958e-14
0.04485028184148867   1.0174833383384604e-14
0.04489161364189802   1.0165465392049197e-14
0.044932983531649366   1.0156106025849217e-14
0.044974391545844025   1.0146755276843443e-14
0.04501583771961554   1.0137413137097986e-14
0.04505732208812993   1.0128079598686241e-14
0.04509884468658555   1.0118754653688924e-14
0.04514040555021325   1.010943829419402e-14
0.04518200471427629   1.0100130512296822e-14
0.045223642214070485   1.0090831300099877e-14
0.045265318084924115   1.0081540649713023e-14
0.04530703236219809   1.0072258553253346e-14
0.04534878508128582   1.0062985002845207e-14
0.04539057627761343   1.0053719990620205e-14
0.045432405986639585   1.0044463508717194e-14
0.045474274243855736   1.0035215549282246e-14
0.04551618108478594   1.0025976104468695e-14
0.04555812654498708   1.001674516643707e-14
0.04560011066004872   1.0007522727355146e-14
0.04564213346559332   9.998308779397873e-15
0.045684194997276065   9.989103314747451e-15
0.04572629529078509   9.979906325593234e-15
0.04576843438184133   9.970717804131797e-15
0.04581061230619874   9.961537742566886e-15
0.04585282909964411   9.952366133109437e-15
0.045895084797997324   9.943202967977538e-15
0.04593737943711117   9.934048239396463e-15
0.04597971305287157   9.924901939598626e-15
0.04602208568119742   9.915764060823617e-15
0.046064497358040836   9.90663459531814e-15
0.04610694811938694   9.897513535336065e-15
0.04614943800125412   9.888400873138371e-15
0.046191967039693874   9.879296600993185e-15
0.046234535270791   9.870200711175737e-15
0.046277142730663474   9.861113195968378e-15
0.04631978945546263   9.852034047660551e-15
0.04636247548137305   9.842963258548817e-15
0.04640520084461273   9.833900820936819e-15
0.04644796558143295   9.82484672713529e-15
0.04649076972811852   9.815800969462036e-15
0.046533613320987564   9.806763540241945e-15
0.046576496396391776   9.797734431806964e-15
0.04661941899071627   9.788713636496108e-15
0.046662381140379745   9.77970114665544e-15
0.04670538288183446   9.770696954638068e-15
0.04674842425156622   9.761701052804149e-15
0.04679150528609453   9.752713433520857e-15
0.04683462602197244   9.743734089162423e-15
0.04687778649578681   9.734763012110068e-15
0.04692098674415811   9.725800194752053e-15
0.046964226803740634   9.716845629483628e-15
0.0470075067112224   9.707899308707054e-15
0.04705082650332529   9.698961224831585e-15
0.04709418621680495   9.690031370273471e-15
0.04713758588845101   9.681109737455933e-15
0.04718102555508688   9.672196318809172e-15
0.047224505253570005   9.663291106770365e-15
0.04726802502079172   9.65439409378365e-15
0.04731158489367743   9.64550527230011e-15
0.04735518490918648   9.636624634777798e-15
0.047398825104312384   9.627752173681691e-15
0.04744250551608263   9.618887881483719e-15
0.04748622618155895   9.610031750662732e-15
0.047529987137837106   9.601183773704522e-15
0.04757378842204715   9.592343943101772e-15
0.047617630071353285   9.583512251354109e-15
0.04766151212295401   9.574688690968035e-15
0.04770543461408205   9.565873254456978e-15
0.0477493975820045   9.557065934341238e-15
0.047793401064022745   9.548266723148016e-15
0.0478374450974726   9.539475613411383e-15
0.047881529719724224   9.530692597672297e-15
0.04792565496818229   9.521917668478565e-15
0.047969820880285854   9.513150818384878e-15
0.04801402749350856   9.504392039952759e-15
0.0480582748453585   9.495641325750603e-15
0.04810256297337844   9.48689866835362e-15
0.048146891915145616   9.478164060343887e-15
0.04819126170827201   9.469437494310276e-15
0.04823567239040416   9.460718962848523e-15
0.048280123999223414   9.452008458561144e-15
0.04832461657244572   9.443305974057492e-15
0.04836915014782189   9.434611501953707e-15
0.04841372476313745   9.425925034872738e-15
0.048458340456212806   9.41724656544432e-15
0.04850299726490315   9.408576086304984e-15
0.04854769522709864   9.399913590098026e-15
0.048592434380724275   9.391259069473527e-15
0.048637214763740076   9.382612517088332e-15
0.04868203641414096   9.373973925606049e-15
0.048726899369956965   9.365343287697029e-15
0.04877180366925306   9.356720596038387e-15
0.0488167493501294   9.34810584331397e-15
0.04886173645072115   9.33949902221437e-15
0.04890676500919874   9.330900125436897e-15
0.04895183506376762   9.3223091456856e-15
0.04899694665266862   9.313726075671227e-15
0.049042099814177655   9.305150908111258e-15
0.04908729458660604   9.296583635729855e-15
0.049132531008300284   9.288024251257902e-15
0.04917780911764235   9.279472747432955e-15
0.04922312895304945   9.270929116999282e-15
0.04926849055297431   9.2623933527078e-15
0.049313893955905005   9.253865447316123e-15
0.049359339200365164   9.245345393588525e-15
0.04940482632491381   9.236833184295954e-15
0.04945035536814562   9.228328812215988e-15
0.04949592636869072   9.219832270132883e-15
0.04954153936521495   9.211343550837515e-15
0.04958719439641967   9.202862647127422e-15
0.04963289150104202   9.194389551806744e-15
0.04967863071785473   9.185924257686274e-15
0.04972441208566635   9.177466757583408e-15
0.049770235643321115   9.169017044322162e-15
0.04981610142969914   9.160575110733154e-15
0.04986200948371628   9.152140949653611e-15
0.049907959844324355   9.143714553927337e-15
0.049953952550510966   9.135295916404756e-15
0.04999998764129975   9.12688502994284e-15
0.050046065155750226   9.118481887405162e-15
0.050092185132957955   9.110086481661854e-15
0.05013834761205454   9.101698805589612e-15
0.050184552632207564   9.093318852071704e-15
0.05023080023262081   9.084946613997935e-15
0.050277090452534104   9.07658208426466e-15
0.0503234233312235   9.06822525577478e-15
0.05036979890800117   9.05987612143773e-15
0.05041621722221561   9.051534674169464e-15
0.050462678313251484   9.043200906892473e-15
0.05050918222052983   9.034874812535746e-15
0.05055572898350794   9.026556384034801e-15
0.05060231864167956   9.018245614331647e-15
0.05064895123457471   9.009942496374803e-15
0.05069562680175997   9.001647023119263e-15
0.05074234538283827   8.993359187526527e-15
0.050789107017449125   8.985078982564564e-15
0.0508359117452685   8.976806401207822e-15
0.05088275960600901   8.968541436437205e-15
0.050929650639419774   8.960284081240108e-15
0.05097658488528663   8.95203432861035e-15
0.051023562383431996   8.943792171548226e-15
0.05107058317371509   8.935557603060453e-15
0.05111764729603173   8.927330616160212e-15
0.05116475479031465   8.919111203867093e-15
0.051211905696533236   8.910899359207132e-15
0.05125910005469385   8.902695075212772e-15
0.051306337904839586   8.894498344922882e-15
0.05135361928705056   8.886309161382727e-15
0.05140094424144372   8.878127517643995e-15
0.05144831280817309   8.869953406764749e-15
0.05149572502742958   8.86178682180946e-15
0.05154318093944125   8.853627755848979e-15
0.051590680584473136   8.845476201960537e-15
0.05163822400282747   8.837332153227734e-15
0.05168581123484354   8.829195602740547e-15
0.05173344232089789   8.821066543595307e-15
0.05178111730140419   8.812944968894712e-15
0.05182883621681343   8.804830871747794e-15
0.0518765991076138   8.796724245269948e-15
0.051924406014330904   8.788625082582893e-15
0.05197225697752757   8.780533376814692e-15
0.05202015203780412   8.772449121099719e-15
0.0520680912357982   8.764372308578697e-15
0.05211607461218499   8.756302932398628e-15
0.05216410220767706   8.74824098571286e-15
0.052212174063024606   8.740186461681017e-15
0.05226029021901526   8.732139353469042e-15
0.05230845071647436   8.724099654249146e-15
0.052356655596264755   8.716067357199856e-15
0.052404904899287064   8.70804245550595e-15
0.05245319866647948   8.700024942358505e-15
0.05250153693881803   8.69201481095485e-15
0.05254991975731642   8.684012054498595e-15
0.05259834716302622   8.676016666199584e-15
0.05264681919703675   8.668028639273936e-15
0.05269533590047531   8.660047966943996e-15
0.05274389731450696   8.65207464243837e-15
0.05279250348033483   8.64410865899188e-15
0.05284115443919992   8.636150009845589e-15
0.05288985023238132   8.628198688246769e-15
0.05293859090119606   8.620254687448925e-15
0.052987376486999374   8.612318000711769e-15
0.05303620703118446   8.604388621301218e-15
0.0530850825751828   8.596466542489378e-15
0.053134003160463954   8.588551757554569e-15
0.05318296882853577   8.580644259781287e-15
0.05323197962094429   8.572744042460219e-15
0.0532810355792739   8.564851098888213e-15
0.05333013674514723   8.556965422368317e-15
0.05337928316022538   8.549087006209712e-15
0.05342847486620771   8.541215843727768e-15
0.053477711904832144   8.533351928243986e-15
0.053526994317874936   8.52549525308604e-15
0.05357632214715097   8.517645811587724e-15
0.05362569543451353   8.509803597088985e-15
0.05367511422185458   8.501968602935896e-15
0.05372457855110467   8.494140822480655e-15
0.053774088464232914   8.486320249081591e-15
0.05382364400324722   8.478506876103126e-15
0.053873245210194085   8.470700696915821e-15
0.05392289212715887   8.462901704896315e-15
0.05397258479626561   8.455109893427362e-15
0.054022323259677284   8.447325255897796e-15
0.054072107559595586   8.439547785702553e-15
0.05412193773826123   8.43177747624263e-15
0.054171813837953754   8.424014320925124e-15
0.054221735900991753   8.416258313163176e-15
0.05427170396973271   8.40850944637602e-15
0.054321718086573274   8.400767713988916e-15
0.05437177829394903   8.393033109433215e-15
0.05442188463433478   8.385305626146281e-15
0.054472037150244394   8.377585257571544e-15
0.05452223588423098   8.369871997158458e-15
0.054572480878886796   8.362165838362517e-15
0.05462277217684343   8.354466774645227e-15
0.05467310982077165   8.346774799474135e-15
0.05472349385338168   8.339089906322779e-15
0.05477392431742297   8.331412088670727e-15
0.05482440125568449   8.323741340003535e-15
0.05487492471099452   8.316077653812769e-15
0.05492549472622093   8.308421023595974e-15
0.05497611134427098   8.300771442856694e-15
0.05502677460809158   8.293128905104445e-15
0.055077484560669104   8.285493403854732e-15
0.055128241245029665   8.277864932629007e-15
0.0551790447042389   8.27024348495472e-15
0.05522989498140225   8.262629054365246e-15
0.05528079211966477   8.255021634399939e-15
0.05533173616221139   8.247421218604087e-15
0.05538272715226672   8.23982780052893e-15
0.055433765133095315   8.232241373731637e-15
0.05548485014800149   8.22466193177532e-15
0.05553598224032958   8.217089468229006e-15
0.05558716145346375   8.209523976667652e-15
0.05563838783082826   8.20196545067212e-15
0.05568966141588728   8.194413883829195e-15
0.05574098225214513   8.186869269731557e-15
0.05579235038314614   8.179331601977793e-15
0.05584376585247484   8.171800874172371e-15
0.055895228703755837   8.16427707992567e-15
0.05594673898065407   8.15676021285392e-15
0.05599829672687456   8.149250266579267e-15
0.056049901986162755   8.14174723472969e-15
0.05610155480230428   8.134251110939065e-15
0.05615325521912526   8.126761888847113e-15
0.05620500328049204   8.119279562099424e-15
0.05625679903031155   8.111804124347417e-15
0.05630864251253104   8.104335569248381e-15
0.05636053377113839   8.096873890465426e-15
0.0564124728501619   8.089419081667512e-15
0.056464459793670554   8.08197113652941e-15
0.05651649464577384   8.074530048731735e-15
0.05656857745062199   8.067095811960901e-15
0.05662070825240585   8.059668419909147e-15
0.056672887095357054   8.052247866274516e-15
0.05672511402374792   8.04483414476086e-15
0.056777389081891665   8.037427249077811e-15
0.05682971231414223   8.030027172940813e-15
0.056882083764894543   8.02263391007108e-15
0.05693450347858433   8.01524745419562e-15
0.056986971499688385   8.007867799047202e-15
0.05703948787272438   8.000494938364382e-15
0.05709205264225112   7.99312886589146e-15
0.05714466585286834   7.985769575378524e-15
0.05719732754921703   7.978417060581386e-15
0.05725003777597918   7.971071315261634e-15
0.057302796577878075   7.963732333186575e-15
0.05735560399967809   7.956400108129278e-15
0.057408460086184984   7.949074633868523e-15
0.05746136488224569   7.941755904188839e-15
0.05751431843274857   7.934443912880461e-15
0.05756732078262325   7.927138653739352e-15
0.057620371976840855   7.919840120567181e-15
0.057673472060413934   7.912548307171323e-15
0.05772662107839644   7.905263207364861e-15
0.05777981907588397   7.897984814966569e-15
0.057833066098013544   7.890713123800917e-15
0.05788636218996391   7.883448127698051e-15
0.05793970739695532   7.876189820493816e-15
0.05799310176424984   7.868938196029705e-15
0.058046545337151104   7.861693248152914e-15
0.05810003816100462   7.854454970716272e-15
0.058153580281197575   7.847223357578294e-15
0.05820717174315909   7.83999840260313e-15
0.058260812592360045   7.832780099660594e-15
0.058314502874313334   7.82556844262613e-15
0.05836824263457367   7.818363425380839e-15
0.05842203191873788   7.811165041811435e-15
0.05847587077244468   7.803973285810278e-15
0.05852975924137496   7.796788151275337e-15
0.05858369737125161   7.789609632110216e-15
0.05863768520783975   7.782437722224112e-15
0.058691722796946566   7.77527241553185e-15
0.05874581018442158   7.76811370595384e-15
0.05879994741615644   7.760961587416104e-15
0.058854134538085225   7.75381605385024e-15
0.058908371596184186   7.746677099193458e-15
0.0589626586364721   7.739544717388519e-15
0.05901699570501002   7.73241890238379e-15
0.05907138284790156   7.725299648133187e-15
0.05912582011129271   7.71818694859621e-15
0.059180307541372094   7.711080797737909e-15
0.059234845184370805   7.703981189528896e-15
0.059289433086562635   7.696888117945326e-15
0.0593440712942639   7.689801576968923e-15
0.05939875985383375   7.682721560586918e-15
0.0594534988116739   7.675648062792108e-15
0.059508288214228974   7.668581077582801e-15
0.059563128107986245   7.66152059896285e-15
0.059618018539475987   7.654466620941603e-15
0.0596729595552712   7.64741913753395e-15
0.05972795120198795   7.64037814276027e-15
0.05978299352628512   7.633343630646464e-15
0.05983808657486472   7.626315595223924e-15
0.059893230394471676   7.619294030529541e-15
0.05994842503189412   7.612278930605694e-15
0.060003670533963174   7.605270289500247e-15
0.06005896694755324   7.598268101266548e-15
0.0601143143195818   7.59127235996342e-15
0.060169712697009686   7.584283059655141e-15
0.06022516212684089   7.577300194411483e-15
0.06028066265612284   7.570323758307655e-15
0.0603362143319462   7.563353745424328e-15
0.06039181720144516   7.556390149847617e-15
0.0604474713117972   7.5494329656691e-15
0.06050317671022344   7.54248218698577e-15
0.06055893344398835   7.535537807900078e-15
0.06061474156040011   7.528599822519887e-15
0.06067060110681036   7.521668224958497e-15
0.0607265121306145   7.514743009334617e-15
0.06078247467925149   7.50782416977239e-15
0.06083848880020413   7.50091170040134e-15
0.06089455454099885   7.494005595356427e-15
0.060950671949206   7.487105848777985e-15
0.061006841072439665   7.480212454811764e-15
0.061063061958357895   7.473325407608883e-15
0.06111933465466257   7.466444701325868e-15
0.06117565920909964   7.459570330124607e-15
0.06123203566945892   7.452702288172378e-15
0.06128846408357442   7.445840569641813e-15
0.061344944499324074   7.438985168710931e-15
0.06140147696463008   7.432136079563083e-15
0.061458061527458675   7.425293296387004e-15
0.06151469823582042   7.418456813376757e-15
0.061571387137769995   7.41162662473177e-15
0.061628128281406486   7.40480272465679e-15
0.061684921714873185   7.397985107361923e-15
0.06174176748635785   7.391173767062589e-15
0.061798665644092636   7.384368697979536e-15
0.06185561623635406   7.37756989433884e-15
0.06191261931146323   7.370777350371888e-15
0.06196967491778571   7.363991060315381e-15
0.062026783103731706   7.357211018411321e-15
0.06208394391775594   7.350437218907024e-15
0.06214115740835792   7.343669656055079e-15
0.06219842362408169   7.336908324113397e-15
0.06225574261351619   7.330153217345147e-15
0.062313114425294996   7.323404330018803e-15
0.06237053910809663   7.316661656408099e-15
0.06242801671064434   7.309925190792056e-15
0.06248554728170642   7.303194927454947e-15
0.06254313087009596   7.296470860686322e-15
0.06260076752467116   7.289752984780975e-15
0.06265845729433514   7.283041294038966e-15
0.06271620022803621   7.27633578276559e-15
0.06277399637476763   7.269636445271403e-15
0.06283184578356799   7.262943275872172e-15
0.06288974850352087   7.256256268888931e-15
0.0629477045837553   7.249575418647908e-15
0.06300571407344538   7.242900719480588e-15
0.0630637770218107   7.236232165723649e-15
0.06312189347811605   7.229569751719e-15
0.06318006349167178   7.222913471813745e-15
0.06323828711183353   7.21626332036021e-15
0.06329656438800256   7.209619291715903e-15
0.06335489536962553   7.202981380243542e-15
0.06341328010619479   7.196349580311022e-15
0.06347171864724818   7.189723886291438e-15
0.06353021104236932   7.18310429256305e-15
0.06358875734118737   7.176490793509314e-15
0.06364735759337738   7.169883383518832e-15
0.06370601184866005   7.163282056985392e-15
0.06376472015680203   7.156686808307937e-15
0.06382348256761568   7.150097631890568e-15
0.06388229913095941   7.143514522142534e-15
0.06394116989673745   7.13693747347824e-15
0.06400009491490016   7.130366480317222e-15
0.06405907423544377   7.123801537084169e-15
0.06411810790841074   7.117242638208887e-15
0.06417719598388952   7.110689778126322e-15
0.06423633851201482   7.104142951276537e-15
0.06429553554296744   7.097602152104724e-15
0.06435478712697457   7.091067375061173e-15
0.06441409331430951   7.084538614601304e-15
0.0644734541552921   7.07801586518562e-15
0.06453286970028832   7.071499121279745e-15
0.06459233999971077   7.06498837735438e-15
0.06465186510401837   7.058483627885334e-15
0.06471144506371662   7.051984867353485e-15
0.0647710799293575   7.045492090244811e-15
0.06483076975153966   7.039005291050349e-15
0.06489051458090826   7.0325244642662246e-15
0.06495031446815527   7.026049604393612e-15
0.06501016946401926   7.019580705938768e-15
0.06507007961928565   7.013117763412989e-15
0.06513004498478656   7.006660771332648e-15
0.06519006561140105   7.000209724219139e-15
0.065250141550055   6.993764616598922e-15
0.06531027285172128   6.987325443003485e-15
0.06537045956741966   6.98089219796936e-15
0.06543070174821704   6.974464876038094e-15
0.06549099944522722   6.9680434717562786e-15
0.06555135270961128   6.961627979675512e-15
0.06561176159257728   6.955218394352419e-15
0.06567222614538064   6.948814710348625e-15
0.06573274641932385   6.9424169222307735e-15
0.06579332246575682   6.936025024570501e-15
0.06585395433607666   6.929639011944452e-15
0.06591464208172795   6.923258878934256e-15
0.06597538575420257   6.916884620126535e-15
0.06603618540504   6.9105162301128915e-15
0.06609704108582704   6.904153703489917e-15
0.0661579528481982   6.8977970348591614e-15
0.0662189207438354   6.891446218827166e-15
0.06627994482446835   6.885101250005421e-15
0.06634102514187436   6.878762123010378e-15
0.06640216174787843   6.872428832463462e-15
0.06646335469435337   6.86610137299103e-15
0.06652460403321973   6.8597797392244035e-15
0.06658590981644602   6.8534639257998285e-15
0.06664727209604848   6.847153927358513e-15
0.06670869092409146   6.840849738546573e-15
0.06677016635268712   6.834551354015076e-15
0.06683169843399582   6.828258768419997e-15
0.0668932872202258   6.8219719764222495e-15
0.06695493276363361   6.81569097268764e-15
0.06701663511652377   6.8094157518869104e-15
0.06707839433124914   6.8031463086956895e-15
0.06714021046021074   6.79688263779452e-15
0.06720208355585795   6.790624733868836e-15
0.0672640136706884   6.78437259160897e-15
0.06732600085724821   6.7781262057101376e-15
0.06738804516813181   6.771885570872447e-15
0.06745014665598219   6.765650681800872e-15
0.06751230537349076   6.759421533205277e-15
0.0675745213733976   6.7531981198003856e-15
0.0676367947084913   6.746980436305795e-15
0.06769912543160914   6.740768477445959e-15
0.06776151359563706   6.7345622379501945e-15
0.06782395925350981   6.7283617125526624e-15
0.06788646245821083   6.72216689599238e-15
0.06794902326277245   6.715977783013203e-15
0.06801164172027582   6.709794368363832e-15
0.06807431788385111   6.703616646797795e-15
0.06813705180667728   6.697444613073461e-15
0.0681998435419825   6.691278261954011e-15
0.0682626931430438   6.6851175882074616e-15
0.06832560066318748   6.6789625866066354e-15
0.06838856615578881   6.672813251929177e-15
0.06845158967427244   6.66666957895753e-15
0.06851467127211204   6.6605315624789535e-15
0.06857781100283078   6.65439919728549e-15
0.06864100892000097   6.6482724781739935e-15
0.0687042650772444   6.642151399946095e-15
0.0687675795282322   6.6360359574082255e-15
0.06883095232668507   6.629926145371583e-15
0.06889438352637307   6.623821958652153e-15
0.06895787318111596   6.617723392070688e-15
0.06902142134478294   6.6116304404527206e-15
0.06908502807129303   6.6055430986285265e-15
0.06914869341461478   6.599461361433162e-15
0.0692124174287666   6.593385223706427e-15
0.06927620016781656   6.587314680292878e-15
0.06934004168588269   6.5812497260418126e-15
0.06940394203713274   6.575190355807281e-15
0.06946790127578456   6.569136564448052e-15
0.06953191945610576   6.563088346827654e-15
0.06959599663241417   6.557045697814318e-15
0.06966013285907748   6.551008612281025e-15
0.06972432819051365   6.544977085105454e-15
0.06978858268119065   6.538951111170019e-15
0.06985289638562678   6.532930685361825e-15
0.06991726935839042   6.526915802572711e-15
0.06998170165410042   6.520906457699194e-15
0.0700461933274258   6.514902645642507e-15
0.07011074443308608   6.508904361308566e-15
0.07017535502585112   6.5029115996079845e-15
0.07024002516054136   6.4969243554560585e-15
0.07030475489202759   6.4909426237727676e-15
0.07036954427523136   6.484966399482766e-15
0.07043439336512468   6.4789956775153845e-15
0.07049930221673033   6.4730304528046176e-15
0.07056427088512168   6.46707072028913e-15
0.07062929942542301   6.461116474912236e-15
0.07069438789280923   6.455167711621922e-15
0.07075953634250623   6.4492244253708075e-15
0.07082474482979068   6.443286611116178e-15
0.07089001340999032   6.437354263819942e-15
0.07095534213848376   6.431427378448663e-15
0.07102073107070069   6.425505949973532e-15
0.07108618026212192   6.4195899733703694e-15
0.0711516897682793   6.413679443619621e-15
0.07121725964475598   6.407774355706355e-15
0.07128288994718616   6.401874704620263e-15
0.07134858073125552   6.395980485355636e-15
0.07141433205270084   6.39009169291139e-15
0.07148014396731045   6.38420832229103e-15
0.07154601653092395   6.378330368502676e-15
0.07161194979943253   6.372457826559028e-15
0.07167794382877873   6.3665906914773975e-15
0.07174399867495683   6.3607289582796605e-15
0.07181011439401251   6.354872621992301e-15
0.07187629104204331   6.349021677646357e-15
0.07194252867519825   6.343176120277464e-15
0.0720088273496783   6.337335944925812e-15
0.07207518712173602   6.331501146636173e-15
0.07214160804767604   6.3256717204578586e-15
0.07220809018385464   6.3198476614447624e-15
0.07227463358668022   6.314028964655317e-15
0.07234123831261303   6.30821562515251e-15
0.0724079044181655   6.302407638003875e-15
0.07247463195990193   6.296604998281488e-15
0.07254142099443898   6.290807701061954e-15
0.0726082715784453   6.285015741426422e-15
0.07267518376864189   6.279229114460558e-15
0.07274215762180189   6.27344781525457e-15
0.07280919319475092   6.2676718389031654e-15
0.07287629054436681   6.261901180505586e-15
0.07294344972757995   6.256135835165572e-15
0.07301067080137305   6.2503757979913846e-15
0.07307795382278148   6.2446210640957744e-15
0.07314529884889302   6.238871628596007e-15
0.07321270593684821   6.233127486613829e-15
0.07328017514384012   6.227388633275489e-15
0.07334770652711463   6.221655063711716e-15
0.07341530014397026   6.215926773057733e-15
0.07348295605175846   6.210203756453223e-15
0.07355067430788342   6.204486009042365e-15
0.07361845496980235   6.198773525973793e-15
0.07368629809502526   6.193066302400618e-15
0.07375420374111531   6.187364333480407e-15
0.07382217196568858   6.181667614375187e-15
0.07389020282641437   6.1759761402514405e-15
0.07395829638101498   6.170289906280101e-15
0.07402645268726604   6.164608907636547e-15
0.07409467180299634   6.158933139500598e-15
0.07416295378608802   6.1532625970565095e-15
0.07423129869447646   6.147597275492983e-15
0.0742997065861506   6.14193717000313e-15
0.07436817751915262   6.1362822757845056e-15
0.07443671155157837   6.1306325880390735e-15
0.07450530874157708   6.1249881019732264e-15
0.07457396914735172   6.119348812797761e-15
0.07464269282715875   6.113714715727891e-15
0.07471147983930847   6.108085805983226e-15
0.07478033024216474   6.102462078787789e-15
0.07484924409414538   6.096843529369987e-15
0.07491822145372189   6.091230152962636e-15
0.0749872623794198   6.085621944802924e-15
0.07505636692981843   6.0800189001324394e-15
0.07512553516355124   6.0744210141971364e-15
0.07519476713930554   6.0688282822473645e-15
0.07526406291582291   6.063240699537829e-15
0.07533342255189891   6.057658261327614e-15
0.07540284610638343   6.052080962880164e-15
0.07547233363818041   6.046508799463292e-15
0.07554188520624827   6.040941766349157e-15
0.07561150086959958   6.035379858814283e-15
0.07568118068730148   6.029823072139527e-15
0.07575092471847536   6.0242714016101094e-15
0.07582073302229723   6.0187248425155765e-15
0.07589060565799755   6.01318339014982e-15
0.07596054268486142   6.007647039811062e-15
0.07603054416222853   6.002115786801854e-15
0.07610061014949326   5.996589626429074e-15
0.07617074070610481   5.991068554003911e-15
0.07624093589156701   5.985552564841887e-15
0.0763111957654387   5.9800416542628266e-15
0.07638152038733341   5.974535817590868e-15
0.07645190981691981   5.969035050154448e-15
0.0765223641139214   5.9635393472863106e-15
0.07659288333811681   5.9580487043234974e-15
0.07666346754933971   5.9525631166073404e-15
0.07673411680747898   5.947082579483457e-15
0.07680483117247854   5.941607088301764e-15
0.07687561070433777   5.936136638416439e-15
0.0769464554631111   5.9306712251859585e-15
0.07701736550890854   5.925210843973052e-15
0.0770883409018953   5.919755490144737e-15
0.07715938170229218   5.914305159072281e-15
0.07723048797037534   5.9088598461312285e-15
0.07730165976647664   5.9034195467013656e-15
0.07737289715098337   5.897984256166747e-15
0.07744420018433866   5.892553969915663e-15
0.07751556892704115   5.887128683340666e-15
0.07758700343964538   5.8817083918385336e-15
0.0776585037827616   5.876293090810299e-15
0.077730070017056   5.8708827756612145e-15
0.07780170220325054   5.865477441800771e-15
0.07787340040212334   5.860077084642682e-15
0.07794516467450834   5.854681699604889e-15
0.07801699508129567   5.849291282109543e-15
0.07808889168343146   5.8439058275830216e-15
0.07816085454191814   5.838525331455905e-15
0.07823288371781421   5.833149789162985e-15
0.07830497927223459   5.8277791961432475e-15
0.07837714126635037   5.8224135478398946e-15
0.07844936976138915   5.8170528397003035e-15
0.07852166481863483   5.811697067176063e-15
0.07859402649942791   5.806346225722933e-15
0.07866645486516528   5.801000310800869e-15
0.07873894997730058   5.795659317873998e-15
0.07881151189734388   5.790323242410631e-15
0.07888414068686214   5.784992079883245e-15
0.07895683640747887   5.7796658257684904e-15
0.07902959912087455   5.774344475547174e-15
0.07910242888878631   5.769028024704279e-15
0.07917532577300838   5.763716468728924e-15
0.07924828983539174   5.758409803114403e-15
0.07932132113784453   5.7531080233581435e-15
0.07939441974233179   5.7478111249617264e-15
0.07946758571087584   5.742519103430868e-15
0.07954081910555598   5.737231954275433e-15
0.07961411998850887   5.731949673009406e-15
0.07968748842192827   5.726672255150919e-15
0.07976092446806546   5.721399696222212e-15
0.07983442818922888   5.7161319917496624e-15
0.07990799964778456   5.7108691372637545e-15
0.07998163890615585   5.705611128299101e-15
0.08005534602682379   5.700357960394415e-15
0.08012912107232684   5.695109629092524e-15
0.08020296410526123   5.6898661299403505e-15
0.08027687518828075   5.68462745848893e-15
0.08035085438409707   5.679393610293381e-15
0.08042490175547948   5.674164580912924e-15
0.08049901736525529   5.668940365910859e-15
0.08057320127630954   5.6637209608545875e-15
0.08064745355158542   5.658506361315567e-15
0.0807217742540839   5.6532965628693565e-15
0.08079616344686423   5.648091561095572e-15
0.08087062119304356   5.642891351577912e-15
0.0809451475557974   5.637695929904129e-15
0.08101974259835933   5.632505291666048e-15
0.0810944063840213   5.6273194324595454e-15
0.0811691389761335   5.622138347884557e-15
0.08124394043810462   5.616962033545068e-15
0.08131881083340163   5.611790485049113e-15
0.08139375022555018   5.606623698008764e-15
0.08146875867813423   5.601461668040142e-15
0.08154383625479658   5.5963043907633955e-15
0.08161898301923845   5.5911518618027166e-15
0.08169419903521993   5.5860040767863145e-15
0.08176948436655986   5.580861031346426e-15
0.08184483907713573   5.575722721119319e-15
0.08192026323088414   5.5705891417452615e-15
0.08199575689180036   5.565460288868559e-15
0.08207132012393885   5.560336158137503e-15
0.08214695299141293   5.555216745204411e-15
0.08222265555839517   5.550102045725588e-15
0.08229842788911708   5.5449920553613526e-15
0.08237427004786957   5.5398867697760045e-15
0.08245018209900262   5.534786184637849e-15
0.08252616410692565   5.52969029561917e-15
0.08260221613610731   5.524599098396242e-15
0.08267833825107582   5.519512588649314e-15
0.08275453051641866   5.514430762062619e-15
0.08283079299678306   5.509353614324356e-15
0.0829071257568756   5.504281141126704e-15
0.0829835288614627   5.4992133381658004e-15
0.08306000237537027   5.4941502011417455e-15
0.08313654636348414   5.4890917257585985e-15
0.08321316089074977   5.484037907724382e-15
0.08328984602217265   5.478988742751059e-15
0.08336660182281798   5.473944226554549e-15
0.0834434283578111   5.4689043548547054e-15
0.0835203256923372   5.4638691233753405e-15
0.08359729389164172   5.458838527844179e-15
0.08367433302103004   5.453812563992905e-15
0.0837514431458679   5.448791227557112e-15
0.08382862433158111   5.443774514276331e-15
0.08390587664365595   5.438762419894011e-15
0.08398320014763887   5.433754940157524e-15
0.08406059490913688   5.428752070818149e-15
0.0841380609938173   5.42375380763109e-15
0.08421559846740814   5.418760146355446e-15
0.0842932073956978   5.413771082754231e-15
0.08437088784453547   5.40878661259435e-15
0.08444863987983087   5.4038067316466165e-15
0.08452646356755461   5.398831435685728e-15
0.08460435897373797   5.393860720490279e-15
0.08468232616447317   5.388894581842748e-15
0.08476036520591326   5.383933015529497e-15
0.08483847616427236   5.378976017340763e-15
0.08491665910582546   5.374023583070668e-15
0.08499491409690879   5.3690757085171995e-15
0.08507324120391956   5.364132389482217e-15
0.0851516404933163   5.3591936217714435e-15
0.08523011203161868   5.354259401194463e-15
0.08530865588540777   5.349329723564717e-15
0.08538727212132587   5.344404584699512e-15
0.08546596080607684   5.339483980419988e-15
0.08554472200642588   5.334567906551145e-15
0.08562355578919983   5.329656358921823e-15
0.08570246222128701   5.324749333364705e-15
0.08578144136963749   5.3198468257163035e-15
0.08586049330126291   5.314948831816976e-15
0.08593961808323682   5.310055347510896e-15
0.0860188157826944   5.305166368646078e-15
0.0860980864668329   5.300281891074345e-15
0.08617743020291127   5.295401910651354e-15
0.08625684705825068   5.290526423236561e-15
0.08633633710023413   5.2856554246932515e-15
0.0864159003963069   5.280788910888502e-15
0.08649553701397622   5.275926877693213e-15
0.08657524702081176   5.271069320982069e-15
0.08665503048444526   5.266216236633566e-15
0.08673488747257094   5.261367620529985e-15
0.08681481805294525   5.256523468557408e-15
0.08689482229338726   5.251683776605694e-15
0.08697490026177834   5.246848540568498e-15
0.08705505202606263   5.242017756343241e-15
0.08713527765424667   5.237191419831136e-15
0.08721557721439988   5.2323695269371595e-15
0.08729595077465419   5.2275520735700665e-15
0.08737639840320453   5.222739055642368e-15
0.08745692016830849   5.2179304690703525e-15
0.0875375161382867   5.213126309774057e-15
0.08761818638152274   5.208326573677273e-15
0.08769893096646308   5.203531256707562e-15
0.08777974996161744   5.1987403547962125e-15
0.08786064343555852   5.193953863878277e-15
0.08794161145692235   5.18917177989254e-15
0.08802265409440806   5.184394098781535e-15
0.08810377141677828   5.179620816491516e-15
0.08818496349285881   5.174851928972488e-15
0.08826623039153905   5.170087432178167e-15
0.08834757218177172   5.1653273220660105e-15
0.08842898893257327   5.160571594597182e-15
0.08851048071302355   5.155820245736579e-15
0.08859204759226626   5.1510732714528015e-15
0.08867368963950864   5.1463306677181725e-15
0.0887554069240219   5.141592430508711e-15
0.08883719951514088   5.136858555804153e-15
0.08891906748226454   5.132129039587925e-15
0.08900101089485554   5.127403877847163e-15
0.08908302982244083   5.122683066572684e-15
0.08916512433461116   5.117966601759012e-15
0.08924729450102166   5.113254479404344e-15
0.08932954039139143   5.1085466955105724e-15
0.08941186207550403   5.103843246083261e-15
0.08949425962320712   5.099144127131665e-15
0.08957673310441291   5.094449334668699e-15
0.0896592825890979   5.089758864710958e-15
0.08974190814730319   5.0850727132787e-15
0.08982460984913432   5.080390876395851e-15
0.08990738776476154   5.075713350089991e-15
0.08999024196441965   5.071040130392369e-15
0.09007317251840831   5.066371213337874e-15
0.09015617949709182   5.06170659496506e-15
0.09023926297089947   5.0570462713161106e-15
0.09032242301032531   5.052390238436875e-15
0.0904056596859285   5.047738492376825e-15
0.09048897306833305   5.043091029189081e-15
0.09057236322822827   5.038447844930388e-15
0.09065583023636839   5.033808935661131e-15
0.09073937416357304   5.029174297445313e-15
0.09082299508072693   5.02454392635057e-15
0.0909066930587803   5.019917818448148e-15
0.09099046816874853   5.015295969812924e-15
0.09107432048171271   5.010678376523373e-15
0.09115825006881918   5.0060650346615974e-15
0.09124225700128008   5.0014559403132896e-15
0.09132634135037294   4.99685108956776e-15
0.09141050318744122   4.9922504785179115e-15
0.0914947425838939   4.987654103260249e-15
0.09157905961120595   4.983061959894864e-15
0.09166345434091806   4.978474044525449e-15
0.09174792684463699   4.973890353259276e-15
0.09183247719403534   4.969310882207208e-15
0.09191710546085191   4.964735627483677e-15
0.09200181171689145   4.960164585206706e-15
0.09208659603402507   4.955597751497882e-15
0.09217145848418992   4.9510351224823695e-15
0.09225639913938961   4.946476694288897e-15
0.09234141807169396   4.941922463049759e-15
0.09242651535323936   4.937372424900807e-15
0.09251169105622849   4.932826575981459e-15
0.09259694525293077   4.928284912434676e-15
0.09268227801568205   4.923747430406981e-15
0.09276768941688499   4.919214126048437e-15
0.09285317952900879   4.914684995512657e-15
0.09293874842458964   4.9101600349567894e-15
0.0930243961762304   4.9056392405415285e-15
0.09311012285660099   4.901122608431097e-15
0.09319592853843812   4.896610134793252e-15
0.09328181329454575   4.892101815799279e-15
0.09336777719779471   4.887597647623987e-15
0.09345382032112319   4.883097626445707e-15
0.09353994273753638   4.878601748446294e-15
0.09362614452010697   4.8741100098111095e-15
0.09371242574197479   4.869622406729034e-15
0.09379878647634726   4.865138935392452e-15
0.09388522679649908   4.860659591997261e-15
0.0939717467757726   4.8561843727428535e-15
0.09405834648757778   4.851713273832119e-15
0.09414502600539208   4.8472462914714574e-15
0.09423178540276086   4.842783421870744e-15
0.0943186247532971   4.838324661243356e-15
0.09440554413068172   4.833870005806149e-15
0.09449254360866345   4.8294194517794694e-15
0.09457962326105913   4.8249729953871345e-15
0.09466678316175343   4.82053063285645e-15
0.0947540233846993   4.816092360418181e-15
0.09484134400391767   4.8116581743065756e-15
0.09492874509349786   4.807228070759339e-15
0.09501622672759726   4.802802046017652e-15
0.09510378898044182   4.798380096326143e-15
0.0951914319263257   4.7939622179329074e-15
0.0952791556396117   4.789548407089489e-15
0.09536696019473097   4.785138660050891e-15
0.09545484566618342   4.780732973075551e-15
0.09554281212853748   4.776331342425369e-15
0.09563085965643041   4.771933764365672e-15
0.09571898832456813   4.7675402351652326e-15
0.09580719820772557   4.763150751096255e-15
0.09589548938074637   4.75876530843438e-15
0.09598386191854334   4.754383903458673e-15
0.09607231589609815   4.750006532451633e-15
0.09616085138846171   4.745633191699166e-15
0.096249468470754   4.741263877490619e-15
0.0963381672181643   4.7368985861187345e-15
0.09642694770595106   4.732537313879686e-15
0.09651581000944229   4.72818005707304e-15
0.09660475420403516   4.723826812001791e-15
0.09669378036519657   4.719477574972314e-15
0.09678288856846277   4.715132342294402e-15
0.09687207888943979   4.710791110281236e-15
0.09696135140380314   4.706453875249401e-15
0.09705070618729829   4.70212063351886e-15
0.09714014331574031   4.697791381412978e-15
0.0972296628650143   4.693466115258496e-15
0.09731926491107513   4.689144831385541e-15
0.09740894952994789   4.684827526127615e-15
0.09749871679772745   4.6805141958216e-15
0.09758856679057908   4.67620483680775e-15
0.09767849958473801   4.671899445429689e-15
0.09776851525650991   4.6675980180344e-15
0.09785861388227061   4.663300550972241e-15
0.0979487955384665   4.6590070405969205e-15
0.0980390603016142   4.6547174832655115e-15
0.09812940824830109   4.650431875338435e-15
0.09821983945518488   4.646150213179471e-15
0.09831035399899415   4.641872493155735e-15
0.09840095195652801   4.637598711637701e-15
0.0984916334046565   4.633328864999172e-15
0.09858239842032034   4.6290629496173e-15
0.0986732470805313   4.6248009618725676e-15
0.09876417946237198   4.6205428981487906e-15
0.0988551956429962   4.616288754833111e-15
0.09894629569962865   4.612038528316008e-15
0.09903747970956543   4.607792214991267e-15
0.09912874775017363   4.603549811256012e-15
0.09922009989889188   4.599311313510669e-15
0.09931153623322994   4.5950767181589875e-15
0.09940305683076921   4.590846021608025e-15
0.09949466176916238   4.586619220268148e-15
0.09958635112613393   4.582396310553024e-15
0.09967812497947973   4.578177288879629e-15
0.09976998340706755   4.573962151668232e-15
0.09986192648683674   4.569750895342404e-15
0.09995395429679867   4.565543516328997e-15
0.10004606691503641   4.5613400110581694e-15
0.100138264419705   4.557140375963358e-15
0.10023054688903175   4.552944607481276e-15
0.10032291440131583   4.548752702051927e-15
0.10041536703492857   4.544564656118595e-15
0.10050790486831349   4.5403804661278334e-15
0.1006005279799867   4.53620012852946e-15
0.10069323644853632   4.532023639776573e-15
0.10078603035262297   4.527850996325536e-15
0.10087890977097998   4.5236821946359626e-15
0.10097187478241296   4.519517231170741e-15
0.10106492546580029   4.5153561023960064e-15
0.10115806190009287   4.5111988047811564e-15
0.1012512841643147   4.507045334798827e-15
0.10134459233756231   4.5028956889249094e-15
0.1014379864990052   4.498749863638542e-15
0.10153146672788572   4.494607855422104e-15
0.10162503310351959   4.490469660761204e-15
0.10171868570529527   4.4863352761446935e-15
0.10181242461267452   4.482204698064661e-15
0.1019062499051922   4.4780779230164195e-15
0.1020001616624568   4.4739549474985055e-15
0.10209415996414985   4.469835768012685e-15
0.10218824489002638   4.4657203810639425e-15
0.10228241651991488   4.461608783160488e-15
0.10237667493371767   4.4575009708137276e-15
0.10247102021141043   4.453396940538296e-15
0.10256545243304259   4.449296688852033e-15
0.10265997167873729   4.4452002122759865e-15
0.10275457802869181   4.441107507334397e-15
0.10284927156317704   4.437018570554716e-15
0.1029440523625379   4.432933398467588e-15
0.10303892050719328   4.428851987606858e-15
0.10313387607763651   4.424774334509547e-15
0.10322891915443475   4.420700435715878e-15
0.10332404981822954   4.416630287769257e-15
0.10341926814973659   4.412563887216275e-15
0.10351457422974637   4.408501230606687e-15
0.10360996813912343   4.404442314493446e-15
0.10370544995880697   4.400387135432665e-15
0.1038010197698107   4.396335689983635e-15
0.10389667765322323   4.3922879747088076e-15
0.10399242369020767   4.388243986173803e-15
0.10408825796200197   4.384203720947406e-15
0.10418418054991885   4.380167175601563e-15
0.10428019153534632   4.3761343467113615e-15
0.10437629099974702   4.372105230855058e-15
0.10447247902465881   4.368079824614054e-15
0.10456875569169455   4.364058124572906e-15
0.10466512108254267   4.360040127319293e-15
0.10476157527896651   4.3560258294440604e-15
0.10485811836280493   4.35201522754118e-15
0.10495475041597203   4.348008318207765e-15
0.10505147152045778   4.3440050980440536e-15
0.10514828175832736   4.340005563653421e-15
0.10524518121172168   4.336009711642368e-15
0.10534216996285724   4.3320175386205254e-15
0.10543924809402663   4.328029041200631e-15
0.10553641568759797   4.3240442159985535e-15
0.10563367282601539   4.320063059633274e-15
0.10573101959179887   4.316085568726894e-15
0.10582845606754478   4.312111739904604e-15
0.10592598233592526   4.308141569794723e-15
0.10602359847968877   4.304175055028665e-15
0.1061213045816599   4.300212192240953e-15
0.10621910072473992   4.296252978069192e-15
0.10631698699190612   4.2922974091540986e-15
0.10641496346621242   4.288345482139477e-15
0.10651303023078913   4.2843971936722284e-15
0.10661118736884354   4.280452540402322e-15
0.10670943496365924   4.2765115189828296e-15
0.10680777309859672   4.272574126069898e-15
0.10690620185709317   4.2686403583227585e-15
0.10700472132266298   4.2647102124037055e-15
0.1071033315788972   4.260783684978118e-15
0.10720203270946402   4.256860772714439e-15
0.10730082479810861   4.252941472284186e-15
0.10739970792865365   4.249025780361931e-15
0.10749868218499875   4.245113693625315e-15
0.10759774765112094   4.241205208755033e-15
0.10769690441107452   4.237300322434848e-15
0.10779615254899158   4.233399031351555e-15
0.10789549214908142   4.229501332195019e-15
0.10799492329563097   4.225607221658149e-15
0.10809444607300511   4.2217166964368834e-15
0.10819406056564618   4.217829753230222e-15
0.10829376685807442   4.2139463887401935e-15
0.10839356503488785   4.210066599671874e-15
0.10849345518076282   4.206190382733354e-15
0.10859343738045335   4.202317734635769e-15
0.10869351171879166   4.198448652093282e-15
0.10879367828068809   4.194583131823083e-15
0.10889393715113149   4.190721170545368e-15
0.10899428841518878   4.186862764983375e-15
0.10909473215800532   4.1830079118633436e-15
0.10919526846480483   4.17915660791454e-15
0.10929589742088996   4.175308849869226e-15
0.10939661911164157   4.171464634462685e-15
0.10949743362251935   4.1676239584332e-15
0.1095983410390616   4.1637868185220655e-15
0.10969934144688584   4.159953211473559e-15
0.1098004349316881   4.156123134034973e-15
0.10990162157924352   4.152296582956587e-15
0.11000290147540619   4.148473554991677e-15
0.1101042747061096   4.1446540468964974e-15
0.11020574135736617   4.140838055430301e-15
0.11030730151526764   4.1370255773553195e-15
0.110408955265985   4.1332166094367694e-15
0.11051070269576897   4.129411148442836e-15
0.11061254389094946   4.125609191144688e-15
0.11071447893793598   4.121810734316468e-15
0.11081650792321762   4.118015774735287e-15
0.11091863093336349   4.114224309181215e-15
0.11102084805502214   4.1104363344373e-15
0.11112315937492208   4.106651847289543e-15
0.11122556497987163   4.102870844526911e-15
0.11132806495675945   4.099093322941316e-15
0.11143065939255395   4.095319279327634e-15
0.11153334837430377   4.091548710483691e-15
0.11163613198913769   4.087781613210261e-15
0.11173901032426509   4.084017984311053e-15
0.11184198346697538   4.080257820592733e-15
0.11194505150463856   4.0765011188649014e-15
0.112048214524705   4.072747875940101e-15
0.11215147261470601   4.068998088633794e-15
0.11225482586225322   4.065251753764391e-15
0.11235827435503912   4.061508868153225e-15
0.11246181818083689   4.057769428624561e-15
0.11256545742750096   4.054033432005575e-15
0.11266919218296635   4.0503008751263765e-15
0.11277302253524925   4.0465717548199925e-15
0.11287694857244683   4.042846067922364e-15
0.11298097038273781   4.039123811272337e-15
0.11308508805438183   4.035404981711681e-15
0.11318930167571997   4.031689576085065e-15
0.11329361133517458   4.02797759124007e-15
0.11339801712124989   4.024269024027169e-15
0.11350251912253131   4.0205638712997415e-15
0.11360711742768603   4.016862129914067e-15
0.11371181212546279   4.013163796729318e-15
0.11381660330469251   4.009468868607548e-15
0.11392149105428762   4.0057773424137154e-15
0.11402647546324256   4.002089215015655e-15
0.1141315566206337   3.9984044832840915e-15
0.11423673461561988   3.994723144092623e-15
0.11434200953744168   3.991045194317731e-15
0.11444738147542209   3.987370630838776e-15
0.11455285051896628   3.9836994505379895e-15
0.11465841675756219   3.980031650300465e-15
0.11476408028077982   3.976367227014174e-15
0.11486984117827188   3.9727061775699516e-15
0.11497569953977356   3.969048498861499e-15
0.11508165545510311   3.965394187785364e-15
0.1151877090141612   3.9617432412409616e-15
0.11529386030693142   3.958095656130565e-15
0.11540010942348025   3.954451429359296e-15
0.11550645645395748   3.9508105578351155e-15
0.11561290148859557   3.947173038468847e-15
0.11571944461771025   3.943538868174154e-15
0.11582608593170073   3.9399080438675335e-15
0.11593282552104923   3.936280562468327e-15
0.11603966347632147   3.9326564208987154e-15
0.11614659988816647   3.929035616083714e-15
0.1162536348473172   3.9254181449511586e-15
0.11636076844458984   3.9218040044317236e-15
0.11646800077088441   3.918193191458906e-15
0.11657533191718458   3.914585702969032e-15
0.11668276197455822   3.910981535901234e-15
0.11679029103415674   3.907380687197476e-15
0.1168979191872157   3.9037831538025335e-15
0.11700564652505463   3.900188932663998e-15
0.11711347313907752   3.896598020732261e-15
0.1172213991207723   3.893010414960531e-15
0.11732942456171129   3.889426112304821e-15
0.11743754955355107   3.885845109723948e-15
0.11754577418803308   3.8822674041795195e-15
0.11765409855698293   3.8786929926359505e-15
0.11776252275231097   3.875121872060447e-15
0.11787104686601213   3.871554039423012e-15
0.11797967099016647   3.867989491696426e-15
0.11808839521693856   3.864428225856269e-15
0.11819721963857802   3.8608702388809e-15
0.11830614434741936   3.8573155277514665e-15
0.11841516943588254   3.853764089451882e-15
0.11852429499647235   3.850215920968848e-15
0.11863352112177891   3.8466710192918384e-15
0.11874284790447757   3.843129381413103e-15
0.11885227543732946   3.839591004327646e-15
0.11896180381318078   3.836055885033253e-15
0.11907143312496349   3.832524020530468e-15
0.11918116346569499   3.828995407822603e-15
0.11929099492847883   3.825470043915715e-15
0.11940092760650395   3.82194792581863e-15
0.11951096159304532   3.8184290505429234e-15
0.11962109698146374   3.814913415102927e-15
0.11973133386520639   3.811401016515709e-15
0.11984167233780622   3.807891851801097e-15
0.1199521124928825   3.804385917981658e-15
0.12006265442414064   3.800883212082704e-15
0.12017329822537279   3.797383731132271e-15
0.12028404399045713   3.7938874721611494e-15
0.12039489181335852   3.790394432202854e-15
0.12050584178812827   3.786904608293638e-15
0.12061689400890474   3.78341799747247e-15
0.12072804856991264   3.7799345967810584e-15
0.1208393055654637   3.776454403263826e-15
0.12095066508995636   3.772977413967928e-15
0.1210621272378765   3.769503625943223e-15
0.12117369210379667   3.766033036242297e-15
0.12128535978237667   3.7625656419204455e-15
0.12139713036836346   3.759101440035682e-15
0.12150900395659164   3.755640427648715e-15
0.12162098064198289   3.7521826018229705e-15
0.12173306051954641   3.748727959624576e-15
0.1218452436843789   3.7452764981223594e-15
0.12195753023166506   3.741828214387843e-15
0.12206992025667687   3.7383831054952524e-15
0.12218241385477434   3.734941168521503e-15
0.12229501112140513   3.731502400546207e-15
0.1224077121521053   3.728066798651653e-15
0.12252051704249856   3.724634359922827e-15
0.12263342588829686   3.721205081447397e-15
0.12274643878530023   3.7177789603157136e-15
0.12285955582939735   3.7143559936207964e-15
0.12297277711656493   3.710936178458354e-15
0.1230861027428682   3.707519511926762e-15
0.12319953280446085   3.704105991127073e-15
0.12331306739758549   3.700695613162999e-15
0.12342670661857309   3.6972883751409285e-15
0.12354045056384354   3.6938842741699085e-15
0.1236542993299054   3.690483307361654e-15
0.12376825301335659   3.687085471830528e-15
0.12388231171088365   3.68369076469356e-15
0.12399647551926236   3.680299183070432e-15
0.12411074453535756   3.676910724083479e-15
0.12422511885612372   3.6735253848576765e-15
0.12433959857860429   3.670143162520658e-15
0.12445418379993214   3.6667640542026996e-15
0.12456887461733006   3.663388057036713e-15
0.12468367112811002   3.660015168158254e-15
0.12479857342967382   3.656645384705519e-15
0.12491358161951287   3.653278703819338e-15
0.12502869579520884   3.6499151226431645e-15
0.1251439160544329   3.646554638323092e-15
0.1252592424949464   3.64319724800784e-15
0.12537467521460063   3.6398429488487544e-15
0.12549021431133744   3.636491737999793e-15
0.12560585988318856   3.6331436126175484e-15
0.12572161202827617   3.629798569861223e-15
0.12583747084481278   3.626456606892641e-15
0.1259534364311018   3.623117720876226e-15
0.12606950888553675   3.619781908979029e-15
0.1261856883066021   3.616449168370699e-15
0.12630197479287283   3.6131194962235e-15
0.12641836844301524   3.609792889712283e-15
0.12653486935578606   3.606469346014517e-15
0.12665147763003326   3.603148862310262e-15
0.12676819336469572   3.599831435782179e-15
0.1268850166588039   3.596517063615513e-15
0.12700194761147915   3.59320574299811e-15
0.12711898632193427   3.589897471120401e-15
0.12723613288947336   3.586592245175411e-15
0.12735338741349242   3.5832900623587366e-15
0.1274707499934787   3.579990919868563e-15
0.12758822072901121   3.576694814905659e-15
0.12770579971976065   3.573401744673368e-15
0.1278234870654899   3.5701117063776e-15
0.1279412828660534   3.566824697226851e-15
0.12805918722139784   3.563540714432178e-15
0.1281772002315617   3.5602597552072125e-15
0.12829532199667623   3.556981816768142e-15
0.1284135526169644   3.553706896333726e-15
0.12853189219274186   3.5504349911252788e-15
0.12865034082441637   3.547166098366681e-15
0.12876889861248875   3.5439002152843578e-15
0.12888756565755197   3.540637339107296e-15
0.12900634206029193   3.5373774670670305e-15
0.12912522792148706   3.534120596397652e-15
0.12924422334200916   3.5308667243357834e-15
0.12936332842282255   3.5276158481206042e-15
0.1294825432649847   3.524367964993834e-15
0.12960186796964612   3.5211230721997313e-15
0.12972130263805093   3.517881166985083e-15
0.12984084737153612   3.5146422465992256e-15
0.12996050227153225   3.5114063082940164e-15
0.13008026743956316   3.508173349323854e-15
0.1302001429772467   3.5049433669456508e-15
0.13032012898629394   3.5017163584188552e-15
0.13044022556850982   3.4984923210054373e-15
0.130560432825793   3.495271251969888e-15
0.13068075086013636   3.4920531485792113e-15
0.13080117977362646   3.488838008102933e-15
0.13092171966844401   3.4856258278130935e-15
0.1310423706468638   3.482416604984244e-15
0.13116313281125525   3.4792103368934396e-15
0.13128400626408168   3.4760070208202493e-15
0.13140499110790102   3.4728066540467444e-15
0.1315260874453656   3.469609233857501e-15
0.13164729537922268   3.466414757539587e-15
0.13176861501231385   3.463223222382576e-15
0.13189004644757557   3.4600346256785374e-15
0.1320115897880391   3.456848964722033e-15
0.13213324513683097   3.4536662368101075e-15
0.1322550125971724   3.4504864392423043e-15
0.1323768922723798   3.4473095693206485e-15
0.13249888426586479   3.444135624349655e-15
0.13262098868113453   3.440964601636308e-15
0.13274320562179126   3.437796498490082e-15
0.13286553519153282   3.434631312222926e-15
0.13298797749415248   3.431469040149266e-15
0.1331105326335395   3.428309679585992e-15
0.13323320071367856   3.4251532278524736e-15
0.13335598183865016   3.4219996822705472e-15
0.13347887611263104   3.4188490401645076e-15
0.13360188363989361   3.4157012988611227e-15
0.1337250045248065   3.412556455689615e-15
0.13384823887183442   3.409414507981673e-15
0.1339715867855386   3.4062754530714313e-15
0.13409504837057645   3.4031392882954878e-15
0.13421862373170176   3.40000601099289e-15
0.13434231297376487   3.396875618505138e-15
0.13446611620171306   3.3937481081761693e-15
0.13459003352058993   3.39062347735238e-15
0.13471406503553607   3.387501723382601e-15
0.13483821085178874   3.384382843618113e-15
0.1349624710746827   3.3812668354126208e-15
0.13508684580964928   3.378153696122277e-15
0.13521133516221712   3.3750434231056668e-15
0.13533593923801204   3.371936013723807e-15
0.13546065814275754   3.3688314653401388e-15
0.13558549198227415   3.3657297753205386e-15
0.1357104408624801   3.3626309410333027e-15
0.13583550488939103   3.3595349598491563e-15
0.13596068416912072   3.356441829141237e-15
0.13608597880788034   3.3533515462851058e-15
0.13621138891197906   3.350264108658741e-15
0.1363369145878239   3.3471795136425362e-15
0.1364625559419203   3.3440977586192888e-15
0.13658831308087152   3.341018840974214e-15
0.13671418611137912   3.337942758094931e-15
0.13684017514024288   3.334869507371471e-15
0.13696628027436147   3.3317990861962523e-15
0.13709250162073155   3.3287314919641083e-15
0.13721883928644862   3.3256667220722686e-15
0.13734529337870668   3.322604773920358e-15
0.13747186400479897   3.3195456449103894e-15
0.13759855127211712   3.316489332446776e-15
0.13772535528815197   3.3134358339363165e-15
0.13785227616049317   3.3103851467882035e-15
0.13797931399683   3.3073372684140026e-15
0.13810646890495057   3.3042921962276726e-15
0.1382337409927424   3.301249927645552e-15
0.1383611303681924   3.298210460086357e-15
0.1384886371393873   3.2951737909711765e-15
0.1386162614145131   3.292139917723478e-15
0.13874400330185563   3.2891088377691015e-15
0.13887186290980028   3.2860805485362605e-15
0.13899984034683285   3.283055047455523e-15
0.13912793572153864   3.2800323319598375e-15
0.13925614914260323   3.2770123994845073e-15
0.1393844807188121   3.2739952474672055e-15
0.13951293055905148   3.270980873347951e-15
0.13964149877230753   3.267969274569129e-15
0.13977018546766692   3.2649604485754805e-15
0.1398989907543168   3.261954392814098e-15
0.1400279147415453   3.258951104734383e-15
0.14015695753874088   3.2559505817880375e-15
0.1402861192553929   3.2529528214293233e-15
0.14041540000109146   3.2499578211147224e-15
0.1405447998855282   3.2469655783027255e-15
0.14067431901849534   3.243976090454205e-15
0.14080395750988636   3.2409893550332784e-15
0.140933715469696   3.238005369505782e-15
0.1410635930080207   3.2350241313389635e-15
0.14119359023505795   3.232045638003288e-15
0.141323707261107   3.2290698869725343e-15
0.14145394419656845   3.2260968757218585e-15
0.14158430115194526   3.2231266017269437e-15
0.14171477823784165   3.2201590624684085e-15
0.14184537556496396   3.2171942554293527e-15
0.14197609324412047   3.214232178094221e-15
0.14210693138622188   3.2112728279467707e-15
0.14223789010228075   3.2083162024784013e-15
0.1423689695034121   3.2053622991811613e-15
0.14250016970083315   3.202411115548742e-15
0.1426314908058641   3.199462649072615e-15
0.14276293292992723   3.1965168972556187e-15
0.14289449618454758   3.1935738575983623e-15
0.14302618068135337   3.1906335276026774e-15
0.14315798653207526   3.1876959047705287e-15
0.14328991384854697   3.184760986613746e-15
0.14342196274270522   3.1818287706421305e-15
0.14355413332659026   3.1788992543652184e-15
0.1436864257123452   3.1759724352962695e-15
0.1438188400122166   3.1730483109556388e-15
0.14395137633855432   3.170126878862287e-15
0.1440840348038122   3.167208136532982e-15
0.14421681552054733   3.1642920814931386e-15
0.14434971860142057   3.161378711271148e-15
0.14448274415919654   3.1584680233950966e-15
0.14461589230674415   3.155560015388488e-15
0.14474916315703595   3.152654684789794e-15
0.14488255682314874   3.149752029134936e-15
0.14501607341826328   3.146852045960053e-15
0.14514971305566524   3.143954732798004e-15
0.14528347584874407   3.1410600871981256e-15
0.145417361910994   3.138168106704383e-15
0.14555137135601365   3.1352787888593893e-15
0.14568550429750676   3.132392131209429e-15
0.14581976084928142   3.1295081313110842e-15
0.14595414112525076   3.126626786717356e-15
0.14608864523943269   3.1237480949767813e-15
0.14622327330595072   3.1208720536501093e-15
0.14635802543903303   3.117998660300581e-15
0.14649290175301322   3.1151279124901998e-15
0.14662790236233011   3.1122598077728223e-15
0.14676302738152844   3.1093943437247565e-15
0.14689827692525803   3.1065315179153125e-15
0.14703365110827454   3.103671327912548e-15
0.14716915004543923   3.100813771283784e-15
0.14730477385171964   3.097958845613261e-15
0.14744052264218882   3.0951065484786555e-15
0.147576396532026   3.092256877452893e-15
0.14771239563651642   3.089409830119659e-15
0.14784852007105204   3.0865654040687375e-15
0.14798476995113063   3.083723596886709e-15
0.14812114539235663   3.08088440615064e-15
0.14825764651044082   3.078047829461827e-15
0.1483942734212011   3.075213864414982e-15
0.14853102624056155   3.0723825086024288e-15
0.14866790508455338   3.069553759614292e-15
0.14880491006931448   3.0667276150611502e-15
0.14894204131109023   3.0639040725450866e-15
0.14907929892623273   3.061083129661993e-15
0.14921668303120136   3.0582647840206446e-15
0.1493541937425628   3.055449033235907e-15
0.14949183117699152   3.0526358749186836e-15
0.14962959545126905   3.049825306667783e-15
0.14976748668228473   3.0470173261119275e-15
0.14990550498703548   3.0442119308695277e-15
0.15004365048262644   3.041409118555233e-15
0.15018192328627025   3.03860888678507e-15
0.15032032351528773   3.0358112331940364e-15
0.15045885128710762   3.0330161554083984e-15
0.1505975067192674   3.0302236510449625e-15
0.1507362899294123   3.0274337177411048e-15
0.15087520103529625   3.0246463531345564e-15
0.1510142401547815   3.0218615548585524e-15
0.15115340740583927   3.0190793205365866e-15
0.15129270290654917   3.0162996478234608e-15
0.15143212677509976   3.0135225343606973e-15
0.1515716791297883   3.0107479777828234e-15
0.15171136008902159   3.007975975736192e-15
0.15185116977131505   3.0052065258775238e-15
0.15199110829529347   3.0024396258570138e-15
0.15213117577969082   2.9996752733097447e-15
0.15227137234335097   2.9969134659063544e-15
0.1524116981052268   2.9941542013046986e-15
0.15255215318438103   2.991397477156506e-15
0.15269273769998587   2.9886432911178476e-15
0.15283345177132387   2.9858916408639153e-15
0.15297429551778705   2.9831425240600085e-15
0.1531152690588774   2.9803959383574678e-15
0.15325637251420754   2.9776518814384143e-15
0.1533976060034999   2.9749103509781867e-15
0.15353896964658725   2.9721713446450726e-15
0.15368046356341283   2.969434860105996e-15
0.15382208787403073   2.9667008950538355e-15
0.15396384269860527   2.9639694471688993e-15
0.15410572815741164   2.961240514118047e-15
0.15424774437083574   2.9585140935961176e-15
0.1543898914593749   2.955790183295145e-15
0.15453216954363694   2.953068780899103e-15
0.15467457874434107   2.9503498840871735e-15
0.15481711918231755   2.9476334905691106e-15
0.15495979097850845   2.9449195980401214e-15
0.15510259425396689   2.942208204181722e-15
0.15524552912985762   2.9394993067030003e-15
0.15538859572745692   2.93679290331174e-15
0.15553179416815335   2.9340889917065883e-15
0.1556751245734468   2.9313875695807525e-15
0.15581858706494933   2.928688634659801e-15
0.15596218176438487   2.925992184653762e-15
0.15610590879359004   2.9232982172578196e-15
0.15624976827451326   2.9206067301971266e-15
0.15639376032921548   2.9179177211940813e-15
0.15653788507986996   2.9152311879608108e-15
0.15668214264876304   2.912547128206452e-15
0.15682653315829329   2.909865539671406e-15
0.15697105673097222   2.9071864200804158e-15
0.15711571348942407   2.904509767141039e-15
0.1572605035563866   2.9018355785966794e-15
0.15740542705471017   2.8991638521831896e-15
0.1575504841073585   2.896494585624967e-15
0.1576956748374085   2.8938277766496122e-15
0.157840999368051   2.8911634230107393e-15
0.1579864578225898   2.8885015224477187e-15
0.15813205032444252   2.8858420726792915e-15
0.15827777699714046   2.8831850714693863e-15
0.15842363796432907   2.8805305165659333e-15
0.15856963334976737   2.8778784057042347e-15
0.15871576327732856   2.8752287366328575e-15
0.15886202787099987   2.872581507117223e-15
0.1590084272548832   2.869936714909702e-15
0.15915496155319445   2.8672943577428754e-15
0.159301630890264   2.8646544333997054e-15
0.15944843539053677   2.8620169396402862e-15
0.1595953751785728   2.8593818742090155e-15
0.15974245037904644   2.856749234878285e-15
0.15988966111674707   2.8541190194239762e-15
0.16003700751657896   2.851491225607672e-15
0.16018448970356192   2.8488658511863766e-15
0.1603321078028305   2.8462428939526875e-15
0.16047986193963476   2.8436223516810936e-15
0.16062775223934   2.841004222124109e-15
0.1607757788274275   2.8383885030805786e-15
0.16092394182949377   2.835775192334927e-15
0.16107224137125115   2.833164287655829e-15
0.1612206775785277   2.8305557868272755e-15
0.16136925057726798   2.8279496876507724e-15
0.161517960493532   2.825345987911647e-15
0.1616668074534962   2.82274468537893e-15
0.16181579158345313   2.8201457778707834e-15
0.1619649130098122   2.817549263182098e-15
0.16211417185909877   2.8149551390874615e-15
0.16226356825795504   2.8123634034013245e-15
0.16241310233313971   2.8097740539315435e-15
0.16256277421152882   2.807187088468479e-15
0.1627125840201148   2.8046025048123164e-15
0.1628625318860073   2.802020300787618e-15
0.16301261793643296   2.7994404742009225e-15
0.16316284229873612   2.796863022838242e-15
0.16331320510037797   2.7942879445403085e-15
0.1634637064689374   2.7917152371222354e-15
0.16361434653211063   2.7891448983779273e-15
0.1637651254177121   2.7865769261423875e-15
0.1639160432536735   2.784011318244143e-15
0.16406710016804463   2.7814480724923396e-15
0.16421829628899312   2.778887186708627e-15
0.16436963174480515   2.776328658737697e-15
0.1645211066638847   2.773772486404314e-15
0.16467272117475404   2.7712186675169025e-15
0.16482447540605438   2.768667199935766e-15
0.164976369486545   2.7661180814960542e-15
0.16512840354510402   2.7635713100078924e-15
0.1652805777107281   2.761026883332482e-15
0.16543289211253331   2.75848479931592e-15
0.16558534687975424   2.7559450557828883e-15
0.16573794214174467   2.7534076505824372e-15
0.1658906780279775   2.750872581576151e-15
0.16604355466804535   2.7483398466037085e-15
0.1661965721916599   2.7458094435020013e-15
0.1663497307286524   2.74328137014761e-15
0.16650303040897363   2.7407556243948735e-15
0.16665647136269468   2.7382322040686987e-15
0.1668100537200059   2.7357111070607854e-15
0.1669637776112179   2.733192331232047e-15
0.16711764316676112   2.7306758744194966e-15
0.1672716505171867   2.7281617345059138e-15
0.16742579979316569   2.7256499093660967e-15
0.16758009112548963   2.723140396851019e-15
0.1677345246450704   2.7206331948327548e-15
0.16788910048294114   2.718128301200518e-15
0.16804381877025518   2.715625713819129e-15
0.16819867963828683   2.7131254305501398e-15
0.16835368321843125   2.7106274492970785e-15
0.16850882964220526   2.7081317679384877e-15
0.16866411904124626   2.70563838432604e-15
0.1688195515473132   2.703147296376988e-15
0.16897512729228628   2.700658501977713e-15
0.1691308464081677   2.6981719989861464e-15
0.16928670902708085   2.6956877853171976e-15
0.16944271528127097   2.6932058588688596e-15
0.1695988653031051   2.6907262175126815e-15
0.16975515922507275   2.6882488591542773e-15
0.16991159717978496   2.6857737817047844e-15
0.17006817929997517   2.6833009830484203e-15
0.17022490571849896   2.680830461082426e-15
0.17038177656833495   2.6783622137310604e-15
0.17053879198258365   2.67589623889092e-15
0.1706959520944685   2.6734325344509347e-15
0.1708532570373355   2.670971098348674e-15
0.1710107069446541   2.668511928493145e-15
0.17116830195001612   2.666055022765768e-15
0.1713260421871368   2.663600379116523e-15
0.17148392778985433   2.6611479954627125e-15
0.1716419588921308   2.6586978696898155e-15
0.17180013562805127   2.656249999748912e-15
0.17195845813182445   2.653804383566874e-15
0.17211692653778263   2.6513610190406118e-15
0.17227554098038242   2.6489199041151005e-15
0.17243430159420373   2.6464810367290977e-15
0.17259320851395074   2.6440444147909896e-15
0.1727522618744516   2.6416100362399713e-15
0.17291146181065922   2.6391778990262656e-15
0.17307080845765033   2.636748001068758e-15
0.1732303019506263   2.634320340301377e-15
0.17338994242491299   2.6318949146862355e-15
0.17354973001596144   2.6294717221534426e-15
0.17370966485934697   2.62705076063247e-15
0.1738697470907701   2.624632028095724e-15
0.17402997684605614   2.6222155224835186e-15
0.17419035426115614   2.6198012417205607e-15
0.17435087947214592   2.6173891837908418e-15
0.17451155261522686   2.6149793466449287e-15
0.17467237382672562   2.6125717282040065e-15
0.17483334324309516   2.6101663264623066e-15
0.17499446100091354   2.6077631393789127e-15
0.17515572723688488   2.6053621648758355e-15
0.17531714208783916   2.6029634009535137e-15
0.17547870569073296   2.6005668455780415e-15
0.17564041818264847   2.5981724966809842e-15
0.17580227970079448   2.5957803522605453e-15
0.175964290382506   2.5933904102923724e-15
0.17612645036524516   2.591002668716482e-15
0.17628875978660022   2.5886171255300597e-15
0.17645121878428624   2.586233778718134e-15
0.1766138274961457   2.5838526262289596e-15
0.17677658606014762   2.5814736660590985e-15
0.1769394946143883   2.579096896202734e-15
0.17710255329709115   2.5767223146169987e-15
0.1772657622466075   2.5743499192979037e-15
0.17742912160141563   2.5719797082480343e-15
0.17759263150012158   2.5696116794353153e-15
0.17775629208145902   2.5672458308554968e-15
0.17792010348428997   2.5648821605173026e-15
0.1780840658476038   2.562520666389079e-15
0.17824817931051834   2.56016134646848e-15
0.1784124440122792   2.5578041987785636e-15
0.1785768600922611   2.555449221302006e-15
0.17874142768996643   2.5530964120382804e-15
0.1789061469450265   2.5507457690108566e-15
0.17907101799720102   2.5483972902073078e-15
0.17923604098637902   2.546050973629244e-15
0.179401216052578   2.5437068173096556e-15
0.1795665433359446   2.5413648192390595e-15
0.17973202297675445   2.53902497742041e-15
0.17989765511541297   2.536687289898909e-15
0.1800634398924545   2.5343517546768987e-15
0.18022937744854298   2.53201836976405e-15
0.1803954679244718   2.529687133203467e-15
0.1805617114611648   2.5273580429999434e-15
0.18072810819967491   2.5250310971653835e-15
0.1808946582811854   2.5227062937546144e-15
0.18106136184700938   2.52038363077804e-15
0.1812282190385908   2.5180631062527213e-15
0.18139522999750332   2.515744718239081e-15
0.18156239486545137   2.513428464754454e-15
0.18172971378426966   2.511114343823e-15
0.18189718689592427   2.5088023535074204e-15
0.18206481434251146   2.5064924918281285e-15
0.18223259626625865   2.5041847568147756e-15
0.18240053280952423   2.5018791465377732e-15
0.1825686241147982   2.49957565902194e-15
0.18273687032470146   2.4972742923043413e-15
0.18290527158198638   2.494975044459788e-15
0.18307382802953678   2.4926779135171254e-15
0.18324253981036873   2.4903828975215634e-15
0.18341140706762948   2.488089994551925e-15
0.18358042994459844   2.485799202640679e-15
0.18374960858468684   2.4835105198419355e-15
0.18391894313143864   2.4812239442381246e-15
0.18408843372852948   2.47893947386496e-15
0.1842580805197677   2.47665710678617e-15
0.18442788364909382   2.4743768410874215e-15
0.18459784326058173   2.472098674807275e-15
0.18476795949843747   2.469822606019811e-15
0.1849382325070001   2.467548632813536e-15
0.18510866243074156   2.4652767532265317e-15
0.18527924941426752   2.4630069653452264e-15
0.18544999360231632   2.460739267262266e-15
0.18562089513975985   2.458473657024054e-15
0.18579195417160335   2.4562101327256163e-15
0.18596317084298622   2.4539486924586288e-15
0.18613454529918108   2.4516893342642834e-15
0.18630607768559465   2.4494320562546893e-15
0.18647776814776734   2.44717685652558e-15
0.18664961683137438   2.444923733119072e-15
0.1868216238822246   2.442672684161295e-15
0.18699378944626144   2.440423707748899e-15
0.18716611366956257   2.4381768019289995e-15
0.18733859669834096   2.4359319648382103e-15
0.18751123867894365   2.4336891945705047e-15
0.18768403975785278   2.4314484891826296e-15
0.1878570000816853   2.4292098468167904e-15
0.1880301197971938   2.4269732655646835e-15
0.1882033990512656   2.4247387434953846e-15
0.18837683799092356   2.4225062787551257e-15
0.18855043676332578   2.4202758694349065e-15
0.18872419551576664   2.4180475136209267e-15
0.18889811439567558   2.4158212094587042e-15
0.18907219355061802   2.4135969550381298e-15
0.18924643312829584   2.4113747484632997e-15
0.1894208332765465   2.4091545878786103e-15
0.18959539414334392   2.4069364713749757e-15
0.18977011587679815   2.4047203970747204e-15
0.18994499862515632   2.402506363118604e-15
0.19012004253680165   2.4002943675899268e-15
0.1902952477602542   2.3980844086325776e-15
0.19047061444417077   2.3958764843889626e-15
0.19064614273734573   2.393670592947113e-15
0.19082183278870998   2.3914667324662647e-15
0.19099768474733186   2.3892649010842684e-15
0.1911736987624169   2.38706509687803e-15
0.1913498749833087   2.3848673180352896e-15
0.1915262135594879   2.3826715626844446e-15
0.1917027146405731   2.3804778289266265e-15
0.1918793783763206   2.378286114943968e-15
0.19205620491662528   2.3760964188606446e-15
0.19223319441151956   2.373908738800196e-15
0.19241034701117432   2.371723072941254e-15
0.19258766286589865   2.369539419404128e-15
0.19276514212614074   2.3673577763354933e-15
0.19294278494248682   2.3651781419100944e-15
0.1931205914656621   2.3630005142408376e-15
0.19329856184653052   2.3608248914999298e-15
0.1934766962360956   2.3586512718593285e-15
0.1936549947854994   2.3564796534304426e-15
0.19383345764602358   2.3543100344084208e-15
0.19401208496908892   2.352142412955623e-15
0.19419087690625633   2.349976787188779e-15
0.19436983360922583   2.3478131553180103e-15
0.19454895522983745   2.3456515154923236e-15
0.1947282419200709   2.343491865852421e-15
0.1949076938320466   2.341334204606355e-15
0.1950873111180245   2.33917852989637e-15
0.19526709393040514   2.3370248398919073e-15
0.19544704242172922   2.3348731327942402e-15
0.19562715674467868   2.3327234067384194e-15
0.19580743705207554   2.330575659923418e-15
0.19598788349688287   2.328429890543302e-15
0.19616849623220445   2.3262860967298687e-15
0.1963492754112858   2.32414427670836e-15
0.19653022118751304   2.3220044286556345e-15
0.1967113337144139   2.319866550719045e-15
0.1968926131456573   2.317730641131048e-15
0.19707405963505448   2.3155966980566662e-15
0.19725567333655772   2.313464719675112e-15
0.19743745440426144   2.3113347042104137e-15
0.19761940299240183   2.3092066498188023e-15
0.19780151925535785   2.3070805547120964e-15
0.19798380334765014   2.304956417105502e-15
0.19816625542394187   2.302834235146053e-15
0.19834887563903858   2.3007140070789364e-15
0.19853166414788911   2.2985957311004983e-15
0.19871462110558444   2.2964794053770904e-15
0.19889774666735868   2.2943650281591023e-15
0.1990810409885888   2.292252597625899e-15
0.19926450422479558   2.2901421119781837e-15
0.1994481365316425   2.28803356945892e-15
0.1996319380649367   2.2859269682424583e-15
0.19981590898062868   2.2838223065636577e-15
0.2000000494348133   2.2817195826511505e-15
0.20018435958372863   2.2796187946605957e-15
0.20036883958375695   2.277519940869841e-15
0.20055348959142444   2.275423019480606e-15
0.20073830976340212   2.2733280286883702e-15
0.2009233002565048   2.2712349667584407e-15
0.201108461227692   2.2691438318823224e-15
0.20129379283406768   2.267054622295318e-15
0.2014792952328812   2.264967336247851e-15
0.2016649685815262   2.2628819719194874e-15
0.2018508130375416   2.2607985275841204e-15
0.2020368287586113   2.2587170014682842e-15
0.20222301590256508   2.256637391769459e-15
0.20240937462737757   2.254559696771538e-15
0.20259590509116904   2.252483914680664e-15
0.20278260745220603   2.250410043737322e-15
0.2029694818689003   2.2483380822111993e-15
0.20315652849980984   2.2462680282938537e-15
0.20334374750363857   2.2441998802695523e-15
0.20353113903923722   2.2421336363841197e-15
0.20371870326560237   2.2400692948472685e-15
0.20390644034187724   2.238006853953891e-15
0.20409435042735158   2.235946311923803e-15
0.20428243368146248   2.2338876670089658e-15
0.20447069026379344   2.2318309174927114e-15
0.20465912033407513   2.229776061575132e-15
0.20484772405218524   2.227723097557505e-15
0.20503650157814945   2.2256720236972875e-15
0.2052254530721403   2.2236228382200907e-15
0.20541457869447807   2.2215755394321544e-15
0.20560387860563062   2.2195301255633267e-15
0.20579335296621434   2.217486594884032e-15
0.20598300193699298   2.215444945687613e-15
0.20617282567887865   2.21340517618269e-15
0.20636282435293155   2.2113672846919115e-15
0.20655299812036093   2.2093312694751974e-15
0.20674334714252396   2.2072971287783825e-15
0.20693387158092671   2.205264860919068e-15
0.20712457159722394   2.203234464133559e-15
0.20731544735321997   2.20120593671762e-15
0.20750649901086757   2.199179276968814e-15
0.207697726732269   2.1971544831070835e-15
0.20788913067967568   2.1951315534772053e-15
0.20808071101548925   2.1931104863373805e-15
0.20827246790226028   2.191091279963325e-15
0.20846440150268944   2.1890739326767068e-15
0.20865651197962704   2.187058442716762e-15
0.20884879949607416   2.1850448084113734e-15
0.2090412642151814   2.1830330280492927e-15
0.20923390630025004   2.1810230998865136e-15
0.2094267259147315   2.179015022268707e-15
0.20961972322222855   2.1770087934518033e-15
0.20981289838649406   2.1750044117492313e-15
0.21000625157143205   2.173001875482893e-15
0.2101997829410973   2.171001182892984e-15
0.2103934926596965   2.169002332344832e-15
0.210587380891587   2.1670053221153046e-15
0.21078144780127778   2.165010150504071e-15
0.21097569355342927   2.1630168158514223e-15
0.21117011831285426   2.1610253164092704e-15
0.21136472224451677   2.132924329736999e-15
0.21155950551353309   2.0993114148338587e-15
0.2117544682851714   2.078405240018668e-15
0.21194961072485288   2.061761311193558e-15
0.21214493299815051   2.0474914567811996e-15
0.21234043527079005   2.0347929746434774e-15
0.21253611770864975   2.0232351128613316e-15
0.21273198047776137   2.0125547651273126e-15
0.21292802374430914   2.0025771795205438e-15
0.21312424767463048   1.9931792305201677e-15
0.213320652435216   1.984270268149248e-15
0.21351723819271035   1.9757812389427648e-15
0.21371400511391112   1.967658089777334e-15
0.21391095336576982   1.959857557799457e-15
0.21410808311539156   1.9523443686139746e-15
0.21430539453003616   1.945089306744052e-15
0.21450288777711693   1.938067847397655e-15
0.21470056302420157   1.9312591618986998e-15
0.2148984204390121   1.9246453794094412e-15
0.21509646018942574   1.9182110280099985e-15
0.21529468244347372   1.911942605052735e-15
0.21549308736934236   1.905828241740512e-15
0.21569167513537274   1.899857437772533e-15
0.21589044591006176   1.894020849286867e-15
0.2160893998620609   1.8883101170534113e-15
0.21628853716017735   1.8827177264199386e-15
0.21648785797337355   1.877236891880178e-15
0.2166873624707684   1.8718614610786897e-15
0.2168870508216359   1.866585834755893e-15
0.21708692319540612   1.8614048990167458e-15
0.21728697976166592   1.8563139681158527e-15
0.21748722069015775   1.8513087356203325e-15
0.2176876461507807   1.8463852323854606e-15
0.21788825631359024   1.8415397906207574e-15
0.21808905134879922   1.8367690124470436e-15
0.21829003142677667   1.832069742764129e-15
0.21849119671804884   1.8274390454967427e-15
0.2186925473932989   1.8228741826292217e-15
0.21889408362336807   1.8183725960236562e-15
0.21909580557925418   1.813931891024881e-15
0.21929771343211296   1.8095498221739445e-15
0.2194998073532577   1.805224280428282e-15
0.21970208751416012   1.800953281641866e-15
0.21990455408644938   1.7967349565348707e-15
0.22010720724191293   1.792567541362044e-15
0.2203100471524964   1.7884493697897672e-15
0.22051307399030456   1.7843788654590356e-15
0.2207162879276   1.7803545351895086e-15
0.22091968913680438   1.776374963064212e-15
0.221123277790498   1.7724388047387633e-15
0.22132705406142086   1.7685447825510313e-15
0.2215310181224715   1.7646916809059385e-15
0.22173517014670802   1.7608783420489952e-15
0.22193951030734774   1.7571036623750279e-15
0.2221440387777683   1.753366588770311e-15
0.22234875573150653   1.7496661155355673e-15
0.22255366134225923   1.7460012813555012e-15
0.2227587557838832   1.742371166572318e-15
0.22296403923039607   1.7387748907687918e-15
0.22316951185597517   1.735211610302252e-15
0.22337517383495856   1.7316805163246774e-15
0.22358102534184474   1.7281808326739076e-15
0.22378706655129368   1.7247118140783287e-15
0.22399329763812567   1.7212727444890924e-15
0.22419971877732234   1.717862935369349e-15
0.22440633014402625   1.7144817243979765e-15
0.22461313191354215   1.7111284739143345e-15
0.22482012426133566   1.707802569742055e-15
0.22502730736303422   1.7045034199689484e-15
0.22523468139442698   1.7012304537593134e-15
0.2254422465314658   1.6979831204363859e-15
0.2256500029502639   1.6947608883374044e-15
0.22585795082709714   1.6915632440390966e-15
0.2260660903384035   1.6883896913977166e-15
0.2262744216607843   1.6852397507479624e-15
0.2264829449710029   1.6821129582251658e-15
0.2266916604459858   1.6790088649044946e-15
0.2269005682628223   1.6759270362547325e-15
0.22710966859876558   1.6728670513853319e-15
0.22731896163123153   1.6698285025372755e-15
0.22752844753779972   1.666810994503573e-15
0.2277381264962131   1.6638141440202284e-15
0.22794799868437923   1.660837579359579e-15
0.22815806428036883   1.6578809396998748e-15
0.22836832346241695   1.654943874891238e-15
0.22857877640892274   1.652026044880052e-15
0.22878942329845037   1.649127119302317e-15
0.2290002643097279   1.6462467771204753e-15
0.22921129962164832   1.6433847061620081e-15
0.22942252941326927   1.6405406030547965e-15
0.2296339538638141   1.6377141725912783e-15
0.2298455731526706   1.634905127556957e-15
0.23005738745939208   1.6321131883883375e-15
0.23026939696369716   1.6293380828784987e-15
0.23048160184547073   1.6265795460031246e-15
0.23069400228476278   1.6238373195127804e-15
0.2309065984617894   1.6211111518150329e-15
0.23111939055693262   1.6184007976264004e-15
0.2313323787507413   1.6157060178459174e-15
0.23154556322393008   1.6130265793069817e-15
0.2317589441573803   1.6103622545165286e-15
0.23197252173213975   1.6077128215931732e-15
0.23218629612942385   1.6050780638927213e-15
0.23240026753061424   1.6024577700319678e-15
0.23261443611726   1.5998517335625515e-15
0.2328288020710772   1.597259752872211e-15
0.23304336557395017   1.5946816310166301e-15
0.2332581268079301   1.5921171755305632e-15
0.23347308595523594   1.589566198407607e-15
0.2336882431982553   1.5870285157732428e-15
0.23390359871954317   1.5845039479544469e-15
0.23411915270182299   1.5819923191802442e-15
0.23433490532798631   1.5794934575641714e-15
0.23455085678109402   1.577007194967575e-15
0.23476700724437496   1.5745333668367683e-15
0.23498335690122701   1.5720718121700682e-15
0.23519990593521695   1.5696223732946115e-15
0.23541665453008126   1.5671848959528253e-15
0.2356336028697252   1.564759229014057e-15
0.23585075113822368   1.5623452245124716e-15
0.23606809951982097   1.5599427375103711e-15
0.23628564819893186   1.5575516259871876e-15
0.23650339736014042   1.5551717508124876e-15
0.23672134718820104   1.5528029755566965e-15
0.23693949786803808   1.5504451666096899e-15
0.23715784958474712   1.5480981928641121e-15
0.23737640252359352   1.5457619258735186e-15
0.23759515687001367   1.5434362396491813e-15
0.2378141128096146   1.5411210106057942e-15
0.23803327052817502   1.538816117528922e-15
0.23825263021164425   1.5365214414632188e-15
0.23847219204614317   1.5342368657314756e-15
0.23869195621796388   1.53196227572687e-15
0.23891192291357094   1.5296975591050371e-15
0.23913209231960003   1.5274426055112526e-15
0.239352464622859   1.5251973066137805e-15
0.23957304001032773   1.5229615560267554e-15
0.23979381866915897   1.5207352492624803e-15
0.24001480078667736   1.5185182837516597e-15
0.24023598655038036   1.516310558654682e-15
0.240457376147938   1.5141119750103273e-15
0.24067896976719388   1.5119224354831604e-15
0.2409007675961641   1.509741844508615e-15
0.24112276982303826   1.5075701081107412e-15
0.24134497663617907   1.5054071339480233e-15
0.2415673882241236   1.5032528312499036e-15
0.24179000477558196   1.5011071107460354e-15
0.24201282647943834   1.4989698847243878e-15
0.24223585352475083   1.496841066868912e-15
0.24245908610075242   1.4947205723445674e-15
0.2426825243968498   1.4926083176118022e-15
0.24290616860262443   1.490504220621369e-15
0.2431300189078322   1.4884082005995274e-15
0.24335407550240468   1.4863201780803384e-15
0.24357833857644767   1.4842400748581175e-15
0.24380280832024245   1.4821678139626743e-15
0.2440274849242454   1.4801033196895169e-15
0.24425236857908908   1.4780465174502634e-15
0.24447745947558114   1.47599733391626e-15
0.24470275780470518   1.4739556967953019e-15
0.24492826375762058   1.4719215350089612e-15
0.2451539775256637   1.4698947784900315e-15
0.24537989930034643   1.4678753582943283e-15
0.24560602927335734   1.46586320649348e-15
0.2458323676365615   1.463858256188017e-15
0.2460589145820015   1.4618604415000852e-15
0.24628567030189613   1.4598696974901927e-15
0.24651263498864165   1.4578859602473569e-15
0.24673980883481125   1.4559091667118122e-15
0.24696719203315645   1.4539392548518506e-15
0.2471947847766056   1.4519761634362307e-15
0.24742258725826508   1.4500198322095401e-15
0.247650599671419   1.4480702017328622e-15
0.2478788222095304   1.4461272134379785e-15
0.24810725506623968   1.4441908095509277e-15
0.24833589843536616   1.4422609331408228e-15
0.24856475251090734   1.440337528112952e-15
0.24879381748704035   1.4384205391045746e-15
0.24902309355812052   1.4365099115838305e-15
0.24925258091868246   1.4346055916942713e-15
0.2494822797634399   1.4327075264178927e-15
0.24971219028728667   1.4308156633867134e-15
0.2499423126852955   1.4289299509969387e-15
0.25017264715271886   1.4270503382594884e-15
0.25040319388499   1.425176774976895e-15
0.2506339530777214   1.4233092115720742e-15
0.25086492492670615   1.4214475991507976e-15
0.2510961096279174   1.4195918894598446e-15
0.2513275073775098   1.4177420348742884e-15
0.25155911837181794   1.4158979884237928e-15
0.25179094280735753   1.4140597037068475e-15
0.25202298088082525   1.412227134990111e-15
0.2522552327890998   1.4104002370517161e-15
0.2524876987292404   1.408578965348527e-15
0.25272037889848825   1.4067632758055197e-15
0.2529532734942661   1.4049531250136525e-15
0.2531863827141793   1.4031484700238343e-15
0.2534197067560146   1.401349268505426e-15
0.2536532458177412   1.3995554786017599e-15
0.2538870000975106   1.3977670590234097e-15
0.25412096979365756   1.3959839689542447e-15
0.2543551551046989   1.3942061681115133e-15
0.25458955622933466   1.3924336167370654e-15
0.25482417336644775   1.390666275525415e-15
0.255059006715105   1.388904105654835e-15
0.2552940564745561   1.387147068738619e-15
0.25552932284423446   1.3853951269560176e-15
0.2557648060237572   1.3836482428632326e-15
0.2560005062129259   1.3819063795113485e-15
0.25623642361172577   1.3801695002862847e-15
0.2564725584203264   1.378437569175702e-15
0.2567089108390817   1.3767105504625067e-15
0.2569454810685309   1.3749884089425611e-15
0.2571822693093973   1.3732711097254487e-15
0.25741927576258944   1.3715586184310409e-15
0.25765650062920076   1.369850901036026e-15
0.25789394411051075   1.3681479239196918e-15
0.25813160640798366   1.3664496538195515e-15
0.2583694877232696   1.3647560578826011e-15
0.25860758825820435   1.3630671036132658e-15
0.25884590821481035   1.361382758891149e-15
0.25908444779529555   1.359702991994286e-15
0.25932320720205443   1.3580277715175419e-15
0.2595621866376677   1.356357066446591e-15
0.2598013863049036   1.354690846067224e-15
0.26004080640671656   1.353029080061036e-15
0.260280447146248   1.3513717383657713e-15
0.2605203087268266   1.3497187913722083e-15
0.26076039135196893   1.3480702097091454e-15
0.26100069522537855   1.3464259643755298e-15
0.2612412205509469   1.3447860265808376e-15
0.26148196753275305   1.3431503680116026e-15
0.261722936375065   1.3415189605292994e-15
0.2619641272823381   1.3398917763965075e-15
0.26220554045921646   1.338268788062184e-15
0.2624471761105324   1.3366499683938147e-15
0.26268903444130803   1.3350352904821391e-15
0.26293111565675337   1.3334247277286784e-15
0.2631734199622679   1.331818253748751e-15
0.2634159475634401   1.33021584252387e-15
0.2636586986660488   1.328617468261591e-15
0.2639016734760615   1.3270231054687305e-15
0.264144872199636   1.3254327288715643e-15
0.2643882950431196   1.3238463135043606e-15
0.2646319422130507   1.3222638346478973e-15
0.26487581391615717   1.3206852678389635e-15
0.2651199103593576   1.319110588859479e-15
0.2653642317497612   1.317539773740137e-15
0.26560877829466867   1.3159727987484505e-15
0.265853550201571   1.314409640392674e-15
0.26609854767815055   1.3128502754512456e-15
0.266343770932281   1.311294680903027e-15
0.26658922017202835   1.3097428339815174e-15
0.2668348956056494   1.3081947121207873e-15
0.26708079744159324   1.3066502930025596e-15
0.2673269258885009   1.3051095544948522e-15
0.2675732811552062   1.3035724747510374e-15
0.26781986345073483   1.3020390320800538e-15
0.2680666729843051   1.3005092050493605e-15
0.26831370996532883   1.2989829723883818e-15
0.2685609746034101   1.2974603130784296e-15
0.2688084671083464   1.2959412062449758e-15
0.26905618769012823   1.2944256313054983e-15
0.26930413655894053   1.2929135677984617e-15
0.269552313925161   1.291404995513332e-15
0.26980071999936156   1.289899894362275e-15
0.27004935499230787   1.2883982445491438e-15
0.2702982191149607   1.2869000263812645e-15
0.2705473125784744   1.285405220413097e-15
0.27079663559419814   1.2839138073055035e-15
0.2710461883736756   1.2824257680069238e-15
0.27129597112864623   1.2809410835560458e-15
0.27154598407104374   1.2794597352367947e-15
0.2717962274129976   1.2779817044402628e-15
0.27204670136683223   1.2765069727882889e-15
0.27229740614506875   1.2750355219822723e-15
0.2725483419604232   1.2735673340417906e-15
0.27279950902580796   1.2721023910541084e-15
0.27305090755433137   1.2706406752927677e-15
0.27330253775929897   1.2691821691404852e-15
0.273554399854212   1.2677268552349602e-15
0.2738064940527687   1.266274716279843e-15
0.2740588205688641   1.2648257352313588e-15
0.27431137961659113   1.2633798951211316e-15
0.27456417141023903   1.2619371791826544e-15
0.27481719616429506   1.2604975707400376e-15
0.2750704540934437   1.2590610533507837e-15
0.2753239454125681   1.2576276106508216e-15
0.2755776703367486   1.2561972264591884e-15
0.27583162908126413   1.254769884693462e-15
0.27608582186159164   1.2533455694816915e-15
0.27634024889340747   1.251924265037241e-15
0.276594910392586   1.2505059557249275e-15
0.27684980657520064   1.2490906260237723e-15
0.27710493765752386   1.2476782606310658e-15
0.27736030385602817   1.2462688443170995e-15
0.2776159053873846   1.2448623619564283e-15
0.2778717424684644   1.2434587985769128e-15
0.2781278153163382   1.2420581393769258e-15
0.27838412414827757   1.2406603696506495e-15
0.27864066918175345   1.2392654748158995e-15
0.2788974506344375   1.2378734404227396e-15
0.27915446872420174   1.236484252115396e-15
0.27941172366911965   1.2350978956998181e-15
0.27966921568746506   1.2337143570656848e-15
0.27992694499771303   1.232333622267205e-15
0.2801849118185397   1.2309542211651439e-15
0.2804431163688238   1.2295770236928716e-15
0.28070155886764464   1.2282012820871448e-15
0.2809602395342838   1.2268279256752815e-15
0.28121915858822466   1.2254563880417692e-15
0.2814783162491538   1.2240874132630713e-15
0.28173771273695936   1.2227203498752077e-15
0.28199734827173223   1.2213559186228091e-15
0.2822572230737661   1.2199934309783529e-15
0.2825173373635584   1.2186335716836893e-15
0.28277769136180886   1.217275750208959e-15
0.28303828528942093   1.2159204960620296e-15
0.2832991193675014   1.214567367023338e-15
0.2835601938173616   1.2132167397392842e-15
0.283821508860516   1.2118682961091181e-15
0.28408306471868344   1.210522294207824e-15
0.2843448616137869   1.2091785301127538e-15
0.2846068997679546   1.2078371500148622e-15
0.2848691794035187   1.2064980513987552e-15
0.2851317007430165   1.2051612807185706e-15
0.2853944640091901   1.203826828193533e-15
0.2856574694249877   1.2024946514232614e-15
0.28592071721356216   1.2011648263051255e-15
0.28618420759827223   1.199837222678492e-15
0.2864479408026822   1.1985119980503232e-15
0.2867119170505633   1.1971889432066163e-15
0.28697613656589205   1.1958682927928717e-15
0.2872405995728514   1.194549763163016e-15
0.28750530629583176   1.1932336538770717e-15
0.2877702569594295   1.1919196340975115e-15
0.2880354517884482   1.190608007467455e-15
0.28830089100789835   1.1892984989529912e-15
0.28856657484299864   1.1879913240713304e-15
0.2888325035191745   1.186686299761833e-15
0.2890986772620593   1.185383551139116e-15
0.2893650962974941   1.1840829815377514e-15
0.289631760851529   1.18278463181355e-15
0.28989867115042145   1.1814884881008764e-15
0.29016582742063785   1.1801945070062229e-15
0.2904332298888528   1.1789027550236711e-15
0.2907008787819508   1.1776131158099703e-15
0.29096877432702456   1.1763257307661819e-15
0.29123691675137636   1.1750404015074447e-15
0.2915053062825176   1.173757341814771e-15
0.29177394314817023   1.1724763012804405e-15
0.29204282757626526   1.1711975073427272e-15
0.2923119597949439   1.1699207610885761e-15
0.29258134003255754   1.1686462046718434e-15
0.29285096851766856   1.1673737210092799e-15
0.2931208454790495   1.166103371548798e-15
0.2933909711456836   1.1648351193163403e-15
0.29366134574676506   1.163568941700641e-15
0.2939319695117002   1.1623048816763484e-15
0.29420284267010577   1.1610428568523784e-15
0.2944739654518105   1.1597829790835199e-15
0.2947453380868545   1.1585250915868665e-15
0.29501696080549084   1.1572693559893886e-15
0.29528883383818394   1.1560155584610355e-15
0.2955609574156108   1.1547638820834011e-15
0.2958333317686608   1.153514190853708e-15
0.29610595712843685   1.1522665656005948e-15
0.2963788337262541   1.1510209464678169e-15
0.2966519617936412   1.149777353764795e-15
0.2969253415623395   1.1485358018180044e-15
0.29719897326430533   1.147296183322119e-15
0.2974728571317075   1.1460586077433876e-15
0.29774699339692917   1.1448229819292303e-15
0.29802138229256747   1.1435894182306956e-15
0.2982960240514346   1.1423577314500077e-15
0.2985709189065566   1.1411280663393233e-15
0.29884606709117445   1.1399003036325457e-15
0.29912146883874363   1.1386745299430573e-15
0.299397124382936   1.137450717038991e-15
0.29967303395763745   1.136228827337806e-15
0.2999491977969502   1.1350089041660144e-15
0.30022561613519133   1.13379087419396e-15
0.3005022892068953   1.1325748366825637e-15
0.3007792172468115   1.1313605900035307e-15
0.301056400489906   1.1301483249936277e-15
0.3013338391713611   1.1289379490957344e-15
0.30161153352657677   1.1277294768944526e-15
0.301889483791169   1.1265228559210082e-15
0.30216769020097123   1.1253181296098245e-15
0.30244615299203387   1.1241153200221625e-15
0.3027248724006258   1.1229143381930505e-15
0.30300384866323277   1.1217152794732629e-15
0.30328308201655874   1.1205179751629785e-15
0.30356257269752546   1.1193225835926798e-15
0.30384232094327396   1.118129018699728e-15
0.30412232699116293   1.1169373094459813e-15
0.30440259107877   1.1157474271883016e-15
0.30468311344389154   1.1145593682843281e-15
0.30496389432454396   1.113373169431309e-15
0.305244933958962   1.1121886992177165e-15
0.30552623258560047   1.1110060886727037e-15
0.30580779044313333   1.1098252638024048e-15
0.3060896077704556   1.1086462669337918e-15
0.30637168480668153   1.1074690291014508e-15
0.306654021791146   1.1062935825725358e-15
0.306936618963404   1.1051199337102889e-15
0.3072194765632325   1.1039480081111107e-15
0.30750259483062836   1.1027778925377694e-15
0.3077859740058095   1.101609506934444e-15
0.30806961432921626   1.100442915816964e-15
0.3083535160415097   1.0992780258585924e-15
0.3086376793835727   1.0981149044132172e-15
0.30892210459651026   1.0969535416109671e-15
0.30920679192165   1.0957938865339602e-15
0.30949174160054144   1.0946359973170187e-15
0.3097769538749567   1.0934797686863512e-15
0.31006242898689046   1.0923253034871608e-15
0.3103481671785615   1.0911725357384691e-15
0.3106341686924108   1.0900214815461335e-15
0.3109204337711029   1.0888721261013686e-15
0.31120696265752595   1.0877244362462906e-15
0.3114937555947927   1.0865784691114865e-15
0.31178081282623893   1.0854341471259147e-15
0.3120681345954252   1.0842915460422845e-15
0.312355721146136   1.0831506028203045e-15
0.3126435727223816   1.082011341568196e-15
0.312931689568396   1.0808737562044759e-15
0.31322007192863877   1.0797377897386441e-15
0.3135087200477943   1.0786035084261095e-15
0.31379763417077355   1.0774708602669308e-15
0.31408681454271214   1.0763398794941493e-15
0.31437626140897196   1.0752105039411058e-15
0.3146659750151406   1.0740827622498865e-15
0.31495595560703304   1.0729566653625902e-15
0.3152462034306899   1.07183218407084e-15
0.31553671873237854   1.070709354123549e-15
0.3158275017585933   1.0695880773545875e-15
0.31611855275605644   1.068468437294522e-15
0.31640987197171677   1.0673504128171235e-15
0.3167014596527508   1.0662339707148628e-15
0.31699331604656267   1.0651191488161472e-15
0.3172854414007854   1.064005866404222e-15
0.31757783596327926   1.0628942034583102e-15
0.31787049998213335   1.0617841177183164e-15
0.31816343370566486   1.0606756188619188e-15
0.3184566373824211   1.0595687115096408e-15
0.3187501112611771   1.058463307816382e-15
0.31904385559093773   1.0573594935929782e-15
0.319337870620937   1.0562572449795273e-15
0.31963215660063937   1.0551565542804827e-15
0.31992671377973847   1.0540574050028043e-15
0.32022154240815814   1.0529597907649522e-15
0.3205166427360524   1.0518637427316315e-15
0.3208120150138067   1.0507691770693453e-15
0.3211076594920361   1.049676174628316e-15
0.3214035764215873   1.0485847151912013e-15
0.3216997660535375   1.0474947538268782e-15
0.3219962286391964   1.0464063249879023e-15
0.32229296443010436   1.0453193771746244e-15
0.32258997367803377   1.0442339623379259e-15
0.3228872566349888   1.0431500435667778e-15
0.3231848135532067   1.0420676225377208e-15
0.3234826446851564   1.0409867149878969e-15
0.3237807502835397   1.0399072688585672e-15
0.3240791306012909   1.0388293316160465e-15
0.32437778589157845   1.0377528639782313e-15
0.3246767164078031   1.0366778900681835e-15
0.32497592240359946   1.0356044155487225e-15
0.3252754041328355   1.034532355652252e-15
0.32557516184961427   1.033461786019469e-15
0.32587519580827184   1.0323926832015958e-15
0.3261755062633791   1.0313250355969553e-15
0.3264760934697411   1.0302588529835515e-15
0.3267769576823988   1.0291941142772108e-15
0.32707809915662717   1.0281308332092002e-15
0.3273795181479367   1.0270689559738016e-15
0.32768121491207314   1.026008544346154e-15
0.32798318970501883   1.0249495996335385e-15
0.328285442782991   1.0238920230495175e-15
0.32858797440244336   1.022835893581127e-15
0.3288907848200657   1.0217811897656243e-15
0.3291938742927851   1.0207279112654352e-15
0.32949724307776485   1.0196760695186863e-15
0.32980089143240515   1.0186255974032527e-15
0.33010481961434324   1.0175765538592847e-15
0.33040902788145476   1.0165289181437298e-15
0.3307135164918521   1.0154826640300342e-15
0.33101828570388536   1.0144378178374319e-15
0.3313233357761438   1.0133943513521173e-15
0.331628666967454   1.0123522895125589e-15
0.3319342795368813   1.0113116194983247e-15
0.3322401737437296   1.0102723039463269e-15
0.33254634984754267   1.0092343781915283e-15
0.33285280810810236   1.0081978173090638e-15
0.33315954878543047   1.0071626357274665e-15
0.333466572139788   1.0061288317788613e-15
0.3337738784316767   1.0050963786315525e-15
0.3340814679218375   1.0040653013140194e-15
0.33438934087125194   1.0030355758166083e-15
0.3346974975411417   1.002007185697429e-15
0.33500593819297014   1.0009801501997498e-15
0.3353146630884407   9.999544685681926e-16
0.3356236724894982   9.989301311599801e-16
0.3359329666583286   9.979071175889305e-16
0.3362425458573605   9.968854523895973e-16
0.33655241034926325   9.958651334511024e-16
0.3368625603969487   9.948461077683998e-16
0.33717299626357045   9.938284255539185e-16
0.3374837182125259   9.928120863437497e-16
0.33779472650745396   9.917970199501637e-16
0.33810602141223695   9.907832879373379e-16
0.33841760319099995   9.897708821968894e-16
0.3387294721081126   9.887597764168097e-16
0.33904162842818697   9.877499859419466e-16
0.3393540724160794   9.867414812678664e-16
0.33966680433689   9.857342772530788e-16
0.3399798244559642   9.847283741146912e-16
0.34029313303889086   9.837237424806724e-16
0.3406067303515041   9.82720408259681e-16
0.34092061665988244   9.817183537873228e-16
0.3412347922303508   9.807175916552707e-16
0.34154925732947855   9.79718123423152e-16
0.3418640122240809   9.787199144683275e-16
0.34217905718121866   9.777229767369405e-16
0.3424943924681999   9.767273144753439e-16
0.34281001835257774   9.757329213934086e-16
0.3431259351021525   9.747397873195678e-16
0.3434421429849707   9.737478925124524e-16
0.3437586422693271   9.727572613086295e-16
0.34407543322376255   9.717679013819149e-16
0.3443925161170658   9.707798000202477e-16
0.3447098912182729   9.697929383027967e-16
0.34502755879666885   9.688073261362847e-16
0.34534551912178585   9.678229334268903e-16
0.3456637724634048   9.668397931302085e-16
0.3459823190915548   9.658579028607229e-16
0.34630115927651495   9.648772205535687e-16
0.34662029328881233   9.63897771602447e-16
0.3469397213992237   9.629195423558301e-16
0.34725944387877494   9.619425417048798e-16
0.34757946099874276   9.609667768178382e-16
0.3478997730306529   9.599922357738195e-16
0.34822038024628155   9.59018898320581e-16
0.3485412829176551   9.580467750884069e-16
0.34886248131705166   9.570758393898624e-16
0.3491839757169992   9.561061203588577e-16
0.34950576639027714   9.551376184933573e-16
0.349827853609916   9.54170316097876e-16
0.3501502376491989   9.53204173045359e-16
0.3504729187816598   9.522391770622e-16
0.3507958972810851   9.51275373118107e-16
0.3511191734215131   9.503128831340926e-16
0.35144274747723575   9.493517786916014e-16
0.35176661972279666   9.48391656131957e-16
0.3520907904329928   9.474326136316139e-16
0.35241525988287414   9.464745759421949e-16
0.35274002834774504   9.455179418967794e-16
0.3530650961031626   9.445625768807385e-16
0.35339046342493813   9.436084062053862e-16
0.35371613058913687   9.426552444944617e-16
0.3540420978720794   9.417031790950142e-16
0.35436836555034   9.407522994008553e-16
0.35469493390074774   9.398027672350616e-16
0.35502180320038795   9.388545078677258e-16
0.3553489737266001   9.379071689755336e-16
0.3556764457569799   9.369608569789443e-16
0.35600421956937806   9.360155941765282e-16
0.3563322954419028   9.350717721867241e-16
0.3566606736529174   9.341291167127604e-16
0.35698935448104213   9.331876250158856e-16
0.35731833820515346   9.322470286686647e-16
0.35764762510438614   9.31307705275634e-16
0.357977215458131   9.303696892238968e-16
0.3583071095460367   9.294325706520856e-16
0.35863730764800916   9.284965837650649e-16
0.3589678100442135   9.27561744847394e-16
0.35929861701507193   9.266280513967366e-16
0.3596297288412653   9.256955006819281e-16
0.35996114580373284   9.247640900273545e-16
0.3602928681836738   9.238335750219722e-16
0.36062489626254535   9.229042662067313e-16
0.36095723032206467   9.219762607728174e-16
0.36128987064420787   9.210491462725297e-16
0.3616228175112122   9.201232251292344e-16
0.36195607120557394   9.191986017411252e-16
0.3622896320100499   9.182748626084198e-16
0.3626235002076572   9.173522073515082e-16
0.362957676081675   9.164306695794954e-16
0.3632921599156422   9.155102465712048e-16
0.36362695199335937   9.145909359227148e-16
0.3639620525988884   9.136727351223226e-16
0.3642974620165541   9.12755399296642e-16
0.36463318053094196   9.118392462858947e-16
0.3649692084269002   9.10924360895034e-16
0.3653055459895393   9.100103271233204e-16
0.36564219350423344   9.090974818101307e-16
0.3659791512566187   9.081858898716423e-16
0.3663164195325948   9.072751342903014e-16
0.36665399861832454   9.063654526544533e-16
0.3669918888002356   9.05456859501122e-16
0.3673300903650184   9.045493519746668e-16
0.367668603599628   9.036429281782745e-16
0.3680074287912835   9.027375797831236e-16
0.3683465662274699   9.01833043463775e-16
0.3686860161959359   9.009297334778058e-16
0.3690257789846957   9.000276004610028e-16
0.3693658548820287   8.99126287640527e-16
0.36970624417648107   8.98226209907314e-16
0.3700469471568636   8.973272694877358e-16
0.3703879641122538   8.964291591833669e-16
0.37072929533199506   8.95532111965561e-16
0.3710709411056987   8.946361256029502e-16
0.3714129017232416   8.937411977776388e-16
0.3717551774747684   8.928473264387853e-16
0.37209776865069044   8.919544315210238e-16
0.37244067554168814   8.910623938619053e-16
0.3727838984387084   8.901716314544334e-16
0.37312743763296685   8.89281862617617e-16
0.37347129341594687   8.883929678622381e-16
0.3738154660794018   8.875051166576593e-16
0.3741599559153526   8.866184331091345e-16
0.3745047632160897   8.857329305119651e-16
0.3748498882741727   8.8484819624842435e-16
0.37519533138243166   8.839643428795037e-16
0.3755410928339656   8.830814363942834e-16
0.37588717292214385   8.821998000632189e-16
0.37623357194060586   8.813191923829538e-16
0.37658029018326267   8.804395480687647e-16
0.37692732794429523   8.795607187973475e-16
0.37727468551815585   8.786831269899678e-16
0.3776223631995677   8.77806516446288e-16
0.377970361283527   8.769307477418223e-16
0.3783186800653004   8.760559950672472e-16
0.3786673198404271   8.751822565612593e-16
0.3790162809047184   8.743095301773211e-16
0.3793655635542592   8.734378136463559e-16
0.37971516808540623   8.725669378857602e-16
0.3800650947947892   8.716970143096042e-16
0.3804153439793124   8.708283157647152e-16
0.38076591593615267   8.699604131352559e-16
0.3811168109627609   8.690934451404019e-16
0.38146802935686186   8.682274754544665e-16
0.3818195714164558   8.673627484917404e-16
0.3821714374398164   8.66498907929476e-16
0.38252362772549275   8.656359021664898e-16
0.3828761425723084   8.647736338398931e-16
0.38322898227936375   8.639125299270937e-16
0.38358214714603345   8.6305250761212675e-16
0.38393563747196857   8.6219346984535e-16
0.3842894535570958   8.613351927785554e-16
0.3846435957016196   8.60477847233466e-16
0.3849980642060197   8.596214806419869e-16
0.3853528593710531   8.5876609123747e-16
0.3857079814977539   8.579116768302243e-16
0.38606343088743444   8.570582356075799e-16
0.38641920784168377   8.562057658827269e-16
0.38677531266236914   8.553542655857561e-16
0.38713174565163566   8.545036328317975e-16
0.38748850711190796   8.5365379530846215e-16
0.3878455973458884   8.528049218949281e-16
0.38820301665655854   8.519570109668036e-16
0.3885607653471787   8.511100606039562e-16
0.38891884372129   8.502640686469835e-16
0.389277252082712   8.494190336697402e-16
0.3896359907355447   8.485749537563018e-16
0.38999505998416795   8.47731827031397e-16
0.39035446013324315   8.468893849773648e-16
0.3907141914877115   8.460480500508998e-16
0.3910742543527955   8.452077166471183e-16
0.3914346490339985   8.443681147703408e-16
0.39179537583710655   8.435294575832809e-16
0.3921564350681865   8.426917430999967e-16
0.3925178270335874   8.418549561637552e-16
0.39287955203994035   8.410188518896668e-16
0.3932416103941603   8.401838656021476e-16
0.3936040024034437   8.393498274890492e-16
0.39396672837527047   8.3851653096366055e-16
0.39432978861740364   8.376841669493368e-16
0.394693183437891   8.368527337868446e-16
0.39505691314506297   8.360222297537918e-16
0.39542097804753457   8.351926530816154e-16
0.3957853784542048   8.343637908226326e-16
0.3961501146742585   8.335359054372489e-16
0.3965151870171643   8.327090901458695e-16
0.39688059579267637   8.318829367529206e-16
0.3972463413108339   8.310577027696178e-16
0.39761242388196316   8.302333863691618e-16
0.39797884381667503   8.294099856930784e-16
0.39834560142586706   8.285874994126561e-16
0.39871269702072304   8.277657696120022e-16
0.3990801309127145   8.269448376183078e-16
0.39944790341359904   8.261248151965074e-16
0.39981601483542184   8.253057004790378e-16
0.4001844654905153   8.244874921788834e-16
0.4005532556915007   8.236701887006726e-16
0.40092238575128647   8.228537882490857e-16
0.40129185598306955   8.220380765931069e-16
0.40166166670033526   8.21223208504744e-16
0.402031818216859   8.204092389836098e-16
0.40240231084670414   8.19596166365799e-16
0.4027731449042237   8.187839891005325e-16
0.40314432070406025   8.179727056202269e-16
0.40351583856114737   8.171623028764448e-16
0.4038876987907077   8.163525332524494e-16
0.4042599017082547   8.155436529957095e-16
0.40463244762959233   8.147356604645297e-16
0.40500533687081675   8.139285540322384e-16
0.4053785697483141   8.13122332456474e-16
0.4057521465787626   8.123168126503155e-16
0.4061260676791318   8.115121779178391e-16
0.40650033336668473   8.107086012982482e-16
0.40687494395897544   8.099056347608753e-16
0.4072498997738507   8.091035455517839e-16
0.4076252011294513   8.083022424847812e-16
0.4080008483442101   8.075016347282159e-16
0.4083768417368538   8.067019002339505e-16
0.4087531816264024   8.059030371706065e-16
0.40912986833217113   8.051050442045139e-16
0.40950690217376823   8.043079199894026e-16
0.40988428347109684   8.03511662569564e-16
0.4102620125443547   8.027160848460894e-16
0.4106400897140356   8.019212892977715e-16
0.4110185153009276   8.011273565848949e-16
0.41139728962611477   8.003342853238391e-16
0.41177641301097667   7.995420741034567e-16
0.41215588577719026   7.987506113463294e-16
0.4125357082467276   7.979598479220804e-16
0.4129158807418581   7.971699404526441e-16
0.41329640358514746   7.963808875236813e-16
0.41367727709946017   7.955925628933772e-16
0.4140585016079568   7.948049879120634e-16
0.4144400774340963   7.940184903842456e-16
0.4148220049016351   7.932326156403148e-16
0.41520428433462947   7.924474034208842e-16
0.4155869160574328   7.916629738384741e-16
0.41596990039469806   7.908795962918073e-16
0.41635323767137683   7.900968155253277e-16
0.41673692821272146   7.893148559845077e-16
0.41712097234428275   7.885336531501259e-16
0.41750537039191193   7.877531106552531e-16
0.4178901226817602   7.869736702001634e-16
0.41827522954028035   7.861948754203775e-16
0.418660691294225   7.854167285352464e-16
0.41904650827064827   7.846392925007352e-16
0.4194326807969051   7.838629249073652e-16
0.41981920920065346   7.830871679851251e-16
0.4202060938098521   7.823121945025063e-16
0.42059333495276224   7.815379853200078e-16
0.42098093295794736   7.807644010456164e-16
0.42136888815427487   7.799916432834322e-16
0.42175720087091406   7.792197106711299e-16
0.42214587143733795   7.784486019459403e-16
0.42253490018332274   7.776782918916253e-16
0.4229242874389499   7.769085599515142e-16
0.4233140335346037   7.761396482460172e-16
0.42370413880097335   7.753714156723779e-16
0.42409460356905243   7.746038735435713e-16
0.42448542817014073   7.738371480405305e-16
0.42487661293584217   7.730712377228502e-16
0.42526815819806657   7.723061414343964e-16
0.4256600642890293   7.715417488084054e-16
0.4260523315412531   7.707780097904327e-16
0.42644496028756596   7.700150811313191e-16
0.4268379508611029   7.69252732007689e-16
0.4272313035953055   7.684911537925906e-16
0.427625018823924   7.677303824304744e-16
0.4280190968810149   7.669704034618155e-16
0.428413538100943   7.662109753279795e-16
0.42880834281838076   7.654523503733935e-16
0.4292035113683103   7.646945274984119e-16
0.4295990440860213   7.63937438718122e-16
0.42999494130711263   7.631809497572281e-16
0.43039120336749226   7.624252593011061e-16
0.4307878306033789   7.616703662628517e-16
0.4311848233512997   7.609161453158022e-16
0.4315821819480925   7.601625769768512e-16
0.43197990673090514   7.594098024192438e-16
0.4323779980371973   7.586575679855602e-16
0.43277645620473854   7.579061118016419e-16
0.43317528157161   7.571553291181593e-16
0.43357447447620395   7.564052363507106e-16
0.4339740352572259   7.556561483572407e-16
0.434373964253692   7.549073497677302e-16
0.43477426180493156   7.541594850291301e-16
0.4351749282505859   7.534122565983939e-16
0.4355759639306107   7.526655627320493e-16
0.4359773691852737   7.519198673148959e-16
0.43637914435515657   7.511747025006392e-16
0.43678128978115444   7.504303032007762e-16
0.4371838058044779   7.496865618625165e-16
0.4375866927666507   7.489434545280413e-16
0.4379899510095112   7.482011247936471e-16
0.4383935808752143   7.474593116702475e-16
0.4387975827062287   7.467182672917877e-16
0.4392019568453393   7.45977864395622e-16
0.4396067036356463   7.452381016814525e-16
0.4400118234205675   7.444991111280599e-16
0.4404173165438359   7.437608911864045e-16
0.4408231833495016   7.430232297717524e-16
0.44122942418193134   7.422861332653751e-16
0.4416360393858106   7.415496891310804e-16
0.44204302930614114   7.408140118482836e-16
0.4424503942882431   7.400791003492506e-16
0.44285813467775437   7.393447203483352e-16
0.44326625082063276   7.3861089895489185e-16
0.4436747430631536   7.378778615693427e-16
0.4440836117519115   7.371456290132976e-16
0.4444928572338205   7.364137355881848e-16
0.44490247985611525   7.356826015182378e-16
0.44531247996634926   7.349522263108389e-16
0.4457228579123968   7.34222464857178e-16
0.44613361404245205   7.334933389712399e-16
0.44654474870503175   7.3276493990461705e-16
0.4469562622489722   7.320370595277129e-16
0.44736815502343175   7.31309696092903e-16
0.44778042737789   7.305830574610024e-16
0.44819307966215   7.298571707771181e-16
0.44860611222633584   7.291319668905168e-16
0.4490195254208947   7.284073034076574e-16
0.4494333195965961   7.276831367698785e-16
0.4498474951045345   7.269597181525031e-16
0.45026205229612626   7.262368794629964e-16
0.45067699152311214   7.255146895796875e-16
0.45109231313755666   7.247931859863301e-16
0.45150801749185004   7.240722210565448e-16
0.451924104938706   7.233519989948578e-16
0.4523405758311636   7.226323031506351e-16
0.45275743052258693   7.219131374017159e-16
0.453174669366667   7.211946112958541e-16
0.4535922927174195   7.204767665309597e-16
0.4540103009291867   7.197594544476564e-16
0.454428694356637   7.190428800077816e-16
0.45484747335476705   7.183268233877081e-16
0.4552666382788993   7.176112898865542e-16
0.4556861894846839   7.16896395397573e-16
0.4561061273280987   7.161821683735423e-16
0.45652645216545046   7.154684776047712e-16
0.45694716435337335   7.147555189207719e-16
0.4573682642488304   7.140430610520011e-16
0.45778975220911333   7.133311194663634e-16
0.45821162859184433   7.126198253353043e-16
0.4586338937549738   7.119091764629775e-16
0.45905654805678264   7.111990754434785e-16
0.4594795918558812   7.104897017708782e-16
0.459903025511212   7.097808030045066e-16
0.46032684938204665   7.090724139215026e-16
0.4607510638279885   7.083646891748801e-16
0.4611756692089718   7.0765747020042e-16
0.46160066588526383   7.069507278410689e-16
0.4620260542174625   7.062448763173027e-16
0.4624518345664986   7.055392513027529e-16
0.4628780072936349   7.048343468844328e-16
0.4633045727604686   7.041301621255005e-16
0.4637315313289287   7.034264105435891e-16
0.4641588833612782   7.027231359607443e-16
0.4645866292201135   7.020205785395176e-16
0.46501476926836655   7.013187192696592e-16
0.4654433038693023   7.006170671904085e-16
0.46587223338652106   6.999161300217038e-16
0.4663015581839576   6.992157221249191e-16
0.46673127862588354   6.98515949052337e-16
0.46716139507690485   6.978166909068001e-16
0.4675919079019638   6.971178159204197e-16
0.4680228174663388   6.964196518514727e-16
0.4684541241356459   6.957221975394901e-16
0.4688858282758371   6.950249826741798e-16
0.46931793025320123   6.943284205231445e-16
0.4697504304343665   6.936324139253581e-16
0.4701833291862971   6.929370037341091e-16
0.47061662687629635   6.922422289712006e-16
0.47105032387200524   6.915479369165857e-16
0.47148442054140516   6.90854117488388e-16
0.47191891725281504   6.901607484546597e-16
0.47235381437489393   6.894678599254536e-16
0.4727891122766399   6.88775624877836e-16
0.4732248113273927   6.880839559174174e-16
0.47366091189683085   6.873927640892801e-16
0.47409741435497416   6.867020485798199e-16
0.47453431907218285   6.860118287669656e-16
0.47497162641916   6.853223076806434e-16
0.47540933676694874   6.84633239301184e-16
0.47584745048693466   6.83944643238685e-16
0.4762859679508452   6.832565185577079e-16
0.4767248895307517   6.825688643416188e-16
0.47716421559906697   6.818817775614007e-16
0.4776039465285476   6.811953233121151e-16
0.478044082692293   6.805093366233277e-16
0.47848462446374807   6.798238070230512e-16
0.47892557221670023   6.7913871716489e-16
0.4793669263252821   6.784540923406507e-16
0.4798086871639703   6.777701141144899e-16
0.48025085510758814   6.77086529293346e-16
0.480693430531303   6.764034079340397e-16
0.4811364138106282   6.757208949442399e-16
0.48157980532142297   6.750388419323438e-16
0.4820236054398942   6.743572484736374e-16
0.48246781454259385   6.736760940115204e-16
0.4829124330064217   6.729956258642017e-16
0.4833574612086242   6.723154233949832e-16
0.48380289952679695   6.716358030927029e-16
0.48424874833888193   6.709565757270698e-16
0.4846950080231701   6.702778010870578e-16
0.4851416789583005   6.69599626530011e-16
0.4855887615232625   6.689219043071539e-16
0.4860362560973933   6.682446331660818e-16
0.4864841630603801   6.675678037344573e-16
0.4869324827922597   6.6689140258342275e-16
0.48738121567342035   6.66215450624968e-16
0.4878303620845995   6.655401386558943e-16
0.48827992240688606   6.648651805412923e-16
0.48872989702171943   6.641907035907233e-16
0.4891802863108921   6.635166951775917e-16
0.489631090656547   6.628430510045193e-16
0.4900823104411796   6.621699880876655e-16
0.49053394604763745   6.614971743948418e-16
0.4909859978591223   6.608250360029064e-16
0.49143846625918763   6.601530671403896e-16
0.4918913516317409   6.594817558502871e-16
0.4923446543610428   6.588107219978467e-16
0.49279837483170963   6.581402363196715e-16
0.4932525134287107   6.57470277940255e-16
0.4937070705373705   6.568006383400009e-16
0.4941620465433682   6.561313865935823e-16
0.49461744183273987   6.554626712943566e-16
0.4950732567918758   6.547942397515456e-16
0.4955294918075229   6.541264606526601e-16
0.49598614726678397   6.5345910704589255e-16
0.49644322355711995   6.527919175339369e-16
0.4969007210663476   6.521251524832335e-16
0.4973586401826412   6.514590225670583e-16
0.49781698129453267   6.507931998063134e-16
0.4982757447909131   6.501277268511661e-16
0.49873493106103073   6.49462683179643e-16
0.4991945404944929   6.487980679374505e-16
0.49965457348126546   6.481338803365698e-16
0.5001150304116753   6.474701197625863e-16
0.5005759116764072   6.468067853924687e-16
0.5010372176665069   6.461438552726393e-16
0.5014989487733796   6.454811113072615e-16
0.501961105388793   6.448190287583053e-16
0.5024236879048742   6.441571331078845e-16
0.5028866967141117   6.434956386879431e-16
0.503350132209357   6.428347620490465e-16
0.5038139947838225   6.421741945319859e-16
0.5042782848310833   6.415138088734145e-16
0.5047430027450764   6.408538750782472e-16
0.505208148920104   6.401943683068568e-16
0.5056737237508295   6.395351372402956e-16
0.5061397276322809   6.388763242285918e-16
0.5066061609598494   6.382179284721556e-16
0.5070730241292927   6.37559949394234e-16
0.507540317536731   6.369023638336191e-16
0.5080080415786504   6.36244957495587e-16
0.5084761966519018   6.355879526033146e-16
0.5089447831537035   6.349313579993916e-16
0.5094138014816381   6.342751754391176e-16
0.509883252033655   6.336191956182787e-16
0.5103531352080705   6.329635818537685e-16
0.5108234514035686   6.323083791694627e-16
0.5112942010191996   6.316534266055721e-16
0.5117653844543822   6.309989328592092e-16
0.5122370021089026   6.303448318983163e-16
0.5127090543829167   6.29690898609066e-16
0.5131815416769478   6.29037329643635e-16
0.513654464391889   6.283842421971691e-16
0.514127822929002   6.277313184875176e-16
0.5146016176899201   6.270786699395342e-16
0.5150758490766449   6.264265485416435e-16
0.5155505174915492   6.257744266681763e-16
0.5160256233373761   6.251229275178993e-16
0.5165011670172412   6.244715880795665e-16
0.5169771489346303   6.23820639124841e-16
0.5174535694934014   6.231700966594511e-16
0.517930429097784   6.225197241839377e-16
0.518407728152382   6.218695088259823e-16
0.5188854670621705   6.212196591847928e-16
0.5193636462324982   6.2057021051909395e-16
0.5198422660690869   6.199209783406023e-16
0.5203213269780338   6.192720758857186e-16
0.520800829365809   6.186235724199252e-16
0.5212807736392574   6.179751690138413e-16
0.5217611602055986   6.173270910442376e-16
0.5222419894724287   6.166793987253136e-16
0.5227232618477182   6.160318593261634e-16
0.5232049777398139   6.153845805406576e-16
0.5236871375574382   6.147376990074955e-16
0.5241697417096923   6.140910343056918e-16
0.5246527906060523   6.134445138057118e-16
0.5251362846563723   6.127984195913031e-16
0.5256202242708838   6.121523542296641e-16
0.5261046098601977   6.115066844867159e-16
0.5265894418353017   6.10861360286495e-16
0.5270747206075629   6.102161843290946e-16
0.5275604465887269   6.095711833065382e-16
0.5280466201909204   6.089265523978714e-16
0.5285332418266484   6.082820670153167e-16
0.5290203119087962   6.076377353459498e-16
0.5295078308506292   6.069937910347815e-16
0.5299957990657957   6.063499860242069e-16
0.5304842169683232   6.05706567978533e-16
0.530973084972621   6.050632930295961e-16
0.5314624034934803   6.044201629600659e-16
0.5319521729460759   6.037771709916028e-16
0.5324423937459637   6.031345486691904e-16
0.532933066309083   6.02491871150826e-16
0.5334241910517558   6.018497398348481e-16
0.5339157683906895   6.012076016786599e-16
0.5344077987429741   6.005657754961868e-16
0.534900282526084   5.99923921664825e-16
0.5353932201578783   5.992823618773425e-16
0.5358866120566025   5.986411901647185e-16
0.5363804586408858   5.980000151802092e-16
0.5368747603297441   5.973589181664279e-16
0.5373695175425788   5.967181467639659e-16
0.5378647306991791   5.960775731103866e-16
0.5383604002197198   5.954369520540251e-16
0.5388565265247628   5.947967611576531e-16
0.5393531100352591   5.941564868931143e-16
0.5398501511725462   5.935165551493416e-16
0.5403476503583502   5.9287672973798545e-16
0.5408456080147854   5.922369633777841e-16
0.5413440245643568   5.915973292203632e-16
0.5418429004299571   5.909580015158179e-16
0.5423422360348691   5.903187100609489e-16
0.5428420318027652   5.89679470372827e-16
0.5433422881577102   5.890403643648954e-16
0.5438430055241577   5.884013894039838e-16
0.5443441843269529   5.877625438269056e-16
0.5448458249913322   5.871238289881766e-16
0.5453479279429256   5.864854191546393e-16
0.5458504936077536   5.858468658089766e-16
0.5463535224122297   5.852084672237669e-16
0.54685701478316   5.845702722346098e-16
0.5473609711477454   5.839320243984348e-16
0.5478653919335791   5.832938347978774e-16
0.5483702775686486   5.826557740188078e-16
0.5488756284813356   5.820178429489708e-16
0.5493814451004178   5.813800403115154e-16
0.5498877278550668   5.807421721714708e-16
0.5503944771748499   5.801043728238432e-16
0.55090169348973   5.79466701262762e-16
0.5514093772300678   5.788289559764956e-16
0.5519175288266188   5.781914952930938e-16
0.5524261487105362   5.775539955715068e-16
0.55293523731337   5.769163674167136e-16
0.5534447950670693   5.762788326155518e-16
0.55395482240398   5.756414238999319e-16
0.5544653197568465   5.750039114008596e-16
0.5549762875588118   5.743665044427073e-16
0.5554877262434197   5.737292275596888e-16
0.5559996362446116   5.730918312673513e-16
0.5565120179967298   5.724542919242221e-16
0.5570248719345158   5.718168799845773e-16
0.5575381984931137   5.711795752075434e-16
0.558051998108067   5.705421406656412e-16
0.5585662712153211   5.699046068241371e-16
0.5590810182512223   5.692671602197903e-16
0.559596239652521   5.686295840237897e-16
0.5601119358563684   5.679919304696077e-16
0.5606281073003189   5.673543411950937e-16
0.5611447544223298   5.667166930820835e-16
0.5616618776607636   5.660790132835905e-16
0.5621794774543849   5.654411192687382e-16
0.5626975542423636   5.648032573571769e-16
0.5632161084642734   5.641653688705681e-16
0.563735140560095   5.635273831410555e-16
0.5642546509702127   5.628892522654945e-16
0.5647746401354172   5.62251116823565e-16
0.5652951084969052   5.616128500536511e-16
0.5658160564962813   5.609744558164322e-16
0.5663374845755553   5.603359311162431e-16
0.5668593931771454   5.5969727679299e-16
0.5673817827438763   5.590584931997449e-16
0.567904653718983   5.584195783237567e-16
0.5684280065461071   5.577805374833538e-16
0.5689518416692995   5.571413668410288e-16
0.5694761595330197   5.565020676523097e-16
0.5700009605821388   5.558624005754609e-16
0.570526245261936   5.552227976160002e-16
0.5710520140181012   5.545828294199808e-16
0.5715782672967349   5.539427344010562e-16
0.5721050055443501   5.533025119338451e-16
0.5726322292078695   5.526619782434908e-16
0.5731599387346284   5.520211346079455e-16
0.573688134572374   5.513804102328178e-16
0.5742168171692673   5.507387502194554e-16
0.5747459869738811   5.500977499865457e-16
0.5752756444352017   5.494561213308536e-16
0.575805790002629   5.488139662368794e-16
0.5763364241259785   5.481724712740355e-16
0.5768675472554786   5.475299289563542e-16
0.5773991598417726   5.468872882909963e-16
0.5779312623359207   5.46245310791651e-16
0.5784638551893975   5.45601850337917e-16
0.5789969388540935   5.449587343949276e-16
0.5795305137823157   5.443139770168662e-16
0.5800645804267892   5.436715977653399e-16
0.580599139240655   5.430260153248333e-16
0.581134190677472   5.423824884595315e-16
0.5816697351912165   5.417370085719179e-16
0.582205773236285   5.41090522818335e-16
0.5827423052674909   5.40444710158303e-16
0.5832793317400674   5.39799570098914e-16
0.5838168531096668   5.391536573414536e-16
0.5843548698323626   5.385057971960438e-16
0.5848933823646473   5.378595695358973e-16
0.5854323911634345   5.372107489334446e-16
0.585971896686058   5.365637802412739e-16
0.5865118993902754   5.359154245311454e-16
0.5870523997342639   5.3526523119535e-16
0.5875933981766238   5.346157233057154e-16
0.5881348951763772   5.339662898834664e-16
0.5886768911929712   5.333157088126982e-16
0.5892193866862743   5.326658162707126e-16
0.5897623821165797   5.320154293316299e-16
0.5903058779446039   5.313631027243746e-16
0.5908498746314899   5.307104042739807e-16
0.5913943726388038   5.300583982596477e-16
0.5919393724285377   5.294051271346346e-16
0.5924848744631089   5.287520784116819e-16
0.5930308792053626   5.280973637763788e-16
0.5935773871185687   5.274429350812618e-16
0.5941243986664246   5.267871258133269e-16
0.5946719143130546   5.261312580769939e-16
0.5952199345230123   5.254744314756933e-16
0.5957684597612776   5.248171263467402e-16
0.5963174904932597   5.241592954388941e-16
0.596867027184796   5.235005592542666e-16
0.5974170703021551   5.228417301291319e-16
0.5979676203120332   5.221836114041656e-16
0.5985186776815574   5.21521748159956e-16
0.5990702428782846   5.208620328382119e-16
0.5996223163702046   5.201993644208916e-16
0.6001748986257364   5.195377659197395e-16
0.6007279901137312   5.188745947022956e-16
0.6012815913034721   5.182111144221223e-16
0.6018357026646762   5.175460013171278e-16
0.6023903246674914   5.1688161763625485e-16
0.6029454577825001   5.162160362847638e-16
0.6035011024807171   5.155485546086065e-16
0.6040572592335935   5.148813270515719e-16
0.604613928513013   5.142126895442917e-16
0.6051711107912946   5.135440589152145e-16
0.6057288065411921   5.12873534577773e-16
0.6062870162358966   5.12202349085234e-16
0.6068457403490339   5.115304356242395e-16
0.6074049793546664   5.108583646798187e-16
0.6079647337272929   5.101850688518088e-16
0.6085250039418514   5.095119118573117e-16
0.6090857904737157   5.088353274903867e-16
0.6096470937986982   5.081602748455056e-16
0.6102089143930493   5.074824820690572e-16
0.61077125273346   5.068043129185904e-16
0.611334109297059   5.06125687078209e-16
0.6118974845614151   5.054461637637878e-16
0.6124613790045366   5.047647846114929e-16
0.6130257931048742   5.040836441716627e-16
0.6135907273413176   5.034006466127136e-16
0.6141561821931986   5.027164572798886e-16
0.6147221581402899   5.02031205951303e-16
0.6152886556628083   5.01345085259341e-16
0.6158556752414115   5.006579624745319e-16
0.6164232173572003   4.999698891467251e-16
0.6169912824917185   4.9928057965607e-16
0.6175598711269558   4.985894444034892e-16
0.6181289837453436   4.97898029786789e-16
0.618698620829759   4.972037961466928e-16
0.6192687828635234   4.965103854650658e-16
0.6198394703304052   4.958150138849907e-16
0.620410683714617   4.951185845394398e-16
0.6209824235008177   4.944209976952163e-16
0.6215546901741145   4.937216183902252e-16
0.6221274842200597   4.93021984951294e-16
0.6227008061246541   4.923195624752684e-16
0.6232746563743452   4.916168695524038e-16
0.6238490354560311   4.909124138525463e-16
0.6244239438570566   4.902061943669169e-16
0.6249993820652162   4.895002283332174e-16
0.6255753505687532   4.887921885605112e-16
0.6261518498563631   4.880810057555886e-16
0.6267288804171892   4.873697881297539e-16
0.627306442740827   4.866580555596471e-16
0.627884537317322   4.859441377125602e-16
0.6284631646371732   4.852277156957683e-16
0.6290423251913302   4.845113998825055e-16
0.6296220194711951   4.837917186857671e-16
0.6302022479686226   4.830721489115043e-16
0.6307830111759224   4.823497530005892e-16
0.631364309585856   4.816259354669916e-16
0.6319461436916396   4.809012842949688e-16
0.6325285139869435   4.801748388413763e-16
0.6331114209658947   4.794465050790326e-16
0.6336948651230736   4.787165089938232e-16
0.634278846953517   4.779848585328474e-16
0.6348633669527174   4.772515530975587e-16
0.6354484256166258   4.765166040271979e-16
0.6360340234416483   4.757798947822737e-16
0.6366201609246491   4.75041356996079e-16
0.6372068385629496   4.743004004260155e-16
0.6377940568543315   4.735575070485166e-16
0.6383818162970333   4.728141453232521e-16
0.6389701173897533   4.720673915958746e-16
0.6395589606316486   4.713202726917793e-16
0.6401483465223385   4.705695547014123e-16
0.6407382755619005   4.698172779892214e-16
0.6413287482508738   4.69063447037313e-16
0.6419197650902582   4.683080793404423e-16
0.642511326581517   4.675510743619585e-16
0.6431034332265737   4.667904297334931e-16
0.6436960855278152   4.660293773448479e-16
0.6442892839880905   4.652653270194279e-16
0.6448830291107142   4.644983516146109e-16
0.6454773213994623   4.63730883925739e-16
0.6460721613585764   4.629599766136306e-16
0.6466675494927615   4.621874288819334e-16
0.64726348630719   4.614124492192318e-16
0.6478599723074978   4.606361280943185e-16
0.6484570079997874   4.598558971558555e-16
0.6490545938906273   4.590748387787141e-16
0.6496527304870542   4.58290368802197e-16
0.6502514182965707   4.575045023652283e-16
0.6508506578271475   4.56715985467368e-16
0.6514504495872228   4.559251780260948e-16
0.652050794085705   4.551326578391102e-16
0.6526516918319702   4.543365894265421e-16
0.6532531433358639   4.535382849164286e-16
0.6538551491077013   4.527374117358631e-16
0.6544577096582694   4.519352318609763e-16
0.6550608254988244   4.511292920945367e-16
0.6556644971410939   4.503198341754958e-16
0.6562687250972766   4.495091181976472e-16
0.6568735098800453   4.486958241666023e-16
0.6574788520025431   4.478804823871309e-16
0.6580847519783867   4.470615196357382e-16
0.6586912103216654   4.46241215298496e-16
0.6592982275469447   4.454176093093407e-16
0.6599058041692614   4.445906673023571e-16
0.6605139407041285   4.437624694072142e-16
0.6611226376675329   4.4293026640892607e-16
0.6617318955759391   4.420952406602596e-16
0.6623417149462858   4.4125792584719887e-16
0.6629520962959883   4.404186023813047e-16
0.6635630401429383   4.395757877987795e-16
0.664174547005507   4.3872967808447556e-16
0.6647866174025409   4.3788155344753495e-16
0.6653992518533648   4.37029923097613e-16
0.6660124508777842   4.361764770738709e-16
0.6666262149960813   4.3531917441120915e-16
0.667240544729019   4.3445923827001196e-16
0.6678554405978387   4.335971547667348e-16
0.6684709031242648   4.3273166955297183e-16
0.6690869328305004   4.318621967805362e-16
0.6697035302392299   4.309898356365494e-16
0.6703206958736195   4.3011554060837233e-16
0.670938430257319   4.2923792063064916e-16
0.6715567339144591   4.283582651160887e-16
0.6721756073696541   4.274738517442279e-16
0.6727950511480008   4.265876611283437e-16
0.6734150657750821   4.2569824787506985e-16
0.6740356517769636   4.248053925632375e-16
0.6746568096801957   4.2390928558573647e-16
0.675278540011814   4.230106393934212e-16
0.6759008432993413   4.22109048606446e-16
0.6765237200707848   4.2120330396710174e-16
0.6771471708546389   4.2029541656771184e-16
0.6777711961798845   4.1938448507732814e-16
0.6783957965759917   4.184705131566874e-16
0.6790209725729166   4.1755341038532816e-16
0.6796467247011048   4.1663260586608082e-16
0.6802730534914891   4.1570885203548075e-16
0.6808999594754949   4.147821854150675e-16
0.681527443185034   4.1385242450223515e-16
0.68215550515251   4.129186188083957e-16
0.6827841459108159   4.119813729206686e-16
0.6834133659933384   4.1104239908604807e-16
0.684043165933953   4.101003174688753e-16
0.6846735462670284   4.091548695767643e-16
0.6853045075274247   4.0820667488487733e-16
0.6859360502504974   4.072544259717746e-16
0.6865681749720929   4.063001634207137e-16
0.6872008822285522   4.053423667729662e-16
0.6878341725567101   4.043816282590421e-16
0.6884680464938978   4.034177565945096e-16
0.68910250457794   4.0245009110304566e-16
0.6897375473471573   4.014796403653027e-16
0.6903731753403661   4.0050663899629316e-16
0.6910093890968813   3.9953105330673675e-16
0.6916461891565125   3.9855209608499357e-16
0.6922835760595678   3.9757064478165435e-16
0.6929215503468523   3.965855124643045e-16
0.6935601125596716   3.955985326279079e-16
0.6941992632398283   3.946082456210582e-16
0.6948390029296244   3.936142807283708e-16
0.6954793321718616   3.9261928724961573e-16
0.6961202515098437   3.916198677024531e-16
0.6967617614873729   3.906186124096812e-16
0.6974038626487533   3.896150432672744e-16
0.6980465555387902   3.8860809237787217e-16
0.6986898407027928   3.8759819605407043e-16
0.6993337186865707   3.8658702932369863e-16
0.6999781900364372   3.8557309070684995e-16
0.7006232552992087   3.8455596403313245e-16
0.7012689150222071   3.8353704112820146e-16
0.7019151697532569   3.82516073759669e-16
0.702562020040688   3.814930943877744e-16
0.7032094664333352   3.80467374328606e-16
0.7038575094805407   3.794393559892165e-16
0.7045061497321513   3.784105535363297e-16
0.705155387738521   3.7737748131629325e-16
0.7058052240505104   3.763443752479027e-16
0.7064556592194895   3.753088150240406e-16
0.7071066937973348   3.7427164338800264e-16
0.7077583283364317   3.732335782499549e-16
0.7084105633896742   3.7219318668837997e-16
0.7090633995104678   3.7115158246622466e-16
0.7097168372527258   3.7010793776216115e-16
0.710370877170873   3.6906410348276205e-16
0.7110255198198441   3.680184885410723e-16
0.7116807657550872   3.669717746285897e-16
0.7123366155325607   3.6592393406493563e-16
0.7129930697087348   3.6487493766200033e-16
0.7136501288405949   3.638252071997205e-16
0.7143077934856376   3.62775597343412e-16
0.7149660642018737   3.6172465046970375e-16
0.7156249415478279   3.6067380461526125e-16
0.7162844260825415   3.596216712397823e-16
0.7169445183655688   3.585698074660977e-16
0.7176052189569807   3.575181866408794e-16
0.7182665284173634   3.564655927585212e-16
0.7189284473078217   3.554132663404615e-16
0.7195909761899757   3.543613830517382e-16
0.7202541156259633   3.533094275780076e-16
0.7209178661784402   3.522582636251497e-16
0.7215822284105825   3.512069800051337e-16
0.7222472028860831   3.5015600432982424e-16
0.7229127901691553   3.491064051143463e-16
0.7235789908245314   3.4805731905837314e-16
0.7242458054174665   3.470086294137e-16
0.7249132345137344   3.459609810773372e-16
0.7255812786796308   3.4491422021270046e-16
0.7262499384819728   3.43868792626487e-16
0.726919214488102   3.428237735075421e-16
0.7275891072658804   3.4178046268803083e-16
0.7282596173836945   3.407378755937169e-16
0.7289307454104534   3.3969699900947955e-16
0.7296024919155929   3.386566415900827e-16
0.7302748574690714   3.3761730455446555e-16
0.7309478426413732   3.365796060486053e-16
0.7316214480035076   3.355424396476067e-16
0.7322956741270122   3.345067785081275e-16
0.7329705215839495   3.3347164551654003e-16
0.7336459909469094   3.3243747116598246e-16
0.7343220827890091   3.314042477106877e-16
0.7349987976838961   3.3037163961011184e-16
0.7356761362057441   3.29338013475833e-16
0.7363540989292571   3.2830584529327454e-16
0.7370326864296673   3.272732615051161e-16
0.7377118992827402   3.262394355549739e-16
0.7383917380647688   3.252051984746961e-16
0.7390722033525783   3.24169690645078e-16
0.7397532957235247   3.231319522798016e-16
0.7404350157554982   3.2209247553637244e-16
0.7411173640269195   3.2104899828375667e-16
0.7418003411167431   3.2000228957817596e-16
0.7424839476044559   3.189522256316012e-16
0.7431681840700815   3.178951178955744e-16
0.7438530510941755   3.168325928066423e-16
0.7445385492578297   3.157630173931385e-16
0.74522467914267   3.1468325793471686e-16
0.7459114413308611   3.135945880431681e-16
0.7465988364051016   3.1249435243412945e-16
0.747286864948628   3.1138125673207474e-16
0.7479755275452135   3.102530648863422e-16
0.7486648247791715   3.0910713727742815e-16
0.7493547572353517   3.0794283716225134e-16
0.7500453254991435   3.067573651358014e-16
0.7507365301564748   3.0554489094444744e-16
0.7514283717938162   3.043075640717251e-16
0.7521208509981758   3.0303645740672995e-16
0.7528139683571042   3.0173002687427545e-16
0.7535077244586922   3.0038852659139667e-16
0.7542021198915748   2.9899686788255874e-16
0.7548971552449275   2.975601560515094e-16
0.7555928311084693   2.960664987886335e-16
0.7562891480724618   2.9450859588518544e-16
0.7569861067277132   2.9288902309318074e-16
0.7576837076655735   2.9118114040723857e-16
0.7583819514779385   2.8939315590287145e-16
0.759080838757249   2.8750773865586693e-16
0.7597803700964936   2.8550833475588244e-16
0.7604805460892053   2.83400720084844e-16
0.7611813673294652   2.8113863462978424e-16
0.7618828344119003   2.787364555159818e-16
0.7625849479316885   2.7616191537889757e-16
0.7632877084845537   2.733878801366082e-16
0.7639911166667689   2.70422789266821e-16
0.7646951730751586   2.6718302067902493e-16
0.7653998783070953   2.636994892956328e-16
0.7661052329605028   2.599054540384477e-16
0.7668112376338548   2.557668716883347e-16
0.7675178929261792   2.5128686797734245e-16
0.7682251994370534   2.4632511122233706e-16
0.7689331577666083   2.409509660334176e-16
0.7696417685155268   2.3501328621837486e-16
0.770351032285048   2.285211311630905e-16
0.7710609496769625   2.2142347399256563e-16
0.7717715212936165   2.1357605800165973e-16
0.7724827477379101   2.0511206932098577e-16
0.773194629613302   1.9572264105887098e-16
0.7739071675238038   1.8566013916384813e-16
0.7746203620739854   1.7475323728660103e-16
0.7753342138689726   1.6311352448962633e-16
0.7760487235144511   1.5093668413133985e-16
0.7767638916166626   1.381368928434163e-16
0.7774797187824083   1.2538016921257336e-16
0.7781962056190477   1.1256313479688375e-16
0.7789133527345026   1.0054226228018952e-16
0.7796311607372522   8.964013786083368e-17
0.7803496302363377   8.04566203284307e-17
0.7810687618413608   7.348319866020357e-17
0.7817885561624868   6.920120679485221e-17
0.7825090138104414   6.754272554422968e-17
0.7832301353965138   6.905520859526578e-17
0.7839519215325558   7.305035243295852e-17
0.7846743728309852   7.953945200846545e-17
0.7853974899047821   8.797480936134403e-17
0.7861212733674919   9.789334367235433e-17
0.7868457238332252   1.0883408543101018e-16
0.7875708419166603   1.204184171287817e-16
0.7882966282330399   1.321121282054042e-16
0.7890230833981745   1.4389462383520236e-16
0.7897502080284411   1.5516500876568248e-16
0.7904780027407873   1.66180561446123e-16
0.7912064681527268   1.7644983145163188e-16
0.7919356048823432   1.8624563293772436e-16
0.7926654135482887   1.9531707094666148e-16
0.7933958947697883   2.0380626818482325e-16
0.7941270491666351   2.1166070793828643e-16
0.7948588773591941   2.189268938896798e-16
0.7955913799684015   2.2565635183136714e-16
0.7963245576157676   2.318453131029706e-16
0.7970584109233736   2.3759421927822443e-16
0.7977929405138745   2.4286833108660723e-16
0.7985281470104982   2.4778544303946683e-16
0.7992640310370498   2.5228843201277253e-16
0.8000005932179063   2.5651017186537557e-16
0.8007378341780211   2.6019262682832395e-16
0.8014757545429231   2.6365139681135643e-16
0.8022143549387194   2.668406376285185e-16
0.8029536359920921   2.6983708653362833e-16
0.8036935983303017   2.7261724614928656e-16
0.8044342425811857   2.7523262665196176e-16
0.8051755693731626   2.776737267307303e-16
0.8059175793352278   2.799731567246653e-16
0.806660273096957   2.821301133072052e-16
0.8074036512885052   2.8416735000823524e-16
0.808147714540611   2.8608731280368144e-16
0.8088924634845912   2.8790401919974057e-16
0.8096378987523456   2.896227924273108e-16
0.8103840209763554   2.9125332336596047e-16
0.8111308307896873   2.92801484955173e-16
0.8118783288259884   2.9427414285201675e-16
0.8126265157194913   2.9567600809085547e-16
0.8133753921050118   2.9701356657974757e-16
0.8141249586179531   2.982899726291749e-16
0.8148752158943018   2.9951001655126e-16
0.8156261645706312   3.006777233382954e-16
0.8163778052841005   3.0179681843303073e-16
0.8171301386724587   3.0286967501037203e-16
0.8178831653740397   3.0389980757463684e-16
0.8186368860277659   3.048896971744137e-16
0.8193913012731507   3.0584178649898943e-16
0.820146411750295   3.067572342958722e-16
0.8209022180998896   3.0763946194493026e-16
0.8216587209632155   3.0848973654817577e-16
0.8224159209821469   3.093106459974737e-16
0.823173818799147   3.1010143724317035e-16
0.8239324150572721   3.108668787475235e-16
0.82469171040017   3.116055844215188e-16
0.8254517054720845   3.1232050899535164e-16
0.8262124009178502   3.130115575701364e-16
0.826973797382897   3.136816611988839e-16
0.8277358955132489   3.1432725480176677e-16
0.8284986959555275   3.1495586893053525e-16
0.8292621993569479   3.155625024762365e-16
0.8300264063653224   3.1615285129625264e-16
0.8307913176290597   3.1672247968431452e-16
0.8315569337971681   3.1727714345749617e-16
0.8323232555192519   3.178138082301342e-16
0.8330902834455147   3.183344744509626e-16
0.8338580182267586   3.188402829645256e-16
0.8346264605143877   3.193310524275335e-16
0.8353956109604042   3.198078046855513e-16
0.8361654702174115   3.2026947290768506e-16
0.8369360389386142   3.207188276902294e-16
0.837707317777821   3.211544702446599e-16
0.8384793073894408   3.2157886831296085e-16
0.8392520084284859   3.219884797674676e-16
0.8400254215505721   3.2238809044558113e-16
0.8407995474119216   3.2277531632066384e-16
0.8415743866693587   3.2315297273714075e-16
0.8423499399803138   3.2351746314782046e-16
0.8431262080028226   3.238724603976327e-16
0.8439031913955296   3.242166150127356e-16
0.8446808908176836   3.2455022290374303e-16
0.8454593069291421   3.248751604719146e-16
0.8462384403903694   3.2518976114042215e-16
0.8470182918624416   3.2549578523022593e-16
0.8477988620070408   3.2579168618931323e-16
0.8485801514864602   3.260788747350649e-16
0.8493621609636022   3.263579010851621e-16
0.8501448911019829   3.266291892216154e-16
0.850928342565727   3.268906660746472e-16
0.8517125160195725   3.271436886287104e-16
0.8524974121288689   3.2739000897709035e-16
0.8532830315595812   3.276281084211863e-16
0.8540693749782858   3.278579956710979e-16
0.8548564430521745   3.2808033942787196e-16
0.8556442364490523   3.2829628200332036e-16
0.8564327558373431   3.2850458030801496e-16
0.8572220018860838   3.287054742439255e-16
0.8580119752649285   3.2890022840860387e-16
0.8588026766441479   3.2908715766743292e-16
0.8595941066946328   3.29266882052424e-16
0.8603862660878896   3.2944121662053853e-16
0.8611791554960448   3.296093221878001e-16
0.8619727755918429   3.2977063798946114e-16
0.8627671270486513   3.2992492350973244e-16
0.8635622105404552   3.3007401291837704e-16
0.864358026741862   3.3021597958824695e-16
0.8651545763280996   3.3035265240051803e-16
0.8659518599750208   3.3048456062323104e-16
0.8667498783590989   3.3060879901404045e-16
0.8675486321574312   3.307282037994868e-16
0.8683481220477384   3.3084178803303533e-16
0.8691483487083679   3.309500253271569e-16
0.8699493128182901   3.3105296177001325e-16
0.8707510150571018   3.311503379613656e-16
0.8715534561050251   3.3124298233528085e-16
0.8723566366429116   3.3132990220390685e-16
0.873160557352238   3.3141089076657473e-16
0.8739652189151095   3.314884332697371e-16
0.8747706220142591   3.315597252888802e-16
0.875576767333052   3.316265080831379e-16
0.87638365555548   3.3168866949363636e-16
0.8771912873661664   3.3174635917383335e-16
0.8779996634503643   3.317983877278955e-16
0.8788087844939614   3.318465019554785e-16
0.8796186511834743   3.3188935195384657e-16
0.8804292642060525   3.3192815389047294e-16
0.8812406242494816   3.3196254513135807e-16
0.8820527320021779   3.319926303425959e-16
0.8828655881531934   3.320177425737161e-16
0.8836791933922141   3.320388504224727e-16
0.8844935484095642   3.3205596665230274e-16
0.8853086538962014   3.3206888534977106e-16
0.886124510543721   3.3207716536313795e-16
0.8869411190443549   3.32081613500937e-16
0.8877584800909755   3.3208215368943394e-16
0.8885765943770909   3.3207853386573145e-16
0.8893954625968495   3.320711670962724e-16
0.8902150854450384   3.320937507351005e-16
0.8910354636170874   3.321070359917643e-16
0.8918565978090649   3.3206082934001546e-16
0.8926784887176814   3.320126631318862e-16
0.8935011370402884   3.3196121220372076e-16
0.8943245434748833   3.319063853533667e-16
0.8951487087201035   3.318478551424883e-16
0.8959736334752314   3.317868633470895e-16
0.8967993184401928   3.3172375249403326e-16
0.8976257643155612   3.3165692086031234e-16
0.8984529718025532   3.3158744995404776e-16
0.8992809416030323   3.3151466626040324e-16
0.9001096744195081   3.3143832894306604e-16
0.90093917095514   3.313598546141059e-16
0.901769431913733   3.312784929562736e-16
0.9026004579997415   3.3119473302718416e-16
0.9034322499182681   3.3110741343626907e-16
0.9042648083750681   3.3101691531830184e-16
0.905098134076544   3.309239655531009e-16
0.905932227729751   3.3082875788791073e-16
0.9067670900423941   3.3073034852581385e-16
0.9076027217228338   3.30629572806541e-16
0.9084391234800805   3.305263965646419e-16
0.9092762960237988   3.304193668740296e-16
0.9101142400643065   3.303098307930765e-16
0.9109529563125788   3.301987388008998e-16
0.911792445480243   3.300842777870259e-16
0.9126327082795835   3.299674825632278e-16
0.9134737454235401   3.2984839524255113e-16
0.9143155576257123   3.29726737161354e-16
0.9151581456003544   3.2960242900482577e-16
0.91600151006238   3.294753875414666e-16
0.9168456517273604   3.2934596214071123e-16
0.9176905713115295   3.292148723179677e-16
0.918536269531778   3.290805571032736e-16
0.9193827471056584   3.289440494206349e-16
0.9202300047513835   3.288052487656957e-16
0.9210780431878308   3.2866413989635314e-16
0.9219268631345375   3.2852056340181347e-16
0.9227764653117049   3.283745397008505e-16
0.9236268504401965   3.282261827757975e-16
0.9244780192415439   3.2807683613365137e-16
0.92532997243794   3.279239480600089e-16
0.9261827107522445   3.2776877839752637e-16
0.9270362349079823   3.2761260189323303e-16
0.9278905456293479   3.2745250976365404e-16
0.9287456436412002   3.2729132623223736e-16
0.9296015296690673   3.2712815499783333e-16
0.9304582044391447   3.2696327748471936e-16
0.9313156686783002   3.267947716795561e-16
0.9321739231140683   3.26625334121187e-16
0.9330329684746553   3.264536225479848e-16
0.9338928054889374   3.262791851935552e-16
0.9347534348864652   3.261037699841986e-16
0.9356148573974592   3.2592605703627746e-16
0.9364770737528133   3.257459063484202e-16
0.9373400846840944   3.25564415271682e-16
0.9382038909235461   3.253806069336342e-16
0.9390684932040841   3.2519466271264536e-16
0.9399338922593007   3.2500726980127344e-16
0.9408000888234628   3.248182348187964e-16
0.9416670836315172   3.246271440833172e-16
0.942534877419085   3.2443369942447943e-16
0.9434034709224653   3.2423891072195053e-16
0.9442728648786386   3.240417642970814e-16
0.9451430600252614   3.2384263404185563e-16
0.9460140571006712   3.236431539248083e-16
0.9468858568438852   3.2343999041468804e-16
0.9477584599946038   3.2323653768946367e-16
0.9486318672932071   3.230309895142151e-16
0.9495060794807578   3.228231823133546e-16
0.9503810972990007   3.226140136790452e-16
0.9512569214903671   3.224037515764236e-16
0.9521335527979699   3.2219123125818255e-16
0.953010991965607   3.2197638516152185e-16
0.9538892397377616   3.2176110067372703e-16
0.9547682968596055   3.215437663675715e-16
0.9556481640769944   3.213248658884834e-16
0.956528842136472   3.211044748427642e-16
0.9574103317852697   3.208825036049654e-16
0.9582926337713096   3.206590434729209e-16
0.9591757488432008   3.2043396569366905e-16
0.9600596777502428   3.2020764271379083e-16
0.960944421242425   3.1997977082291624e-16
0.9618299800704306   3.1975037516416013e-16
0.9627163549856318   3.1951968840025464e-16
0.9636035467400942   3.192875687505658e-16
0.9644915560865753   3.190541195809624e-16
0.9653803837785297   3.188192611208037e-16
0.966270030570103   3.1858305994896123e-16
0.9671604972161367   3.1834571360486923e-16
0.9680517844721673   3.1810699140677092e-16
0.9689438930944303   3.1786709566773916e-16
0.9698368238398551   3.1762574668743114e-16
0.9707305774660699   3.1738334803828583e-16
0.9716251547313999   3.171396839074708e-16
0.972520556394872   3.168949279243126e-16
0.9734167832162097   3.166489838815937e-16
0.974313835955838   3.1640172968860974e-16
0.9752117153748809   3.161535350074375e-16
0.9761104222351675   3.159042717897748e-16
0.9770099572992257   3.156539073980605e-16
0.977910321330287   3.1540244265576494e-16
0.9788115150922854   3.151499429524367e-16
0.9797135393498619   3.1489640502726116e-16
0.9806163948683592   3.1464192229895946e-16
0.981520082413826   3.143865681049173e-16
0.9824246027530166   3.1413014230548624e-16
0.9833299566533941   3.1387284610678076e-16
0.9842361448831263   3.1361459054924524e-16
0.9851431682110899   3.133554116902034e-16
0.9860510274068693   3.1309548884243445e-16
0.9869597232407606   3.128347149160876e-16
0.9878692564837673   3.1110000859710965e-16
0.9887796279076042   3.1082972957417216e-16
0.9896908382846961   3.1055866685786363e-16
0.990602888388183   3.1028694533640324e-16
0.991515778991914   3.1001456952251107e-16
0.9924295108704527   3.0974146749195343e-16
0.9933440847990753   3.094677471424008e-16
0.9942595015537754   3.091933703732238e-16
0.995175761911259   3.0891847535255947e-16
0.9960928666489485   3.0864282581791076e-16
0.9970108165449819   3.0836688629015784e-16
0.9979296123782174   3.080901555544509e-16
0.998849254928228   3.078130035561846e-16
0.9997697449753056   3.075353254736051e-16
1.000691083300461   3.072190450667143e-16
1.0016132706854268   3.0691981760444425e-16
1.0025363079126541   3.0662548420276745e-16
1.003460195765315   3.0633304612470304e-16
1.004384935027303   3.060415533854562e-16
1.005310526483237   3.057467831048372e-16
1.006236970918455   3.0544577877135795e-16
1.0071642691190217   3.051468488707735e-16
1.0080924218717229   3.048489452943686e-16
1.0090214299640743   3.045521422917456e-16
1.0099512941843132   3.0425560130327867e-16
1.0108820153214038   3.0395760299188426e-16
1.0118135941650404   3.03659854797729e-16
1.0127460315056416   3.0336256187825617e-16
1.013679328134356   3.0306551151228647e-16
1.0146134848430597   3.0276878033719017e-16
1.0155485024243625   3.0247079976876304e-16
1.0164843816716003   3.0217209887458244e-16
1.017421123378842   3.0187367463631677e-16
1.018358728340887   3.015752825769765e-16
1.0192971973532705   3.012771766037068e-16
1.0202365312122574   3.009786019953553e-16
1.0211767307148476   3.0067839755890127e-16
1.022117796658774   3.0037845162853455e-16
1.0230597298425086   3.000785953600013e-16
1.0240025310652554   2.9977887926919503e-16
1.0249462011269561   2.9947910363539044e-16
1.025890740828289   2.99177525575871e-16
1.0268361509706727   2.988757549525268e-16
1.0277824323562619   2.985743148463366e-16
1.0287295857879508   2.982729708615675e-16
1.0296776120693731   2.9797178376505774e-16
1.0306265120049063   2.976691731184089e-16
1.0315762863996651   2.973658882288722e-16
1.0325269360595086   2.9706294015015026e-16
1.0334784617910362   2.9675997926693007e-16
1.0344308644015945   2.964572265648442e-16
1.0353841446992706   2.961538342080929e-16
1.036338303492898   2.958489362573103e-16
1.0372933415920533   2.955444629706968e-16
1.0382492598070638   2.952401840133766e-16
1.0392060589489993   2.949360120375834e-16
1.0401637398296784   2.9463176689849326e-16
1.041122303261667   2.9432557815305224e-16
1.0420817500582829   2.940195538912193e-16
1.0430420810335899   2.937140012308983e-16
1.0440032970024036   2.934085683672109e-16
1.044965398780289   2.9310346531700596e-16
1.045928387183566   2.927959821416279e-16
1.0468922630293038   2.924888156160169e-16
1.0478570271353254   2.9218197421772883e-16
1.0488226803202063   2.918753770651542e-16
1.04978922340328   2.915689937045624e-16
1.0507566572046314   2.912608285151832e-16
1.0517249825451023   2.9095251166483884e-16
1.05269420024629   2.906445263141667e-16
1.0536643111305524   2.90336777677556e-16
1.0546353160210014   2.900295382000196e-16
1.055607215741509   2.897207518116985e-16
1.0565800111167052   2.89411249438233e-16
1.0575537029719833   2.8910280009507016e-16
1.0585282921334938   2.88793420755081e-16
1.0595037794281497   2.884851057546675e-16
1.0604801656836251   2.881757752080901e-16
1.06145745172836   2.8786615577654283e-16
1.0624356383915543   2.8755591511687677e-16
1.0634147265031737   2.8724660326770795e-16
1.0643947168939472   2.869376338195292e-16
1.0653756103953729   2.866276904844561e-16
1.0663574078397116   2.8631631498933826e-16
1.0673401100599926   2.860061719853715e-16
1.0683237178900116   2.8569536829603735e-16
1.0693082321643357   2.8538560224294843e-16
1.070293653718298   2.850752378085207e-16
1.0712799833880027   2.847641808799505e-16
1.072267222010323   2.844524146101986e-16
1.0732553704229073   2.8414182614896293e-16
1.0742444294641718   2.838315646740613e-16
1.0752343999733067   2.8352070277095863e-16
1.076225282790275   2.832084414813857e-16
1.0772170787558164   2.828966100543021e-16
1.0782097887114424   2.825848267630399e-16
1.079203413499441   2.8227394423368847e-16
1.0801979539628754   2.819637271708053e-16
1.081193410945589   2.8165043196514025e-16
1.0821897852921993   2.8133845241878385e-16
1.0831870778481028   2.8102609719935275e-16
1.0841852894594775   2.807146649919448e-16
1.0851844209732784   2.804040270235334e-16
1.0861844732372425   2.8009024740589914e-16
1.087185447099886   2.7977770048733036e-16
1.088187343410511   2.7946564379022414e-16
1.089190163019199   2.7915378078431635e-16
1.0901939067768154   2.7884261408137e-16
1.0911985755350093   2.785287677274595e-16
1.0922041701462177   2.7821589753112886e-16
1.09321069146366   2.7790340035410686e-16
1.0942181403413422   2.7759174401646146e-16
1.0952265176340572   2.772795892054825e-16
1.0962358241973886   2.7696602549600627e-16
1.097246060887705   2.7665278495782563e-16
1.0982572285621655   2.763399391315611e-16
1.0992693280787178   2.760280162721283e-16
1.1002823602961038   2.7571546267688475e-16
1.101296326073853   2.754023030768968e-16
1.1023112262722892   2.7508891156961104e-16
1.1033270617525262   2.747758564999164e-16
1.1043438333764763   2.744641659023235e-16
1.105361542006842   2.741518479587188e-16
1.1063801885071218   2.738379167252803e-16
1.1073997737416093   2.7352471157848966e-16
1.1084202985753975   2.732117929220285e-16
1.1094417638743739   2.729000923023216e-16
1.1104641705052245   2.7258759579080682e-16
1.1114875193354328   2.7227429091595345e-16
1.1125118112332857   2.7196121347030854e-16
1.1135370470678663   2.7164959716436533e-16
1.1145632277090602   2.7133745635789344e-16
1.1155903540275531   2.7102522953097536e-16
1.116618426894837   2.7071244871288993e-16
1.1176474471832027   2.703999852640678e-16
1.118677415765747   2.700888873642175e-16
1.11970833351637   2.6977761666391103e-16
1.1207402013097798   2.694654339410448e-16
1.1217730200214877   2.691534071370066e-16
1.1228067905278134   2.6884186941802226e-16
1.1238415137058821   2.6853121450497033e-16
1.1248771904336314   2.682206486231918e-16
1.1259138215898046   2.6790930783005307e-16
1.1269514080539553   2.6759835541043545e-16
1.1279899507064473   2.672867667077859e-16
1.1290294504284586   2.6697750041674886e-16
1.1300699081019756   2.6666736438921713e-16
1.1311113246097997   2.663562671408497e-16
1.1321537008355433   2.660457798185208e-16
1.1331970376636378   2.6573616507534303e-16
1.1342413359793253   2.654269739598948e-16
1.1352865966686654   2.6511785992001054e-16
1.1363328206185328   2.6480800155456014e-16
1.137380008716623   2.6449847544710283e-16
1.1384281618514462   2.6418927333661395e-16
1.1394772809123324   2.6388149362013273e-16
1.1405273667894302   2.6357232789382893e-16
1.141578420373712   2.632638568684007e-16
1.1426304425569673   2.6295511711552535e-16
1.1436834342318096   2.6264740386528365e-16
1.1447373962916727   2.623396977372715e-16
1.145792329630818   2.620313183965559e-16
1.146848235144327   2.6172357274463606e-16
1.1479051137281076   2.614161227983137e-16
1.1489629662788923   2.6110898267033376e-16
1.150021793694243   2.608022557442167e-16
1.1510815968725454   2.604957689145041e-16
1.1521423767130146   2.601885327919504e-16
1.1532041341156927   2.598816939953623e-16
1.1542668699814553   2.5957567870909116e-16
1.155330585212004   2.592696661668195e-16
1.1563952807098732   2.589629224059238e-16
1.1574609573784276   2.5865738835553215e-16
1.1585276161218678   2.583511805176942e-16
1.1595952578452242   2.58046351953727e-16
1.1606638834543626   2.5774031516812886e-16
1.161733493855982   2.574346927649963e-16
1.162804089957621   2.5712947723108564e-16
1.163875672667651   2.5682471923469684e-16
1.1649482428952798   2.565198560901969e-16
1.1660218015505572   2.5621429933841573e-16
1.1670963495443685   2.5590996863337466e-16
1.1681718877884386   2.5560503812929725e-16
1.1692484171953323   2.5530038506513206e-16
1.1703259386784584   2.5499583518271307e-16
1.1714044531520642   2.546920821522216e-16
1.1724839615312403   2.543875693351178e-16
1.17356446473192   2.5408336016588923e-16
1.1746459636708841   2.537794403322438e-16
1.1757284592657542   2.5347544152840347e-16
1.1768119524349991   2.531706834279105e-16
1.177896444097933   2.528670998811321e-16
1.1789819351747204   2.5256372440066926e-16
1.1800684265863706   2.522596466334513e-16
1.1811559192547427   2.519555357945827e-16
1.182244414102544   2.5165207507656297e-16
1.1833339120533364   2.5134880484914805e-16
1.184424414031528   2.510453026817717e-16
1.1855159209623816   2.5074111236387954e-16
1.1866084337720098   2.5043774212385667e-16
1.1877019533873836   2.5013465980154896e-16
1.1887964807363243   2.4983080341032933e-16
1.1898920167475089   2.4952722710244806e-16
1.1909885623504695   2.492246951512124e-16
1.1920861184755984   2.4892057419498505e-16
1.1931846860541417   2.4861755816241664e-16
1.194284266018205   2.483142161409995e-16
1.1953848593007508   2.4801065219139075e-16
1.1964864668356063   2.47707268483716e-16
1.1975890895574548   2.474043193813024e-16
1.1986927284018425   2.4710120707207524e-16
1.1997973843051764   2.4679763658562493e-16
1.2009030582047302   2.4649432229529774e-16
1.2020097510386374   2.4619143742532233e-16
1.2031174637458975   2.458883490394438e-16
1.2042261972663744   2.4558508064438883e-16
1.2053359525408012   2.452819257623145e-16
1.2064467305107747   2.449792504880546e-16
1.2075585321187605   2.446758141819517e-16
1.2086713583080915   2.4437322914773797e-16
1.2097852100229736   2.440700611598952e-16
1.2109000882084793   2.4376756753500537e-16
1.2120159938105528   2.4346542424494265e-16
1.2131329277760095   2.431632788239626e-16
1.2142508910525402   2.4286102438450906e-16
1.2153698845887064   2.425590945655632e-16
1.2164899093339443   2.4225743525928446e-16
1.2176109662385635   2.4195605543117196e-16
1.218733056253754   2.4165476176750924e-16
1.2198561803315775   2.413530646593373e-16
1.2209803394249756   2.410527604175524e-16
1.222105534487766   2.40752678542494e-16
1.223231766474649   2.4045196987043273e-16
1.2243590363412018   2.4015221819264903e-16
1.2254873450438826   2.3985242505245067e-16
1.2266166935400302   2.3955314078484377e-16
1.2277470827878691   2.39254221062995e-16
1.228878513746504   2.3895634629091004e-16
1.230010987375923   2.3865766391324475e-16
1.2311445046369995   2.383603595553737e-16
1.232279066491495   2.380632672761079e-16
1.233414673902054   2.3776627716617166e-16
1.2345513278322087   2.374686240400574e-16
1.2356890292463791   2.371727344132395e-16
1.236827779109877   2.368775840374301e-16
1.2379675783889   2.365825750145388e-16
1.2391084280505376   2.3628777933362483e-16
1.240250329062769   2.359933823237771e-16
1.24139328239447   2.3570020101073033e-16
1.2425372890154045   2.3540708075206685e-16
1.2436823498962315   2.351141582729212e-16
1.2448284660085038   2.348214006909375e-16
1.245975638324673   2.345306512625968e-16
1.247123867818083   2.3423971714907423e-16
1.2482731554629747   2.3394967611563223e-16
1.2494235022344908   2.336589698858205e-16
1.2505749091086686   2.3336977099172016e-16
1.2517273770624464   2.3308157681946567e-16
1.2528809070736613   2.327934592377116e-16
1.2540355001210555   2.325055931372276e-16
1.2551911571842693   2.322188352860095e-16
1.2563478792438467   2.3193332990362486e-16
1.2575056672812348   2.316475611680556e-16
1.2586645222787884   2.313627491836794e-16
1.2598244452197638   2.3107866099439693e-16
1.260985437088325   2.30795798448565e-16
1.2621474988695411   2.3051321723577196e-16
1.2633106315493938   2.3023163654567606e-16
1.2644748361147686   2.299502087836694e-16
1.2656401135534623   2.2966982558613063e-16
1.2668064648541806   2.293903054327936e-16
1.267973891006544   2.2911168432778187e-16
1.2691423930010814   2.288331939315351e-16
1.270311971829236   2.2855619099211783e-16
1.2714826284833625   2.2828041412806396e-16
1.2726543639567351   2.2800505255049216e-16
1.2738271792435387   2.2773020097811077e-16
1.2750010753388759   2.274557375498163e-16
1.2761760532387652   2.2718400724234017e-16
1.2773521139401465   2.269123838977312e-16
1.2785292584408752   2.2664133803914736e-16
1.2797074877397265   2.263703798874999e-16
1.2808868028363962   2.26101618649205e-16
1.2820672047315038   2.2583427998979513e-16
1.2832486944265877   2.2556701289606155e-16
1.284431272924111   2.252999137096069e-16
1.2856149412274582   2.250348350127879e-16
1.2867997003409437   2.2477126336744365e-16
1.2879855512698024   2.24508555598975e-16
1.2891724950201973   2.242458733692595e-16
1.2903605325992176   2.239847460974327e-16
1.291549665014884   2.237250128046161e-16
1.2927398932761427   2.2346652220800106e-16
1.2939312183928706   2.23208878390645e-16
1.2951236413758742   2.229516471885034e-16
1.2963171632368955   2.226969417248658e-16
1.2975117849886044   2.224430916098451e-16
1.298707507644606   2.221898446861853e-16
1.299904332219438   2.2193721327684497e-16
1.3011022597285766   2.2168698567222075e-16
1.3023012911884304   2.2143783910892592e-16
1.3035014276163457   2.2118947972356292e-16
1.304702670030605   2.20941647106794e-16
1.3059050194504334   2.206961750460443e-16
1.3071084768959909   2.204520378301271e-16
1.3083130433883792   2.2020848749135715e-16
1.3095187199496399   2.1996572405583192e-16
1.31072550760276   2.19724120404623e-16
1.3119334073716653   2.1948495561498054e-16
1.3131424202812272   2.1924543685350193e-16
1.3143525473572593   2.1900687865488167e-16
1.3155637896265249   2.1877016284776235e-16
1.3167761481167297   2.1853482966629455e-16
1.3179896238565278   2.183003675238435e-16
1.3192042178755197   2.1806635893887433e-16
1.3204199312042586   2.178339043929339e-16
1.3216367648742442   2.176025751421767e-16
1.322854719917927   2.1737234954333569e-16
1.3240737973687084   2.1714282826406444e-16
1.3252939982609462   2.1691407104454565e-16
1.3265153236299465   2.1668667857828128e-16
1.3277377745119718   2.164605191905704e-16
1.328961351944238   2.1623513045101703e-16
1.3301860569649206   2.1600986252411933e-16
1.3314118906131478   2.1578711118637492e-16
1.332638853929007   2.155649143574322e-16
1.333866947953543   2.1534294032854765e-16
1.335096173728763   2.15122019103999e-16
1.3363265322976314   2.149026134859071e-16
1.3375580247040737   2.146839382449574e-16
1.3387906519929806   2.144660957303457e-16
1.3400244152102028   2.1424842942809349e-16
1.3412593154025554   2.140323816990195e-16
1.342495353617817   2.1381738146724908e-16
1.343732530904736   2.1360270455785156e-16
1.3449708483130234   2.133882598761561e-16
1.3462103068933582   2.131759372480179e-16
1.3474509076973868   2.1296365090902614e-16
1.348692651777729   2.1275261530624047e-16
1.34993554018797   2.1254108969775435e-16
1.351179573982668   2.1233204311801318e-16
1.3524247542173509   2.1212338301109829e-16
1.3536710819485238   2.1191479758181133e-16
1.3549185582336618   2.1170638126432979e-16
1.3561671841312148   2.1150022915514892e-16
1.3574169607006077   2.1129426353445667e-16
1.3586678890022452   2.110884207096796e-16
1.3599199700975058   2.108827626936456e-16
1.3611732050487466   2.1067873296326092e-16
1.362427594919303   2.1047521193733532e-16
1.3636831407734944   2.1027201051989108e-16
1.3649398436766165   2.100690387302615e-16
1.3661977046949485   2.0986769649900938e-16
1.3674567248957505   2.0966654341436118e-16
1.3687169053472708   2.0946573063831956e-16
1.3699782471187372   2.0926495070792914e-16
1.371240751280365   2.090655108964109e-16
1.3725044189033542   2.0886635455495167e-16
1.3737692510598956   2.0866794739983288e-16
1.3750352488231645   2.0846901957359015e-16
1.3763024132673265   2.0827162612495283e-16
1.3775707454675354   2.0807456134900763e-16
1.3788402464999405   2.0787746367679378e-16
1.380110917441678   2.0768067599303083e-16
1.3813827593708783   2.0748492101399823e-16
1.3826557733666645   2.0728916744772432e-16
1.3839299605091577   2.0709427954344263e-16
1.3852053218794707   2.068989852572443e-16
1.3864818585597136   2.0670485836206246e-16
1.3877595716329925   2.0651080535090545e-16
1.3890384621834155   2.0631693737895652e-16
1.3903185312960864   2.0612308406206975e-16
1.3915997800571096   2.0593052694353178e-16
1.3928822095535893   2.0573777467383794e-16
1.3941658208736356   2.0554530993529017e-16
1.3954506151063573   2.0535271648233956e-16
1.396736593341868   2.0516195013931923e-16
1.398023756671285   2.0497048511762953e-16
1.3993121061867346   2.0477928162935155e-16
1.4006016429813462   2.0458864284256392e-16
1.4018923681492572   2.043984784318268e-16
1.4031842827856122   2.0420806556505448e-16
1.4044773879865695   2.040177237237214e-16
1.4057716848492932   2.0382834948828943e-16
1.4070671744719594   2.0363974686713201e-16
1.4083638579537554   2.034505562493639e-16
1.4096617363948858   2.0326097296474557e-16
1.410960810896564   2.030726218797821e-16
1.4122610825610211   2.0288440346199428e-16
1.4135625524915008   2.0269640802331706e-16
1.414865221792269   2.025080419493718e-16
1.4161690915686045   2.0232033200562747e-16
1.4174741629268062   2.0213313914971017e-16
1.4187804369741912   2.019450427885504e-16
1.420087914819101   2.0175735503624242e-16
1.4213965975708944   2.0157041189266973e-16
1.4227064863399541   2.013835943387861e-16
1.4240175822376844   2.0119624665127553e-16
1.4253298863765183   2.0100893982346314e-16
1.4266433998699095   2.0082264951747648e-16
1.4279581238323393   2.0063579753373496e-16
1.4292740593793147   2.0044866736147945e-16
1.430591207627375   2.0026169949781592e-16
1.431909569694084   2.0007546703482304e-16
1.4332291466980354   1.9988867265383598e-16
1.4345499397588581   1.9970204722183855e-16
1.4358719499972088   1.9951538976632146e-16
1.4371951785347776   1.9932857154993062e-16
1.4385196264942877   1.9914193743962131e-16
1.4398452949995009   1.9895421957239668e-16
1.44117218517521   1.9876729025344764e-16
1.4425002981472463   1.9858010373829488e-16
1.443829635042477   1.983924984816707e-16
1.445160196988812   1.982045598894449e-16
1.446491985115196   1.9801689312584502e-16
1.4478250005516162   1.978287375187968e-16
1.4491592444290995   1.9764013938798509e-16
1.4504947178797187   1.974512242375387e-16
1.4518314220365869   1.9726231795620876e-16
1.4531693580338614   1.970728207895934e-16
1.4545085270067442   1.9688273148227078e-16
1.4558489300914874   1.966924337902692e-16
1.4571905684253863   1.9650171113684086e-16
1.4585334431467851   1.9631020115081824e-16
1.4598775553950758   1.961184469555301e-16
1.461222906310705   1.9592641325517106e-16
1.462569497035166   1.9573358520067354e-16
1.4639173287110048   1.9553984060274436e-16
1.4652664024818196   1.953458016888695e-16
1.4666167194922666   1.9515105361991436e-16
1.4679682808880523   1.9495531063511958e-16
1.4693210878159408   1.9475911002012628e-16
1.4706751414237513   1.9456216676895632e-16
1.4720304428603654   1.943643375855238e-16
1.4733869932757189   1.9416559841689723e-16
1.4747447938208087   1.9396604824706865e-16
1.476103845647691   1.937656714931031e-16
1.4774641499094883   1.9356420838035833e-16
1.4788257077603808   1.9336179112603872e-16
1.4801885203556147   1.9304735459443222e-16
1.4815525888514984   1.9255381067928642e-16
1.482917914405411   1.922139957868263e-16
1.4842844981757932   1.9187623173025247e-16
1.4856523413221554   1.915391253987028e-16
1.4870214450050745   1.9120339378582948e-16
1.4883918103862017   1.908715971685157e-16
1.489763438628254   1.905434412066088e-16
1.4911363308950216   1.90219290865844e-16
1.4925104883513656   1.8990004029159892e-16
1.4938859121632253   1.89585865570103e-16
1.4952626034976095   1.8927705588852449e-16
1.4966405635226046   1.8897473231644634e-16
1.498019793407371   1.8867864862432784e-16
1.499400294322152   1.8838998405062936e-16
1.5007820674382648   1.8811641366474738e-16
1.5021651139281067   1.878570380418562e-16
1.5035494349651544   1.8760556181555281e-16
1.5049350317239707   1.8736034194880076e-16
1.5063219053801964   1.8712216059247315e-16
1.5077100571105566   1.868900551489615e-16
1.5090994880928597   1.8666420229529024e-16
1.510490199506004   1.8644146882677218e-16
1.5118821925299701   1.8621990017064727e-16
1.5132754683458267   1.86003326084057e-16
1.51467002813573   1.8579140009297862e-16
1.5160658730829297   1.8556846356300344e-16
1.5174630043717618   1.8534542183728464e-16
1.5188614231876554   1.8512628719853265e-16
1.5202611307171299   1.8491065079144564e-16
1.521662128147803   1.8469811667277878e-16
1.5230644166683824   1.844889786712615e-16
1.5244679974686726   1.842827457891316e-16
1.525872871739573   1.8407909843429147e-16
1.5272790406730856   1.8387730379908412e-16
1.5286865054623056   1.8367759593240992e-16
1.5300952673014292   1.8347985538983965e-16
1.5315053273857522   1.8328288195695147e-16
1.5329166869116764   1.8308736298639217e-16
1.5343293470767008   1.8289281424847175e-16
1.535743309079429   1.82698284218671e-16
1.537158574119573   1.8250422401285939e-16
1.538575143397946   1.823099517580239e-16
1.5399930181164698   1.82115679582417e-16
1.5414121994781715   1.8192032068784238e-16
1.5428326886871921   1.8172416546879308e-16
1.5442544869487773   1.8152652073341525e-16
1.5456775954692854   1.8132788925758278e-16
1.5471020154561843   1.8112718866351034e-16
1.54852774811806   1.8092478749022233e-16
1.5499547946646068   1.8071973127104238e-16
1.5513831563066363   1.8051225965390822e-16
1.5528128342560736   1.803022516320024e-16
1.5542438297259655   1.8009021873737233e-16
1.5556761439304723   1.7987565086342386e-16
1.5571097780848744   1.796592520838235e-16
1.5585447334055709   1.7944105506375058e-16
1.5599810111100862   1.7922124812185679e-16
1.5614186124170624   1.7899972640077156e-16
1.562857538546266   1.787771473763857e-16
1.564297790718586   1.7855289238407106e-16
1.5657393701560414   1.783283696265282e-16
1.5671822780817724   1.781021928953589e-16
1.5686265157200479   1.7787580282446982e-16
1.5700720842962637   1.7764909029331382e-16
1.5715189850369498   1.7742159207059574e-16
1.572967219169761   1.7719394424915083e-16
1.5744167879234858   1.7696658408834303e-16
1.575867692528043   1.7673899360650082e-16
1.5773199342144901   1.7651150845096567e-16
1.5787735142150139   1.7628486206124702e-16
1.5802284337629384   1.7605907489691833e-16
1.5816846940927225   1.7583342340313376e-16
1.5831422964399675   1.756090303970205e-16
1.5846012420414093   1.7538580634945494e-16
1.5860615321349238   1.7516391755521157e-16
1.587523167959527   1.7494315307817017e-16
1.5889861507553815   1.7472429960964335e-16
1.5904504817637874   1.7450742168878916e-16
1.5919161622271911   1.7429229359653594e-16
1.5933831933891816   1.74078528894362e-16
1.594851576494499   1.7386727745951716e-16
1.5963213127890261   1.7365844608109875e-16
1.597792403519795   1.73452053177656e-16
1.5992648499349855   1.7324777760691956e-16
1.6007386532839325   1.7304647595103578e-16
1.6022138148171172   1.728475770131306e-16
1.6036903357861754   1.7265173396758153e-16
1.605168217443894   1.724584005840114e-16
1.6066474610442194   1.7226794661477694e-16
1.6081280678422494   1.720802198703433e-16
1.6096100390942392   1.7189559310534733e-16
1.6110933760576005   1.717137846668294e-16
1.6125780799909086   1.7153494064265813e-16
1.6140641521538939   1.713587842241445e-16
1.6155515938074487   1.7118579374860337e-16
1.6170404062136265   1.710160683942299e-16
1.6185305906356484   1.7084887756592674e-16
1.6200221483378945   1.7068494319114568e-16
1.621515080585912   1.7052406335123568e-16
1.6230093886464123   1.703667519062578e-16
1.6245050737872797   1.702117822539785e-16
1.6260021372775617   1.7006060341640451e-16
1.627500580387477   1.699127190273137e-16
1.6290004043884128   1.6976761979180968e-16
1.6305016105529333   1.6962575145487293e-16
1.6320042001547708   1.6948755492184357e-16
1.6335081744688322   1.6935265447960833e-16
1.6350135347711983   1.6922082531602435e-16
1.6365202823391307   1.690377469342253e-16
1.6380284184510632   1.688354866756324e-16
1.6395379443866087   1.6863571883133333e-16
1.6410488614265588   1.684377760453445e-16
1.6425611708528896   1.6824232756954267e-16
1.6440748739487536   1.680498973815383e-16
1.6455899719984879   1.6785968834569997e-16
1.6471064662876114   1.6767315973397016e-16
1.6486243581028324   1.674898533952338e-16
1.65014364873204   1.6731003790928157e-16
1.6516643394643105   1.671341487975706e-16
1.653186431589913   1.6696177544848503e-16
1.6547099264003002   1.6679272194988072e-16
1.6562348251881174   1.6662718769667007e-16
1.657761129247199   1.6646444029729807e-16
1.6592888398725765   1.6630446700861067e-16
1.6608179583604705   1.6614758865383245e-16
1.662348486008297   1.659933013402876e-16
1.663880424114667   1.658411832748e-16
1.665413773979392   1.656915548771142e-16
1.6669485369034773   1.6554367944259624e-16
1.6684847141891286   1.6539735055628488e-16
1.6700223071397498   1.6525305993631296e-16
1.6715613170599506   1.6511051284692541e-16
1.673101745255539   1.6496859598120736e-16
1.6746435930335268   1.6482790162901472e-16
1.6761868617021298   1.646881535174863e-16
1.6777315525707737   1.6454906520918849e-16
1.6792776669500855   1.6441059846866677e-16
1.680825206151903   1.6427191214524615e-16
1.6823741714892697   1.6413357851566947e-16
1.6839245642764453   1.6399526369124704e-16
1.6854763858288953   1.6385645394127238e-16
1.6870296374632987   1.637165971498014e-16
1.6885843204975468   1.6357634965630065e-16
1.6901404362507504   1.634348506637166e-16
1.6916979860432306   1.6329201347520735e-16
1.6932569711965268   1.6314752688412544e-16
1.6948173930333952   1.6300107591968246e-16
1.6963792528778154   1.6285248318652217e-16
1.6979425520549825   1.6270144720843035e-16
1.6995072918913139   1.6254767546260568e-16
1.7010734737144486   1.623908157457046e-16
1.7026410988532537   1.6223104561867258e-16
1.7042101686378153   1.6206821654729083e-16
1.7057806843994479   1.6190289322277862e-16
1.7073526474706904   1.6173496449354843e-16
1.7089260591853155   1.6156470021189627e-16
1.7105009208783193   1.6140875250238743e-16
1.71207723388593   1.612597002868384e-16
1.7136549995456059   1.6110968702485557e-16
1.7152342191960426   1.6095889111240765e-16
1.7168148941771642   1.6080717057997526e-16
1.7183970258301318   1.6065490414787907e-16
1.7199806154973398   1.6050216636313318e-16
1.7215656645224258   1.6034888643250488e-16
1.72315217425026   1.6019556420725566e-16
1.7247401460269538   1.600419508420221e-16
1.7263295811998574   1.5988831835744243e-16
1.7279204811175677   1.5973474233445492e-16
1.7295128471299193   1.5958140030295182e-16
1.7311066805879924   1.594284432959849e-16
1.7327019828441108   1.5927589845801474e-16
1.7342987552518496   1.5912392207225067e-16
1.735896999166026   1.589725723555717e-16
1.7374967159427073   1.5882212582499362e-16
1.7390979069392092   1.5867257533978956e-16
1.7407005735141032   1.58524093612023e-16
1.7423047170272075   1.5837666693408766e-16
1.7439103388395953   1.5823064280938872e-16
1.7455174403135925   1.5808621772298547e-16
1.7471260228127852   1.5794339620394156e-16
1.7487360877020113   1.5780200410192952e-16
1.750347636347368   1.5766229271815807e-16
1.7519606701162103   1.5752489491992214e-16
1.7535751903771573   1.5738905087567835e-16
1.7551911985000852   1.5725490491789153e-16
1.756808695856134   1.5712305117266034e-16
1.7584276838177055   1.5699304689503197e-16
1.7600481637584713   1.568646822249322e-16
1.761670137053364   1.5673789322494118e-16
1.7632936050785848   1.5661325745611513e-16
1.7649185692116016   1.5649041054438384e-16
1.7665450308311565   1.5636950645822928e-16
1.7681729913172577   1.5625020796948215e-16
1.7698024520511841   1.5613264604519177e-16
1.771433414415494   1.5601672677830327e-16
1.7730658797940135   1.5590292283452753e-16
1.7746998495718462   1.557905538498723e-16
1.7763353251353704   1.5568003031594593e-16
1.7779723078722471   1.5557120825626607e-16
1.779610799171411   1.5546433827511387e-16
1.7812508004230783   1.553589097655481e-16
1.7828923130187448   1.552551871652387e-16
1.7845353383511942   1.5515339634416065e-16
1.7861798778144875   1.550530789448081e-16
1.7878259328039732   1.549545523432741e-16
1.7894735047162833   1.5485768079366794e-16
1.7911225949493426   1.547624475914641e-16
1.7927732049023584   1.5466859212705012e-16
1.7944253359758293   1.545767248897539e-16
1.796078989571543   1.544864165225247e-16
1.7977341670925842   1.5439778796914828e-16
1.7993908699433252   1.5431048622825243e-16
1.8010490995294346   1.542251293939901e-16
1.8027088572578742   1.5414135475004095e-16
1.8043701445369082   1.5405886436587763e-16
1.8060329627760925   1.539775967959268e-16
1.8076973133862846   1.5389777550074793e-16
1.8093631977796398   1.538191621060671e-16
1.8110306173696202   1.537420713784288e-16
1.8126995735709859   1.5366574069007934e-16
1.8143700677998011   1.5359035325011635e-16
1.8160421014734345   1.5351583644029101e-16
1.8177156760105657   1.5344205054903253e-16
1.8193907928311766   1.5336942066899437e-16
1.821067453356559   1.5329704594202797e-16
1.8227456590093134   1.53225330391903e-16
1.8244254112133562   1.5315426609831085e-16
1.8261067113939107   1.5308345724539027e-16
1.8277895609775154   1.5301311795771228e-16
1.8294739613920217   1.529427613199911e-16
1.8311599140666024   1.5287285711102517e-16
1.8328474204317418   1.5280298375774772e-16
1.8345364819192438   1.5273309849115726e-16
1.8362270999622308   1.5266294016559649e-16
1.8379192759951508   1.5259249295453303e-16
1.8396130114537685   1.525219791317985e-16
1.8413083077751735   1.5245103136825762e-16
1.8430051663977776   1.5237952244669236e-16
1.8447035887613241   1.523077599466443e-16
1.8464035763068776   1.5223484001559652e-16
1.8481051304768321   1.5216163499193086e-16
1.8498082527149096   1.520875503403051e-16
1.8515129444661675   1.520124729648809e-16
1.8532192071769897   1.519360589002305e-16
1.854927042295095   1.5185898435926198e-16
1.8566364512695341   1.5178089279974958e-16
1.8583474355506988   1.517012528079849e-16
1.860059996590312   1.5162029980111119e-16
1.8617741358414364   1.5153822943068531e-16
1.8634898547584715   1.5145484210468333e-16
1.8652071547971631   1.513696579858961e-16
1.866926037414593   1.512830431009853e-16
1.8686465040691873   1.5119499073092032e-16
1.8703685562207144   1.511048530197198e-16
1.8720921953302936   1.51013087630193e-16
1.873817422860385   1.509193196892623e-16
1.8755442402747982   1.5082395883814663e-16
1.8772726490386902   1.5072615809703615e-16
1.8790026506185737   1.5062670157246065e-16
1.8807342464823074   1.5052492146552282e-16
1.882467438099104   1.5042091323085576e-16
1.8842022269395287   1.5031415033591967e-16
1.885938614475508   1.5020556152651982e-16
1.8876766021803182   1.5009392877232202e-16
1.889416191528596   1.499804001211264e-16
1.8911573839963352   1.4986398972798782e-16
1.8929001810608943   1.4974486460212413e-16
1.8946445842009891   1.4962271565773453e-16
1.8963905948966973   1.4949793919550164e-16
1.8981382146294663   1.4937039013622723e-16
1.899887444882103   1.4923964828047719e-16
1.9016382871387834   1.4910619881053506e-16
1.903390742885048   1.4896937455207822e-16
1.9051448136078133   1.488295031867488e-16
1.9069005007953597   1.486867613430644e-16
1.9086578059373411   1.4854065042155916e-16
1.9104167305247823   1.4839125921205353e-16
1.912177276050088   1.4823929137025324e-16
1.9139394440070323   1.480840560852095e-16
1.915703235890768   1.4792555149978842e-16
1.9174686531978238   1.4776410357412007e-16
1.919235697426113   1.4759934180796008e-16
1.9210043700749244   1.4743180456454654e-16
1.922774672644929   1.472606343454141e-16
1.9245466066381802   1.4708691893782483e-16
1.9263201735581204   1.4690982235288707e-16
1.9280953749095722   1.4672958737129243e-16
1.9298722121987468   1.4654611486924226e-16
1.9316506869332417   1.4635969392119944e-16
1.933430800622049   1.461702923938411e-16
1.9352125547755465   1.4597770268454874e-16
1.9369959509055048   1.4578187568469602e-16
1.9387809905250863   1.4558309374266177e-16
1.9405676751488536   1.4538119838610974e-16
1.9423560062927594   1.4517585176845946e-16
1.9441459854741552   1.449679127025239e-16
1.9459376142117886   1.44756886734818e-16
1.947730894025813   1.4454260463075213e-16
1.9495258264377766   1.4432516850086452e-16
1.9513224129706321   1.4410476784546102e-16
1.9531206551487337   1.4388184374248753e-16
1.9549205544978456   1.436574426370754e-16
1.956722112545133   1.4343285561924366e-16
1.95852533081917   1.43207820632263e-16
1.960330210849937   1.4298446884875396e-16
1.9621367541688313   1.4276277931975197e-16
1.9639449623086547   1.4254380168593753e-16
1.9657548368036237   1.4232937752997972e-16
1.9675663791893672   1.4211863693386113e-16
1.9693795910029341   1.4191410028443824e-16
1.9711944737827851   1.4171548713840368e-16
1.9730110290687997   1.4152440621945738e-16
1.9748292584022749   1.4134152365147437e-16
1.976649163325934   1.4116715367249319e-16
1.978470745383916   1.4100296977524185e-16
1.980294006121785   1.4084957634308595e-16
1.9821189470865272   1.407075438376305e-16
1.9839455698265607   1.405780664892264e-16
1.985773875891724   1.4046216173668436e-16
1.9876038668332867   1.4036037924924693e-16
1.9894355442039453   1.402737081220011e-16
1.9912689095578333   1.402031748639266e-16
1.9931039644505109   1.4014997384822864e-16
1.994940710438973   1.40114699553671e-16
1.996779149081648   1.4009843967994994e-16
1.9986192819384063   1.4010204006168096e-16
2.0004611105705496   1.4008634408577689e-16
2.002304636540821   1.399573606160491e-16
2.0041498614134006   1.398284959278544e-16
2.0059967867539172   1.396997499117094e-16
2.007845414129436   1.3957112245823244e-16
2.009695745108468   1.3944261345814304e-16
2.011547781260968   1.3931422280226196e-16
2.0134015241583434   1.3918595038151077e-16
2.015256975373444   1.3905779608691222e-16
2.0171141364805707   1.3892975980958992e-16
2.0189730090554736   1.3880184144076843e-16
2.02083359467536   1.386740408717725e-16
2.0226958949188867   1.3854635799402793e-16
2.0245599113661648   1.3841879269906097e-16
2.0264256455987613   1.3829134487849817e-16
2.028293099199706   1.3816401442406621e-16
2.0301622737534815   1.380368012275923e-16
2.0320331708460313   1.3790970518100385e-16
2.0339057920647656   1.3778272617632776e-16
2.0357801389985517   1.3765586410569128e-16
2.0376562132377236   1.3752911886132146e-16
2.039534016374078   1.374024903355452e-16
2.0414135500008848   1.372759784207886e-16
2.0432948157128767   1.3714958300957774e-16
2.0451778151062583   1.3702330399453798e-16
2.0470625497787016   1.3689714126839423e-16
2.048949021329358   1.3677109472397037e-16
2.050837231358847   1.3664516425418962e-16
2.052727181469265   1.3651934975207432e-16
2.0546188732641815   1.3639365111074595e-16
2.0565123083486516   1.362680682234243e-16
2.058407488329202   1.361426009834287e-16
2.0603044148138427   1.3601724928417666e-16
2.062203089412064   1.3589201301918467e-16
2.0641035137348442   1.357668920820674e-16
2.0660056893946415   1.356418863665382e-16
2.0679096180054013   1.3551699576640875e-16
2.0698153011825537   1.3539222017558896e-16
2.0717227405430254   1.352675594880866e-16
2.0736319377052252   1.3514301359800791e-16
2.0755428942890566   1.350185823995569e-16
2.077455611915913   1.3489426578703573e-16
2.079370092208689   1.347700636548437e-16
2.0812863367917687   1.346459758974784e-16
2.083204347291034   1.3452200240953479e-16
2.085124125333864   1.3439814308570557e-16
2.0870456725491437   1.3427439782078034e-16
2.0889689905672526   1.3415076650964652e-16
2.0908940810200747   1.340272490472886e-16
2.0928209455409967   1.3390384532878827e-16
2.094749585764916   1.337805552493239e-16
2.0966800033282302   1.3365737870417131e-16
2.0986121998688474   1.33534315588703e-16
2.100546177026183   1.334113657983883e-16
2.10248193644117   1.3328852922879295e-16
2.104419479756246   1.3316580577557959e-16
2.106358808615365   1.3304319533450728e-16
2.1082999246639944   1.3292069780143159e-16
2.110242829549124   1.3279831307230396e-16
2.1121875249192543   1.3267604104317262e-16
2.114134012424408   1.325538816101817e-16
2.1160822937161257   1.324318346695715e-16
2.118032370447477   1.3230990011767787e-16
2.1199842442730477   1.3218807785093302e-16
2.1219379168489514   1.3206636776586467e-16
2.1238933898328245   1.3194476975909646e-16
2.125850664883839   1.3182328372734718e-16
2.127809743662688   1.3170190956743158e-16
2.129770627831598   1.315806471762596e-16
2.1317333190543253   1.3145949645083678e-16
2.1336978189961653   1.3133845728826334e-16
2.135664129323942   1.3121752958573518e-16
2.1376322517060173   1.3109671324054305e-16
2.139602187812289   1.3097600815007275e-16
2.1415739393141995   1.3085541421180478e-16
2.1435475078847253   1.307349313233146e-16
2.1455228951983876   1.3061455938227227e-16
2.1475001029312475   1.3049429828644274e-16
2.1494791327609173   1.30374147933685e-16
2.1514599863665493   1.3025410822195278e-16
2.153442665428846   1.3013417904929414e-16
2.155427171630054   1.3001436031385154e-16
2.15741350665398   1.2989465191386114e-16
2.159401672185974   1.297750537476536e-16
2.161391669912941   1.2965556571365348e-16
2.1633835015233402   1.295361877103793e-16
2.165377168707191   1.2941691963644303e-16
2.1673726731560654   1.2929776139055086e-16
2.169370016563096   1.2917871287150235e-16
2.1713692006229737   1.290597739781908e-16
2.1733702270319566   1.2894094460960258e-16
2.1753730974878613   1.288222246648178e-16
2.177377813690067   1.287036140430099e-16
2.1793843773395274   1.2858511264344511e-16
2.181392790138756   1.284667203654832e-16
2.1834030537918374   1.2834843710857672e-16
2.185415170004425   1.2823026277227144e-16
2.1874291404837507   1.2811219725620552e-16
2.1894449669386122   1.2799424046011018e-16
2.191462651079385   1.278763922838094e-16
2.193482194618018   1.277586526272197e-16
2.1955035992680454   1.2764102139034975e-16
2.1975268667445724   1.2752349847330103e-16
2.1995519987642878   1.2740608377626734e-16
2.2015789970454605   1.2728877719953468e-16
2.203607863307949   1.271715786434809e-16
2.20563859927319   1.2705448800857623e-16
2.2076712066642097   1.269375051953829e-16
2.2097056872056187   1.26820630104555e-16
2.2117420426236243   1.2670386263683827e-16
2.2137802746460173   1.2658720269307027e-16
2.2158203850021843   1.2647065017418028e-16
2.2178623754231017   1.2635420498118922e-16
2.2199062476413496   1.2623786701520903e-16
2.2219520033910958   1.2612163617744348e-16
2.223999644408111   1.2600551236918746e-16
2.226049172429761   1.2588949549182722e-16
2.228100589195021   1.2577358544683975e-16
2.230153896444461   1.2565778213579353e-16
2.232209095920258   1.255420854603477e-16
2.234266189366192   1.2542649532225253e-16
2.236325178527656   1.253110116233487e-16
2.238386065151646   1.2519563426556787e-16
2.2404488509867693   1.2508036315093229e-16
2.242513537783243   1.2496519818155473e-16
2.244580127292903   1.2485013925963819e-16
2.246648621269194   1.2473518628747628e-16
2.2487190214671773   1.2462033916745287e-16
2.250791329643531   1.2450559780204198e-16
2.252865547556558   1.2439096209380754e-16
2.2549416769661748   1.2427643194540376e-16
2.2570197196339215   1.241620072595747e-16
2.2590996773229604   1.240476879391544e-16
2.261181551798085   1.2393347388706625e-16
2.263265344825708   1.2381936500632375e-16
2.2653510581738727   1.2370536120002987e-16
2.2674386936122484   1.2359146237137723e-16
2.269528252912144   1.234776684236474e-16
2.271619737846492   1.233639792602118e-16
2.2737131501898626   1.23250394784531e-16
2.2758084917184576   1.2313691490015477e-16
2.2779057642101233   1.2302353951072162e-16
2.2800049694443376   1.229102685199596e-16
2.28210610920222   1.2279710183168532e-16
2.2842091852665303   1.2268403934980456e-16
2.2863141994216765   1.2257108097831144e-16
2.2884211534537053   1.2245822662128904e-16
2.2905300491503113   1.223454761829091e-16
2.2926408883008342   1.2223282956743177e-16
2.2947536726962694   1.2212028667920544e-16
2.2968684041292557   1.2200784742266718e-16
2.2989850843940873   1.2189551170234217e-16
2.3011037152867084   1.2178327942284393e-16
2.303224298604726   1.2167115048887367e-16
2.305346836147396   1.21559124805221e-16
2.3074713297156353   1.2144720227676342e-16
2.3095977811120183   1.213353828084663e-16
2.3117261921407866   1.2122366630538248e-16
2.3138565646078386   1.2111205267265282e-16
2.3159889003207383   1.210005418155057e-16
2.318123201088714   1.208891336392572e-16
2.320259468722668   1.207778280493103e-16
2.322397705035164   1.206666249511559e-16
2.3245379118404386   1.2055552425037198e-16
2.3266800909543983   1.204445258526238e-16
2.3288242441946303   1.203336296636635e-16
2.3309703733803886   1.2022283558933049e-16
2.3331184803326073   1.2011214353555107e-16
2.335268566873895   1.2000155340833857e-16
2.337420634828549   1.198910651137926e-16
2.3395746860225386   1.1978067855810012e-16
2.3417307222835166   1.1967039364753445e-16
2.343888745440828   1.1956021028845527e-16
2.346048757325495   1.1945012838730897e-16
2.3482107597702306   1.1934014785062827e-16
2.350374754609434   1.192302685850324e-16
2.352540743679202   1.1912049049722626e-16
2.354708728817317   1.1901081349400143e-16
2.3568787118632564   1.189012374822354e-16
2.3590506946581904   1.1879176236889167e-16
2.3612246790449944   1.1868238806101941e-16
2.3634006668682335   1.1857311446575391e-16
2.3655786599741755   1.1846394149031608e-16
2.3677586602107876   1.1835486904201264e-16
2.3699406694277467   1.1824589702823554e-16
2.372124689476427   1.1813702535646263e-16
2.3743107222099122   1.180282539342569e-16
2.3764987694829904   1.1791958266926697e-16
2.378688833152166   1.1781101146922642e-16
2.3808809150756476   1.1770254024195415e-16
2.383075017113359   1.1759416889535422e-16
2.3852711411269345   1.1748589733741578e-16
2.3874692889797324   1.1737772547621259e-16
2.3896694625368196   1.1726965321990366e-16
2.3918716636649857   1.1716168047673254e-16
2.3940758942327367   1.1705380715502783e-16
2.3962821561103094   1.169460331632022e-16
2.3984904511696556   1.1683835840975326e-16
2.4007007812844545   1.1673078280326319e-16
2.402913148330111   1.1662330625239837e-16
2.405127554183764   1.1651592866590936e-16
2.407344000724276   1.1640864995263114e-16
2.4095624898322425   1.16301470021483e-16
2.4117830233899906   1.1619438878146815e-16
2.414005603281589   1.1608740614167352e-16
2.416230231392835   1.1598052201127044e-16
2.4184569096112667   1.158737362995139e-16
2.420685639826159   1.1576704891574265e-16
2.422916423928535   1.1566045976937894e-16
2.425149263811153   1.155539687699289e-16
2.427384161368519   1.1544757582698214e-16
2.4296211184968817   1.1534128085021176e-16
2.4318601370942443   1.1523508374937394e-16
2.4341012190603526   1.1512898443430853e-16
2.436344366296705   1.150229828149384e-16
2.4385895807065494   1.1491707880126976e-16
2.4408368641948965   1.148112723033915e-16
2.4430862186685034   1.1470556323147586e-16
2.4453376460358878   1.145999514957779e-16
2.447591148207324   1.1449443700663562e-16
2.449846727094853   1.143890196744693e-16
2.4521043846122716   1.1428369940978246e-16
2.4543641226751425   1.1417847612316097e-16
2.45662594320079   1.140733497252734e-16
2.4588898481083143   1.139683201268704e-16
2.4611558393185766   1.138633872387853e-16
2.4634239187542093   1.137585509719337e-16
2.4656940883396157   1.1365381123731345e-16
2.4679663500009794   1.1354916794600425e-16
2.470240705666251   1.1344462100916822e-16
2.4725171572651616   1.133401703380492e-16
2.4747957067292172   1.1323581584397335e-16
2.4770763559917115   1.13131557438348e-16
2.479359106987712   1.130273950326629e-16
2.481643961654073   1.1292332853848907e-16
2.4839309219294297   1.1281935786747946e-16
2.4862199897542125   1.127154829313681e-16
2.4885111670706324   1.1261170364197088e-16
2.490804455822692   1.1250801991118498e-16
2.493099857956184   1.1240443165098885e-16
2.4953973754187007   1.1230093877344199e-16
2.4976970101596225   1.1219754119068535e-16
2.4999987641301282   1.120942388149408e-16
2.5023026392831924   1.119910315585113e-16
2.504608637573597   1.1188791933378057e-16
2.506916760957918   1.1178490205321334e-16
2.509227011394534   1.1168197962935514e-16
2.511539390843636   1.115791519748319e-16
2.5138539012672148   1.1147641900235058e-16
2.5161705446290705   1.1137378062469842e-16
2.518489322894811   1.1127123675474339e-16
2.520810238031863   1.1116878730543346e-16
2.5231332920094593   1.1106643218979729e-16
2.525458486798649   1.1096417132094359e-16
2.5277858243722955   1.108620046120615e-16
2.5301153067050888   1.107599319764198e-16
2.5324469357735295   1.1065795332736773e-16
2.5347807135559433   1.1055606857833432e-16
2.5371166420324758   1.1045427764282857e-16
2.5394547231851057   1.10352580434439e-16
2.54179495899763   1.0938109455304618e-16
2.5441373514556767   1.0883707722231711e-16
2.5464819025467014   1.0841388871201451e-16
2.548828614259998   1.0804845639389712e-16
2.5511774885866867   1.0771886660681861e-16
2.5535285275197253   1.0741438631697347e-16
2.555881733053905   1.071288021653565e-16
2.5582371071858634   1.0685813148170371e-16
2.5605946519140703   1.0659963836341596e-16
2.56295436923884   1.063513463039161e-16
2.565316261162327   1.0611177157816275e-16
2.5676803296885393   1.0587976620394189e-16
2.570046576823324   1.0565441998259057e-16
2.572415004574378   1.0543499652112795e-16
2.574785614951248   1.0522088984477648e-16
2.5771584099653384   1.0501159403294386e-16
2.5795333916299   1.0480668139468134e-16
2.581910561960042   1.046057864179483e-16
2.5842899229727276   1.0440859372744907e-16
2.586671476686787   1.0421482889046665e-16
2.589055225122902   1.040242512876454e-16
2.5914411703036206   1.0383664850817295e-16
2.593829314253351   1.0365183188856826e-16
2.5962196589983746   1.0346963292189249e-16
2.598612206566833   1.0328990033817303e-16
2.6010069589887403   1.0311249770859652e-16
2.6034039182959767   1.0293730146286932e-16
2.6058030865223043   1.0276419923574243e-16
2.6082044657033503   1.0259308847818533e-16
2.6106080578766218   1.0242387528312854e-16
2.6130138650815002   1.0225647338653897e-16
2.615421889359254   1.0209080331280084e-16
2.6178321327530254   1.0192679163967253e-16
2.6202445973078423   1.0176437036294683e-16
2.6226592850706134   1.016034763447388e-16
2.625076198090143   1.0144405083230139e-16
2.627495338417115   1.0128603903663374e-16
2.629916708104105   1.0112938976202279e-16
2.632340309205579   1.0097405507917571e-16
2.6347661437779033   1.0081999003581906e-16
2.637194213879331   1.0066715239963503e-16
2.639624521570016   1.0051550242921255e-16
2.642057068912006   1.00365002669363e-16
2.6444918579692596   1.0021561776769529e-16
2.6469288908076267   1.0006731430980885e-16
2.6493681694948656   9.992006067083577e-17
2.6518096961006368   9.977382688138927e-17
2.654253472696516   9.962858450623983e-17
2.6566995013559795   9.948430653427001e-17
2.6591477841544187   9.93409672784458e-17
2.6615983231691334   9.919854228471101e-17
2.664051120479346   9.905700824884616e-17
2.6665061781661876   9.891634294045605e-17
2.668963498312709   9.877652513334845e-17
2.6714230830038788   9.86375345416583e-17
2.6738849343265945   9.849935176114509e-17
2.6763490543696693   9.836195821516095e-17
2.678815445223843   9.822533610483828e-17
2.68128410898178   9.808946836310179e-17
2.6837550477380816   9.795433861214953e-17
2.6862282635892716   9.78199311240887e-17
2.688703758633804   9.768623078444157e-17
2.691181534972077   9.755322305826954e-17
2.6936615947064153   9.742089395868991e-17
2.6961439399410834   9.728923001757858e-17
2.6986285727822823   9.715821825827736e-17
2.701115495338163   9.702784617013788e-17
2.7036047097188103   9.689810168475579e-17
2.706096218036256   9.676897315375555e-17
2.7085900224044774   9.664044932800665e-17
2.7110861249394054   9.651251933815691e-17
2.7135845277589143   9.638517267638474e-17
2.716085232982833   9.62583991792748e-17
2.71858824273294   9.61321890117355e-17
2.721093559132979   9.600653265187987e-17
2.7236011843086407   9.588142087680188e-17
2.7261111203875794   9.575684474918163e-17
2.7286233694994055   9.56327956046623e-17
2.731137933775702   9.550926503994384e-17
2.7336548153500067   9.5386244901546e-17
2.736174016357827   9.526372727519192e-17
2.738695538936635   9.514170447577383e-17
2.741219385225882   9.502016903785922e-17
2.7437455573669807   9.489911370670523e-17
2.7462740575033213   9.477853142974489e-17
2.748804887780267   9.465841534851788e-17
2.7513380503451645   9.453875879101534e-17
2.7538735473473333   9.441955526441526e-17
2.7564113809380744   9.430079844818185e-17
2.7589515532706703   9.41824821875083e-17
2.7614940665003944   9.406460048708122e-17
2.7640389227844997   9.39471475051487e-17
2.7665861242822283   9.383011754787252e-17
2.769135673154811   9.371350506394892e-17
2.7716875715654776   9.359730463948183e-17
2.774241821679443   9.348151099309536e-17
2.7767984256639213   9.336611897126985e-17
2.77935738568812   9.3251123543891e-17
2.7819187039232545   9.313651979999851e-17
2.7844823825425316   9.302230294372553e-17
2.7870484237211657   9.290846829041586e-17
2.789616829636371   9.27950112629116e-17
2.7921876024673775   9.268192738800035e-17
2.794760744395415   9.256921229301563e-17
2.7973362576037264   9.245686170258045e-17
2.799914144277563   9.234487143548776e-17
2.802494406604199   9.223323740171023e-17
2.805077046772915   9.21219555995341e-17
2.8076620669750136   9.201102211280853e-17
2.810249469403813   9.190043310830717e-17
2.81283925625466   9.17901848331941e-17
2.8154314297249177   9.168027361259175e-17
2.8180259920139767   9.157069584724285e-17
2.8206229453232514   9.146144801126429e-17
2.8232222918561933   9.135252664998691e-17
2.8258240338182756   9.124392837787893e-17
2.8284281734170076   9.113564987654676e-17
2.83103471286193   9.102768789281194e-17
2.8336436543646277   9.09200392368586e-17
2.8362550001387157   9.081270078045076e-17
2.838868752399851   9.070566945521329e-17
2.8414849133657305   9.059894225097641e-17
2.844103485256103   9.049251621417871e-17
2.8467244702927545   9.038638844632834e-17
2.849347870699521   9.02805561025176e-17
2.851973688702285   9.017501638999027e-17
2.8546019265289893   9.006976656675798e-17
2.857232586409621   8.996480394026569e-17
2.8598656705762258   8.986012586610161e-17
2.8625011812629015   8.975572974675165e-17
2.865139120705816   8.965161303039502e-17
2.867779491143187   8.954777320974149e-17
2.8704222948152993   8.944420782090585e-17
2.8730675339644987   8.934091444232023e-17
2.8757152108352053   8.92378906936812e-17
2.878365327673901   8.913513423493206e-17
2.881017886729136   8.903264276527705e-17
2.883672890251542   8.89304140222268e-17
2.886330340493816   8.882844578067529e-17
2.888990239710734   8.872673585200431e-17
2.8916525901591474   8.862528208321706e-17
2.894317394097995   8.852408235609753e-17
2.89698465378829   8.8423134586397e-17
2.899654371493131   8.832243672304427e-17
2.9023265494776993   8.822198674738055e-17
2.9050011900092736   8.812178267241661e-17
2.907678295357212   8.802182254211329e-17
2.9103578677929667   8.79221044306823e-17
2.913039909590082   8.782262644190821e-17
2.915724423024204   8.772338670848982e-17
2.918411410373069   8.762438339140134e-17
2.921100873916514   8.752561467927153e-17
2.9237928159364737   8.742707878778075e-17
2.9264872387169967   8.732877395907476e-17
2.9291841445442253   8.723069846119632e-17
2.9318835357064126   8.713285058753144e-17
2.9345854144939176   8.703522865627171e-17
2.9372897831992186   8.693783100989126e-17
2.9399966441168974   8.684065601463878e-17
2.942705999543654   8.674370206004254e-17
2.945417851778301   8.664696755842965e-17
2.9481322031217796   8.655045094445736e-17
2.950849055877142   8.645415067465825e-17
2.9535684123495645   8.635806522699644e-17
2.956290274846346   8.626219310043615e-17
2.959014645676922   8.6166532814521e-17
2.9617415271528444   8.607108290896535e-17
2.9644709215878002   8.597584194325539e-17
2.9672028312976053   8.588080849626072e-17
2.969937258600218   8.578598116585605e-17
2.972674205815725   8.569135856855269e-17
2.9754136752663523   8.559693933913916e-17
2.978155669276465   8.550272213033083e-17
2.9809001901725773   8.540870561242835e-17
2.9836472402833403   8.531488847298502e-17
2.9863968219395525   8.522126941648181e-17
2.9891489374741576   8.512784716401076e-17
2.991903589222259   8.503462045296575e-17
2.9946607795211024   8.49415880367415e-17
2.9974205107100906   8.484874868443909e-17
3.0001827851307796   8.475610118057904e-17
3.002947605126891   8.466364432482089e-17
3.005714973044299   8.457137693168995e-17
3.008484891231041   8.447929783031012e-17
3.011257362037317   8.438740586414316e-17
3.0140323878155   8.429569989073359e-17
3.0168099709201233   8.420417878146062e-17
3.019590113707892   8.411284142129457e-17
3.02237281853768   8.40216867085599e-17
3.0251580877705457   8.393071355470255e-17
3.027945923769712   8.3839920884064e-17
3.030736328900584   8.374930763365925e-17
3.0335293055307435   8.365887275296032e-17
3.036324856029963   8.356861520368418e-17
3.0391229827701896   8.347853395958637e-17
3.0419236881255602   8.338862800625796e-17
3.0447269744723946   8.329889634092802e-17
3.0475328441892144   8.320933797226923e-17
3.0503412996567216   8.311995192020926e-17
3.0531523432578163   8.303073721574506e-17
3.055965977377591   8.294169290076159e-17
3.0587822044033457   8.285281802785399e-17
3.061601026724572   8.276411166015461e-17
3.064422446732965   8.267557287116258e-17
3.0672464668224215   8.258720074457757e-17
3.070073089389054   8.249899437413668e-17
3.0729023168311738   8.241095286345538e-17
3.075734151549305   8.23230753258709e-17
3.0785685959461806   8.223536088428981e-17
3.0814056524267586   8.214780867103751e-17
3.084245323398202   8.206041782771229e-17
3.087087611269894   8.19731875050413e-17
3.089932518453446   8.18861168627394e-17
3.092780047362683   8.179920506937181e-17
3.0956302004136584   8.171245130221858e-17
3.0984829800246474   8.162585474714222e-17
3.1013383886161643   8.153941459845758e-17
3.1041964286109445   8.145313005880506e-17
3.107057102433959   8.136700033902549e-17
3.10992041251241   8.1281024658038e-17
3.1127863612757465   8.11952022427198e-17
3.1156549511556473   8.110953232778895e-17
3.1185261845860346   8.102401415568888e-17
3.12140006400307   8.093864697647536e-17
3.1242765918451707   8.085343004770523e-17
3.127155770552991   8.076836263432804e-17
3.130037602569437   8.068344400857917e-17
3.132922090339664   8.059867344987492e-17
3.13580923631109   8.051405024470977e-17
3.1386990429333776   8.042957368655575e-17
3.1415915126584513   8.034524307576338e-17
3.144486647940492   8.026105771946448e-17
3.147384451235951   8.017701693147678e-17
3.1502849250035347   8.009312003221055e-17
3.153188071704218   8.000936634857666e-17
3.1560938938012404   7.992575521389637e-17
3.159002393760121   7.984228596781256e-17
3.1619135740486417   7.975895795620328e-17
3.164827437136862   7.967577053109595e-17
3.167743985497114   7.959272305058372e-17
3.1706632216040176   7.950981487874273e-17
3.1735851479344643   7.942704538555185e-17
3.176509766967631   7.934441394681267e-17
3.1794370811849757   7.926191994407175e-17
3.1823670930702534   7.917956276454361e-17
3.1852998051094983   7.909734180103562e-17
3.1882352197910384   7.901525645187397e-17
3.191173339605492   7.893330612083081e-17
3.194114167045783   7.885149021705243e-17
3.1970577046071207   7.876980815498961e-17
3.2000039547870194   7.868825935432809e-17
3.2029529200852904   7.860684323992076e-17
3.20590460300406   7.852555924172068e-17
3.2088590060477484   7.844440679471602e-17
3.211816131723088   7.836338533886496e-17
3.2147759825391193   7.828249431903259e-17
3.217738561007203   7.82017331849281e-17
3.220703869641005   7.812110139104399e-17
3.223671910956511   7.804059839659534e-17
3.2266426874720215   7.796022366546071e-17
3.229616201708169   7.787997666612326e-17
3.232592456187897   7.779985687161401e-17
3.2355714534364792   7.771986375945504e-17
3.238553195981512   7.763999681160385e-17
3.241537686352931   7.756025551439861e-17
3.2445249270829946   7.748063935850478e-17
3.2475149207062968   7.740114783886174e-17
3.2505076697597644   7.732178045463111e-17
3.253503176782672   7.724253670914489e-17
3.2565014443166245   7.716341610985575e-17
3.2595024749055725   7.708441816828685e-17
3.2625062710958077   7.70055423999833e-17
3.2655128354359775   7.692678832446363e-17
3.2685221704770684   7.684815546517295e-17
3.271534278772422   7.676964334943603e-17
3.2745491628777286   7.669125150841155e-17
3.2775668253510433   7.661297947704655e-17
3.2805872687527704   7.653482679403249e-17
3.2836104956456746   7.645679300176112e-17
3.2866365085948814   7.637887764628135e-17
3.289665310167889   7.630108027725665e-17
3.292696902934551   7.622340044792356e-17
3.2957312894670943   7.614583771505015e-17
3.298768472340111   7.606839163889565e-17
3.3018084541305774   7.599106178317007e-17
3.304851237417834   7.591384771499534e-17
3.3078968247836014   7.583674900486621e-17
3.3109452188119763   7.575976522661206e-17
3.313996422089447   7.568289595735907e-17
3.3170504372048746   7.56061407774934e-17
3.3201072667495066   7.552949927062463e-17
3.3231669133169888   7.54529710235492e-17
3.3262293795033466   7.537655562621565e-17
3.329294667907001   7.530025267168911e-17
3.332362781128764   7.522406175611699e-17
3.335433721771856   7.514798247869478e-17
3.338507492441885   7.507201444163294e-17
3.341584095746863   7.499615725012355e-17
3.3446635342972035   7.492041051230792e-17
3.3477458107057347   7.484477383924423e-17
3.3508309275876833   7.476924684487622e-17
3.3539188875606887   7.469382914600188e-17
3.3570096932447995   7.461852036224271e-17
3.3601033472624895   7.454332011601307e-17
3.363199852238638   7.446822803249084e-17
3.366299210800548   7.439324373958759e-17
3.3694014255779385   7.43183668679196e-17
3.372506499202964   7.424359705077892e-17
3.375614434310193   7.416893392410553e-17
3.3787252335366267   7.409437712645921e-17
3.3818388995216915   7.401992629899208e-17
3.384955434907257   7.394558108542121e-17
3.3880748423376184   7.387134113200227e-17
3.391197124459509   7.379720608750287e-17
3.394322283922099   7.372317560317668e-17
3.3974503233770106   7.364924933273733e-17
3.400581245478298   7.357542693233357e-17
3.403715052882466   7.350170806052397e-17
3.4068517482484637   7.34280923782524e-17
3.4099913342377   7.335457954882324e-17
3.4131338135140274   7.3281169237878e-17
3.416279188743756   7.320786111337113e-17
3.4194274625956496   7.31346548455469e-17
3.422578637740942   7.306155010691587e-17
3.4257327168533176   7.298854657223274e-17
3.4288897026089296   7.291564391847327e-17
3.4320495976863925   7.28428418248125e-17
3.4352124047668005   7.277013997260236e-17
3.438378126533708   7.269753804535059e-17
3.441546765673146   7.2625035728699e-17
3.444718324873617   7.255263271040251e-17
3.4478928068261117   7.248032868030825e-17
3.45107021422409   7.240812333033519e-17
3.4542505497634983   7.233601635445365e-17
3.4574338161427627   7.226400744866557e-17
3.460620016062808   7.219209631098417e-17
3.463809152227036   7.212028264141513e-17
3.467001227341344   7.204856614193674e-17
3.4701962441141196   7.197694651648126e-17
3.473394205256257   7.190542347091572e-17
3.476595113481138   7.183399671302369e-17
3.4797989715046476   7.176266595248682e-17
3.483005782045171   7.169143090086677e-17
3.4862155478236088   7.162029127158707e-17
3.4894282715633587   7.154924677991581e-17
3.492643955990331   7.147829714294804e-17
3.4958626038329452   7.140744207958855e-17
3.499084217822146   7.133668131053458e-17
3.502308800691383   7.126601455825945e-17
3.50553635517663   7.119544154699568e-17
3.508766884016377   7.112496200271863e-17
3.5120003899516496   7.10545756531301e-17
3.515236875725988   7.098428222764261e-17
3.518476344085464   7.091408145736342e-17
3.5217187977786772   7.084397307507893e-17
3.524964239556771   7.077395681523892e-17
3.5282126721734124   7.070403241394184e-17
3.5314640983848102   7.063419960891924e-17
3.5347185209497103   7.056445813952115e-17
3.5379759426294104   7.049480774670099e-17
3.541236366187743   7.042524817300141e-17
3.5444997943910903   7.03557791625397e-17
3.5477662300083814   7.028640046099359e-17
3.5510356758111077   7.021711181558694e-17
3.5543081345733025   6.974955423773719e-17
3.557583609071558   6.906913094901634e-17
3.560862102085033   6.864726548542653e-17
3.564143616395439   6.83052573270528e-17
3.567428154787054   6.80070779281421e-17
3.5707157200467172   6.773774575142961e-17
3.574006314963848   6.748930615281653e-17
3.5772999423304257   6.725693047730513e-17
3.5805966049410047   6.703742438239885e-17
3.583896305592713   6.682854329740974e-17
3.5871990470852655   6.662863777579985e-17
3.5905048322209474   6.643645298282832e-17
3.5938136638046294   6.625100755958059e-17
3.5971255446437636   6.607151652186976e-17
3.6004404775484007   6.589734007137018e-17
3.6037584653311687   6.572794840392545e-17
3.607079510807293   6.556289679530005e-17
3.610403616794588   6.540180751573517e-17
3.6137307861134778   6.524435641458543e-17
3.6170610215869723   6.509026277953284e-17
3.620394326040689   6.493928154263513e-17
3.623730702302843   6.479119720110617e-17
3.6270701532042704   6.464581901267791e-17
3.630412681578401   6.450297715306448e-17
3.633758290261283   6.436251960978387e-17
3.6371069820915713   6.422430964668307e-17
3.6404587599105502   6.408822371585403e-17
3.6438136265621104   6.395414972395556e-17
3.6471715848927673   6.3821985581979e-17
3.650532637751655   6.369163798371592e-17
3.653896787990546   6.356302137026472e-17
3.657264038463828   6.343605704702263e-17
3.6606343920285243   6.331067242653584e-17
3.6640078515442855   6.318680037591732e-17
3.667384419873411   6.306437865167095e-17
3.670764099880825   6.294334940800073e-17
3.6741468944340965   6.282365876722845e-17
3.6775328064034327   6.270525644297393e-17
3.6809218386616984   6.258809540836908e-17
3.6843139940843925   6.247213160288473e-17
3.68770927554967   6.235732367240073e-17
3.6911076859383325   6.22436327380166e-17
3.6945092281338487   6.213102218979987e-17
3.697913905022333   6.20194575022554e-17
3.7013217194925634   6.19089060687735e-17
3.7047326744359763   6.179933705272004e-17
3.7081467727466837   6.169072125316104e-17
3.7115640173214537   6.158303098349838e-17
3.714984411059728   6.14762399615243e-17
3.718407956863615   6.137032320960595e-17
3.721834657637911   6.126525696387748e-17
3.7252645162900766   6.116101859146397e-17
3.728697535730255   6.105758651488098e-17
3.7321337188712698   6.095494014286237e-17
3.735573068628637   6.085305980695788e-17
3.739015587920551   6.075192670332185e-17
3.7424612796678973   6.065152283917912e-17
3.7459101467942504   6.055183098351722e-17
3.74936219222589   6.04528346216005e-17
3.752817418891781   6.035451791295104e-17
3.7562758297235916   6.02568656524755e-17
3.7597374276556876   6.015986323445461e-17
3.763202215625151   6.006349661914023e-17
3.766670196571758   5.996775230173289e-17
3.7701413734379985   5.987261728353326e-17
3.7736157491690703   5.977807904508456e-17
3.7770933267128965   5.96841255211389e-17
3.780574109020105   5.959074507729917e-17
3.784058099044048   5.949792648819856e-17
3.787545299740794   5.940565891709737e-17
3.791035714069148   5.931393189678383e-17
3.7945293449906305   5.922273531167977e-17
3.798026195469494   5.913205938105736e-17
3.8015262684727196   5.904189464328455e-17
3.805029566970034   5.895223194102174e-17
3.808536093933889   5.886306240730145e-17
3.812045852339476   5.877437745242574e-17
3.815558845164739   5.868616875162323e-17
3.8190750753903555   5.859842823341375e-17
3.822594545999754   5.851114806862933e-17
3.8261172599791076   5.842432066004815e-17
3.8296432203173527   5.833793863259858e-17
3.8331724300061705   5.825199482409696e-17
3.83670489204   5.816648227648202e-17
3.840240609416039   5.808139422751437e-17
3.843779585134257   5.799672410291115e-17
3.8473218221973773   5.791246550888816e-17
3.8508673236108932   5.782861222508322e-17
3.8544160923830653   5.774515819783778e-17
3.8579681315249372   5.766209753381374e-17
3.861523444050316   5.757942449392679e-17
3.8650820329757902   5.74971334875752e-17
3.868643901320724   5.741521906714793e-17
3.872209052107275   5.733367592279474e-17
3.8757774883603764   5.725249887744408e-17
3.8793492131077505   5.717168288205342e-17
3.8829242293799076   5.709122301107922e-17
3.886502540210162   5.701111445815417e-17
3.890084148634611   5.693135253196061e-17
3.8936690576921547   5.685193265228819e-17
3.897257270424489   5.677285034626667e-17
3.9008487898761253   5.669410124476389e-17
3.904443619094368   5.661568107894059e-17
3.9080417611293345   5.653758567695304e-17
3.9116432190339494   5.645981096079628e-17
3.915247995863961   5.638235294328016e-17
3.918856094677923   5.630520772513235e-17
3.9224675185372124   5.622837149222036e-17
3.926082270506021   5.615184051288802e-17
3.9297003536513793   5.607561113539924e-17
3.933321771043129   5.599967978548549e-17
3.9369465257539487   5.592404296399014e-17
3.9405746208593406   5.58486972446062e-17
3.944206059437656   5.577363927170203e-17
3.94784084457007   5.569886575823188e-17
3.9514789793406013   5.562437348372624e-17
3.9551204668361066   5.555015929235874e-17
3.958765310146299   5.5476220091085714e-17
3.9624135123637276   5.5402552847856e-17
3.9660650765837953   5.5329154589886353e-17
3.969720005904753   5.5256022402000585e-17
3.9733783034277192   5.518315342502888e-17
3.9770399722566583   5.511054485426559e-17
3.980705015498399   5.503819393798143e-17
3.984373436262629   5.496609797598923e-17
3.988045237661914   5.489425431825938e-17
3.9917204228116767   5.4822660363584695e-17
3.995398994830213   5.475131355829065e-17
3.9990809568386902   5.4680211394990416e-17
4.002766311961163   5.460935141138184e-17
4.0064550633245535   5.4538731189085906e-17
4.010147214058669   5.446834835252346e-17
4.0138427672961985   5.4398200567829713e-17
4.017541726172728   5.4328285541804067e-17
4.021244093826721   5.4258601020895354e-17
4.024949873399539   5.418914479021905e-17
4.028659068035433   5.4119914672606813e-17
4.032371680881565   5.405090852768599e-17
4.036087715087984   5.398212425098915e-17
4.039807173807646   5.3913559773090894e-17
4.04353006019641   5.384521305877219e-17
4.047256377413054   5.37770821062103e-17
4.050986128619253   5.3709164946194384e-17
4.054719316979605   5.3641459641364244e-17
4.058455945661615   5.3573964285473096e-17
4.062196017835722   5.3506677002671665e-17
4.065939536675274   5.343959594681481e-17
4.069686505356548   5.337271930078791e-17
4.073436927058742   5.3306045275853695e-17
4.0771908049639976   5.323957211101771e-17
4.080948142257377   5.317329807241313e-17
4.084708942126877   5.310722145270253e-17
4.088473207763444   5.304134057049719e-17
4.092240942360954   5.297565376979329e-17
4.09601214911623   5.2910159419423545e-17
4.099786831229035   5.284485591252476e-17
4.103564991902096   5.277974166601974e-17
4.107346634341079   5.27148151201144e-17
4.111131761754605   5.265007473780807e-17
4.114920377354251   5.2585519004417534e-17
4.118712484354565   5.252114642711382e-17
4.122508085973045   5.245695553447205e-17
4.126307185430158   5.239294487603286e-17
4.130109785949335   5.2329113021875804e-17
4.13391589075699   5.2265458562203836e-17
4.137725503082497   5.220198010693935e-17
4.141538626158211   5.213867628533021e-17
4.145355263219463   5.20755457455663e-17
4.1491754175045745   5.20125871544059e-17
4.152999092254841   5.1949799196812016e-17
4.156826290714551   5.18871805755976e-17
4.160657016130975   5.1824730011080046e-17
4.16449127175439   5.1762446240744195e-17
4.168329060838056   5.170032801891419e-17
4.1721703866382365   5.1638374116433233e-17
4.176015252414188   5.157658332035133e-17
4.179863661428187   5.1514954433620586e-17
4.183715616945502   5.145348627479859e-17
4.187571122234414   5.139217767775836e-17
4.191430180566214   5.1331027491405613e-17
4.1952927952152175   5.127003457940271e-17
4.199158969458748   5.1209197819899627e-17
4.203028706577149   5.1148516105270795e-17
4.206902009853788   5.1087988341858584e-17
4.210778882575068   5.102761344972243e-17
4.214659328030407   5.0967390362394424e-17
4.218543349512261   5.09073180266401e-17
4.222430950316115   5.084739540222492e-17
4.226322133740503   5.0787621461686065e-17
4.230216903086986   5.0727995190109794e-17
4.234115261660174   5.0668515584913406e-17
4.238017212767715   5.060918165563252e-17
4.241922759720319   5.05499924237128e-17
4.2458319058317375   5.049094692230673e-17
4.249744654418774   5.0432044196074726e-17
4.253661008801289   5.03732833009907e-17
4.257580972302213   5.0314663304151584e-17
4.261504548247528   5.0256183283591764e-17
4.2654317399662816   5.019784232810098e-17
4.26936255079059   5.013963953704631e-17
4.273296984055649   5.008157402019794e-17
4.277235043099717   5.0023644897559016e-17
4.281176731264131   4.9965851299198774e-17
4.285122051893307   4.990819236508936e-17
4.289071008334752   4.985066724494587e-17
4.293023603939046   4.9793275098070423e-17
4.296979842059862   4.973601509319866e-17
4.300939726053958   4.967888640835006e-17
4.3049032592811995   4.962188823068091e-17
4.308870445104536   4.956501975634077e-17
4.312841286890017   4.950828019033158e-17
4.316815788006794   4.9451668746369726e-17
4.320793951827133   4.939518464675068e-17
4.324775781726396   4.9338827122216996e-17
4.328761281083062   4.9282595411828266e-17
4.332750453278714   4.922648876283424e-17
4.336743301698069   4.9170506430549764e-17
4.340739829728949   4.9114647678233267e-17
4.344740040762301   4.905891177696659e-17
4.348743938192194   4.900329800553791e-17
4.352751525415837   4.89478056503263e-17
4.356762805833556   4.889243400518938e-17
4.360777782848818   4.8837182371352333e-17
4.364796459868218   4.8782050057299616e-17
4.368818840301508   4.872703637866825e-17
4.372844927561564   4.867214065814375e-17
4.3768747250644155   4.861736222535763e-17
4.380908236229233   4.8562700416786926e-17
4.3849454644783545   4.850815457565541e-17
4.388986413237255   4.845372405183725e-17
4.393031085934568   4.839940820176201e-17
4.3970794860021   4.834520638832115e-17
4.401131616874807   4.8291117980777084e-17
4.405187481990812   4.82371423546732e-17
4.409247084791408   4.818327889174583e-17
4.413310428721067   4.812952697983761e-17
4.4173775172274246   4.8075886012812826e-17
4.4214483537612965   4.802235539047391e-17
4.425522941776675   4.796893451847967e-17
4.42960128473075   4.791562280826456e-17
4.4336833860838825   4.786241967696021e-17
4.437769249299626   4.780932454731757e-17
4.441858877844722   4.775633684763083e-17
4.445952275189123   4.770345601166234e-17
4.450049444805962   4.765068147856952e-17
4.454150390171579   4.759801269283229e-17
4.458255114765512   4.754544910418231e-17
4.46236362207052   4.749299016753287e-17
4.466475915572559   4.744063534291082e-17
4.4705919987608   4.7388384095388905e-17
4.474711875127626   4.7336235895019694e-17
4.47883554816865   4.728419021677028e-17
4.482963021382697   4.723224654045859e-17
4.487094298271818   4.718040435069036e-17
4.491229382341285   4.712866313679739e-17
4.49536827709962   4.707702239277638e-17
4.499510986058557   4.7025481617229725e-17
4.503657512733076   4.697404031330637e-17
4.507807860641391   4.692269798864411e-17
4.51196203330497   4.6871454155312525e-17
4.516120034248514   4.682030832975746e-17
4.5202818669999765   4.6769260032745675e-17
4.524447535090557   4.6718308789310985e-17
4.528617042054724   4.6667454128700743e-17
4.532790391430188   4.6616695584323747e-17
4.536967586757926   4.6566032693698636e-17
4.541148631582173   4.651546499840321e-17
4.545333529450443   4.6464992044024353e-17
4.549522283913506   4.6414613380109285e-17
4.553714898525409   4.636432856011703e-17
4.557911376843469   4.631413714137096e-17
4.562111722428297   4.626403868501183e-17
4.56631593884377   4.6214032755952e-17
4.570524029657053   4.6164118922829926e-17
4.574735998438595   4.611429675796554e-17
4.578951848762149   4.606456583731627e-17
4.583171584204748   4.601492574043386e-17
4.587395208346724   4.596537605042181e-17
4.591622724771706   4.591591635389337e-17
4.595854137066639   4.586654624093008e-17
4.60008944882176   4.5817265305041435e-17
4.604328663630617   4.576807314312462e-17
4.608571785090067   4.5718969355425126e-17
4.612818816800296   4.566995354549773e-17
4.617069762364792   4.562102532016854e-17
4.62132462539037   4.557218428949704e-17
4.625583409487163   4.552343006673914e-17
4.629846118268647   4.5474762268310253e-17
4.634112755351611   4.542618051374978e-17
4.638383324356183   4.5377684425685146e-17
4.642657828905825   4.5329273629797064e-17
4.646936272627347   4.5280947754784836e-17
4.651218659150892   4.523270643233263e-17
4.655504992109951   4.5184549297075866e-17
4.659795275141359   4.5136475986568274e-17
4.664089511885317   4.508848614124919e-17
4.6683877059853645   4.5040579404411805e-17
4.672689861088407   4.499275542217136e-17
4.676995980844703   4.494501384343413e-17
4.681306068907891   4.4897354319866525e-17
4.685620128934961   4.4849776505865107e-17
4.689938164586278   4.4802280058526575e-17
4.694260179525576   4.475486463761845e-17
4.69858617741998   4.470752990554988e-17
4.702916161939979   4.4660275527343316e-17
4.707250136759446   4.461310117060619e-17
4.711588105555651   4.4566006505503007e-17
4.715930072009243   4.451899120472814e-17
4.720276039804265   4.4472054943478657e-17
4.724626012628149   4.442519739942769e-17
4.728979994171741   4.4378418252698086e-17
4.733337988129275   4.433171718583652e-17
4.737699998198393   4.428509388378793e-17
4.742066028080139   4.423854803387029e-17
4.7464360814789845   4.419207932574947e-17
4.750810162102798   4.414568745141507e-17
4.755188273662871   4.4099372105155913e-17
4.759570419873909   4.4053132983536266e-17
4.763956604454059   4.400696978537204e-17
4.768346831124874   4.396088221170788e-17
4.772741103611347   4.3914869965793894e-17
4.777139425641895   4.3868932753063195e-17
4.781541800948389   4.3823070281109245e-17
4.785948233266122   4.377728225966419e-17
4.790358726333834   4.373156840057684e-17
4.794773283893708   4.3685928417791235e-17
4.799191909691387   4.3640362027325295e-17
4.803614607475953   4.359486894725017e-17
4.808041380999948   4.3549448897669345e-17
4.812472234019367   4.35041016006984e-17
4.816907170293681   4.3458826780444596e-17
4.821346193585811   4.3413624162987346e-17
4.825789307662149   4.3368493476358447e-17
4.830236516292556   4.3323434450522694e-17
4.83468782325038   4.327844681735862e-17
4.83914323231243   4.323353031063991e-17
4.843602747259004   4.3188684666016564e-17
4.848066371873877   4.3143909620996544e-17
4.852534109944326   4.309920491492745e-17
4.857005965261102   4.3054570288978844e-17
4.8614819416184565   4.3010005486124304e-17
4.8659620428141315   4.296551025112409e-17
4.870446272649383   4.2921084330507553e-17
4.874934634928957   4.287672747255646e-17
4.8794271334611095   4.283243942728784e-17
4.883923772057601   4.278821994643751e-17
4.88842455453372   4.274406878344339e-17
4.892929484708255   4.2699985693429516e-17
4.897438566403522   4.2655970433189874e-17
4.901951803445349   4.261202276117259e-17
4.90646919966311   4.2568142437464003e-17
4.91099075888969   4.252432922377366e-17
4.915516484961512   4.248058288341863e-17
4.920046381718529   4.2436903181308684e-17
4.924580453004249   4.239328988393102e-17
4.929118702665705   4.234974275933591e-17
4.933661134553482   4.230626157712194e-17
4.938207752521707   4.226284610842162e-17
4.942758560428077   4.2219496125887044e-17
4.947313562133824   4.217621140367615e-17
4.951872761503747   4.213299171743852e-17
4.9564361624062   4.2089836844301905e-17
4.961003768713119   4.20467465628583e-17
4.96557558429999   4.200372065315098e-17
4.970151613045878   4.1960758896660934e-17
4.974731858833416   4.191786107629394e-17
4.979316325548832   4.187502697636743e-17
4.983905017081919   4.183225638259791e-17
4.988497937326059   4.178954908208819e-17
4.993095090178219   4.174690486331495e-17
4.997696479538971   4.1704323516116204e-17
5.002302109312466   4.166180483167937e-17
5.006911983406459   4.161934860252897e-17
5.011526105732301   4.157695462251482e-17
5.016144480204962   4.153462268680003e-17
5.020767110743004   4.1492352591849644e-17
5.025394001268609   4.145014413541879e-17
5.030025155707563   4.1407997116541543e-17
5.034660577989288   4.1365911335519324e-17
5.0393002720468125   4.1323886593910076e-17
5.043944241816789   4.128192269451711e-17
5.0485924912395115   4.124001944137801e-17
5.053245024258892   4.119817663975416e-17
5.0579018448224815   4.115639409611991e-17
5.062562956881462   4.111467161815207e-17
5.067228364390675   4.1073009014719307e-17
5.071898071308588   4.103140609587218e-17
5.076572081597326   4.098986267283261e-17
5.081250399222656   4.094837855798401e-17
5.085933028154015   4.090695356486107e-17
5.090619972364487   4.0865587508140125e-17
5.095311235830818   4.082428020362927e-17
5.100006822533414   4.0783031468258753e-17
5.10470673645637   4.074184112007125e-17
5.10941098158743   4.0700708978212655e-17
5.11411956191802   4.0659634862922607e-17
5.118832481443244   4.0618618595525273e-17
5.123549744161896   4.0577659998420054e-17
5.128271354076444   4.0536758895072783e-17
5.13299731519305   4.0495915110006605e-17
5.137727631521559   4.045512846879314e-17
5.142462307075531   4.0414398798043654e-17
5.147201345872207   4.037372592540054e-17
5.151944751932534   4.0333109679528623e-17
5.156692529281163   4.029254989010672e-17
5.161444681946467   4.025204638781906e-17
5.166201213960514   4.02115990043473e-17
5.170962129359098   4.017120757236198e-17
5.175727432181722   4.0130871925514623e-17
5.18049712647163   4.0090591898429366e-17
5.185271216275776   4.005036732669535e-17
5.1900497056448485   4.0010198046858604e-17
5.194832598633263   3.997008389641431e-17
5.199619899299188   3.993002471379893e-17
5.204411611704517   3.989002033838279e-17
5.209207739914888   3.985007061046235e-17
5.214008287999684   3.9810175371252776e-17
5.218813260032055   3.9770334462880367e-17
5.2236226600888855   3.973054772837549e-17
5.2284364922508235   3.969081501166504e-17
5.233254760602273   3.965113615756547e-17
5.238077469231417   3.9611511011775387e-17
5.24290462223019   3.9571939420868826e-17
5.247736223694305   3.953242123228804e-17
5.25257227772324   3.949295629433675e-17
5.25741278842027   3.9453544456173043e-17
5.262257759892434   3.9414185567802913e-17
5.267107196250563   3.937487948007342e-17
5.271961101609268   3.933562604466602e-17
5.27681948008697   3.9296425114089965e-17
5.281682335805868   3.925727654167592e-17
5.286549672891969   3.9218180181569446e-17
5.2914214954750705   3.9179135888724667e-17
5.296297807688797   3.91401435188978e-17
5.301178613670563   3.9101202928641084e-17
5.306063917561605   3.906231397529654e-17
5.310953723506967   3.9023476516989826e-17
5.31584803565553   3.898469041262404e-17
5.320746858159983   3.894595552187393e-17
5.325650195176847   3.89072717051798e-17
5.3305580508664665   3.886863882374167e-17
5.335470429393039   3.883005673951329e-17
5.340387334924582   3.879152531519659e-17
5.345308771632958   3.8753044414235817e-17
5.35023474369387   3.8714613900811864e-17
5.355165255286887   3.8676233639836586e-17
5.36010031059541   3.863790349694742e-17
5.3650399138067035   3.85996233385017e-17
5.369984069111883   3.8561393031571376e-17
5.374932780705945   3.852321244393727e-17
5.379886052787734   3.848508144408414e-17
5.38484388955997   3.844699990119507e-17
5.389806295229239   3.8408967685146436e-17
5.394773274006023   3.83709846665024e-17
5.399744830104666   3.833305071651006e-17
5.404720967743396   3.829516570709424e-17
5.409701691144344   3.8257329510852274e-17
5.414687004533515   3.821954200104924e-17
5.419676912140817   3.8181803051612825e-17
5.424671418200047   3.814411253712854e-17
5.429670526948923   3.810647033283458e-17
5.43467424262905   3.80688763146173e-17
5.4396825694859485   3.803133035900632e-17
5.444695511769044   3.799383234316976e-17
5.449713073731697   3.795638214490941e-17
5.454735259631169   3.7918979642656395e-17
5.459762073728653   3.788162471546628e-17
5.464793520289261   3.7844317243014695e-17
5.469829603582052   3.7807057105592577e-17
5.474870327880004   3.776984418410194e-17
5.479915697460038   3.7732678360051254e-17
5.484965716603011   3.7695559515551205e-17
5.49002038959374   3.765848753331002e-17
5.495079720720976   3.7621462296629536e-17
5.500143714277427   3.7584483689400616e-17
5.5052123745597505   3.754755159609913e-17
5.510285705868583   3.7510665901781415e-17
5.515363712508505   3.74738264920805e-17
5.520446398788071   3.743703325320171e-17
5.525533769019797   3.740028607191868e-17
5.530625827520197   3.7363584835569155e-17
5.535722578609738   3.7326929432051184e-17
5.5408240266128805   3.729031974981894e-17
5.545930175858061   3.7253755677878915e-17
5.551041030677722   3.721723710578581e-17
5.556156595408284   3.7180763923638854e-17
5.561276874390167   3.7144336022077864e-17
5.566401871967786   3.710795329227943e-17
5.571531592489577   3.707161562595305e-17
5.576666040307966   3.703532291533759e-17
5.581805219779396   3.699907505319738e-17
5.586949135264317   3.6962871932818674e-17
5.592097791127218   3.692671344800574e-17
5.597251191736589   3.6890599493077603e-17
5.6024093414649565   3.685452996286416e-17
5.607572244688865   3.6818504752702877e-17
5.6127399057889145   3.678252375843492e-17
5.61791232914972   3.6746586876402007e-17
5.623089519159947   3.6710694003442774e-17
5.628271480212299   3.6674845036889376e-17
5.633458216703541   3.6639039874563963e-17
5.638649733034478   3.660327841477552e-17
5.6438460336099725   3.6567560556316387e-17
5.649047122838941   3.653188619845897e-17
5.654253005134383   3.649625524095232e-17
5.659463684913345   3.6460667584019155e-17
5.66467916659695   3.6425123128352355e-17
5.669899454610389   3.638962177511193e-17
5.675124553382952   3.635416342592165e-17
5.680354467347988   3.631874798286611e-17
5.6855892009429425   3.6283375348487505e-17
5.69082875860934   3.6248045425782495e-17
5.696073144792818   3.62127581181991e-17
5.7013223639430946   3.617751332963381e-17
5.706576420513992   3.6142310964428436e-17
5.7118353189634306   3.610715092736715e-17
5.7170990637534596   3.6072033123673405e-17
5.72236765935022   3.603695745900722e-17
5.727641110223976   3.600192383946206e-17
5.732919420849103   3.5966932171562e-17
5.738202595704121   3.593198236225881e-17
5.7434906392716565   3.58970743189292e-17
5.748783556038475   3.58622079493719e-17
5.754081350495469   3.5827383161804944e-17
5.759384027137689   3.5792599864862714e-17
5.764691590464309   3.575785796759341e-17
5.770004044978656   3.572315737945616e-17
5.7753213951881985   3.568849801031841e-17
5.780643645604582   3.565387977045302e-17
5.785970800743587   3.5619302570535926e-17
5.791302865125157   3.558476632164326e-17
5.79663984327342   3.555027093524869e-17
5.801981739716653   3.551581632322101e-17
5.807328558987314   3.548140239782142e-17
5.812680305622031   3.544702907170106e-17
5.8180369841616315   3.541269625789822e-17
5.823398599151108   3.537840386983619e-17
5.828765155139649   3.534415182132049e-17
5.834136656680629   3.5309940026536534e-17
5.839513108331635   3.527576840004697e-17
5.84489451465444   3.524163685678951e-17
5.850280880215022   3.520754531207433e-17
5.855672209583564   3.5173493681581736e-17
5.861068507334478   3.513948188135967e-17
5.8664697780463735   3.5105509827821505e-17
5.871876026302084   3.5071577437743654e-17
5.877287256688663   3.503768462826319e-17
5.882703473797407   3.500383131687548e-17
5.888124682223826   3.497001742143213e-17
5.893550886567674   3.493624286013843e-17
5.898982091432932   3.4902507551551384e-17
5.904418301427846   3.4868811414577134e-17
5.909859521164891   3.4835154368469094e-17
5.915305755260796   3.480153633282551e-17
5.92075700833654   3.476795722758742e-17
5.926213285017381   3.473441697303628e-17
5.931674589932816   3.47009154897921e-17
5.9371409277166185   3.4667452698811123e-17
5.942612303006824   3.463402852138376e-17
5.948088720445762   3.460064287913242e-17
5.9535701846800215   3.456729569400953e-17
5.959056700360478   3.4533986888295475e-17
5.96454827214229   3.4500716384596496e-17
5.970044904684921   3.446748410584252e-17
5.975546602652113   3.4434289975285435e-17
5.981053370711909   3.4401133916496854e-17
5.986565213536651   3.436801585336628e-17
5.9920821358030025   3.433493571009891e-17
5.9976041421919195   3.430189341121394e-17
6.003131237388678   3.4268888881542467e-17
6.008663426082865   3.4235922046225646e-17
6.014200712968409   3.420299283071259e-17
6.019743102743544   3.417010116075874e-17
6.02529060011084   3.4137246962423804e-17
6.030843209777196   3.410443016206999e-17
6.036400936453865   3.407165068635992e-17
6.041963784856426   3.4038908462255145e-17
6.047531759704807   3.400620341701405e-17
6.053104865723281   3.397353547819018e-17
6.058683107640492   3.3940904573630233e-17
6.064266490189425   3.3908310631472586e-17
6.0698550181074316   3.387575358014529e-17
6.075448696136222   3.384323334836441e-17
6.081047529021898   3.381074986513213e-17
6.086651521514913   3.37783030597353e-17
6.092260678370105   3.3745892861743434e-17
6.09787500434669   3.371351920100721e-17
6.103494504208287   3.368118200765653e-17
6.1091191827228855   3.3648881212099153e-17
6.114749044662876   3.361661674501879e-17
6.12038409480504   3.358438853737355e-17
6.1260243379305805   3.3552196520394176e-17
6.131669778825089   3.3520040625582604e-17
6.137320422278571   3.34879207847102e-17
6.142976273085441   3.3455836929816215e-17
6.148637336044553   3.342378899320606e-17
6.154303615959159   3.3391776907449916e-17
6.159975117636949   3.335980060538108e-17
6.165651845890035   3.332786002009436e-17
6.1713338055349825   3.329595508494448e-17
6.177021001392777   3.326408573354472e-17
6.182713438288854   3.3232251899765254e-17
6.188411121053087   3.320045351773168e-17
6.194114054519823   3.3168690521823385e-17
6.1998222435278425   3.313696284667228e-17
6.205535692920392   3.3105270427161165e-17
6.211254407545176   3.3073613198422314e-17
6.216978392254384   3.304199109583589e-17
6.222707651904659   3.301040405502867e-17
6.228442191357119   3.2978852011872555e-17
6.234182015477381   3.294733490248299e-17
6.239927129135528   3.2915852663217726e-17
6.245677537206135   3.288440523067539e-17
6.251433244568265   3.2852992541693996e-17
6.257194256105496   3.2821614533349536e-17
6.262960576705886   3.2790271142954755e-17
6.268732211262005   3.2758962308057634e-17
6.274509164670926   3.272768796644014e-17
6.280291441834253   3.269644805611672e-17
6.286079047658088   3.2665242515333135e-17
6.291871987053061   3.2634071282565016e-17
6.29767026493432   3.260293429651663e-17
6.303473886221564   3.257183149611943e-17
6.309282855839005   3.2540762820530856e-17
6.315097178715399   3.25097282091331e-17
6.320916859784037   3.247872760153168e-17
6.326741903982779   3.2447760937554165e-17
6.332572316254011   3.2416828157249074e-17
6.338408101544687   3.238592920088445e-17
6.344249264806305   3.2355064008946746e-17
6.350095810994953   3.23242325221394e-17
6.355947745071262   3.229343468138179e-17
6.361805072000444   3.226267042780793e-17
6.3676677967522775   3.2231939702765264e-17
6.373535924301143   3.2201242447813415e-17
6.379409459625983   3.2170578604723075e-17
6.385288407710338   3.213994811547477e-17
6.391172773542331   3.2109350922257715e-17
6.397062562114704   3.207878696746848e-17
6.4029577784247795   3.2048256193710076e-17
6.408858427474493   3.201775854379065e-17
6.414764514270381   3.198729396072236e-17
6.4206760438236135   3.195686238772019e-17
6.426593021149961   3.192646376820091e-17
6.432515451269823   3.1896098045781914e-17
6.438443339208215   3.1865765164280116e-17
6.444376689994806   3.183546506771071e-17
6.4503155086638815   3.1805197700286294e-17
6.4562598002543705   3.177496300641562e-17
6.462209569809841   3.174476093070258e-17
6.468164822378525   3.171459141794499e-17
6.474125563013293   3.168445441313375e-17
6.480091796771672   3.165434986145158e-17
6.486063528715849   3.1624277708272113e-17
6.492040763912691   3.1594237899158626e-17
6.498023507433717   3.156423037986329e-17
6.504011764355128   3.15342550963259e-17
6.510005539757793   3.1504311994673e-17
6.516004838727284   3.147440102121667e-17
6.52200966635384   3.1444522122453764e-17
6.528020027732399   3.141467524506471e-17
6.534035927962587   3.1384860335912613e-17
6.5400573721487465   3.135507734204214e-17
6.546084365399908   3.132532621067868e-17
6.552116912829815   3.1295606889227286e-17
6.558155019556916   3.126591932527173e-17
6.5641986907044   3.123626346657342e-17
6.570247931400153   3.120663926107065e-17
6.576302746776794   3.1177046656877474e-17
6.582363141971669   3.1147485602282865e-17
6.588429122126874   3.111795604574962e-17
6.594500692389226   3.10884579359136e-17
6.600577857910291   3.105899122158273e-17
6.606660623846376   3.1029555851736104e-17
6.61274899535856   3.1000151775522916e-17
6.6188429776126565   3.097077894226179e-17
6.624942575779249   3.094143730143971e-17
6.631047795033678   3.091212680271119e-17
6.6371586405560725   3.088284739589728e-17
6.643275117531315   3.085359903098488e-17
6.649397231149076   3.0824381658125634e-17
6.655524986603799   3.079519522763526e-17
6.661658389094734   3.076603968999242e-17
6.667797443825905   3.0736914995838157e-17
6.673942156006129   3.0707821095974885e-17
6.680092530849046   3.0678757941365435e-17
6.686248573573076   3.064972548313241e-17
6.692410289401461   3.062072367255726e-17
6.698577683562245   3.0591752461079415e-17
6.704750761288312   3.0562811800295424e-17
6.710929527817347   3.0533901641958286e-17
6.717113988391871   3.050502193797645e-17
6.723304148259226   3.047617264041317e-17
6.729500012671613   3.0447353701485463e-17
6.735701586886051   3.041856507356358e-17
6.741908876164411   3.038980670917003e-17
6.748121885773407   3.036107856097887e-17
6.7543406209846255   3.033238058181477e-17
6.760565087074491   3.0303712724652466e-17
6.7667952893243   3.0275074942615806e-17
6.7730312330202045   3.0246467188977056e-17
6.779272923453251   3.0217889417156035e-17
6.785520365919343   3.01893415807195e-17
6.791773565719267   3.016082363338027e-17
6.798032528158691   3.013233552899656e-17
6.804297258548194   3.0103877221571097e-17
6.810567762203224   3.007544866525056e-17
6.816844044444139   3.004704981432467e-17
6.8231261105961885   3.001868062322565e-17
6.829413965989554   2.999034104652723e-17
6.835707615959307   2.996203103894416e-17
6.842007065845442   2.993375055533141e-17
6.848312320992869   2.990549955068344e-17
6.854623386751442   2.9877277980133424e-17
6.860940268475925   2.9849085798952734e-17
6.867262971526028   2.9820922962550025e-17
6.873591501266386   2.9792789426470736e-17
6.879925863066604   2.976468514639616e-17
6.886266062301212   2.9736610078142993e-17
6.892612104349702   2.970856417766252e-17
6.898963994596515   2.968054740103999e-17
6.905321738431073   2.965255970449384e-17
6.911685341247749   2.9624601044375164e-17
6.918054808445888   2.9596671377166964e-17
6.924430145429809   2.956877065948352e-17
6.930811357608828   2.9540898848069665e-17
6.937198450397229   2.9513055899800216e-17
6.94359142921429   2.94852417716793e-17
6.949990299484278   2.945745642083971e-17
6.9563950666364756   2.9429699804542155e-17
6.962805736105153   2.9401971880174826e-17
6.969222313329592   2.9374272605252593e-17
6.975644803754081   2.9346601937416493e-17
6.982073212827947   2.9318959834432946e-17
6.9885075460055175   2.929134625419331e-17
6.9949478087461525   2.926376115471315e-17
7.0013940065142375   2.923620449413174e-17
7.007846144779214   2.920867623071122e-17
7.0143042290155435   2.918117632283624e-17
7.020768264702738   2.915370472901326e-17
7.027238257325354   2.912626140786995e-17
7.033714212373022   2.909884631815449e-17
7.040196135340411   2.90714594187352e-17
7.04668403172726   2.9044100668599795e-17
7.0531779070383696   2.901677002685484e-17
7.059677766783636   2.898946745272509e-17
7.06618361647801   2.8962192905553095e-17
7.072695461641532   2.893494634479847e-17
7.079213307799321   2.89077277300374e-17
7.085737160481614   2.888053702096198e-17
7.092267025223717   2.8853374177379767e-17
7.098802907566048   2.882623915921318e-17
7.105344813054122   2.879913192649894e-17
7.111892747238587   2.8772052439387444e-17
7.118446715675183   2.874500065814235e-17
7.125006723924779   2.871797654313994e-17
7.131572777553361   2.8690980054868635e-17
7.138144882132064   2.8664011153928315e-17
7.144723043237138   2.8637069801029995e-17
7.151307266449971   2.861015595699518e-17
7.157897557357115   2.8583269582755256e-17
7.164493921550251   2.85564106393511e-17
7.1710963646262185   2.8529579087932525e-17
7.177704892187007   2.850277488975773e-17
7.184319509839792   2.847599800619272e-17
7.190940223196892   2.8449248398710944e-17
7.197567037875809   2.8422526028892675e-17
7.204199959499211   2.839583085842454e-17
7.21083899369497   2.836916284909896e-17
7.2174841460961225   2.834252196281373e-17
7.224135422340905   2.831590816157149e-17
7.23079282807274   2.8289321407479235e-17
7.237456368940276   2.826276166274772e-17
7.244126050597342   2.8236228889691155e-17
7.250801878702986   2.820972305072659e-17
7.257483858921463   2.8183244108373486e-17
7.264171996922271   2.815679202525313e-17
7.270866298380111   2.8130366764088335e-17
7.277566768974918   2.810396828770281e-17
7.284273414391857   2.8077596559020797e-17
7.290986240321353   2.805125154106646e-17
7.297705252459054   2.8024933196963586e-17
7.304430456505862   2.799864148993503e-17
7.311161858167929   2.7972376383302263e-17
7.317899463156683   2.794613784048485e-17
7.324643277188796   2.791992582500015e-17
7.331393305986216   2.789374030046275e-17
7.338149555276155   2.7867581230584014e-17
7.344912030791127   2.784144857917166e-17
7.351680738268904   2.781534231012932e-17
7.358455683452554   2.7789262387456106e-17
7.365236872090433   2.776320877524616e-17
7.372024309936213   2.773718143768814e-17
7.378818002748848   2.771118033906493e-17
7.385617956292605   2.7685205443753124e-17
7.392424176337056   2.7659256716222617e-17
7.399236668657116   2.7633334121036073e-17
7.4060554390329925   2.760743762284871e-17
7.412880493250233   2.758156718640771e-17
7.419711837099707   2.7555722776551875e-17
7.426549476377644   2.7529904358211123e-17
7.433393416885591   2.7504111896406208e-17
7.440243664430449   2.7478345356248208e-17
7.4471002248244655   2.7452604702938163e-17
7.453963103885264   2.742688990176658e-17
7.460832307435807   2.7401200918113166e-17
7.467707841304433   2.737553771744631e-17
7.474589711324841   2.7349900265322802e-17
7.48147792333613   2.7324288527387222e-17
7.488372483182759   2.72987024693718e-17
7.495273396714576   2.7273142057095877e-17
7.502180669786818   2.7247607256465516e-17
7.509094308260137   2.7222098033473116e-17
7.516014318000563   2.7196614354197106e-17
7.5229407048795425   2.7171156184801464e-17
7.529873474773922   2.7145723491535398e-17
7.536812633565988   2.712031624073287e-17
7.543758187143425   2.7094934398812376e-17
7.5507101413993505   2.7069577932276422e-17
7.557668502232306   2.7044246807711253e-17
7.56463327554629   2.7018940991786378e-17
7.571604467250722   2.699366045125429e-17
7.578582083260471   2.6968405152950097e-17
7.585566129495853   2.6943175063791128e-17
7.592556611882659   2.6917970150776492e-17
7.599553536352122   2.6892790380986874e-17
7.606556908840946   2.6867635721584077e-17
7.613566735291298   2.6842506139810723e-17
7.620583021650846   2.681740160298975e-17
7.627605773872714   2.6792322078524284e-17
7.634634997915523   2.6767267533897123e-17
7.641670699743372   2.674223793667049e-17
7.648712885325884   2.6717233254485532e-17
7.65576156063816   2.6692253455062164e-17
7.662816731660805   2.6667298506198658e-17
7.6698784043799595   2.6642368375771186e-17
7.676946584787258   2.661746303173367e-17
7.684021278879863   2.6592582442117332e-17
7.691102492660457   2.6567726575030398e-17
7.698190232137279   2.6542895398657673e-17
7.705284503324078   2.6518088881260356e-17
7.712385312240156   2.6493306991175637e-17
7.7194926649103515   2.6468549696816368e-17
7.7266065673650814   2.6443816966670683e-17
7.733727025640295   2.64191087693018e-17
7.740854045777513   2.6394425073347603e-17
7.747987633823812   2.6369765847520396e-17
7.755127795831871   2.6345131060606432e-17
7.762274537859918   2.6320520681465792e-17
7.769427865971775   2.629593467903195e-17
7.776587786236841   2.6271373022311528e-17
7.783754304730135   2.6246835680383854e-17
7.790927427532252   2.622232262240082e-17
7.798107160729393   2.619783381758648e-17
7.805293510413365   2.6173369235236785e-17
7.81248648268161   2.6148928844719187e-17
7.8196860836371656   2.612451261547246e-17
7.826892319388703   2.610012051700633e-17
7.834105196050513   2.607575251890122e-17
7.841324719742547   2.605140859080783e-17
7.848550896590369   2.6027088702447013e-17
7.8557837327252   2.6002792823609386e-17
7.863023234283902   2.5978520924155053e-17
7.870269407409014   2.5954272974013242e-17
7.877522258248714   2.5930048943182157e-17
7.884781792956854   2.5905848801728596e-17
7.8920480176929475   2.5881672519787724e-17
7.8993209386222105   2.585752006756264e-17
7.906600561915513   2.583339141532429e-17
7.913886893749425   2.580928653341109e-17
7.921179940306195   2.5785205392228658e-17
7.928479707773797   2.5761147962249458e-17
7.935786202345882   2.5737114214012677e-17
7.943099430221815   2.5713104118123826e-17
7.950419397606668   2.568911764525457e-17
7.9577461107112555   2.5665154766142268e-17
7.965079575752092   2.5641215451589926e-17
7.972419798951425   2.5617299672465812e-17
7.979766786537234   2.55934073997032e-17
7.987120544743258   2.5569538604300058e-17
7.994481079808956   2.5545693257318893e-17
8.001848397979549   2.5521871329886402e-17
8.009222505506   2.549807279319326e-17
8.01660340864506   2.5474297618493746e-17
8.023991113659225   2.545054577710565e-17
8.031385626816762   2.5426817240409922e-17
8.038786954391714   2.5403111979850428e-17
8.046195102663924   2.5379429966933635e-17
8.053610077919004   2.5355771173228483e-17
8.061031886448362   2.5332135570366052e-17
8.068460534549198   2.5308523130039332e-17
8.075896028524538   2.5284933824002894e-17
8.083338374683194   2.5261367624072786e-17
8.090787579339798   2.5237824502126203e-17
8.098243648814796   2.521430443010125e-17
8.105706589434478   2.519080737999664e-17
8.113176407530947   2.5167333323871573e-17
8.120653109442141   2.514388223384541e-17
8.128136701511838   2.5120454082097484e-17
8.135627190089684   2.509704884086672e-17
8.143124581531149   2.5073666482451618e-17
8.150628882197571   2.5050306979209874e-17
8.158140098456142   2.5026970303558163e-17
8.165658236679947   2.500365642797188e-17
8.173183303247916   2.498036532498501e-17
8.18071530454487   2.4957096967189784e-17
8.188254246961504   2.4933851327236535e-17
8.195800136894427   2.4910628377833345e-17
8.203352980746116   2.488742809174598e-17
8.210912784924952   2.4864250441797566e-17
8.218479555845246   2.4841095400868322e-17
8.22605329992719   2.4817962941895473e-17
8.233634023596906   2.4794853037872892e-17
8.24122173328643   2.477176566185098e-17
8.24881643543375   2.474870078693632e-17
8.256418136482756   2.4725658386291602e-17
8.264026842883293   2.470263843313533e-17
8.271642561091138   2.4679640900741597e-17
8.27926529756804   2.4656665762439864e-17
8.286895058781683   2.4633712991614788e-17
8.294531851205715   2.4610782561706e-17
8.302175681319744   2.4587874446207867e-17
8.309826555609373   2.4564988618669226e-17
8.317484480566158   2.4542125052693332e-17
8.325149462687643   2.451928372193751e-17
8.332821508477355   2.4496464600113014e-17
8.34050062444484   2.447366766098472e-17
8.348186817105612   2.445089287837108e-17
8.355880092981202   2.4428140226143796e-17
8.363580458599143   2.4383409563665438e-17
8.371287920493007   2.434375321591137e-17
8.379002485202363   2.430961790699805e-17
8.386724159272815   2.4277741538003653e-17
8.394452949255987   2.4247199910869344e-17
8.40218886170957   2.4217572963572735e-17
8.409931903197274   2.4188627281378342e-17
8.417682080288861   2.4160217117932223e-17
8.425439399560144   2.4132244164740188e-17
8.43320386759302   2.4104638350286946e-17
8.440975490975424   2.407734761314412e-17
8.448754276301372   2.4050331998846453e-17
8.456540230170948   2.4023560035632024e-17
8.464333359190345   2.3997006397598102e-17
8.472133669971818   2.3970650336635302e-17
8.479941169133722   2.394447459476042e-17
8.487755863300505   2.3918464628243747e-17
8.495577759102746   2.3892608040714912e-17
8.503406863177105   2.3866894160262196e-17
8.51124318216637   2.3841313718160776e-17
8.51908672271944   2.3815858600858763e-17
8.526937491491369   2.3790521655764355e-17
8.534795495143316   2.3765296537207978e-17
8.54266074034259   2.374017758285492e-17
8.550533233762634   2.3715159713511082e-17
8.558412982083066   2.3690238351120464e-17
8.566299991989636   2.3665409351068406e-17
8.57419427017426   2.364066894584892e-17
8.582095823335017   2.361601369784497e-17
8.59000465817618   2.3591440459479163e-17
8.59792078140818   2.3566946339373757e-17
8.605844199747635   2.3542528673445934e-17
8.613774919917345   2.3518185000084798e-17
8.621712948646337   2.3493913038725523e-17
8.629658292669804   2.346971067126835e-17
8.637610958729164   2.3445575925892487e-17
8.645570953572031   2.342150696289788e-17
8.653538283952269   2.3397502062271458e-17
8.661512956629936   2.3373559612727993e-17
8.66949497837133   2.334967810201604e-17
8.677484355948977   2.332585610831514e-17
8.685481096141666   2.33020922925768e-17
8.693485205734415   2.3278385391686065e-17
8.701496691518495   2.3254734212337815e-17
8.709515560291429   2.3231137625538627e-17
8.717541818857034   2.3207594561657368e-17
8.72557547402537   2.31841040059593e-17
8.733616532612777   2.316066499456635e-17
8.741665001441872   2.313727661079529e-17
8.749720887341585   2.3113937981830868e-17
8.757784197147112   2.309064827569766e-17
8.765854937699956   2.3067406698497703e-17
8.77393311584792   2.3044212491886362e-17
8.782018738445139   2.3021064930761384e-17
8.790111812352041   2.2997963321143778e-17
8.798212344435386   2.2974906998230912e-17
8.806320341568249   2.2951895324605332e-17
8.814435810630068   2.2928927688584024e-17
8.822558758506595   2.2906003502695077e-17
8.830689192089928   2.2883122202269683e-17
8.83882711827854   2.2860283244138848e-17
8.846972543977236   2.2837486105425895e-17
8.855125476097193   2.2814730282425553e-17
8.863285921555951   2.2792015289562754e-17
8.871453887277449   2.2769340658423765e-17
8.879629380191977   2.274670593685413e-17
8.887812407236225   2.2724110688117296e-17
8.896002975353266   2.2701554490109358e-17
8.904201091492599   2.2679036934625118e-17
8.912406762610095   2.265655762667183e-17
8.92061999566805   2.2634116183826273e-17
8.928840797635166   2.261171223563236e-17
8.937069175486592   2.258934542303582e-17
8.945305136203878   2.2567015397853527e-17
8.95354868677502   2.2544721822274585e-17
8.961799834194442   2.2522464368391032e-17
8.970058585463043   2.2500242717755896e-17
8.978324947588142   2.2478056560967014e-17
8.98659892758353   2.245590559727426e-17
8.99488053246945   2.2433789534209018e-17
9.003169769272642   2.2411708087234117e-17
9.011466645026292   2.2389660979413075e-17
9.019771166770083   2.2367647941097114e-17
9.028083341550166   2.2345668709628973e-17
9.036403176419226   2.2323723029062203e-17
9.044730678436407   2.23018106498954e-17
9.053065854667377   2.2279931328819806e-17
9.0614087121843   2.2258084828479992e-17
9.069759258065888   2.2236270917246334e-17
9.078117499397349   2.221448936899914e-17
9.08648344327043   2.219273996292307e-17
9.0948570967834   2.2171022483311776e-17
9.103238467041102   2.2149336719381717e-17
9.111627561154895   2.212768246509505e-17
9.120024386242706   2.2106059518990696e-17
9.128428949429006   2.208446768402331e-17
9.136841257844864   2.2062906767409574e-17
9.14526131862789   2.2041376580481682e-17
9.15368913892228   2.2019876938547222e-17
9.16212472587881   2.1998407660755382e-17
9.170568086654868   2.197696856996902e-17
9.179019228414413   2.1955559492642406e-17
9.187478158328014   2.1934180258704178e-17
9.195944883572839   2.1912830701445272e-17
9.2044194113327   2.189151065741159e-17
9.212901748797995   2.1870219966301356e-17
9.221391903165765   2.1848958470866462e-17
9.229889881639672   2.1827726016818046e-17
9.238395691430041   2.1806522452735806e-17
9.24690933975382   2.1785347629981112e-17
9.25543083383461   2.176420140261347e-17
9.263960180902666   2.174308362731032e-17
9.27249738819493   2.1721994163289914e-17
9.281042462954986   2.1700932872237397e-17
9.289595412433101   2.1679899618233493e-17
9.29815624388622   2.1658894267686055e-17
9.306724964577999   2.1637916689264088e-17
9.315301581778758   2.161696675383442e-17
9.323886102765533   2.1596044334400552e-17
9.332478534822048   2.1575149306043843e-17
9.341078885238776   2.1554281545866763e-17
9.349687161312875   2.1533440932938352e-17
9.358303370348239   2.1512627348241474e-17
9.366927519655482   2.149184067462207e-17
9.375559616551985   2.147108079673999e-17
9.384199668361846   2.14503476010219e-17
9.392847682415916   2.142964097561549e-17
9.401503666051797   2.1408960810345398e-17
9.410167626613882   2.1388306996670597e-17
9.418839571453299   2.1367679427643324e-17
9.427519507927965   2.1347077997869235e-17
9.436207443402566   2.1326502603469012e-17
9.444903385248601   2.1305953142041093e-17
9.453607340844341   2.128542951262582e-17
9.462319317574847   2.1264931615670623e-17
9.471039322832022   2.1244459352996256e-17
9.479767364014547   2.122401262776434e-17
9.488503448527934   2.120359134444571e-17
9.49724758378451   2.1183195408789907e-17
9.505999777203462   2.1162824727795472e-17
9.51476003621078   2.1142479209681403e-17
9.523528368239313   2.1122158763859215e-17
9.53230478072875   2.110186330090609e-17
9.541089281125663   2.1081592732538583e-17
9.549881876883456   2.1061346971587456e-17
9.558682575462413   2.1041125931972975e-17
9.567491384329683   2.1020929528681065e-17
9.576308310959327   2.1000757677740082e-17
9.585133362832265   2.098061029619847e-17
9.593966547436315   2.0960487302102826e-17
9.602807872266192   2.0940388614476746e-17
9.611657344823547   2.092031415330013e-17
9.620514972616908   2.090026383948932e-17
9.629380763161741   2.0880237594877555e-17
9.638254723980422   2.0860235342196138e-17
9.647136862602292   2.0840257005055935e-17
9.656027186563598   2.0820302507929694e-17
9.664925703407546   2.0800371776134507e-17
9.673832420684281   2.0780464735815042e-17
9.682747345950935   2.0760581313926953e-17
9.691670486771574   2.0740721438221015e-17
9.700601850717248   2.0720885037227497e-17
9.709541445365973   2.0701072040241012e-17
9.718489278302776   2.0681282377305682e-17
9.727445357119647   2.0661515979200908e-17
9.736409689415579   2.064177277742727e-17
9.74538228279656   2.0622052704192963e-17
9.75436314487562   2.0602355692400355e-17
9.76335228327277   2.0582681675633277e-17
9.772349705615055   2.0563030588144213e-17
9.781355419536538   2.0543402364842138e-17
9.790369432678352   2.0523796941280354e-17
9.799391752688635   2.0504214253644988e-17
9.808422387222585   2.04846542387435e-17
9.817461343942446   2.0465116833993572e-17
9.826508630517555   2.0445601977412177e-17
9.835564254624282   2.0426109607605148e-17
9.844628223946085   2.040663966375674e-17
9.85370054617349   2.0387192085619607e-17
9.862781229004142   2.0367766813504847e-17
9.871870280142751   2.0348363788272523e-17
9.880967707301133   2.0328982951322232e-17
9.890073518198204   2.030962424458396e-17
9.899187720560024   2.029028761050901e-17
9.908310322119739   2.027097299206147e-17
9.917441330617637   2.0251680332709506e-17
9.926580753801124   2.0232409576417114e-17
9.935728599424781   2.021316066763584e-17
9.944884875250299   2.019393355129697e-17
9.954049589046535   2.017472817280364e-17
9.963222748589496   2.015554447802323e-17
9.972404361662386   2.013638241327988e-17
9.981594436055548   2.0117241925347304e-17
9.990792979566516   2.0098122961441593e-17
10.0   2.0079025469214273e-17
