0.001   1.0700237777335028e-12
0.0010009215505167933   1.069038604654911e-12
0.0010018439502889405   1.0680543386271872e-12
0.0010027672000990757   1.0670709788152047e-12
0.0010036913007305502   1.0660885243846107e-12
0.0010046162529674394   1.0651069745018185e-12
0.0010055420575945395   1.0641263283340098e-12
0.0010064687153973732   1.063146585049131e-12
0.0010073962271621838   1.062167743815896e-12
0.0010083245936759408   1.061189803803785e-12
0.0010092538157263373   1.0602127641830423e-12
0.0010101838941017954   1.059236624124674e-12
0.0010111148295914613   1.0582613828004517e-12
0.0010120466229852085   1.0572870393829098e-12
0.0010129792750736386   1.056313593045344e-12
0.0010139127866480835   1.0553410429618092e-12
0.0010148471585006023   1.054369388307124e-12
0.0010157823914239848   1.0533986282568643e-12
0.0010167184862117501   1.0524287619873678e-12
0.0010176554436581518   1.0514597886757267e-12
0.0010185932645581726   1.0504917074997926e-12
0.0010195319497075283   1.0495245176381763e-12
0.0010204714999026674   1.0485582182702424e-12
0.0010214119159407755   1.0475928085761104e-12
0.0010223531986197697   1.0107315231778386e-12
0.001023295348738303   9.792884989124492e-13
0.001024238367095764   9.59363815745741e-13
0.0010251822544922805   9.437842295804566e-13
0.0010261270117287152   9.30683212361364e-13
0.0010270726396066695   9.192364502987673e-13
0.001028019138928482   9.089935261451829e-13
0.001028966510497235   8.996765160596202e-13
0.0010299147551167467   8.910996973672551e-13
0.0010308638735915777   8.831317262568109e-13
0.0010318138667270284   8.756756877605346e-13
0.0010327647353291453   8.686576683482357e-13
0.0010337164802047137   8.620197841870476e-13
0.001034669102161264   8.557157099873599e-13
0.0010356226020070698   8.497076927805406e-13
0.0010365769805511522   8.439644891666184e-13
0.0010375322386032752   8.38459899399014e-13
0.0010384883769739498   8.33171699990638e-13
0.0010394453964744329   8.28080849978448e-13
0.0010404032979167324   8.231708897306279e-13
0.001041362082113601   8.184274781441685e-13
0.0010423217498785418   8.138380312039666e-13
0.001043282302025806   8.093914360400037e-13
0.0010442437393703991   8.050778220716381e-13
0.0010452060627280742   8.0088837590814e-13
0.0010461692729153368   7.968151902028957e-13
0.0010471333707494442   7.928511391520176e-13
0.0010480983570484096   7.889897751170028e-13
0.001049064232630998   7.852252421534233e-13
0.0010500309983167283   7.815522031876684e-13
0.001050998654925875   7.779657783004735e-13
0.001051967203279471   7.744614921165931e-13
0.0010529366441993028   7.710352287122275e-13
0.0010539069785079154   7.676831927689514e-13
0.0010548782070286104   7.644018759493222e-13
0.0010558503305854515   7.611880276621259e-13
0.001056823350003259   7.580386295374813e-13
0.0010577972661076137   7.549508730528497e-13
0.0010587720797248566   7.519221398479026e-13
0.0010597477916820934   7.489499843440741e-13
0.0010607244028071885   7.46032118347881e-13
0.0010617019139287707   7.431663973684614e-13
0.001062680325876231   7.403508084220918e-13
0.0010636596394797285   7.375834591310982e-13
0.001064639855570183   7.348625679534389e-13
0.0010656209749792826   7.321864554030242e-13
0.0010666029985394794   7.29553536140956e-13
0.0010675859270839968   7.26962311834518e-13
0.0010685697614468224   7.244113646949593e-13
0.0010695545024627133   7.218993516169326e-13
0.0010705401509671954   7.194249988526856e-13
0.0010715267077965672   7.169870971626344e-13
0.0010725141737878948   7.145844973914041e-13
0.0010735025497790173   7.122161064246216e-13
0.0010744918366085438   7.098808834872972e-13
0.0010754820351158607   7.075778367491978e-13
0.0010764731461411236   7.053060202067892e-13
0.001077465170525263   7.030645308146921e-13
0.0010784581091099873   7.008525058427687e-13
0.0010794519627377775   6.986691204375774e-13
0.001080446732251892   6.96513585369224e-13
0.0010814424184963653   6.943851449467377e-13
0.001082439022316013   6.922830750868317e-13
0.0010834365445564255   6.90206681522546e-13
0.0010844349860639742   6.881552981395764e-13
0.001085434347685809   6.861282854293997e-13
0.0010864346302698641   6.841250290493306e-13
0.0010874358346648514   6.821449384806706e-13
0.0010884379617202664   6.801874457768828e-13
0.001089441012286386   6.782520043945783e-13
0.0010904449872142744   6.763380881006994e-13
0.0010914498873557763   6.744451899499819e-13
0.001092455713563523   6.725728213272094e-13
0.0010934624666909302   6.707205110493721e-13
0.0010944701475922032   6.688878045231983e-13
0.0010954787571223316   6.670742629539814e-13
0.0010964882961370939   6.652794626019199e-13
0.0010974987654930556   6.635029940825589e-13
0.0010985101660475757   6.617444617081742e-13
0.0010995224986587997   6.600034828672443e-13
0.0011005357641856645   6.582796874393251e-13
0.0011015499634878982   6.565727172429252e-13
0.001102565097426024   6.548822255141251e-13
0.0011035811668613552   6.532078764139049e-13
0.0011045981726559998   6.515493445622483e-13
0.0011056161156728587   6.499063145972948e-13
0.0011066349967756319   6.482784807579034e-13
0.001107654816828812   6.46665546488154e-13
0.0011086755766976893   6.450672240623701e-13
0.00110969727724835   6.434832342294055e-13
0.0011107199193476824   6.419133058749804e-13
0.0011117435038633698   6.403571757010012e-13
0.0011127680316638966   6.388145879207866e-13
0.0011137935036185465   6.372852939692939e-13
0.001114819920597407   6.357690522274223e-13
0.0011158472834713652   6.342656277596038e-13
0.0011168755931121107   6.327747920638782e-13
0.0011179048503921357   6.312963228337572e-13
0.0011189350561847404   6.298300037311917e-13
0.0011199662113640255   6.28375624170049e-13
0.0011209983168048992   6.269329791094714e-13
0.001122031373383074   6.255018688566105e-13
0.0011230653819750734   6.240820988781935e-13
0.0011241003434582252   6.226734796204824e-13
0.0011251362587106667   6.212758263371329e-13
0.0011261731286113432   6.198889589245717e-13
0.0011272109540400137   6.185127017644663e-13
0.0011282497358772443   6.171468835729537e-13
0.001129289475004414   6.157913372562416e-13
0.0011303301723037122   6.14445899772286e-13
0.001131371828658146   6.131104119982132e-13
0.0011324144449515311   6.117847186032327e-13
0.0011334580220685004   6.104686679267223e-13
0.0011345025608945   6.091621118612729e-13
0.0011355480623157956   6.078649057404172e-13
0.0011365945272194663   6.065769082308472e-13
0.0011376419564934099   6.052979812288735e-13
0.001138690351026341   6.040279897609498e-13
0.001139739711707797   6.027668018880486e-13
0.001140790039428131   6.015142886137369e-13
0.0011418413350785187   6.002703237957447e-13
0.001142893599550955   5.99034784060897e-13
0.001143946833738261   5.978075487232279e-13
0.0011450010385340766   5.965884997051666e-13
0.0011460562148328665   5.95377521461619e-13
0.0011471123635299187   5.941745009068454e-13
0.0011481694855213498   5.929793273439901e-13
0.0011492275817040981   5.917918923971714e-13
0.0011502866529759306   5.906120899459881e-13
0.0011513467002354399   5.894398160623669e-13
0.0011524077243820503   5.882749689496294e-13
0.001153469726316011   5.871174488837051e-13
0.0011545327069384017   5.859671581563778e-13
0.0011555966671511356   5.848240010204897e-13
0.0011566616078569534   5.83687883637035e-13
0.0011577275299594289   5.825587140240388e-13
0.0011587944343629678   5.814364020071685e-13
0.0011598623219728121   5.803208591719953e-13
0.0011609311936950353   5.792119988178533e-13
0.0011620010504365464   5.781097359132149e-13
0.0011630718931050893   5.770139870525324e-13
0.0011641437226092481   5.759246704144828e-13
0.0011652165398584402   5.748417057215726e-13
0.001166290345762923   5.737650142010306e-13
0.0011673651412337906   5.726945185469533e-13
0.001168440927182981   5.716301428836449e-13
0.001169517704523269   5.705718127301218e-13
0.0011705954741682712   5.695194549657166e-13
0.0011716742370324457   5.684729977967553e-13
0.0011727539940310965   5.674323707242579e-13
0.001173834746080367   5.663975045126399e-13
0.0011749164940972475   5.653683311593531e-13
0.0011759992389995706   5.643447838654572e-13
0.001177082981706019   5.633267970070628e-13
0.0011781677231361188   5.623143061076432e-13
0.0011792534642102441   5.613072478111552e-13
0.0011803402058496162   5.60305559855959e-13
0.0011814279489763089   5.593091810494967e-13
0.001182516694513242   5.583180512437187e-13
0.0011836064433841875   5.573321113112098e-13
0.0011846971965137668   5.563513031220106e-13
0.0011857889548274577   5.553755695210935e-13
0.0011868817192515865   5.54404854306489e-13
0.0011879754907133354   5.534391022080221e-13
0.001189070270140739   5.524782588666486e-13
0.0011901660584626905   5.515222708143648e-13
0.0011912628566089368   5.505710854546816e-13
0.0011923606655100815   5.496246510436315e-13
0.001193459486097585   5.486829166712989e-13
0.00119455931930377   5.477458322438481e-13
0.0011956601660618148   5.46813348466051e-13
0.0011967620273057582   5.458854168242729e-13
0.001197864903970499   5.449619895699226e-13
0.0011989687969918017   5.440430197033342e-13
0.0012000737073062885   5.431284609580902e-13
0.0012011796358514467   5.422182677857439e-13
0.0012022865835656258   5.413123953409506e-13
0.0012033945513880446   5.404107994669775e-13
0.0012045035402587824   5.395134366816033e-13
0.0012056135511187872   5.386202641633653e-13
0.0012067245849098724   5.377312397381713e-13
0.0012078366425747234   5.368463218662411e-13
0.00120894972505689   5.359654696293932e-13
0.0012100638333007933   5.350886427186395e-13
0.0012111789682517232   5.342158014220995e-13
0.0012122951308558448   5.333469066132065e-13
0.001213412322060191   5.324819197392203e-13
0.0012145305428126689   5.316208028100122e-13
0.001215649794062058   5.307635183871287e-13
0.0012167700767580156   5.299100295731217e-13
0.0012178913918510705   5.290603000011431e-13
0.001219013740292629   5.282142938247839e-13
0.0012201371230349724   5.273719757081624e-13
0.001221261541031264   5.265333108162449e-13
0.0012223869952355413   5.256982648054051e-13
0.001223513486602722   5.248668038141994e-13
0.001224641016088603   5.240388944543636e-13
0.0012257695846498657   5.232145038020164e-13
0.0012268991932440692   5.22393599389077e-13
0.0012280298428296555   5.215761491948745e-13
0.0012291615343659526   5.207621216379504e-13
0.0012302942688131701   5.199514855680576e-13
0.0012314280471324027   5.191442102583354e-13
0.0012325628702856313   5.183402653976643e-13
0.001233698739235722   5.175396210831977e-13
0.0012348356549464318   5.167422478130543e-13
0.0012359736183824026   5.159481164791852e-13
0.0012371126305091645   5.151571983603933e-13
0.0012382526922931417   5.143694651155057e-13
0.0012393938047016453   5.135848887767067e-13
0.0012405359687028784   5.128034417430102e-13
0.001241679185265936   5.120250967738763e-13
0.0012428234553608093   5.112498269829672e-13
0.0012439687799583798   5.104776058320442e-13
0.0012451151600304253   5.097084071249893e-13
0.0012462625965496171   5.089422050019602e-13
0.0012474110904895277   5.08178973933666e-13
0.001248560642824622   5.074186887157733e-13
0.0012497112545302646   5.066613244634232e-13
0.0012508629265827183   5.059068566058676e-13
0.001252015659959148   5.051552608812173e-13
0.0012531694556376168   5.044065133313032e-13
0.001254324314597089   5.036605902966412e-13
0.0012554802378174311   5.029174684115041e-13
0.0012566372262794157   5.021771245990915e-13
0.0012577952809647152   5.014395360668073e-13
0.0012589544028559084   5.007046803016257e-13
0.001260114592936478   4.999725350655568e-13
0.0012612758521908175   4.992430783911993e-13
0.0012624381816042228   4.98516288577393e-13
0.0012636015821628997   4.977921441849479e-13
0.0012647660548539615   4.970706240324672e-13
0.0012659316006654348   4.963517071922459e-13
0.0012670982205862532   4.956353729862622e-13
0.0012682659156062622   4.949216009822378e-13
0.001269434686716219   4.942103709897816e-13
0.0012706045349077978   4.935016630566061e-13
0.0012717754611735821   4.927954574648228e-13
0.0012729474665070717   4.920917347273045e-13
0.0012741205519026806   4.913904755841226e-13
0.0012752947183557435   4.906916609990464e-13
0.001276469966862508   4.899952721561215e-13
0.0012776462984201411   4.893012904563026e-13
0.001278823714026728   4.88609697514157e-13
0.001280002214681277   4.879204751546261e-13
0.001281181801383713   4.872336054098566e-13
0.0012823624751348843   4.865490705160814e-13
0.00128354423693656   4.85866852910567e-13
0.0012847270877914358   4.851869352286118e-13
0.0012859110287031285   4.84509300300608e-13
0.00128709606067618   4.838339311491507e-13
0.0012882821847160575   4.831608109862059e-13
0.0012894694018291582   4.824899232103249e-13
0.0012906577130228029   4.81821251403919e-13
0.0012918471193052424   4.811547793305743e-13
0.0012930376216856547   4.804904909324228e-13
0.0012942292211741524   4.798283703275543e-13
0.0012954219187817743   4.79168401807485e-13
0.001296615715520493   4.785105698346609e-13
0.0012978106124032118   4.778548590400147e-13
0.0012990066104437718   4.772012542205587e-13
0.0013002037106569443   4.765497403370293e-13
0.0013014019140584368   4.759003025115666e-13
0.0013026012216648918   4.752529260254378e-13
0.0013038016344938926   4.746075963167981e-13
0.0013050031535639564   4.739642989784967e-13
0.0013062057798945402   4.733230197559154e-13
0.001307409514506039   4.726837445448487e-13
0.0013086143584197926   4.720464593894148e-13
0.0013098203126580775   4.714111504800138e-13
0.001311027378244114   4.707778041513096e-13
0.0013122355562020635   4.701464068802536e-13
0.001313444847557036   4.695169452841371e-13
0.0013146552533350817   4.688894061186842e-13
0.0013158667745631978   4.682637762761698e-13
0.0013170794122693262   4.676400427835745e-13
0.0013182931674823608   4.670181928007647e-13
0.0013195080412321393   4.663982136187133e-13
0.0013207240345494498   4.657800926577392e-13
0.0013219411484660286   4.65163817465785e-13
0.001323159384014568   4.645493757167152e-13
0.0013243787422287064   4.639367552086522e-13
0.001325599224143036   4.633259438623326e-13
0.0013268208307931058   4.627169297194901e-13
0.0013280435632154154   4.621097009412724e-13
0.0013292674224474204   4.615042458066767e-13
0.001330492409527532   4.609005527110136e-13
0.0013317185254951218   4.60298610164394e-13
0.001332945771390515   4.596984067902461e-13
0.0013341741482549973   4.59099931323849e-13
0.0013354036571308126   4.585031726108956e-13
0.0013366342990611692   4.579081196060733e-13
0.0013378660750902327   4.573147613716745e-13
0.0013390989862631323   4.567230870762224e-13
0.001340333033625959   4.561330859931228e-13
0.001341568218225772   4.555447474993332e-13
0.0013428045411105916   4.549580610740595e-13
0.0013440420033294044   4.54373016297467e-13
0.0013452806059321633   4.5378960284941476e-13
0.001346520349969792   4.532078105082066e-13
0.0013477612364941793   4.526276291493672e-13
0.0013490032665581845   4.520490487444322e-13
0.0013502464412156357   4.514720593597589e-13
0.0013514907615213363   4.5089665115535317e-13
0.0013527362285310576   4.503228143837206e-13
0.0013539828433015455   4.4975053938872696e-13
0.001355230606890518   4.4917981660448323e-13
0.0013564795203566719   4.4861063655424035e-13
0.001357729584759676   4.4804298984930995e-13
0.001358980801160177   4.474768671879931e-13
0.001360233170619797   4.4691225935453e-13
0.0013614866942011409   4.4634915721806176e-13
0.0013627413729677892   4.457875517316132e-13
0.0013639972079843032   4.452274339310857e-13
0.0013652542003162245   4.446687949342679e-13
0.00136651235103008   4.441116259398578e-13
0.0013677716611933764   4.4355591822650574e-13
0.0013690321318746042   4.4300166315186495e-13
0.0013702937641432386   4.4244885215165933e-13
0.0013715565590697433   4.4189747673876325e-13
0.0013728205177255654   4.4134752850229783e-13
0.0013740856411831397   4.4079899910673746e-13
0.0013753519305158889   4.4025188029103023e-13
0.0013766193867982286   4.397061638677297e-13
0.0013778880111055601   4.3916184172214423e-13
0.0013791578045142777   4.3861890581149197e-13
0.001380428768101766   4.3807734816407296e-13
0.0013817009029464065   4.375371608784486e-13
0.0013829742101275704   4.369983361226394e-13
0.0013842486907256254   4.36460866133327e-13
0.0013855243458219327   4.3592474321507303e-13
0.0013868011764988544   4.3538995973954366e-13
0.0013880791838397466   4.34856508144752e-13
0.001389358368928964   4.343243809343053e-13
0.0013906387328518602   4.3379357067666546e-13
0.0013919202766947926   4.332640700044176e-13
0.0013932030015451158   4.327358716135535e-13
0.0013944869084911878   4.3220896826275977e-13
0.0013957719986223678   4.316833527727197e-13
0.001397058273029024   4.311590180254204e-13
0.001398345732802524   4.306359569634765e-13
0.001399634379035244   4.3011416258945567e-13
0.0014009242128205641   4.295936279652192e-13
0.0014022152352528771   4.290743462112659e-13
0.0014035074474275798   4.2855631050609197e-13
0.00140480085044108   4.2803951408555325e-13
0.0014060954453907943   4.2752395024224087e-13
0.001407391233375155   4.270096123248597e-13
0.001408688215493602   4.264964937376227e-13
0.0014099863928465895   4.2598458793964745e-13
0.0014112857665355887   4.2547388844436175e-13
0.0014125863376630826   4.249643888189203e-13
0.001413888107332571   4.244560826836263e-13
0.0014151910766485713   4.239489637113608e-13
0.0014164952467166166   4.234430256270217e-13
0.0014178006186432637   4.22938262206966e-13
0.0014191071935360843   4.2243466727846646e-13
0.001420414972503671   4.2193223471916845e-13
0.0014217239566556427   4.214309584565557e-13
0.0014230341471026362   4.209308324674272e-13
0.001424345544956313   4.2043185077737586e-13
0.0014256581513293599   4.199340074602755e-13
0.0014269719673354864   4.194372966377768e-13
0.001428286994089434   4.189417124788044e-13
0.0014296032327069663   4.184472491990683e-13
0.0014309206843048754   4.1795390106057477e-13
0.0014322393500009866   4.1746166237114503e-13
0.0014335592309141518   4.169705274839442e-13
0.0014348803281642546   4.164804907970105e-13
0.0014362026428722094   4.159915467527952e-13
0.001437526176159968   4.1550368983770334e-13
0.0014388509291505124   4.150169145816468e-13
0.0014401769029678594   4.1453121555759785e-13
0.0014415040987370618   4.1404658738115033e-13
0.0014428325175842125   4.135630247100848e-13
0.0014441621606364385   4.130805222439424e-13
0.0014454930290219064   4.125990747236017e-13
0.0014468251238698212   4.121186769308604e-13
0.0014481584463104328   4.116393236880224e-13
0.0014494929974750287   4.11161009857493e-13
0.0014508287784959402   4.1068373034137507e-13
0.0014521657905065403   4.102074800810727e-13
0.001453504034641251   4.0973225405689757e-13
0.0014548435120355359   4.0925804728768356e-13
0.0014561842238259056   4.0878485483040345e-13
0.0014575261711499172   4.083126717797906e-13
0.00145886935514618   4.07841493267965e-13
0.0014602137769543489   4.0737131446406636e-13
0.0014615594377151298   4.0690213057388863e-13
0.001462906338570279   4.0643393683952073e-13
0.0014642544806626086   4.059667285389895e-13
0.00146560386513598   4.0550050098591086e-13
0.0014669544931353105   4.0503524952914157e-13
0.00146830636580657   4.045709695524368e-13
0.0014696594842967898   4.041076564741101e-13
0.0014710138497540538   4.036453057467009e-13
0.0014723694633275047   4.03183912856643e-13
0.0014737263261673434   4.027234733239376e-13
0.0014750844394248348   4.0226398270183e-13
0.0014764438042523004   4.0180543657649205e-13
0.0014778044218031255   4.0134783056670576e-13
0.001479166293231756   4.0089116032355304e-13
0.001480529419693707   4.0043542153010485e-13
0.0014818938023455535   3.999806099011214e-13
0.0014832594423449378   3.9952672118274776e-13
0.0014846263408505678   3.990737511522192e-13
0.0014859944990222235   3.986216956175652e-13
0.0014873639180207495   3.9817055041732097e-13
0.0014887345990080613   3.977203114202404e-13
0.0014901065431471435   3.972709745250119e-13
0.001491479751602058   3.9682253565997694e-13
0.0014928542255379337   3.963749907828555e-13
0.001494229966120975   3.9592833588047094e-13
0.0014956069745184603   3.9548256696847886e-13
0.0014969852518987475   3.95037680091099e-13
0.0014983647994312667   3.945936713208523e-13
0.0014997456182865275   3.9415053675829833e-13
0.0015011277096361165   3.9370827253177677e-13
0.0015025110746527044   3.9326687479715053e-13
0.0015038957145100383   3.9282633973755517e-13
0.0015052816303829481   3.9238666356314766e-13
0.0015066688234473455   3.919478425108597e-13
0.0015080572948802298   3.915098728441516e-13
0.0015094470458596806   3.9107275085277367e-13
0.001510838077564863   3.906364728525258e-13
0.0015122303911760339   3.9020103518501943e-13
0.0015136239878745328   3.8976643421744716e-13
0.0015150188688427893   3.8933266634235e-13
0.0015164150352643228   3.888997279773887e-13
0.0015178124883237424   3.884676155651188e-13
0.0015192112292067524   3.8803632557276545e-13
0.0015206112591001461   3.876058544920046e-13
0.00152201257919181   3.8717619883874323e-13
0.00152341519067073   3.8674735515290247e-13
0.0015248190947269834   3.863193199982053e-13
0.0015262242925517455   3.858920899619649e-13
0.001527630785337289   3.854656616548743e-13
0.0015290385742769844   3.8504003171080095e-13
0.0015304476605653061   3.8461519678657986e-13
0.0015318580453978251   3.8419115356181403e-13
0.001533269729971214   3.837678987386728e-13
0.0015346827154832524   3.8334542904169233e-13
0.00153609700313282   3.8292374121758245e-13
0.0015375125941199015   3.82502832035031e-13
0.0015389294896455874   3.8208269828451295e-13
0.0015403476909120787   3.8166333677809874e-13
0.00154176719912268   3.812447443492694e-13
0.0015431880154818064   3.808269178527287e-13
0.0015446101411949814   3.8040985416422113e-13
0.0015460335774688438   3.7999355018034724e-13
0.00154745832551114   3.795780028183875e-13
0.001548884386530731   3.791632090161214e-13
0.0015503117617375899   3.7874916573165344e-13
0.0015517404523428097   3.783358699432358e-13
0.0015531704595585954   3.779233186491002e-13
0.0015546017845982697   3.7751150886728366e-13
0.0015560344286762724   3.771004376354621e-13
0.0015574683930081672   3.7669010201078054e-13
0.001558903678810633   3.762804990696909e-13
0.001560340287301472   3.7587162590778606e-13
0.0015617782196996064   3.754634796396397e-13
0.0015632174772250871   3.7505605739864314e-13
0.0015646580610990844   3.746493563368505e-13
0.0015660999725438949   3.742433736248193e-13
0.001567543212782941   3.738381064514557e-13
0.0015689877830407772   3.7343355202385987e-13
0.0015704336845430806   3.7302970756717593e-13
0.0015718809185166608   3.7262657032443913e-13
0.001573329486189456   3.7222413755642834e-13
0.00157477938879054   3.7182240654151644e-13
0.0015762306275501153   3.714213745755266e-13
0.0015776832036995196   3.710210389715863e-13
0.0015791371184712233   3.7062139705998487e-13
0.0015805923730988379   3.702224461880299e-13
0.0015820489688171068   3.698241837199098e-13
0.0015835069068619123   3.694266070365533e-13
0.0015849661884702751   3.6902971353549223e-13
0.0015864268148803597   3.6863350063072427e-13
0.0015878887873314676   3.682379657525807e-13
0.0015893521070640432   3.6784310634759106e-13
0.001590816775319673   3.6744891987835225e-13
0.0015922827933410922   3.670554038233957e-13
0.0015937501623721768   3.6666255567706084e-13
0.0015952188836579502   3.6627037294936436e-13
0.0015966889584445821   3.658788531658756e-13
0.0015981603879793949   3.654879938675881e-13
0.001599633173510856   3.6509779261079773e-13
0.0016011073162885844   3.647082469669785e-13
0.00160258281756335   3.643193545226602e-13
0.0016040596785870797   3.639311128793076e-13
0.0016055379006128488   3.635435196532015e-13
0.00160701748489489   3.631565724753201e-13
0.001608498432688589   3.627702689912215e-13
0.0016099807452504944   3.6238460686092635e-13
0.0016114644238383073   3.6199958375880536e-13
0.0016129494697108893   3.6161519737346354e-13
0.0016144358841282613   3.612314454076278e-13
0.0016159236683516093   3.6084832557803427e-13
0.0016174128236432772   3.604658356153199e-13
0.0016189033512667723   3.6008397326391116e-13
0.0016203952524867706   3.5970273628191474e-13
0.001621888528569109   3.5932212244101226e-13
0.001623383180780793   3.589421295263523e-13
0.0016248792103899952   3.585627553364449e-13
0.0016263766186660551   3.5818399768305835e-13
0.0016278754068794873   3.57805854391113e-13
0.0016293755763019723   3.574283232985819e-13
0.001630877128206362   3.5705140225638794e-13
0.001632380063866687   3.5667508912830185e-13
0.0016338843845581463   3.562993817908454e-13
0.0016353900915571165   3.5592427813319043e-13
0.0016368971861411496   3.5554977605706206e-13
0.0016384056695889738   3.5517587347664204e-13
0.0016399155431805006   3.548025683184713e-13
0.001641426808196816   3.544298585213569e-13
0.0016429394659201863   3.5405774203627763e-13
0.001644453517634065   3.53686216826288e-13
0.0016459689646230835   3.5331528086642963e-13
0.0016474858081730575   3.5294493214363767e-13
0.0016490040495709874   3.5257516865665045e-13
0.0016505236901050637   3.522059884159186e-13
0.0016520447310646596   3.518373894435177e-13
0.001653567173740338   3.5146936977305925e-13
0.001655091019423849   3.511019274496037e-13
0.001656616269408139   3.507350605295719e-13
0.0016581429249873404   3.503687670806623e-13
0.0016596709874567796   3.5000304518176393e-13
0.0016612004581129756   3.4963789292287276e-13
0.0016627313382536469   3.4927330840500727e-13
0.0016642636291777028   3.489092897401274e-13
0.0016657973321852519   3.485458350510515e-13
0.0016673324485775983   3.4818294247137554e-13
0.0016688689796572514   3.47820610145391e-13
0.0016704069267279148   3.4745883622800806e-13
0.001671946291094496   3.4709761888467413e-13
0.001673487074063103   3.467369562912967e-13
0.0016750292769410527   3.463768466341642e-13
0.0016765729010368617   3.4601728810987144e-13
0.001678117947660254   3.456582789252415e-13
0.0016796644181221586   3.4529981729725107e-13
0.0016812123137347184   3.449419014529542e-13
0.0016827616358112798   3.4458452962941e-13
0.0016843123856664017   3.4422770007360794e-13
0.0016858645646158521   3.438714110423956e-13
0.0016874181739766174   3.435156608024044e-13
0.001688973215066892   3.4316044762998086e-13
0.0016905296892060868   3.428057698111139e-13
0.0016920875977148274   3.4245162564136517e-13
0.001693646941914961   3.420980134257976e-13
0.0016952077231295482   3.4174493147890904e-13
0.0016967699426828702   3.4139237812456165e-13
0.0016983336019004273   3.410403516959151e-13
0.0016998987021089459   3.406888505353577e-13
0.0017014652446363707   3.4033787299444136e-13
0.0017030332308118712   3.3998741743381496e-13
0.0017046026619658404   3.396374822231587e-13
0.001706173539429902   3.392880657411176e-13
0.0017077458645369029   3.3893916637523973e-13
0.0017093196386209185   3.385907825219105e-13
0.0017108948630172528   3.3824291258629027e-13
0.0017124715390624452   3.378955549822498e-13
0.001714049668094262   3.3754870813231044e-13
0.0017156292514517038   3.372023704675806e-13
0.001717210290475003   3.3685654042769603e-13
0.001718792786505633   3.3651121646075695e-13
0.0017203767408862979   3.3616639702327027e-13
0.0017219621549609408   3.3582208058008863e-13
0.0017235490300747417   3.3547826560435205e-13
0.0017251373675741257   3.35134950577428e-13
0.0017267271688067532   3.347921339888548e-13
0.001728318435121528   3.3444981433628315e-13
0.001729911167868596   3.341079901254197e-13
0.0017315053683993518   3.337666598699687e-13
0.0017331010380664306   3.3342582209157807e-13
0.0017346981782237138   3.3308547531978297e-13
0.0017362967902263362   3.327456180919488e-13
0.001737896875430676   3.3240624895321894e-13
0.0017394984351943624   3.320673664564594e-13
0.001741101470876277   3.317289691622049e-13
0.0017427059838365508   3.313910556386058e-13
0.001744311975436574   3.310536244613739e-13
0.0017459194470389864   3.3071667421373194e-13
0.001747528400007683   3.3038020348636087e-13
0.001749138835707821   3.3004421087734637e-13
0.0017507507555058108   3.297086949921307e-13
0.0017523641607693234   3.293736544434597e-13
0.0017539790528672905   3.2903908785133326e-13
0.0017555954331699031   3.2870499384295574e-13
0.0017572133030486208   3.283713710526846e-13
0.0017588326638761614   3.28038218121984e-13
0.0017604535170265075   3.2770553369937446e-13
0.001762075863874914   3.2737331644038394e-13
0.0017636997057978968   3.2704156500750193e-13
0.001765325044173243   3.267102780701302e-13
0.0017669518803800073   3.2637945430453674e-13
0.0017685802157985204   3.260490923938076e-13
0.00177021005181038   3.257191910278024e-13
0.0017718413897984584   3.25389748903107e-13
0.001773474231146901   3.2506076472298874e-13
0.001775108577241134   3.2473223719734974e-13
0.001776744429467855   3.24404165042684e-13
0.0017783817892150406   3.240765469820317e-13
0.0017800206578719457   3.237493817449355e-13
0.0017816610368291104   3.234226680673956e-13
0.0017833029274783507   3.230964046918282e-13
0.0017849463312127674   3.2277059036702106e-13
0.001786591249426743   3.2244522384809175e-13
0.0017882376835159507   3.221203038964433e-13
0.001789885634877344   3.217958292797246e-13
0.0017915351049091661   3.2147179877178747e-13
0.0017931860950109466   3.211482111526453e-13
0.0017948386065835106   3.2082506520843124e-13
0.0017964926410289682   3.2050235973135954e-13
0.0017981481997507236   3.2018009351968327e-13
0.0017998052841534731   3.198582653776552e-13
0.001801463895643212   3.1953687411548693e-13
0.0018031240356272266   3.1921591854931105e-13
0.0018047857055141013   3.188953975011409e-13
0.0018064489067137171   3.185753097988323e-13
0.0018081136406372597   3.182556542760439e-13
0.00180977990869721   3.179364297722005e-13
0.001811447712307352   3.176176351324545e-13
0.001813117052882771   3.1729926920764823e-13
0.001814787931839862   3.1698133085427596e-13
0.0018164603505963193   3.166638189344483e-13
0.0018181343105711457   3.163467323158545e-13
0.0018198098131846504   3.1603006987172644e-13
0.0018214868598584563   3.157138304808014e-13
0.001823165452015491   3.1539801302728787e-13
0.0018248455910799956   3.1508261640082877e-13
0.0018265272784775215   3.147676394964668e-13
0.0018282105156349395   3.1445308121460814e-13
0.0018298953039804298   3.141389404609893e-13
0.0018315816449434906   3.138252161466419e-13
0.0018332695399549356   3.135119071878584e-13
0.0018349589904469023   3.131990125061574e-13
0.0018366499978528432   3.1288653102825144e-13
0.001838342563607533   3.1257446168601237e-13
0.0018400366891470666   3.122628034164391e-13
0.0018417323759088687   3.11951555161623e-13
0.0018434296253316826   3.1164071586871726e-13
0.0018451284388555772   3.113302844899034e-13
0.0018468288179219546   3.110202599823583e-13
0.0018485307639735393   3.1071064130822414e-13
0.0018502342784543874   3.1040142743457524e-13
0.0018519393628098858   3.1009261733338705e-13
0.001853646018486751   3.0978420998150537e-13
0.0018553542469330394   3.094762043606138e-13
0.0018570640495981351   3.09168599457205e-13
0.0018587754279327587   3.088613942625496e-13
0.001860488383388973   3.0855458777266426e-13
0.001862202917420173   3.0824817898828427e-13
0.0018639190314810954   3.0794216691483184e-13
0.0018656367270278177   3.076365505623871e-13
0.0018673560055177567   3.073313289456591e-13
0.0018690768684096787   3.0702650108395517e-13
0.0018707993171636881   3.0672206600115413e-13
0.001872523353241235   3.0641802272567644e-13
0.0018742489781051219   3.0611437029045475e-13
0.001875976193219494   3.0581110773290746e-13
0.0018777050000498474   3.055082340949097e-13
0.0018794354000630288   3.0520574842276523e-13
0.0018811673947272344   3.0490364976717984e-13
0.00188290098551202   3.046019371832318e-13
0.0018846361738882893   3.043006097303468e-13
0.0018863729613283013   3.039996664722705e-13
0.0018881113493056784   3.036991064770399e-13
0.0018898513392953944   3.03398928816959e-13
0.0018915929327737845   3.0309913256857123e-13
0.0018933361312185447   3.0279971681263317e-13
0.0018950809361087306   3.025006806340887e-13
0.001896827348924767   3.0220202312204265e-13
0.001898575371148436   3.0190374336973607e-13
0.001900325004262887   3.0160584047452026e-13
0.0019020762497526406   3.0130831353783045e-13
0.0019038291091035804   3.010111616651626e-13
0.001905583583802961   3.0071438396604723e-13
0.0019073396753394075   3.0041797955402473e-13
0.001909097385202915   3.0012194754662163e-13
0.0019108567148848573   2.9982628706532424e-13
0.0019126176658779775   2.9953099723555675e-13
0.0019143802396763933   2.992360771866565e-13
0.001916144437775606   2.989415260518484e-13
0.0019179102616724887   2.986473429682239e-13
0.0019196777128652961   2.983535270767159e-13
0.001921446792853662   2.9806007752207595e-13
0.001923217503138607   2.9776699345284964e-13
0.0019249898452225302   2.9747427402135616e-13
0.0019267638206092168   2.971819183836636e-13
0.001928539430803836   2.968899256995668e-13
0.0019303166773129495   2.9659829513256423e-13
0.001932095561644502   2.963070258498367e-13
0.0019338760853078295   2.9601611702222474e-13
0.0019356582498136572   2.957255678242065e-13
0.0019374420566741083   2.9543537743387496e-13
0.0019392275074026932   2.95145545032918e-13
0.00194101460351432   2.948560698065956e-13
0.00194280334652529   2.945669509437193e-13
0.0019445937379533082   2.942781876366289e-13
0.001946385779317472   2.939897790811742e-13
0.0019481794721382811   2.937017244766923e-13
0.0019499748179376342   2.9341402302598735e-13
0.0019517718182388386   2.9312667393530893e-13
0.001953570474566599   2.92839676414333e-13
0.0019553707884470283   2.9255302967614064e-13
0.001957172761407642   2.922667329371986e-13
0.001958976394977371   2.919807854173371e-13
0.0019607816906865483   2.91695186339733e-13
0.0019625886500669195   2.914099349308877e-13
0.001964397274651639   2.911250304206086e-13
0.0019662075659752816   2.908404720419884e-13
0.001968019525573829   2.9055625903138727e-13
0.001969833154984681   2.902723906284123e-13
0.0019716484557466517   2.899888660758999e-13
0.0019734654293999798   2.8970568461989415e-13
0.001975284077486317   2.8942284550963093e-13
0.001977104401548736   2.89140347997518e-13
0.0019789264031317374   2.8885819133911497e-13
0.0019807500837812396   2.8857637479311755e-13
0.0019825754450445866   2.8829489762133737e-13
0.001984402488470549   2.880137590886842e-13
0.001986231215609323   2.8773295846314825e-13
0.001988061628012539   2.8745249501578135e-13
0.0019898937272332506   2.871723680206801e-13
0.001991727514825944   2.868925767549681e-13
0.0019935629923465434   2.8661312049877696e-13
0.0019954001613524002   2.8633399853523084e-13
0.001997239023402304   2.8605521015042806e-13
0.0019990795800564802   2.8577675463342374e-13
0.0020009218328765903   2.8549863127621347e-13
0.0020027657834257406   2.852208393737148e-13
0.0020046114332684726   2.849433782237524e-13
0.0020064587839707685   2.846662471270403e-13
0.0020083078371000616   2.843894453871642e-13
0.002010158594225221   2.8411297231056733e-13
0.002012011056916566   2.838368272065319e-13
0.002013865226745861   2.8356100938716404e-13
0.0020157211052863186   2.832855181673773e-13
0.0020175786941126067   2.830103528648758e-13
0.002019437994800837   2.827355128001396e-13
0.0020212990089285756   2.824609972964084e-13
0.0020231617380748477   2.8218680567966443e-13
0.002025026183820127   2.819129372786192e-13
0.0020268923477463462   2.816393914246963e-13
0.0020287602314368962   2.813661674520162e-13
0.002030629836476625   2.810932646973816e-13
0.0020325011644518457   2.808206825002611e-13
0.002034374216950329   2.8054842020277513e-13
0.002036248995561309   2.802764771496807e-13
0.0020381255018754882   2.800048526883554e-13
0.002040003737485031   2.7973354616878475e-13
0.0020418837039835706   2.794625569435451e-13
0.0020437654029662085   2.7919188436779097e-13
0.002045648836029514   2.789215277992394e-13
0.002047534004771535   2.7865148659815516e-13
0.0020494209107917837   2.783817601273381e-13
0.002051309555691249   2.7811234775210766e-13
0.002053199941072399   2.778432488402882e-13
0.0020550920685391745   2.7757446276219646e-13
0.0020569859396969946   2.7730598889062694e-13
0.002058881556152757   2.7703782660083794e-13
0.0020607789195148454   2.767699752705372e-13
0.0020626780313931213   2.7650243427986956e-13
0.0020645788933989296   2.7623520301140257e-13
0.0020664815071451   2.7596828085011326e-13
0.0020683858742459533   2.757016671833739e-13
0.0020702919963172927   2.754353614009401e-13
0.002072199874976412   2.751693628949368e-13
0.002074109511842093   2.749036710598454e-13
0.002076020908534617   2.746382852924894e-13
0.002077934066675751   2.743732049920239e-13
0.0020798489878887582   2.741084295599207e-13
0.002081765673798397   2.738439583999567e-13
0.0020836841260309285   2.7357979091819974e-13
0.0020856043462141064   2.733159265229977e-13
0.0020875263359771863   2.7305236462496493e-13
0.0020894500969509235   2.727891046369703e-13
0.0020913756307675826   2.725261459741237e-13
0.0020933029390609254   2.7226348805376565e-13
0.002095232023466222   2.7200113029545316e-13
0.002097162885620247   2.7173907212094934e-13
0.00209909552716129   2.7147731295420913e-13
0.0021010299497291438   2.712158522213698e-13
0.002102966154965115   2.7095468935073736e-13
0.00210490414451202   2.7069382377277575e-13
0.002106843920014195   2.7043325492009356e-13
0.002108785483117487   2.7017298222743426e-13
0.0021107288354692603   2.699130051316637e-13
0.002112673978718395   2.696533230717583e-13
0.0021146209145152988   2.693939354887938e-13
0.002116569644511892   2.691348418259344e-13
0.002118520170361621   2.6887604152842077e-13
0.002120472493719453   2.6861753404355953e-13
0.0021224266162418863   2.683593188207108e-13
0.0021243825395869395   2.6810139531127896e-13
0.0021263402654141624   2.6784376296870005e-13
0.002128299795384631   2.67586421248432e-13
0.002130261131160959   2.6732936960794247e-13
0.002132224274407285   2.6707260750669913e-13
0.002134189226789282   2.668161344061591e-13
0.0021361559899741645   2.665599497697566e-13
0.0021381245656306763   2.663040530628944e-13
0.0021400949554291017   2.6604844375293246e-13
0.002142067161041264   2.657931213091768e-13
0.0021440411841405255   2.655380852028706e-13
0.002146017026401796   2.652833349071818e-13
0.0021479946895015243   2.650288698971948e-13
0.0021499741751177014   2.6477468964989994e-13
0.0021519554849298733   2.645207936441815e-13
0.0021539386206191266   2.642671813608103e-13
0.002155923583868099   2.6401385228243204e-13
0.0021579103763609796   2.6376080589355765e-13
0.0021598989997835064   2.6350804168055394e-13
0.0021618894558229785   2.632555591316324e-13
0.002163881746168242   2.6300335773684136e-13
0.0021658758725097006   2.6275143698805526e-13
0.0021678718365393222   2.624997963789644e-13
0.0021698696399506264   2.622484354050668e-13
0.0021718692844386973   2.6199735356365733e-13
0.002173870771700179   2.6174655035381974e-13
0.0021758741034332793   2.614960252764159e-13
0.0021778792813377753   2.612457778340766e-13
0.0021798863071150055   2.609958075311932e-13
0.0021818951824678755   2.6074611387390807e-13
0.002183905909100868   2.604966963701042e-13
0.002185918488720028   2.602475545293982e-13
0.0021879329230329756   2.599986878631297e-13
0.002189949213748906   2.597500958843531e-13
0.0021919673625785847   2.595017781078283e-13
0.0021939873712343632   2.592537340500112e-13
0.002196009241430162   2.590059632290467e-13
0.0021980329748814828   2.5875846516475833e-13
0.0022000585733054135   2.585112393786396e-13
0.0022020860384206185   2.582642853938464e-13
0.0022041153719473483   2.580176027351875e-13
0.0022061465756074363   2.5777119092911646e-13
0.002208179651124309   2.575250495037222e-13
0.0022102146002229753   2.572791779887221e-13
0.002212251424630035   2.570335759154525e-13
0.002214290126073677   2.5678824281686096e-13
0.0022163307062836902   2.5654317822749664e-13
0.002218373166991451   2.56298381683504e-13
0.0022204175099299326   2.5605385272261355e-13
0.002222463736833703   2.5580959088413403e-13
0.0022245118494389365   2.555655957089432e-13
0.0022265618494833996   2.5532186673948147e-13
0.0022286137387064636   2.5507840351974327e-13
0.0022306675188490986   2.5483520559526904e-13
0.002232723191653888   2.545922725131365e-13
0.002234780758865013   2.5434960382195444e-13
0.002236840222228265   2.5410719907185374e-13
0.0022389015834910412   2.5386505781448054e-13
0.0022409648444023564   2.536231796029869e-13
0.0022430300067128313   2.5338156399202503e-13
0.0022450970721747004   2.531402105377388e-13
0.0022471660425418117   2.528991187977564e-13
0.0022492369195696365   2.526582883311819e-13
0.002251309705015256   2.524177186985892e-13
0.002253384400637375   2.521774094620139e-13
0.002255461008196314   2.5193736018494626e-13
0.0022575395294540243   2.5169757043232273e-13
0.002259619966174074   2.5145803977052016e-13
0.0022617023201216583   2.512187677673478e-13
0.0022637865930635968   2.5097975399204065e-13
0.002265872786768344   2.5074099801525067e-13
0.0022679609030059784   2.5050249940904183e-13
0.0022700509435482105   2.502642577468819e-13
0.002272142910168382   2.5002627260363577e-13
0.002274236804641476   2.4978854355555733e-13
0.002276332628744104   2.4955107018028453e-13
0.0022784303842545164   2.4931385205683097e-13
0.0022805300729526012   2.490768887655795e-13
0.0022826316966198935   2.488401798882752e-13
0.0022847352570395624   2.48603725008019e-13
0.0022868407559964205   2.4836752370926096e-13
0.002288948195276933   2.4813157557779245e-13
0.0022910575766692037   2.4789588020074116e-13
0.0022931689019629864   2.476604371665634e-13
0.0022952821729496846   2.4742524606503803e-13
0.0022973973914223508   2.4719030648725943e-13
0.0022995145591756952   2.4695561802563105e-13
0.0023016336780060775   2.4672118027385954e-13
0.0023037547497115106   2.4648699282694805e-13
0.0023058777760916723   2.462530552811889e-13
0.0023080027589478915   2.460193672341591e-13
0.0023101297000831605   2.4578592828471223e-13
0.0023122586013021315   2.455527380329733e-13
0.002314389464411119   2.453197960803324e-13
0.002316522291218108   2.450871020294373e-13
0.0023186570835327432   2.4485465548418905e-13
0.002320793843166337   2.446224560497351e-13
0.0023229325719318775   2.443905033324623e-13
0.002325073271644017   2.441587969399924e-13
0.0023272159441190834   2.439273364811752e-13
0.002329360591175076   2.4369612156608247e-13
0.002331507214631669   2.4346515180600266e-13
0.00233365581631022   2.432344268134338e-13
0.002335806398033758   2.430039462020789e-13
0.0023379589616269927   2.4277370958683963e-13
0.002340113508916322   2.4254371658380963e-13
0.0023422700417298184   2.4231396681027073e-13
0.002344428561897244   2.4208445988468514e-13
0.0023465890712500454   2.418551954266909e-13
0.002348751571621355   2.4162617305709624e-13
0.002350916064846002   2.4139739239787274e-13
0.0023530825527604982   2.411688530721516e-13
0.0023552510372030497   2.409405547042166e-13
0.002357421520013562   2.4071249691949874e-13
0.0023595940030336302   2.404846793445715e-13
0.002361768488106548   2.402571016071447e-13
0.0023639449770773064   2.400297633360594e-13
0.002366123471792603   2.398026641612816e-13
0.0023683039741008304   2.3957580371389835e-13
0.0023704864858520866   2.3934918162611123e-13
0.002372671008898173   2.3912279753123185e-13
0.002374857545092603   2.3889665106367506e-13
0.002377046096290594   2.386707418589557e-13
0.0023792366643490717   2.384450695536822e-13
0.0023814292511266737   2.382196337855517e-13
0.0023836238584837564   2.3799443419334395e-13
0.0023858204882823827   2.377694704169179e-13
0.0023880191423863357   2.3754474209720537e-13
0.0023902198226611114   2.3732024887620656e-13
0.0023924225309739345   2.3709599039698363e-13
0.0023946272691937414   2.368719663036581e-13
0.002396834039191194   2.3664817624140364e-13
0.002399042842838676   2.364246198564427e-13
0.0024012536820103036   2.3620129679603963e-13
0.002403466558581912   2.3597820670849827e-13
0.0024056814744310684   2.357553492431551e-13
0.002407898431437068   2.355327240503754e-13
0.0024101174314809445   2.3531033078154756e-13
0.002412338476445458   2.350881690890794e-13
0.002414561568215107   2.3486623862639244e-13
0.0024167867086761223   2.3464453904791796e-13
0.002419013899716482   2.34423070009091e-13
0.002421243143225896   2.342018311663475e-13
0.002423474441095818   2.339808221771182e-13
0.002425707795219443   2.337600426998245e-13
0.0024279432074917166   2.335394923938737e-13
0.0024301806798093257   2.333191709196545e-13
0.002432420214070705   2.33099077938533e-13
0.0024346618121760377   2.328792131128472e-13
0.0024369054760272654   2.326595761059026e-13
0.0024391512075280747   2.3244016658196877e-13
0.002441399008583909   2.322209842062738e-13
0.0024436488811019658   2.3200202864500053e-13
0.002445900826991207   2.3178329956528113e-13
0.0024481548481623456   2.3156479663519423e-13
0.002450410946527857   2.313465195237598e-13
0.002452669124001986   2.3112846790093396e-13
0.002454929382500733   2.309106414376064e-13
0.0024571917239418675   2.306930398055949e-13
0.0024594561502449264   2.304756626776413e-13
0.0024617226633312124   2.302585097274078e-13
0.002463991265123807   2.3004158062947136e-13
0.0024662619575475564   2.298248750593213e-13
0.002468534742529079   2.2960839269335447e-13
0.002470809621996779   2.2939213320886973e-13
0.002473086597880828   2.2917609628406625e-13
0.00247536567211318   2.2896028159803763e-13
0.002477646846627568   2.287446888307688e-13
0.0024799301233595066   2.285293176631311e-13
0.0024822155042462995   2.283141677768789e-13
0.00248450299122703   2.280992388546455e-13
0.0024867925862425673   2.278845305799393e-13
0.0024890842912355772   2.2767004263713885e-13
0.0024913781081505075   2.274557747114905e-13
0.0024936740389336007   2.2724172648910336e-13
0.002495972085532894   2.270278976569456e-13
0.002498272249898216   2.2681428790284102e-13
0.0025005745339812   2.266008969154642e-13
0.0025028789397352705   2.2638772438433812e-13
0.002505185469115652   2.261747699998294e-13
0.002507494124079379   2.2596203345314395e-13
0.0025098049065852804   2.2574951443632495e-13
0.002512117818593994   2.2553721264224757e-13
0.0025144328620679652   2.2532512776461585e-13
0.0025167500389714436   2.2511325949795923e-13
0.002519069351270497   2.2490160753762774e-13
0.002521390800932999   2.2469017157979e-13
0.002523714389928634   2.244789513214286e-13
0.0025260401202289113   2.2426794646033612e-13
0.0025283679938071487   2.2405715669511244e-13
0.0025306980126384854   2.2384658172516063e-13
0.0025330301786998777   2.2363622125068385e-13
0.0025353644939701114   2.2342607497268057e-13
0.002537700960429789   2.232161425929427e-13
0.0025400395800613397   2.2300642381405113e-13
0.002542380354849018   2.2279691833937256e-13
0.0025447232867789145   2.2258762587305534e-13
0.0025470683778389415   2.2237854612002725e-13
0.0025494156300188467   2.2216967878599096e-13
0.0025517650453102093   2.2196102357742161e-13
0.0025541166257064497   2.2175258020156207e-13
0.0025564703732028197   2.2154434836642103e-13
0.002558826289796412   2.213363277807687e-13
0.0025611843774861554   2.2112851815413422e-13
0.0025635446382728305   2.2092091919680095e-13
0.0025659070741590535   2.2071353061980494e-13
0.0025682716871492884   2.2050635213493064e-13
0.002570638479249844   2.2029938345470785e-13
0.0025730074524688853   2.2009262429240797e-13
0.002575378608816421   2.1988607436204177e-13
0.002577751950304314   2.1967973337835543e-13
0.0025801274789462795   2.1947360105682792e-13
0.002582505196757895   2.1926767711366672e-13
0.0025848851057565887   2.190619612658059e-13
0.00258726720796165   2.1885645323090268e-13
0.0025896515053942266   2.1865115272733405e-13
0.002592038000077337   2.1844605947419298e-13
0.002594426694035856   2.1824117319128705e-13
0.0025968175892965273   2.1803649359913384e-13
0.0025992106878879586   2.1783202041895896e-13
0.002601605991840637   2.1762775337269156e-13
0.00260400350318691   2.1742369218296309e-13
0.0026064032239610036   2.1721983657310307e-13
0.002608805156199014   2.1701618626713674e-13
0.002611209301938922   2.168127409897812e-13
0.0026136156632205793   2.166095004664436e-13
0.0026160242420857193   2.1640646442321738e-13
0.0026184350405779543   2.1620363258688003e-13
0.0026208480607427887   2.1600100468488892e-13
0.002623263304627603   2.1579858044537994e-13
0.002625680774281665   2.1559635959716388e-13
0.002628100471756138   2.1539434186972303e-13
0.00263052239910407   2.1519252699320946e-13
0.0026329465583804007   2.1499091469844147e-13
0.0026353729516419653   2.1478950471690084e-13
0.002637801580947491   2.145882967807304e-13
0.0026402324483576116   2.1438729062273016e-13
0.00264266555593485   2.1418648597635617e-13
0.0026451009057436308   2.1398588257571667e-13
0.0026475384998502893   2.137854801555691e-13
0.0026499783403230565   2.1358527845131846e-13
0.002652420429232072   2.133852771990136e-13
0.002654864768649384   2.1318547613534524e-13
0.0026573113606489463   2.129858749976427e-13
0.0026597602073066334   2.1278647352387116e-13
0.0026622113107002228   2.125872714526298e-13
0.002664664672909409   2.1238826852314872e-13
0.0026671202960158093   2.1218946447528554e-13
0.0026695781821029527   2.119908590495241e-13
0.00267203833325629   2.1179245198697108e-13
0.002674500751563194   2.1159424302935356e-13
0.002676965439112958   2.113962319190167e-13
0.0026794323979968102   2.1119841839892016e-13
0.002681901630307897   2.1100080221263707e-13
0.0026843731381412934   2.1080338310435065e-13
0.0026868469235940134   2.1060616081885126e-13
0.002689322988764996   2.1040913510153482e-13
0.0026918013357551166   2.1021230569840002e-13
0.0026942819666671866   2.1001567235604543e-13
0.0026967648836059527   2.0981923482166763e-13
0.00269925008867811   2.0962299284305773e-13
0.0027017375839922856   2.0942694616860043e-13
0.0027042273716590508   2.0923109454727063e-13
0.0027067194537909295   2.090354377286306e-13
0.0027092138325023854   2.0883997546282874e-13
0.0027117105099098314   2.0864470750059644e-13
0.0027142094881316297   2.08449633593246e-13
0.0027167107692881026   2.082547534926675e-13
0.002719214355501518   2.080600669513276e-13
0.0027217202488961025   2.0786557372226657e-13
0.0027242284515980367   2.0767127355909627e-13
0.0027267389657354697   2.074771662159967e-13
0.0027292517934385035   2.072832514477155e-13
0.002731766936839206   2.070895290095644e-13
0.002734284398071606   2.0689599865741748e-13
0.002736804179271709   2.0670266014770815e-13
0.002739326282577479   2.0650951323742787e-13
0.0027418507101288534   2.063165576841235e-13
0.00274437746406774   2.0612379324589501e-13
0.0027469065465380274   2.0593121968139288e-13
0.0027494379596855727   2.0573883674981655e-13
0.0027519717056582117   2.055466442109122e-13
0.002754507786605759   2.0535464182497005e-13
0.002757046204680017   2.0516282935282209e-13
0.0027595869620347627   2.0497120655584082e-13
0.0027621300608257618   2.047797731959363e-13
0.0027646755032107633   2.0458852903555435e-13
0.0027672232913495127   2.043974738376739e-13
0.0027697734274037384   2.042066073658056e-13
0.0027723259135371625   2.0401592938398944e-13
0.0027748807519154995   2.0382543965679246e-13
0.002777437944706467   2.0363513794930637e-13
0.0027799974940797725   2.0344502402714648e-13
0.0027825594022071257   2.0325509765644877e-13
0.002785123671262235   2.0306535860386833e-13
0.00278769030342082   2.0287580663657634e-13
0.002790259300860597   2.0268644152225941e-13
0.0027928306657612925   2.024972630291168e-13
0.002795404400304638   2.023082709258585e-13
0.002797980506674385   2.0211946498170283e-13
0.0028005589870562886   2.019308449663752e-13
0.0028031398436381204   2.0174241065010587e-13
0.002805723078609666   2.015541618036276e-13
0.0028083086941627375   2.0136609819817386e-13
0.0028108966924911584   2.0117821960547705e-13
0.0028134870757907733   2.009905257977669e-13
0.0028160798462594596   2.0080301654776711e-13
0.002818675006097111   2.0061569162869537e-13
0.0028212725575056524   2.0042855081425996e-13
0.0028238725026890365   2.0024159387865852e-13
0.002826474843853245   2.0005482059657605e-13
0.0028290795832063014   1.9986823074318264e-13
0.0028316867229582544   1.996818240941322e-13
0.0028342962653211904   1.9949560042556046e-13
0.0028369082125092424   1.9930955951408222e-13
0.0028395225667385755   1.9912370113679113e-13
0.0028421393302273997   1.9893802507125638e-13
0.0028447585051959694   1.9875253109552168e-13
0.0028473800938665817   1.9856721898810333e-13
0.0028500040984635916   1.9838208852798767e-13
0.0028526305212133937   1.981971394946304e-13
0.0028552593643444354   1.9801237166795447e-13
0.002857890630087226   1.9782778482834721e-13
0.0028605243206743214   1.9764337875666035e-13
0.002863160438340339   1.9745915323420674e-13
0.0028657989853219535   1.972751080427596e-13
0.0028684399638578997   1.970912429645503e-13
0.002871083376188983   1.9690755778226605e-13
0.002873729224558067   1.9672405227904956e-13
0.0028763775112100793   1.9654072623849635e-13
0.002879028238392028   1.963575794446527e-13
0.0028816814083529804   1.9617461168201526e-13
0.0028843370233440817   1.959918227355281e-13
0.0028869950856185507   1.9580921239058148e-13
0.0028896555974316793   1.9562678043301062e-13
0.002892318561040847   1.954445266490928e-13
0.002894983978705505   1.9526245082554705e-13
0.0028976518526871863   1.9508055274953203e-13
0.0029003221852495174   1.9489883220864343e-13
0.0029029949786582012   1.9471728899091417e-13
0.0029056702351810317   1.9453592288481122e-13
0.002908347957087891   1.9435473367923486e-13
0.00291102814665076   1.9417372116351612e-13
0.002913710806143706   1.9399288512741638e-13
0.0029163959378428936   1.9381222536112495e-13
0.0029190835440265836   1.936317416552579e-13
0.0029217736269751445   1.9345143380085562e-13
0.0029244661889710364   1.9327130158938265e-13
0.002927161232298827   1.9309134481272502e-13
0.0029298587592451863   1.9291156326318928e-13
0.0029325587720989   1.9273195673350017e-13
0.0029352612731508546   1.9255252501680003e-13
0.0029379662646940503   1.9237326790664671e-13
0.002940673749023597   1.921941851970125e-13
0.00294338372843673   1.920152766822815e-13
0.002946096205232792   1.9183654215724949e-13
0.0029488111817132473   1.9165798141712167e-13
0.002951528660181678   1.9147959425751146e-13
0.0029542486429437985   1.913013804744384e-13
0.0029569711323074394   1.9112333986432751e-13
0.0029596961305825603   1.9094547222400723e-13
0.0029624236400812467   1.9076777735070844e-13
0.0029651536631177242   1.9059025504206215e-13
0.002967886202008342   1.9041290509609888e-13
0.0029706212590715863   1.9023572731124702e-13
0.0029733588366280777   1.900587214863314e-13
0.0029760989370005843   1.8988188742057107e-13
0.0029788415625140053   1.8970522491357917e-13
0.002981586715495385   1.8952873376536077e-13
0.002984334398273911   1.8935241377631151e-13
0.0029870846131809245   1.8917626474721602e-13
0.0029898373625499067   1.8900028647924713e-13
0.0029925926487164925   1.8882447877396392e-13
0.002995350474018466   1.886488414333106e-13
0.0029981108407957746   1.8847337425961464e-13
0.0030008737513905134   1.8829807705558625e-13
0.003003639208146939   1.881229496243164e-13
0.0030064072134114643   1.8794799176927589e-13
0.0030091777695326746   1.8777320329431305e-13
0.0030119508788613103   1.875985840036537e-13
0.003014726543750278   1.8742413370189905e-13
0.0030175047665546616   1.872498521940241e-13
0.003020285549631706   1.8707573928537722e-13
0.0030230688953408326   1.869017947816781e-13
0.003025854806043636   1.8672801848901654e-13
0.0030286432841038838   1.8655441021385173e-13
0.003031434331887532   1.8638096976300965e-13
0.003034227951762708   1.8620769694368328e-13
0.0030370241460997206   1.860345915634306e-13
0.0030398229172710726   1.858616534301727e-13
0.003042624267651444   1.8568888235219388e-13
0.003045428199617706   1.8551627813813934e-13
0.0030482347155489204   1.853438405970141e-13
0.0030510438178263386   1.8517156953818226e-13
0.0030538555088334154   1.8499946477136462e-13
0.003056669790955793   1.8482752610663883e-13
0.0030594866665813116   1.8465575335443745e-13
0.0030623061381000218   1.8448414632554602e-13
0.0030651282079041673   1.8431270483110335e-13
0.003067952878388199   1.8414142868259915e-13
0.003070780151948775   1.8397031769187326e-13
0.003073610030984759   1.8379937167111442e-13
0.003076442517897234   1.8362859043285857e-13
0.003079277615089487   1.8345797378998855e-13
0.0030821153249670197   1.832875215557324e-13
0.00308495564993756   1.8311723354366165e-13
0.003087798592411044   1.8294710956769127e-13
0.003090644154799634   1.827771494420776e-13
0.003093492339517714   1.8260735298141778e-13
0.0030963431489818894   1.8243772000064826e-13
0.003099196585611003   1.8226825031504291e-13
0.0031020526518261166   1.8209894374021365e-13
0.003104911350050524   1.8192980009210798e-13
0.0031077726827097607   1.8176081918700753e-13
0.0031106366522315877   1.815920008415283e-13
0.003113503261046008   1.8142334487261835e-13
0.0031163725115852595   1.8125485109755746e-13
0.003119244406283831   1.8108651933395493e-13
0.003122118947578447   1.8091834939974969e-13
0.003124996137908078   1.807503411132086e-13
0.0031278759797139406   1.805824942929255e-13
0.0031307584754395115   1.8041480875781937e-13
0.003133643627530508   1.8024728432713466e-13
0.0031365314384349044   1.8007992082043898e-13
0.0031394219106029293   1.7991271805762276e-13
0.0031423150464870778   1.7974567585889733e-13
0.0031452108485420954   1.7957879404479478e-13
0.0031481093192249933   1.7941207243616636e-13
0.0031510104609950434   1.7924551085418188e-13
0.0031539142763137946   1.7907910912032752e-13
0.0031568207676450533   1.789128670564063e-13
0.0031597299374549006   1.7874678448453575e-13
0.0031626417882116894   1.7858086122714794e-13
0.0031655563223860444   1.7841509710698777e-13
0.003168473542450878   1.7824949194711142e-13
0.0031713934508813693   1.7808404557088673e-13
0.0031743160501549804   1.7791875780199134e-13
0.003177241342751466   1.777536284644112e-13
0.0031801693311528556   1.7758865738244054e-13
0.0031831000178434666   1.7742384438068055e-13
0.003186033405309915   1.7725918928403767e-13
0.003188969496041099   1.7709469191772352e-13
0.0031919082925282137   1.7693035210725365e-13
0.00319484979726475   1.7676616967844624e-13
0.003197794012746493   1.766021444574215e-13
0.003200740941471538   1.7643827627059998e-13
0.003203690585940273   1.7627456494470254e-13
0.0032066429486553886   1.7611101030674913e-13
0.0032095980321218934   1.7594761218405697e-13
0.003212555838847094   1.757843704042408e-13
0.003215516371340611   1.7562128479521113e-13
0.003218479632114377   1.7545835518517354e-13
0.0032214456236826375   1.7529558140262797e-13
0.003224414348561964   1.7513296327636681e-13
0.003227385809271237   1.7497050063547532e-13
0.003230360008331659   1.7480819330932994e-13
0.0032333369482667653   1.7464604112759694e-13
0.0032363166316024075   1.7448404392023241e-13
0.0032392990608667675   1.7432220151748103e-13
0.0032422842385903573   1.7416051374987463e-13
0.0032452721673060176   1.7399898044823218e-13
0.0032482628495489334   1.7383760144365753e-13
0.003251256287856616   1.7367637656754018e-13
0.0032542524847689143   1.7351530565155322e-13
0.0032572514428280287   1.7335438852765256e-13
0.0032602531645784926   1.7319362502807642e-13
0.003263257652567187   1.7303301498534427e-13
0.00326626490934334   1.7287255823225575e-13
0.0032692749374585257   1.7271225460189026e-13
0.00327228773946668   1.7255210392760502e-13
0.003275303317924082   1.723921060430357e-13
0.0032783216753893662   1.7223226078209469e-13
0.003281342814423536   1.7207256797896966e-13
0.003284366737589944   1.719130274681241e-13
0.003287393447454309   1.7175363908429536e-13
0.0032904229465847133   1.7159440266249426e-13
0.0032934552375516036   1.7143531803800426e-13
0.0032964903229278047   1.7127638504637991e-13
0.003299528205288503   1.7111760352344717e-13
0.0033025688872112572   1.7095897330530196e-13
0.0033056123712760124   1.7080049422830868e-13
0.00330865866006508   1.7064216612910075e-13
0.0033117077561631556   1.7048398884457878e-13
0.003314759662157316   1.7032596221191e-13
0.0033178143806370194   1.7016808606852763e-13
0.0033208719141941197   1.7001036025212955e-13
0.0033239322654228494   1.69852784600678e-13
0.0033269954369198325   1.6969535895239898e-13
0.003330061431284095   1.6953808314578026e-13
0.0033331302511170483   1.6938095701957198e-13
0.0033362018990225045   1.6922398041278516e-13
0.0033392763776066755   1.6906715316469086e-13
0.0033423536894781713   1.6891047511481968e-13
0.003345433837248016   1.6875394610296038e-13
0.0033485168235296296   1.6859756596916004e-13
0.003351602650938841   1.684413345537227e-13
0.0033546913220938992   1.682852516972081e-13
0.003357782839615457   1.6812931724043193e-13
0.003360877206126584   1.6797353102446455e-13
0.003363974424252769   1.678178928906301e-13
0.0033670744966219153   1.6766240268050605e-13
0.0033701774258643588   1.6750706023592188e-13
0.003373283214612849   1.673518653989591e-13
0.0033763918655025623   1.6719681801195008e-13
0.0033795033811711127   1.6704191791747693e-13
0.003382617764258536   1.6688716495837145e-13
0.003385735017407302   1.6673255897771417e-13
0.003388855143262319   1.6657809981883326e-13
0.003391978144470927   1.6642378732530442e-13
0.0033951040236829154   1.662696213409491e-13
0.0033982327835505076   1.6611560170983512e-13
0.003401364426728369   1.6596172827627502e-13
0.0034044989558736226   1.6580800088482533e-13
0.0034076363736458303   1.6565441938028642e-13
0.0034107766827070037   1.6550098360770147e-13
0.003413919885721619   1.6534769341235534e-13
0.0034170659853565966   1.6519454863977467e-13
0.0034202149842813188   1.6504154913572657e-13
0.0034233668851676273   1.6488869474621823e-13
0.003426521690689823   1.6473598531749604e-13
0.003429679403524682   1.6458342069604472e-13
0.0034328400263514353   1.6443100072858712e-13
0.0034360035618517847   1.642787252620832e-13
0.003439170012709913   1.6412659414372907e-13
0.0034423393816124656   1.6397460722095718e-13
0.0034455116712485685   1.6382276434143459e-13
0.0034486868843098253   1.6367106535306297e-13
0.0034518650234903157   1.6351951010397792e-13
0.0034550460914866137   1.6336809844254755e-13
0.003458230090997768   1.6321683021737277e-13
0.0034614170247253134   1.6306570527728642e-13
0.003464606895373286   1.6291472347135166e-13
0.003467799705648203   1.6276388464886257e-13
0.003470995458259079   1.6261318865934295e-13
0.0034741941559174247   1.6246263535254553e-13
0.0034773958013372473   1.6231222457845158e-13
0.003480600397235064   1.6216195618726969e-13
0.003483807946329887   1.6201183002943614e-13
0.0034870184513432325   1.6186184595561345e-13
0.003490231914999136   1.617120038166897e-13
0.003493448340024132   1.6156230346377846e-13
0.0034966677291472714   1.614127447482177e-13
0.0034998900851001217   1.6126332752156944e-13
0.0035031154106167617   1.611140516356189e-13
0.0035063437084338024   1.609649169423736e-13
0.0035095749812903646   1.6081592329406354e-13
0.003512809231928094   1.6066707054314007e-13
0.0035160464630911736   1.6051835854227484e-13
0.003519286677526304   1.6036978714436013e-13
0.0035225298779827225   1.6022135620250752e-13
0.003525776067212197   1.600730655700476e-13
0.0035290252479690306   1.5992491510052937e-13
0.003532277423010073   1.5977690464771903e-13
0.0035355325950947054   1.5962903406560037e-13
0.0035387907669848506   1.5948130320837367e-13
0.003542051941444989   1.5933371193045455e-13
0.0035453161212421363   1.591862600864745e-13
0.0035485833091458627   1.5903894753127946e-13
0.00355185350792829   1.5889177411992944e-13
0.0035551267203640918   1.5874473970769817e-13
0.003558402949230509   1.5859784415007187e-13
0.003561682197307331   1.584510873027494e-13
0.0035649644673769096   1.5830446902164149e-13
0.0035682497622241704   1.5815798916286954e-13
0.003571538084636596   1.5801164758276602e-13
0.0035748294374042394   1.578654441378732e-13
0.0035781238233197274   1.5771937868494281e-13
0.0035814212451782544   1.5757345108093574e-13
0.003584721705777603   1.5742766118302045e-13
0.0035880252079181223   1.572820088485738e-13
0.003591331754402743   1.5713649393517973e-13
0.003594641348036989   1.5699111630062845e-13
0.003597953991628959   1.568458758029164e-13
0.0036012696879893433   1.5670077230024573e-13
0.0036045884399314217   1.565558056510232e-13
0.003607910250271064   1.5641097571386037e-13
0.0036112351218267453   1.5626628234757196e-13
0.003614563057419527   1.5612172541117658e-13
0.00361789405987307   1.5597730476389555e-13
0.0036212281320136494   1.5583302026515194e-13
0.003624565276670133   1.5568887177457088e-13
0.0036279054966739995   1.5554485915197859e-13
0.0036312487948593365   1.5540098225740174e-13
0.0036345951740628405   1.5525724095106732e-13
0.0036379446371238326   1.5511363509340135e-13
0.0036412971868842394   1.5497016454502924e-13
0.003644652826188607   1.5482682916677498e-13
0.003648011557884113   1.5468362881966e-13
0.0036513733848205494   1.5454056336490355e-13
0.0036547383098503323   1.5439763266392192e-13
0.003658106335828519   1.5425483657832712e-13
0.003661477465612787   1.5411217496992772e-13
0.0036648517020634493   1.539696477007273e-13
0.0036682290480434566   1.538272546329244e-13
0.0036716095064183935   1.5368499562891197e-13
0.0036749930800564963   1.5354287055127637e-13
0.0036783797718286343   1.5340087926279775e-13
0.003681769584608321   1.5325902162644905e-13
0.0036851625212717307   1.5311729750539507e-13
0.003688558584697676   1.5297570676299285e-13
0.0036919577777676264   1.528342492627907e-13
0.0036953601033657075   1.526929248685277e-13
0.0036987655643786975   1.5255173344413334e-13
0.003702174163696048   1.5241067485372667e-13
0.003705585904209861   1.5226974896161636e-13
0.0037090007888149036   1.5212895563230003e-13
0.003712418820408623   1.519882947304633e-13
0.0037158400018911237   1.5184776612097998e-13
0.0037192643361651876   1.5170736966891132e-13
0.0037226918261362716   1.515671052395054e-13
0.0037261224747125055   1.5142697269819696e-13
0.003729556284804712   1.5128697191060625e-13
0.0037329932593263837   1.511471027425395e-13
0.003736433401193698   1.5100736505998798e-13
0.003739876713325532   1.5086775872912707e-13
0.00374332319864344   1.5072828361631682e-13
0.0037467728600716742   1.5058893958810056e-13
0.0037502257005371806   1.5044972651120503e-13
0.0037536817229695983   1.5031064425253967e-13
0.0037571409303012782   1.5017169267919581e-13
0.003760603325467263   1.5003287165844701e-13
0.0037640689114052978   1.498941810577482e-13
0.003767537691055849   1.4975562074473472e-13
0.0037710096673620797   1.4961719058722282e-13
0.00377448484326987   1.494788904532086e-13
0.0037779632217278137   1.4934072021086764e-13
0.003781444805687219   1.4920267972855486e-13
0.0037849295981021254   1.4906476887480332e-13
0.0037884176019292825   1.4892698751832475e-13
0.0037919088201281656   1.4878933552800865e-13
0.0037954032556609878   1.4865181277292145e-13
0.0037989009114926813   1.4851441912230672e-13
0.003802401790590914   1.4837715444558463e-13
0.0038059058959260886   1.4824001861235114e-13
0.003809413230471342   1.4810301149237804e-13
0.003812923797202562   1.4796613295561185e-13
0.0038164375990983675   1.4782938287217422e-13
0.0038199546391401223   1.476927611123611e-13
0.003823474920311949   1.4755626754664186e-13
0.0038269984456007085   1.474199020456598e-13
0.003830525217996019   1.4728366448023113e-13
0.003834055240490253   1.471475547213446e-13
0.003837588516078537   1.4701157264016135e-13
0.003841125047758769   1.468757181080138e-13
0.003844664838531599   1.4673999099640625e-13
0.0038482078914004406   1.4660439117701382e-13
0.0038517542093714887   1.4646891852168183e-13
0.003855303795453696   1.463335729024262e-13
0.0038588566526587915   1.461983541914323e-13
0.0038624127840012805   1.460632622610548e-13
0.0038659721924984417   1.4592829698381759e-13
0.003869534881170347   1.457934582324124e-13
0.0038731008530398397   1.4565874587969964e-13
0.0038766701111325468   1.4552415979870741e-13
0.0038802426584768983   1.4538969986263054e-13
0.003883818498104101   1.4525536594483135e-13
0.0038873976330481602   1.4512115791883853e-13
0.0038909800663458768   1.449870756583466e-13
0.0038945658010368462   1.4485311903721632e-13
0.0038981548401634774   1.4471928792947305e-13
0.0039017471867709703   1.4458558220930769e-13
0.003905342843907332   1.4445200175107555e-13
0.0039089418146233896   1.4431854642929586e-13
0.003912544101972771   1.4418521611865184e-13
0.003916149709011917   1.440520106939902e-13
0.003919758638800096   1.4391893003032026e-13
0.003923370894399388   1.437859740028143e-13
0.003926986478874693   1.4365314248680687e-13
0.003930605395293741   1.435204353577942e-13
0.00393422764672708   1.4338785249143426e-13
0.003937853236248103   1.4325539376354574e-13
0.003941482166933024   1.4312305905010838e-13
0.003945114441860889   1.4299084822726245e-13
0.003948750064113595   1.4285876117130764e-13
0.003952389036775866   1.4272679775870385e-13
0.003956031362935275   1.4259495786607005e-13
0.003959677045682238   1.4246324137018405e-13
0.003963326088110017   1.4233164814798242e-13
0.003966978493314736   1.4220017807655941e-13
0.003970634264395358   1.420688310331676e-13
0.003974293404453704   1.4193760689521694e-13
0.003977955916594467   1.4180650554027402e-13
0.003981621803925185   1.4167552684606273e-13
0.003985291069556268   1.4154467069046312e-13
0.003988963716600989   1.4141393695151112e-13
0.003992639748175489   1.4128332550739877e-13
0.003996319167398789   1.4115283623647276e-13
0.0040000019773927765   1.4102246901723523e-13
0.004003688181282213   1.4089222372834293e-13
0.004007377782194753   1.4076210024860662e-13
0.00401107078326092   1.4063209845699115e-13
0.004014767187614129   1.4050221823261496e-13
0.004018466998390679   1.4037245945474974e-13
0.004022170218729759   1.4024282200282e-13
0.00402587685177346   1.401133057564027e-13
0.004029586900666758   1.3998391059522722e-13
0.0040333003685575275   1.3985463639917483e-13
0.004037017258596553   1.3972548304827797e-13
0.004040737573937517   1.395964504227206e-13
0.004044461317737005   1.394675384028375e-13
0.004048188493154516   1.3933874686911394e-13
0.004051919103352455   1.392100757021855e-13
0.004055653151496154   1.3908152478283722e-13
0.00405939064075385   1.3895309399200412e-13
0.004063131574296698   1.388247832107704e-13
0.004066875955298791   1.386965923203687e-13
0.004070623786937131   1.385685212021806e-13
0.004074375072391653   1.3844056973773586e-13
0.004078129814845226   1.383127378087121e-13
0.004081888017483643   1.3818502529693459e-13
0.004085649683495647   1.3805743208437555e-13
0.0040894148160729085   1.3792995805315448e-13
0.004093183418410039   1.3780260308553746e-13
0.004096955493704604   1.376753670639366e-13
0.004100731045157107   1.375482498709102e-13
0.004104510075971002   1.3742125138916227e-13
0.004108292589352696   1.3729437150154215e-13
0.004112078588511548   1.3716761009104424e-13
0.004115868076659885   1.3704096704080733e-13
0.004119661057012984   1.369144422341151e-13
0.004123457532789083   1.3678803555439518e-13
0.004127257507209401   1.366617468852187e-13
0.004131060983498108   1.365355761103008e-13
0.004134867964882356   1.3640952311349935e-13
0.0041386784545922655   1.3628358777881543e-13
0.004142492455860932   1.3615776999039267e-13
0.004146309971924443   1.3603206963251648e-13
0.0041501310060218545   1.3590648658961492e-13
0.00415395556139521   1.3578102074625741e-13
0.00415778364128955   1.356556719871546e-13
0.004161615248952895   1.3553044019715843e-13
0.004165450387636263   1.3540532526126155e-13
0.004169289060593666   1.3528032706459706e-13
0.0041731312710821125   1.3515544549243851e-13
0.004176977022361624   1.3503068043019878e-13
0.004180826317695215   1.3490603176343077e-13
0.004184679160348906   1.3478149937782676e-13
0.0041885355535917395   1.3465708315921766e-13
0.004192395500695759   1.3453278299357336e-13
0.004196259004936023   1.3440859876700226e-13
0.00420012606959062   1.3428453036575056e-13
0.004203996697940649   1.3416057767620273e-13
0.004207870893270233   1.340367405848806e-13
0.004211748658866526   1.3391301897844325e-13
0.004215629998019704   1.3378941274368713e-13
0.004219514914022988   1.3366592176754474e-13
0.004223403410172623   1.3354254593708562e-13
0.004227295489767889   1.3341928513951539e-13
0.004231191156111123   1.3329613926217518e-13
0.004235090412507689   1.3317310819254206e-13
0.004238993262266001   1.330501918182284e-13
0.004242899708697526   1.3292739002698157e-13
0.004246809755116774   1.3280470270668384e-13
0.004250723404841324   1.3268212974535154e-13
0.0042546406611918015   1.3255967103113575e-13
0.004258561527491888   1.3243732645232144e-13
0.004262486007068344   1.3231509589732682e-13
0.004266414103250982   1.32192979254704e-13
0.004270345819372688   1.3207097641313803e-13
0.0042742811587694165   1.319490872614469e-13
0.004278220124780196   1.318273116885813e-13
0.0042821627207471425   1.317056495836238e-13
0.00428610895001544   1.315841008357896e-13
0.004290058815933355   1.314626653344256e-13
0.004294012321852252   1.3134134296900985e-13
0.004297969471126571   1.3122013362915216e-13
0.00430193026711385   1.3109903720459314e-13
0.004305894713174717   1.309780535852042e-13
0.004309862812672897   1.3085718266098739e-13
0.004313834568975224   1.3073642432207466e-13
0.004317809985451624   1.3061577845872816e-13
0.004321789065475127   1.3049524496134003e-13
0.0043257718124218875   1.3037482372043122e-13
0.004329758229671155   1.3025451462665246e-13
0.0043337483206052985   1.3013431757078324e-13
0.004337742088609805   1.3001423244373182e-13
0.004341739537073275   1.29894259136535e-13
0.004345740669387446   1.2977439754035735e-13
0.0043497454889471696   1.2965464754649187e-13
0.004353753999150424   1.295350090463592e-13
0.004357766203398332   1.2941548193150702e-13
0.004361782105095138   1.2929606609361063e-13
0.004365801707648228   1.2917676142447223e-13
0.004369825014468129   1.290575678160206e-13
0.004373852028968504   1.2893848516031114e-13
0.0043778827545661765   1.2881951334952526e-13
0.004381917194681108   1.2870065227597038e-13
0.004385955352736407   1.2858190183208e-13
0.004389997232158354   1.284632619104125e-13
0.00439404283637637   1.2834473240365196e-13
0.004398092168823045   1.2822631320460732e-13
0.004402145232934128   1.2810800420621243e-13
0.0044062020321485335   1.2798980530152548e-13
0.004410262569908356   1.2787171638372886e-13
0.004414326849658849   1.2775373734612923e-13
0.004418394874848442   1.276358680821571e-13
0.004422466648928755   1.2751810848536626e-13
0.004426542175354577   1.274004584494341e-13
0.004430621457583882   1.27282917868161e-13
0.004434704499077834   1.2716548663547034e-13
0.00443879130330078   1.2704816464540815e-13
0.004442881873720275   1.2693095179214245e-13
0.004446976213807053   1.2681384796996402e-13
0.00445107432703505   1.266968530732853e-13
0.004455176216881415   1.2657996699664035e-13
0.004459281886826487   1.264631896346849e-13
0.004463391340353819   1.2634652088219593e-13
0.004467504580950172   1.2622996063407137e-13
0.004471621612105519   1.2611350878533017e-13
0.004475742437313059   1.259971652311114e-13
0.004479867060069198   1.2588092986667492e-13
0.004483995483873566   1.2576480258740074e-13
0.004488127712229028   1.2564878328878832e-13
0.004492263748641668   1.2553287186645722e-13
0.004496403596620796   1.2541706821614648e-13
0.0045005472596789725   1.253013722337141e-13
0.004504694741331982   1.251857838151373e-13
0.004508846045098853   1.2507030285651205e-13
0.004513001174501855   1.2495492925405297e-13
0.0045171601330665015   1.2483966290409309e-13
0.004521322924321567   1.2472450370308318e-13
0.0045254895517990645   1.246094515475925e-13
0.004529660019034263   1.244945063343078e-13
0.0045338343295657025   1.2437966796003316e-13
0.0045380124869351685   1.2426493632169012e-13
0.004542194494687718   1.2415031131631733e-13
0.0045463803563716735   1.2403579284107021e-13
0.004550570075538622   1.2392138079322107e-13
0.004554763655743439   1.2380707507015801e-13
0.004558961100544261   1.2369287556938604e-13
0.004563162413502503   1.2357878218852604e-13
0.004567367598182878   1.2346479482531427e-13
0.0045715766581533685   1.2335091337760313e-13
0.00457578959698525   1.2323713774336003e-13
0.004580006418253089   1.2312346782066782e-13
0.004584227125534742   1.230099035077242e-13
0.004588451722411377   1.2289644470284151e-13
0.004592680212467446   1.2278309130444683e-13
0.004596912599290706   1.226698432110817e-13
0.004601148886472237   1.2255670032140132e-13
0.004605389077606408   1.2244366253417537e-13
0.004609633176290911   1.2233072974828708e-13
0.004613881186126749   1.222179018627332e-13
0.004618133110718242   1.221051787766239e-13
0.004622388953673045   1.2199256038918218e-13
0.004626648718602122   1.2188004659974443e-13
0.004630912409119766   1.2176763730775962e-13
0.004635180028843615   1.2165533241278897e-13
0.004639451581394625   1.215431318145064e-13
0.004643727070397097   1.214310354126979e-13
0.004648006499478669   1.213190431072613e-13
0.004652289872270317   1.212071547982064e-13
0.00465657719240638   1.2109537038565415e-13
0.00466086846352453   1.209836897698372e-13
0.004665163689265792   1.2087211285109942e-13
0.00466946287327456   1.207606395298952e-13
0.0046737660191985735   1.2064926970679023e-13
0.004678073130688937   1.205380032824605e-13
0.00468238421140012   1.2042684015769242e-13
0.004686699264989956   1.203157802333828e-13
0.004691018295119662   1.2020482341053806e-13
0.004695341305453816   1.2009396959027478e-13
0.0046996682996603735   1.199832186738192e-13
0.0047039992814106825   1.1987257056250655e-13
0.004708334254379462   1.1976202515778187e-13
0.004712673222244821   1.1965158236119892e-13
0.004717016188688259   1.1954124207442049e-13
0.004721363157394662   1.1943100419921812e-13
0.004725714132052328   1.193208686374715e-13
0.004730069116352938   1.19210835291169e-13
0.004734428113991576   1.1910090406240713e-13
0.004738791128666746   1.1899107485339e-13
0.004743158164080344   1.1888134756642983e-13
0.004747529223937685   1.1877172210394626e-13
0.004751904311947496   1.1866219836846644e-13
0.0047562834318219185   1.1855277626262476e-13
0.00476066658727653   1.1844345568916228e-13
0.004765053782030315   1.1833423655092739e-13
0.004769445019805687   1.1822511875087504e-13
0.0047738403043285065   1.1811610219206634e-13
0.004778239639328049   1.1800718677766909e-13
0.004782643028537034   1.1789837241095715e-13
0.004787050475691621   1.1778965899531024e-13
0.004791461984531405   1.1768104643421407e-13
0.0047958775587994456   1.1757253463125953e-13
0.0048002972022422345   1.1746412349014337e-13
0.004804720918609717   1.1735581291466755e-13
0.004809148711655309   1.1724760280873868e-13
0.004813580585135871   1.1713949307636878e-13
0.004818016542811724   1.1703148362167447e-13
0.004822456588446671   1.1692357434887662e-13
0.004826900725807968   1.1681576516230077e-13
0.004831348958666346   1.1670805596637671e-13
0.004835801290796014   1.1660044666563812e-13
0.004840257725974652   1.1649293716472268e-13
0.004844718267983436   1.1638552736837144e-13
0.004849182920607014   1.1627821718142932e-13
0.00485365168763352   1.1617100650884457e-13
0.004858124572854593   1.160638952556683e-13
0.004862601580065354   1.1595688332705495e-13
0.004867082713064423   1.1584997062826172e-13
0.0048715679756539225   1.1574315706464845e-13
0.004876057371639476   1.156364425416777e-13
0.004880550904830224   1.1552982696491387e-13
0.004885048579038806   1.1542331024002394e-13
0.004889550398081375   1.15316892272777e-13
0.004894056365777613   1.1521057296904355e-13
0.004898566485950711   1.1510435223479604e-13
0.004903080762427385   1.1499822997610846e-13
0.004907599199037879   1.1489220609915605e-13
0.004912121799615962   1.1478628051021541e-13
0.00491664856799895   1.1468045311566378e-13
0.00492117950802768   1.145747238219796e-13
0.004925714623546531   1.1446909253574208e-13
0.0049302539184034365   1.1436355916363053e-13
0.004934797396449864   1.14258123612425e-13
0.004939345061540832   1.1415278578900567e-13
0.004943896917534915   1.1404754560035277e-13
0.004948452968294237   1.139424029535465e-13
0.004953013217684496   1.1383735775576645e-13
0.0049575776695749375   1.1373240991429224e-13
0.004962146327838372   1.1362755933650275e-13
0.004966719196351195   1.1352280592987585e-13
0.00497129627899336   1.134181496019889e-13
0.004975877579648399   1.1331359026051797e-13
0.004980463102203425   1.1320912781323807e-13
0.004985052850549124   1.1310476216802287e-13
0.00498964682857979   1.1300049323284408e-13
0.004994245040193284   1.1289632091577228e-13
0.0049988474892910615   1.127922451249761e-13
0.005003454179778188   1.1268826576872183e-13
0.005008065115563314   1.1258438275537395e-13
0.005012680300558696   1.1248059599339466e-13
0.005017299738680195   1.1237690539134351e-13
0.005021923433847279   1.1227331085787771e-13
0.005026551389983037   1.1216981230175135e-13
0.005031183611014164   1.1206640963181596e-13
0.00503582010087097   1.1196310275701997e-13
0.005040460863487406   1.1185989158640828e-13
0.0050451059028010295   1.117567760291228e-13
0.0050497552227530326   1.1165375599440182e-13
0.00505440882728824   1.1155083139157996e-13
0.005059066720355107   1.1144800213008814e-13
0.005063728905905742   1.1134526811945301e-13
0.005068395387895881   1.1124262926929744e-13
0.005073066170284904   1.1114008548934006e-13
0.005077741257035856   1.1103763668939475e-13
0.0050824206521154205   1.1093528277937122e-13
0.005087104359493938   1.1083302366927434e-13
0.005091792383145412   1.1073085926920416e-13
0.005096484727047498   1.1062878948935588e-13
0.005101181395181538   1.105268142400192e-13
0.005105882391532524   1.1042493343157891e-13
0.005110587720089121   1.1032314697451438e-13
0.005115297384843687   1.1022145477939907e-13
0.005120011389792241   1.101198567569011e-13
0.0051247297389344915   1.1001835281778259e-13
0.005129452436273833   1.0991694287289973e-13
0.005134179485817342   1.0981562683320262e-13
0.005138910891575806   1.0971440460973479e-13
0.005143646657563693   1.0961327611363372e-13
0.0051483867877991675   1.0951224125613026e-13
0.005153131286304116   1.0941129994854827e-13
0.005157880157104113   1.0931045210230515e-13
0.00516263340422845   1.0920969762891108e-13
0.005167391031710126   1.0910903643996938e-13
0.0051721530435858715   1.0900846844717573e-13
0.005176919443896122   1.0890799356231865e-13
0.005181690236685042   1.0880761169727914e-13
0.0051864654260005165   1.0870732276403067e-13
0.005191245015894178   1.0860712667463836e-13
0.005196029010421376   1.085070233412599e-13
0.005200817413641198   1.0840701267614487e-13
0.005205610229616486   1.0830709459163424e-13
0.005210407462413813   1.0820726900016101e-13
0.005215209116103505   1.0810753581424952e-13
0.005220015194759635   1.0800789494651549e-13
0.005224825702460029   1.0790834630966607e-13
0.005229640643286286   1.0780888981649903e-13
0.00523446002132375   1.0770952537990357e-13
0.005239283840661529   1.0761025291285968e-13
0.005244112105392517   1.0751107232843773e-13
0.005248944819613364   1.0741198353979888e-13
0.005253781987424498   1.0731298646019477e-13
0.005258623612930129   1.0721408100296727e-13
0.0052634697002382404   1.0711526708154853e-13
0.0052683202534606205   1.0701654460946039e-13
0.00527317527671283   1.0691791350031488e-13
0.005278034774114221   1.06819373667814e-13
0.005282898749787959   1.0672092502574875e-13
0.005287767207860993   1.066225674880003e-13
0.00529264015246408   1.0652430096853885e-13
0.005297517587731784   1.0642612538142396e-13
0.005302399517802475   1.0632804064080438e-13
0.0053072859468183495   1.0623004666091758e-13
0.00531217687892541   1.0613214335609016e-13
0.005317072318273476   1.0603433064073747e-13
0.005321972269016208   1.059366084293632e-13
0.00532687673531108   1.0583897663655977e-13
0.0053317857213193995   1.0574143517700787e-13
0.005336699231206312   1.0564398396547642e-13
0.0053416172691407955   1.0554662291682257e-13
0.005346539839295684   1.0544935194599107e-13
0.005351466945847643   1.0535217096801489e-13
0.005356398592977186   1.0525507989801466e-13
0.005361334784868695   1.0515807865119835e-13
0.005366275525710393   1.0506116714286168e-13
0.0053712208196943665   1.0496434528838764e-13
0.0053761706710165665   1.0486761300324639e-13
0.005381125083876805   1.0477097020299534e-13
0.005386084062478781   1.0467441680327858e-13
0.005391047611030051   1.0457795271982726e-13
0.005396015733742048   1.0448157786845933e-13
0.005400988434830102   1.0438529216507904e-13
0.005405965718513414   1.0428909552567744e-13
0.005410947589015077   1.041929878663318e-13
0.005415934050562075   1.0409696910320561e-13
0.005420925107385284   1.0400103915254863e-13
0.005425920763719493   1.0390519793069631e-13
0.005430921023803378   1.0380944535407021e-13
0.005435925891879522   1.0371378133917773e-13
0.005440935372194433   1.036182058026115e-13
0.005445949468998518   1.0352271866105007e-13
0.005450968186546104   1.0342731983125721e-13
0.00545599152909544   1.0333200923008201e-13
0.005461019500908691   1.0323678677445876e-13
0.005466052106251972   1.0314165238140653e-13
0.005471089349395308   1.0304660596802962e-13
0.0054761312346126596   1.0295164745151709e-13
0.005481177766181945   1.0285677674914235e-13
0.005486228948385006   1.0276199377826377e-13
0.005491284785507636   1.0266729845632404e-13
0.00549634528183958   1.0257269070085004e-13
0.0055014104416745285   1.0247817042945319e-13
0.005506480269310146   1.0238373755982851e-13
0.005511554769048041   1.0228939200975541e-13
0.005516633945193785   1.0219513369709719e-13
0.005521717802056938   1.0210096253980045e-13
0.0055268063439510105   1.0200687845589586e-13
0.005531899575193495   1.0191288136349746e-13
0.005536997500105863   1.018189711808027e-13
0.005542100123013563   1.0172514782609241e-13
0.005547207448246047   1.0163141121773029e-13
0.005552319480136738   1.0153776127416344e-13
0.005557436223023054   1.0144419791392184e-13
0.005562557681246426   1.0135072105561812e-13
0.005567683859152271   1.0125733061794778e-13
0.005572814761090009   1.0116402651968902e-13
0.005577950391413085   1.0107080867970222e-13
0.005583090754478939   1.0097767701693049e-13
0.0055882358546490325   1.0088463145039901e-13
0.005593385696288848   1.0079167189921515e-13
0.0055985402837678815   1.0069879828256853e-13
0.005603699621459676   1.006060105197303e-13
0.005608863713741786   1.005133085300538e-13
0.0056140325649958025   1.0042069223297399e-13
0.005619206179607369   1.0032816154800723e-13
0.005624384561966154   1.0023571639475171e-13
0.005629567716465878   1.0014335669288675e-13
0.00563475564750431   1.0005108236217312e-13
0.005639948359483266   9.995889332245275e-14
0.005645145856808635   9.986678949364833e-14
0.0056503481438903505   9.97747707957639e-14
0.005655555225142409   9.968283714888424e-14
0.005660767104982892   9.959098847317454e-14
0.0056659837878339355   9.949922468888107e-14
0.005671205278121756   9.940754571633037e-14
0.0056764315802766505   9.93159514759294e-14
0.00568166269873299   9.922444188816565e-14
0.005686898637929253   9.913301687360639e-14
0.005692139402307988   9.904167635289931e-14
0.005697384996315839   9.895042024677207e-14
0.005702635424403564   9.885924847603195e-14
0.005707890691026007   9.876816096156624e-14
0.005713150800642121   9.867715762434187e-14
0.005718415757714971   9.858623838540531e-14
0.005723685566711726   9.84954031658825e-14
0.005728960232103692   9.840465188697853e-14
0.0057342397583662755   9.831398446997804e-14
0.005739524149979009   9.822340083624475e-14
0.0057448134114255695   9.813290090722116e-14
0.0057501075471937495   9.804248460442896e-14
0.005755406561775483   9.795215184946865e-14
0.005760710459666842   9.786190256401935e-14
0.005766019245368039   9.777173666983902e-14
0.005771332923383448   9.768165408876375e-14
0.005776651498221578   9.759165474270837e-14
0.005781974974395094   9.750173855366606e-14
0.0057873033564208335   9.741190544370787e-14
0.005792636648819782   9.732215533498336e-14
0.005797974856117098   9.723248814971979e-14
0.005803317982842108   9.714290381022253e-14
0.005808666033528306   9.70534022388748e-14
0.005814019012713383   9.696398335813722e-14
0.005819376924939195   9.687464709054827e-14
0.005824739774751782   9.678539335872401e-14
0.005830107566701391   9.669622208535752e-14
0.005835480305342445   9.660713319321957e-14
0.0058408579952335705   9.651812660515799e-14
0.005846240640937595   9.642920224409771e-14
0.005851628247021542   9.634036003304081e-14
0.005857020818056668   9.62515998950659e-14
0.0058624183586184165   9.616292175332874e-14
0.005867820873286454   9.607432553106187e-14
0.005873228366644681   9.598581115157401e-14
0.005878640843281208   9.589737853825072e-14
0.005884058307788376   9.580902761455394e-14
0.00588948076476276   9.572075830402193e-14
0.005894908218805166   9.563257053026914e-14
0.005900340674520654   9.554446421698602e-14
0.005905778136518516   9.545643928793917e-14
0.0059112206094122845   9.536849566697124e-14
0.005916668097819768   9.528063327800037e-14
0.005922120606363008   9.519285204502073e-14
0.0059275781396683136   9.5105151892102e-14
0.005933040702366258   9.501753274338945e-14
0.005938508299091674   9.492999452310386e-14
0.005943980934483682   9.484253715554113e-14
0.005949458613185666   9.475516056507252e-14
0.005954941339845281   9.466786467614472e-14
0.005960429119114489   9.4580649413279e-14
0.005965921955649519   9.449351470107193e-14
0.00597141985411089   9.440646046419497e-14
0.005976922819163436   9.431948662739407e-14
0.005982430855476269   9.423259311549013e-14
0.005987943967722814   9.414577985337859e-14
0.005993462160580798   9.405904676602935e-14
0.005998985438732256   9.397239377848686e-14
0.0060045138068635555   9.388582081586947e-14
0.006010047269665363   9.379932780337022e-14
0.006015585831832669   9.371291466625603e-14
0.006021129498064809   9.362658132986783e-14
0.00602667827306543   9.354032771962064e-14
0.00603223216154252   9.34541537610032e-14
0.006037791168208407   9.336805937957801e-14
0.006043355297779753   9.328204450098145e-14
0.006048924554977588   9.319610905092303e-14
0.006054498944527271   9.311025295518616e-14
0.0060600784711585184   9.302447613962749e-14
0.0060656631396054225   9.293877853017679e-14
0.00607125295460642   9.28531600528373e-14
0.0060768479209043205   9.276762063368527e-14
0.006082448043246304   9.268216019886992e-14
0.006088053326383919   9.259677867461363e-14
0.006093663775073114   9.25114759872112e-14
0.006099279394074197   9.242625206303055e-14
0.006104900188151866   9.234110682851224e-14
0.00611052616207523   9.225604021016908e-14
0.006116157320617769   9.217105213458671e-14
0.006121793668557373   9.208614252842305e-14
0.0061274352106763345   9.20013113184083e-14
0.0061330819517613445   9.191655843134503e-14
0.006138733896603525   9.183188379410758e-14
0.006144391049998397   9.174728733364266e-14
0.006150053416745897   9.166276897696887e-14
0.006155721001650406   9.15783286511765e-14
0.006161393809520712   9.149396628342782e-14
0.006167071845170043   9.140968180095669e-14
0.006172755113416061   9.132547513106861e-14
0.006178443619080862   9.124134620114063e-14
0.006184137366991004   9.1157294938621e-14
0.006189836361977475   9.107332127102958e-14
0.006195540608875715   9.098942512595743e-14
0.006201250112525638   9.090560643106654e-14
0.006206964877771601   9.082186511409022e-14
0.0062126849094624285   9.073820110283277e-14
0.006218410212451418   9.065461432516925e-14
0.006224140791596329   9.057110470904577e-14
0.006229876651759419   9.048767218247879e-14
0.006235617797807406   9.040431667355575e-14
0.006241364234611494   9.032103811043467e-14
0.006247115967047396   9.02378364213437e-14
0.006252872999995296   9.015471153458176e-14
0.006258635338339885   9.007166337851784e-14
0.006264402986970352   8.998869188159127e-14
0.00627017595078039   8.990579697231161e-14
0.0062759542346682165   8.982297857925812e-14
0.006281737843536546   8.974023663108036e-14
0.006287526782292611   8.965757105649775e-14
0.006293321055848185   8.957498178429925e-14
0.006299120669119548   8.94924687433438e-14
0.006304925627027518   8.941003186255991e-14
0.006310735934497449   8.932767107094556e-14
0.006316551596459224   8.924538629756844e-14
0.006322372617847293   8.916317747156517e-14
0.00632819900360063   8.908104452214203e-14
0.006334030758662762   8.89989873785746e-14
0.006339867887981793   8.891700597020713e-14
0.006345710396510364   8.883510022645337e-14
0.006351558289205688   8.875327007679588e-14
0.006357411571029549   8.867151545078611e-14
0.006363270246948292   8.858983627804435e-14
0.006369134321932863   8.850823248825948e-14
0.006375003800958766   8.842670401118919e-14
0.006380878689006092   8.834525077665972e-14
0.006386758991059541   8.826387271456561e-14
0.006392644712108386   8.818256975487e-14
0.006398535857146499   8.810134182760437e-14
0.006404432431172373   8.802018886286813e-14
0.006410334439189087   8.793911079082918e-14
0.00641624188620434   8.785810754172334e-14
0.0064221547772304426   8.777717904585453e-14
0.006428073117284319   8.769632523359456e-14
0.0064339969113875375   8.761554603538284e-14
0.006439926164566273   8.753484138172684e-14
0.006445860881851334   8.74542112032017e-14
0.006451801068278181   8.737365543044982e-14
0.006457746728886901   8.729317399418152e-14
0.006463697868722226   8.72127668251743e-14
0.006469654492833543   8.713243385427318e-14
0.006475616606274882   8.705217501239042e-14
0.006481584214104949   8.697199023050528e-14
0.006487557321387097   8.689187943966444e-14
0.006493535933189341   8.681184257098154e-14
0.006499520054584387   8.673187955563696e-14
0.006505509690649598   8.665199032487829e-14
0.00651150484646702   8.657217481001971e-14
0.006517505527123384   8.649243294244226e-14
0.0065235117377101005   8.641276465359369e-14
0.006529523483323294   8.6333169874988e-14
0.006535540769063765   8.6253648538206e-14
0.0065415636000370125   8.617420057489493e-14
0.006547591981353264   8.609482591676811e-14
0.006553625918127431   8.601552449560534e-14
0.006559665415479151   8.593629624325263e-14
0.006565710478532777   8.585714109162194e-14
0.006571761112417377   8.577805897269156e-14
0.006577817322266768   8.56990498185053e-14
0.0065838791132194745   8.56201135611732e-14
0.00658994649041876   8.554125013287111e-14
0.0065960194590126454   8.546245946584031e-14
0.0066020980241538775   8.538374149238806e-14
0.006608182190999956   8.530509614488708e-14
0.006614271964713136   8.522652335577556e-14
0.006620367350460423   8.514802305755725e-14
0.006626468353413601   8.506959518280101e-14
0.006632574978749204   8.49912396641412e-14
0.006638687231648534   8.491295643427741e-14
0.006644805117297688   8.483474542597406e-14
0.006650928640887525   8.475660657206095e-14
0.00665705780761369   8.467853980543272e-14
0.0066631926226766195   8.460054505904896e-14
0.006669333091281533   8.452262226593412e-14
0.006675479218638471   8.44447713591772e-14
0.00668163100996225   8.436699227193215e-14
0.006687788470472496   8.428928493741743e-14
0.006693951605393664   8.421164928891593e-14
0.0067001204199550034   8.413408525977515e-14
0.00670629491939059   8.405659278340689e-14
0.006712475108939324   8.397917179328736e-14
0.006718660993844922   8.390182222295701e-14
0.006724852579355958   8.382454400602024e-14
0.006731049870725822   8.374733707614575e-14
0.006737252873212744   8.367020136706636e-14
0.006743461592079821   8.35931368125785e-14
0.0067496760325949775   8.35161433465428e-14
0.006755896200031003   8.343922090288354e-14
0.006762122099665544   8.336236941558874e-14
0.006768353736781103   8.328558881871027e-14
0.006774591116665073   8.320887904636319e-14
0.006780834244609699   8.313224003272644e-14
0.006787083125912102   8.305567171204235e-14
0.006793337765874306   8.297917401861639e-14
0.006799598169803198   8.290274688681755e-14
0.006805864343010567   8.282639025107804e-14
0.006812136290813094   8.275010404589313e-14
0.006818414018532352   8.26738882058214e-14
0.006824697531494841   8.259774266548406e-14
0.006830986835031948   8.252166735956556e-14
0.006837281934479973   8.244566222281326e-14
0.006843582835180154   8.236972719003708e-14
0.006849889542478633   8.229386219610982e-14
0.006856202061726473   8.221806717596705e-14
0.006862520398279697   8.21423420646067e-14
0.006868844557499236   8.206668679708937e-14
0.006875174544750972   8.199110130853811e-14
0.006881510365405732   8.191558553413834e-14
0.006887852024839283   8.184013940913783e-14
0.006894199528432369   8.176476286884644e-14
0.006900552881570672   8.168945584863634e-14
0.006906912089644836   8.161421828394188e-14
0.006913277158050494   8.153905011025922e-14
0.006919648092188231   8.146395126314662e-14
0.006926024897463615   8.13889216782243e-14
0.006932407579287195   8.131396129117417e-14
0.0069387961430745024   8.123907003774008e-14
0.006945190594246076   8.116424785372735e-14
0.006951590938227431   8.108949467500305e-14
0.006957997180449083   8.101481043749583e-14
0.0069644093263465726   8.09401950771957e-14
0.006970827381360427   8.086564853015421e-14
0.006977251350936197   8.079117073248423e-14
0.006983681240524449   8.071676162035988e-14
0.006990117055580767   8.064242113001662e-14
0.006996558801565783   8.056814919775078e-14
0.007003006483945141   8.049394575992003e-14
0.00700946010818952   8.0419810752943e-14
0.007015919679774664   8.034574411329911e-14
0.00702238520418134   8.027174577752883e-14
0.007028856686895376   8.019781568223335e-14
0.00703533413340765   8.012395376407466e-14
0.007041817549214098   8.005015995977545e-14
0.007048306939815741   7.997643420611883e-14
0.007054802310718645   7.990277643994865e-14
0.007061303667433956   7.982918659816922e-14
0.0070678110154779135   7.97556646177451e-14
0.007074324360371825   7.968221043570131e-14
0.007080843707642089   7.96088239891232e-14
0.007087369062820199   7.953550521515621e-14
0.0070939004314427385   7.946225405100607e-14
0.007100437819051415   7.938907043393837e-14
0.0071069812311930205   7.931595430127885e-14
0.007113530673419459   7.924290559041329e-14
0.007120086151287774   7.916992423878708e-14
0.007126647670360106   7.909701018390567e-14
0.00713321523620373   7.902416336333415e-14
0.007139788854391051   7.895138371469734e-14
0.007146368530499604   7.887867117567971e-14
0.007152954270112081   7.880602568402512e-14
0.007159546078816301   7.873344717753707e-14
0.007166143962205232   7.86609355940785e-14
0.0071727479258770176   7.85884908715715e-14
0.007179357975434938   7.851611294799772e-14
0.007185974116487444   7.84438017613979e-14
0.007192596354648156   7.837155724987197e-14
0.00719922469553586   7.829937935157906e-14
0.007205859144774542   7.822726800473704e-14
0.0072124997079933495   7.815522314762306e-14
0.007219146390826615   7.808324471857314e-14
0.007225799198913888   7.801133265598193e-14
0.007232458137899891   7.793948689830305e-14
0.007239123213434558   7.786770738404882e-14
0.007245794431173029   7.779599405179018e-14
0.007252471796775648   7.772434684015671e-14
0.007259155315907995   7.765276568783639e-14
0.007265844994240853   7.758125053357575e-14
0.007272540837450228   7.750980131617986e-14
0.0072792428512173804   7.743841797451177e-14
0.007285951041228784   7.736710044749313e-14
0.007292665413176159   7.729584867410368e-14
0.007299385972756472   7.722466259338132e-14
0.007306112725671932   7.715354214442208e-14
0.007312845677630025   7.708248726637986e-14
0.007319584834343475   7.70114978984667e-14
0.007326330201530269   7.694057397995252e-14
0.007333081784913688   7.686971545016486e-14
0.0073398395902222625   7.67989222484893e-14
0.007346603623189804   7.672819431436911e-14
0.00735337388955543   7.665753158730494e-14
0.007360150395063525   7.658693400685532e-14
0.007366933145463771   7.65164015126362e-14
0.007373722146511156   7.644593404432094e-14
0.007380517403965955   7.637553154164055e-14
0.0073873189235937825   7.630519394438293e-14
0.007394126711165537   7.623492119239367e-14
0.007400940772457439   7.616471322557546e-14
0.007407761113251054   7.6094569983888e-14
0.007414587739333252   7.602449140734824e-14
0.007421420656496243   7.595447743603018e-14
0.007428259870537578   7.588452801006468e-14
0.007435105387260139   7.58146430696397e-14
0.007441957212472181   7.574482255499977e-14
0.007448815351987288   7.567506640644644e-14
0.007455679811624403   7.560537456433802e-14
0.007462550597207851   7.55357469690892e-14
0.007469427714567304   7.546618356117158e-14
0.007476311169537814   7.539668428111324e-14
0.007483200967959808   7.532724906949866e-14
0.007490097115679092   7.525787786696891e-14
0.0074969996185468785   7.518857061422115e-14
0.007503908482419749   7.511932725200918e-14
0.007510823713159686   7.505014772114289e-14
0.007517745316634091   7.498103196248825e-14
0.007524673298715755   7.49119799169676e-14
0.007531607665282888   7.484299152555914e-14
0.007538548422219114   7.477406672929726e-14
0.007545495575413473   7.470520546927226e-14
0.007552449130760457   7.463640768663016e-14
0.007559409094159964   7.456767332257304e-14
0.0075663754715173314   7.449900231835869e-14
0.007573348268743361   7.443039461530046e-14
0.007580327491754277   7.436185015476759e-14
0.007587313146471765   7.429336887818478e-14
0.007594305238822969   7.422495072703235e-14
0.007601303774740485   7.415659564284608e-14
0.007608308760162399   7.408830356721708e-14
0.00761532020103225   7.402007444179192e-14
0.00762233810329905   7.395190820827253e-14
0.007629362472917319   7.388380480841589e-14
0.007636393315847039   7.381576418403433e-14
0.007643430638053695   7.374778627699533e-14
0.0076504744455082666   7.367987102922136e-14
0.007657524744187231   7.361201838268997e-14
0.0076645815400725945   7.354422827943354e-14
0.007671644839151852   7.347650066153953e-14
0.00767871464741802   7.340883547115018e-14
0.007685790970869656   7.334123265046236e-14
0.007692873815510826   7.32736921417279e-14
0.007699963187351136   7.320621388725317e-14
0.0077070590924057285   7.31387978293992e-14
0.0077141615366952835   7.307144391058162e-14
0.0077212705262460525   7.300415207327036e-14
0.007728386067089815   7.293692225999003e-14
0.007735508165263912   7.286975441331952e-14
0.007742636826811269   7.280264847589202e-14
0.007749772057780361   7.273560439039499e-14
0.007756913864225238   7.266862209957019e-14
0.007764062252205536   7.260170154621349e-14
0.007771217227786464   7.253484267317489e-14
0.007778378797038843   7.246804542335831e-14
0.007785546966039068   7.240130973972177e-14
0.007792721740869132   7.233463556527731e-14
0.007799903127616656   7.226802284309059e-14
0.007807091132374849   7.22014715162813e-14
0.007814285761242542   7.213498152802282e-14
0.007821487020324185   7.206855282154227e-14
0.007828694915729848   7.200218534012045e-14
0.007835909453575257   7.193587902709158e-14
0.007843130639981745   7.186963382584361e-14
0.00785035848107629   7.180344967981797e-14
0.007857592982991537   7.173732653250937e-14
0.007864834151865764   7.167126432746599e-14
0.007872081993842902   7.160526300828942e-14
0.007879336515072567   7.153932251863427e-14
0.00788659772171002   7.147344280220858e-14
0.007893865619916203   7.140762380277345e-14
0.007901140215857734   7.134186546414309e-14
0.007908421515706907   7.127616773018483e-14
0.007915709525641725   7.121053054481882e-14
0.007923004251845866   7.11449538520182e-14
0.007930305700508702   7.107943759580918e-14
0.007937613877825335   7.101398172027045e-14
0.00794492878999655   7.094858616953376e-14
0.007952250443228857   7.08832508877834e-14
0.007959578843734485   7.081797581925649e-14
0.007966913997731377   7.07527609082426e-14
0.007974255911443235   7.068760609908385e-14
0.007981604591099466   7.062251133617498e-14
0.007988960042935226   7.055747656396309e-14
0.007996322273191433   7.049250172694766e-14
0.008003691288114739   7.042758676968048e-14
0.008011067093957555   7.036273163676573e-14
0.008018449696978057   7.029793627285971e-14
0.008025839103440182   7.023320062267105e-14
0.008033235319613656   7.016852463096023e-14
0.008040638351773969   7.010390824254e-14
0.008048048206202385   7.003935140227513e-14
0.008055464889185989   6.99748540550822e-14
0.008062888407017629   6.991041614592982e-14
0.008070318765995961   6.984603761983843e-14
0.008077755972425452   6.978171842188024e-14
0.008085200032616362   6.97174584971793e-14
0.008092650952884797   6.965325779091113e-14
0.008100108739552657   6.958911624830309e-14
0.008107573398947665   6.952503381463418e-14
0.008115044937403405   6.946101043523463e-14
0.008122523361259269   6.939704605548647e-14
0.008130008676860503   6.933314062082298e-14
0.008137500890558199   6.926929407672888e-14
0.00814500000870929   6.920550636874031e-14
0.008152506037676597   6.914177744244438e-14
0.008160018983828779   6.907810724347971e-14
0.00816753885354036   6.901449571753603e-14
0.00817506565319177   6.895094281035401e-14
0.008182599389169288   6.888744846772558e-14
0.008190140067865089   6.882401263549361e-14
0.00819768769567724   6.87606352595519e-14
0.008205242279009694   6.86973162858453e-14
0.008212803824272329   6.86340556603692e-14
0.008220372337880909   6.857085332917007e-14
0.008227947826257109   6.850770923834513e-14
0.008235530295828544   6.844462333404203e-14
0.008243119753028732   6.83815955624594e-14
0.008250716204297124   6.83186258698462e-14
0.00825831965607911   6.825571420250213e-14
0.008265930114826004   6.819286050677732e-14
0.0082735475869951   6.81300647290722e-14
0.008281172079049609   6.806732681583776e-14
0.008288803597458703   6.800464671357536e-14
0.00829644214869754   6.794202436883641e-14
0.008304087739247217   6.787945972822276e-14
0.008311740375594817   6.78169527383864e-14
0.008319400064233397   6.775450334602949e-14
0.008327066811661994   6.76921114979042e-14
0.008334740624385653   6.762977714081269e-14
0.008342421508915395   6.756750022160719e-14
0.008350109471768234   6.750528068718997e-14
0.008357804519467223   6.744311848451289e-14
0.008365506658541395   6.738101356057779e-14
0.008373215895525811   6.731896586243641e-14
0.008380932236961555   6.725697533719003e-14
0.008388655689395728   6.719504193198978e-14
0.008396386259381492   6.713316559403621e-14
0.008404123953478022   6.707134627057958e-14
0.008411868778250535   6.700958390891974e-14
0.00841962074027033   6.694787845640582e-14
0.008427379846114729   6.688622986043656e-14
0.008435146102367121   6.682463806846005e-14
0.008442919515616985   6.676310302797353e-14
0.008450700092459846   6.670162468652378e-14
0.008458487839497318   6.664020299170661e-14
0.008466282763337095   6.657883789116716e-14
0.008474084870592959   6.651752933259961e-14
0.008481894167884804   6.645627726374713e-14
0.008489710661838604   6.639508163240212e-14
0.008497534359086439   6.633394238640591e-14
0.008505365266266524   6.627285947364857e-14
0.008513203390023167   6.621183284206927e-14
0.00852104873700681   6.615086243965592e-14
0.008528901313874019   6.608994821444524e-14
0.00853676112728749   6.602909011452278e-14
0.008544628183916082   6.596828808802253e-14
0.008552502490434776   6.590754208312728e-14
0.008560384053524705   6.584685204806849e-14
0.00856827287987318   6.578621793112593e-14
0.008576168976173653   6.572563968062803e-14
0.00858407234912575   6.566511724495164e-14
0.00859198300543528   6.560465057252196e-14
0.008599900951814208   6.554423961181267e-14
0.008607826194980725   6.548388431134544e-14
0.008615758741659176   6.542358461969047e-14
0.00862369859858011   6.536334048546614e-14
0.0086316457724803   6.530315185733881e-14
0.008639600270102707   6.524301868402305e-14
0.008647562098196507   6.518294091428149e-14
0.008655531263517102   6.512291849692477e-14
0.008663507772826108   6.506295138081155e-14
0.008671491632891399   6.500303951484818e-14
0.008679482850487058   6.494318284798907e-14
0.008687481432393415   6.488338132923644e-14
0.008695487385397068   6.482363490764014e-14
0.00870350071629085   6.476394353229786e-14
0.00871152143187386   6.470430715235492e-14
0.008719549538951458   6.46447257170043e-14
0.008727585044335276   6.458519917548654e-14
0.00873562795484324   6.452572747708964e-14
0.00874367827729954   6.446631057114914e-14
0.00875173601853465   6.440694840704807e-14
0.00875980118538537   6.434764093421673e-14
0.008767873784694768   6.428838810213277e-14
0.008775953823312232   6.422918986032129e-14
0.00878404130809346   6.417004615835441e-14
0.008792136245900459   6.41109569458517e-14
0.008800238643601585   6.40519221724796e-14
0.0088083485080715   6.399294178795188e-14
0.0088164658461912   6.393401574202928e-14
0.008824590664848048   6.387514398451947e-14
0.008832722970935727   6.381632646527722e-14
0.008840862771354286   6.375756313420416e-14
0.008849010073010127   6.36988539412488e-14
0.008857164882816008   6.36401988364065e-14
0.008865327207691091   6.358159776971927e-14
0.00887349705456088   6.3523050691276e-14
0.008881674430357266   6.346455755121224e-14
0.00888985934201855   6.340611829971004e-14
0.008898051796489408   6.33477328869982e-14
0.008906251800720917   6.328940126335203e-14
0.008914459361670561   6.323112337909327e-14
0.008922674486302233   6.317289918459028e-14
0.008930897181586264   6.311472863025755e-14
0.008939127454499382   6.305661166655615e-14
0.008947365312024749   6.299854824399347e-14
0.008955610761151983   6.2940538313123e-14
0.008963863808877122   6.288258182454456e-14
0.008972124462202658   6.282467872890419e-14
0.008980392728137535   6.276682897689399e-14
0.008988668613697147   6.270903251925226e-14
0.008996952125903384   6.265128930676307e-14
0.009005243271784574   6.259359929025678e-14
0.009013542058375528   6.253596242060961e-14
0.009021848492717562   6.247837864874356e-14
0.009030162581858457   6.242084792562662e-14
0.009038484332852486   6.236337020227262e-14
0.009046813752760454   6.230594542974096e-14
0.009055150848649643   6.224857355913698e-14
0.009063495627593858   6.219125454161163e-14
0.009071848096673421   6.213398832836142e-14
0.00908020826297517   6.207677487062862e-14
0.009088576133592506   6.201961411970077e-14
0.009096951715625334   6.196250602691112e-14
0.009105335016180103   6.190545054363839e-14
0.00911372604236984   6.184844762130651e-14
0.009122124801314099   6.179149721138493e-14
0.009130531300139003   6.17345992653884e-14
0.009138945545977243   6.167775373487693e-14
0.009147367545968075   6.162096057145582e-14
0.00915579730725736   6.156421972677534e-14
0.009164234836997517   6.150753115253114e-14
0.009172680142347558   6.14508948004639e-14
0.009181133230473119   6.139431062235919e-14
0.009189594108546409   6.133777857004784e-14
0.00919806278374626   6.128129859540545e-14
0.00920653926325812   6.122487065035264e-14
0.009215023554274043   6.116849468685495e-14
0.009223515663992746   6.111217065692254e-14
0.00923201559961955   6.105589851261054e-14
0.009240523368366414   6.099967820601881e-14
0.009249038977451973   6.094350968929179e-14
0.009257562434101484   6.088739291461867e-14
0.009266093745546877   6.083132783423327e-14
0.009274632919026742   6.077531440041389e-14
0.009283179961786328   6.071935256548348e-14
0.009291734881077597   6.066344228180926e-14
0.009300297684159162   6.060758350180307e-14
0.009308868378296321   6.055177617792115e-14
0.0093174469707611   6.04960202626639e-14
0.0093260334688322   6.044031570857619e-14
0.009334627879795034   6.038466246824713e-14
0.009343230210941732   6.032906049430999e-14
0.009351840469571134   6.027350973944233e-14
0.009360458662988836   6.021801015636562e-14
0.009369084798507135   6.016256169784562e-14
0.00937771888344507   6.010716431669211e-14
0.009386360925128451   6.005181796575875e-14
0.009395010930889812   5.999652259794328e-14
0.009403668908068452   5.99412781661873e-14
0.009412334864010436   5.98860846234763e-14
0.009421008806068587   5.983094192283966e-14
0.009429690741602534   5.977585001735036e-14
0.009438380677978657   5.97208088601253e-14
0.009447078622570132   5.96658184043251e-14
0.009455784582756949   5.961087860315381e-14
0.009464498565925874   5.955598940985934e-14
0.009473220579470492   5.950115077773309e-14
0.0094819506307912   5.944636266010995e-14
0.009490688727295204   5.939162501036839e-14
0.009499434876396567   5.933693778193016e-14
0.009508189085516155   5.928230092826058e-14
0.009516951362081671   5.922771440286833e-14
0.009525721713527694   5.917317815930521e-14
0.009534500147295625   5.911869215116649e-14
0.00954328667083373   5.906425633209064e-14
0.009552081291597144   5.90098706557593e-14
0.009560884017047858   5.895553507589729e-14
0.009569694854654769   5.89012495462724e-14
0.00957851381189363   5.884701402069564e-14
0.009587340896247083   5.879282845302109e-14
0.009596176115204693   5.873869279714554e-14
0.009605019476262898   5.868460700700898e-14
0.009613870986925059   5.863057103659423e-14
0.009622730654701444   5.857658483992691e-14
0.009631598487109237   5.85226483710756e-14
0.009640474491672577   5.846876158415139e-14
0.009649358675922511   5.841492443330833e-14
0.009658251047397022   5.836113687274316e-14
0.009667151613641069   5.830739885669504e-14
0.00967606038220654   5.825371033944598e-14
0.009684977360652285   5.820007127532046e-14
0.009693902556544115   5.814648161868554e-14
0.009702835977454843   5.80929413239506e-14
0.009711777630964227   5.803945034556765e-14
0.009720727524659025   5.798600863803099e-14
0.00972968566613297   5.793261615587741e-14
0.009738652062986831   5.787927285368576e-14
0.009747626722828346   5.782597868607743e-14
0.009756609653272267   5.777273360771596e-14
0.009765600861940392   5.771953757330697e-14
0.00977460035646151   5.76663905375984e-14
0.009783608144471455   5.761329245538018e-14
0.009792624233613096   5.756024328148442e-14
0.009801648631536335   5.750724297078526e-14
0.009810681345898152   5.745429147819862e-14
0.00981972238436256   5.740138875868264e-14
0.009828771754600625   5.734853476723727e-14
0.00983782946429052   5.72957294589042e-14
0.009846895521117463   5.724297278876711e-14
0.009855969932773758   5.719026471195146e-14
0.009865052706958805   5.713760518362437e-14
0.009874143851379085   5.708499415899478e-14
0.009883243373748215   5.703243159331312e-14
0.009892351281786888   5.69799174418716e-14
0.009901467583222908   5.692745166000404e-14
0.009910592285791239   5.68750342030856e-14
0.009919725397233937   5.682266502653314e-14
0.009928866925300206   5.677034408580491e-14
0.009938016877746389   5.671807133640062e-14
0.009947175262335966   5.6665846733861375e-14
0.009956342086839605   5.661367023376949e-14
0.009965517359035104   5.6561541791748724e-14
0.009974701086707425   5.650946136346416e-14
0.009983893277648738   5.645742890462184e-14
0.009993093939658365   5.640544437096925e-14
0.010002303080542821   5.635350771829492e-14
0.010011520708115814   5.630161890242852e-14
0.010020746830198265   5.62497778792407e-14
0.010029981454618283   5.6197984604643267e-14
0.010039224589211209   5.61462390345889e-14
0.0100484762418196   5.6094541125071246e-14
0.01005773642029323   5.604289083212493e-14
0.01006700513248912   5.599128811182537e-14
0.010076282386271522   5.593973292028885e-14
0.010085568189511946   5.588822521367242e-14
0.01009486255008914   5.583676494817392e-14
0.010104165475889132   5.578535208003184e-14
0.010113476974805196   5.573398656552539e-14
0.010122797054737906   5.568266836097439e-14
0.010132125723595089   5.563139742273928e-14
0.010141462989291881   5.5580173707220985e-14
0.010150808859750698   5.5528997170861064e-14
0.010160163342901271   5.547786777014139e-14
0.010169526446680621   5.5426785461584454e-14
0.010178898179033103   5.5375750201752976e-14
0.010188278547910372   5.532476194725017e-14
0.010197667561271433   5.527382065471946e-14
0.010207065227082604   5.522292628084466e-14
0.010216471553317565   5.517207878234973e-14
0.010225886547957324   5.512127811599889e-14
0.010235310218990263   5.5070524238596483e-14
0.010244742574412108   5.501981710698706e-14
0.010254183622225972   5.4969156678055135e-14
0.010263633370442322   5.491854290872539e-14
0.01027309182707903   5.486797575596242e-14
0.010282559000161335   5.481745517677092e-14
0.010292034897721892   5.476698112819534e-14
0.010301519527800736   5.471655356732022e-14
0.010311012898445337   5.466617245126978e-14
0.010320515017710558   5.4615837737208183e-14
0.0103300258936587   5.456554938233933e-14
0.010339545534359486   5.451530734390686e-14
0.010349073947890081   5.4465111579194094e-14
0.010358611142335087   5.4414962045524104e-14
0.010368157125786566   5.4364858700259466e-14
0.010377711906344024   5.4314801500802475e-14
0.010387275492114448   5.426479040459485e-14
0.010396847891212275   5.421482536911794e-14
0.010406429111759442   5.4164906351892485e-14
0.010416019161885351   5.4115033310478744e-14
0.010425618049726916   5.4065206202476274e-14
0.010435225783428526   5.4015424985524096e-14
0.010444842371142099   5.3965689617300467e-14
0.010454467821027045   5.3916000055523034e-14
0.010464102141250311   5.386635625794857e-14
0.010473745339986353   5.381675818237318e-14
0.010483397425417179   5.376720578663204e-14
0.010493058405732315   5.371769902859956e-14
0.01050272828912886   5.366823786618914e-14
0.010512407083811442   5.361882225735337e-14
0.01052209479799227   5.356945216008373e-14
0.010531791439891101   5.3520127532410825e-14
0.010541497017735293   5.3470848332404065e-14
0.010551211539759757   5.3421614518171913e-14
0.010560935014207018   5.337242604786158e-14
0.010570667449327175   5.332328287965924e-14
0.010580408853377953   5.327418497178974e-14
0.010590159234624662   5.3225132282516804e-14
0.010599918601340253   5.31761247701428e-14
0.01060968696180528   5.3127162393008846e-14
0.010619464324307947   5.307824510949465e-14
0.010629250697144075   5.3029372878018616e-14
0.010639046088617155   5.298054565703764e-14
0.010648850507038302   5.293176340504726e-14
0.010658663960726317   5.2883026080581374e-14
0.010668486458007645   5.2834333642212505e-14
0.010678318007216425   5.2785686048551507e-14
0.010688158616694452   5.2737083258247696e-14
0.010698008294791237   5.268852522998864e-14
0.010707867049863954   5.2640011922500394e-14
0.010717734890277511   5.2591543294547106e-14
0.010727611824404494   5.254311930493136e-14
0.010737497860625231   5.2494739912493765e-14
0.010747393007327752   5.244640507611328e-14
0.01075729727290783   5.239811475470689e-14
0.010767210665768977   5.2349868907229715e-14
0.010777133194322434   5.230166749267494e-14
0.010787064866987212   5.2253510470073786e-14
0.01079700569219006   5.22053977984955e-14
0.01080695567836552   5.2157329437047164e-14
0.010816914833955873   5.210930534487396e-14
0.010826883167411216   5.2061325481158795e-14
0.010836860687189398   5.2013389805122547e-14
0.010846847401756095   5.196549827602378e-14
0.010856843319584756   5.1917650853158984e-14
0.010866848449156662   5.186984749586226e-14
0.010876862798960892   5.1822088163505505e-14
0.010886886377494364   5.177437281549819e-14
0.010896919193261807   5.172670141128752e-14
0.010906961254775813   5.1679073910358204e-14
0.010917012570556791   5.163149027223264e-14
0.010927073149133026   5.1583950456470584e-14
0.010937142999040642   5.1536454422669434e-14
0.010947222128823651   5.148900213046393e-14
0.010957310547033913   5.144159353952631e-14
0.010967408262231196   5.1394228609566123e-14
0.010977515282983134   5.134690730033034e-14
0.010987631617865274   5.1299629571603175e-14
0.010997757275461045   5.125239538320619e-14
0.011007892264361814   5.1205204694998103e-14
0.011018036593166835   5.1158057466874916e-14
0.011028190270483317   5.111095365876972e-14
0.01103835330492637   5.1063893230652874e-14
0.01104852570511907   5.1016876142531635e-14
0.011058707479692422   5.0969902354450535e-14
0.011068898637285399   5.0922971826490985e-14
0.011079099186544917   5.087608451877145e-14
0.01108930913612588   5.0829240391447354e-14
0.011099528494691152   5.0782439404711016e-14
0.011109757270911597   5.073568151879167e-14
0.011119995473466048   5.06889666939554e-14
0.01113024311104136   5.064229489050509e-14
0.01114050019233237   5.059566606878045e-14
0.01115076672604195   5.054908018915786e-14
0.011161042720880969   5.05025372120505e-14
0.011171328185568348   5.0456037097908147e-14
0.01118162312883102   5.040957980721733e-14
0.011191927559403984   5.0363165300501016e-14
0.01120224148603026   5.0316793538318957e-14
0.011212564917460954   5.027046448126726e-14
0.011222897862455212   5.022417808997866e-14
0.011233240329780276   5.017793432512225e-14
0.011243592328211443   5.01317331474037e-14
0.01125395386653212   5.008557451756494e-14
0.011264324953533784   5.0039458396384364e-14
0.01127470559801604   4.9993384744676635e-14
0.01128509580878658   4.9947353523292776e-14
0.011295495594661229   4.990136469311998e-14
0.011305904964463919   4.9855418215081796e-14
0.011316323927026736   4.980951405013783e-14
0.011326752491189883   4.976365215928396e-14
0.011337190665801728   4.9717832503552087e-14
0.011347638459718777   4.9672055044010323e-14
0.011358095881805714   4.962631974176272e-14
0.011368562940935373   4.958062655794945e-14
0.01137903964598879   4.953497545374656e-14
0.011389526005855157   4.948936639036621e-14
0.011400022029431883   4.944379932905629e-14
0.011410527725624555   4.9398274231100763e-14
0.01142104310334699   4.935279105781928e-14
0.011431568171521191   4.930734977056746e-14
0.011442102939077414   4.9261950330736566e-14
0.011452647414954118   4.921659269975372e-14
0.01146320160809802   4.91712768390817e-14
0.011473765527464062   4.912600271021903e-14
0.011484339182015463   4.9080770274699755e-14
0.011494922580723672   4.9035579494093725e-14
0.011505515732568437   4.899043033000613e-14
0.011516118646537753   4.8945322744077996e-14
0.011526731331627923   4.8900256697985583e-14
0.011537353796843517   4.885523215344084e-14
0.01154798605119742   4.881024907219108e-14
0.01155862810371082   4.876530741601896e-14
0.011569279963413212   4.872040714674265e-14
0.01157994163934242   4.8675548226215597e-14
0.011590613140544588   4.863073061632657e-14
0.011601294476074208   4.8585954278999573e-14
0.011611985654994099   4.854121917619398e-14
0.011622686686375455   4.8496525269904236e-14
0.011633397579297806   4.845187252216007e-14
0.011644118342849069   4.8407260895026267e-14
0.011654848986125519   4.836269035060281e-14
0.01166558951823183   4.831816085102473e-14
0.011676339948281048   4.827367235846209e-14
0.011687100285394643   4.8229224835119937e-14
0.011697870538702457   4.8184818243238425e-14
0.011708650717342778   4.81404525450925e-14
0.011719440830462292   4.809612770299215e-14
0.011730240887216133   4.8051843679282115e-14
0.01174105089676785   4.8007600436342126e-14
0.011751870868289464   4.7963397936586594e-14
0.011762700810961419   4.791923614246484e-14
0.011773540733972644   4.787511501646084e-14
0.011784390646520518   4.783103452109334e-14
0.011795250557810912   4.778699461891573e-14
0.011806120477058164   4.774299527251609e-14
0.01181700041348512   4.769903644451708e-14
0.011827890376323109   4.7655118097576014e-14
0.011838790374811984   4.761124019438466e-14
0.011849700418200094   4.75674026976694e-14
0.011860620515744331   4.752360557019103e-14
0.0118715506767101   4.747984877474488e-14
0.011882490910371359   4.743613227416064e-14
0.011893441226010597   4.7392456031302436e-14
0.011904401632918877   4.734882000906868e-14
0.011915372140395803   4.7305224170392186e-14
0.011926352757749569   4.7261668478240034e-14
0.011937343494296926   4.72181528956136e-14
0.011948344359363235   4.7174677385548383e-14
0.011959355362282424   4.713124191111423e-14
0.01197037651239705   4.708784643541499e-14
0.011981407819058255   4.7044490921588804e-14
0.011992449291625818   4.70011753328078e-14
0.012003500939468127   4.695789963227824e-14
0.012014562771962223   4.6914663783240333e-14
0.012025634798493764   4.6871467748968425e-14
0.012036717028457085   4.6828311492770694e-14
0.012047809471255147   4.678519497798941e-14
0.012058912136299609   4.6742118168000585e-14
0.012070025033010775   4.6699081026214246e-14
0.012081148170817653   4.665608351607415e-14
0.012092281559157921   4.661312560105797e-14
0.012103425207477973   4.657020724467707e-14
0.012114579125232887   4.6527328410476653e-14
0.012125743321886479   4.648448906203554e-14
0.01213691780691126   4.644168916296636e-14
0.012148102589788497   4.6398928676915226e-14
0.012159297680008169   4.6356207567562045e-14
0.012170503087069023   4.631352579862019e-14
0.01218171882047854   4.627088333383669e-14
0.012192944889752984   4.622828013699198e-14
0.01220418130441736   4.618571617190012e-14
0.012215428074005486   4.614319140240857e-14
0.012226685208059931   4.6100705792398195e-14
0.012237952716132088   4.6058259305783293e-14
0.012249230607782125   4.601585190651159e-14
0.012260518892579047   4.597348355856402e-14
0.01227181758010065   4.593115422595493e-14
0.012283126679933585   4.588886387273189e-14
0.012294446201673309   4.584661246297576e-14
0.012305776154924149   4.580439996080052e-14
0.012317116549299255   4.576222633035347e-14
0.012328467394420665   4.572009153581492e-14
0.012339828699919257   4.567799554139843e-14
0.012351200475434808   4.56359383113505e-14
0.012362582730615957   4.5593919809950855e-14
0.01237397547512025   4.55519400015121e-14
0.012385378718614134   4.5509998850379895e-14
0.012396792470772947   4.5468096320932903e-14
0.012408216741280967   4.542623237758261e-14
0.012419651539831371   4.5384406984773546e-14
0.012431096876126296   4.534262010698299e-14
0.01244255275987679   4.5300871708721145e-14
0.012454019200802883   4.5259161754530954e-14
0.01246549620863353   4.52174902089882e-14
0.012476983793106682   4.5175857036701335e-14
0.012488481963969235   4.513426220231165e-14
0.012499990730977094   4.509270567049299e-14
0.01251151010389513   4.505118740595196e-14
0.01252304009249724   4.5009707373427685e-14
0.012534580706566299   4.4968265537692017e-14
0.012546131955894222   4.492686186354924e-14
0.012557693850281926   4.4885496315836274e-14
0.012569266399539385   4.484416885942245e-14
0.012580849613485587   4.480287945920965e-14
0.012592443501948594   4.476162808013214e-14
0.012604048074765499   4.472041468715665e-14
0.012615663341782485   4.4679239245282235e-14
0.012627289312854789   4.463810171954034e-14
0.01263892599784675   4.459700207499468e-14
0.01265057340663177   4.4555940276741374e-14
0.012662231549092384   4.4514916289908645e-14
0.0126739004351202   4.447393007965706e-14
0.012685580074615972   4.443298161117932e-14
0.01269727047748955   4.439207084970036e-14
0.012708971653659945   4.4351197760477135e-14
0.01272068361305528   4.431036230879888e-14
0.012732406365612856   4.4269564459986744e-14
0.012744139921279101   4.4228804179394043e-14
0.012755884290009643   4.4188081432406e-14
0.01276763948176925   4.414739618443996e-14
0.012779405506531906   4.410674840094509e-14
0.012791182374280754   4.4066138047402585e-14
0.01280297009500817   4.402556508932548e-14
0.012814768678715708   4.3985029492258705e-14
0.012826578135414164   4.3944531221779015e-14
0.012838398475123539   4.390407024349499e-14
0.012850229707873086   4.386364652304696e-14
0.012862071843701283   4.3823260026107045e-14
0.012873924892655878   4.3782910718379033e-14
0.012885788864793857   4.374259856559844e-14
0.012897663770181497   4.370232353353243e-14
0.012909549618894327   4.3662085587979795e-14
0.012921446421017188   4.362188469477093e-14
0.012933354186644187   4.35817208197678e-14
0.01294527292587876   4.354159392886389e-14
0.012957202648833627   4.3501503987984246e-14
0.012969143365630854   4.3461450963085345e-14
0.012981095086401813   4.342143482015514e-14
0.012993057821287228   4.3381455525213e-14
0.013005031580437153   4.33415130443097e-14
0.01301701637401102   4.330160734352735e-14
0.01302901221217759   4.326173838897946e-14
0.013041019105115027   4.322190614681075e-14
0.013053037063010852   4.31821105831973e-14
0.01306506609606199   4.3142351664346386e-14
0.013077106214474749   4.310262935649653e-14
0.013089157428464858   4.306294362591741e-14
0.013101219748257443   4.3023294438909917e-14
0.013113293184087072   4.2983681761805996e-14
0.013125377746197722   4.294410556096879e-14
0.013137473444842838   4.2904565802792395e-14
0.013149580290285285   4.286506245370207e-14
0.013161698292797413   4.2825595480153995e-14
0.013173827462661011   4.2786164848635404e-14
0.01318596781016737   4.274677052566443e-14
0.013198119345617244   4.270741247779016e-14
0.013210282079320897   4.266809067159256e-14
0.013222456021598075   4.262880507368253e-14
0.013234641182778055   4.258955565070169e-14
0.01324683757319961   4.25503423693226e-14
0.01325904520321107   4.251116519624849e-14
0.013271264083170267   4.2472024098213476e-14
0.013283494223444606   4.243291904198224e-14
0.013295735634411042   4.2393849994350245e-14
0.013307988326456075   4.2354816922143664e-14
0.0133202523099758   4.231581979221922e-14
0.013332527595375869   4.2276858571464296e-14
0.013344814193071548   4.223793322679684e-14
0.013357112113487677   4.2199043725165374e-14
0.013369421367058727   4.2160190033548914e-14
0.01338174196422876   4.2121372118957006e-14
0.01339407391545149   4.20825899484296e-14
0.013406417231190236   4.2043843489037183e-14
0.013418771921917984   4.200513270788053e-14
0.013431137998117354   4.196645757209094e-14
0.01344351547028064   4.192781804882993e-14
0.01345590434890979   4.1889214105289437e-14
0.013468304644516448   4.185064570869163e-14
0.013480716367621924   4.181211282628902e-14
0.013493139528757251   4.177361542536425e-14
0.013505574138463134   4.173515347323031e-14
0.013518020207290026   4.169672693723024e-14
0.013530477745798068   4.165833578473734e-14
0.01354294676455717   4.161997998315496e-14
0.013555427274146943   4.158165949991662e-14
0.013567919285156788   4.154337430248584e-14
0.013580422808185827   4.150512435835625e-14
0.013592937853842982   4.1466909635051425e-14
0.013605464432746923   4.1428730100125004e-14
0.013618002555526134   4.1390585721160505e-14
0.013630552232818866   4.1352476465771446e-14
0.013643113475273198   4.131440230160119e-14
0.013655686293546998   4.1276363196323044e-14
0.013668270698307982   4.123835911764008e-14
0.013680866700233673   4.120039003328526e-14
0.013693474310011453   4.1162455911021284e-14
0.013706093538338533   4.112455671864067e-14
0.013718724395922007   4.1086692423965595e-14
0.013731366893478807   4.104886299484804e-14
0.01374402104173577   4.101106839916956e-14
0.013756686851429592   4.097330860484148e-14
0.01376936433330689   4.0935583579804644e-14
0.013782053498124157   4.0897893292029556e-14
0.013794754356647827   4.0860237709516244e-14
0.013807466919654225   4.082261680029435e-14
0.013820191197929639   4.078503053242295e-14
0.013832927202270267   4.074747887399066e-14
0.013845674943482282   4.070996179311553e-14
0.013858434432381793   4.067247925794506e-14
0.0138712056797949   4.063503123665611e-14
0.013883988696557655   4.0597617697455e-14
0.01389678349351612   4.0560238608577304e-14
0.013909590081526327   4.052289393828801e-14
0.013922408471454342   4.04855836548813e-14
0.01393523867417621   4.0448307726680745e-14
0.013948080700578035   4.041106612203902e-14
0.01396093456155592   4.0373858809338165e-14
0.01397380026801604   4.0336685756989226e-14
0.013986677830874589   4.0299546933432606e-14
0.013999567261057852   4.0262442307137654e-14
0.014012468569502156   4.022537184660297e-14
0.01402538176715393   4.018833552035612e-14
0.014038306864969667   4.0151333296953805e-14
0.014051243873915983   4.0114365144981693e-14
0.014064192804969572   4.0077431033054484e-14
0.014077153669117272   4.004053092981581e-14
0.014090126477356019   4.0003664803938274e-14
0.014103111240692908   3.99668326241234e-14
0.014116107970145156   3.993003435910156e-14
0.014129116676740152   3.9893269977632006e-14
0.014142137371515429   3.9856539448502865e-14
0.01415517006551871   3.981984274053101e-14
0.014168214769807879   3.9783179822562126e-14
0.014181271495451033   3.9746550663470635e-14
0.014194340253526444   3.970995523215972e-14
0.014207421055122623   3.9673393497561184e-14
0.014220513911338264   3.9636865428635637e-14
0.014233618833282316   3.9600370994372215e-14
0.014246735832073967   3.9563910163788704e-14
0.014259864918842624   3.952748290593152e-14
0.014273006104727986   3.949108918987559e-14
0.014286159400879985   3.945472898472447e-14
0.014299324818458857   3.9418402259610105e-14
0.014312502368635096   3.9382108983693025e-14
0.014325692062589518   3.9345849126162165e-14
0.01433889391151321   3.9309622656234956e-14
0.01435210792660761   3.927342954315716e-14
0.01436533411908444   3.923726975620297e-14
0.014378572500165792   3.92011432646749e-14
0.014391823081084063   3.9165050037903845e-14
0.014405085873082034   3.912899004524894e-14
0.014418360887412817   3.909296325609765e-14
0.014431648135339923   3.905696963986562e-14
0.014444947628137217   3.9021009165996796e-14
0.01445825937708898   3.898508180396325e-14
0.01447158339348986   3.8949187523265286e-14
0.014484919688644949   3.89133262934313e-14
0.01449826827386972   3.887749808401787e-14
0.014511629160490114   3.8841702864609555e-14
0.014525002359842469   3.8805940604819107e-14
0.014538387883273605   3.877021127428723e-14
0.01455178574214077   3.8734514842682674e-14
0.014565195947811705   3.8698851279702164e-14
0.0145786185116646   3.8663220555070424e-14
0.014592053445088156   3.862762263854002e-14
0.014605500759481546   3.8592057499891555e-14
0.01461896046625447   3.855652510893341e-14
0.01463243257682712   3.852102543550187e-14
0.014645917102630239   3.848555844946102e-14
0.014659414055105072   3.8450124120702824e-14
0.01467292344570344   3.841472241914691e-14
0.01468644528588769   3.837935331474079e-14
0.014699979587130756   3.834401677745957e-14
0.01471352636091612   3.8308712777306177e-14
0.014727085618737874   3.827344128431112e-14
0.014740657372100674   3.8238202268532637e-14
0.014754241632519805   3.8202995700056524e-14
0.01476783841152114   3.816782154899622e-14
0.014781447720641197   3.8132679785492704e-14
0.0147950695714271   3.809757037971456e-14
0.01480870397543664   3.8062493301857805e-14
0.014822350944238236   3.802744852214603e-14
0.014836010489410991   3.799243601083025e-14
0.01484968262254465   3.795745573818897e-14
0.014863367355239673   3.792250767452806e-14
0.014877064699107176   3.7887591790180835e-14
0.014890774665769005   3.785270805550795e-14
0.01490449726685769   3.78178564408974e-14
0.014918232514016506   3.7783036916764497e-14
0.014931980418899433   3.7748249453551895e-14
0.014945740993171216   3.771349402172944e-14
0.014959514248507324   3.7678770591794266e-14
0.014973300196594014   3.7644079134270704e-14
0.014987098849128279   3.76094196197103e-14
0.015000910217817924   3.757479201869174e-14
0.015014734314381517   3.7540196301820864e-14
0.01502857115054845   3.750563243973062e-14
0.015042420738058894   3.747110040308106e-14
0.015056283088663875   3.7436600162559276e-14
0.01507015821412521   3.740213168887944e-14
0.015084046126215596   3.7367694952782675e-14
0.015097946836718536   3.733328992503717e-14
0.015111860357428432   3.7298916576438014e-14
0.01512578670015052   3.726457487780727e-14
0.01513972587670095   3.723026479999391e-14
0.015153677898906724   3.7195986313873793e-14
0.01516764277860578   3.7161739390349636e-14
0.015181620527646933   3.712752400035101e-14
0.015195611157889945   3.709334011483427e-14
0.01520961468120548   3.705918770478261e-14
0.015223631109475173   3.702506674120593e-14
0.015237660454591573   3.699097719514094e-14
0.015251702728458223   3.695691903765099e-14
0.015265757942989603   3.692289223982618e-14
0.0152798261101112   3.688889677278323e-14
0.015293907241759483   3.685493260766553e-14
0.015308001349881908   3.682099971564308e-14
0.015322108446436965   3.678709806791244e-14
0.015336228543394134   3.6753227635696834e-14
0.015350361652733959   3.6719388390245864e-14
0.015364507786447991   3.668558030283582e-14
0.015378666956538866   3.665180334476937e-14
0.01539283917502025   3.661805748737571e-14
0.015407024453916906   3.658434270201042e-14
0.015421222805264652   3.655065896005558e-14
0.015435434241110428   3.651700623291958e-14
0.015449658773512245   3.6483384492037244e-14
0.015463896414539255   3.64497937088697e-14
0.015478147176271703   3.641623385490443e-14
0.015492411070801   3.6382704901655176e-14
0.015506688110229663   3.634920682066199e-14
0.015520978306671398   3.6315739583491123e-14
0.01553528167225104   3.628230316173513e-14
0.015549598219104632   3.624889752701264e-14
0.015563927959379368   3.62155226509686e-14
0.015578270905233668   3.6182178505273976e-14
0.015592627068837125   3.6148865061625977e-14
0.015606996462370576   3.61155822917478e-14
0.015621379098026057   3.608233016738883e-14
0.015635774988006865   3.60491086603244e-14
0.01565018414452752   3.601591774235597e-14
0.01566460657981382   3.598275738531091e-14
0.015679042306102804   3.594962756104266e-14
0.015693491335642816   3.591652824143055e-14
0.01570795368069346   3.588345939837988e-14
0.01572242935352567   3.585042100382184e-14
0.01573691836642165   3.5817413029713504e-14
0.01575142073167496   3.5784435448037827e-14
0.015765936461590455   3.5751488230803576e-14
0.015780465568484364   3.571857135004533e-14
0.01579500806468423   3.5685684777823496e-14
0.015809563962528996   3.565282848622417e-14
0.01582413327436893   3.562000244735928e-14
0.015838716012565732   3.558720663336639e-14
0.015853312189492447   3.555444101640881e-14
0.01586792181753356   3.55217055686755e-14
0.015882544909084934   3.5489000262381056e-14
0.015897181476553893   3.545632506976571e-14
0.01591183153235916   3.5423679963095284e-14
0.015926495088930934   3.539106491466118e-14
0.015941172158710836   3.535847989678035e-14
0.01595586275415199   3.5325924881795247e-14
0.015970566887718952   3.529339984207388e-14
0.01598528457188781   3.526090475000967e-14
0.016000015819146115   3.5228439578021573e-14
0.016014760641992948   3.519600429855389e-14
0.016029519052938892   3.51635988840764e-14
0.016044291064506073   3.513122330708422e-14
0.016059076689228145   3.5098877540097857e-14
0.016073875939650324   3.506656155566314e-14
0.016088688828329374   3.503427532635124e-14
0.016103515367833648   3.500201882475856e-14
0.016118355570743054   3.496979202350684e-14
0.01613320944964913   3.4937594895243006e-14
0.016148077017154983   3.490542741263925e-14
0.01616295828587536   3.4873289548392917e-14
0.016177853268436605   3.484118127522659e-14
0.016192761977476742   3.4809102565887896e-14
0.016207684425645387   3.477705339314971e-14
0.016222620625603864   3.4745033729809916e-14
0.016237570590025122   3.471304354869155e-14
0.016252534331593828   3.468108282264263e-14
0.0162675118630063   3.464915152453631e-14
0.016282503196970593   3.461724962727062e-14
0.016297508346206444   3.45853771037687e-14
0.016312527323445333   3.455353392697859e-14
0.01632756014143045   3.452172006987331e-14
0.016342606812916757   3.448993550545073e-14
0.016357667350670943   3.445818020673369e-14
0.01637274176747148   3.4426454146769874e-14
0.016387830076108615   3.4394757298631785e-14
0.016402932289384366   3.436308963541681e-14
0.016418048420112574   3.433145113024707e-14
0.016433178481118856   3.4299841756269565e-14
0.01644832248524069   3.4268261486655915e-14
0.016463480445327337   3.423671029460261e-14
0.016478652374239944   3.4205188153330745e-14
0.016493838284851473   3.417369503608619e-14
0.016509038190046784   3.414223091613938e-14
0.016524252102722573   3.411079576678552e-14
0.01653948003578746   3.4079389561344296e-14
0.016554722002161924   3.404801227316011e-14
0.016569978014778386   3.4016663875601865e-14
0.01658524808658115   3.398534434206306e-14
0.016600532230526484   3.395405364596164e-14
0.01661583045958256   3.392279176074018e-14
0.01663114278672954   3.389155865986563e-14
0.016646469224959503   3.3860354316829486e-14
0.01666180978727655   3.382917870514758e-14
0.01667716448669672   3.379803179836027e-14
0.01669253333624808   3.37669135700322e-14
0.01670791634897068   3.373582399375251e-14
0.016723313537916614   3.3704763043134534e-14
0.01673872491614997   3.367373069181607e-14
0.016754150496746906   3.3642726913459135e-14
0.016769590292795608   3.361175168175005e-14
0.016785044317396344   3.358080497039937e-14
0.016800512583661432   3.354988675314194e-14
0.016815995104715296   3.351899700373678e-14
0.01683149189369443   3.3488135695967087e-14
0.01684700296374747   3.3457302803640236e-14
0.01686252832803512   3.342649830058778e-14
0.016878067999730264   3.339572216066534e-14
0.01689362199201788   3.3364974357752683e-14
0.01690919031809513   3.333425486575361e-14
0.01692477299117132   3.3303563658596036e-14
0.016940370024467945   3.327290071023183e-14
0.016955981431218653   3.324226599463695e-14
0.01697160722466933   3.321165948581129e-14
0.016987247418078028   3.318108115777876e-14
0.017002902024715053   3.315053098458715e-14
0.01701857105786291   3.3120008940308233e-14
0.017034254530816365   3.308951499903762e-14
0.017049952456882417   3.305904913489489e-14
0.01706566484938036   3.302861132202337e-14
0.017081391721641716   3.2998201534590304e-14
0.017097133087010347   3.296781974678669e-14
0.017112888958842356   3.293746593282738e-14
0.0171286593505062   3.2907140066950934e-14
0.017144444275382628   3.2876842123419676e-14
0.017160243746864742   3.284657207651966e-14
0.017176057778357956   3.281632990056065e-14
0.017191886383280074   3.278611556987606e-14
0.017207729575061226   3.2755929058822996e-14
0.017223587367143963   3.272577034178218e-14
0.017239459772983183   3.269563939315793e-14
0.01725534680604621   3.266553618737821e-14
0.017271248479812762   3.2635460698894503e-14
0.017287164807775   3.2605412902181865e-14
0.017303095803437488   3.2575392771738876e-14
0.01731904148031727   3.2545400282087596e-14
0.01733500185194381   3.2515435407773617e-14
0.01735097693185908   3.248549812336594e-14
0.017366966733617498   3.2455588403457067e-14
0.017382971270785995   3.242570622266282e-14
0.01739899055694398   3.239585155562254e-14
0.017415024605683414   3.2366024376998837e-14
0.01743107343060874   3.233622466147776e-14
0.01744713704533698   3.23064523837686e-14
0.017463215463497665   3.2276707518604034e-14
0.017479308698732925   3.224699004073998e-14
0.017495416764697423   3.2217299924955656e-14
0.017511539675058443   3.21876371460535e-14
0.01752767744349583   3.21580016788592e-14
0.017543830083702062   3.212839349822162e-14
0.01755999760938223   3.209881257901278e-14
0.017576180034254037   3.206925889612793e-14
0.017592377372047857   3.20397324244854e-14
0.01760858963650668   3.2010233139026684e-14
0.017624816841386205   3.198076101471631e-14
0.017641059000454762   3.1951316026541946e-14
0.01765731612749341   3.192189814951423e-14
0.017673588236295876   3.189250735866693e-14
0.017689875340668626   3.186314362905674e-14
0.01770617745443082   3.183380693576341e-14
0.017722494591414385   3.180449725388956e-14
0.01773882676546396   3.1775214558560886e-14
0.01775517399043698   3.1745958824925896e-14
0.017771536280203615   3.1716730028156066e-14
0.017787913648646847   3.168752814344572e-14
0.01780430610966242   3.1658353146012083e-14
0.017820713677158928   3.1629205011095144e-14
0.01783713636505773   3.1600083713957814e-14
0.01785357418729306   3.157098922988571e-14
0.017870027157811958   3.1541921534187283e-14
0.01788649529057435   3.151288060219369e-14
0.01790297859955299   3.1483866409258905e-14
0.01791947709873355   3.1454878930759495e-14
0.017935990802114544   3.1425918142094847e-14
0.01795251972370743   3.13969840186869e-14
0.017969063877536547   3.136807653598035e-14
0.01798562327763918   3.133919566944244e-14
0.018002197938065533   3.131034139456308e-14
0.01801878787287877   3.128151368685473e-14
0.018035393096155   3.1252712521852425e-14
0.018052013621983335   3.122393787511374e-14
0.018068649464465823   3.119518972221883e-14
0.018085300637717558   3.116646803877024e-14
0.0181019671558666   3.113777280039313e-14
0.018118649033054064   3.110910398273502e-14
0.01813534628343406   3.108046156146593e-14
0.018152058921173785   3.105184551227826e-14
0.01816878696045345   3.1023255810886846e-14
0.01818553041546636   3.0994692433028896e-14
0.018202289300418884   3.096615535446397e-14
0.018219063629530508   3.093764455097393e-14
0.018235853417033782   3.090915999836304e-14
0.018252658677174415   3.0880701672457786e-14
0.01826947942421121   3.085226954910697e-14
0.018286315672416134   3.082386360418161e-14
0.018303167436074286   3.0795483813575025e-14
0.018320034729483955   3.0767130153202654e-14
0.018336917566956573   3.073880259900223e-14
0.018353815962816798   3.071050112693359e-14
0.01837072993140245   3.0682225712978764e-14
0.018387659487064605   3.065397633314187e-14
0.01840460464416752   3.06257529634492e-14
0.01842156541708873   3.059755557994907e-14
0.01843854182021898   3.056938415871192e-14
0.018455533867962316   3.0541238675830213e-14
0.01847254157473602   3.0513119107418465e-14
0.018489564954970707   3.048502542961314e-14
0.018506604023110232   3.045695761857281e-14
0.01852365879361182   3.042891565047786e-14
0.018540729280945967   3.040089950153078e-14
0.018557815499596546   3.037290914795589e-14
0.018574917464060745   3.034494456599943e-14
0.01859203518884914   3.031700573192956e-14
0.018609168688485656   3.028909262203629e-14
0.018626317977507623   3.0261205212631455e-14
0.018643483070465743   3.0233343480048775e-14
0.018660663981924158   3.020550740064372e-14
0.018677860726460396   3.017769695079359e-14
0.018695073318665458   3.014991210689739e-14
0.018712301773143755   3.0122152845375966e-14
0.018729546104513186   3.00944191426718e-14
0.018746806327405097   3.006671097524913e-14
0.01876408245646434   3.0039028319593884e-14
0.018781374506349237   3.001137115221363e-14
0.018798682491731653   2.998373944963756e-14
0.01881600642729693   2.99561331884166e-14
0.018833346327743982   2.992855234512316e-14
0.01885070220778526   2.990099689635128e-14
0.018868074082146753   2.98734668187166e-14
0.01888546196556805   2.984596208885625e-14
0.01890286587280229   2.9818482683428946e-14
0.018920285818616246   2.979102857911485e-14
0.018937721817790257   2.976359975261567e-14
0.01895517388511833   2.9736196180654516e-14
0.01897264203540806   2.9708817839976024e-14
0.01899012628348072   2.9681464707346186e-14
0.019007626644171223   2.965413675955245e-14
0.019025143132328174   2.962683397340361e-14
0.019042675762813828   2.959955632572986e-14
0.019060224550504178   2.957230379338273e-14
0.019077789510288882   2.95450763532351e-14
0.01909537065707136   2.951787398218111e-14
0.019112968005768734   2.949069665713626e-14
0.019130581571311905   2.946354435503722e-14
0.019148211368645494   2.943641705284203e-14
0.019165857412727937   2.940931472752986e-14
0.019183519718531414   2.938223735610114e-14
0.01920119830104194   2.935518491557748e-14
0.019218893175259304   2.932815738300168e-14
0.019236604356197163   2.930115473543763e-14
0.019254331858882954   2.927417694997045e-14
0.019272075698358017   2.9247224003706273e-14
0.019289835889677507   2.92202958737724e-14
0.0193076124479105   2.9193392537317164e-14
0.019325405388139906   2.916651397150998e-14
0.019343214725462587   2.913966015354125e-14
0.01936104047498927   2.911283106062247e-14
0.01937888265184465   2.908602666998604e-14
0.019396741271167327   2.905924695888543e-14
0.019414616348109877   2.903249190459497e-14
0.01943250789783881   2.9005761484410036e-14
0.019450415935534652   2.897905567564681e-14
0.01946834047639188   2.895237445564246e-14
0.019486281535619005   2.892571780175499e-14
0.019504239128438527   2.889908569136329e-14
0.019522213270086998   2.8872478101867057e-14
0.019540203975814987   2.8845895010686855e-14
0.019558211260887144   2.881933639526401e-14
0.019576235140582158   2.879280223306066e-14
0.01959427563019283   2.876629250155966e-14
0.019612332745026013   2.873980717826471e-14
0.019630406500402715   2.871334624070012e-14
0.019648496911658014   2.868690966641099e-14
0.019666603994141163   2.866049743296305e-14
0.01968472776321552   2.8634109517942757e-14
0.01970286823425865   2.860774589895714e-14
0.01972102542266223   2.8581406553633964e-14
0.019739199343832177   2.85550914596215e-14
0.019757390013188564   2.8528800594588686e-14
0.019775597446165704   2.8502533936224985e-14
0.019793821658212103   2.847629146224046e-14
0.019812062664790544   2.845007315036564e-14
0.019830320481378012   2.842387897835167e-14
0.019848595123465804   2.839770892397008e-14
0.019866886606559445   2.8371562965012996e-14
0.019885194946178793   2.834544107929289e-14
0.019903520157857967   2.831934324464278e-14
0.01992186225714545   2.8293269438915995e-14
0.019940221259603996   2.8267219639986373e-14
0.019958597180810757   2.8241193825748064e-14
0.01997699003635719   2.821519197411563e-14
0.01999539984184917   2.8189214063023938e-14
0.020013826612906904   2.816326007042822e-14
0.020032270365165042   2.8137329974303975e-14
0.020050731114272594   2.8111423752647055e-14
0.020069208875893033   2.808554138347351e-14
0.020087703665704237   2.80596828448197e-14
0.020106215499398554   2.8033848114742188e-14
0.020124744392682775   2.8008037171317767e-14
0.020143290361278182   2.798224999264342e-14
0.020161853420920528   2.7956486556836317e-14
0.020180433587360075   2.793074684203378e-14
0.020199030876361622   2.790503082639324e-14
0.020217645303704446   2.787933848809234e-14
0.020236276885182418   2.7853669805328716e-14
0.02025492563660392   2.782802475632018e-14
0.02027359157379194   2.7802403319304542e-14
0.020292274712584015   2.7776805472539727e-14
0.02031097506883231   2.7751231194303605e-14
0.020329692658403557   2.772568046289416e-14
0.020348427497179158   2.7700153256629263e-14
0.020367179601055104   2.7674649553846862e-14
0.02038594898594208   2.7649169332904754e-14
0.020404735667765385   2.762371257218078e-14
0.020423539662465042   2.7598279250072603e-14
0.020442360985995726   2.7572869344997863e-14
0.020461199654326846   2.7547482835394023e-14
0.02048005568344249   2.752211969971847e-14
0.020498929089341523   2.7496779916448364e-14
0.020517819888037504   2.7471463464080775e-14
0.020536728095558798   2.7446170321132496e-14
0.020555653727948493   2.7420900466140184e-14
0.020574596801264507   2.7395653877660212e-14
0.020593557331579516   2.7370430534268754e-14
0.020612535334981044   2.734523041456168e-14
0.020631530827571406   2.732005349715461e-14
0.02065054382546779   2.7294899760682817e-14
0.020669574344802204   2.726976918380133e-14
0.020688622401721556   2.7244661745184753e-14
0.020707688012387593   2.7219577423527417e-14
0.020726771192977   2.7194516197543216e-14
0.020745871959681337   2.7169478045965684e-14
0.020764990328707107   2.7144462947547937e-14
0.020784126316275724   2.711947088106268e-14
0.020803279938623586   2.709450182530213e-14
0.02082245121200201   2.7069555759078096e-14
0.020841640152677334   2.7044632661221854e-14
0.02086084677693084   2.7019732510584225e-14
0.02088007110105887   2.699485528603546e-14
0.02089931314137272   2.6970000966465344e-14
0.020918572914198776   2.694516953078303e-14
0.020937850435878425   2.6920360957917163e-14
0.020957145722768147   2.689557522681575e-14
0.020976458791239466   2.6870812316446244e-14
0.020995789657679027   2.684607220579541e-14
0.021015138338488535   2.6821354873869426e-14
0.021034504850084852   2.679666029969376e-14
0.021053889208899928   2.677198846231326e-14
0.021073291431380897   2.6747339340792003e-14
0.021092711533990012   2.6722712914213418e-14
0.02111214953320473   2.6698109161680156e-14
0.021131605445517662   2.667352806231416e-14
0.02115107928743665   2.664896959525654e-14
0.021170571075484715   2.6624433739667708e-14
0.021190080826200136   2.6599920474727178e-14
0.021209608556136402   2.6575429779633727e-14
0.021229154281862294   2.655096163360523e-14
0.021248718019961817   2.6526516015878752e-14
0.021268299787034307   2.6502092905710437e-14
0.021287899599694352   2.6477692282375595e-14
0.021307517474571897   2.6453314125168554e-14
0.021327153428312158   2.64289584134028e-14
0.02134680747757575   2.6404625126410782e-14
0.021366479639038587   2.638031424354407e-14
0.021386169929391994   2.635602574417319e-14
0.021405878365342645   2.6331759607687726e-14
0.021425604963612642   2.630751581349618e-14
0.021445349740939455   2.6283294341026106e-14
0.021465112714076032   2.6259095169723912e-14
0.021484893899790705   2.6234918279055036e-14
0.021504693314867304   2.6210763648503745e-14
0.021524510976105093   2.6186631257573263e-14
0.021544346900318846   2.6162521085785654e-14
0.021564201104338796   2.613843311268189e-14
0.021584073605010735   2.611436731782173e-14
0.021603964419195924   2.6090323680783832e-14
0.02162387356377122   2.6066302181165573e-14
0.021643801055628974   2.6042302798583216e-14
0.02166374691167715   2.6018325512671736e-14
0.021683711148839286   2.5994370303084895e-14
0.021703693784054484   2.5970437149495196e-14
0.021723694834277503   2.594652603159384e-14
0.02174371431647868   2.5922636929090786e-14
0.021763752247644038   2.5898769821714608e-14
0.021783808644775204   2.587492468921263e-14
0.021803883524889524   2.5851101511350773e-14
0.021823976905019974   2.5827300267913637e-14
0.02184408880221528   2.5803520938704395e-14
0.02186421923353983   2.5779763503544892e-14
0.021884368216073778   2.575602794227547e-14
0.021904535766912987   2.573231423475513e-14
0.021924721903169103   2.5708622360861345e-14
0.021944926641969505   2.5684952300490188e-14
0.021965150000457404   2.5661304033556212e-14
0.021985391995791755   2.5637677539992497e-14
0.02200565264514738   2.5614072799750543e-14
0.022025931965714878   2.5590489792800418e-14
0.022046229974700737   2.5566928499130542e-14
0.022066546689327254   2.5543388898747844e-14
0.02208688212683265   2.55198709716776e-14
0.02210723630447097   2.5496374697963554e-14
0.02212760923951223   2.5472900057667754e-14
0.02214800094924229   2.544944703087069e-14
0.022168411450963005   2.5426015597671134e-14
0.022188840761992113   2.5402605738186247e-14
0.022209288899663372   2.537921743255145e-14
0.022229755881326457   2.5355850660920507e-14
0.022250241724347083   2.5332505403465404e-14
0.02227074644610692   2.5309181640376458e-14
0.0222912700640037   2.5285879351862192e-14
0.02231181259545115   2.5262598518149358e-14
0.022332374057879086   2.523933911948293e-14
0.02235295446873333   2.521610113612608e-14
0.02237355384547585   2.5192884548360148e-14
0.02239417220558464   2.5169689336484653e-14
0.022414809566553857   2.5146515480817227e-14
0.022435465945893726   2.512336296169368e-14
0.022456141361130662   2.51002317594679e-14
0.022476835829807182   2.5077121854511866e-14
0.02249754936948202   2.5054033227215642e-14
0.02251828199773004   2.5030965857987374e-14
0.022539033732142343   2.5007919727253217e-14
0.022559804590326207   2.4984894815457408e-14
0.02258059458990518   2.496189110306212e-14
0.022601403748518996   2.4938908570547594e-14
0.022622232083823697   2.4915947198411995e-14
0.022643079613491553   2.48930069671715e-14
0.022663946355211156   2.487008785736018e-14
0.022684832326687367   2.4847189849530087e-14
0.022705737545641393   2.4824312924251122e-14
0.02272666202981074   2.4801457062111164e-14
0.0227476057969493   2.477862224371588e-14
0.022768568864827275   2.4755808449688885e-14
0.0227895512512313   2.473301566067157e-14
0.022810552973964348   2.4710243857323218e-14
0.02283157405084585   2.4687493020320858e-14
0.022852614499711595   2.466476313035938e-14
0.022873674338413884   2.4642054168151415e-14
0.0228947535848214   2.461936611442738e-14
0.022915852256819347   2.4596698949935418e-14
0.022936970372309365   2.4574052655441434e-14
0.02295810794920964   2.4551427211728997e-14
0.02297926500545482   2.4528822599599443e-14
0.023000441558996127   2.450623879987173e-14
0.02302163762780128   2.4483675793382528e-14
0.02304285322985461   2.4461133560986116e-14
0.02306408838315696   2.4438612083554442e-14
0.023085343105725825   2.441611134197704e-14
0.02310661741559525   2.4393631317161082e-14
0.023127911330815935   2.4371171990031283e-14
0.023149224869455184   2.4348733341529973e-14
0.023170558049596997   2.4326315352616965e-14
0.023191910889341978   2.430391800426971e-14
0.023213283406807464   2.428154127748308e-14
0.023234675620127477   2.4259185153269483e-14
0.02325608754745272   2.4236849612658862e-14
0.023277519206950665   2.4214534636698563e-14
0.023298970616805484   2.4192240206453443e-14
0.023320441795218153   2.4169966303005745e-14
0.023341932760406373   2.4147712907455185e-14
0.02336344353060468   2.4125480000918853e-14
0.023384974124064366   2.4103267564531253e-14
0.023406524559053597   2.4081075579444237e-14
0.023428094853857315   2.4058904026827054e-14
0.02344968502677737   2.4036752887866248e-14
0.023471295096132425   2.401462214376575e-14
0.023492925080258072   2.3992511775746733e-14
0.023514574997506758   2.3970421765047732e-14
0.023536244866247887   2.39483520929245e-14
0.02355793470486774   2.3926302740650105e-14
0.02357964453176959   2.390427368951484e-14
0.023601374365373635   2.388226492082623e-14
0.023623124224117078   2.386027641590899e-14
0.023644894126454073   2.38383081561051e-14
0.02366668409085583   2.3816360122773668e-14
0.023688494135810527   2.379443229729098e-14
0.02371032427982344   2.377252466105048e-14
0.023732174541416837   2.375063719546277e-14
0.023754044939130105   2.3728769881955524e-14
0.02377593549151968   2.3706922701973578e-14
0.023797846217159135   2.3685095636978793e-14
0.023819777134639113   2.3663288668450175e-14
0.023841728262567443   2.364150177788371e-14
0.023863699619569044   2.36197349467925e-14
0.02388569122428606   2.3597988156706617e-14
0.02390770309537775   2.3576261389173187e-14
0.023929735251520638   2.3554554625756288e-14
0.02395178771140839   2.3532867848037016e-14
0.023973860493751963   2.351120103761339e-14
0.0239959536172795   2.3489554176100428e-14
0.02401806710073645   2.3467927245130023e-14
0.024040200962885498   2.344632022635104e-14
0.02406235522250666   2.342473310142919e-14
0.02408452989839721   2.3403165852047122e-14
0.024106725009371804   2.33816184599043e-14
0.024128940574262372   2.3360090906717113e-14
0.02415117661191826   2.333858317421871e-14
0.024173433141206124   2.331709524415913e-14
0.02419571018101007   2.3295627098305158e-14
0.02421800775023155   2.3274178718440435e-14
0.02424032586778948   2.325275008636532e-14
0.024262664552620168   2.3231341183896986e-14
0.024285023823677417   2.32099519928693e-14
0.02430740369993245   2.318858249513291e-14
0.024329804200374026   2.316723267255513e-14
0.02435222534400835   2.3145902507020017e-14
0.024374667149859187   2.3124591980428276e-14
0.02439712963696779   2.3103301074697318e-14
0.024419612824393012   2.3082029771761157e-14
0.024442116731211213   2.3060778053570506e-14
0.024464641376516383   2.3039545902092638e-14
0.02448718677942006   2.301833329931149e-14
0.02450975295905145   2.2997140227227544e-14
0.024532339934557328   2.29759666678579e-14
0.024554947725102166   2.2954812603236173e-14
0.024577576349868055   2.293367801541258e-14
0.0246002258280548   2.291256288645381e-14
0.024622896178879864   2.2891467198443122e-14
0.02464558742157846   2.2870390933480226e-14
0.024668299575403476   2.2849334073681368e-14
0.024691032659625602   2.2828296601179208e-14
0.02471378669353323   2.280727849812291e-14
0.024736561696432572   2.278627974667805e-14
0.024759357687647598   2.2765300329026633e-14
0.02478217468652012   2.2744340227367078e-14
0.02480501271240973   2.2723399423914202e-14
0.024827871784693915   2.2702477900899187e-14
0.024850751922767967   2.2681575640569603e-14
0.024873653146045095   2.2660692625189326e-14
0.024896575473956357   2.2639828837038617e-14
0.02491951892595075   2.261898425841403e-14
0.024942483521495203   2.2598158871628403e-14
0.02496546928007453   2.2577352659010908e-14
0.02498847622119157   2.255656560290695e-14
0.025011504364367075   2.253579768567822e-14
0.025034553729139836   2.251504888970263e-14
0.0250576243350666   2.249431919737436e-14
0.025080716201722194   2.2473608591103736e-14
0.025103829348699425   2.2452917053317364e-14
0.02512696379560921   2.243224456645796e-14
0.025150119562080485   2.241159111298447e-14
0.025173296667760334   2.239095667537195e-14
0.02519649513231389   2.2370341236111612e-14
0.02521971497542445   2.234974477771079e-14
0.02524295621679342   2.232916728269294e-14
0.025266218876140396   2.230860873359759e-14
0.025289502973203103   2.2288069112980368e-14
0.025312808527737506   2.2267548403412946e-14
0.02533613555951772   2.224704658748308e-14
0.025359484088336135   2.222656364779451e-14
0.025382854134003343   2.2206099566967058e-14
0.02540624571634822   2.218565432763649e-14
0.025429658855217887   2.2165227912454614e-14
0.02545309357047779   2.2144820304089178e-14
0.02547654988201164   2.212443148522393e-14
0.025500027809721517   2.2104061438558508e-14
0.025523527373527796   2.2083710146808548e-14
0.02554704859336926   2.206337759270554e-14
0.025570591489203008   2.2043063758996945e-14
0.025594156081004592   2.202276862844604e-14
0.02561774238876792   2.2002492183832025e-14
0.025641350432505365   2.1982234407949944e-14
0.025664980232247704   2.1961995283610694e-14
0.025688631808044222   2.194177479364097e-14
0.025712305179962626   2.192157292088333e-14
0.02573600036808917   2.1901389648196084e-14
0.02575971739252856   2.1881224958453376e-14
0.025783456273404094   2.1861078834545067e-14
0.025807217030857553   2.1840951259376832e-14
0.025830999685049337   2.182084221587004e-14
0.025854804256158367   2.1800751686961836e-14
0.02587863076438222   2.178067965560501e-14
0.025902479229937027   2.1760626104768132e-14
0.025926349673057604   2.1740591017435383e-14
0.02595024211399736   2.1720574376606672e-14
0.025974156573028425   2.170057616529752e-14
0.025998093070441555   2.1680596366539122e-14
0.02602205162654626   2.1660634963378264e-14
0.026046032261670713   2.164069193887739e-14
0.02607003499616187   2.1620767276114486e-14
0.02609405985038539   2.1600860958183184e-14
0.02611810684472575   2.158097296819262e-14
0.026142175999586154   2.1561103289267556e-14
0.026166267335388675   2.1541251904548216e-14
0.02619038087257414   2.1521418797190415e-14
0.026214516631602274   2.150160395036545e-14
0.0262386746329516   2.148180734726012e-14
0.02626285489711957   2.1462028971076694e-14
0.026287057444622463   2.1442268805032942e-14
0.02631128229599553   2.1422526832362057e-14
0.026335529471792886   2.1402803036312696e-14
0.02635979899258764   2.1383097400148912e-14
0.026384090878971814   2.136340990715021e-14
0.02640840515155645   2.1343740540611455e-14
0.02643274183097154   2.1324089283842926e-14
0.02645710093786614   2.1304456120170243e-14
0.026481482492908267   2.128484103293441e-14
0.02650588651678506   2.1265244005491745e-14
0.026530313030202653   2.124566502121392e-14
0.026554762053886325   2.1226104063487878e-14
0.026579233608580395   2.1206561115715932e-14
0.02660372771504835   2.1187036161315592e-14
0.02662824439407277   2.1167529183719706e-14
0.026652783666455425   2.1148040166376346e-14
0.026677345553017213   2.112856909274884e-14
0.026701930074598257   2.110911594631574e-14
0.02672653725205788   2.1089680710570792e-14
0.026751167106274596   2.107026336902299e-14
0.026775819658146207   2.105086390519646e-14
0.02680049492858972   2.1031482302630546e-14
0.02682519293854148   2.1012118544879717e-14
0.02684991370895706   2.099277261551361e-14
0.026874657260811403   2.097344449811696e-14
0.026899423615098735   2.0954134176289664e-14
0.02692421279283267   2.0934841633646686e-14
0.026949024815046144   2.09155668538181e-14
0.026973859702791526   2.0896309820449026e-14
0.026998717477140527   2.0877070517199688e-14
0.027023598159184342   2.0857848927745303e-14
0.02704850177003354   2.0838645035776184e-14
0.0270734283308182   2.0819458824997594e-14
0.027098377862687817   2.0800290279129863e-14
0.027123350386811438   2.0781139381908262e-14
0.027148345924377554   2.0762006117083098e-14
0.027173364496594247   2.074289046841957e-14
0.027198406124689083   2.07237924196979e-14
0.027223470829909245   2.0704711954713168e-14
0.02724855863352144   2.0685649057275463e-14
0.027273669556812034   2.0666603711209705e-14
0.027298803621086953   2.0647575900355764e-14
0.027323960847671802   2.0628565608568363e-14
0.0273491412579118   2.0609572819717106e-14
0.02737434487317188   2.059059751768643e-14
0.027399571714836618   2.0571639686375642e-14
0.02742482180431034   2.055269930969885e-14
0.027450095163017052   2.0533776371585e-14
0.027475391812400555   2.0514870855977803e-14
0.02750071177392436   2.049598274683579e-14
0.0275260550690718   2.047711202813224e-14
0.02755142171934597   2.0458258683855204e-14
0.027576811746269823   2.0439422698007466e-14
0.027602225171386097   2.0420604054606563e-14
0.027627662016257434   2.040180273768472e-14
0.02765312230246629   2.0383018731288896e-14
0.027678606051615078   2.0364252019480705e-14
0.027704113285326046   2.034550258633648e-14
0.02772964402524144   2.0326770415947168e-14
0.02775519829302338   2.030805549241843e-14
0.027780776110354018   2.0289357799870485e-14
0.027806377498935417   2.027067732243826e-14
0.027832002480489712   2.0252014044271208e-14
0.027857651076758985   2.0233367949533455e-14
0.02788332330950542   2.021473902240364e-14
0.027909019200511195   2.0196127247075033e-14
0.02793473877157862   2.01775326077554e-14
0.02796048204453004   2.0158955088667096e-14
0.027986249041207965   2.014039467404699e-14
0.028012039783474982   2.012185134814647e-14
0.028037854293213878   2.01033250952314e-14
0.028063692592327553   2.0084815899582183e-14
0.02808955470273914   2.0066323745493633e-14
0.028115440646391928   2.0047848617275097e-14
0.028141350445249482   2.00293904992503e-14
0.028167284121295547   2.001094937575748e-14
0.028193241696534192   1.99925252311492e-14
0.028219223192989695   1.997411804979253e-14
0.0282452286327067   1.9955727816068876e-14
0.028271258037750102   1.9937354514374044e-14
0.02829731143020519   1.9918998129118193e-14
0.02832338883217754   1.9900658644725877e-14
0.02834949026579317   1.9882336045635943e-14
0.028375615753198424   1.9864030316301612e-14
0.028401765316560114   1.984574144119038e-14
0.028427938978065417   1.9827469404784085e-14
0.02845413675992202   1.980921419157882e-14
0.02848035868435802   1.979097578608499e-14
0.028506604773622046   1.977275417282722e-14
0.028532875049983187   1.975454933634443e-14
0.028559169535731097   1.9736361261189736e-14
0.028585488253175924   1.971818993193053e-14
0.028611831224648412   1.9700035333148365e-14
0.02863819847249989   1.9681897449438992e-14
0.028664590019102237   1.9663776265412397e-14
0.028691005886848007   1.964567176569269e-14
0.028717446098150336   1.962758393491816e-14
0.02874391067544307   1.9609512757741233e-14
0.028770399641180673   1.9591458218828473e-14
0.028796913017838353   1.9573420302860563e-14
0.028823450827911976   1.9555398994532297e-14
0.028850013093918207   1.953739427855254e-14
0.028876599838394384   1.9519406139644282e-14
0.02890321108389869   1.950143456254453e-14
0.02892984685301003   1.9483479532004384e-14
0.02895650716832817   1.946554103278895e-14
0.02898319205247366   1.9447619049677412e-14
0.029009901528087932   1.9429713567462915e-14
0.02903663561783325   1.941182457095265e-14
0.029063394344392805   1.9393952044967768e-14
0.02909017773047063   1.9376095974343433e-14
0.029116985798791756   1.9358256343928717e-14
0.02914381857210208   1.9340433138586706e-14
0.02917067607316853   1.932262634319437e-14
0.029197558324778956   1.930483594264266e-14
0.029224465349742258   1.9287061921836378e-14
0.029251397170888305   1.926930426569428e-14
0.029278353811068063   1.9251562959148976e-14
0.029305335293153496   1.923383798714697e-14
0.0293323416400377   1.9216129334648606e-14
0.02935937287463482   1.91984369866281e-14
0.02938642901988017   1.9180760928073485e-14
0.029413510098730132   1.9163101143986645e-14
0.029440616134162323   1.914545761938323e-14
0.02946774714917546   1.9127830339292735e-14
0.029494903166789516   1.9110219288758406e-14
0.029522084210045624   1.9092624452837274e-14
0.029549290302006207   1.9075045816600128e-14
0.02957652146575488   1.905748336513153e-14
0.029603777724396593   1.903993708352973e-14
0.02963105910105753   1.9022406956906718e-14
0.029658365618885244   1.9004892970388207e-14
0.029685697301048555   1.8987395109113604e-14
0.029713054170737708   1.896991335823598e-14
0.02974043625116424   1.8952447702922103e-14
0.02976784356556116   1.893499812835237e-14
0.02979527613718281   1.891756461972086e-14
0.02982273398930503   1.890014716223525e-14
0.02985021714522505   1.8882745741116868e-14
0.029877725628261624   1.8865360341600623e-14
0.02990525946175494   1.884799094893505e-14
0.029932818669066757   1.8830637548382233e-14
0.0299604032735803   1.881330012521787e-14
0.029988013298700406   1.8795978664731166e-14
0.030015648767853412   1.8778673152224916e-14
0.030043309704487313   1.8761383573015413e-14
0.030070996132071648   1.874410991243252e-14
0.03009870807409765   1.872685215581953e-14
0.03012644555407813   1.8709610288533336e-14
0.030154208595547634   1.869238429594421e-14
0.03018199722206234   1.867517416343597e-14
0.030209811457200184   1.8657979876405843e-14
0.03023765132456078   1.8640801420264553e-14
0.030265516847765545   1.8623638780436207e-14
0.030293408050457604   1.8606491942358375e-14
0.030321324956301934   1.8589360891481995e-14
0.030349267588985256   1.8572245613271448e-14
0.03037723597221618   1.8555146093204457e-14
0.030405230129725114   1.8538062316772152e-14
0.03043325008526438   1.8520994269478988e-14
0.03046129586260814   1.8503941936842818e-14
0.03048936748555252   1.8486905304394764e-14
0.030517464977915517   1.846988435767933e-14
0.030545588363537136   1.8452879082254286e-14
0.030573737666279296   1.8435889463690752e-14
0.030601912910025956   1.841891548757307e-14
0.03063011411868304   1.8401957139498916e-14
0.03065834131617855   1.8385014405079175e-14
0.030686594526462482   1.836808726993804e-14
0.030714873773506957   1.8351175719712888e-14
0.030743179081306173   1.8334279740054335e-14
0.030771510473876402   1.831739931662624e-14
0.030799867975256114   1.8300534435105617e-14
0.03082825160950586   1.828368508118271e-14
0.030856661400708436   1.8266851240560908e-14
0.030885097372968757   1.825003289895679e-14
0.030913559550414027   1.823323004210005e-14
0.030942047957193616   1.821644265573358e-14
0.03097056261747921   1.819967072561334e-14
0.030999103555464712   1.8182914237508443e-14
0.03102767079536638   1.8166173177201094e-14
0.031056264361422725   1.8149447530486595e-14
0.031084884277894666   1.8132737283173304e-14
0.031113530569065403   1.81160424210827e-14
0.031142203259240588   1.809936293004925e-14
0.031170902372748208   1.8082698795920523e-14
0.03119962793393873   1.8066050004557073e-14
0.031228379967184992   1.8049416541832527e-14
0.03125715849688237   1.803279839363345e-14
0.03128596354744864   1.801619554585947e-14
0.03131479514332417   1.7999607984423146e-14
0.031343653308971764   1.7983035695250056e-14
0.03137253806887683   1.796647866427869e-14
0.03140144944754731   1.794993687746053e-14
0.03143038746951376   1.7933410320759948e-14
0.03145935215932928   1.79168989801543e-14
0.031488343541569694   1.7900402841633773e-14
0.03151736164083338   1.788392189120154e-14
0.03154640648174145   1.7867456114873598e-14
0.03157547808893765   1.785100549867887e-14
0.03160457648708851   1.783457002865908e-14
0.031633701700883206   1.7818149690868877e-14
0.031662853755033735   1.7801744471375695e-14
0.031692032674274825   1.778535435625983e-14
0.03172123848336403   1.776897933161438e-14
0.03175047120708168   1.7752619383545256e-14
0.031779730870231   1.7736274498171143e-14
0.031809017497637995   1.7719944661623542e-14
0.03183833111415163   1.770362986004669e-14
0.0318676717446437   1.7687330079597608e-14
0.031897039414008975   1.7671045306446047e-14
0.03192643414716512   1.7654775526774505e-14
0.0319558559690528   1.7638520726778186e-14
0.031985304904635636   1.762228089266503e-14
0.032014780978900294   1.760605601065564e-14
0.03204428421685641   1.7589846066983356e-14
0.03207381464353672   1.7573651047894147e-14
0.03210337228399699   1.7557470939646676e-14
0.032132957163316114   1.754130572851225e-14
0.03216256930659605   1.7525155400774813e-14
0.03219220873896195   1.7509019942730938e-14
0.03222187548556204   1.7492899340689838e-14
0.03225156957156781   1.747679358097329e-14
0.032281291022173864   1.7460702649915715e-14
0.032311039862598104   1.7444626533864072e-14
0.032340816118081595   1.7428565219177935e-14
0.032370619813888724   1.7412518692229388e-14
0.03240045097530712   1.7396486939403105e-14
0.03243030962764775   1.7380469947096282e-14
0.03246019579624486   1.736446770171864e-14
0.032490109506456095   1.7348480189692408e-14
0.03252005078366243   1.7332507397452333e-14
0.03255001965326826   1.7316549311445626e-14
0.03258001614070134   1.7300605918132013e-14
0.03261004027141294   1.7284677203983653e-14
0.032640092070877695   1.726876315548519e-14
0.03267017156459379   1.7252863759133687e-14
0.03270027877808285   1.7236979001438667e-14
0.03273041373689008   1.7221108868922043e-14
0.03276057646658415   1.7205253348118167e-14
0.032790766992757375   1.7189412425573775e-14
0.03282098534102559   1.7173586087848e-14
0.03285123153702827   1.715777432151233e-14
0.0328815056064285   1.7141977113150656e-14
0.03291180757491303   1.7126194449359184e-14
0.032942137468192294   1.7110426316746468e-14
0.03297249531200036   1.7094672701933423e-14
0.033002881132095103   1.7078933591553244e-14
0.03303329495425804   1.7063208972251463e-14
0.033063736804294516   1.704749883068589e-14
0.03309420670803362   1.703180315352663e-14
0.03312470469132827   1.701612192745606e-14
0.03315523078005517   1.700045513916883e-14
0.03318578500011493   1.6984802775371798e-14
0.033216367377431964   1.6969164822784128e-14
0.03324697793795463   1.695354126813716e-14
0.03327761670765515   1.6937932098174473e-14
0.03330828371252974   1.6922337299651854e-14
0.0333389789785985   1.690675685933728e-14
0.03336970253190559   1.6891190764010895e-14
0.03340045439851909   1.687563900046506e-14
0.03343123460453117   1.6860101555504248e-14
0.033462043176058005   1.6844578415945113e-14
0.03349288013923986   1.682906956861644e-14
0.03352374552024105   1.681357500035914e-14
0.033554639345250076   1.679809469802623e-14
0.03358556164047949   1.6782628648482854e-14
0.03361651243216607   1.6767176838606235e-14
0.0336474917465707   1.6751739255285692e-14
0.03367849960997855   1.6736315885422596e-14
0.03370953604869893   1.6720906715930394e-14
0.03374060108906547   1.6705511733734582e-14
0.033771694757436   1.6690130925772693e-14
0.0338028170801927   1.667476427899428e-14
0.033833968083742005   1.6659411780360923e-14
0.033865147794514744   1.6644073416846195e-14
0.033896356238966044   1.6628749175435688e-14
0.033927593443575474   1.6613439043126944e-14
0.03395885943484694   1.6598143006929505e-14
0.03399015423930883   1.658286105386485e-14
0.03402147788351393   1.656759317096644e-14
0.03405283039403956   1.6552339345279642e-14
0.03408421179748744   1.653709956386178e-14
0.034115622120483906   1.6521873813782055e-14
0.034147061389679746   1.650666208212163e-14
0.03417852963175038   1.6491464355973508e-14
0.034210026873395735   1.647628062244263e-14
0.034241553141340426   1.6461110868645753e-14
0.03427310846233361   1.644595508171155e-14
0.03430469286314919   1.6430813248780503e-14
0.03433630637058564   1.6415685357004962e-14
0.03436794901146623   1.640057139354909e-14
0.03439962081263886   1.638547134558889e-14
0.03443132180097624   1.637038520031214e-14
0.03446305200337579   1.6355312944918457e-14
0.03449481144675977   1.6340254566619207e-14
0.0345266001580752   1.6325210052637548e-14
0.03455841816429399   1.631017939020839e-14
0.034590265492412835   1.6295162566578435e-14
0.03462214216945339   1.6280159569006063e-14
0.03465404822246212   1.626517038476146e-14
0.03468598367851051   1.6250195001126462e-14
0.03471794856469491   1.6235233405394675e-14
0.034749942908136704   1.622028558487136e-14
0.03478196673598222   1.6205351526873495e-14
0.03481402007540285   1.619043121872973e-14
0.03484610295359497   1.6175524647780372e-14
0.03487821539778009   1.6160631801377393e-14
0.03491035743520472   1.6145752666884415e-14
0.03494252909314058   1.6130887231676673e-14
0.03497473039888441   1.611603548314107e-14
0.03500696137975821   1.6101197408676067e-14
0.03503922206310907   1.6086372995691785e-14
0.03507151247630936   1.6071562231609884e-14
0.03510383264675661   1.6056765103863644e-14
0.03513618260187365   1.6041981599897893e-14
0.035168562369108536   1.6027211707169044e-14
0.035200971975934664   1.6012455413145035e-14
0.0352334114498507   1.5997712705305348e-14
0.035265880818380696   1.5982983571141e-14
0.035298380109074025   1.5968267998154532e-14
0.035330909349505495   1.595356597385998e-14
0.035363468567275305   1.593887748578287e-14
0.03539605779000907   1.5924202521460242e-14
0.03542867704535789   1.5909541068440574e-14
0.03546132636099833   1.5894893114283846e-14
0.035494005764632484   1.5880258646561463e-14
0.035526715283987924   1.5865637652856296e-14
0.03555945494681785   1.5851030120762627e-14
0.03559222478090096   1.5836436037886187e-14
0.035625024814041624   1.582185539184408e-14
0.03565785507406976   1.580728817026487e-14
0.03569071558884101   1.5792734360788446e-14
0.03572360638623661   1.5778193951066135e-14
0.03575652749416357   1.576366692876059e-14
0.03578947894055453   1.5749153281545858e-14
0.03582246075336796   1.5734652997107302e-14
0.03585547296058802   1.5720166063141664e-14
0.03588851559022471   1.5705692467356973e-14
0.03592158867031381   1.569123219747261e-14
0.03595469222891697   1.5676785241219232e-14
0.03598782629412166   1.5662351586338825e-14
0.036020990894041274   1.5647931220584633e-14
0.03605418605681507   1.56335241317212e-14
0.03608741181060829   1.5619130307524322e-14
0.036120668183612065   1.5604749735781056e-14
0.036153955204043596   1.5590382404289687e-14
0.036187272900145985   1.5576028300859767e-14
0.03622062130018845   1.5561687413312048e-14
0.036254000432466196   1.554735972947851e-14
0.03628741032530056   1.553304523720231e-14
0.03632085100703891   1.551874392433785e-14
0.036354322506054824   1.5504455778750655e-14
0.03638782485074793   1.5490180788317463e-14
0.03642135806954412   1.5475918940926158e-14
0.036454922190895404   1.5461670224475792e-14
0.03648851724328008   1.5447434626876536e-14
0.03652214325520263   1.5433212136049715e-14
0.03655580025519386   1.541900273992775e-14
0.036589488271810806   1.540480642645421e-14
0.0366232073336369   1.539062318358372e-14
0.03665695746928182   1.537645299928204e-14
0.03669073870738171   1.5362295861525973e-14
0.036724551076599006   1.5348151758303426e-14
0.03675839460562264   1.5334020677613334e-14
0.03679226932316793   1.5319902607465707e-14
0.03682617525797669   1.5305797535881577e-14
0.036860112438817184   1.5291705450893026e-14
0.03689408089448423   1.527762634054313e-14
0.03692808065379914   1.5263560192885995e-14
0.03696211174560984   1.5249506995986713e-14
0.036996174198790754   1.5235466737921382e-14
0.03703026804224303   1.5221439406777057e-14
0.037064393304894326   1.5207424990651783e-14
0.03709855001569908   1.5193423477654535e-14
0.03713273820363831   1.5179434855905278e-14
0.03716695789771983   1.516545911353487e-14
0.03720120912697809   1.5151496238685142e-14
0.03723549192047439   1.5137546219508804e-14
0.03726980630729674   1.5123609044169505e-14
0.037304152316560014   1.5109684700841757e-14
0.03733852997740585   1.509577317771102e-14
0.03737293931900283   1.5081874462973558e-14
0.03740738037054633   1.5067988544836558e-14
0.03744185316125869   1.505411541151804e-14
0.037476357720389125   1.5040255051246894e-14
0.037510894077213884   1.5026407452262805e-14
0.0375454622610361   1.501257260281635e-14
0.037580062301186   1.4998750491168857e-14
0.03761469422702076   1.498494110559252e-14
0.037649358067924694   1.4971144434370285e-14
0.037684053853309106   1.4957360465795927e-14
0.03771878161261249   1.4943589188173954e-14
0.03775354137530039   1.4929830589819698e-14
0.03778833317086557   1.491608465905919e-14
0.03782315702882792   1.490235138422927e-14
0.037858012978734576   1.4888630753677467e-14
0.03789290105015989   1.4874922755762057e-14
0.03792782127270545   1.4861227378852046e-14
0.03796277367600015   1.4847544611327132e-14
0.03799775828970016   1.4833874441577726e-14
0.03803277514348902   1.4820216858004916e-14
0.03806782426707756   1.4806571849020486e-14
0.03810290569020409   1.4792939403046865e-14
0.0381380194426342   1.4779319508517177e-14
0.03817316555416103   1.4765712153875153e-14
0.03820834405460508   1.4752117327575208e-14
0.038243554973814424   1.4738535018082352e-14
0.03827879834166453   1.472496521387224e-14
0.038314074188058524   1.4711407903431116e-14
0.03834938254292696   1.469786307525586e-14
0.038384723436228105   1.4684330717853894e-14
0.03842009689794771   1.4670810819743274e-14
0.03845550295809926   1.4657303369452583e-14
0.03849094164672382   1.4643808355521003e-14
0.03852641299389022   1.463032576649823e-14
0.038561917029694914   1.4616855590944555e-14
0.038597453784262166   1.4603397817430743e-14
0.03863302328774394   1.458995243453813e-14
0.038668625570320046   1.4576519430858523e-14
0.038704260662198044   1.4563098794994287e-14
0.038739928593613394   1.454969051555822e-14
0.038775629394829356   1.453629458117367e-14
0.03881136309613715   1.4522910980474387e-14
0.038847129727855825   1.4509539702104656e-14
0.038882929320332466   1.4496180734719167e-14
0.038918761903942035   1.4482834066983088e-14
0.03895462750908757   1.4469499687571997e-14
0.03899052616620004   1.4456177585171926e-14
0.03902645790573854   1.4442867748479306e-14
0.03906242275819017   1.442957016620098e-14
0.039098420754070176   1.441628482705419e-14
0.03913445192392187   1.440301171976657e-14
0.03917051629831678   1.4389750833076117e-14
0.039206613907854536   1.437650215573123e-14
0.03924274478316304   1.4363265676490623e-14
0.03927890895489833   1.435004138412341e-14
0.039315106453744794   1.4336829267408993e-14
0.039351337310415006   1.4323629315137157e-14
0.03938760155564992   1.4310441516107972e-14
0.039423899220218765   1.4297265859131833e-14
0.03946023033491916   1.4284102333029436e-14
0.03949659493057707   1.4270950926631784e-14
0.039532993038046915   1.4257811628780132e-14
0.039569424688211494   1.4244684428326042e-14
0.03960588991198213   1.423156931413132e-14
0.03964238874029855   1.4218466275068042e-14
0.0396789212041291   1.4205375300018513e-14
0.03971548733447054   1.419229637787529e-14
0.03975208716234832   1.4179229497541151e-14
0.039788720718816374   1.4166174647929092e-14
0.039825388034957346   1.4153131817962312e-14
0.03986208914188243   1.4140100996574223e-14
0.039898824070731594   1.4127082172708404e-14
0.0399355928526734   1.411407533531864e-14
0.03997239551890523   1.4101080473368863e-14
0.04000923210065312   1.408809757583319e-14
0.040046102629171985   1.4075126631695859e-14
0.04008300713574543   1.406216762995129e-14
0.04011994565168601   1.4049220559603992e-14
0.04015691820833502   1.4036285409668646e-14
0.04019392483706274   1.4023362169169999e-14
0.040230965569268265   1.4010450827142944e-14
0.040268040436379715   1.3997551372632441e-14
0.04030514946985409   1.3984663794693563e-14
0.04034229270117747   1.3971788082391422e-14
0.04037947016186485   1.3958924224801248e-14
0.04041668188346035   1.3946072211008288e-14
0.0404539278975371   1.3933232030107862e-14
0.0404912082356974   1.3920403671205312e-14
0.04052852292957257   1.3907587123416036e-14
0.040565872010823185   1.3894782375865427e-14
0.04060325551113891   1.3881989417688917e-14
0.04064067346223867   1.3869208238031919e-14
0.04067812589587062   1.3856438826049845e-14
0.04071561284381212   1.3843681170908106e-14
0.040753134337869895   1.3830935261782064e-14
0.040790690409879884   1.3818201087857083e-14
0.04082828109170747   1.3805478638328443e-14
0.04086590641524729   1.3792767902401408e-14
0.04090356641242349   1.3780068869291156e-14
0.040941261115189524   1.3767381528222815e-14
0.040978990555528394   1.3754705868431413e-14
0.04101675476545249   1.3742041879161914e-14
0.04105455377700378   1.372938954966915e-14
0.04109238762225367   1.371674886921789e-14
0.04113025633330323   1.3704119827082747e-14
0.041168159942283004   1.3691502412548245e-14
0.041206098481353245   1.3678896614908737e-14
0.04124407198270375   1.3666302423468467e-14
0.04128208047855407   1.3653719827541502e-14
0.04132012400115337   1.3641148816451766e-14
0.04135820258278059   1.3628589379532994e-14
0.04139631625574437   1.3616041506128768e-14
0.04143446505238319   1.3603505185592446e-14
0.041472649005065254   1.3590980407287231e-14
0.04151086814618866   1.3578467160586077e-14
0.04154912250818129   1.3565965434871762e-14
0.04158741212350101   1.3553475219536803e-14
0.041625737024635505   1.3540996503983516e-14
0.04166409724410246   1.352852927762395e-14
0.04170249281444947   1.351607352987992e-14
0.04174092376825419   1.3503629250182972e-14
0.041779390138124234   1.3491196427974384e-14
0.04181789195669733   1.3478775052705147e-14
0.04185642925664121   1.3466365113835987e-14
0.04189500207065379   1.3453966600837314e-14
0.041933610431463035   1.3441579503189242e-14
0.04197225437182716   1.3429203810381558e-14
0.04201093392453448   1.3416839511913755e-14
0.042049649122403596   1.3404486597294961e-14
0.0420883999982833   1.339214505604399e-14
0.042127186585052726   1.3379814877689276e-14
0.04216600891562121   1.3367496051768933e-14
0.042204867022928506   1.335518856783067e-14
0.04224376093994466   1.334289241543185e-14
0.04228269069967016   1.3330607584139434e-14
0.04232165633513583   1.3318334063529994e-14
0.04236065787940302   1.3306071843189687e-14
0.04239969536556347   1.329382091271429e-14
0.04243876882673948   1.3281581261709118e-14
0.042477878296083814   1.3269352879789093e-14
0.04251702380677985   1.3257135756578674e-14
0.04255620539204148   1.3244929881711891e-14
0.04259542308511328   1.32327352448323e-14
0.04263467691927037   1.3220551835593014e-14
0.04267396692781864   1.3208379643656643e-14
0.04271329314409457   1.3196218658695356e-14
0.042752655601465454   1.3184068870390787e-14
0.04279205433332925   1.317193026843411e-14
0.042831489373114776   1.3159802842525952e-14
0.042870960754281574   1.314768658237646e-14
0.042910468510320106   1.3135581477705226e-14
0.04295001267475161   1.3123487518241331e-14
0.04298959328112831   1.3111404693723294e-14
0.04302921036303325   1.3099332993899093e-14
0.04306886395408051   1.3087272408526133e-14
0.043108554087915064   1.3075222927371272e-14
0.04314828079821299   1.3063184540210767e-14
0.04318804411868131   1.3051157236830299e-14
0.04322784408305817   1.303914100702495e-14
0.04326768072511275   1.302713584059921e-14
0.04330755407864543   1.3015141727366934e-14
0.04334746417748764   1.300315865715138e-14
0.043387411055502076   1.2991186619785152e-14
0.043427394746582575   1.2979225605110236e-14
0.043467415284654275   1.2967275602977957e-14
0.04350747270367349   1.2955336603248997e-14
0.04354756703762792   1.2943408595793358e-14
0.04358769832053653   1.2931491570490374e-14
0.043627866586449626   1.2919585517228716e-14
0.04366807186944896   1.2907690425906329e-14
0.0437083142036476   1.2895806286430497e-14
0.043748593623190134   1.2883933088717765e-14
0.04378891016225254   1.2872070822693988e-14
0.04382926385504238   1.2860219478294276e-14
0.04386965473579864   1.284837904546302e-14
0.04391008283879196   1.2836549514153853e-14
0.04395054819832446   1.2824730874329688e-14
0.04399105084872998   1.281292311596264e-14
0.044031590824373884   1.2801126229034092e-14
0.04407216815965331   1.2789340203534632e-14
0.044112782888997025   1.2777565029464068e-14
0.044153435046865565   1.2765800696831415e-14
0.04419412466775118   1.2754047195654894e-14
0.044234851786177976   1.27423045159619e-14
0.04427561643670178   1.2730572647789029e-14
0.04431641865391037   1.271885158118204e-14
0.044357258472423285   1.2707141306195858e-14
0.044398135926892075   1.2695441812894565e-14
0.04443905105200014   1.2683753091351398e-14
0.04448000388246292   1.2672075131648714e-14
0.04452099445302775   1.2660407923878038e-14
0.044562022798474085   1.2648751458139974e-14
0.044603088953613354   1.2637105724544273e-14
0.04464419295328913   1.262547071320978e-14
0.04468533483237703   1.261384641426444e-14
0.04472651462578489   1.2602232817845272e-14
0.04476773236845262   1.2590629914098415e-14
0.044808988095352435   1.2579037693179034e-14
0.04485028184148867   1.25674561452514e-14
0.04489161364189802   1.2555885260488799e-14
0.044932983531649366   1.2544325029073612e-14
0.044974391545844025   1.2532775441197212e-14
0.04501583771961554   1.2521236487060038e-14
0.04505732208812993   1.2509708156871523e-14
0.04509884468658555   1.2498190440850149e-14
0.04514040555021325   1.2486683329223368e-14
0.04518200471427629   1.2475186812227656e-14
0.045223642214070485   1.2463700880108469e-14
0.045265318084924115   1.2452225523120243e-14
0.04530703236219809   1.2440760731526386e-14
0.04534878508128582   1.2429306495599274e-14
0.04539057627761343   1.2417862805620242e-14
0.045432405986639585   1.240642965187957e-14
0.045474274243855736   1.2395007024676461e-14
0.04551618108478594   1.2383594914319092e-14
0.04555812654498708   1.2372193311124523e-14
0.04560011066004872   1.2360802205418748e-14
0.04564213346559332   1.2349421587536658e-14
0.045684194997276065   1.2338051447822062e-14
0.04572629529078509   1.2326691776627634e-14
0.04576843438184133   1.2315342564314953e-14
0.04581061230619874   1.230400380125445e-14
0.04585282909964411   1.2292675477825451e-14
0.045895084797997324   1.2281357584416112e-14
0.04593737943711117   1.2270050111423455e-14
0.04597971305287157   1.2258753049253335e-14
0.04602208568119742   1.2247466388320462e-14
0.046064497358040836   1.2236190119048324e-14
0.04610694811938694   1.2224924231869285e-14
0.04614943800125412   1.2213668717224468e-14
0.046191967039693874   1.220242356556384e-14
0.046234535270791   1.2191188767346119e-14
0.046277142730663474   1.2179964313038844e-14
0.04631978945546263   1.2168750193118304e-14
0.04636247548137305   1.2157546398069573e-14
0.04640520084461273   1.2146352918386477e-14
0.04644796558143295   1.2135169744571613e-14
0.04649076972811852   1.2123996867136286e-14
0.046533613320987564   1.2112834276600575e-14
0.046576496396391776   1.2101681963493263e-14
0.04661941899071627   1.2090539918351864e-14
0.046662381140379745   1.2079408131722606e-14
0.04670538288183446   1.2068286594160405e-14
0.04674842425156622   1.20571752962289e-14
0.04679150528609453   1.2046074228500388e-14
0.04683462602197244   1.2034983381555882e-14
0.04687778649578681   1.202390274598503e-14
0.04692098674415811   1.2012832312386177e-14
0.046964226803740634   1.2001772071366292e-14
0.0470075067112224   1.1990722013541027e-14
0.04705082650332529   1.1979682129534637e-14
0.04709418621680495   1.1968652409980046e-14
0.04713758588845101   1.1957632845518777e-14
0.04718102555508688   1.1946623426800982e-14
0.047224505253570005   1.1935624144485409e-14
0.04726802502079172   1.1924634989239432e-14
0.04731158489367743   1.1913655951738987e-14
0.04735518490918648   1.1902687022668615e-14
0.047398825104312384   1.1891728192721428e-14
0.04744250551608263   1.1880779452599102e-14
0.04748622618155895   1.1869840793011881e-14
0.047529987137837106   1.1858912204678565e-14
0.04757378842204715   1.1847993678326488e-14
0.047617630071353285   1.1837085204691533e-14
0.04766151212295401   1.1826186774518108e-14
0.04770543461408205   1.1815298378559139e-14
0.0477493975820045   1.1804420007576074e-14
0.047793401064022745   1.179355165233886e-14
0.0478374450974726   1.1782693303625942e-14
0.047881529719724224   1.1771844952224267e-14
0.04792565496818229   1.1761006588929245e-14
0.047969820880285854   1.1750178204544785e-14
0.04801402749350856   1.1739359789883238e-14
0.0480582748453585   1.1728551335765437e-14
0.04810256297337844   1.1717752833020645e-14
0.048146891915145616   1.170696427248659e-14
0.04819126170827201   1.169618564500941e-14
0.04823567239040416   1.1685416941443709e-14
0.048280123999223414   1.1674658152652463e-14
0.04832461657244572   1.1663909269507111e-14
0.04836915014782189   1.165317028288745e-14
0.04841372476313745   1.1642441183681715e-14
0.048458340456212806   1.1631721962786494e-14
0.04850299726490315   1.162101261110679e-14
0.04854769522709864   1.1610313119555956e-14
0.048592434380724275   1.159962347905572e-14
0.048637214763740076   1.158894368053617e-14
0.04868203641414096   1.1578273714935748e-14
0.048726899369956965   1.156761357320122e-14
0.04877180366925306   1.1556963246287715e-14
0.0488167493501294   1.1546322725158664e-14
0.04886173645072115   1.1535692000785846e-14
0.04890676500919874   1.152507106414932e-14
0.04895183506376762   1.1514459906237484e-14
0.04899694665266862   1.1503858518046998e-14
0.049042099814177655   1.1493266890582844e-14
0.04908729458660604   1.1482685014858258e-14
0.049132531008300284   1.147211288189478e-14
0.04917780911764235   1.1461550482722177e-14
0.04922312895304945   1.1450997808378526e-14
0.04926849055297431   1.1440454849910106e-14
0.049313893955905005   1.142992159837147e-14
0.049359339200365164   1.1419398044825392e-14
0.04940482632491381   1.1408884180342895e-14
0.04945035536814562   1.1398379996003194e-14
0.04949592636869072   1.1387885482893747e-14
0.04954153936521495   1.137740063211019e-14
0.04958719439641967   1.1366925434756386e-14
0.04963289150104202   1.1356459881944354e-14
0.04967863071785473   1.1346003964794337e-14
0.04972441208566635   1.1335557674434719e-14
0.049770235643321115   1.1325121002002073e-14
0.04981610142969914   1.131469393864112e-14
0.04986200948371628   1.1304276475504752e-14
0.049907959844324355   1.129386860375398e-14
0.049953952550510966   1.1283470314557985e-14
0.04999998764129975   1.1273081599094045e-14
0.050046065155750226   1.1262702448547586e-14
0.050092185132957955   1.1252332854112143e-14
0.05013834761205454   1.124197280698935e-14
0.050184552632207564   1.1231622298388963e-14
0.05023080023262081   1.1221281319528805e-14
0.050277090452534104   1.1210949861634807e-14
0.0503234233312235   1.1200627915940961e-14
0.05036979890800117   1.1190315473689349e-14
0.05041621722221561   1.1180012526130096e-14
0.050462678313251484   1.1169719064521405e-14
0.05050918222052983   1.11594350801295e-14
0.05055572898350794   1.1149160564228673e-14
0.05060231864167956   1.1138895508101233e-14
0.05064895123457471   1.1128639903037532e-14
0.05069562680175997   1.1118393740335914e-14
0.05074234538283827   1.1108157011302772e-14
0.050789107017449125   1.1097929707252465e-14
0.0508359117452685   1.1087711819507379e-14
0.05088275960600901   1.1077503339397863e-14
0.050929650639419774   1.1067304258262278e-14
0.05097658488528663   1.1057114567446936e-14
0.051023562383431996   1.1046934258306132e-14
0.05107058317371509   1.10367633222021e-14
0.05111764729603173   1.1026601750505061e-14
0.05116475479031465   1.1016449534593144e-14
0.051211905696533236   1.100630666585245e-14
0.05125910005469385   1.0996173135676979e-14
0.051306337904839586   1.0986048935468684e-14
0.05135361928705056   1.097593405663741e-14
0.05140094424144372   1.0965828490600935e-14
0.05144831280817309   1.0955732228784911e-14
0.05149572502742958   1.0945645262622915e-14
0.05154318093944125   1.0935567583556382e-14
0.051590680584473136   1.0925499183034655e-14
0.05163822400282747   1.091544005251492e-14
0.05168581123484354   1.0905390183462255e-14
0.05173344232089789   1.0895349567349578e-14
0.05178111730140419   1.0885318195657676e-14
0.05182883621681343   1.0875296059875156e-14
0.0518765991076138   1.0865283151498483e-14
0.051924406014330904   1.0855279462031934e-14
0.05197225697752757   1.0845284982987632e-14
0.05202015203780412   1.0835299705885481e-14
0.0520680912357982   1.082532362225323e-14
0.05211607461218499   1.0815356723626395e-14
0.05216410220767706   1.0805399001548315e-14
0.052212174063024606   1.0795450447570085e-14
0.05226029021901526   1.0785511053250606e-14
0.05230845071647436   1.0775580810156535e-14
0.052356655596264755   1.0765659709862303e-14
0.052404904899287064   1.0755747743950084e-14
0.05245319866647948   1.0745844904009823e-14
0.05250153693881803   1.0735951181639189e-14
0.05254991975731642   1.0726066568443603e-14
0.05259834716302622   1.07161910560362e-14
0.05264681919703675   1.0706324636037855e-14
0.05269533590047531   1.0696467300077128e-14
0.05274389731450696   1.0686619039790333e-14
0.05279250348033483   1.0676779846821437e-14
0.05284115443919992   1.0666949712822128e-14
0.05288985023238132   1.065712862945177e-14
0.05293859090119606   1.0647316588377414e-14
0.052987376486999374   1.0637513581273776e-14
0.05303620703118446   1.0627719599823246e-14
0.0530850825751828   1.0617934635715857e-14
0.053134003160463954   1.0608158680649313e-14
0.05318296882853577   1.059839172632894e-14
0.05323197962094429   1.0588633764467725e-14
0.0532810355792739   1.0578884786786259e-14
0.05333013674514723   1.0569144785012782e-14
0.05337928316022538   1.0559413750883128e-14
0.05342847486620771   1.0549691676140757e-14
0.053477711904832144   1.0539978552536714e-14
0.053526994317874936   1.0530274371829662e-14
0.05357632214715097   1.0520579125785819e-14
0.05362569543451353   1.0510892806179022e-14
0.05367511422185458   1.0501215404790653e-14
0.05372457855110467   1.049154691340967e-14
0.053774088464232914   1.0481887323832593e-14
0.05382364400324722   1.0472236627863496e-14
0.053873245210194085   1.0462594817313995e-14
0.05392289212715887   1.0452961884003249e-14
0.05397258479626561   1.0443337819757948e-14
0.054022323259677284   1.0433722616412301e-14
0.054072107559595586   1.042411626580805e-14
0.05412193773826123   1.0414518759794433e-14
0.054171813837953754   1.0404930090228202e-14
0.054221735900991753   1.0395350248973598e-14
0.05427170396973271   1.0385779227902371e-14
0.054321718086573274   1.0376217018893724e-14
0.05437177829394903   1.036666361383437e-14
0.05442188463433478   1.0357119004618467e-14
0.054472037150244394   1.0347583183147654e-14
0.05452223588423098   1.0338056141331012e-14
0.054572480878886796   1.0328537871085081e-14
0.05462277217684343   1.0319028364333838e-14
0.05467310982077165   1.0309527613008703e-14
0.05472349385338168   1.030003560904851e-14
0.05477392431742297   1.029055234439954e-14
0.05482440125568449   1.028107781101546e-14
0.05487492471099452   1.0271612000857366e-14
0.05492549472622093   1.0262154905893744e-14
0.05497611134427098   1.0252706518100487e-14
0.05502677460809158   1.0243266829460857e-14
0.055077484560669104   1.0233835831965524e-14
0.055128241245029665   1.0224413517612503e-14
0.0551790447042389   1.02149998784072e-14
0.05522989498140225   1.0205594906362365e-14
0.05528079211966477   1.0196198593498115e-14
0.05533173616221139   1.0186810931841904e-14
0.05538272715226672   1.017743191342853e-14
0.055433765133095315   1.0168061530300123e-14
0.05548485014800149   1.0158699774506157e-14
0.05553598224032958   1.0149346638103391e-14
0.05558716145346375   1.014000211315593e-14
0.05563838783082826   1.0130666191735169e-14
0.05568966141588728   1.0121338865919816e-14
0.05574098225214513   1.011202012779585e-14
0.05579235038314614   1.0102709969456557e-14
0.05584376585247484   1.0093408383002496e-14
0.055895228703755837   1.0084115360541504e-14
0.05594673898065407   1.0074830894188663e-14
0.05599829672687456   1.0065554976066355e-14
0.056049901986162755   1.0056287598304168e-14
0.05610155480230428   1.0047028753038977e-14
0.05615325521912526   1.0037778432414864e-14
0.05620500328049204   1.0028536628583175e-14
0.05625679903031155   1.0019303333702456e-14
0.05630864251253104   1.0010078539938488e-14
0.05636053377113839   1.0000862239464252e-14
0.0564124728501619   9.991654424459957e-15
0.056464459793670554   9.982455087112985e-15
0.05651649464577384   9.97326421961794e-15
0.05656857745062199   9.964081814176584e-15
0.05662070825240585   9.954907862997876e-15
0.056672887095357054   9.945742358297944e-15
0.05672511402374792   9.936585292300087e-15
0.056777389081891665   9.927436657234758e-15
0.05682971231414223   9.918296445339565e-15
0.056882083764894543   9.90916464885926e-15
0.05693450347858433   9.900041260045749e-15
0.056986971499688385   9.89092627115805e-15
0.05703948787272438   9.881819674462329e-15
0.05709205264225112   9.872721462231854e-15
0.05714466585286834   9.863631626747032e-15
0.05719732754921703   9.854550160295343e-15
0.05725003777597918   9.845477055171405e-15
0.057302796577878075   9.836412303676898e-15
0.05735560399967809   9.827355898120617e-15
0.057408460086184984   9.818307830818411e-15
0.05746136488224569   9.809268094093237e-15
0.05751431843274857   9.800236680275087e-15
0.05756732078262325   9.791213581701039e-15
0.057620371976840855   9.782198790715215e-15
0.057673472060413934   9.77319229966878e-15
0.05772662107839644   9.764194100919963e-15
0.05777981907588397   9.755204186834003e-15
0.057833066098013544   9.746222549783192e-15
0.05788636218996391   9.737249182146818e-15
0.05793970739695532   9.728284076311225e-15
0.05799310176424984   9.719327224669717e-15
0.058046545337151104   9.710378619622645e-15
0.05810003816100462   9.70143825357733e-15
0.058153580281197575   9.692506118948104e-15
0.05820717174315909   9.683582208156262e-15
0.058260812592360045   9.674666513630092e-15
0.058314502874313334   9.665759027804847e-15
0.05836824263457367   9.656859743122752e-15
0.05842203191873788   9.647968652032975e-15
0.05847587077244468   9.63908574699166e-15
0.05852975924137496   9.630211020461866e-15
0.05858369737125161   9.621344464913622e-15
0.05863768520783975   9.612486072823871e-15
0.058691722796946566   9.60363583667649e-15
0.05874581018442158   9.59479374896227e-15
0.05879994741615644   9.585959802178924e-15
0.058854134538085225   9.577133988831062e-15
0.058908371596184186   9.568316301430212e-15
0.0589626586364721   9.559506732494774e-15
0.05901699570501002   9.550705274550058e-15
0.05907138284790156   9.541911920128233e-15
0.05912582011129271   9.533126661768375e-15
0.059180307541372094   9.524349492016399e-15
0.059234845184370805   9.5155804034251e-15
0.059289433086562635   9.50681938855412e-15
0.0593440712942639   9.498066439969968e-15
0.05939875985383375   9.489321550245973e-15
0.0594534988116739   9.48058471196232e-15
0.059508288214228974   9.471855917706018e-15
0.059563128107986245   9.463135160070911e-15
0.059618018539475987   9.454422431657637e-15
0.0596729595552712   9.445717725073682e-15
0.05972795120198795   9.437021032933309e-15
0.05978299352628512   9.428332347857598e-15
0.05983808657486472   9.419651662474411e-15
0.059893230394471676   9.410978969418412e-15
0.05994842503189412   9.40231426133103e-15
0.060003670533963174   9.393657530860481e-15
0.06005896694755324   9.385008770661745e-15
0.0601143143195818   9.376367973396568e-15
0.060169712697009686   9.367735131733442e-15
0.06022516212684089   9.359110238347625e-15
0.06028066265612284   9.350493285921108e-15
0.0603362143319462   9.341884267142627e-15
0.06039181720144516   9.333283174707633e-15
0.0604474713117972   9.324690001318336e-15
0.06050317671022344   9.316104739683622e-15
0.06055893344398835   9.307527382519125e-15
0.06061474156040011   9.298957922547164e-15
0.06067060110681036   9.29039635249678e-15
0.0607265121306145   9.28184266510368e-15
0.06078247467925149   9.273296853110288e-15
0.06083848880020413   9.264758909265689e-15
0.06089455454099885   9.256228826325657e-15
0.060950671949206   9.247706597052626e-15
0.061006841072439665   9.239192214215706e-15
0.061063061958357895   9.230685670590647e-15
0.06111933465466257   9.222186958959871e-15
0.06117565920909964   9.213696072112424e-15
0.06123203566945892   9.205213002844014e-15
0.06128846408357442   9.196737743956961e-15
0.061344944499324074   9.188270288260228e-15
0.06140147696463008   9.179810628569381e-15
0.061458061527458675   9.171358757706624e-15
0.06151469823582042   9.162914668500747e-15
0.061571387137769995   9.154478353787163e-15
0.061628128281406486   9.146049806407859e-15
0.061684921714873185   9.137629019211442e-15
0.06174176748635785   9.129215985053071e-15
0.061798665644092636   9.120810696794504e-15
0.06185561623635406   9.112413147304067e-15
0.06191261931146323   9.104023329456645e-15
0.06196967491778571   9.095641236133699e-15
0.062026783103731706   9.087266860223224e-15
0.06208394391775594   9.078900194619781e-15
0.06214115740835792   9.070541232224458e-15
0.06219842362408169   9.062189965944897e-15
0.06225574261351619   9.053846388695248e-15
0.062313114425294996   9.045510493396204e-15
0.06237053910809663   9.037182272974961e-15
0.06242801671064434   9.028861720365244e-15
0.06248554728170642   9.020548828507265e-15
0.06254313087009596   9.012243590347753e-15
0.06260076752467116   9.003945998839918e-15
0.06265845729433514   8.995656046943466e-15
0.06271620022803621   8.987373727624573e-15
0.06277399637476763   8.979099033855922e-15
0.06283184578356799   8.970831958616619e-15
0.06288974850352087   8.96257249489228e-15
0.0629477045837553   8.954320635674944e-15
0.06300571407344538   8.94607637396313e-15
0.0630637770218107   8.93783970276178e-15
0.06312189347811605   8.929610615082297e-15
0.06318006349167178   8.921389103942495e-15
0.06323828711183353   8.913175162366644e-15
0.06329656438800256   8.904968783385413e-15
0.06335489536962553   8.896769960035904e-15
0.06341328010619479   8.888578685361615e-15
0.06347171864724818   8.880394952412467e-15
0.06353021104236932   8.872218754244759e-15
0.06358875734118737   8.864050083921204e-15
0.06364735759337738   8.855888934510886e-15
0.06370601184866005   8.84773529908928e-15
0.06376472015680203   8.83958917073823e-15
0.06382348256761568   8.831450542545957e-15
0.06388229913095941   8.823319407607034e-15
0.06394116989673745   8.815195759022408e-15
0.06400009491490016   8.807079589899363e-15
0.06405907423544377   8.79897089335154e-15
0.06411810790841074   8.790869662498913e-15
0.06417719598388952   8.782775890467795e-15
0.06423633851201482   8.774689570390819e-15
0.06429553554296744   8.766610695406963e-15
0.06435478712697457   8.758539258661488e-15
0.06441409331430951   8.750475253306003e-15
0.0644734541552921   8.742418672498388e-15
0.06453286970028832   8.734369509402854e-15
0.06459233999971077   8.726327757189877e-15
0.06465186510401837   8.718293409036246e-15
0.06471144506371662   8.710266458125011e-15
0.0647710799293575   8.702246897645518e-15
0.06483076975153966   8.694234720793365e-15
0.06489051458090826   8.686229920770432e-15
0.06495031446815527   8.678232490784844e-15
0.06501016946401926   8.670242424050987e-15
0.06507007961928565   8.66225971378949e-15
0.06513004498478656   8.654284353227235e-15
0.06519006561140105   8.64631633559732e-15
0.065250141550055   8.638355654139093e-15
0.06531027285172128   8.630402302098116e-15
0.06537045956741966   8.622456272726177e-15
0.06543070174821704   8.614517559281258e-15
0.06549099944522722   8.606586155027581e-15
0.06555135270961128   8.598662053235539e-15
0.06561176159257728   8.590745247181743e-15
0.06567222614538064   8.582835730148977e-15
0.06573274641932385   8.574933495426222e-15
0.06579332246575682   8.567038536308628e-15
0.06585395433607666   8.55915084609753e-15
0.06591464208172795   8.551270418100422e-15
0.06597538575420257   8.543397245630963e-15
0.06603618540504   8.53553132200896e-15
0.06609704108582704   8.527672640560387e-15
0.0661579528481982   8.519821194617344e-15
0.0662189207438354   8.511976977518093e-15
0.06627994482446835   8.504139982607005e-15
0.06634102514187436   8.496310203234587e-15
0.06640216174787843   8.488487632757483e-15
0.06646335469435337   8.480672264538431e-15
0.06652460403321973   8.4728640919463e-15
0.06658590981644602   8.465063108356045e-15
0.06664727209604848   8.45726930714874e-15
0.06670869092409146   8.449482681711536e-15
0.06677016635268712   8.441703225437689e-15
0.06683169843399582   8.433930931726519e-15
0.0668932872202258   8.426165793983444e-15
0.06695493276363361   8.418407805619933e-15
0.06701663511652377   8.410656960053542e-15
0.06707839433124914   8.402913250707866e-15
0.06714021046021074   8.395176671012574e-15
0.06720208355585795   8.38744721440337e-15
0.0672640136706884   8.379724874322015e-15
0.06732600085724821   8.372009644216292e-15
0.06738804516813181   8.364301517540037e-15
0.06745014665598219   8.356600487753088e-15
0.06751230537349076   8.348906548321331e-15
0.0675745213733976   8.341219692716646e-15
0.0676367947084913   8.33353991441694e-15
0.06769912543160914   8.325867206906113e-15
0.06776151359563706   8.318201563674072e-15
0.06782395925350981   8.310542978216715e-15
0.06788646245821083   8.302891444035928e-15
0.06794902326277245   8.295246954639577e-15
0.06801164172027582   8.287609503541514e-15
0.06807431788385111   8.279979084261552e-15
0.06813705180667728   8.272355690325483e-15
0.0681998435419825   8.264739315265047e-15
0.0682626931430438   8.257129952617949e-15
0.06832560066318748   8.249527595927833e-15
0.06838856615578881   8.241932238744303e-15
0.06845158967427244   8.234343874622886e-15
0.06851467127211204   8.226762497125056e-15
0.06857781100283078   8.219188099818204e-15
0.06864100892000097   8.211620676275653e-15
0.0687042650772444   8.20406022007663e-15
0.0687675795282322   8.196506724806291e-15
0.06883095232668507   8.188960184055687e-15
0.06889438352637307   8.181420591421767e-15
0.06895787318111596   8.173887940507383e-15
0.06902142134478294   8.166362224921284e-15
0.06908502807129303   8.158843438278074e-15
0.06914869341461478   8.15133157419827e-15
0.0692124174287666   8.143826626308244e-15
0.06927620016781656   8.136328588240243e-15
0.06934004168588269   8.128837453632369e-15
0.06940394203713274   8.121353216128596e-15
0.06946790127578456   8.11387586937873e-15
0.06953191945610576   8.106405407038444e-15
0.06959599663241417   8.098941822769233e-15
0.06966013285907748   8.09148511023845e-15
0.06972432819051365   8.084035263119255e-15
0.06978858268119065   8.07659227509065e-15
0.06985289638562678   8.069156139837445e-15
0.06991726935839042   8.061726851050284e-15
0.06998170165410042   8.054304402425589e-15
0.0700461933274258   8.046888787665621e-15
0.07011074443308608   8.039480000478405e-15
0.07017535502585112   8.03207803457779e-15
0.07024002516054136   8.024682883683385e-15
0.07030475489202759   8.01729454152061e-15
0.07036954427523136   8.009913001820634e-15
0.07043439336512468   8.00253825832042e-15
0.07049930221673033   7.995170304762682e-15
0.07056427088512168   7.987809134895904e-15
0.07062929942542301   7.980454742474319e-15
0.07069438789280923   7.973107121257916e-15
0.07075953634250623   7.96576626501243e-15
0.07082474482979068   7.958432167509337e-15
0.07089001340999032   7.951104822525836e-15
0.07095534213848376   7.943784223844868e-15
0.07102073107070069   7.936470365255096e-15
0.07108618026212192   7.929163240550896e-15
0.0711516897682793   7.921862843532363e-15
0.07121725964475598   7.914569168005293e-15
0.07128288994718616   7.907282207781199e-15
0.07134858073125552   7.900001956677275e-15
0.07141433205270084   7.892728408516423e-15
0.07148014396731045   7.88546155712722e-15
0.07154601653092395   7.878201396343932e-15
0.07161194979943253   7.870947920006499e-15
0.07167794382877873   7.863701121960539e-15
0.07174399867495683   7.856460996057316e-15
0.07181011439401251   7.849227536153792e-15
0.07187629104204331   7.842000736112541e-15
0.07194252867519825   7.834780589801828e-15
0.0720088273496783   7.82756709109553e-15
0.07207518712173602   7.820360233873193e-15
0.07214160804767604   7.813160012019974e-15
0.07220809018385464   7.805966419426677e-15
0.07227463358668022   7.798779449989722e-15
0.07234123831261303   7.791599097611154e-15
0.0724079044181655   7.784425356198624e-15
0.07247463195990193   7.777258219665404e-15
0.07254142099443898   7.770097681930358e-15
0.0726082715784453   7.762943736917961e-15
0.07267518376864189   7.755796378558268e-15
0.07274215762180189   7.748655600786938e-15
0.07280919319475092   7.7415213975452e-15
0.07287629054436681   7.734393762779872e-15
0.07294344972757995   7.727272690443333e-15
0.07301067080137305   7.720158174493545e-15
0.07307795382278148   7.71305020889402e-15
0.07314529884889302   7.705948787613836e-15
0.07321270593684821   7.698853904627617e-15
0.07328017514384012   7.691765553915545e-15
0.07334770652711463   7.684683729463328e-15
0.07341530014397026   7.677608425262231e-15
0.07348295605175846   7.670539635309035e-15
0.07355067430788342   7.663477353606061e-15
0.07361845496980235   7.656421574161135e-15
0.07368629809502526   7.649372290987623e-15
0.07375420374111531   7.642329498104383e-15
0.07382217196568858   7.635293189535791e-15
0.07389020282641437   7.628263359311717e-15
0.07395829638101498   7.621240001467539e-15
0.07402645268726604   7.614223110044112e-15
0.07409467180299634   7.607212679087792e-15
0.07416295378608802   7.600208702650405e-15
0.07423129869447646   7.593211174789264e-15
0.0742997065861506   7.586220089567142e-15
0.07436817751915262   7.57923544105229e-15
0.07443671155157837   7.572257223318405e-15
0.07450530874157708   7.565285430444662e-15
0.07457396914735172   7.558320056515667e-15
0.07464269282715875   7.551361095621487e-15
0.07471147983930847   7.544408541857616e-15
0.07478033024216474   7.537462389325001e-15
0.07484924409414538   7.530522632130006e-15
0.07491822145372189   7.523589264384432e-15
0.0749872623794198   7.51666228020549e-15
0.07505636692981843   7.509741673715816e-15
0.07512553516355124   7.502827439043456e-15
0.07519476713930554   7.495919570321862e-15
0.07526406291582291   7.489018061689884e-15
0.07533342255189891   7.482122907291774e-15
0.07540284610638343   7.475234101277166e-15
0.07547233363818041   7.468351637801096e-15
0.07554188520624827   7.461475511023963e-15
0.07561150086959958   7.454605715111564e-15
0.07568118068730148   7.447742244235041e-15
0.07575092471847536   7.440885092570929e-15
0.07582073302229723   7.434034254301104e-15
0.07589060565799755   7.427189723612812e-15
0.07596054268486142   7.420351494698645e-15
0.07603054416222853   7.413519561756548e-15
0.07610061014949326   7.406693918989801e-15
0.07617074070610481   7.399874560607015e-15
0.07624093589156701   7.393061480822152e-15
0.0763111957654387   7.386254673854484e-15
0.07638152038733341   7.379454133928622e-15
0.07645190981691981   7.37265985527447e-15
0.0765223641139214   7.365871832127272e-15
0.07659288333811681   7.359090058727557e-15
0.07666346754933971   7.352314529321174e-15
0.07673411680747898   7.345545238159257e-15
0.07680483117247854   7.338782179498245e-15
0.07687561070433777   7.332025347599848e-15
0.0769464554631111   7.325274736731081e-15
0.07701736550890854   7.318530341164217e-15
0.0770883409018953   7.31179215517682e-15
0.07715938170229218   7.305060173051706e-15
0.07723048797037534   7.298334389076971e-15
0.07730165976647664   7.291614797545954e-15
0.07737289715098337   7.284901392757266e-15
0.07744420018433866   7.278194169014748e-15
0.07751556892704115   7.271493120627502e-15
0.07758700343964538   7.264798241909857e-15
0.0776585037827616   7.258109527181389e-15
0.077730070017056   7.251426970766892e-15
0.07780170220325054   7.244750566996397e-15
0.07787340040212334   7.238080310205141e-15
0.07794516467450834   7.231416194733592e-15
0.07801699508129567   7.224758214927413e-15
0.07808889168343146   7.21810636513749e-15
0.07816085454191814   7.211460639719898e-15
0.07823288371781421   7.204821033035914e-15
0.07830497927223459   7.198187539451997e-15
0.07837714126635037   7.191560153339813e-15
0.07844936976138915   7.184938869076185e-15
0.07852166481863483   7.178323681043136e-15
0.07859402649942791   7.17171458362784e-15
0.07866645486516528   7.165111571222663e-15
0.07873894997730058   7.158514638225109e-15
0.07881151189734388   7.15192377903786e-15
0.07888414068686214   7.145338988068739e-15
0.07895683640747887   7.138760259730728e-15
0.07902959912087455   7.132187588441937e-15
0.07910242888878631   7.125620968625642e-15
0.07917532577300838   7.119060394710218e-15
0.07924828983539174   7.112505861129202e-15
0.07932132113784453   7.105957362321242e-15
0.07939441974233179   7.099414892730103e-15
0.07946758571087584   7.09287844680467e-15
0.07954081910555598   7.0863480189989434e-15
0.07961411998850887   7.0798236037720205e-15
0.07968748842192827   7.073305195588111e-15
0.07976092446806546   7.066792788916508e-15
0.07983442818922888   7.060286378231613e-15
0.07990799964778456   7.053785958012896e-15
0.07998163890615585   7.047291522744928e-15
0.08005534602682379   7.040803066917346e-15
0.08012912107232684   7.034320585024868e-15
0.08020296410526123   7.0278440715672705e-15
0.08027687518828075   7.02137352104941e-15
0.08035085438409707   7.014908927981184e-15
0.08042490175547948   7.008450286877561e-15
0.08049901736525529   7.001997592258545e-15
0.08057320127630954   6.9955508386492056e-15
0.08064745355158542   6.989110020579624e-15
0.0807217742540839   6.9826751325849475e-15
0.08079616344686423   6.9762461692053335e-15
0.08087062119304356   6.969823124985981e-15
0.0809451475557974   6.963405994477095e-15
0.08101974259835933   6.95699477223392e-15
0.0810944063840213   6.950589452816691e-15
0.0811691389761335   6.944190030790668e-15
0.08124394043810462   6.937796500726102e-15
0.08131881083340163   6.93140885719826e-15
0.08139375022555018   6.925027094787382e-15
0.08146875867813423   6.918651208078717e-15
0.08154383625479658   6.9122811916624835e-15
0.08161898301923845   6.9059170401339e-15
0.08169419903521993   6.899558748093145e-15
0.08176948436655986   6.893206310145366e-15
0.08184483907713573   6.8868597209006986e-15
0.08192026323088414   6.880518974974215e-15
0.08199575689180036   6.874184066985969e-15
0.08207132012393885   6.867854991560949e-15
0.08214695299141293   6.861531743329106e-15
0.08222265555839517   6.85521431692532e-15
0.08229842788911708   6.84890270698943e-15
0.08237427004786957   6.842596908166191e-15
0.08245018209900262   6.836296915105305e-15
0.08252616410692565   6.830002722461387e-15
0.08260221613610731   6.823714324893983e-15
0.08267833825107582   6.817431717067548e-15
0.08275453051641866   6.811154893651457e-15
0.08283079299678306   6.8048838493199865e-15
0.0829071257568756   6.798618578752323e-15
0.0829835288614627   6.7923590766325445e-15
0.08306000237537027   6.786105337649629e-15
0.08313654636348414   6.779857356497439e-15
0.08321316089074977   6.773615127874733e-15
0.08328984602217265   6.767378646485134e-15
0.08336660182281798   6.761147907037159e-15
0.0834434283578111   6.7549229042441845e-15
0.0835203256923372   6.748703632824461e-15
0.08359729389164172   6.7424900875010926e-15
0.08367433302103004   6.736282263002057e-15
0.0837514431458679   6.7300801540601715e-15
0.08382862433158111   6.723883755413114e-15
0.08390587664365595   6.717693061803395e-15
0.08398320014763887   6.711508067978383e-15
0.08406059490913688   6.705328768690262e-15
0.0841380609938173   6.6991551586960664e-15
0.08421559846740814   6.6929872327576436e-15
0.0842932073956978   6.6868249856416744e-15
0.08437088784453547   6.680668412119647e-15
0.08444863987983087   6.674517506967881e-15
0.08452646356755461   6.6683722649674835e-15
0.08460435897373797   6.662232680904383e-15
0.08468232616447317   6.656098749569301e-15
0.08476036520591326   6.649970465757762e-15
0.08483847616427236   6.6438478242700675e-15
0.08491665910582546   6.6377308199113255e-15
0.08499491409690879   6.631619447491415e-15
0.08507324120391956   6.6255137018249966e-15
0.0851516404933163   6.619413577731505e-15
0.08523011203161868   6.613319070035145e-15
0.08530865588540777   6.607230173564882e-15
0.08538727212132587   6.601146883154455e-15
0.08546596080607684   6.5950691936423446e-15
0.08554472200642588   6.588997099871795e-15
0.08562355578919983   6.582930596690789e-15
0.08570246222128701   6.576869678952064e-15
0.08578144136963749   6.570814341513081e-15
0.08586049330126291   6.5647645792360535e-15
0.08593961808323682   6.55872038698791e-15
0.0860188157826944   6.552681759640317e-15
0.0860980864668329   6.546648692069651e-15
0.08617743020291127   6.5406211791570224e-15
0.08625684705825068   6.5345992157882324e-15
0.08633633710023413   6.528582796853813e-15
0.0864159003963069   6.5225719172489835e-15
0.08649553701397622   6.516566571873675e-15
0.08657524702081176   6.510566755632504e-15
0.08665503048444526   6.504572463434789e-15
0.08673488747257094   6.498583690194525e-15
0.08681481805294525   6.4926004308304e-15
0.08689482229338726   6.48662268026577e-15
0.08697490026177834   6.4806504334286775e-15
0.08705505202606263   6.474683685251819e-15
0.08713527765424667   6.468722430672574e-15
0.08721557721439988   6.462766664632963e-15
0.08729595077465419   6.456816382079687e-15
0.08737639840320453   6.450871577964078e-15
0.08745692016830849   6.4449322472421336e-15
0.0875375161382867   6.43899838487448e-15
0.08761818638152274   6.433069985826391e-15
0.08769893096646308   6.427147045067783e-15
0.08777974996161744   6.421229557573184e-15
0.08786064343555852   6.415317518321773e-15
0.08794161145692235   6.409410922297332e-15
0.08802265409440806   6.403509764488277e-15
0.08810377141677828   6.397614039887618e-15
0.08818496349285881   6.391723743493e-15
0.08826623039153905   6.385838870306653e-15
0.08834757218177172   6.379959415335421e-15
0.08842898893257327   6.374085373590735e-15
0.08851048071302355   6.3682167400886314e-15
0.08859204759226626   6.3623535098497235e-15
0.08867368963950864   6.356495677899221e-15
0.0887554069240219   6.350643239266897e-15
0.08883719951514088   6.34479618898712e-15
0.08891906748226454   6.338954522098816e-15
0.08900101089485554   6.333118233645487e-15
0.08908302982244083   6.327287318675191e-15
0.08916512433461116   6.321461772240559e-15
0.08924729450102166   6.3156415893987546e-15
0.08932954039139143   6.309826765211517e-15
0.08941186207550403   6.304017294745111e-15
0.08949425962320712   6.298213173070362e-15
0.08957673310441291   6.29241439526262e-15
0.0896592825890979   6.286620956401776e-15
0.08974190814730319   6.2808328515722465e-15
0.08982460984913432   6.275050075862983e-15
0.08990738776476154   6.269272624367442e-15
0.08999024196441965   6.263500492183619e-15
0.09007317251840831   6.257733674414002e-15
0.09015617949709182   6.251972166165605e-15
0.09023926297089947   6.246215962549931e-15
0.09032242301032531   6.240465058683001e-15
0.0904056596859285   6.234719449685317e-15
0.09048897306833305   6.22897913068189e-15
0.09057236322822827   6.223244096802197e-15
0.09065583023636839   6.2175143431802244e-15
0.09073937416357304   6.211789864954418e-15
0.09082299508072693   6.206070657267717e-15
0.0909066930587803   6.2003567152675124e-15
0.09099046816874853   6.194648034105687e-15
0.09107432048171271   6.1889446089385655e-15
0.09115825006881918   6.183246434926947e-15
0.09124225700128008   6.177553507236075e-15
0.09132634135037294   6.171865821035659e-15
0.09141050318744122   6.1661833714998365e-15
0.0914947425838939   6.1605061538072055e-15
0.09157905961120595   6.1548341631407904e-15
0.09166345434091806   6.149167394688061e-15
0.09174792684463699   6.14350584364091e-15
0.09183247719403534   6.137849505195663e-15
0.09191710546085191   6.132198374553064e-15
0.09200181171689145   6.126552446918276e-15
0.09208659603402507   6.12091171750088e-15
0.09217145848418992   6.115276181514862e-15
0.09225639913938961   6.109645834178619e-15
0.09234141807169396   6.104020670714954e-15
0.09242651535323936   6.098400686351057e-15
0.09251169105622849   6.092785876318524e-15
0.09259694525293077   6.087176235853333e-15
0.09268227801568205   6.081571760195855e-15
0.09276768941688499   6.0759724445908324e-15
0.09285317952900879   6.070378284287402e-15
0.09293874842458964   6.06478927453906e-15
0.0930243961762304   6.059205410603683e-15
0.09311012285660099   6.053626687743504e-15
0.09319592853843812   6.048053101225129e-15
0.09328181329454575   6.042484646319511e-15
0.09336777719779471   6.036921318301967e-15
0.09345382032112319   6.031363112452155e-15
0.09353994273753638   6.025810024054088e-15
0.09362614452010697   6.020262048396114e-15
0.09371242574197479   6.0147191807709224e-15
0.09379878647634726   6.009181416475533e-15
0.09388522679649908   6.003648750811303e-15
0.0939717467757726   5.998121179083913e-15
0.09405834648757778   5.9925986966033525e-15
0.09414502600539208   5.987081298683954e-15
0.09423178540276086   5.9815689806443385e-15
0.0943186247532971   5.976061737807459e-15
0.09440554413068172   5.970559565500558e-15
0.09449254360866345   5.965062459055191e-15
0.09457962326105913   5.9595704138072035e-15
0.09466678316175343   5.954083425096749e-15
0.0947540233846993   5.9486014882682486e-15
0.09484134400391767   5.943124598670435e-15
0.09492874509349786   5.937652751656303e-15
0.09501622672759726   5.93218594258314e-15
0.09510378898044182   5.9267241668125005e-15
0.0951914319263257   5.921267419710211e-15
0.0952791556396117   5.915815696646364e-15
0.09536696019473097   5.91036899299532e-15
0.09545484566618342   5.904927304135688e-15
0.09554281212853748   5.8994906254503455e-15
0.09563085965643041   5.894058952326407e-15
0.09571898832456813   5.888632280155246e-15
0.09580719820772557   5.883210604332471e-15
0.09589548938074637   5.877793920257937e-15
0.09598386191854334   5.872382223335721e-15
0.09607231589609815   5.866975508974153e-15
0.09616085138846171   5.861573772585765e-15
0.096249468470754   5.856177009587337e-15
0.0963381672181643   5.850785215399851e-15
0.09642694770595106   5.8453983854485165e-15
0.09651581000944229   5.840016515162744e-15
0.09660475420403516   5.834639599976166e-15
0.09669378036519657   5.829267635326603e-15
0.09678288856846277   5.823900616656092e-15
0.09687207888943979   5.818538539410851e-15
0.09696135140380314   5.813181399041309e-15
0.09705070618729829   5.807829191002063e-15
0.09714014331574031   5.802481910751913e-15
0.0972296628650143   5.7971395537538264e-15
0.09731926491107513   5.791802115474962e-15
0.09740894952994789   5.786469591386636e-15
0.09749871679772745   5.781141976964347e-15
0.09758856679057908   5.77581926768775e-15
0.09767849958473801   5.770501459040675e-15
0.09776851525650991   5.765188546511089e-15
0.09785861388227061   5.759880525591137e-15
0.0979487955384665   5.7545773917770956e-15
0.0980390603016142   5.749279140569399e-15
0.09812940824830109   5.7439857674726195e-15
0.09821983945518488   5.7386972679954725e-15
0.09831035399899415   5.7334136376508e-15
0.09840095195652801   5.728134871955586e-15
0.0984916334046565   5.722860966430933e-15
0.09858239842032034   5.717591916602072e-15
0.0986732470805313   5.712327717998356e-15
0.09876417946237198   5.7070683661532485e-15
0.0988551956429962   5.701813856604325e-15
0.09894629569962865   5.696564184893282e-15
0.09903747970956543   5.6913193465659004e-15
0.09912874775017363   5.686079337172081e-15
0.09922009989889188   5.680844152265807e-15
0.09931153623322994   5.675613787405171e-15
0.09940305683076921   5.670388238152337e-15
0.09949466176916238   5.6651675000735725e-15
0.09958635112613393   5.659951568739212e-15
0.09967812497947973   5.654740439723681e-15
0.09976998340706755   5.649534108605468e-15
0.09986192648683674   5.644332570967143e-15
0.09995395429679867   5.639135822395333e-15
0.10004606691503641   5.633943858480739e-15
0.100138264419705   5.62875667481812e-15
0.10023054688903175   5.623574267006276e-15
0.10032291440131583   5.618396630648078e-15
0.10041536703492857   5.6132237613504354e-15
0.10050790486831349   5.608055654724312e-15
0.1006005279799867   5.602892306384697e-15
0.10069323644853632   5.597733711950627e-15
0.10078603035262297   5.592579867045176e-15
0.10087890977097998   5.5874307672954346e-15
0.10097187478241296   5.582286408332531e-15
0.10106492546580029   5.5771467857916126e-15
0.10115806190009287   5.572011895311851e-15
0.1012512841643147   5.5668817325364165e-15
0.10134459233756231   5.561756293112505e-15
0.1014379864990052   5.556635572691317e-15
0.10153146672788572   5.551519566928062e-15
0.10162503310351959   5.546408271481934e-15
0.10171868570529527   5.541301682016137e-15
0.10181242461267452   5.5361997941978684e-15
0.1019062499051922   5.53110260369831e-15
0.1020001616624568   5.5260101061926236e-15
0.10209415996414985   5.520922297359967e-15
0.10218824489002638   5.515839172883461e-15
0.10228241651991488   5.510760728450225e-15
0.10237667493371767   5.50568695975131e-15
0.10247102021141043   5.500617862481771e-15
0.10256545243304259   5.495553432340609e-15
0.10265997167873729   5.490493665030795e-15
0.10275457802869181   5.4854385562592394e-15
0.10284927156317704   5.4803881017368195e-15
0.1029440523625379   5.475342297178359e-15
0.10303892050719328   5.470301138302632e-15
0.10313387607763651   5.465264620832337e-15
0.10322891915443475   5.460232740494126e-15
0.10332404981822954   5.455205493018583e-15
0.10341926814973659   5.450182874140227e-15
0.10351457422974637   5.445164879597483e-15
0.10360996813912343   5.440151505132727e-15
0.10370544995880697   5.435142746492239e-15
0.1038010197698107   5.430138599426224e-15
0.10389667765322323   5.425139059688789e-15
0.10399242369020767   5.420144123037956e-15
0.10408825796200197   5.415153785235657e-15
0.10418418054991885   5.410168042047727e-15
0.10428019153534632   5.4051868892438835e-15
0.10437629099974702   5.400210322597754e-15
0.10447247902465881   5.395238337886853e-15
0.10456875569169455   5.39027093089259e-15
0.10466512108254267   5.38530809740024e-15
0.10476157527896651   5.380349833198974e-15
0.10485811836280493   5.375396134081836e-15
0.10495475041597203   5.37044699584575e-15
0.10505147152045778   5.36550241429149e-15
0.10514828175832736   5.360562385223714e-15
0.10524518121172168   5.35562690445094e-15
0.10534216996285724   5.350695967785546e-15
0.10543924809402663   5.345769571043754e-15
0.10553641568759797   5.340847710045651e-15
0.10563367282601539   5.335930380615166e-15
0.10573101959179887   5.3310175785800835e-15
0.10582845606754478   5.326109299772006e-15
0.10592598233592526   5.3212055400263964e-15
0.10602359847968877   5.3163062951825445e-15
0.1061213045816599   5.311411561083574e-15
0.10621910072473992   5.306521333576421e-15
0.10631698699190612   5.301635608511866e-15
0.10641496346621242   5.296754381744494e-15
0.10651303023078913   5.291877649132725e-15
0.10661118736884354   5.287005406538765e-15
0.10670943496365924   5.282137649828651e-15
0.10680777309859672   5.27727437487222e-15
0.10690620185709317   5.272415577543118e-15
0.10700472132266298   5.267561253718771e-15
0.1071033315788972   5.262711399280422e-15
0.10720203270946402   5.257866010113095e-15
0.10730082479810861   5.25302508210561e-15
0.10739970792865365   5.24818861115056e-15
0.10749868218499875   5.243356593144329e-15
0.10759774765112094   5.2385290239870794e-15
0.10769690441107452   5.233705899582751e-15
0.10779615254899158   5.228887215839039e-15
0.10789549214908142   5.2240729686674246e-15
0.10799492329563097   5.219263153983149e-15
0.10809444607300511   5.2144577677052016e-15
0.10819406056564618   5.209656805756346e-15
0.10829376685807442   5.204860264063089e-15
0.10839356503488785   5.2000681385557034e-15
0.10849345518076282   5.195280425168182e-15
0.10859343738045335   5.19049711983828e-15
0.10869351171879166   5.185718218507494e-15
0.10879367828068809   5.1809437171210555e-15
0.10889393715113149   5.176173611627914e-15
0.10899428841518878   5.17140789798077e-15
0.10909473215800532   5.1666465721360376e-15
0.10919526846480483   5.161889630053866e-15
0.10929589742088996   5.157137067698102e-15
0.10939661911164157   5.15238888103633e-15
0.10949743362251935   5.1476450660398355e-15
0.1095983410390616   5.1429056186836276e-15
0.10969934144688584   5.138170534946396e-15
0.1098004349316881   5.1334398108105515e-15
0.10990162157924352   5.128713442262204e-15
0.11000290147540619   5.1239914252911555e-15
0.1101042747061096   5.119273755890891e-15
0.11020574135736617   5.114560430058597e-15
0.11030730151526764   5.109851443795143e-15
0.110408955265985   5.10514679310508e-15
0.11051070269576897   5.1004464739966306e-15
0.11061254389094946   5.0957504824816995e-15
0.11071447893793598   5.091058814575864e-15
0.11081650792321762   5.086371466298373e-15
0.11091863093336349   5.081688433672125e-15
0.11102084805502214   5.077009712723695e-15
0.11112315937492208   5.072335299483311e-15
0.11122556497987163   5.067665189984864e-15
0.11132806495675945   5.06299938026588e-15
0.11143065939255395   5.058337866367544e-15
0.11153334837430377   5.053680644334688e-15
0.11163613198913769   5.049027710215786e-15
0.11173901032426509   5.044379060062937e-15
0.11184198346697538   5.039734689931888e-15
0.11194505150463856   5.035094595882016e-15
0.112048214524705   5.030458773976326e-15
0.11215147261470601   5.025827220281439e-15
0.11225482586225322   5.0211999308676054e-15
0.11235827435503912   5.0165769018086945e-15
0.11246181818083689   5.0119581291821925e-15
0.11256545742750096   5.007343609069183e-15
0.11266919218296635   5.002733337554373e-15
0.11277302253524925   4.9981273107260695e-15
0.11287694857244683   4.993525524676186e-15
0.11298097038273781   4.9889279755002175e-15
0.11308508805438183   4.9843346592972695e-15
0.11318930167571997   4.979745572170035e-15
0.11329361133517458   4.975160710224802e-15
0.11339801712124989   4.970580069571424e-15
0.11350251912253131   4.966003646323353e-15
0.11360711742768603   4.961431436597617e-15
0.11371181212546279   4.9568634365148204e-15
0.11381660330469251   4.952299642199127e-15
0.11392149105428762   4.947740049778281e-15
0.11402647546324256   4.943184655383592e-15
0.1141315566206337   4.938633455149929e-15
0.11423673461561988   4.934086445215714e-15
0.11434200953744168   4.929543621722931e-15
0.11444738147542209   4.9250049808171156e-15
0.11455285051896628   4.920470518647354e-15
0.11465841675756219   4.9159402313662676e-15
0.11476408028077982   4.9114141151300294e-15
0.11486984117827188   4.906892166098354e-15
0.11497569953977356   4.902374380434489e-15
0.11508165545510311   4.897860754305202e-15
0.1151877090141612   4.893351283880806e-15
0.11529386030693142   4.888845965335139e-15
0.11540010942348025   4.884344794845556e-15
0.11550645645395748   4.879847768592925e-15
0.11561290148859557   4.8753548827616456e-15
0.11571944461771025   4.8708661335396245e-15
0.11582608593170073   4.866381517118272e-15
0.11593282552104923   4.861901029692507e-15
0.11603966347632147   4.857424667460761e-15
0.11614659988816647   4.85295242662496e-15
0.1162536348473172   4.848484303390518e-15
0.11636076844458984   4.8440202939663565e-15
0.11646800077088441   4.839560394564878e-15
0.11657533191718458   4.835104601401985e-15
0.11668276197455822   4.830652910697041e-15
0.11679029103415674   4.826205318672911e-15
0.1168979191872157   4.821761821555932e-15
0.11700564652505463   4.817322415575917e-15
0.11711347313907752   4.8128870969661385e-15
0.1172213991207723   4.808455861963352e-15
0.11732942456171129   4.804028706807769e-15
0.11743754955355107   4.799605627743073e-15
0.11754577418803308   4.795186621016389e-15
0.11765409855698293   4.790771682878309e-15
0.11776252275231097   4.786360809582875e-15
0.11787104686601213   4.781953997387585e-15
0.11797967099016647   4.777551242553365e-15
0.11808839521693856   4.773152541344598e-15
0.11819721963857802   4.768757890029102e-15
0.11830614434741936   4.764367284878138e-15
0.11841516943588254   4.759980722166382e-15
0.11852429499647235   4.755598198171957e-15
0.11863352112177891   4.751219709176409e-15
0.11874284790447757   4.74684525146471e-15
0.11885227543732946   4.7424748213252365e-15
0.11896180381318078   4.738108415049802e-15
0.11907143312496349   4.733746028933626e-15
0.11918116346569499   4.729387659275341e-15
0.11929099492847883   4.7250333023769795e-15
0.11940092760650395   4.720682954543988e-15
0.11951096159304532   4.716336612085211e-15
0.11962109698146374   4.711994271312899e-15
0.11973133386520639   4.707655928542679e-15
0.11984167233780622   4.7033215800935895e-15
0.1199521124928825   4.698991222288046e-15
0.12006265442414064   4.6946648514518626e-15
0.12017329822537279   4.690342463914219e-15
0.12028404399045713   4.686024056007684e-15
0.12039489181335852   4.681709624068209e-15
0.12050584178812827   4.677399164435116e-15
0.12061689400890474   4.6730926734510786e-15
0.12072804856991264   4.668790147462167e-15
0.1208393055654637   4.664491582817794e-15
0.12095066508995636   4.66019697587075e-15
0.1210621272378765   4.655906322977164e-15
0.12117369210379667   4.651619620496536e-15
0.12128535978237667   4.6473368647917116e-15
0.12139713036836346   4.6430580522288915e-15
0.12150900395659164   4.6387831791776064e-15
0.12162098064198289   4.634512242010744e-15
0.12173306051954641   4.6302452371045286e-15
0.1218452436843789   4.625982160838523e-15
0.12195753023166506   4.621723009595609e-15
0.12206992025667687   4.61746777976202e-15
0.12218241385477434   4.613216467727298e-15
0.12229501112140513   4.6089690698843275e-15
0.1224077121521053   4.6047255826292925e-15
0.12252051704249856   4.600486002361711e-15
0.12263342588829686   4.596250325484415e-15
0.12274643878530023   4.5920185484035414e-15
0.12285955582939735   4.587790667528539e-15
0.12297277711656493   4.583566679272162e-15
0.1230861027428682   4.57934658005047e-15
0.12319953280446085   4.575130366282823e-15
0.12331306739758549   4.570918034391869e-15
0.12342670661857309   4.5667095808035594e-15
0.12354045056384354   4.562505001947132e-15
0.1236542993299054   4.558304294255118e-15
0.12376825301335659   4.55410745416332e-15
0.12388231171088365   4.549914478110833e-15
0.12399647551926236   4.545725362540028e-15
0.12411074453535756   4.541540103896557e-15
0.12422511885612372   4.53735869862933e-15
0.12433959857860429   4.5331811431905375e-15
0.12445418379993214   4.529007434035643e-15
0.12456887461733006   4.5248375676233514e-15
0.12468367112811002   4.520671540415648e-15
0.12479857342967382   4.51650934887777e-15
0.12491358161951287   4.512350989478211e-15
0.12502869579520884   4.5081964586887026e-15
0.1251439160544329   4.504045752984244e-15
0.1252592424949464   4.499898868843068e-15
0.12537467521460063   4.495755802746661e-15
0.12549021431133744   4.4916165511797265e-15
0.12560585988318856   4.4874811106302296e-15
0.12572161202827617   4.4833494775893545e-15
0.12583747084481278   4.479221648551528e-15
0.1259534364311018   4.475097620014382e-15
0.12606950888553675   4.4709773884788e-15
0.1261856883066021   4.4668609504488666e-15
0.12630197479287283   4.462748302431902e-15
0.12641836844301524   4.458639440938422e-15
0.12653486935578606   4.454534362482175e-15
0.12665147763003326   4.450433063580105e-15
0.12676819336469572   4.4463355407523765e-15
0.1268850166588039   4.4422417905223425e-15
0.12700194761147915   4.438151809416564e-15
0.12711898632193427   4.434065593964803e-15
0.12723613288947336   4.429983140700018e-15
0.12735338741349242   4.4259044461583495e-15
0.1274707499934787   4.421829506879133e-15
0.12758822072901121   4.4177583194048925e-15
0.12770579971976065   4.413690880281338e-15
0.1278234870654899   4.409627186057344e-15
0.1279412828660534   4.4055672332849825e-15
0.12805918722139784   4.401511018519487e-15
0.1281772002315617   4.3974585383192724e-15
0.12829532199667623   4.393409789245908e-15
0.1284135526169644   4.3893647678641425e-15
0.12853189219274186   4.38532347074188e-15
0.12865034082441637   4.3812858944501945e-15
0.12876889861248875   4.377252035563298e-15
0.12888756565755197   4.373221890658574e-15
0.12900634206029193   4.36919545631655e-15
0.12912522792148706   4.36517272912091e-15
0.12924422334200916   4.361153705658465e-15
0.12936332842282255   4.357138382519185e-15
0.1294825432649847   4.353126756296175e-15
0.12960186796964612   4.349118823585683e-15
0.12972130263805093   4.345114580987072e-15
0.12984084737153612   4.341114025102854e-15
0.12996050227153225   4.337117152538663e-15
0.13008026743956316   4.333123959903263e-15
0.1302001429772467   4.3291344438085276e-15
0.13032012898629394   4.325148600869463e-15
0.13044022556850982   4.321166427704184e-15
0.130560432825793   4.317187920933931e-15
0.13068075086013636   4.313213077183034e-15
0.13080117977362646   4.3092418930789496e-15
0.13092171966844401   4.305274365252233e-15
0.1310423706468638   4.3013104903365434e-15
0.13116313281125525   4.297350264968634e-15
0.13128400626408168   4.29339368578836e-15
0.13140499110790102   4.2894407494386714e-15
0.1315260874453656   4.285491452565607e-15
0.13164729537922268   4.281545791818285e-15
0.13176861501231385   4.277603763848924e-15
0.13189004644757557   4.273665365312816e-15
0.1320115897880391   4.269730592868337e-15
0.13213324513683097   4.265799443176931e-15
0.1322550125971724   4.261871912903124e-15
0.1323768922723798   4.2579479987145094e-15
0.13249888426586479   4.254027697281759e-15
0.13262098868113453   4.2501110052785876e-15
0.13274320562179126   4.2461979193817924e-15
0.13286553519153282   4.242288436271223e-15
0.13298797749415248   4.238382552629791e-15
0.1331105326335395   4.234480265143448e-15
0.13323320071367856   4.230581570501214e-15
0.13335598183865016   4.226686465395148e-15
0.13347887611263104   4.222794946520355e-15
0.13360188363989361   4.218907010574986e-15
0.1337250045248065   4.2150226542602275e-15
0.13384823887183442   4.211141874280313e-15
0.1339715867855386   4.207264667342495e-15
0.13409504837057645   4.203391030157071e-15
0.13421862373170176   4.199520959437362e-15
0.13434231297376487   4.195654451899718e-15
0.13446611620171306   4.1917915042635e-15
0.13459003352058993   4.187932113251111e-15
0.13471406503553607   4.184076275587952e-15
0.13483821085178874   4.180223988002456e-15
0.1349624710746827   4.176375247226047e-15
0.13508684580964928   4.172530049993177e-15
0.13521133516221712   4.1686883930412984e-15
0.13533593923801204   4.1648502731108696e-15
0.13546065814275754   4.1610156869453396e-15
0.13558549198227415   4.15718463129117e-15
0.1357104408624801   4.1533571028978086e-15
0.13583550488939103   4.149533098517703e-15
0.13596068416912072   4.145712614906282e-15
0.13608597880788034   4.1418956488219685e-15
0.13621138891197906   4.138082197026167e-15
0.1363369145878239   4.134272256283268e-15
0.1364625559419203   4.1304658233606344e-15
0.13658831308087152   4.126662895028607e-15
0.13671418611137912   4.122863468060507e-15
0.13684017514024288   4.119067539232623e-15
0.13696628027436147   4.115275105324199e-15
0.13709250162073155   4.111486163117463e-15
0.13721883928644862   4.107700709397599e-15
0.13734529337870668   4.10391874095275e-15
0.13747186400479897   4.100140254574011e-15
0.13759855127211712   4.096365247055439e-15
0.13772535528815197   4.092593715194039e-15
0.13785227616049317   4.0888256557897734e-15
0.13797931399683   4.085061065645534e-15
0.13810646890495057   4.0812999415671695e-15
0.1382337409927424   4.077542280363467e-15
0.1383611303681924   4.073788078846152e-15
0.1384886371393873   4.0700373338298785e-15
0.1386162614145131   4.066290042132241e-15
0.13874400330185563   4.0625462005737634e-15
0.13887186290980028   4.058805805977899e-15
0.13899984034683285   4.0550688551710125e-15
0.13912793572153864   4.051335344982407e-15
0.13925614914260323   4.047605272244296e-15
0.1393844807188121   4.043878633791816e-15
0.13951293055905148   4.0401554264630055e-15
0.13964149877230753   4.036435647098826e-15
0.13977018546766692   4.0327192925431415e-15
0.1398989907543168   4.02900635964273e-15
0.1400279147415453   4.025296845247205e-15
0.14015695753874088   4.021590746209008e-15
0.1402861192553929   4.017888059383804e-15
0.14041540000109146   4.014188781629964e-15
0.1405447998855282   4.010492909808244e-15
0.14067431901849534   4.0068004407823586e-15
0.14080395750988636   4.003111371420283e-15
0.140933715469696   3.999425698591945e-15
0.1410635930080207   3.9957434191687464e-15
0.14119359023505795   3.9920645300263215e-15
0.141323707261107   3.988389028044679e-15
0.14145394419656845   3.984716910105258e-15
0.14158430115194526   3.981048173089622e-15
0.14171477823784165   3.977382813886194e-15
0.14184537556496396   3.973720829386506e-15
0.14197609324412047   3.970062216483466e-15
0.14210693138622188   3.966406972068266e-15
0.14223789010228075   3.9627550930430805e-15
0.1423689695034121   3.9591065763104064e-15
0.14250016970083315   3.955461418774571e-15
0.1426314908058641   3.95181961733585e-15
0.14276293292992723   3.948181168911187e-15
0.14289449618454758   3.944546070413458e-15
0.14302618068135337   3.940914318756736e-15
0.14315798653207526   3.937285910854626e-15
0.14328991384854697   3.93366084363512e-15
0.14342196274270522   3.930039114022443e-15
0.14355413332659026   3.926420718939757e-15
0.1436864257123452   3.922805655315239e-15
0.1438188400122166   3.919193920087215e-15
0.14395137633855432   3.91558551019123e-15
0.1440840348038122   3.911980422558822e-15
0.14421681552054733   3.908378654134049e-15
0.14434971860142057   3.904780201864855e-15
0.14448274415919654   3.901185062698051e-15
0.14461589230674415   3.897593233572802e-15
0.14474916315703595   3.894004711450443e-15
0.14488255682314874   3.8904194932877615e-15
0.14501607341826328   3.886837576041215e-15
0.14514971305566524   3.883258956661602e-15
0.14528347584874407   3.879683632124196e-15
0.145417361910994   3.876111599395424e-15
0.14555137135601365   3.8725428554389915e-15
0.14568550429750676   3.868977397223548e-15
0.14581976084928142   3.865415221732797e-15
0.14595414112525076   3.8618563259443255e-15
0.14608864523943269   3.8583007068282525e-15
0.14622327330595072   3.85474836137268e-15
0.14635802543903303   3.851199286568856e-15
0.14649290175301322   3.847653479405482e-15
0.14662790236233011   3.844110936858187e-15
0.14676302738152844   3.840571655936198e-15
0.14689827692525803   3.8370356336374105e-15
0.14703365110827454   3.833502866957166e-15
0.14716915004543923   3.829973352889028e-15
0.14730477385171964   3.826447088451728e-15
0.14744052264218882   3.822924070653328e-15
0.147576396532026   3.819404296494001e-15
0.14771239563651642   3.815887762989684e-15
0.14784852007105204   3.812374467164972e-15
0.14798476995113063   3.8088644060389315e-15
0.14812114539235663   3.8053575766154605e-15
0.14825764651044082   3.8018539759347845e-15
0.1483942734212011   3.798353601026436e-15
0.14853102624056155   3.794856448915662e-15
0.14866790508455338   3.791362516623712e-15
0.14880491006931448   3.787871801202393e-15
0.14894204131109023   3.784384299689916e-15
0.14907929892623273   3.780900009114403e-15
0.14921668303120136   3.777418926522989e-15
0.1493541937425628   3.7739410489714585e-15
0.14949183117699152   3.770466373508917e-15
0.14962959545126905   3.766994897165375e-15
0.14976748668228473   3.763526617015846e-15
0.14990550498703548   3.760061530118965e-15
0.15004365048262644   3.756599633527004e-15
0.15018192328627025   3.753140924293689e-15
0.15032032351528773   3.749685399501058e-15
0.15045885128710762   3.746233056217192e-15
0.1505975067192674   3.742783891495105e-15
0.1507362899294123   3.739337902418556e-15
0.15087520103529625   3.735895086071216e-15
0.1510142401547815   3.7324554395292614e-15
0.15115340740583927   3.729018959853372e-15
0.15129270290654917   3.725585644151366e-15
0.15143212677509976   3.722155489510165e-15
0.1515716791297883   3.7187284930053935e-15
0.15171136008902159   3.715304651730081e-15
0.15185116977131505   3.711883962792449e-15
0.15199110829529347   3.708466423290135e-15
0.15213117577969082   3.705052030297087e-15
0.15227137234335097   3.7016407809408766e-15
0.1524116981052268   3.698232672328942e-15
0.15255215318438103   3.694827701558746e-15
0.15269273769998587   3.691425865733757e-15
0.15283345177132387   3.6880271619859816e-15
0.15297429551778705   3.684631587431714e-15
0.1531152690588774   3.6812391391653244e-15
0.15325637251420754   3.6778498143275225e-15
0.1533976060034999   3.674463610048046e-15
0.15353896964658725   3.67108052344525e-15
0.15368046356341283   3.667700551634789e-15
0.15382208787403073   3.664323691771298e-15
0.15396384269860527   3.660949940989604e-15
0.15410572815741164   3.6575792964034016e-15
0.15424774437083574   3.654211755168452e-15
0.1543898914593749   3.650847314435616e-15
0.15453216954363694   3.647485971342839e-15
0.15467457874434107   3.644127723020139e-15
0.15481711918231755   3.640772566643555e-15
0.15495979097850845   3.6374204993663204e-15
0.15510259425396689   3.6340715183201625e-15
0.15524552912985762   3.630725620678256e-15
0.15538859572745692   3.6273828036111714e-15
0.15553179416815335   3.624043064274928e-15
0.1556751245734468   3.620706399816628e-15
0.15581858706494933   3.617372807432133e-15
0.15596218176438487   3.614042284292982e-15
0.15610590879359004   3.6107148275474565e-15
0.15624976827451326   3.607390434388946e-15
0.15639376032921548   3.604069102006027e-15
0.15653788507986996   3.600750827570995e-15
0.15668214264876304   3.5974356082509734e-15
0.15682653315829329   3.5941234412601724e-15
0.15697105673097222   3.590814323788306e-15
0.15711571348942407   3.587508252998263e-15
0.1572605035563866   3.5842052261070085e-15
0.15740542705471017   3.58090524031938e-15
0.1575504841073585   3.577608292822136e-15
0.1576956748374085   3.574314380806311e-15
0.157840999368051   3.571023501502025e-15
0.1579864578225898   3.567735652117058e-15
0.15813205032444252   3.564450829827115e-15
0.15827777699714046   3.561169031876237e-15
0.15842363796432907   3.557890255483452e-15
0.15856963334976737   3.55461449784792e-15
0.15871576327732856   3.5513417561884382e-15
0.15886202787099987   3.5480720277489114e-15
0.1590084272548832   3.5448053097527337e-15
0.15915496155319445   3.541541599392512e-15
0.159301630890264   3.5382808939371084e-15
0.15944843539053677   3.535023190619901e-15
0.1595953751785728   3.5317684866497224e-15
0.15974245037904644   3.5285167792775136e-15
0.15988966111674707   3.5252680657589443e-15
0.16003700751657896   3.5220223433272685e-15
0.16018448970356192   3.5187796092081624e-15
0.1603321078028305   3.5155398606810023e-15
0.16047986193963476   3.512303094996948e-15
0.16062775223934   3.5090693093730356e-15
0.1607757788274275   3.5058385010963913e-15
0.16092394182949377   3.5026106674315444e-15
0.16107224137125115   3.499385805618405e-15
0.1612206775785277   3.496163912919657e-15
0.16136925057726798   3.4929449866241118e-15
0.161517960493532   3.489729023995306e-15
0.1616668074534962   3.4865160222713262e-15
0.16181579158345313   3.483305978764618e-15
0.1619649130098122   3.4800988907515376e-15
0.16211417185909877   3.4768947554768774e-15
0.16226356825795504   3.4736935702456533e-15
0.16241310233313971   3.4704953323522333e-15
0.16256277421152882   3.467300039063708e-15
0.1627125840201148   3.464107687661565e-15
0.1628625318860073   3.4609182754638985e-15
0.16301261793643296   3.4577317997607144e-15
0.16316284229873612   3.454548257810124e-15
0.16331320510037797   3.4513676469531292e-15
0.1634637064689374   3.448189964491065e-15
0.16361434653211063   3.445015207692323e-15
0.1637651254177121   3.441843373887417e-15
0.1639160432536735   3.438674460396392e-15
0.16406710016804463   3.4355084645091455e-15
0.16421829628899312   3.4323453835340687e-15
0.16436963174480515   3.4291852148141204e-15
0.1645211066638847   3.426027955661285e-15
0.16467272117475404   3.4228736033620263e-15
0.16482447540605438   3.4197221552813878e-15
0.164976369486545   3.4165736087454516e-15
0.16512840354510402   3.413427961041542e-15
0.1652805777107281   3.4102852095343336e-15
0.16543289211253331   3.407145351564872e-15
0.16558534687975424   3.40400838444096e-15
0.16573794214174467   3.4008743055069997e-15
0.1658906780279775   3.3977431121259353e-15
0.16604355466804535   3.3946148016267196e-15
0.1661965721916599   3.3914893713334778e-15
0.1663497307286524   3.388366818630307e-15
0.16650303040897363   3.3852471408668016e-15
0.16665647136269468   3.38213033534708e-15
0.1668100537200059   3.379016399476585e-15
0.1669637776112179   3.3759053306132223e-15
0.16711764316676112   3.3727971260778593e-15
0.1672716505171867   3.3696917832606187e-15
0.16742579979316569   3.3665892995388704e-15
0.16758009112548963   3.363489672253068e-15
0.1677345246450704   3.3603928987752895e-15
0.16788910048294114   3.3572989765031888e-15
0.16804381877025518   3.3542079027966374e-15
0.16819867963828683   3.3511196750099534e-15
0.16835368321843125   3.348034290560921e-15
0.16850882964220526   3.3449517468286456e-15
0.16866411904124626   3.3418720411506696e-15
0.1688195515473132   3.3387951709640186e-15
0.16897512729228628   3.335721133658051e-15
0.1691308464081677   3.3326499265781666e-15
0.16928670902708085   3.3295815471561167e-15
0.16944271528127097   3.3265159927972848e-15
0.1695988653031051   3.3234532608661494e-15
0.16975515922507275   3.320393348778591e-15
0.16991159717978496   3.317336253958358e-15
0.17006817929997517   3.3142819737875633e-15
0.17022490571849896   3.3112305056676326e-15
0.17038177656833495   3.3081818470406452e-15
0.17053879198258365   3.3051359953059185e-15
0.1706959520944685   3.3020929478505152e-15
0.1708532570373355   3.2990527021351397e-15
0.1710107069446541   3.2960152555763673e-15
0.17116830195001612   3.292980605548126e-15
0.1713260421871368   3.2899487495283787e-15
0.17148392778985433   3.2869196849446798e-15
0.1716419588921308   3.2838934091754782e-15
0.17180013562805127   3.280869919698746e-15
0.17195845813182445   3.277849213954966e-15
0.17211692653778263   3.2748312893383585e-15
0.17227554098038242   3.2718161433159164e-15
0.17243430159420373   3.2688037733445915e-15
0.17259320851395074   3.265794176834447e-15
0.1727522618744516   3.262787351241995e-15
0.17291146181065922   3.25978329404002e-15
0.17307080845765033   3.256782002652945e-15
0.1732303019506263   3.25378347452759e-15
0.17338994242491299   3.2507877071532228e-15
0.17354973001596144   3.247794697969736e-15
0.17370966485934697   3.2448044444154976e-15
0.1738697470907701   3.241816943993828e-15
0.17402997684605614   3.238832194158537e-15
0.17419035426115614   3.2358501923390794e-15
0.17435087947214592   3.232870936054801e-15
0.17451155261522686   3.2298944227735092e-15
0.17467237382672562   3.22692064991764e-15
0.17483334324309516   3.223949615020523e-15
0.17499446100091354   3.220981315561317e-15
0.17515572723688488   3.2180157489620797e-15
0.17531714208783916   3.215052912763971e-15
0.17547870569073296   3.2120928044552115e-15
0.17564041818264847   3.2091354214708003e-15
0.17580227970079448   3.2061807613468548e-15
0.175964290382506   3.2032288215845364e-15
0.17612645036524516   3.20027959963011e-15
0.17628875978660022   3.197333093016512e-15
0.17645121878428624   3.1943892992575876e-15
0.1766138274961457   3.1914482158105453e-15
0.17677658606014762   3.1885098402057446e-15
0.1769394946143883   3.185574169969378e-15
0.17710255329709115   3.1826412025705752e-15
0.1772657622466075   3.179710935537236e-15
0.17742912160141563   3.176783366406752e-15
0.17759263150012158   3.1738584926631042e-15
0.17775629208145902   3.170936311832175e-15
0.17792010348428997   3.168016821459114e-15
0.1780840658476038   3.1651000190269264e-15
0.17824817931051834   3.162185902062795e-15
0.1784124440122792   3.159274468132123e-15
0.1785768600922611   3.156365714738174e-15
0.17874142768996643   3.1534596394092976e-15
0.1789061469450265   3.150556239709924e-15
0.17907101799720102   3.147655513149178e-15
0.17923604098637902   3.144757457257077e-15
0.179401216052578   3.141862069610967e-15
0.1795665433359446   3.1389693477228736e-15
0.17973202297675445   3.136079289123259e-15
0.17989765511541297   3.1331918914065094e-15
0.1800634398924545   3.130307152101096e-15
0.18022937744854298   3.127425068746133e-15
0.1803954679244718   3.124545638931218e-15
0.1805617114611648   3.121668860186968e-15
0.18072810819967491   3.118794730054322e-15
0.1808946582811854   3.115923246139172e-15
0.18106136184700938   3.1130544059791077e-15
0.1812282190385908   3.1101882071213524e-15
0.18139522999750332   3.1073246471787523e-15
0.18156239486545137   3.104463723697892e-15
0.18172971378426966   3.101605434235241e-15
0.18189718689592427   3.0987497764055468e-15
0.18206481434251146   3.0958967477585124e-15
0.18223259626625865   3.0930463458574112e-15
0.18240053280952423   3.0901985683271777e-15
0.1825686241147982   3.0873534127226652e-15
0.18273687032470146   3.0845108766168863e-15
0.18290527158198638   3.0816709576399176e-15
0.18307382802953678   3.0788336533511873e-15
0.18324253981036873   3.075998961334569e-15
0.18341140706762948   3.073166879224692e-15
0.18358042994459844   3.0703374045849517e-15
0.18374960858468684   3.0675105350112353e-15
0.18391894313143864   3.0646862681421154e-15
0.18408843372852948   3.0618646015443782e-15
0.1842580805197677   3.0590455328270273e-15
0.18442788364909382   3.0562290596320166e-15
0.18459784326058173   3.0534151795289198e-15
0.18476795949843747   3.0506038901409797e-15
0.1849382325070001   3.0477951891129322e-15
0.18510866243074156   3.044989074012068e-15
0.18527924941426752   3.0421855424789195e-15
0.18544999360231632   3.0393845921629896e-15
0.18562089513975985   3.0365862206427175e-15
0.18579195417160335   3.033790425570208e-15
0.18596317084298622   3.0309972045919395e-15
0.18613454529918108   3.0282065552768596e-15
0.18630607768559465   3.025418475301595e-15
0.18647776814776734   3.022632962317272e-15
0.18664961683137438   3.019850013892713e-15
0.1868216238822246   3.0170696277243986e-15
0.18699378944626144   3.014291801463319e-15
0.18716611366956257   3.011516532684385e-15
0.18733859669834096   3.008743819098542e-15
0.18751123867894365   3.005973658351167e-15
0.18768403975785278   3.003206048030336e-15
0.1878570000816853   3.000440985853993e-15
0.1880301197971938   2.9976784694625153e-15
0.1882033990512656   2.994918496461266e-15
0.18837683799092356   2.992161064572805e-15
0.18855043676332578   2.989406171434926e-15
0.18872419551576664   2.986653814677595e-15
0.18889811439567558   2.9839039920207618e-15
0.18907219355061802   2.981156701099013e-15
0.18924643312829584   2.9784119395680965e-15
0.1894208332765465   2.9756697051447407e-15
0.18959539414334392   2.972929995463575e-15
0.18977011587679815   2.970192808206645e-15
0.18994499862515632   2.967458141083621e-15
0.19012004253680165   2.964725991716004e-15
0.1902952477602542   2.961996357817233e-15
0.19047061444417077   2.9592692370979805e-15
0.19064614273734573   2.956544627185463e-15
0.19082183278870998   2.953822525815025e-15
0.19099768474733186   2.9511029306888882e-15
0.1911736987624169   2.948385839415793e-15
0.1913498749833087   2.9456712497730733e-15
0.1915262135594879   2.942959159447025e-15
0.1917027146405731   2.940249566081854e-15
0.1918793783763206   2.9375424674448404e-15
0.19205620491662528   2.9348378612143478e-15
0.19223319441151956   2.932135745067273e-15
0.19241034701117432   2.929436116764063e-15
0.19258766286589865   2.9267389739756926e-15
0.19276514212614074   2.9240443144128667e-15
0.19294278494248682   2.9213521358286132e-15
0.1931205914656621   2.918662435881126e-15
0.19329856184653052   2.915975212318575e-15
0.1934766962360956   2.9132904628882536e-15
0.1936549947854994   2.910608185244592e-15
0.19383345764602358   2.9079283771692746e-15
0.19401208496908892   2.9052510363934757e-15
0.19419087690625633   2.902576160578264e-15
0.19436983360922583   2.8999037475266885e-15
0.19454895522983745   2.897233794948079e-15
0.1947282419200709   2.8945663005385966e-15
0.1949076938320466   2.8919012620966713e-15
0.1950873111180245   2.889238677319835e-15
0.19526709393040514   2.886578543946631e-15
0.19544704242172922   2.8839208597636695e-15
0.19562715674467868   2.8812656224560498e-15
0.19580743705207554   2.878612829805895e-15
0.19598788349688287   2.8759624795873617e-15
0.19616849623220445   2.8733145694791156e-15
0.1963492754112858   2.8706690973019016e-15
0.19653022118751304   2.868026060802158e-15
0.1967113337144139   2.865385457680826e-15
0.1968926131456573   2.862747285768194e-15
0.19707405963505448   2.860111542791192e-15
0.19725567333655772   2.8574782264979096e-15
0.19743745440426144   2.854847334704325e-15
0.19761940299240183   2.8522188651225013e-15
0.19780151925535785   2.84959281554882e-15
0.19798380334765014   2.8469691837843523e-15
0.19816625542394187   2.844347967525678e-15
0.19834887563903858   2.8417291646186413e-15
0.19853166414788911   2.839112772834094e-15
0.19871462110558444   2.8364987898966443e-15
0.19889774666735868   2.833887213658629e-15
0.1990810409885888   2.8312780418635503e-15
0.19926450422479558   2.828671272286984e-15
0.1994481365316425   2.8260669027684974e-15
0.1996319380649367   2.8234649310425063e-15
0.19981590898062868   2.820865354935255e-15
0.2000000494348133   2.8182681722630162e-15
0.20018435958372863   2.815673380730253e-15
0.20036883958375695   2.813080978227363e-15
0.20055348959142444   2.810490962528126e-15
0.20073830976340212   2.8079033313963263e-15
0.2009233002565048   2.805318082701803e-15
0.201108461227692   2.8027352142013252e-15
0.20129379283406768   2.8001547237180027e-15
0.2014792952328812   2.797576609097544e-15
0.2016649685815262   2.7950008680770806e-15
0.2018508130375416   2.792427498537177e-15
0.2020368287586113   2.7898564982856725e-15
0.20222301590256508   2.787287865085611e-15
0.20240937462737757   2.7847215968313924e-15
0.20259590509116904   2.782157691298332e-15
0.20278260745220603   2.779596146313664e-15
0.2029694818689003   2.7770369597487044e-15
0.20315652849980984   2.774480129355103e-15
0.20334374750363857   2.771925653025476e-15
0.20353113903923722   2.769373528593324e-15
0.20371870326560237   2.766823753836585e-15
0.20390644034187724   2.7642763266626804e-15
0.20409435042735158   2.761731244864021e-15
0.20428243368146248   2.759188506281596e-15
0.20447069026379344   2.7566481088037858e-15
0.20465912033407513   2.7541100501915095e-15
0.20484772405218524   2.7515743283595904e-15
0.20503650157814945   2.749040941155534e-15
0.2052254530721403   2.7465098863777946e-15
0.20541457869447807   2.743981161947366e-15
0.20560387860563062   2.7414547656682385e-15
0.20579335296621434   2.7389306954058393e-15
0.20598300193699298   2.7364089490600924e-15
0.20617282567887865   2.733889524401211e-15
0.20636282435293155   2.731372419372901e-15
0.20655299812036093   2.728857631822712e-15
0.20674334714252396   2.7263451595762404e-15
0.20693387158092671   2.723835000568105e-15
0.20712457159722394   2.721327152608443e-15
0.20731544735321997   2.7188216135976376e-15
0.20750649901086757   2.7163183814383575e-15
0.207697726732269   2.713817453914392e-15
0.20788913067967568   2.711318828999517e-15
0.20808071101548925   2.708822504534972e-15
0.20827246790226028   2.7063284783882556e-15
0.20846440150268944   2.7038367484965127e-15
0.20865651197962704   2.7013473126706717e-15
0.20884879949607416   2.6988601688564457e-15
0.2090412642151814   2.696375314939386e-15
0.20923390630025004   2.6938927487546193e-15
0.2094267259147315   2.691412468273619e-15
0.20961972322222855   2.6889344713305023e-15
0.20981289838649406   2.686458755846644e-15
0.21000625157143205   2.6839853197558922e-15
0.2101997829410973   2.681514160866992e-15
0.2103934926596965   2.6790452771791333e-15
0.210587380891587   2.6765786665560952e-15
0.21078144780127778   2.6741143268959936e-15
0.21097569355342927   2.6716522561584607e-15
0.21117011831285426   2.669192452167847e-15
0.21136472224451677   2.6270125051166114e-15
0.21155950551353309   2.576748042860356e-15
0.2117544682851714   2.545849600178838e-15
0.21194961072485288   2.5214395421590814e-15
0.21214493299815051   2.5006396382496297e-15
0.21234043527079005   2.4822267357484782e-15
0.21253611770864975   2.4655446918030195e-15
0.21273198047776137   2.450192872795908e-15
0.21292802374430914   2.4359052783738163e-15
0.21312424767463048   2.422494559568181e-15
0.213320652435216   2.4098228327696055e-15
0.21351723819271035   2.3977851024391287e-15
0.21371400511391112   2.38629921143918e-15
0.21391095336576982   2.3752994276550402e-15
0.21410808311539156   2.3647321765151285e-15
0.21430539453003616   2.3545531024969998e-15
0.21450288777711693   2.3447249857561467e-15
0.21470056302420157   2.335216227951012e-15
0.2148984204390121   2.3259997284067565e-15
0.21509646018942574   2.317052033449283e-15
0.21529468244347372   2.3083526825747213e-15
0.21549308736934236   2.2998836980882074e-15
0.21569167513537274   2.2916291814214097e-15
0.21589044591006176   2.2835749905614237e-15
0.2160893998620609   2.2757084787663536e-15
0.21628853716017735   2.2680182815879364e-15
0.21648785797337355   2.260494141366423e-15
0.2166873624707684   2.2531267613089875e-15
0.2168870508216359   2.2459076837990317e-15
0.21708692319540612   2.2388291874745327e-15
0.21728697976166592   2.231884200285559e-15
0.21748722069015775   2.2250662252966235e-15
0.2176876461507807   2.2183692768602842e-15
0.21788825631359024   2.2117878260281118e-15
0.21808905134879922   2.2053167528154425e-15
0.21829003142677667   2.1989513050004e-15
0.21849119671804884   2.1926870620620137e-15
0.2186925473932989   2.186519903367179e-15
0.21889408362336807   2.18044598056423e-15
0.21909580557925418   2.174461692719419e-15
0.21929771343211296   2.1685636646353416e-15
0.2194998073532577   2.1627487274647085e-15
0.21970208751416012   2.1570139012480123e-15
0.21990455408644938   2.151356379689473e-15
0.22010720724191293   2.145773516023276e-15
0.2203100471524964   2.140262810691074e-15
0.22051307399030456   2.1348219000710924e-15
0.2207162879276   2.129448546186856e-15
0.22091968913680438   2.124140627731109e-15
0.221123277790498   2.1188961314595004e-15
0.22132705406142086   2.113713144772767e-15
0.2215310181224715   2.10858984873099e-15
0.22173517014670802   2.1035245116585208e-15
0.22193951030734774   2.0985154835446893e-15
0.2221440387777683   2.09356119052067e-15
0.22234875573150653   2.088660130191e-15
0.22255366134225923   2.0838108670546313e-15
0.2227587557838832   2.0790120283806755e-15
0.22296403923039607   2.074262300544321e-15
0.22316951185597517   2.0695604253104526e-15
0.22337517383495856   2.0649051968253235e-15
0.22358102534184474   2.060295458439332e-15
0.22378706655129368   2.0557300999892292e-15
0.22399329763812567   2.0512080552737474e-15
0.22419971877732234   2.046728299479517e-15
0.22440633014402625   2.042289847206089e-15
0.22461313191354215   2.0378917501326672e-15
0.22482012426133566   2.0335330952317882e-15
0.22502730736303422   2.0292130029286465e-15
0.22523468139442698   2.024930625313993e-15
0.2254422465314658   2.0206851447468508e-15
0.2256500029502639   2.01647577214138e-15
0.22585795082709714   2.012301745784499e-15
0.2260660903384035   2.0081623298962765e-15
0.2262744216607843   2.0040568134204794e-15
0.2264829449710029   1.9999845089941635e-15
0.2266916604459858   1.9959447516629067e-15
0.2269005682628223   1.99193689804503e-15
0.22710966859876558   1.9879603252073833e-15
0.22731896163123153   1.984014429889287e-15
0.22752844753779972   1.9800986276302916e-15
0.2277381264962131   1.976212351859484e-15
0.22794799868437923   1.9723550532733674e-15
0.22815806428036883   1.9685261989007594e-15
0.22836832346241695   1.96472527172937e-15
0.22857877640892274   1.960951769852954e-15
0.22878942329845037   1.9572052058591454e-15
0.2290002643097279   1.9534851062806248e-15
0.22921129962164832   1.9497910109099864e-15
0.22942252941326927   1.9461224726750767e-15
0.2296339538638141   1.9424790567118117e-15
0.2298455731526706   1.9388603400925184e-15
0.23005738745939208   1.935265911315669e-15
0.23026939696369716   1.9316953698641734e-15
0.23048160184547073   1.92814832593437e-15
0.23069400228476278   1.924624399837727e-15
0.2309065984617894   1.921123221811219e-15
0.23111939055693262   1.9176444315054213e-15
0.2313323787507413   1.914187677785053e-15
0.23154556322393008   1.9107526183595528e-15
0.2317589441573803   1.907338919396963e-15
0.23197252173213975   1.9039462554179397e-15
0.23218629612942385   1.9005743087520225e-15
0.23240026753061424   1.8972227695534684e-15
0.23261443611726   1.893891335327052e-15
0.2328288020710772   1.8905797107735642e-15
0.23304336557395017   1.8872876075386814e-15
0.2332581268079301   1.8840147439335393e-15
0.23347308595523594   1.880760844892139e-15
0.2336882431982553   1.877525641499835e-15
0.23390359871954317   1.8743088710776965e-15
0.23411915270182299   1.8711102767507546e-15
0.23433490532798631   1.8679296074114094e-15
0.23455085678109402   1.8647666175165203e-15
0.23476700724437496   1.8616210668484824e-15
0.23498335690122701   1.8584927204583884e-15
0.23519990593521695   1.8553813483437064e-15
0.23541665453008126   1.852286725559176e-15
0.2356336028697252   1.849208631804246e-15
0.23585075113822368   1.846146851466837e-15
0.23606809951982097   1.843101173423515e-15
0.23628564819893186   1.8400713908759414e-15
0.23650339736014042   1.837057301304943e-15
0.23672134718820104   1.8340587061983995e-15
0.23693949786803808   1.8310754112090502e-15
0.23715784958474712   1.8281072257052726e-15
0.23737640252359352   1.825153962984557e-15
0.23759515687001367   1.822215439983194e-15
0.2378141128096146   1.819291477193958e-15
0.23803327052817502   1.8163818986143203e-15
0.23825263021164425   1.8134865315844713e-15
0.23847219204614317   1.81060520680787e-15
0.23869195621796388   1.807737758056077e-15
0.23891192291357094   1.8048840224306594e-15
0.23913209231960003   1.802043839977824e-15
0.239352464622859   1.799217053729663e-15
0.23957304001032773   1.7964035095917553e-15
0.23979381866915897   1.7936030562719018e-15
0.24001480078667736   1.7908155453035255e-15
0.24023598655038036   1.7880408307785655e-15
0.240457376147938   1.785278769549878e-15
0.24067896976719388   1.782529220875652e-15
0.2409007675961641   1.7797920466169902e-15
0.24112276982303826   1.7770671109805107e-15
0.24134497663617907   1.7743542805781457e-15
0.2415673882241236   1.7716534243351432e-15
0.24179000477558196   1.7689644133881212e-15
0.24201282647943834   1.7662871211622162e-15
0.24223585352475083   1.7636214231421827e-15
0.24245908610075242   1.760967196987134e-15
0.2426825243968498   1.7583243222697565e-15
0.24290616860262443   1.7556926807435811e-15
0.2431300189078322   1.7530721560417817e-15
0.24335407550240468   1.750462633719061e-15
0.24357833857644767   1.7478640011828131e-15
0.24380280832024245   1.7452761476560059e-15
0.2440274849242454   1.7426989642163397e-15
0.24425236857908908   1.7401323435862054e-15
0.24447745947558114   1.7375761803292333e-15
0.24470275780470518   1.7350303705383087e-15
0.24492826375762058   1.732494812078933e-15
0.2451539775256637   1.7299694043061835e-15
0.24537989930034643   1.7274540482173498e-15
0.24560602927335734   1.7249486463011904e-15
0.2458323676365615   1.7224531025539222e-15
0.2460589145820015   1.7199673224670265e-15
0.24628567030189613   1.7174912129099491e-15
0.24651263498864165   1.7150246822529076e-15
0.24673980883481125   1.7125676401195743e-15
0.24696719203315645   1.7101199976299324e-15
0.2471947847766056   1.7076816670835235e-15
0.24742258725826508   1.7052525622002985e-15
0.247650599671419   1.7028325978984602e-15
0.2478788222095304   1.7004216903677652e-15
0.24810725506623968   1.6980197569621834e-15
0.24833589843536616   1.6956267162658132e-15
0.24856475251090734   1.693242488081755e-15
0.24879381748704035   1.690866993286569e-15
0.24902309355812052   1.6885001539654993e-15
0.24925258091868246   1.6861418931962057e-15
0.2494822797634399   1.6837921352726168e-15
0.24971219028728667   1.681450805443256e-15
0.2499423126852955   1.6791178300676136e-15
0.25017264715271886   1.676793136408435e-15
0.25040319388499   1.6744766528747284e-15
0.2506339530777214   1.6721683087840853e-15
0.25086492492670615   1.6698680344477455e-15
0.2510961096279174   1.6675757611116475e-15
0.2513275073775098   1.6652914209377543e-15
0.25155911837181794   1.6630149470392132e-15
0.25179094280735753   1.6607462733609406e-15
0.25202298088082525   1.6584853348156074e-15
0.2522552327890998   1.6562320670664635e-15
0.2524876987292404   1.653986406757004e-15
0.25272037889848825   1.6517482912195328e-15
0.2529532734942661   1.6495176587470403e-15
0.2531863827141793   1.6472944483081969e-15
0.2534197067560146   1.645078599764944e-15
0.2536532458177412   1.6428700536724455e-15
0.2538870000975106   1.640668751406759e-15
0.25412096979365756   1.6384746350345252e-15
0.2543551551046989   1.6362876473949214e-15
0.25458955622933466   1.6341077320867322e-15
0.25482417336644775   1.6319348333684611e-15
0.255059006715105   1.629768896200396e-15
0.2552940564745561   1.6276098661767391e-15
0.25552932284423446   1.625457689705139e-15
0.2557648060237572   1.623312313745723e-15
0.2560005062129259   1.6211736859727564e-15
0.25623642361172577   1.6190417545536645e-15
0.2564725584203264   1.6169164685156865e-15
0.2567089108390817   1.6147977773234018e-15
0.2569454810685309   1.6126856311776739e-15
0.2571822693093973   1.6105799807408964e-15
0.25741927576258944   1.6084807774067909e-15
0.25765650062920076   1.6063879730886713e-15
0.25789394411051075   1.6043015202818296e-15
0.25813160640798366   1.6022213720019444e-15
0.2583694877232696   1.6001474818549887e-15
0.25860758825820435   1.5980798039651085e-15
0.25884590821481035   1.5960182929984798e-15
0.25908444779529555   1.5939629041947287e-15
0.25932320720205443   1.5919135932542522e-15
0.2595621866376677   1.5898703164393833e-15
0.2598013863049036   1.587833030449267e-15
0.26004080640671656   1.5858016925508464e-15
0.260280447146248   1.5837762603865266e-15
0.2605203087268266   1.5817566922441603e-15
0.26076039135196893   1.5797429467612337e-15
0.26100069522537855   1.5777349831059085e-15
0.2612412205509469   1.5757327607573906e-15
0.26148196753275305   1.5737362398714716e-15
0.261722936375065   1.5717453808652838e-15
0.2619641272823381   1.5697601447273899e-15
0.26220554045921646   1.5677804927226232e-15
0.2624471761105324   1.5658063867103401e-15
0.26268903444130803   1.5638377888760002e-15
0.26293111565675337   1.5618746618509178e-15
0.2631734199622679   1.559916968578826e-15
0.2634159475634401   1.557964672524599e-15
0.2636586986660488   1.5560177374816046e-15
0.2639016734760615   1.5540761276717996e-15
0.264144872199636   1.552139807635929e-15
0.2643882950431196   1.5502087423546197e-15
0.2646319422130507   1.5482828971637158e-15
0.26487581391615717   1.5463622377669929e-15
0.2651199103593576   1.5444467302209202e-15
0.2653642317497612   1.5425363409393476e-15
0.26560877829466867   1.5406310366768122e-15
0.265853550201571   1.538730784533622e-15
0.26609854767815055   1.5368355519959023e-15
0.266343770932281   1.5349453068397042e-15
0.26658922017202835   1.5330600172050194e-15
0.2668348956056494   1.5311796515214175e-15
0.26708079744159324   1.529304178572289e-15
0.2673269258885009   1.5274335674105144e-15
0.2675732811552062   1.5255677874939028e-15
0.26781986345073483   1.5237068085071467e-15
0.2680666729843051   1.5218506005025901e-15
0.26831370996532883   1.5199991337677482e-15
0.2685609746034101   1.5181523789482027e-15
0.2688084671083464   1.5163103068998622e-15
0.26905618769012823   1.5144728888911466e-15
0.26930413655894053   1.512640096368618e-15
0.269552313925161   1.5108119011347486e-15
0.26980071999936156   1.5089882751720786e-15
0.27004935499230787   1.507169190874293e-15
0.2702982191149607   1.5053546207884066e-15
0.2705473125784744   1.5035445378111705e-15
0.27079663559419814   1.5017389149962896e-15
0.2710461883736756   1.499937725802116e-15
0.27129597112864623   1.4981409438214682e-15
0.27154598407104374   1.4963485429934747e-15
0.2717962274129976   1.4945604974145138e-15
0.27204670136683223   1.4927767815070635e-15
0.27229740614506875   1.4909973698127487e-15
0.2725483419604232   1.4892222373184805e-15
0.27279950902580796   1.487451359113718e-15
0.27305090755433137   1.485684710552477e-15
0.27330253775929897   1.4839222671477427e-15
0.273554399854212   1.4821640047706405e-15
0.2738064940527687   1.4804098993918474e-15
0.2740588205688641   1.4786599273365412e-15
0.27431137961659113   1.4769140650420572e-15
0.27456417141023903   1.4751722892306e-15
0.27481719616429506   1.4734345767570454e-15
0.2750704540934437   1.4717009048038942e-15
0.2753239454125681   1.4699712506693677e-15
0.2755776703367486   1.4682455919103012e-15
0.27583162908126413   1.4665239062264629e-15
0.27608582186159164   1.4648061716133199e-15
0.27634024889340747   1.4630923661909303e-15
0.276594910392586   1.4613824682941554e-15
0.27684980657520064   1.4596764564216531e-15
0.27710493765752386   1.457974309377861e-15
0.27736030385602817   1.456276006074474e-15
0.2776159053873846   1.454581525573029e-15
0.2778717424684644   1.4528908471517501e-15
0.2781278153163382   1.451203950328899e-15
0.27838412414827757   1.4495208147606679e-15
0.27864066918175345   1.4478414202790495e-15
0.2788974506344375   1.4461657469034819e-15
0.27915446872420174   1.4444937747887504e-15
0.27941172366911965   1.4428254843170889e-15
0.27966921568746506   1.441160855991619e-15
0.27992694499771303   1.43949987054651e-15
0.2801849118185397   1.4378405219102888e-15
0.2804431163688238   1.4361839970991505e-15
0.28070155886764464   1.4345292759418317e-15
0.2809602395342838   1.4328776262820455e-15
0.28121915858822466   1.4312282753968123e-15
0.2814783162491538   1.4295822381924162e-15
0.28173771273695936   1.4279386260071732e-15
0.28199734827173223   1.4262984217694539e-15
0.2822572230737661   1.4246606863739017e-15
0.2825173373635584   1.4230263535189955e-15
0.28277769136180886   1.4213946178422151e-15
0.28303828528942093   1.4197662012497455e-15
0.2832991193675014   1.4181405006935165e-15
0.2835601938173616   1.4165180295793156e-15
0.283821508860516   1.4148983541455986e-15
0.28408306471868344   1.4132818260986569e-15
0.2843448616137869   1.4116681673693284e-15
0.2846068997679546   1.4100575771213757e-15
0.2848691794035187   1.4084499155334895e-15
0.2851317007430165   1.4068452458216257e-15
0.2853944640091901   1.405243554559278e-15
0.2856574694249877   1.4036447838782185e-15
0.28592071721356216   1.4020490370998992e-15
0.28618420759827223   1.400456136793711e-15
0.2864479408026822   1.3988662974580691e-15
0.2867119170505633   1.397279233991507e-15
0.28697613656589205   1.3956952659513598e-15
0.2872405995728514   1.3941140068863356e-15
0.28750530629583176   1.392535864738004e-15
0.2877702569594295   1.3909603888301196e-15
0.2880354517884482   1.3893879926234564e-15
0.28830089100789835   1.3878183014915333e-15
0.28856657484299864   1.386251608844555e-15
0.2888325035191745   1.384687665341645e-15
0.2890986772620593   1.3831266412708457e-15
0.2893650962974941   1.3815684049524747e-15
0.289631760851529   1.3800130119463005e-15
0.28989867115042145   1.378460443311143e-15
0.29016582742063785   1.3769106399188018e-15
0.2904332298888528   1.3753636922193068e-15
0.2907008787819508   1.3738194418026996e-15
0.29096877432702456   1.3722780810623375e-15
0.29123691675137636   1.3707393399564012e-15
0.2915053062825176   1.3692035093611548e-15
0.29177394314817023   1.3676702484763482e-15
0.29204282757626526   1.3661398667360235e-15
0.2923119597949439   1.364612093444033e-15
0.29258134003255754   1.3630871219684107e-15
0.29285096851766856   1.3615647929757487e-15
0.2931208454790495   1.36004519002325e-15
0.2933909711456836   1.358528262774349e-15
0.29366134574676506   1.3570139804392926e-15
0.2939319695117002   1.3555024014365583e-15
0.29420284267010577   1.3539934136754372e-15
0.2944739654518105   1.3524871692485034e-15
0.2947453380868545   1.3509834549098317e-15
0.29501696080549084   1.3494824904244296e-15
0.29528883383818394   1.3479839850020364e-15
0.2955609574156108   1.3464881875658236e-15
0.2958333317686608   1.3449949131741048e-15
0.29610595712843685   1.343504271702548e-15
0.2963788337262541   1.342016181755643e-15
0.2966519617936412   1.3405306709272163e-15
0.2969253415623395   1.339047758672966e-15
0.29719897326430533   1.3375672991238955e-15
0.2974728571317075   1.3360894410600933e-15
0.29774699339692917   1.3346140578618876e-15
0.29802138229256747   1.3331413022108578e-15
0.2982960240514346   1.3316709224159138e-15
0.2985709189065566   1.3302031151861538e-15
0.29884606709117445   1.3287377184509896e-15
0.29912146883874363   1.3272748499010164e-15
0.299397124382936   1.3258144711708843e-15
0.29967303395763745   1.3243565311997513e-15
0.2999491977969502   1.322901088851305e-15
0.30022561613519133   1.321448044509239e-15
0.3005022892068953   1.3199975330162178e-15
0.3007792172468115   1.3185492804948124e-15
0.301056400489906   1.317103546174938e-15
0.3013338391713611   1.3156602043437256e-15
0.30161153352657677   1.3142192748205815e-15
0.301889483791169   1.3127806863615766e-15
0.30216769020097123   1.3113444979683707e-15
0.30244615299203387   1.3099107396088235e-15
0.3027248724006258   1.308479290491964e-15
0.30300384866323277   1.3070502801048441e-15
0.30328308201655874   1.3056234794124687e-15
0.30356257269752546   1.304199103406117e-15
0.30384232094327396   1.3027770352592625e-15
0.30412232699116293   1.3013573143121026e-15
0.30440259107877   1.2999399017030347e-15
0.30468311344389154   1.2985247925128732e-15
0.30496389432454396   1.2971120365760196e-15
0.305244933958962   1.2957014555554435e-15
0.30552623258560047   1.2942932273229441e-15
0.30580779044313333   1.292887251479907e-15
0.3060896077704556   1.2914835854982824e-15
0.30637168480668153   1.2900821358183955e-15
0.306654021791146   1.2886829462615688e-15
0.306936618963404   1.287286025493282e-15
0.3072194765632325   1.2858912725941121e-15
0.30750259483062836   1.284498805321363e-15
0.3077859740058095   1.2831085150943684e-15
0.30806961432921626   1.2817204894781172e-15
0.3083535160415097   1.2803346019022126e-15
0.3086376793835727   1.2789509437786613e-15
0.30892210459651026   1.2775695017554021e-15
0.30920679192165   1.2761902068071335e-15
0.30949174160054144   1.2748131378283615e-15
0.3097769538749567   1.2734381520793198e-15
0.31006242898689046   1.2720653890908769e-15
0.3103481671785615   1.2706947594217838e-15
0.3106341686924108   1.269326284960648e-15
0.3109204337711029   1.267959945672128e-15
0.31120696265752595   1.2665956966442041e-15
0.3114937555947927   1.2652336153924226e-15
0.31178081282623893   1.2638735967882774e-15
0.3120681345954252   1.2625157435910657e-15
0.312355721146136   1.261159970380915e-15
0.3126435727223816   1.2598063098945637e-15
0.312931689568396   1.2584547539384635e-15
0.31322007192863877   1.2571052253121086e-15
0.3135087200477943   1.2557578138835608e-15
0.31379763417077355   1.2544124492213708e-15
0.31408681454271214   1.2530691777818022e-15
0.31437626140897196   1.2517279153634266e-15
0.3146659750151406   1.2503887008461322e-15
0.31495595560703304   1.2490515491165239e-15
0.3152462034306899   1.2477164206498653e-15
0.31553671873237854   1.2463833639492845e-15
0.3158275017585933   1.2450522460537197e-15
0.31611855275605644   1.2437231802144675e-15
0.31640987197171677   1.2423961378648375e-15
0.3167014596527508   1.241071074074537e-15
0.31699331604656267   1.2397480401590015e-15
0.3172854414007854   1.238426926828484e-15
0.31757783596327926   1.2371078425017565e-15
0.31787049998213335   1.235790729992033e-15
0.31816343370566486   1.2344756024748078e-15
0.3184566373824211   1.2331624662733754e-15
0.3187501112611771   1.2318512024693045e-15
0.31904385559093773   1.2305419273630282e-15
0.319337870620937   1.229234608703928e-15
0.31963215660063937   1.2279292361377251e-15
0.31992671377973847   1.2266257873977626e-15
0.32022154240815814   1.2253242539136537e-15
0.3205166427360524   1.2240246779588566e-15
0.3208120150138067   1.222726946083303e-15
0.3211076594920361   1.2214311678407964e-15
0.3214035764215873   1.2201373159250024e-15
0.3216997660535375   1.2188453295732287e-15
0.3219962286391964   1.217555255507204e-15
0.32229296443010436   1.2162670240777605e-15
0.32258997367803377   1.2149807056940141e-15
0.3228872566349888   1.2136962504606252e-15
0.3231848135532067   1.2124136607242718e-15
0.3234826446851564   1.2111329578636955e-15
0.3237807502835397   1.2098540714886235e-15
0.3240791306012909   1.2085770659271334e-15
0.32437778589157845   1.207301888087326e-15
0.3246767164078031   1.2060285706980053e-15
0.32497592240359946   1.2047571214996847e-15
0.3252754041328355   1.203487425851868e-15
0.32557516184961427   1.2022195862039415e-15
0.32587519580827184   1.2009535709017933e-15
0.3261755062633791   1.1996893643268162e-15
0.3264760934697411   1.1984269797914605e-15
0.3267769576823988   1.1971663888479479e-15
0.32707809915662717   1.1959076101579145e-15
0.3273795181479367   1.1946505710057745e-15
0.32768121491207314   1.1933953550561447e-15
0.32798318970501883   1.1921419641571018e-15
0.328285442782991   1.1908902647490595e-15
0.32858797440244336   1.1896403637757694e-15
0.3288907848200657   1.188392232286217e-15
0.3291938742927851   1.187145869908565e-15
0.32949724307776485   1.185901292198813e-15
0.32980089143240515   1.1846584084530038e-15
0.33010481961434324   1.1834172984809141e-15
0.33040902788145476   1.1821779343120107e-15
0.3307135164918521   1.180940280563603e-15
0.33101828570388536   1.179704372919193e-15
0.3313233357761438   1.1784701733108448e-15
0.331628666967454   1.1772377155523075e-15
0.3319342795368813   1.1760069823938072e-15
0.3322401737437296   1.1747779234017336e-15
0.33254634984754267   1.17355058644681e-15
0.33285280810810236   1.1723249379164367e-15
0.33315954878543047   1.1711009974098772e-15
0.333466572139788   1.169878762761295e-15
0.3337738784316767   1.1686581977848516e-15
0.3340814679218375   1.1674393364093144e-15
0.33438934087125194   1.1662221462662336e-15
0.3346974975411417   1.1650066052215869e-15
0.33500593819297014   1.1637927393820496e-15
0.3353146630884407   1.1625805478180856e-15
0.3356236724894982   1.1613700175872837e-15
0.3359329666583286   1.1601611212277629e-15
0.3362425458573605   1.1589538919951396e-15
0.33655241034926325   1.1577483271281744e-15
0.3368625603969487   1.156544355082891e-15
0.33717299626357045   1.1553420438174081e-15
0.3374837182125259   1.15414139279663e-15
0.33779472650745396   1.1529423072637229e-15
0.33810602141223695   1.151744870511975e-15
0.33841760319099995   1.1505490716773308e-15
0.3387294721081126   1.1493548752998704e-15
0.33904162842818697   1.1481623022099732e-15
0.3393540724160794   1.1469713126377522e-15
0.33966680433689   1.1457819267566515e-15
0.3399798244559642   1.1445941449561105e-15
0.34029313303889086   1.1434079276503563e-15
0.3406067303515041   1.1422233099404868e-15
0.34092061665988244   1.141040268059397e-15
0.3412347922303508   1.1398588191149398e-15
0.34154925732947855   1.1386789653101996e-15
0.3418640122240809   1.1375006599733258e-15
0.34217905718121866   1.1363239193406905e-15
0.3424943924681999   1.1351487492463157e-15
0.34281001835257774   1.1339751412921358e-15
0.3431259351021525   1.1328030818386498e-15
0.3434421429849707   1.1316325443231916e-15
0.3437586422693271   1.130463561714818e-15
0.34407543322376255   1.129296144475435e-15
0.3443925161170658   1.1281302755354583e-15
0.3447098912182729   1.12696592944292e-15
0.34502755879666885   1.1258031196764606e-15
0.34534551912178585   1.1246418056993474e-15
0.3456637724634048   1.123482032113924e-15
0.3459823190915548   1.1223237957979921e-15
0.34630115927651495   1.1211670400547077e-15
0.34662029328881233   1.1200117992734403e-15
0.3469397213992237   1.1188580551237113e-15
0.34725944387877494   1.1177058197113427e-15
0.34757946099874276   1.11655510281451e-15
0.3478997730306529   1.1154058884399057e-15
0.34822038024628155   1.1142581493490805e-15
0.3485412829176551   1.1131118999952673e-15
0.34886248131705166   1.1119671044557975e-15
0.3491839757169992   1.1108238021612981e-15
0.34950576639027714   1.1096819938850673e-15
0.349827853609916   1.108541655843592e-15
0.3501502376491989   1.1074027339799846e-15
0.3504729187816598   1.1062652118364548e-15
0.3507958972810851   1.105129150214048e-15
0.3511191734215131   1.1039947137588644e-15
0.35144274747723575   1.1028619991618566e-15
0.35176661972279666   1.101730461762488e-15
0.3520907904329928   1.1006002341742921e-15
0.35241525988287414   1.099471214970638e-15
0.35274002834774504   1.098343942456794e-15
0.3530650961031626   1.0972182350675873e-15
0.35339046342493813   1.0960939921175789e-15
0.35371613058913687   1.0949709635852172e-15
0.3540420978720794   1.0938492674448787e-15
0.35436836555034   1.0927290244185692e-15
0.35469493390074774   1.0916104529325247e-15
0.35502180320038795   1.0904934522502646e-15
0.3553489737266001   1.0893775471515022e-15
0.3556764457569799   1.0882628813335703e-15
0.35600421956937806   1.0871494849966296e-15
0.3563322954419028   1.086037886536001e-15
0.3566606736529174   1.0849277160173786e-15
0.35698935448104213   1.083818969849233e-15
0.35731833820515346   1.082711286066355e-15
0.35764762510438614   1.0816051741191075e-15
0.357977215458131   1.0805006804779536e-15
0.3583071095460367   1.0793972524343008e-15
0.35863730764800916   1.0782952059919674e-15
0.3589678100442135   1.0771945632187933e-15
0.35929861701507193   1.0760953208435468e-15
0.3596297288412653   1.0749974752865927e-15
0.35996114580373284   1.073901023043432e-15
0.3602928681836738   1.0728056346267968e-15
0.36062489626254535   1.0717117289239952e-15
0.36095723032206467   1.0706194370872845e-15
0.36128987064420787   1.0695282030571527e-15
0.3616228175112122   1.0684384347408515e-15
0.36195607120557394   1.0673502729982406e-15
0.3622896320100499   1.0662631603969198e-15
0.3626235002076572   1.0651773662064097e-15
0.362957676081675   1.0640929358475279e-15
0.3632921599156422   1.0630098657562042e-15
0.36362695199335937   1.0619281527962857e-15
0.3639620525988884   1.0608477936864832e-15
0.3642974620165541   1.0597684584246193e-15
0.36463318053094196   1.0586905756019687e-15
0.3649692084269002   1.0576142596321558e-15
0.3653055459895393   1.0565389498482985e-15
0.36564219350423344   1.055465100417636e-15
0.3659791512566187   1.054392798935655e-15
0.3663164195325948   1.05332148341062e-15
0.36665399861832454   1.052251474201971e-15
0.3669918888002356   1.0511827910096423e-15
0.3673300903650184   1.0501154300903404e-15
0.367668603599628   1.0490493889932173e-15
0.3680074287912835   1.0479846565992166e-15
0.3683465662274699   1.0469208781453932e-15
0.3686860161959359   1.0458586120230577e-15
0.3690257789846957   1.0447977918001624e-15
0.3693658548820287   1.0437379368061328e-15
0.36970624417648107   1.0426796062406698e-15
0.3700469471568636   1.0416226684453035e-15
0.3703879641122538   1.0405667095886708e-15
0.37072929533199506   1.0395120437069343e-15
0.3710709411056987   1.0384586678995775e-15
0.3714129017232416   1.0374065791496242e-15
0.3717551774747684   1.0363557748000333e-15
0.37209776865069044   1.0353061470878087e-15
0.37244067554168814   1.034257535588072e-15
0.3727838984387084   1.0332105035446337e-15
0.37312743763296685   1.0321646715712188e-15
0.37347129341594687   1.0311198788125976e-15
0.3738154660794018   1.0300763536832869e-15
0.3741599559153526   1.0290342634664263e-15
0.3745047632160897   1.027993626164529e-15
0.3748498882741727   1.026953886077617e-15
0.37519533138243166   1.025915194954015e-15
0.3755410928339656   1.0248776417978426e-15
0.37588717292214385   1.0238416621334165e-15
0.37623357194060586   1.0228069307729558e-15
0.37658029018326267   1.0217733598960136e-15
0.37692732794429523   1.0207407498553201e-15
0.37727468551815585   1.0197096696761377e-15
0.3776223631995677   1.0186797744129383e-15
0.377970361283527   1.0176508764148182e-15
0.3783186800653004   1.0166232103805985e-15
0.3786673198404271   1.015596773910321e-15
0.3790162809047184   1.0145715643546551e-15
0.3793655635542592   1.0135475787646924e-15
0.37971516808540623   1.0125245895734462e-15
0.3800650947947892   1.0115027469218997e-15
0.3804153439793124   1.010482418298367e-15
0.38076591593615267   1.0094630260157754e-15
0.3811168109627609   1.0084447569712516e-15
0.38146802935686186   1.0074276970062302e-15
0.3818195714164558   1.0064121752885434e-15
0.3821714374398164   1.0053977121857174e-15
0.38252362772549275   1.004384238346197e-15
0.3828761425723084   1.0033716228192184e-15
0.38322898227936375   1.0023604405312338e-15
0.38358214714603345   1.0013505800878324e-15
0.38393563747196857   1.0003419109447927e-15
0.3842894535570958   9.993341318867889e-16
0.3846435957016196   9.983274729793084e-16
0.3849980642060197   9.973219981786212e-16
0.3853528593710531   9.963177052133186e-16
0.3857079814977539   9.953145912426324e-16
0.38606343088743444   9.943126539333343e-16
0.38641920784168377   9.93311891121642e-16
0.38677531266236914   9.923123001281983e-16
0.38713174565163566   9.913137439384467e-16
0.38748850711190796   9.903161253495798e-16
0.3878455973458884   9.893196717584352e-16
0.38820301665655854   9.883243810853873e-16
0.3885607653471787   9.873302508528493e-16
0.38891884372129   9.863372782613122e-16
0.389277252082712   9.85345461498063e-16
0.3896359907355447   9.843547980913294e-16
0.38999505998416795   9.833652856240966e-16
0.39035446013324315   9.823765628964332e-16
0.3907141914877115   9.813891984667326e-16
0.3910742543527955   9.804030503355096e-16
0.3914346490339985   9.794177553343331e-16
0.39179537583710655   9.784336003857892e-16
0.3921564350681865   9.774505829241441e-16
0.3925178270335874   9.76468682664126e-16
0.39287955203994035   9.754875702596982e-16
0.3932416103941603   9.74507831486682e-16
0.3936040024034437   9.735292379898144e-16
0.39396672837527047   9.725515119638755e-16
0.39432978861740364   9.71574910365896e-16
0.394693183437891   9.70599431069863e-16
0.39505691314506297   9.69625071864826e-16
0.39542097804753457   9.686518304777601e-16
0.3957853784542048   9.676794205802388e-16
0.3961501146742585   9.667081953230455e-16
0.3965151870171643   9.657382801914363e-16
0.39688059579267637   9.64769126254446e-16
0.3972463413108339   9.638010799863896e-16
0.39761242388196316   9.628341390360015e-16
0.39797884381667503   9.618683010094567e-16
0.39834560142586706   9.609035642254418e-16
0.39871269702072304   9.599397164167603e-16
0.3990801309127145   9.589768132807526e-16
0.39944790341359904   9.580150052332284e-16
0.39981601483542184   9.570542898682043e-16
0.4001844654905153   9.560946655604213e-16
0.4005532556915007   9.5513613026995e-16
0.40092238575128647   9.5417868168801e-16
0.40129185598306955   9.532220318574639e-16
0.40166166670033526   9.522663890099954e-16
0.402031818216859   9.513118272069618e-16
0.40240231084670414   9.503583443162953e-16
0.4027731449042237   9.494059383580485e-16
0.40314432070406025   9.484546073296863e-16
0.40351583856114737   9.475043337932104e-16
0.4038876987907077   9.465547849529134e-16
0.4042599017082547   9.456063054343214e-16
0.40463244762959233   9.446588931352348e-16
0.40500533687081675   9.43712545973668e-16
0.4053785697483141   9.427672623842797e-16
0.4057521465787626   9.418227963529368e-16
0.4061260676791318   9.408793944058587e-16
0.40650033336668473   9.399372892489375e-16
0.40687494395897544   9.389958787353925e-16
0.4072498997738507   9.380555222135523e-16
0.4076252011294513   9.37116097222336e-16
0.4080008483442101   9.361774817879067e-16
0.4083768417368538   9.35239915209308e-16
0.4087531816264024   9.343033951293343e-16
0.40912986833217113   9.333679198597427e-16
0.40950690217376823   9.32433487695334e-16
0.40988428347109684   9.315000961118407e-16
0.4102620125443547   9.305674937683015e-16
0.4106400897140356   9.296358185050459e-16
0.4110185153009276   9.287051788290998e-16
0.41139728962611477   9.27775572984992e-16
0.41177641301097667   9.268469991802446e-16
0.41215588577719026   9.259193075846026e-16
0.4125357082467276   9.249924322932524e-16
0.4129158807418581   9.240665838779192e-16
0.41329640358514746   9.231417605417478e-16
0.41367727709946017   9.222177927636582e-16
0.4140585016079568   9.212947093448837e-16
0.4144400774340963   9.20372950832393e-16
0.4148220049016351   9.194519064337202e-16
0.41520428433462947   9.185316296648815e-16
0.4155869160574328   9.176122820167055e-16
0.41596990039469806   9.166942255272734e-16
0.41635323767137683   9.15776848672195e-16
0.41673692821272146   9.14860453099023e-16
0.41712097234428275   9.139449522385752e-16
0.41750537039191193   9.130302167464007e-16
0.4178901226817602   9.121168400874033e-16
0.41827522954028035   9.112042093094342e-16
0.418660691294225   9.102923275132503e-16
0.41904650827064827   9.093812793827128e-16
0.4194326807969051   9.08471545348753e-16
0.41981920920065346   9.075625106274062e-16
0.4202060938098521   9.066544073939858e-16
0.42059333495276224   9.057472100483872e-16
0.42098093295794736   9.048407314829376e-16
0.42136888815427487   9.03935242583766e-16
0.42175720087091406   9.03030741623348e-16
0.42214587143733795   9.021272270078485e-16
0.42253490018332274   9.012246649746245e-16
0.4229242874389499   9.003227594333079e-16
0.4233140335346037   8.994218356533285e-16
0.42370413880097335   8.98521704252218e-16
0.42409460356905243   8.976223805356892e-16
0.42448542817014073   8.967240340551704e-16
0.42487661293584217   8.95826662978026e-16
0.42526815819806657   8.949302658533245e-16
0.4256600642890293   8.940346945893009e-16
0.4260523315412531   8.931398820886244e-16
0.42644496028756596   8.92246038931912e-16
0.4268379508611029   8.91352855306461e-16
0.4272313035953055   8.904605882741541e-16
0.427625018823924   8.895692861978116e-16
0.4280190968810149   8.88678929765646e-16
0.428413538100943   8.877891947807401e-16
0.42880834281838076   8.869004201380906e-16
0.4292035113683103   8.860126044621769e-16
0.4295990440860213   8.851256565881007e-16
0.42999494130711263   8.842393963700542e-16
0.43039120336749226   8.833540906373276e-16
0.4307878306033789   8.82469738031325e-16
0.4311848233512997   8.815861704239355e-16
0.4315821819480925   8.807033617744666e-16
0.43197990673090514   8.798215016870062e-16
0.4323779980371973   8.789402497949096e-16
0.43277645620473854   8.780599258334139e-16
0.43317528157161   8.771803893121236e-16
0.43357447447620395   8.763016623733844e-16
0.4339740352572259   8.75424167700318e-16
0.434373964253692   8.74546945288234e-16
0.43477426180493156   8.736708601625019e-16
0.4351749282505859   8.727955131000898e-16
0.4355759639306107   8.719207676748101e-16
0.4359773691852737   8.710472465242491e-16
0.43637914435515657   8.70174321910268e-16
0.43678128978115444   8.693023091828899e-16
0.4371838058044779   8.684310641204463e-16
0.4375866927666507   8.675605546852635e-16
0.4379899510095112   8.666909736685801e-16
0.4383935808752143   8.658219709786523e-16
0.4387975827062287   8.649538850389806e-16
0.4392019568453393   8.640865451977143e-16
0.4396067036356463   8.632199498208433e-16
0.4400118234205675   8.623542760898039e-16
0.4404173165438359   8.614895220247772e-16
0.4408231833495016   8.606254031909392e-16
0.44122942418193134   8.597619282666513e-16
0.4416360393858106   8.588992147049008e-16
0.44204302930614114   8.580374161896196e-16
0.4424503942882431   8.571765313864624e-16
0.44285813467775437   8.563162461109107e-16
0.44326625082063276   8.5545659684708825e-16
0.4436747430631536   8.545978860610882e-16
0.4440836117519115   8.537401417778575e-16
0.4444928572338205   8.528827394365844e-16
0.44490247985611525   8.520262428189802e-16
0.44531247996634926   8.511706513617301e-16
0.4457228579123968   8.503157705369901e-16
0.44613361404245205   8.494616297122447e-16
0.44654474870503175   8.486083513800754e-16
0.4469562622489722   8.477556565085128e-16
0.44736815502343175   8.469035428725698e-16
0.44778042737789   8.46052289349387e-16
0.44819307966215   8.452019324412887e-16
0.44860611222633584   8.443523795124384e-16
0.4490195254208947   8.435034397176016e-16
0.4494333195965961   8.426550547624634e-16
0.4498474951045345   8.418075615746004e-16
0.45026205229612626   8.409607348558387e-16
0.45067699152311214   8.401146670745157e-16
0.45109231313755666   8.392694085953245e-16
0.45150801749185004   8.38424761582181e-16
0.451924104938706   8.375809999416534e-16
0.4523405758311636   8.367378332977862e-16
0.45275743052258693   8.358952669657893e-16
0.453174669366667   8.350534479293045e-16
0.4535922927174195   8.342124321955077e-16
0.4540103009291867   8.333720205708711e-16
0.454428694356637   8.32532487938159e-16
0.45484747335476705   8.316935397084629e-16
0.4552666382788993   8.308551831014539e-16
0.4556861894846839   8.300175735857273e-16
0.4561061273280987   8.29180749405103e-16
0.45652645216545046   8.283445347847596e-16
0.45694716435337335   8.275091923260625e-16
0.4573682642488304   8.266744121402247e-16
0.45778975220911333   8.258402150761689e-16
0.45821162859184433   8.250067770571684e-16
0.4586338937549738   8.241740952426521e-16
0.45905654805678264   8.23342039189114e-16
0.4594795918558812   8.225108495652437e-16
0.459903025511212   8.216801881539057e-16
0.46032684938204665   8.208501016795902e-16
0.4607510638279885   8.200207975073201e-16
0.4611756692089718   8.191920632508017e-16
0.46160066588526383   8.183638599539548e-16
0.4620260542174625   8.175367427891092e-16
0.4624518345664986   8.167098216595257e-16
0.4628780072936349   8.158837587503461e-16
0.4633045727604686   8.150585528996638e-16
0.4637315313289287   8.142338203531377e-16
0.4641588833612782   8.134096199466171e-16
0.4645866292201135   8.125862735665951e-16
0.46501476926836655   8.117637558368073e-16
0.4654433038693023   8.109414090966698e-16
0.46587223338652106   8.101199136811952e-16
0.4663015581839576   8.092990209897962e-16
0.46673127862588354   8.084788725347291e-16
0.46716139507690485   8.076593078027335e-16
0.4675919079019638   8.068401503951111e-16
0.4680228174663388   8.060218394789039e-16
0.4684541241356459   8.05204373591856e-16
0.4688858282758371   8.043871228647282e-16
0.46931793025320123   8.035706409786456e-16
0.4697504304343665   8.027547978947428e-16
0.4701833291862971   8.01939648437625e-16
0.47061662687629635   8.011252449731539e-16
0.47105032387200524   8.003113830643977e-16
0.47148442054140516   7.994980493238601e-16
0.47191891725281504   7.986852140937814e-16
0.47235381437489393   7.97872917814865e-16
0.4727891122766399   7.970613922433174e-16
0.4732248113273927   7.962505204445857e-16
0.47366091189683085   7.95440183406595e-16
0.47409741435497416   7.946303801544936e-16
0.47453431907218285   7.938211367500075e-16
0.47497162641916   7.930127251563536e-16
0.47540933676694874   7.922048160601252e-16
0.47584745048693466   7.913974358339841e-16
0.4762859679508452   7.90590583340062e-16
0.4767248895307517   7.897842574657107e-16
0.47716421559906697   7.889785881492221e-16
0.4776039465285476   7.881736626407352e-16
0.478044082692293   7.873692601882229e-16
0.47848462446374807   7.865653668875504e-16
0.47892557221670023   7.857619596336424e-16
0.4793669263252821   7.849590723996877e-16
0.4798086871639703   7.841569483365814e-16
0.48025085510758814   7.83355248631303e-16
0.480693430531303   7.825540671768868e-16
0.4811364138106282   7.817535980406964e-16
0.48157980532142297   7.809536427102755e-16
0.4820236054398942   7.801542007317402e-16
0.48246781454259385   7.793552447077379e-16
0.4829124330064217   7.785571057432285e-16
0.4833574612086242   7.777592210007979e-16
0.48380289952679695   7.76962014152617e-16
0.48424874833888193   7.761652320717295e-16
0.4846950080231701   7.75368954886829e-16
0.4851416789583005   7.745733798943042e-16
0.4855887615232625   7.73778309492062e-16
0.4860362560973933   7.729837421188847e-16
0.4864841630603801   7.72189665349168e-16
0.4869324827922597   7.713960613311996e-16
0.48738121567342035   7.706029581607844e-16
0.4878303620845995   7.698106112169798e-16
0.48827992240688606   7.690186377870483e-16
0.48872989702171943   7.682272083123409e-16
0.4891802863108921   7.674363060119205e-16
0.489631090656547   7.666457914760857e-16
0.4900823104411796   7.658559551292477e-16
0.49053394604763745   7.65066352927078e-16
0.4909859978591223   7.642775549318369e-16
0.49143846625918763   7.634888847259914e-16
0.4918913516317409   7.627009952285886e-16
0.4923446543610428   7.619133781024203e-16
0.49279837483170963   7.611263955779955e-16
0.4932525134287107   7.603400198377601e-16
0.4937070705373705   7.595539721186562e-16
0.4941620465433682   7.587683449253663e-16
0.49461744183273987   7.579833370902025e-16
0.4950732567918758   7.5719861080692e-16
0.4955294918075229   7.564146592182891e-16
0.49598614726678397   7.556311789414643e-16
0.49644322355711995   7.548478205736647e-16
0.4969007210663476   7.540649323930702e-16
0.4973586401826412   7.532827961926675e-16
0.49781698129453267   7.525009735569031e-16
0.4982757447909131   7.517195216375739e-16
0.49873493106103073   7.509385468145717e-16
0.4991945404944929   7.501580480609539e-16
0.49965457348126546   7.493780244384505e-16
0.5001150304116753   7.48598475240924e-16
0.5005759116764072   7.478193994834068e-16
0.5010372176665069   7.470407679360473e-16
0.5014989487733796   7.462622892002759e-16
0.501961105388793   7.454845986582791e-16
0.5024236879048742   7.447070621741238e-16
0.5028866967141117   7.439299663518258e-16
0.503350132209357   7.431536007225444e-16
0.5038139947838225   7.423775528762991e-16
0.5042782848310833   7.41601652871639e-16
0.5047430027450764   7.408262616728481e-16
0.505208148920104   7.400513461983534e-16
0.5056737237508295   7.392767043639666e-16
0.5061397276322809   7.385025265125618e-16
0.5066061609598494   7.377288116915197e-16
0.5070730241292927   7.369555592460326e-16
0.507540317536731   7.361827383471742e-16
0.5080080415786504   7.354100628135188e-16
0.5084761966519018   7.346378296764732e-16
0.5089447831537035   7.338660508668901e-16
0.5094138014816381   7.330947288461965e-16
0.509883252033655   7.323235841369516e-16
0.5103531352080705   7.315528350400879e-16
0.5108234514035686   7.307825418181266e-16
0.5112942010191996   7.300124895963998e-16
0.5117653844543822   7.292429572572003e-16
0.5122370021089026   7.28473856718473e-16
0.5127090543829167   7.277048874513266e-16
0.5131815416769478   7.269363122340433e-16
0.513654464391889   7.261682876966223e-16
0.514127822929002   7.254003895818466e-16
0.5146016176899201   7.246327668324895e-16
0.5150758490766449   7.238657560626306e-16
0.5155505174915492   7.230986528638209e-16
0.5160256233373761   7.223322895028982e-16
0.5165011670172412   7.21566047879183e-16
0.5169771489346303   7.208002362475398e-16
0.5174535694934014   7.200348760953743e-16
0.517930429097784   7.192696518154623e-16
0.518407728152382   7.185045463770191e-16
0.5188854670621705   7.177398383911305e-16
0.5193636462324982   7.169755750453333e-16
0.5198422660690869   7.162115102057281e-16
0.5203213269780338   7.154477951585326e-16
0.520800829365809   7.146845224794286e-16
0.5212807736392574   7.139212933281263e-16
0.5217611602055986   7.131584086509692e-16
0.5222419894724287   7.123959489343871e-16
0.5227232618477182   7.116336037275102e-16
0.5232049777398139   7.108715168954883e-16
0.5236871375574382   7.101098709031222e-16
0.5241697417096923   7.0934842513267375e-16
0.5246527906060523   7.08587082826066e-16
0.5251362846563723   7.078262204966612e-16
0.5256202242708838   7.070653080284814e-16
0.5261046098601977   7.063048348960738e-16
0.5265894418353017   7.055447344153787e-16
0.5270747206075629   7.047847435213807e-16
0.5275604465887269   7.040248979790495e-16
0.5280466201909204   7.032654582849444e-16
0.5285332418266484   7.025061250071114e-16
0.5290203119087962   7.017469092263597e-16
0.5295078308506292   7.00988122711492e-16
0.5299957990657957   7.002294347665439e-16
0.5304842169683232   6.994711758318379e-16
0.530973084972621   6.987130208270567e-16
0.5314624034934803   6.979549722922902e-16
0.5319521729460759   6.971970213523757e-16
0.5324423937459637   6.964394768982336e-16
0.532933066309083   6.956817726231869e-16
0.5334241910517558   6.949247105187825e-16
0.5339157683906895   6.941675533868583e-16
0.5344077987429741   6.934107264274234e-16
0.534900282526084   6.926537770474143e-16
0.5353932201578783   6.91897134250056e-16
0.5358866120566025   6.911409235078227e-16
0.5363804586408858   6.903846233364082e-16
0.5368747603297441   6.896283422080526e-16
0.5373695175425788   6.888724103372843e-16
0.5378647306991791   6.881166574597666e-16
0.5383604002197198   6.873607570445775e-16
0.5388565265247628   6.866053456625244e-16
0.5393531100352591   6.858497391674031e-16
0.5398501511725462   6.850945052262899e-16
0.5403476503583502   6.843393292865259e-16
0.5408456080147854   6.835841485325435e-16
0.5413440245643568   6.828290606030927e-16
0.5418429004299571   6.820742977955714e-16
0.5423422360348691   6.813195003166712e-16
0.5428420318027652   6.805646890267233e-16
0.5433422881577102   6.798099732185439e-16
0.5438430055241577   6.790553495580284e-16
0.5443441843269529   6.783008160039865e-16
0.5448458249913322   6.775463745348462e-16
0.5453479279429256   6.767922573910398e-16
0.5458504936077536   6.760378674658676e-16
0.5463535224122297   6.75283602150718e-16
0.54685701478316   6.745295266391864e-16
0.5473609711477454   6.737752996662421e-16
0.5478653919335791   6.730210693338825e-16
0.5483702775686486   6.722669298020976e-16
0.5488756284813356   6.715128824306685e-16
0.5493814451004178   6.707589256981998e-16
0.5498877278550668   6.700048016495545e-16
0.5503944771748499   6.692506892477156e-16
0.55090169348973   6.684966672002273e-16
0.5514093772300678   6.677424675128417e-16
0.5519175288266188   6.669885672527847e-16
0.5524261487105362   6.662345359083899e-16
0.55293523731337   6.654802547505682e-16
0.5534447950670693   6.647260191104015e-16
0.55395482240398   6.63971872726538e-16
0.5544653197568465   6.632175099734048e-16
0.5549762875588118   6.624632095495621e-16
0.5554877262434197   6.61709004280276e-16
0.5559996362446116   6.609545625026003e-16
0.5565120179967298   6.601998530152866e-16
0.5570248719345158   6.594452357656556e-16
0.5575381984931137   6.586906840222141e-16
0.558051998108067   6.579358829068762e-16
0.5585662712153211   6.571808731797481e-16
0.5590810182512223   6.564259031135605e-16
0.559596239652521   6.556706846169812e-16
0.5601119358563684   6.549152873863376e-16
0.5606281073003189   6.541598999570158e-16
0.5611447544223298   6.534043588710096e-16
0.5616618776607636   6.526487004589719e-16
0.5621794774543849   6.518926823398109e-16
0.5626975542423636   6.511366321698953e-16
0.5632161084642734   6.503804721836946e-16
0.563735140560095   6.49624108703422e-16
0.5642546509702127   6.488674783266191e-16
0.5647746401354172   6.481107681118707e-16
0.5652951084969052   6.473538098680011e-16
0.5658160564962813   6.465966089883986e-16
0.5663374845755553   6.458391617578164e-16
0.5668593931771454   6.450814695583405e-16
0.5673817827438763   6.443235331262781e-16
0.567904653718983   6.435653500566973e-16
0.5684280065461071   6.428069276830624e-16
0.5689518416692995   6.420482611789535e-16
0.5694761595330197   6.412893524837164e-16
0.5700009605821388   6.405298840638684e-16
0.570526245261936   6.397704298523458e-16
0.5710520140181012   6.390104200396262e-16
0.5715782672967349   6.382501714763036e-16
0.5721050055443501   6.374896836099135e-16
0.5726322292078695   6.367287127835763e-16
0.5731599387346284   6.359672610268876e-16
0.573688134572374   6.352058983033283e-16
0.5742168171692673   6.344432248978659e-16
0.5747459869738811   6.3368135841080305e-16
0.5752756444352017   6.329185896116255e-16
0.575805790002629   6.321550542471527e-16
0.5763364241259785   6.313923269165542e-16
0.5768675472554786   6.306281425675795e-16
0.5773991598417726   6.298637606016593e-16
0.5779312623359207   6.291001913506064e-16
0.5784638551893975   6.283345885396581e-16
0.5789969388540935   6.275693763985348e-16
0.5795305137823157   6.268019216015552e-16
0.5800645804267892   6.260375546652477e-16
0.580599139240655   6.252688751388411e-16
0.581134190677472   6.245028560472325e-16
0.5816697351912165   6.237341830761034e-16
0.582205773236285   6.229641125986924e-16
0.5827423052674909   6.22194870521859e-16
0.5832793317400674   6.214264562382562e-16
0.5838168531096668   6.20656954497486e-16
0.5843548698323626   6.198848092695201e-16
0.5848933823646473   6.191147646884613e-16
0.5854323911634345   6.183412224086551e-16
0.585971896686058   6.175700718509986e-16
0.5865118993902754   6.167970222981071e-16
0.5870523997342639   6.160214776736745e-16
0.5875933981766238   6.152467804273966e-16
0.5881348951763772   6.14472121497524e-16
0.5886768911929712   6.136958828716644e-16
0.5892193866862743   6.129204964002424e-16
0.5897623821165797   6.121443960298985e-16
0.5903058779446039   6.113656689864083e-16
0.5908498746314899   6.105863915469671e-16
0.5913943726388038   6.098079727600945e-16
0.5919393724285377   6.090278220012779e-16
0.5924848744631089   6.082479084543873e-16
0.5930308792053626   6.074657337679178e-16
0.5935773871185687   6.066838812543605e-16
0.5941243986664246   6.05900146447038e-16
0.5946719143130546   6.051162790383887e-16
0.5952199345230123   6.043310884379906e-16
0.5957684597612776   6.03545210582238e-16
0.5963174904932597   6.027585834805019e-16
0.596867027184796   6.019707058542451e-16
0.5974170703021551   6.01182652385098e-16
0.5979676203120332   6.00395485429841e-16
0.5985186776815574   5.996033162566012e-16
0.5990702428782846   5.988139348528619e-16
0.5996223163702046   5.980205992539134e-16
0.6001748986257364   5.972286271706395e-16
0.6007279901137312   5.964345267696082e-16
0.6012815913034721   5.956399685215449e-16
0.6018357026646762   5.948432041749376e-16
0.6023903246674914   5.940473549813217e-16
0.6029454577825001   5.932498757919664e-16
0.6035011024807171   5.924498395488999e-16
0.6040572592335935   5.916500922166572e-16
0.604613928513013   5.908484369773767e-16
0.6051711107912946   5.9004674520025e-16
0.6057288065411921   5.892425084833821e-16
0.6062870162358966   5.884373547897365e-16
0.6068457403490339   5.87631196596552e-16
0.6074049793546664   5.868247873543498e-16
0.6079647337272929   5.860167191964135e-16
0.6085250039418514   5.852087920735866e-16
0.6090857904737157   5.84396302274556e-16
0.6096470937986982   5.835857922843772e-16
0.6102089143930493   5.827716283173366e-16
0.61077125273346   5.819569288312191e-16
0.611334109297059   5.811415884875243e-16
0.6118974845614151   5.803250268214355e-16
0.6124613790045366   5.795059814589034e-16
0.6130257931048742   5.786872141117137e-16
0.6135907273413176   5.778659632917608e-16
0.6141561821931986   5.770431069551514e-16
0.6147221581402899   5.762188170643318e-16
0.6152886556628083   5.753933482925604e-16
0.6158556752414115   5.745665266715892e-16
0.6164232173572003   5.737384210031986e-16
0.6169912824917185   5.729086561136567e-16
0.6175598711269558   5.720764568513023e-16
0.6181289837453436   5.712438601616071e-16
0.618698620829759   5.704075240532035e-16
0.6192687828635234   5.695722431682522e-16
0.6198394703304052   5.68734354546593e-16
0.620410683714617   5.67895047840267e-16
0.6209824235008177   5.670541928721885e-16
0.6215546901741145   5.662109556150172e-16
0.6221274842200597   5.653673604334207e-16
0.6227008061246541   5.645200749684059e-16
0.6232746563743452   5.636724122656236e-16
0.6238490354560311   5.628224113650635e-16
0.6244239438570566   5.619700724235704e-16
0.6249993820652162   5.611180476329142e-16
0.6255753505687532   5.60263279772156e-16
0.6261518498563631   5.594043659084987e-16
0.6267288804171892   5.585453907807316e-16
0.627306442740827   5.576857243680156e-16
0.627884537317322   5.568231743149793e-16
0.6284631646371732   5.5595732382336895e-16
0.6290423251913302   5.550916012428065e-16
0.6296220194711951   5.542214510327182e-16
0.6302022479686226   5.533514378827437e-16
0.6307830111759224   5.524777083709563e-16
0.631364309585856   5.516021071350323e-16
0.6319461436916396   5.507254067326027e-16
0.6325285139869435   5.498463485742932e-16
0.6331114209658947   5.48964811096331e-16
0.6336948651230736   5.480810923068001e-16
0.634278846953517   5.471952042696747e-16
0.6348633669527174   5.463071478584532e-16
0.6354484256166258   5.454169396012197e-16
0.6360340234416483   5.445244285274413e-16
0.6366201609246491   5.436295268801826e-16
0.6372068385629496   5.427314636546237e-16
0.6377940568543315   5.418308721106609e-16
0.6383818162970333   5.409296762484909e-16
0.6389701173897533   5.400240509591725e-16
0.6395589606316486   5.391179595716997e-16
0.6401483465223385   5.382071725309453e-16
0.6407382755619005   5.37294361675258e-16
0.6413287482508738   5.363795346255594e-16
0.6419197650902582   5.354627160240087e-16
0.642511326581517   5.345437762294192e-16
0.6431034332265737   5.3362010033978e-16
0.6436960855278152   5.326959145159787e-16
0.6442892839880905   5.317678361257843e-16
0.6448830291107142   5.308359633407766e-16
0.6454773213994623   5.299034757854595e-16
0.6460721613585764   5.289665267831051e-16
0.6466675494927615   5.280274681237426e-16
0.64726348630719   5.27085268944056e-16
0.6478599723074978   5.261413545890772e-16
0.6484570079997874   5.251923768068229e-16
0.6490545938906273   5.242423592030592e-16
0.6496527304870542   5.232879339944939e-16
0.6502514182965707   5.223317315030475e-16
0.6508506578271475   5.213721194355445e-16
0.6514504495872228   5.204095697471288e-16
0.652050794085705   5.19444837793683e-16
0.6526516918319702   5.184755355112178e-16
0.6532531433358639   5.1750337517713715e-16
0.6538551491077013   5.165279266562879e-16
0.6544577096582694   5.155508353025717e-16
0.6550608254988244   5.145689113778627e-16
0.6556644971410939   5.135824735960932e-16
0.6562687250972766   5.125944650413377e-16
0.6568735098800453   5.11603171588754e-16
0.6574788520025431   5.106092857385775e-16
0.6580847519783867   5.096107659965049e-16
0.6586912103216654   5.086105777807078e-16
0.6592982275469447   5.076061775883247e-16
0.6599058041692614   5.065975248948374e-16
0.6605139407041285   5.055873239844787e-16
0.6611226376675329   5.045720092539513e-16
0.6617318955759391   5.035531195769454e-16
0.6623417149462858   5.025313508977097e-16
0.6629520962959883   5.015070700305035e-16
0.6635630401429383   5.004783582114337e-16
0.664174547005507   4.994454739890437e-16
0.6647866174025409   4.984100803606101e-16
0.6653992518533648   4.973702494860962e-16
0.6660124508777842   4.96328174389355e-16
0.6666262149960813   4.952812159897559e-16
0.667240544729019   4.942309623411012e-16
0.6678554405978387   4.931780461794536e-16
0.6684709031242648   4.921208485499075e-16
0.6690869328305004   4.910586167825828e-16
0.6697035302392299   4.899927771507163e-16
0.6703206958736195   4.889245672836312e-16
0.670938430257319   4.878521934552227e-16
0.6715567339144591   4.867773256311301e-16
0.6721756073696541   4.85696452782246e-16
0.6727950511480008   4.8461342823061e-16
0.6734150657750821   4.8352639032908935e-16
0.6740356517769636   4.824350609989358e-16
0.6746568096801957   4.813396909478424e-16
0.675278540011814   4.802412034879131e-16
0.6759008432993413   4.791390804812372e-16
0.6765237200707848   4.780317690819288e-16
0.6771471708546389   4.76921865123505e-16
0.6777711961798845   4.758082122073723e-16
0.6783957965759917   4.746908200219317e-16
0.6790209725729166   4.735695772724041e-16
0.6796467247011048   4.724437550385865e-16
0.6802730534914891   4.713143264937356e-16
0.6808999594754949   4.701813435854625e-16
0.681527443185034   4.690445781796116e-16
0.68215550515251   4.679028150939905e-16
0.6827841459108159   4.667568370216866e-16
0.6834133659933384   4.65608846859612e-16
0.684043165933953   4.644570782659715e-16
0.6846735462670284   4.633012052843392e-16
0.6853045075274247   4.621420277930953e-16
0.6859360502504974   4.609778757269935e-16
0.6865681749720929   4.59811369540689e-16
0.6872008822285522   4.586405667040085e-16
0.6878341725567101   4.574662314533059e-16
0.6884680464938978   4.562881245697169e-16
0.68910250457794   4.551054069974703e-16
0.6897375473471573   4.539193748423944e-16
0.6903731753403661   4.52730333273464e-16
0.6910093890968813   4.515382443200938e-16
0.6916461891565125   4.503421080317054e-16
0.6922835760595678   4.491430506515505e-16
0.6929215503468523   4.479395630266476e-16
0.6935601125596716   4.467339902374976e-16
0.6941992632398283   4.455244757889793e-16
0.6948390029296244   4.443105537744081e-16
0.6954793321718616   4.430956055716987e-16
0.6961202515098437   4.4187530868338735e-16
0.6967617614873729   4.4065296788970663e-16
0.6974038626487533   4.394279792724481e-16
0.6980465555387902   4.381989900396859e-16
0.6986898407027928   4.369665615484194e-16
0.6993337186865707   4.357328279303128e-16
0.6999781900364372   4.344958859307509e-16
0.7006232552992087   4.332552132233605e-16
0.7012689150222071   4.320125823498854e-16
0.7019151697532569   4.3076768286507104e-16
0.702562020040688   4.295205607163427e-16
0.7032094664333352   4.282702973767735e-16
0.7038575094805407   4.2701745918689873e-16
0.7045061497321513   4.257639682903188e-16
0.705155387738521   4.245054168085888e-16
0.7058052240505104   4.2324717102684105e-16
0.7064556592194895   4.2198617263978426e-16
0.7071066937973348   4.2072349223541396e-16
0.7077583283364317   4.19460040798032e-16
0.7084105633896742   4.1819401230485747e-16
0.7090633995104678   4.169268177037419e-16
0.7097168372527258   4.1565741644871476e-16
0.710370877170873   4.143881470270045e-16
0.7110255198198441   4.131170062865383e-16
0.7116807657550872   4.118448574470016e-16
0.7123366155325607   4.105716690815647e-16
0.7129930697087348   4.092974079426461e-16
0.7136501288405949   4.0802260805328214e-16
0.7143077934856376   4.0674834661983175e-16
0.7149660642018737   4.054727933732973e-16
0.7156249415478279   4.0419775825253287e-16
0.7162844260825415   4.0292149951093925e-16
0.7169445183655688   4.0164597468889373e-16
0.7176052189569807   4.0037115135350572e-16
0.7182665284173634   3.990955063028561e-16
0.7189284473078217   3.97820597016724e-16
0.7195909761899757   3.965466444723263e-16
0.7202541156259633   3.952730043510328e-16
0.7209178661784402   3.9400075880483954e-16
0.7215822284105825   3.927287684926156e-16
0.7222472028860831   3.914575695584324e-16
0.7229127901691553   3.9018849771680793e-16
0.7235789908245314   3.8892047401396265e-16
0.7242458054174665   3.876533532914999e-16
0.7249132345137344   3.863879407244779e-16
0.7255812786796308   3.8512404408220254e-16
0.7262499384819728   3.8386221874623e-16
0.726919214488102   3.826013118675056e-16
0.7275891072658804   3.813429423405801e-16
0.7282596173836945   3.8008588339425916e-16
0.7289307454104534   3.788313624114656e-16
0.7296024919155929   3.775778967917796e-16
0.7302748574690714   3.763261097869747e-16
0.7309478426413732   3.750767686200013e-16
0.7316214480035076   3.738284984160694e-16
0.7322956741270122   3.725825069637872e-16
0.7329705215839495   3.7133758133355795e-16
0.7336459909469094   3.700942555551104e-16
0.7343220827890091   3.6885251972271994e-16
0.7349987976838961   3.6761195808801304e-16
0.7356761362057441   3.663705495936356e-16
0.7363540989292571   3.6513136016956317e-16
0.7370326864296673   3.6389207229237285e-16
0.7377118992827402   3.626516668277604e-16
0.7383917380647688   3.6141117391906805e-16
0.7390722033525783   3.601695346476825e-16
0.7397532957235247   3.589255686581193e-16
0.7404350157554982   3.5767988853064554e-16
0.7411173640269195   3.564297108233942e-16
0.7418003411167431   3.5517599202736796e-16
0.7424839476044559   3.5391858739014525e-16
0.7431681840700815   3.5265296561756753e-16
0.7438530510941755   3.5138114238104154e-16
0.7445385492578297   3.5010112237903745e-16
0.74522467914267   3.488090708630345e-16
0.7459114413308611   3.475065738098346e-16
0.7465988364051016   3.4619039213713586e-16
0.747286864948628   3.4485896369010434e-16
0.7479755275452135   3.4350957602260425e-16
0.7486648247791715   3.4213902924208567e-16
0.7493547572353517   3.407465842898922e-16
0.7500453254991435   3.3932885863545404e-16
0.7507365301564748   3.378787731989785e-16
0.7514283717938162   3.363990205316319e-16
0.7521208509981758   3.3487876127511315e-16
0.7528139683571042   3.333161983615498e-16
0.7535077244586922   3.3171173612391493e-16
0.7542021198915748   3.300470863134092e-16
0.7548971552449275   3.2832860914880435e-16
0.7555928311084693   3.265419734511979e-16
0.7562891480724618   3.246784857373601e-16
0.7569861067277132   3.22741486003428e-16
0.7576837076655735   3.2069887299539786e-16
0.7583819514779385   3.1856091790475657e-16
0.759080838757249   3.163069555460877e-16
0.7597803700964936   3.1391737649422045e-16
0.7604805460892053   3.113996580558979e-16
0.7611813673294652   3.0869853320133963e-16
0.7618828344119003   3.05832093993306e-16
0.7625849479316885   3.027623176885695e-16
0.7632877084845537   2.9945765722792233e-16
0.7639911166667689   2.959294851599239e-16
0.7646951730751586   2.9207916867931733e-16
0.7653998783070953   2.879456249487511e-16
0.7661052329605028   2.8345143868396005e-16
0.7668112376338548   2.7855896815506415e-16
0.7675178929261792   2.732752333509588e-16
0.7682251994370534   2.6743837270110817e-16
0.7689331577666083   2.611354405058911e-16
0.7696417685155268   2.5419476163586577e-16
0.770351032285048   2.4663468001907655e-16
0.7710609496769625   2.384043846308595e-16
0.7717715212936165   2.2934743337500155e-16
0.7724827477379101   2.1963004714398968e-16
0.773194629613302   2.0891212851322938e-16
0.7739071675238038   1.9749890995684409e-16
0.7746203620739854   1.852129525581778e-16
0.7753342138689726   1.7219891723820388e-16
0.7760487235144511   1.5869150633778298e-16
0.7767638916166626   1.44610290392461e-16
0.7774797187824083   1.306952783617773e-16
0.7781962056190477   1.1683270428728774e-16
0.7789133527345026   1.0393810013207567e-16
0.7796311607372522   9.233216282103749e-17
0.7803496302363377   8.262070515841558e-17
0.7810687618413608   7.528590661425165e-17
0.7817885561624868   7.079916524673715e-17
0.7825090138104414   6.906559995168441e-17
0.7832301353965138   7.064935573796788e-17
0.7839519215325558   7.48383643137567e-17
0.7846743728309852   8.166586189246368e-17
0.7853974899047821   9.058602919106188e-17
0.7861212733674919   1.0114049211607466e-16
0.7868457238332252   1.1286639189187337e-16
0.7875708419166603   1.25379107087443e-16
0.7882966282330399   1.381128113056624e-16
0.7890230833981745   1.510492547181013e-16
0.7897502080284411   1.635249238006309e-16
0.7904780027407873   1.7581579552373482e-16
0.7912064681527268   1.8736242405905197e-16
0.7919356048823432   1.9845737368876206e-16
0.7926654135482887   2.0880367537528015e-16
0.7933958947697883   2.1854946278665797e-16
0.7941270491666351   2.2762242657520366e-16
0.7948588773591941   2.360646718204235e-16
0.7955913799684015   2.4392599593955245e-16
0.7963245576157676   2.511930618211077e-16
0.7970584109233736   2.579758760494856e-16
0.7977929405138745   2.6422691741849496e-16
0.7985281470104982   2.7007966232867273e-16
0.7992640310370498   2.7546146200079075e-16
0.8000005932179063   2.805262916034854e-16
0.8007378341780211   2.8496147766199957e-16
0.8014757545429231   2.8914109259356985e-16
0.8022143549387194   2.930077550106743e-16
0.8029536359920921   2.9665182065219624e-16
0.8036935983303017   3.0004321752116253e-16
0.8044342425811857   3.032427668999249e-16
0.8051755693731626   3.062376842863625e-16
0.8059175793352278   3.09066477425028e-16
0.806660273096957   3.1172721620854827e-16
0.8074036512885052   3.142468174875311e-16
0.808147714540611   3.1662755086270827e-16
0.8088924634845912   3.18885933479564e-16
0.8096378987523456   3.210279342238024e-16
0.8103840209763554   3.2306495763837435e-16
0.8111308307896873   3.250037915407264e-16
0.8118783288259884   3.2685250436598955e-16
0.8126265157194913   3.286165615061103e-16
0.8133753921050118   3.3030366485549843e-16
0.8141249586179531   3.3191744038909755e-16
0.8148752158943018   3.33463569290895e-16
0.8156261645706312   3.3494681768000113e-16
0.8163778052841005   3.3637160807730447e-16
0.8171301386724587   3.377407067679463e-16
0.8178831653740397   3.390583179507981e-16
0.8186368860277659   3.403273800433076e-16
0.8193913012731507   3.415507994695706e-16
0.820146411750295   3.4272989481660564e-16
0.8209022180998896   3.4386882005425605e-16
0.8216587209632155   3.4496905320549713e-16
0.8224159209821469   3.4603373322588914e-16
0.823173818799147   3.4706182732845803e-16
0.8239324150572721   3.4805922338582904e-16
0.82469171040017   3.490241088262689e-16
0.8254517054720845   3.499601172916489e-16
0.8262124009178502   3.50867063404287e-16
0.826973797382897   3.517485676571105e-16
0.8277358955132489   3.526000881341017e-16
0.8284986959555275   3.534310432495733e-16
0.8292621993569479   3.5423508780289306e-16
0.8300264063653224   3.5501934865661974e-16
0.8307913176290597   3.5577818873733436e-16
0.8315569337971681   3.5651882523862277e-16
0.8323232555192519   3.5723738889738667e-16
0.8330902834455147   3.5793636663209865e-16
0.8338580182267586   3.586171649556098e-16
0.8346264605143877   3.592795208106768e-16
0.8353956109604042   3.599246950550011e-16
0.8361654702174115   3.605513050085111e-16
0.8369360389386142   3.6116283154859137e-16
0.837707317777821   3.6175747387274813e-16
0.8384793073894408   3.623383362772299e-16
0.8392520084284859   3.6290089632692915e-16
0.8400254215505721   3.6345120653484796e-16
0.8407995474119216   3.639862154840182e-16
0.8415743866693587   3.645094808271072e-16
0.8423499399803138   3.650164057413602e-16
0.8431262080028226   3.6551164285717753e-16
0.8439031913955296   3.6599345474680274e-16
0.8446808908176836   3.6646219850251303e-16
0.8454593069291421   3.669202482863266e-16
0.8462384403903694   3.673654616092444e-16
0.8470182918624416   3.678000675942322e-16
0.8477988620070408   3.6822207556894514e-16
0.8485801514864602   3.686332708094574e-16
0.8493621609636022   3.6903434191024567e-16
0.8501448911019829   3.694258174428563e-16
0.850928342565727   3.6980503139040057e-16
0.8517125160195725   3.7017370485945416e-16
0.8524974121288689   3.7053406834394606e-16
0.8532830315595812   3.7088416492803356e-16
0.8540693749782858   3.7122399264078146e-16
0.8548564430521745   3.7155439617814773e-16
0.8556442364490523   3.7187682952548243e-16
0.8564327558373431   3.7218968720846476e-16
0.8572220018860838   3.724932656497896e-16
0.8580119752649285   3.727891783208479e-16
0.8588026766441479   3.7307525041003433e-16
0.8595941066946328   3.73352267548872e-16
0.8603862660878896   3.7362255379838033e-16
0.8611791554960448   3.738850217170217e-16
0.8619727755918429   3.7413894066211127e-16
0.8627671270486513   3.7438399137394248e-16
0.8635622105404552   3.7462252674208157e-16
0.864358026741862   3.748520570031064e-16
0.8651545763280996   3.7507493002326587e-16
0.8659518599750208   3.7529182125036657e-16
0.8667498783590989   3.7549897664877735e-16
0.8675486321574312   3.757000460667739e-16
0.8683481220477384   3.758937492322382e-16
0.8691483487083679   3.7608069025449137e-16
0.8699493128182901   3.762609218870578e-16
0.8707510150571018   3.7643410228099287e-16
0.8715534561050251   3.766012953688499e-16
0.8723566366429116   3.7676121177035465e-16
0.873160557352238   3.7691357701892973e-16
0.8739652189151095   3.770615995259469e-16
0.8747706220142591   3.7720164557378177e-16
0.875576767333052   3.7733596211697226e-16
0.87638365555548   3.7746439867114627e-16
0.8771912873661664   3.775871437914803e-16
0.8779996634503643   3.777026511226138e-16
0.8788087844939614   3.7781317850372136e-16
0.8796186511834743   3.779169713087062e-16
0.8804292642060525   3.7801560105694506e-16
0.8812406242494816   3.781085928873639e-16
0.8820527320021779   3.781960778687592e-16
0.8828655881531934   3.782771856590591e-16
0.8836791933922141   3.7835316865023443e-16
0.8844935484095642   3.784240392473475e-16
0.8853086538962014   3.7848952582525185e-16
0.886124510543721   3.785490508308161e-16
0.8869411190443549   3.786036582687422e-16
0.8877584800909755   3.786532454092716e-16
0.8885765943770909   3.786974805895153e-16
0.8893954625968495   3.787368970607042e-16
0.8902150854450384   3.788153365286663e-16
0.8910354636170874   3.7888174764556952e-16
0.8918565978090649   3.7887077696511014e-16
0.8926784887176814   3.788572839669628e-16
0.8935011370402884   3.7883954114322397e-16
0.8943245434748833   3.78817426938631e-16
0.8951487087201035   3.7879051192918853e-16
0.8959736334752314   3.7876041136590644e-16
0.8967993184401928   3.7872756973061257e-16
0.8976257643155612   3.7868989709934806e-16
0.8984529718025532   3.786488007996386e-16
0.8992809416030323   3.7860340031978085e-16
0.9001096744195081   3.7855337891097155e-16
0.90093917095514   3.7850058219745605e-16
0.901769431913733   3.784440293765356e-16
0.9026004579997415   3.783843566275079e-16
0.9034322499182681   3.7832004595301043e-16
0.9042648083750681   3.782515924064278e-16
0.905098134076544   3.7817994298220037e-16
0.905932227729751   3.781053489975169e-16
0.9067670900423941   3.780265758101787e-16
0.9076027217228338   3.7794471270590697e-16
0.9084391234800805   3.7785971338798625e-16
0.9092762960237988   3.777696770209514e-16
0.9101142400643065   3.776763621016806e-16
0.9109529563125788   3.7758100978545136e-16
0.911792445480243   3.7748124784769463e-16
0.9126327082795835   3.7737842763910055e-16
0.9134737454235401   3.7727260274384483e-16
0.9143155576257123   3.7716340708387255e-16
0.9151581456003544   3.7705073524378267e-16
0.91600151006238   3.7693447663869566e-16
0.9168456517273604   3.768150869304137e-16
0.9176905713115295   3.766935066870071e-16
0.918536269531778   3.765676909219118e-16
0.9193827471056584   3.7643899047434043e-16
0.9202300047513835   3.7630727242137324e-16
0.9210780431878308   3.761725154739068e-16
0.9219268631345375   3.76034509462238e-16
0.9227764653117049   3.7589327976021807e-16
0.9236268504401965   3.757489743949843e-16
0.9244780192415439   3.7560335304740924e-16
0.92532997243794   3.7545307015578095e-16
0.9261827107522445   3.752997755824992e-16
0.9270362349079823   3.7514513961692533e-16
0.9278905456293479   3.7498534716748207e-16
0.9287456436412002   3.748241003909725e-16
0.9296015296690673   3.7466022303513737e-16
0.9304582044391447   3.7449408330708325e-16
0.9313156686783002   3.743231586289841e-16
0.9321739231140683   3.7415098563576395e-16
0.9330329684746553   3.73975802376901e-16
0.9338928054889374   3.7379701486188936e-16
0.9347534348864652   3.7361691623080643e-16
0.9356148573974592   3.73433773321999e-16
0.9364770737528133   3.732474013090667e-16
0.9373400846840944   3.7305924001389256e-16
0.9382038909235461   3.728680060337057e-16
0.9390684932040841   3.726739366029458e-16
0.9399338922593007   3.7247793343472525e-16
0.9408000888234628   3.7227974190872583e-16
0.9416670836315172   3.7207881790100323e-16
0.942534877419085   3.7187476885359617e-16
0.9434034709224653   3.7166892080350574e-16
0.9442728648786386   3.7145994117594804e-16
0.9451430600252614   3.7124832046671873e-16
0.9460140571006712   3.7103620550259576e-16
0.9468858568438852   3.7081921444401224e-16
0.9477584599946038   3.706018078037424e-16
0.9486318672932071   3.703816108944492e-16
0.9495060794807578   3.7015840794473954e-16
0.9503810972990007   3.699333784219552e-16
0.9512569214903671   3.697068742441054e-16
0.9521335527979699   3.6947736333085525e-16
0.953010991965607   3.6924475612562187e-16
0.9538892397377616   3.690115343386951e-16
0.9547682968596055   3.687755782212458e-16
0.9556481640769944   3.6853752338816836e-16
0.956528842136472   3.6829746885365046e-16
0.9574103317852697   3.680552962850667e-16
0.9582926337713096   3.6781112537210273e-16
0.9591757488432008   3.6756478630261207e-16
0.9600596777502428   3.673167687524997e-16
0.960944421242425   3.6706667272953656e-16
0.9618299800704306   3.668145309384149e-16
0.9627163549856318   3.6656064922327056e-16
0.9636035467400942   3.6630484066677336e-16
0.9644915560865753   3.6604724099685055e-16
0.9653803837785297   3.6578774490967896e-16
0.966270030570103   3.65526439743639e-16
0.9671604972161367   3.652635852713296e-16
0.9680517844721673   3.649988775524034e-16
0.9689438930944303   3.647325826794663e-16
0.9698368238398551   3.64464332149519e-16
0.9707305774660699   3.6419465708793486e-16
0.9716251547313999   3.639232731215768e-16
0.972520556394872   3.636504086712095e-16
0.9734167832162097   3.633759368538081e-16
0.974313835955838   3.6309969668364954e-16
0.9752117153748809   3.628221748031128e-16
0.9761104222351675   3.6254320241976825e-16
0.9770099572992257   3.622627363875516e-16
0.977910321330287   3.61980777633711e-16
0.9788115150922854   3.6169741213917227e-16
0.9797135393498619   3.6141263547256284e-16
0.9806163948683592   3.611265705638041e-16
0.981520082413826   3.6083931391026226e-16
0.9824246027530166   3.605506017512262e-16
0.9833299566533941   3.602606990419701e-16
0.9842361448831263   3.5996948849155463e-16
0.9851431682110899   3.596770175101368e-16
0.9860510274068693   3.5938352226234716e-16
0.9869597232407606   3.590888615863664e-16
0.9878692564837673   3.5685344952638205e-16
0.9887796279076042   3.5654614549278464e-16
0.9896908382846961   3.5623776609453066e-16
0.990602888388183   3.5592847564533365e-16
0.991515778991914   3.556182800758137e-16
0.9924295108704527   3.5530708473967495e-16
0.9933440847990753   3.549950316121409e-16
0.9942595015537754   3.5468207056054316e-16
0.995175761911259   3.543683834047874e-16
0.9960928666489485   3.5405365925732916e-16
0.9970108165449819   3.537385093973992e-16
0.9979296123782174   3.5342227428591543e-16
0.998849254928228   3.531054407597222e-16
0.9997697449753056   3.527878709033067e-16
1.000691083300461   3.5241945923276514e-16
1.0016132706854268   3.520734444308329e-16
1.0025363079126541   3.517338259394916e-16
1.003460195765315   3.513966576890872e-16
1.004384935027303   3.5106068962754155e-16
1.005310526483237   3.5072036518779183e-16
1.006236970918455   3.5037179440081575e-16
1.0071642691190217   3.5002590986839304e-16
1.0080924218717229   3.49681332453085e-16
1.0090214299640743   3.493381598394119e-16
1.0099512941843132   3.489952887104088e-16
1.0108820153214038   3.486504569858013e-16
1.0118135941650404   3.4830591124957937e-16
1.0127460315056416   3.4796192145823535e-16
1.013679328134356   3.4761820777821353e-16
1.0146134848430597   3.472748710758506e-16
1.0155485024243625   3.4692984779235745e-16
1.0164843816716003   3.4658383409546275e-16
1.017421123378842   3.4623814165660743e-16
1.018358728340887   3.4589244890604195e-16
1.0192971973532705   3.45547089910602e-16
1.0202365312122574   3.4520107191377254e-16
1.0211767307148476   3.4485286756278066e-16
1.022117796658774   3.44504960954188e-16
1.0230597298425086   3.4415713003871136e-16
1.0240025310652554   3.438094413175346e-16
1.0249462011269561   3.4346163215059267e-16
1.025890740828289   3.431114102581966e-16
1.0268361509706727   3.4276089322230694e-16
1.0277824323562619   3.4241076908323746e-16
1.0287295857879508   3.4206072960692067e-16
1.0296776120693731   3.417108547672558e-16
1.0306265120049063   3.413590661970292e-16
1.0315762863996651   3.410063494995764e-16
1.0325269360595086   3.40654034370828e-16
1.0334784617910362   3.4030166110780997e-16
1.0344308644015945   3.399495203650983e-16
1.0353841446992706   3.3959649737270203e-16
1.036338303492898   3.3924145369382033e-16
1.0372933415920533   3.3888692751856947e-16
1.0382492598070638   3.385326160299997e-16
1.0392060589489993   3.3817840443908153e-16
1.0401637398296784   3.3782405597261066e-16
1.041122303261667   3.3746711175274137e-16
1.0420817500582829   3.371103434034157e-16
1.0430420810335899   3.36754154700688e-16
1.0440032970024036   3.3639808320849107e-16
1.044965398780289   3.360424050455711e-16
1.045928387183566   3.3568355827603355e-16
1.0468922630293038   3.3532508785563453e-16
1.0478570271353254   3.349670049597922e-16
1.0488226803202063   3.346092033210953e-16
1.04978922340328   3.3425164296085886e-16
1.0507566572046314   3.338917013667956e-16
1.0517249825451023   3.335315211094639e-16
1.05269420024629   3.331717371935364e-16
1.0536643111305524   3.3281222510136594e-16
1.0546353160210014   3.32453342855874e-16
1.055607215741509   3.3209238900892727e-16
1.0565800111167052   3.3173045559901683e-16
1.0575537029719833   3.313698669229324e-16
1.0585282921334938   3.3100801774694417e-16
1.0595037794281497   3.3064752820024945e-16
1.0604801656836251   3.3028566603887014e-16
1.06145745172836   3.2992338602952257e-16
1.0624356383915543   3.295602517837086e-16
1.0634147265031737   3.2919829936128296e-16
1.0643947168939472   3.2883675851430224e-16
1.0653756103953729   3.284739005818049e-16
1.0663574078397116   3.2810912400919147e-16
1.0673401100599926   3.2774592831974185e-16
1.0683237178900116   3.273818274127797e-16
1.0693082321643357   3.2701905148935234e-16
1.070293653718298   3.2665545237136075e-16
1.0712799833880027   3.2629090670267975e-16
1.072267222010323   3.259253925944488e-16
1.0732553704229073   3.255613877130073e-16
1.0742444294641718   3.2519777502375146e-16
1.0752343999733067   3.248333371765874e-16
1.076225282790275   3.2446702568186486e-16
1.0772170787558164   3.2410124184980827e-16
1.0782097887114424   3.237354846900631e-16
1.079203413499441   3.2337087325951484e-16
1.0801979539628754   3.230070986867171e-16
1.081193410945589   3.226392484040259e-16
1.0821897852921993   3.222730885826718e-16
1.0831870778481028   3.21906399844555e-16
1.0841852894594775   3.215408862766905e-16
1.0851844209732784   3.2117637883429436e-16
1.0861844732372425   3.2080771402748005e-16
1.087185447099886   3.2044063094654007e-16
1.088187343410511   3.200741554860292e-16
1.089190163019199   3.1970789869124155e-16
1.0901939067768154   3.1934251983506473e-16
1.0911985755350093   3.189735912804714e-16
1.0922041701462177   3.186059080719065e-16
1.09321069146366   3.182386791608966e-16
1.0942181403413422   3.178725180027893e-16
1.0952265176340572   3.1750566840535426e-16
1.0962358241973886   3.1713693691497274e-16
1.097246060887705   3.167685947760748e-16
1.0982572285621655   3.1640073580234263e-16
1.0992693280787178   3.160340524798777e-16
1.1002823602961038   3.156665081058784e-16
1.101296326073853   3.152981353528264e-16
1.1023112262722892   3.1492942477891845e-16
1.1033270617525262   3.145611213913729e-16
1.1043438333764763   3.1419457241790177e-16
1.105361542006842   3.138271675811909e-16
1.1063801885071218   3.134576152606173e-16
1.1073997737416093   3.1308898105870943e-16
1.1084202985753975   3.1272068897086597e-16
1.1094417638743739   3.12353959400801e-16
1.1104641705052245   3.1198615397888495e-16
1.1114875193354328   3.116172566803282e-16
1.1125118112332857   3.1124862449271785e-16
1.1135370470678663   3.1088187325926427e-16
1.1145632277090602   3.1051440228514327e-16
1.1155903540275531   3.101467860177766e-16
1.116618426894837   3.097784118091399e-16
1.1176474471832027   3.094104208340395e-16
1.118677415765747   3.090441854637479e-16
1.11970833351637   3.0867769147660527e-16
1.1207402013097798   3.083099713200957e-16
1.1217730200214877   3.0794242328329375e-16
1.1228067905278134   3.075754835200326e-16
1.1238415137058821   3.0720966732015823e-16
1.1248771904336314   3.068439357204165e-16
1.1259138215898046   3.0647715821586827e-16
1.1269514080539553   3.061108573452696e-16
1.1279899507064473   3.0574369239303543e-16
1.1290294504284586   3.053795347081399e-16
1.1300699081019756   3.0501420755209976e-16
1.1311113246097997   3.0464759159466617e-16
1.1321537008355433   3.042817424225753e-16
1.1331970376636378   3.03917003530727e-16
1.1342413359793253   3.035527876026251e-16
1.1352865966686654   3.031886414058678e-16
1.1363328206185328   3.0282349086253817e-16
1.137380008716623   3.024587440696546e-16
1.1384281618514462   3.0209439024570177e-16
1.1394772809123324   3.0173186550932394e-16
1.1405273667894302   3.0136749799671017e-16
1.141578420373712   3.0100400824055277e-16
1.1426304425569673   3.0064013679736323e-16
1.1436834342318096   3.002775768150898e-16
1.1447373962916727   2.9991499580947114e-16
1.145792329630818   2.995515047731054e-16
1.146848235144327   2.9918881185454035e-16
1.1479051137281076   2.988264753465137e-16
1.1489629662788923   2.9846451371788937e-16
1.150021793694243   2.9810306206449557e-16
1.1510815968725454   2.977418942355048e-16
1.1521423767130146   2.9737971782541026e-16
1.1532041341156927   2.970180308946357e-16
1.1542668699814553   2.9665739008923535e-16
1.155330585212004   2.9629672334690564e-16
1.1563952807098732   2.959350722814338e-16
1.1574609573784276   2.9557497173739646e-16
1.1585276161218678   2.952139621382119e-16
1.1595952578452242   2.948547243367685e-16
1.1606638834543626   2.9449387998121833e-16
1.161733493855982   2.941335477466584e-16
1.162804089957621   2.9377371781844053e-16
1.163875672667651   2.934144563254637e-16
1.1649482428952798   2.930550288648722e-16
1.1660218015505572   2.926946676219754e-16
1.1670963495443685   2.923358779494747e-16
1.1681718877884386   2.9197627716345384e-16
1.1692484171953323   2.916170101266622e-16
1.1703259386784584   2.9125784952833333e-16
1.1714044531520642   2.908997003703733e-16
1.1724839615312403   2.905405319964906e-16
1.17356446473192   2.901817318259763e-16
1.1746459636708841   2.8982328121656087e-16
1.1757284592657542   2.8946469987960535e-16
1.1768119524349991   2.8910510079656978e-16
1.177896444097933   2.8874700590414603e-16
1.1789819351747204   2.883891548353259e-16
1.1800684265863706   2.8803036080643007e-16
1.1811559192547427   2.87671496549054e-16
1.182244414102544   2.8731345273399823e-16
1.1833339120533364   2.869556301958797e-16
1.184424414031528   2.865974784446279e-16
1.1855159209623816   2.862384031486818e-16
1.1866084337720098   2.8588036998274634e-16
1.1877019533873836   2.8552268541685e-16
1.1887964807363243   2.85163965859467e-16
1.1898920167475089   2.8480558498039148e-16
1.1909885623504695   2.8444853838448483e-16
1.1920861184755984   2.840893958117974e-16
1.1931846860541417   2.8373166654073934e-16
1.194284266018205   2.833734868339611e-16
1.1953848593007508   2.830149924298944e-16
1.1964864668356063   2.8265670718753697e-16
1.1975890895574548   2.8229896234582666e-16
1.1986927284018425   2.819409796107826e-16
1.1997973843051764   2.815823751819571e-16
1.2009030582047302   2.812240791967572e-16
1.2020097510386374   2.8086631714904756e-16
1.2031174637458975   2.805082653053103e-16
1.2042261972663744   2.801499544495176e-16
1.2053359525408012   2.797917666956932e-16
1.2064467305107747   2.794341784453044e-16
1.2075585321187605   2.790755756438508e-16
1.2086713583080915   2.7871805602706976e-16
1.2097852100229736   2.783597538981301e-16
1.2109000882084793   2.7800230485846096e-16
1.2120159938105528   2.776452874045419e-16
1.2131329277760095   2.7728824320449887e-16
1.2142508910525402   2.7693103340523426e-16
1.2153698845887064   2.765742219615744e-16
1.2164899093339443   2.7621773854508036e-16
1.2176109662385635   2.758615948416237e-16
1.218733056253754   2.755055396141302e-16
1.2198561803315775   2.751489366336684e-16
1.2209803394249756   2.7479412055405672e-16
1.222105534487766   2.744395700319215e-16
1.223231766474649   2.7408418179156233e-16
1.2243590363412018   2.7373001382465426e-16
1.2254873450438826   2.733757688540211e-16
1.2266166935400302   2.730221618785925e-16
1.2277470827878691   2.7266900538771684e-16
1.228878513746504   2.7231718302680123e-16
1.230010987375923   2.719642888344709e-16
1.2311445046369995   2.716131612033028e-16
1.232279066491495   2.712622859624111e-16
1.233414673902054   2.709115204735068e-16
1.2345513278322087   2.705598715239635e-16
1.2356890292463791   2.702104890932707e-16
1.236827779109877   2.698620433271066e-16
1.2379675783889   2.6951375815730186e-16
1.2391084280505376   2.6916572707439783e-16
1.240250329062769   2.688181905971641e-16
1.24139328239447   2.6847220872923023e-16
1.2425372890154045   2.6812628325272127e-16
1.2436823498962315   2.677805916259337e-16
1.2448284660085038   2.674350912514866e-16
1.245975638324673   2.6709217280218335e-16
1.247123867818083   2.6674899195580833e-16
1.2482731554629747   2.664069464555236e-16
1.2494235022344908   2.660640156449137e-16
1.2505749091086686   2.657230165384518e-16
1.2517273770624464   2.653832971618706e-16
1.2528809070736613   2.6504365418872943e-16
1.2540355001210555   2.6470431439553317e-16
1.2551911571842693   2.643663882174598e-16
1.2563478792438467   2.640300622955849e-16
1.2575056672812348   2.6369337210178566e-16
1.2586645222787884   2.633578987332168e-16
1.2598244452197638   2.630233401699713e-16
1.260985437088325   2.626903464236278e-16
1.2621474988695411   2.6235769396868177e-16
1.2633106315493938   2.6202631436898367e-16
1.2644748361147686   2.6169510964066896e-16
1.2656401135534623   2.613652345618249e-16
1.2668064648541806   2.6103645384838244e-16
1.267973891006544   2.6070881395468438e-16
1.2691423930010814   2.603813199072129e-16
1.270311971829236   2.600557282631288e-16
1.2714826284833625   2.5973170030025335e-16
1.2726543639567351   2.594081862384265e-16
1.2738271792435387   2.5908530865243437e-16
1.2750010753388759   2.587629097752302e-16
1.2761760532387652   2.584440242901406e-16
1.2773521139401465   2.581252531621657e-16
1.2785292584408752   2.57807205285843e-16
1.2797074877397265   2.5748924689861387e-16
1.2808868028363962   2.571741068370476e-16
1.2820672047315038   2.568607828570247e-16
1.2832486944265877   2.565475270472166e-16
1.284431272924111   2.562344640975643e-16
1.2856149412274582   2.55923990127075e-16
1.2867997003409437   2.556154406584028e-16
1.2879855512698024   2.553079836322096e-16
1.2891724950201973   2.55000534852512e-16
1.2903605325992176   2.5469507196656785e-16
1.291549665014884   2.5439138652519686e-16
1.2927398932761427   2.5408928267570805e-16
1.2939312183928706   2.537882483657092e-16
1.2951236413758742   2.5348772223418737e-16
1.2963171632368955   2.5319043569637993e-16
1.2975117849886044   2.5289422921085795e-16
1.298707507644606   2.5259877675861874e-16
1.299904332219438   2.523040942066413e-16
1.3011022597285766   2.5201249250089193e-16
1.3023012911884304   2.5172226187586855e-16
1.3035014276163457   2.51433022456488e-16
1.304702670030605   2.511444376786052e-16
1.3059050194504334   2.508588767934262e-16
1.3071084768959909   2.505750142234056e-16
1.3083130433883792   2.5029188348459285e-16
1.3095187199496399   2.5000974293155715e-16
1.31072550760276   2.497290741560765e-16
1.3119334073716653   2.494515291954124e-16
1.3131424202812272   2.4917350033105896e-16
1.3143525473572593   2.4889668552408134e-16
1.3155637896265249   2.4862222357505913e-16
1.3167761481167297   2.4834952045966537e-16
1.3179896238565278   2.4807791533995607e-16
1.3192042178755197   2.478068690152161e-16
1.3204199312042586   2.475378025407561e-16
1.3216367648742442   2.47270162114941e-16
1.322854719917927   2.470039196816508e-16
1.3240737973687084   2.467385595320583e-16
1.3252939982609462   2.4647415875382236e-16
1.3265153236299465   2.4621149283688733e-16
1.3277377745119718   2.4595039165513965e-16
1.328961351944238   2.4569025810768806e-16
1.3301860569649206   2.4543025324423355e-16
1.3314118906131478   2.451734698289646e-16
1.332638853929007   2.449173748213501e-16
1.333866947953543   2.4466154002641667e-16
1.335096173728763   2.4440703683387353e-16
1.3363265322976314   2.441544625423006e-16
1.3375580247040737   2.439028035227707e-16
1.3387906519929806   2.4365219184866474e-16
1.3400244152102028   2.434017801458211e-16
1.3412593154025554   2.431534299952906e-16
1.342495353617817   2.429064042604021e-16
1.343732530904736   2.426597682919535e-16
1.3449708483130234   2.424134045431821e-16
1.3462103068933582   2.421697518845864e-16
1.3474509076973868   2.419261185299057e-16
1.348692651777729   2.416840717177215e-16
1.34993554018797   2.414413650714095e-16
1.351179573982668   2.4120182995532313e-16
1.3524247542173509   2.409627660156129e-16
1.3536710819485238   2.407237709328986e-16
1.3549185582336618   2.4048496659376927e-16
1.3561671841312148   2.402490563931284e-16
1.3574169607006077   2.4001335932597463e-16
1.3586678890022452   2.3977779323576576e-16
1.3599199700975058   2.3954243816543213e-16
1.3611732050487466   2.3930915659947844e-16
1.362427594919303   2.3907650395827927e-16
1.3636831407734944   2.388442362748746e-16
1.3649398436766165   2.386122374741906e-16
1.3661977046949485   2.383823137676528e-16
1.3674567248957505   2.381526067219942e-16
1.3687169053472708   2.379233113875124e-16
1.3699782471187372   2.3769403110694445e-16
1.371240751280365   2.374664524868991e-16
1.3725044189033542   2.3723921229011575e-16
1.3737692510598956   2.370129113714813e-16
1.3750352488231645   2.367859114743077e-16
1.3763024132673265   2.3656086387617755e-16
1.3775707454675354   2.363362130867228e-16
1.3788402464999405   2.361114926711019e-16
1.380110917441678   2.358871450087229e-16
1.3813827593708783   2.3566410247636974e-16
1.3826557733666645   2.354410346463818e-16
1.3839299605091577   2.352190564779349e-16
1.3852053218794707   2.349965269817589e-16
1.3864818585597136   2.347754764287924e-16
1.3877595716329925   2.3455449416088517e-16
1.3890384621834155   2.3433372359845343e-16
1.3903185312960864   2.341129449666941e-16
1.3915997800571096   2.3389381150711003e-16
1.3928822095535893   2.3367439936605196e-16
1.3941658208736356   2.334553312382283e-16
1.3954506151063573   2.332360701887965e-16
1.396736593341868   2.330191392569585e-16
1.398023756671285   2.3280128019265746e-16
1.3993121061867346   2.3258373169618485e-16
1.4006016429813462   2.323668848740306e-16
1.4018923681492572   2.3215062322827414e-16
1.4031842827856122   2.319340143411328e-16
1.4044773879865695   2.3171747036554987e-16
1.4057716848492932   2.3150214789194823e-16
1.4070671744719594   2.312877941148592e-16
1.4083638579537554   2.3107265519816634e-16
1.4096617363948858   2.3085698314167324e-16
1.410960810896564   2.3064287399229677e-16
1.4122610825610211   2.3042890941276724e-16
1.4135625524915008   2.3021520592649563e-16
1.414865221792269   2.300009978208867e-16
1.4161690915686045   2.297876096043855e-16
1.4174741629268062   2.295748619401877e-16
1.4187804369741912   2.2936092235700513e-16
1.420087914819101   2.291474834447999e-16
1.4213965975708944   2.289349786465589e-16
1.4227064863399541   2.28722609484353e-16
1.4240175822376844   2.285095301398679e-16
1.4253298863765183   2.282964771881877e-16
1.4266433998699095   2.2808470919234334e-16
1.4279581238323393   2.278721904035594e-16
1.4292740593793147   2.276592865332675e-16
1.430591207627375   2.27446565817425e-16
1.431909569694084   2.2723476752142356e-16
1.4332291466980354   2.270222182344567e-16
1.4345499397588581   2.26809860741496e-16
1.4358719499972088   2.2659743583150105e-16
1.4371951785347776   2.263847774734639e-16
1.4385196264942877   2.2617233053805886e-16
1.4398452949995009   2.2595845965055366e-16
1.44117218517521   2.2574557990632945e-16
1.4425002981472463   2.255323424409438e-16
1.443829635042477   2.253185389166551e-16
1.445160196988812   2.2510427953333293e-16
1.446491985115196   2.2489034489606366e-16
1.4478250005516162   2.2467575388514835e-16
1.4491592444290995   2.244605662891122e-16
1.4504947178797187   2.242449440293522e-16
1.4518314220365869   2.240293074780897e-16
1.4531693580338614   2.238128831119074e-16
1.4545085270067442   2.2359566936747517e-16
1.4558489300914874   2.233781612537486e-16
1.4571905684253863   2.2316007948635e-16
1.4585334431467851   2.229409567639459e-16
1.4598775553950758   2.227214936285106e-16
1.461222906310705   2.2250164460832624e-16
1.462569497035166   2.22280745777965e-16
1.4639173287110048   2.220586396469334e-16
1.4652664024818196   2.218361287450427e-16
1.4666167194922666   2.2161267816407847e-16
1.4679682808880523   2.2138791949622513e-16
1.4693210878159408   2.2116254570609681e-16
1.4706751414237513   2.2093618936301106e-16
1.4720304428603654   2.2070866580455338e-16
1.4733869932757189   2.2047994414756334e-16
1.4747447938208087   2.2025015216016947e-16
1.476103845647691   2.2001926988570183e-16
1.4774641499094883   2.1978696253931367e-16
1.4788257077603808   2.195534007648223e-16
1.4801885203556147   2.1917540962851924e-16
1.4815525888514984   2.1856662932280195e-16
1.482917914405411   2.181560084105244e-16
1.4842844981757932   2.1774805160884094e-16
1.4856523413221554   2.1734096368717857e-16
1.4870214450050745   2.169356673161899e-16
1.4883918103862017   2.1653545662660973e-16
1.489763438628254   2.1613994981956504e-16
1.4911363308950216   2.1574961364215118e-16
1.4925104883513656   2.1536559513473847e-16
1.4938859121632253   2.1498811712514039e-16
1.4952626034976095   2.146175477918247e-16
1.4966405635226046   2.1425532450528628e-16
1.498019793407371   2.1390112647760689e-16
1.499400294322152   2.1355646508670798e-16
1.5007820674382648   2.132311970142536e-16
1.5021651139281067   2.129241586744054e-16
1.5035494349651544   2.1262725683772575e-16
1.5049350317239707   2.1233837789980433e-16
1.5063219053801964   2.1205852398723333e-16
1.5077100571105566   2.1178645651916312e-16
1.5090994880928597   2.1152240045745378e-16
1.510490199506004   2.1126233104764394e-16
1.5118821925299701   2.1100373803398694e-16
1.5132754683458267   2.1075153783341163e-16
1.51467002813573   2.1050528449500567e-16
1.5160658730829297   2.1024487680099092e-16
1.5174630043717618   2.0998431533780893e-16
1.5188614231876554   2.0972874977517162e-16
1.5202611307171299   2.094776544288816e-16
1.521662128147803   2.0923052038482253e-16
1.5230644166683824   2.089877240303156e-16
1.5244679974686726   2.087486346681795e-16
1.525872871739573   2.0851284170703893e-16
1.5272790406730856   2.0827940450226675e-16
1.5286865054623056   2.080486230543289e-16
1.5300952673014292   2.0782034382533723e-16
1.5315053273857522   2.0759302683523383e-16
1.5329166869116764   2.0736755376152753e-16
1.5343293470767008   2.0714330328032235e-16
1.535743309079429   2.0691905475750794e-16
1.537158574119573   2.066953868715477e-16
1.538575143397946   2.0647142501502632e-16
1.5399930181164698   2.062474413368272e-16
1.5414121994781715   2.0602204204060586e-16
1.5428326886871921   2.0579559976594304e-16
1.5442544869487773   2.0556722573310704e-16
1.5456775954692854   2.0533756498383382e-16
1.5471020154561843   2.0510522982322785e-16
1.54852774811806   2.0487069324923537e-16
1.5499547946646068   2.046327318904308e-16
1.5513831563066363   2.0439165363038724e-16
1.5528128342560736   2.041473039639927e-16
1.5542438297259655   2.0390033932176405e-16
1.5556761439304723   2.036501064401662e-16
1.5571097780848744   2.0339750851537802e-16
1.5585447334055709   2.0314258801533636e-16
1.5599810111100862   2.028855868907608e-16
1.5614186124170624   2.02626371357481e-16
1.562857538546266   2.023657844726461e-16
1.564297790718586   2.0210303404587448e-16
1.5657393701560414   2.0183992474093175e-16
1.5671822780817724   2.01574681069311e-16
1.5686265157200479   2.0130914892015726e-16
1.5700720842962637   2.0104318871064622e-16
1.5715189850369498   2.007762074393923e-16
1.572967219169761   2.0050901998739943e-16
1.5744167879234858   2.00242186350715e-16
1.575867692528043   1.9997504338596404e-16
1.5773199342144901   1.9970802093822517e-16
1.5787735142150139   1.9944205785343997e-16
1.5802284337629384   1.9917718010512405e-16
1.5816846940927225   1.9891246151460188e-16
1.5831422964399675   1.986493389040148e-16
1.5846012420414093   1.9838769736298024e-16
1.5860615321349238   1.9812774932553493e-16
1.587523167959527   1.9786922457399617e-16
1.5889861507553815   1.976131291164033e-16
1.5904504817637874   1.973595449527459e-16
1.5919161622271911   1.9710818284663854e-16
1.5933831933891816   1.9685854813513814e-16
1.594851576494499   1.9661211088061693e-16
1.5963213127890261   1.9636875123578293e-16
1.597792403519795   1.9612849214204078e-16
1.5992648499349855   1.9589092244095898e-16
1.6007386532839325   1.9565713670615081e-16
1.6022138148171172   1.9542640410911673e-16
1.6036903357861754   1.951995590800839e-16
1.605168217443894   1.9497590284362684e-16
1.6066474610442194   1.9475590754265233e-16
1.6081280678422494   1.9453937819101439e-16
1.6096100390942392   1.943267907616554e-16
1.6110933760576005   1.9411778488377573e-16
1.6125780799909086   1.9391254690337209e-16
1.6140641521538939   1.9371072276946058e-16
1.6155515938074487   1.935129234828133e-16
1.6170404062136265   1.9331927552971086e-16
1.6185305906356484   1.9312884513939668e-16
1.6200221483378945   1.9294255468015427e-16
1.621515080585912   1.9276014603917078e-16
1.6230093886464123   1.9258227578278552e-16
1.6245050737872797   1.9240737656589746e-16
1.6260021372775617   1.922373000121002e-16
1.627500580387477   1.9207141198710115e-16
1.6290004043884128   1.9190906186724362e-16
1.6305016105529333   1.917508194586925e-16
1.6320042001547708   1.91597248485499e-16
1.6335081744688322   1.9144786919708066e-16
1.6350135347711983   1.9130239469773703e-16
1.6365202823391307   1.9109140347045854e-16
1.6380284184510632   1.9085588043223039e-16
1.6395379443866087   1.906235253214949e-16
1.6410488614265588   1.9039348487694454e-16
1.6425611708528896   1.9016661374355184e-16
1.6440748739487536   1.8994358078505224e-16
1.6455899719984879   1.8972336707389579e-16
1.6471064662876114   1.8950783627072145e-16
1.6486243581028324   1.892964025102127e-16
1.65014364873204   1.8908940834020472e-16
1.6516643394643105   1.8888740954139768e-16
1.653186431589913   1.8868988120380873e-16
1.6547099264003002   1.8849657276036022e-16
1.6562348251881174   1.8830773859897624e-16
1.657761129247199   1.8812244313115567e-16
1.6592888398725765   1.879406699540366e-16
1.6608179583604705   1.8776282871024415e-16
1.662348486008297   1.875882758227908e-16
1.663880424114667   1.874164726119521e-16
1.665413773979392   1.8724782832091477e-16
1.6669485369034773   1.8708140214194626e-16
1.6684847141891286   1.8691693051776028e-16
1.6700223071397498   1.8675504152216363e-16
1.6715613170599506   1.865953588352375e-16
1.673101745255539   1.8643646065186296e-16
1.6746435930335268   1.8627910350754e-16
1.6761868617021298   1.8612293462634883e-16
1.6777315525707737   1.8596758822786178e-16
1.6792776669500855   1.858130155333176e-16
1.680825206151903   1.856581421772992e-16
1.6823741714892697   1.8550369914992147e-16
1.6839245642764453   1.8534925998590631e-16
1.6854763858288953   1.8519416845489505e-16
1.6870296374632987   1.850377192430065e-16
1.6885843204975468   1.848807507276212e-16
1.6901404362507504   1.847221632562982e-16
1.6916979860432306   1.8456184601754327e-16
1.6932569711965268   1.8439940139757633e-16
1.6948173930333952   1.842344269762706e-16
1.6963792528778154   1.840666961010677e-16
1.6979425520549825   1.8389582363406585e-16
1.6995072918913139   1.8372143591582493e-16
1.7010734737144486   1.8354308310345947e-16
1.7026410988532537   1.8336099218508542e-16
1.7042101686378153   1.8317497363052445e-16
1.7057806843994479   1.8298574905811225e-16
1.7073526474706904   1.8279317676904321e-16
1.7089260591853155   1.8259760178882342e-16
1.7105009208783193   1.8242029389994593e-16
1.71207723388593   1.8225177351494795e-16
1.7136549995456059   1.8208200546125116e-16
1.7152342191960426   1.819112176309771e-16
1.7168148941771642   1.8173922872167783e-16
1.7183970258301318   1.8156652250405062e-16
1.7199806154973398   1.8139319423062055e-16
1.7215656645224258   1.8121915351745117e-16
1.72315217425026   1.8104503883581945e-16
1.7247401460269538   1.8087053237866353e-16
1.7263295811998574   1.80695981609262e-16
1.7279204811175677   1.8052148308428696e-16
1.7295128471299193   1.803472635643652e-16
1.7311066805879924   1.8017351595977439e-16
1.7327019828441108   1.8000027494752893e-16
1.7342987552518496   1.798277401334611e-16
1.735896999166026   1.7965598587273753e-16
1.7374967159427073   1.79485365317719e-16
1.7390979069392092   1.7931586934747595e-16
1.7407005735141032   1.7914771853857342e-16
1.7423047170272075   1.789808953889933e-16
1.7439103388395953   1.7881584371092456e-16
1.7455174403135925   1.7865281445587177e-16
1.7471260228127852   1.784918134378302e-16
1.7487360877020113   1.7833261828694198e-16
1.750347636347368   1.7817555000266658e-16
1.7519606701162103   1.7802141693173924e-16
1.7535751903771573   1.7786924875613941e-16
1.7551911985000852   1.7771922991920225e-16
1.756808695856134   1.7757211938290358e-16
1.7584276838177055   1.774273518415982e-16
1.7600481637584713   1.7728465942073694e-16
1.761670137053364   1.7714396062544828e-16
1.7632936050785848   1.770059934001168e-16
1.7649185692116016   1.7687029255882025e-16
1.7665450308311565   1.7673705503805352e-16
1.7681729913172577   1.7660585030979781e-16
1.7698024520511841   1.7647684594878595e-16
1.771433414415494   1.763499222676815e-16
1.7730658797940135   1.7622568348442834e-16
1.7746998495718462   1.7610326065277017e-16
1.7763353251353704   1.7598317859955562e-16
1.7779723078722471   1.7586525372192252e-16
1.779610799171411   1.7574980666353033e-16
1.7812508004230783   1.7563618528314802e-16
1.7828923130187448   1.7552472791847772e-16
1.7845353383511942   1.7541572371341259e-16
1.7861798778144875   1.7530858723862318e-16
1.7878259328039732   1.752037246359721e-16
1.7894735047162833   1.7510096285476433e-16
1.7911225949493426   1.7500028101876752e-16
1.7927732049023584   1.7490134637047328e-16
1.7944253359758293   1.7480494005904207e-16
1.796078989571543   1.747105135966015e-16
1.7977341670925842   1.746182221973756e-16
1.7993908699433252   1.7452761487934036e-16
1.8010490995294346   1.7443948284676716e-16
1.8027088572578742   1.7435336273254941e-16
1.8043701445369082   1.7426887390283505e-16
1.8060329627760925   1.741859382136196e-16
1.8076973133862846   1.741048421336545e-16
1.8093631977796398   1.7402528112442178e-16
1.8110306173696202   1.739476586147438e-16
1.8126995735709859   1.738709988720444e-16
1.8143700677998011   1.7379553679429586e-16
1.8160421014734345   1.7372117978911623e-16
1.8177156760105657   1.7364774929993548e-16
1.8193907928311766   1.7357579012452386e-16
1.821067453356559   1.7350414876788673e-16
1.8227456590093134   1.7343334295522227e-16
1.8244254112133562   1.7336336283031044e-16
1.8261067113939107   1.7329370145760016e-16
1.8277895609775154   1.7322463337347298e-16
1.8294739613920217   1.731555346669623e-16
1.8311599140666024   1.7308700754811353e-16
1.8328474204317418   1.730185117214152e-16
1.8345364819192438   1.7294999235017964e-16
1.8362270999622308   1.7288111452171569e-16
1.8379192759951508   1.7281185779850968e-16
1.8396130114537685   1.7274250715088232e-16
1.8413083077751735   1.7267259129773935e-16
1.8430051663977776   1.7260194680259465e-16
1.8447035887613241   1.7253096807788936e-16
1.8464035763068776   1.7245849504712531e-16
1.8481051304768321   1.7238564681133993e-16
1.8498082527149096   1.7231166006387319e-16
1.8515129444661675   1.7223638921257253e-16
1.8532192071769897   1.7215939218604153e-16
1.854927042295095   1.7208153670228506e-16
1.8566364512695341   1.7200236459655423e-16
1.8583474355506988   1.7192119291662071e-16
1.860059996590312   1.718383234089161e-16
1.8617741358414364   1.7175400687512456e-16
1.8634898547584715   1.7166798644651507e-16
1.8652071547971631   1.7157964508952012e-16
1.866926037414593   1.7148945246574433e-16
1.8686465040691873   1.713973994170525e-16
1.8703685562207144   1.7130265280582817e-16
1.8720921953302936   1.7120580016316702e-16
1.873817422860385   1.7110635908714544e-16
1.8755442402747982   1.7100485554845954e-16
1.8772726490386902   1.7090020018107584e-16
1.8790026506185737   1.707934004135436e-16
1.8807342464823074   1.706835971499085e-16
1.882467438099104   1.7057091253734488e-16
1.8842022269395287   1.704546689563978e-16
1.885938614475508   1.7033606016923533e-16
1.8876766021803182   1.7021351933465917e-16
1.889416191528596   1.7008852241655204e-16
1.8911573839963352   1.699598011287451e-16
1.8929001810608943   1.6982756985098655e-16
1.8946445842009891   1.6969143067193495e-16
1.8963905948966973   1.6955189302102744e-16
1.8981382146294663   1.694087700539503e-16
1.899887444882103   1.6926152107637463e-16
1.9016382871387834   1.691107700525943e-16
1.903390742885048   1.6895565871754104e-16
1.9051448136078133   1.687966085814915e-16
1.9069005007953597   1.6863384692077108e-16
1.9086578059373411   1.6846673253057033e-16
1.9104167305247823   1.682953798601359e-16
1.912177276050088   1.6812069428463956e-16
1.9139394440070323   1.6794178760663274e-16
1.915703235890768   1.6775865790211352e-16
1.9174686531978238   1.67571724924517e-16
1.919235697426113   1.673805127744949e-16
1.9210043700749244   1.6718571446164534e-16
1.922774672644929   1.6698622804404529e-16
1.9245466066381802   1.6678345310670904e-16
1.9263201735581204   1.665763155962246e-16
1.9280953749095722   1.6636512867470527e-16
1.9298722121987468   1.6614976598712043e-16
1.9316506869332417   1.6593060026248019e-16
1.933430800622049   1.6570759135209186e-16
1.9352125547755465   1.65480473708027e-16
1.9369959509055048   1.652491856241732e-16
1.9387809905250863   1.6501409134723778e-16
1.9405676751488536   1.6477498875187742e-16
1.9423560062927594   1.6453144549779073e-16
1.9441459854741552   1.642845663719644e-16
1.9459376142117886   1.6403371794171987e-16
1.947730894025813   1.6377868474870842e-16
1.9495258264377766   1.6351959986773474e-16
1.9513224129706321   1.6325670853810054e-16
1.9531206551487337   1.6299057875686317e-16
1.9549205544978456   1.6272255491328857e-16
1.956722112545133   1.6245429435182642e-16
1.95852533081917   1.6218546122887436e-16
1.960330210849937   1.6191878895775704e-16
1.9621367541688313   1.6165424972668543e-16
1.9639449623086547   1.6139318820502588e-16
1.9657548368036237   1.611379632995274e-16
1.9675663791893672   1.6088745757379505e-16
1.9693795910029341   1.6064489865548846e-16
1.9711944737827851   1.6040992407558342e-16
1.9730110290687997   1.6018459196974657e-16
1.9748292584022749   1.5996975243914023e-16
1.976649163325934   1.5976580496692925e-16
1.978470745383916   1.5957489028214868e-16
1.980294006121785   1.5939777998090966e-16
1.9821189470865272   1.5923520285944282e-16
1.9839455698265607   1.590886873722552e-16
1.985773875891724   1.5895953659657648e-16
1.9876038668332867   1.5884845587045667e-16
1.9894355442039453   1.5875671491758722e-16
1.9912689095578333   1.5868563336186586e-16
1.9931039644505109   1.5863674827583335e-16
1.994940710438973   1.5861083095658533e-16
1.996779149081648   1.586092876963405e-16
1.9986192819384063   1.5863321844370929e-16
2.0004611105705496   1.5863242965954564e-16
2.002304636540821   1.5848636916559448e-16
2.0041498614134006   1.5834044318342091e-16
2.0059967867539172   1.581946515890245e-16
2.007845414129436   1.5804899425852033e-16
2.009695745108468   1.5790347106813788e-16
2.011547781260968   1.5775808189422156e-16
2.0134015241583434   1.576128266132299e-16
2.015256975373444   1.5746770510173625e-16
2.0171141364805707   1.5732271723642825e-16
2.0189730090554736   1.5717786289410782e-16
2.02083359467536   1.5703314195169065e-16
2.0226958949188867   1.5688855428620674e-16
2.0245599113661648   1.567440997748001e-16
2.0264256455987613   1.5659977829472834e-16
2.028293099199706   1.564555897233626e-16
2.0301622737534815   1.563115339381879e-16
2.0320331708460313   1.5616761081680287e-16
2.0339057920647656   1.5602382023691886e-16
2.0357801389985517   1.5588016207636109e-16
2.0376562132377236   1.557366362130676e-16
2.039534016374078   1.5559324252508993e-16
2.0414135500008848   1.5544998089059179e-16
2.0432948157128767   1.5530685118785036e-16
2.0451778151062583   1.5516385329525525e-16
2.0470625497787016   1.5502098709130899e-16
2.048949021329358   1.5487825245462608e-16
2.050837231358847   1.5473564926393388e-16
2.052727181469265   1.545931773980719e-16
2.0546188732641815   1.54450836735992e-16
2.0565123083486516   1.543086271567576e-16
2.058407488329202   1.541665485395447e-16
2.0603044148138427   1.540246007636409e-16
2.062203089412064   1.5388278370844566e-16
2.0641035137348442   1.5374109725346986e-16
2.0660056893946415   1.5359954127833618e-16
2.0679096180054013   1.5345811566277867e-16
2.0698153011825537   1.53316820286643e-16
2.0717227405430254   1.5317565502988533e-16
2.0736319377052252   1.5303461977257362e-16
2.0755428942890566   1.528937143948868e-16
2.077455611915913   1.5275293877711458e-16
2.079370092208689   1.5261229279965723e-16
2.0812863367917687   1.5247177634302614e-16
2.083204347291034   1.5233138928784322e-16
2.085124125333864   1.5219113151484088e-16
2.0870456725491437   1.520510029048616e-16
2.0889689905672526   1.5191100333885862e-16
2.0908940810200747   1.517711326978952e-16
2.0928209455409967   1.5163139086314466e-16
2.094749585764916   1.5149177771589013e-16
2.0966800033282302   1.5135229313752488e-16
2.0986121998688474   1.5121293700955187e-16
2.100546177026183   1.5107370921358393e-16
2.10248193644117   1.5093460963134284e-16
2.104419479756246   1.5079563814466049e-16
2.106358808615365   1.5065679463547783e-16
2.1082999246639944   1.5051807898584535e-16
2.110242829549124   1.5037949107792208e-16
2.1121875249192543   1.5024103079397668e-16
2.114134012424408   1.501026980163866e-16
2.1160822937161257   1.499644926276382e-16
2.118032370447477   1.4982641451032615e-16
2.1199842442730477   1.4968846354715433e-16
2.1219379168489514   1.4955063962093485e-16
2.1238933898328245   1.4941294261458854e-16
2.125850664883839   1.4927537241114392e-16
2.127809743662688   1.4913792889373837e-16
2.129770627831598   1.4900061194561722e-16
2.1317333190543253   1.488634214501339e-16
2.1336978189961653   1.487263572907494e-16
2.135664129323942   1.4858941935103287e-16
2.1376322517060173   1.4845260751466118e-16
2.139602187812289   1.4831592166541877e-16
2.1415739393141995   1.4817936168719738e-16
2.1435475078847253   1.4804292746399641e-16
2.1455228951983876   1.4790661887992255e-16
2.1475001029312475   1.4777043581918978e-16
2.1494791327609173   1.476343781661188e-16
2.1514599863665493   1.4749844580513778e-16
2.153442665428846   1.4736263862078151e-16
2.155427171630054   1.4722695649769193e-16
2.15741350665398   1.4709139932061715e-16
2.159401672185974   1.4695596697441226e-16
2.161391669912941   1.468206593440389e-16
2.1633835015233402   1.4668547631456508e-16
2.165377168707191   1.4655041777116473e-16
2.1673726731560654   1.464154835991185e-16
2.169370016563096   1.4628067368381295e-16
2.1713692006229737   1.461459879107407e-16
2.1733702270319566   1.4601142616550005e-16
2.1753730974878613   1.458769883337953e-16
2.177377813690067   1.4574267430143666e-16
2.1793843773395274   1.4560848395433942e-16
2.181392790138756   1.4547441717852475e-16
2.1834030537918374   1.4534047386011929e-16
2.185415170004425   1.4520665388535488e-16
2.1874291404837507   1.4507295714056832e-16
2.1894449669386122   1.4493938351220193e-16
2.191462651079385   1.4480593288680278e-16
2.193482194618018   1.4467260515102317e-16
2.1955035992680454   1.4453940019161963e-16
2.1975268667445724   1.444063178954539e-16
2.1995519987642878   1.4427335814949227e-16
2.2015789970454605   1.4414052084080566e-16
2.203607863307949   1.4400780585656874e-16
2.20563859927319   1.4387521308406136e-16
2.2076712066642097   1.4374274241066712e-16
2.2097056872056187   1.43610393723874e-16
2.2117420426236243   1.4347816691127365e-16
2.2137802746460173   1.4334606186056194e-16
2.2158203850021843   1.432140784595385e-16
2.2178623754231017   1.4308221659610695e-16
2.2199062476413496   1.4295047615827394e-16
2.2219520033910958   1.4281885703415018e-16
2.223999644408111   1.4268735911194959e-16
2.226049172429761   1.4255598227998973e-16
2.228100589195021   1.424247264266909e-16
2.230153896444461   1.4229359144057697e-16
2.232209095920258   1.4216257721027477e-16
2.234266189366192   1.4203168362451413e-16
2.236325178527656   1.419009105721275e-16
2.238386065151646   1.4177025794205032e-16
2.2404488509867693   1.4163972562332066e-16
2.242513537783243   1.415093135050793e-16
2.244580127292903   1.4137902147656908e-16
2.246648621269194   1.4124884942713558e-16
2.2487190214671773   1.4111879724622663e-16
2.250791329643531   1.4098886482339232e-16
2.252865547556558   1.4085905204828435e-16
2.2549416769661748   1.4072935881065703e-16
2.2570197196339215   1.4059978500036618e-16
2.2590996773229604   1.4047033050736975e-16
2.261181551798085   1.403409952217269e-16
2.263265344825708   1.4021177903359886e-16
2.2653510581738727   1.4008268183324824e-16
2.2674386936122484   1.3995370351103923e-16
2.269528252912144   1.3982484395743676e-16
2.271619737846492   1.3969610306300763e-16
2.2737131501898626   1.3956748071841957e-16
2.2758084917184576   1.3943897681444148e-16
2.2779057642101233   1.3931059124194273e-16
2.2800049694443376   1.3918232389189406e-16
2.28210610920222   1.3905417465536683e-16
2.2842091852665303   1.389261434235331e-16
2.2863141994216765   1.3879823008766518e-16
2.2884211534537053   1.3867043453913618e-16
2.2905300491503113   1.385427566694196e-16
2.2926408883008342   1.3841519637008915e-16
2.2947536726962694   1.3828775353281857e-16
2.2968684041292557   1.3816042804938192e-16
2.2989850843940873   1.3803321981165328e-16
2.3011037152867084   1.3790612871160655e-16
2.303224298604726   1.3777915464131532e-16
2.305346836147396   1.376522974929531e-16
2.3074713297156353   1.37525557158793e-16
2.3095977811120183   1.373989335312078e-16
2.3117261921407866   1.3727242650266923e-16
2.3138565646078386   1.371460359657489e-16
2.3159889003207383   1.3701976181311744e-16
2.318123201088714   1.3689360393754486e-16
2.320259468722668   1.367675622318998e-16
2.322397705035164   1.3664163658915025e-16
2.3245379118404386   1.3651582690236303e-16
2.3266800909543983   1.3639013306470382e-16
2.3288242441946303   1.362645549694366e-16
2.3309703733803886   1.3613909250992448e-16
2.3331184803326073   1.3601374557962877e-16
2.335268566873895   1.358885140721095e-16
2.337420634828549   1.3576339788102452e-16
2.3395746860225386   1.3563839690013034e-16
2.3417307222835166   1.3551351102328169e-16
2.343888745440828   1.3538874014443086e-16
2.346048757325495   1.3526408415762862e-16
2.3482107597702306   1.3513954295702328e-16
2.350374754609434   1.3501511643686137e-16
2.352540743679202   1.3489080449148637e-16
2.354708728817317   1.3476660701534002e-16
2.3568787118632564   1.346425239029613e-16
2.3590506946581904   1.3451855504898686e-16
2.3612246790449944   1.3439470034815007e-16
2.3634006668682335   1.3427095969528215e-16
2.3655786599741755   1.3414733298531116e-16
2.3677586602107876   1.3402382011326246e-16
2.3699406694277467   1.339004209742579e-16
2.372124689476427   1.3377713546351677e-16
2.3743107222099122   1.3365396347635464e-16
2.3764987694829904   1.3353090490818431e-16
2.378688833152166   1.3340795965451455e-16
2.3808809150756476   1.33285127610951e-16
2.383075017113359   1.3316240867319578e-16
2.3852711411269345   1.3303980273704733e-16
2.3874692889797324   1.3291730969839995e-16
2.3896694625368196   1.3279492945324456e-16
2.3918716636649857   1.3267266189766783e-16
2.3940758942327367   1.3255050692785273e-16
2.3962821561103094   1.3242846444007762e-16
2.3984904511696556   1.3230653433071698e-16
2.4007007812844545   1.3218471649624103e-16
2.402913148330111   1.320630108332156e-16
2.405127554183764   1.319414172383016e-16
2.407344000724276   1.3181993560825594e-16
2.4095624898322425   1.3169856583993061e-16
2.4117830233899906   1.3157730783027301e-16
2.414005603281589   1.314561614763253e-16
2.416230231392835   1.313351266752251e-16
2.4184569096112667   1.3121420332420505e-16
2.420685639826159   1.3109339132059253e-16
2.422916423928535   1.3097269056180952e-16
2.425149263811153   1.3085210094537312e-16
2.427384161368519   1.3073162236889485e-16
2.4296211184968817   1.3061125473008092e-16
2.4318601370942443   1.3049099792673171e-16
2.4341012190603526   1.303708518567422e-16
2.436344366296705   1.302508164181016e-16
2.4385895807065494   1.3013089150889344e-16
2.4408368641948965   1.3001107702729497e-16
2.4430862186685034   1.298913728715778e-16
2.4453376460358878   1.2977177894010745e-16
2.447591148207324   1.2965229513134322e-16
2.449846727094853   1.2953292134383789e-16
2.4521043846122716   1.2941365747623837e-16
2.4543641226751425   1.2929450342728482e-16
2.45662594320079   1.291754590958112e-16
2.4588898481083143   1.2905652438074442e-16
2.4611558393185766   1.28937699181105e-16
2.4634239187542093   1.288189833960067e-16
2.4656940883396157   1.2870037692465648e-16
2.4679663500009794   1.28581879666354e-16
2.470240705666251   1.2846349152049225e-16
2.4725171572651616   1.283452123865569e-16
2.4747957067292172   1.2822704216412672e-16
2.4770763559917115   1.2810898075287261e-16
2.479359106987712   1.2799102805255865e-16
2.481643961654073   1.2787318396304122e-16
2.4839309219294297   1.277554483842692e-16
2.4862199897542125   1.2763782121628363e-16
2.4885111670706324   1.2752030235921808e-16
2.490804455822692   1.274028917132983e-16
2.493099857956184   1.2728558917884207e-16
2.4953973754187007   1.27168394656259e-16
2.4976970101596225   1.2705130804605097e-16
2.4999987641301282   1.2693432924881148e-16
2.5023026392831924   1.2681745816522599e-16
2.504608637573597   1.267006946960713e-16
2.506916760957918   1.2658403874221615e-16
2.509227011394534   1.2646749020462068e-16
2.511539390843636   1.263510489843362e-16
2.5138539012672148   1.262347149825057e-16
2.5161705446290705   1.2611848810036318e-16
2.518489322894811   1.2600236823923413e-16
2.520810238031863   1.2588635530053463e-16
2.5231332920094593   1.2577044918577213e-16
2.525458486798649   1.2565464979654474e-16
2.5277858243722955   1.2553895703454185e-16
2.5301153067050888   1.2542337080154284e-16
2.5324469357735295   1.2530789099941838e-16
2.5347807135559433   1.2519251753012944e-16
2.5371166420324758   1.2507725029572771e-16
2.5394547231851057   1.2496208919835485e-16
2.54179495899763   1.2373274304340221e-16
2.5441373514556767   1.2305185069824106e-16
2.5464819025467014   1.2252585855621338e-16
2.548828614259998   1.220738920833482e-16
2.5511774885866867   1.2166785343169046e-16
2.5535285275197253   1.212939810333293e-16
2.555881733053905   1.2094430854947371e-16
2.5582371071858634   1.2061372983622924e-16
2.5605946519140703   1.2029873733353852e-16
2.56295436923884   1.1999679715047776e-16
2.565316261162327   1.1970600721216293e-16
2.5676803296885393   1.19424895906903e-16
2.570046576823324   1.1915229648554426e-16
2.572415004574378   1.1888726503172332e-16
2.574785614951248   1.186290248328668e-16
2.5771584099653384   1.1837692744957288e-16
2.5795333916299   1.1813042473402212e-16
2.581910561960042   1.1788904825130516e-16
2.5842899229727276   1.1765239384032094e-16
2.586671476686787   1.1742010982618742e-16
2.589055225122902   1.171918878801714e-16
2.5914411703036206   1.1696745583406855e-16
2.593829314253351   1.1674657196080258e-16
2.5962196589983746   1.1652902037098444e-16
2.598612206566833   1.1631460727002005e-16
2.6010069589887403   1.1610315788672528e-16
2.6034039182959767   1.1589451393164523e-16
2.6058030865223043   1.156885314773773e-16
2.6082044657033503   1.1548507917818295e-16
2.6106080578766218   1.1528403676468198e-16
2.6130138650815002   1.150852937633248e-16
2.615421889359254   1.1488874840086528e-16
2.6178321327530254   1.1469430666212787e-16
2.6202445973078423   1.1450188147559247e-16
2.6226592850706134   1.1431139200618705e-16
2.625076198090143   1.1412276303849377e-16
2.627495338417115   1.139359244366052e-16
2.629916708104105   1.1375081066927418e-16
2.632340309205579   1.1356736039094334e-16
2.6347661437779033   1.133855160708034e-16
2.637194213879331   1.1320522366330398e-16
2.639624521570016   1.130264323145769e-16
2.642057068912006   1.128490941000906e-16
2.6444918579692596   1.1267316378955742e-16
2.6469288908076267   1.1249859863570494e-16
2.6493681694948656   1.1232535818400494e-16
2.6518096961006368   1.1215340410086848e-16
2.654253472696516   1.1198270001815547e-16
2.6566995013559795   1.1181321139214105e-16
2.6591477841544187   1.1164490537532114e-16
2.6615983231691334   1.114777506996554e-16
2.664051120479346   1.1131171757001842e-16
2.6665061781661876   1.111467775667884e-16
2.668963498312709   1.109829035566273e-16
2.6714230830038788   1.1082006961062515e-16
2.6738849343265945   1.1065825092907526e-16
2.6763490543696693   1.1049742377223502e-16
2.678815445223843   1.1033756539649558e-16
2.68128410898178   1.1017865399545288e-16
2.6837550477380816   1.1002066864542453e-16
2.6862282635892716   1.0986358925501036e-16
2.688703758633804   1.0970739651833093e-16
2.691181534972077   1.0955207187162187e-16
2.6936615947064153   1.0939759745289459e-16
2.6961439399410834   1.0924395606439841e-16
2.6986285727822823   1.090911311376516e-16
2.701115495338163   1.089391067008265e-16
2.7036047097188103   1.0878786734830049e-16
2.706096218036256   1.0863739821219418e-16
2.7085900224044774   1.0848768493574402e-16
2.7110861249394054   1.0833871364836293e-16
2.7135845277589143   1.0819047094226248e-16
2.716085232982833   1.0804294385051535e-16
2.71858824273294   1.0789611982645237e-16
2.721093559132979   1.0774998672429419e-16
2.7236011843086407   1.0760453278093065e-16
2.7261111203875794   1.0745974659876176e-16
2.7286233694994055   1.0731561712952831e-16
2.731137933775702   1.0717213365906012e-16
2.7336548153500067   1.0702928579288251e-16
2.736174016357827   1.0688706344261792e-16
2.738695538936635   1.0674545681313298e-16
2.741219385225882   1.0660445639037855e-16
2.7437455573669807   1.0646405292988067e-16
2.7462740575033213   1.0632423744583633e-16
2.748804887780267   1.0618500120077838e-16
2.7513380503451645   1.0604633569577147e-16
2.7538735473473333   1.0590823266110803e-16
2.7564113809380744   1.0577068404747074e-16
2.7589515532706703   1.0563368201753486e-16
2.7614940665003944   1.0549721893798302e-16
2.7640389227844997   1.0536128737190834e-16
2.7665861242822283   1.0522588007158231e-16
2.769135673154811   1.0509098997156639e-16
2.7716875715654776   1.0495661018214697e-16
2.774241821679443   1.0482273398307706e-16
2.7767984256639213   1.0468935481760412e-16
2.77935738568812   1.0455646628677119e-16
2.7819187039232545   1.0442406214397338e-16
2.7844823825425316   1.0429213628975876e-16
2.7870484237211657   1.0416068276685722e-16
2.789616829636371   1.0402969575542728e-16
2.7921876024673775   1.0389916956850773e-16
2.794760744395415   1.0376909864766507e-16
2.7973362576037264   1.0363947755882471e-16
2.799914144277563   1.0351030098827736e-16
2.802494406604199   1.0338156373885102e-16
2.805077046772915   1.0325326072624195e-16
2.8076620669750136   1.031253869754936e-16
2.810249469403813   1.0299793761761921e-16
2.81283925625466   1.028709078863582e-16
2.8154314297249177   1.027442931150631e-16
2.8180259920139767   1.0261808873370683e-16
2.8206229453232514   1.02492290266008e-16
2.8232222918561933   1.0236689332666592e-16
2.8258240338182756   1.0224189361870271e-16
2.8284281734170076   1.0211728693090521e-16
2.83103471286193   1.0199306913536315e-16
2.8336436543646277   1.0186923618509901e-16
2.8362550001387157   1.0174578411178613e-16
2.838868752399851   1.016227090235492e-16
2.8414849133657305   1.0150000710284569e-16
2.844103485256103   1.0137767460442223e-16
2.8467244702927545   1.0125570785334578e-16
2.849347870699521   1.0113410324310277e-16
2.851973688702285   1.01012857233766e-16
2.8546019265289893   1.0089196635022461e-16
2.857232586409621   1.007714271804762e-16
2.8598656705762258   1.006512363739767e-16
2.8625011812629015   1.0053139064004649e-16
2.865139120705816   1.0041188674633001e-16
2.867779491143187   1.002927215173079e-16
2.8704222948152993   1.0017389183285731e-16
2.8730675339644987   1.0005539462686052e-16
2.8757152108352053   9.993722688585821e-17
2.878365327673901   9.981938564774738e-17
2.881017886729136   9.970186800052078e-17
2.883672890251542   9.958467108104577e-17
2.886330340493816   9.946779207388374e-17
2.888990239710734   9.935122821014484e-17
2.8916525901591474   9.923497676637985e-17
2.894317394097995   9.911903506350511e-17
2.89698465378829   9.900340046576226e-17
2.899654371493131   9.888807037970812e-17
2.9023265494776993   9.877304225323637e-17
2.9050011900092736   9.865831357462771e-17
2.907678295357212   9.854388187162975e-17
2.9103578677929667   9.842974471056306e-17
2.913039909590082   9.831589969545418e-17
2.915724423024204   9.820234446719357e-17
2.918411410373069   9.808907670271894e-17
2.921100873916514   9.797609411422136e-17
2.9237928159364737   9.786339444837442e-17
2.9264872387169967   9.775097548558513e-17
2.9291841445442253   9.763883503926682e-17
2.9318835357064126   9.752697095513173e-17
2.9345854144939176   9.741538111050349e-17
2.9372897831992186   9.730406341364861e-17
2.9399966441168974   9.719301580312724e-17
2.942705999543654   9.708223624716049e-17
2.945417851778301   9.69717227430159e-17
2.9481322031217796   9.686147331640873e-17
2.950849055877142   9.675148602092036e-17
2.9535684123495645   9.664175893743141e-17
2.956290274846346   9.653229017357027e-17
2.959014645676922   9.642307786317552e-17
2.9617415271528444   9.631412016577385e-17
2.9644709215878002   9.620541526607015e-17
2.9672028312976053   9.609696137345151e-17
2.969937258600218   9.598875672150359e-17
2.972674205815725   9.588079956754e-17
2.9754136752663523   9.577308819214301e-17
2.978155669276465   9.566562089871617e-17
2.9809001901725773   9.555839601304765e-17
2.9836472402833403   9.54514118828857e-17
2.9863968219395525   9.53446668775232e-17
2.9891489374741576   9.523815938739352e-17
2.991903589222259   9.513188782367528e-17
2.9946607795211024   9.502585061790821e-17
2.9974205107100906   9.492004622161679e-17
3.0001827851307796   9.481447310594398e-17
3.002947605126891   9.470912976129296e-17
3.005714973044299   9.460401469697838e-17
3.008484891231041   9.449912644088495e-17
3.011257362037317   9.439446353913463e-17
3.0140323878155   9.429002455576103e-17
3.0168099709201233   9.418580807239232e-17
3.019590113707892   9.408181268794059e-17
3.02237281853768   9.397803701829906e-17
3.0251580877705457   9.387447969604522e-17
3.027945923769712   9.377113937015223e-17
3.030736328900584   9.366801470570568e-17
3.0335293055307435   9.356510438362706e-17
3.036324856029963   9.346240710040318e-17
3.0391229827701896   9.335992156782262e-17
3.0419236881255602   9.325764651271673e-17
3.0447269744723946   9.315558067670736e-17
3.0475328441892144   9.305372281595896e-17
3.0503412996567216   9.295207170093771e-17
3.0531523432578163   9.285062611617452e-17
3.055965977377591   9.274938486003383e-17
3.0587822044033457   9.264834674448663e-17
3.061601026724572   9.254751059488976e-17
3.064422446732965   9.244687524976842e-17
3.0672464668224215   9.234643956060417e-17
3.070073089389054   9.22462023916266e-17
3.0729023168311738   9.214616261961074e-17
3.075734151549305   9.204631913367709e-17
3.0785685959461806   9.194667083509708e-17
3.0814056524267586   9.18472166371013e-17
3.084245323398202   9.174795546469317e-17
3.087087611269894   9.164888625446537e-17
3.089932518453446   9.155000795441974e-17
3.092780047362683   9.14513195237921e-17
3.0956302004136584   9.135281993287938e-17
3.0984829800246474   9.125450816287094e-17
3.1013383886161643   9.115638320568253e-17
3.1041964286109445   9.105844406379464e-17
3.107057102433959   9.096068975009296e-17
3.10992041251241   9.086311928771268e-17
3.1127863612757465   9.076573170988516e-17
3.1156549511556473   9.066852605978859e-17
3.1185261845860346   9.057150139040065e-17
3.12140006400307   9.04746567643544e-17
3.1242765918451707   9.037799125379658e-17
3.127155770552991   9.028150394024943e-17
3.130037602569437   9.01851939144743e-17
3.132922090339664   9.008906027633824e-17
3.13580923631109   8.999310213468271e-17
3.1386990429333776   8.989731860719568e-17
3.1415915126584513   8.980170882028507e-17
3.144486647940492   8.970627190895519e-17
3.147384451235951   8.961100701668489e-17
3.1502849250035347   8.951591329530888e-17
3.153188071704218   8.942098990490032e-17
3.1560938938012404   8.932623601365613e-17
3.159002393760121   8.923165079778373e-17
3.1619135740486417   8.913723344139088e-17
3.164827437136862   8.904298313637651e-17
3.167743985497114   8.894889908232417e-17
3.1706632216040176   8.885498048639646e-17
3.1735851479344643   8.876122656323295e-17
3.176509766967631   8.866763653484836e-17
3.1794370811849757   8.85742096305333e-17
3.1823670930702534   8.848094508675632e-17
3.1852998051094983   8.838784214706835e-17
3.1882352197910384   8.829490006200818e-17
3.191173339605492   8.820211808900998e-17
3.194114167045783   8.810949549231166e-17
3.1970577046071207   8.80170315428662e-17
3.2000039547870194   8.792472551825317e-17
3.2029529200852904   8.783257670259247e-17
3.20590460300406   8.774058438645891e-17
3.2088590060477484   8.764874786679947e-17
3.211816131723088   8.755706644685043e-17
3.2147759825391193   8.746553943605705e-17
3.217738561007203   8.737416614999363e-17
3.220703869641005   8.728294591028618e-17
3.223671910956511   8.719187804453498e-17
3.2266426874720215   8.710096188623953e-17
3.229616201708169   8.701019677472357e-17
3.232592456187897   8.691958205506289e-17
3.2355714534364792   8.682911707801298e-17
3.238553195981512   8.673880119993833e-17
3.241537686352931   8.664863378274278e-17
3.2445249270829946   8.655861419380142e-17
3.2475149207062968   8.646874180589309e-17
3.2505076697597644   8.637901599713413e-17
3.253503176782672   8.628943615091283e-17
3.2565014443166245   8.620000165582597e-17
3.2595024749055725   8.61107119056151e-17
3.2625062710958077   8.602156629910472e-17
3.2655128354359775   8.59325642401407e-17
3.2685221704770684   8.584370513753052e-17
3.271534278772422   8.575498840498376e-17
3.2745491628777286   8.566641346105387e-17
3.2775668253510433   8.557797972908024e-17
3.2805872687527704   8.548968663713235e-17
3.2836104956456746   8.540153361795363e-17
3.2866365085948814   8.531352010890674e-17
3.289665310167889   8.52256455519192e-17
3.292696902934551   8.513790939343092e-17
3.2957312894670943   8.50503110843411e-17
3.298768472340111   8.49628500799572e-17
3.3018084541305774   8.487552583994341e-17
3.304851237417834   8.478833782827143e-17
3.3078968247836014   8.470128551317054e-17
3.3109452188119763   8.461436836707931e-17
3.313996422089447   8.452758586659746e-17
3.3170504372048746   8.4440937492439e-17
3.3201072667495066   8.43544227293858e-17
3.3231669133169888   8.426804106624124e-17
3.3262293795033466   8.418179199578587e-17
3.329294667907001   8.409567501473244e-17
3.332362781128764   8.400968962368233e-17
3.335433721771856   8.392383532708195e-17
3.338507492441885   8.383811163318084e-17
3.341584095746863   8.375251805398926e-17
3.3446635342972035   8.366705410523698e-17
3.3477458107057347   8.358171930633229e-17
3.3508309275876833   8.349651318032221e-17
3.3539188875606887   8.341143525385266e-17
3.3570096932447995   8.332648505712952e-17
3.3601033472624895   8.324166212387968e-17
3.363199852238638   8.315696599131374e-17
3.366299210800548   8.307239620008818e-17
3.3694014255779385   8.29879522942686e-17
3.372506499202964   8.290363382129289e-17
3.375614434310193   8.281944033193603e-17
3.3787252335366267   8.273537138027415e-17
3.3818388995216915   8.265142652364997e-17
3.384955434907257   8.256760532263784e-17
3.3880748423376184   8.248390734101032e-17
3.391197124459509   8.24003321457044e-17
3.394322283922099   8.231687930678863e-17
3.3974503233770106   8.223354839742997e-17
3.400581245478298   8.215033899386235e-17
3.403715052882466   8.206725067535452e-17
3.4068517482484637   8.198428302417879e-17
3.4099913342377   8.190143562558001e-17
3.4131338135140274   8.181870806774539e-17
3.416279188743756   8.173609994177419e-17
3.4194274625956496   8.165361084164817e-17
3.422578637740942   8.157124036420192e-17
3.4257327168533176   8.148898810909455e-17
3.4288897026089296   8.14068536787807e-17
3.4320495976863925   8.132483667848263e-17
3.4352124047668005   8.124293671616211e-17
3.438378126533708   8.116115340249332e-17
3.441546765673146   8.107948635083569e-17
3.444718324873617   8.099793517720715e-17
3.4478928068261117   8.091649950025742e-17
3.45107021422409   8.083517894124257e-17
3.4542505497634983   8.075397312399887e-17
3.4574338161427627   8.067288167491753e-17
3.460620016062808   8.059190422291947e-17
3.463809152227036   8.051104039943088e-17
3.467001227341344   8.043028983835852e-17
3.4701962441141196   8.034965217606583e-17
3.473394205256257   8.02691270513486e-17
3.476595113481138   8.018871410541211e-17
3.4797989715046476   8.01084129818474e-17
3.483005782045171   8.002822332660862e-17
3.4862155478236088   7.994814478798997e-17
3.4894282715633587   7.986817701660377e-17
3.492643955990331   7.978831966535812e-17
3.4958626038329452   7.970857238943511e-17
3.499084217822146   7.962893484626901e-17
3.502308800691383   7.954940669552536e-17
3.50553635517663   7.946998759907976e-17
3.508766884016377   7.939067722099705e-17
3.5120003899516496   7.931147522751047e-17
3.515236875725988   7.923238128700202e-17
3.518476344085464   7.915339506998187e-17
3.5217187977786772   7.907451624906886e-17
3.524964239556771   7.899574449897044e-17
3.5282126721734124   7.891707949646413e-17
3.5314640983848102   7.88385209203777e-17
3.5347185209497103   7.876006845157065e-17
3.5379759426294104   7.868172177291524e-17
3.541236366187743   7.860348056927853e-17
3.5444997943910903   7.852534452750372e-17
3.5477662300083814   7.844731333639246e-17
3.5510356758111077   7.836938668668656e-17
3.5543081345733025   7.779567061156998e-17
3.557583609071558   7.695825302774113e-17
3.560862102085033   7.644286904152763e-17
3.564143616395439   7.602692529771364e-17
3.567428154787054   7.56655456738888e-17
3.5707157200467172   7.534007028317895e-17
3.574006314963848   7.504059178338744e-17
3.5772999423304257   7.476109641853145e-17
3.5805966049410047   7.449760601582375e-17
3.583896305592713   7.42473253471299e-17
3.5871990470852655   7.400820039907179e-17
3.5905048322209474   7.377866862914937e-17
3.5938136638046294   7.355750808949793e-17
3.5971255446437636   7.334374139791036e-17
3.6004404775484007   7.31365719832806e-17
3.6037584653311687   7.293534025577062e-17
3.607079510807293   7.273949257755361e-17
3.610403616794588   7.254855873875593e-17
3.6137307861134778   7.236213524986944e-17
3.6170610215869723   7.217987271252601e-17
3.620394326040689   7.200146611313392e-17
3.623730702302843   7.18266472521016e-17
3.6270701532042704   7.165517876045336e-17
3.630412681578401   7.148684931465499e-17
3.633758290261283   7.1321469768495e-17
3.6371069820915713   7.115886999570932e-17
3.6404587599105502   7.09988962897717e-17
3.6438136265621104   7.08414092050449e-17
3.6471715848927673   7.068628175091546e-17
3.650532637751655   7.053339787073731e-17
3.653896787990546   7.038265115245153e-17
3.657264038463828   7.023394372909585e-17
3.6606343920285243   7.008718533604346e-17
3.6640078515442855   6.994229249845632e-17
3.667384419873411   6.979918782758213e-17
3.670764099880825   6.965779940855752e-17
3.6741468944340965   6.951806026555053e-17
3.6775328064034327   6.937990789260362e-17
3.6809218386616984   6.924328384055265e-17
3.6843139940843925   6.910813335202588e-17
3.68770927554967   6.897440503783632e-17
3.6911076859383325   6.884205058916051e-17
3.6945092281338487   6.871102452076824e-17
3.697913905022333   6.858128394129741e-17
3.7013217194925634   6.845278834715981e-17
3.7047326744359763   6.832549943716738e-17
3.7081467727466837   6.81993809453798e-17
3.7115640173214537   6.807439849002713e-17
3.714984411059728   6.795051943664939e-17
3.718407956863615   6.782771277384841e-17
3.721834657637911   6.770594900025415e-17
3.7252645162900766   6.75852000214907e-17
3.728697535730255   6.746543905607576e-17
3.7321337188712698   6.734664054932327e-17
3.735573068628637   6.722878009442891e-17
3.739015587920551   6.711183436001831e-17
3.7424612796678973   6.699578102351812e-17
3.7459101467942504   6.68805987097882e-17
3.74936219222589   6.676626693451178e-17
3.752817418891781   6.665276605190144e-17
3.7562758297235916   6.654007720632095e-17
3.7597374276556876   6.642818228747118e-17
3.763202215625151   6.631706388882152e-17
3.766670196571758   6.620670526900462e-17
3.7701413734379985   6.609709031591747e-17
3.7736157491690703   6.598820351330035e-17
3.7770933267128965   6.58800299095865e-17
3.780574109020105   6.577255508883703e-17
3.784058099044048   6.566576514359014e-17
3.787545299740794   6.555964664947409e-17
3.791035714069148   6.545418664144347e-17
3.7945293449906305   6.534937259151503e-17
3.798026195469494   6.524519238788636e-17
3.8015262684727196   6.514163431533502e-17
3.805029566970034   6.50386870368015e-17
3.808536093933889   6.493633957607116e-17
3.812045852339476   6.483458130147391e-17
3.815558845164739   6.47334019105294e-17
3.8190750753903555   6.463279141547265e-17
3.822594545999754   6.453274012959663e-17
3.8261172599791076   6.44332386543576e-17
3.8296432203173527   6.433427786719024e-17
3.8331724300061705   6.423584890998635e-17
3.83670489204   6.41379431781922e-17
3.840240609416039   6.404055231048441e-17
3.843779585134257   6.39436681789871e-17
3.8473218221973773   6.384728287999658e-17
3.8508673236108932   6.375138872518009e-17
3.8544160923830653   6.365597823322025e-17
3.8579681315249372   6.356104412187702e-17
3.861523444050316   6.34665793004431e-17
3.8650820329757902   6.337257686256713e-17
3.868643901320724   6.327903007942449e-17
3.872209052107275   6.318593239321392e-17
3.8757774883603764   6.309327741096267e-17
3.8793492131077505   6.300105889862051e-17
3.8829242293799076   6.290927077542745e-17
3.886502540210162   6.28179071085389e-17
3.890084148634611   6.272696210789519e-17
3.8936690576921547   6.263643012132023e-17
3.897257270424489   6.254630562983805e-17
3.9008487898761253   6.24565832431947e-17
3.904443619094368   6.236725769557561e-17
3.9080417611293345   6.227832384150638e-17
3.9116432190339494   6.21897766519289e-17
3.915247995863961   6.210161121044244e-17
3.918856094677923   6.201382270970271e-17
3.9224675185372124   6.192640644796903e-17
3.926082270506021   6.183935782579376e-17
3.9297003536513793   6.175267234284535e-17
3.933321771043129   6.166634559486028e-17
3.9369465257539487   6.15803732707154e-17
3.9405746208593406   6.149475114961673e-17
3.944206059437656   6.140947509839725e-17
3.94784084457007   6.132454106892066e-17
3.9514789793406013   6.123994509558406e-17
3.9551204668361066   6.115568329291595e-17
3.958765310146299   6.10717518532647e-17
3.9624135123637276   6.098814704457418e-17
3.9660650765837953   6.090486520824106e-17
3.969720005904753   6.082190275705156e-17
3.9733783034277192   6.073925617319267e-17
3.9770399722566583   6.065692200633634e-17
3.980705015498399   6.057489687179142e-17
3.984373436262629   6.049317744872173e-17
3.988045237661914   6.041176047842655e-17
3.9917204228116767   6.0330642762682e-17
3.995398994830213   6.024982116213926e-17
3.9990809568386902   6.016929259477818e-17
4.002766311961163   6.008905403441328e-17
4.0064550633245535   6.000910250925115e-17
4.010147214058669   5.992943510049552e-17
4.0138427672961985   5.985004894099928e-17
4.017541726172728   5.977094121396044e-17
4.021244093826721   5.969210915166203e-17
4.024949873399539   5.961355003425183e-17
4.028659068035433   5.95352611885623e-17
4.032371680881565   5.94572399869677e-17
4.036087715087984   5.937948384627855e-17
4.039807173807646   5.930199022667004e-17
4.04353006019641   5.922475663064467e-17
4.047256377413054   5.914778060202656e-17
4.050986128619253   5.907105972498785e-17
4.054719316979605   5.89945916231038e-17
4.058455945661615   5.89183739584377e-17
4.062196017835722   5.884240443065236e-17
4.065939536675274   5.876668077614956e-17
4.069686505356548   5.869120076723404e-17
4.073436927058742   5.861596221130303e-17
4.0771908049639976   5.854096295005875e-17
4.080948142257377   5.846620085874503e-17
4.084708942126877   5.839167384540509e-17
4.088473207763444   5.831737985016103e-17
4.092240942360954   5.82433168445142e-17
4.09601214911623   5.816948283066506e-17
4.099786831229035   5.809587584085247e-17
4.103564991902096   5.80224939367111e-17
4.107346634341079   5.794933520864748e-17
4.111131761754605   5.787639777523274e-17
4.114920377354251   5.78036797826121e-17
4.118712484354565   5.773117940393041e-17
4.122508085973045   5.765889483877389e-17
4.126307185430158   5.758682431262612e-17
4.130109785949335   5.751496607633909e-17
4.13391589075699   5.74433184056179e-17
4.137725503082497   5.737187960051984e-17
4.141538626158211   5.730064798496588e-17
4.145355263219463   5.72296219062653e-17
4.1491754175045745   5.715879973465236e-17
4.152999092254841   5.708817986283552e-17
4.156826290714551   5.701776070555755e-17
4.160657016130975   5.694754069916734e-17
4.16449127175439   5.687751830120202e-17
4.168329060838056   5.680769198998032e-17
4.1721703866382365   5.673806026420562e-17
4.176015252414188   5.666862164257892e-17
4.179863661428187   5.659937466342125e-17
4.183715616945502   5.653031788430607e-17
4.187571122234414   5.64614498816998e-17
4.191430180566214   5.639276925061151e-17
4.1952927952152175   5.632427460425088e-17
4.199158969458748   5.625596457369485e-17
4.203028706577149   5.618783780756155e-17
4.206902009853788   5.611989297169257e-17
4.210778882575068   5.605212874884213e-17
4.214659328030407   5.598454383837433e-17
4.218543349512261   5.591713695596684e-17
4.222430950316115   5.584990683332167e-17
4.226322133740503   5.578285221788248e-17
4.230216903086986   5.57159718725589e-17
4.234115261660174   5.564926457545651e-17
4.238017212767715   5.558272911961333e-17
4.241922759720319   5.5516364312742e-17
4.2458319058317375   5.545016897697815e-17
4.249744654418774   5.538414194863405e-17
4.253661008801289   5.5318282077958e-17
4.257580972302213   5.525258822889841e-17
4.261504548247528   5.51870592788742e-17
4.2654317399662816   5.512169411854927e-17
4.26936255079059   5.505649165161218e-17
4.273296984055649   5.499145079456054e-17
4.277235043099717   5.492657047649039e-17
4.281176731264131   5.486184963888968e-17
4.285122051893307   5.479728723543629e-17
4.289071008334752   5.4732882231800225e-17
4.293023603939046   5.4668633605450473e-17
4.296979842059862   5.460454034546527e-17
4.300939726053958   5.4540601452346733e-17
4.3049032592811995   5.447681593783904e-17
4.308870445104536   5.441318282475093e-17
4.312841286890017   5.434970114678126e-17
4.316815788006794   5.428636994834846e-17
4.320793951827133   5.422318828442318e-17
4.324775781726396   5.416015522036488e-17
4.328761281083062   5.4097269831761106e-17
4.332750453278714   5.40345312042705e-17
4.336743301698069   5.397193843346828e-17
4.340739829728949   5.3909490624695805e-17
4.344740040762301   5.3847186892912126e-17
4.348743938192194   5.3785026362549136e-17
4.352751525415837   5.3723008167368975e-17
4.356762805833556   5.366113145032501e-17
4.360777782848818   5.3599395363424715e-17
4.364796459868218   5.353779906759574e-17
4.368818840301508   5.347634173255415e-17
4.372844927561564   5.341502253667568e-17
4.3768747250644155   5.335384066686909e-17
4.380908236229233   5.3292795318452e-17
4.3849454644783545   5.323188569502886e-17
4.388986413237255   5.3171111008371855e-17
4.393031085934568   5.3110470478303516e-17
4.3970794860021   5.304996333258126e-17
4.401131616874807   5.298958880678498e-17
4.405187481990812   5.2929346144205937e-17
4.409247084791408   5.286923459573796e-17
4.413310428721067   5.280925341977047e-17
4.4173775172274246   5.274940188208394e-17
4.4214483537612965   5.2689679255746715e-17
4.425522941776675   5.2630084821014025e-17
4.42960128473075   5.257061786522839e-17
4.4336833860838825   5.251127768272256e-17
4.437769249299626   5.245206357472352e-17
4.441858877844722   5.23929748492585e-17
4.445952275189123   5.233401082106232e-17
4.450049444805962   5.2275170811487097e-17
4.454150390171579   5.221645414841268e-17
4.458255114765512   5.2157860166159353e-17
4.46236362207052   5.2099388205401287e-17
4.466475915572559   5.204103761308244e-17
4.4705919987608   5.1982807742333204e-17
4.474711875127626   5.1924697952388704e-17
4.47883554816865   5.186670760850837e-17
4.482963021382697   5.180883608189726e-17
4.487094298271818   5.1751082749628284e-17
4.491229382341285   5.169344699456608e-17
4.49536827709962   5.1635928205291606e-17
4.499510986058557   5.1578525776028966e-17
4.503657512733076   5.152123910657256e-17
4.507807860641391   5.1464067602215835e-17
4.51196203330497   5.1407010673681064e-17
4.516120034248514   5.135006773705067e-17
4.5202818669999765   5.129323821369913e-17
4.524447535090557   5.123652153022643e-17
4.528617042054724   5.1179917118392195e-17
4.532790391430188   5.112342441505139e-17
4.536967586757926   5.106704286209074e-17
4.541148631582173   5.101077190636618e-17
4.545333529450443   5.0954610999641226e-17
4.549522283913506   5.0898559598526824e-17
4.553714898525409   5.084261716442151e-17
4.557911376843469   5.0786783163452996e-17
4.562111722428297   5.073105706642026e-17
4.56631593884377   5.067543834873707e-17
4.570524029657053   5.0619926490376005e-17
4.574735998438595   5.056452097581343e-17
4.578951848762149   5.050922129397529e-17
4.583171584204748   5.0454026938183945e-17
4.587395208346724   5.039893740610575e-17
4.591622724771706   5.034395219969926e-17
4.595854137066639   5.028907082516421e-17
4.60008944882176   5.0234292792891817e-17
4.604328663630617   5.017961761741518e-17
4.608571785090067   5.01250448173608e-17
4.612818816800296   5.007057391540055e-17
4.617069762364792   5.001620443820484e-17
4.62132462539037   4.9961935916396016e-17
4.625583409487163   4.990776788450278e-17
4.629846118268647   4.985369988091479e-17
4.634112755351611   4.979973144783885e-17
4.638383324356183   4.974586213125474e-17
4.642657828905825   4.969209148087244e-17
4.646936272627347   4.963841905008939e-17
4.651218659150892   4.9584844395948996e-17
4.655504992109951   4.953136707909927e-17
4.659795275141359   4.9477986663752304e-17
4.664089511885317   4.942470271764402e-17
4.6683877059853645   4.9371514811995107e-17
4.672689861088407   4.9318422521471906e-17
4.676995980844703   4.9265425424148206e-17
4.681306068907891   4.921252310146729e-17
4.685620128934961   4.915971513820504e-17
4.689938164586278   4.910700112243298e-17
4.694260179525576   4.9054380645482296e-17
4.69858617741998   4.9001853301907845e-17
4.702916161939979   4.894941868945342e-17
4.707250136759446   4.8897076409016855e-17
4.711588105555651   4.884482606461572e-17
4.715930072009243   4.8792667263353864e-17
4.720276039804265   4.8740599615388106e-17
4.724626012628149   4.868862273389535e-17
4.728979994171741   4.863673623504028e-17
4.733337988129275   4.858493973794356e-17
4.737699998198393   4.8533232864650344e-17
4.742066028080139   4.848161524009933e-17
4.7464360814789845   4.843008649209188e-17
4.750810162102798   4.83786462512622e-17
4.755188273662871   4.832729415104742e-17
4.759570419873909   4.82760298276582e-17
4.763956604454059   4.8224852920049634e-17
4.768346831124874   4.817376306989297e-17
4.772741103611347   4.812275992154715e-17
4.777139425641895   4.807184312203114e-17
4.781541800948389   4.8021012320996144e-17
4.785948233266122   4.797026717069898e-17
4.790358726333834   4.7919607325975017e-17
4.794773283893708   4.78690324442119e-17
4.799191909691387   4.781854218532334e-17
4.803614607475953   4.776813621172366e-17
4.808041380999948   4.7717814188302306e-17
4.812472234019367   4.7667575782398796e-17
4.816907170293681   4.7617420663777894e-17
4.821346193585811   4.756734850460545e-17
4.825789307662149   4.751735897942416e-17
4.830236516292556   4.74674517651299e-17
4.83468782325038   4.741762654094796e-17
4.83914323231243   4.736788298841029e-17
4.843602747259004   4.7318220791332373e-17
4.848066371873877   4.726863963579072e-17
4.852534109944326   4.7219139210100344e-17
4.857005965261102   4.7169719204793164e-17
4.8614819416184565   4.7120379312595884e-17
4.8659620428141315   4.707111922840879e-17
4.870446272649383   4.702193864928419e-17
4.874934634928957   4.697283727440589e-17
4.8794271334611095   4.6923814805068234e-17
4.883923772057601   4.687487094465587e-17
4.88842455453372   4.6826005398623266e-17
4.892929484708255   4.6777217874475157e-17
4.897438566403522   4.672850808174664e-17
4.901951803445349   4.66798757319839e-17
4.90646919966311   4.663132053872465e-17
4.91099075888969   4.658284221747963e-17
4.915516484961512   4.6534440485713575e-17
4.920046381718529   4.6486115062826844e-17
4.924580453004249   4.6437865670136875e-17
4.929118702665705   4.6389692030860507e-17
4.933661134553482   4.6341593870095816e-17
4.938207752521707   4.6293570914804707e-17
4.942758560428077   4.624562289379512e-17
4.947313562133824   4.619774953770429e-17
4.951872761503747   4.614995057898136e-17
4.9564361624062   4.610222575187086e-17
4.961003768713119   4.6054574792395623e-17
4.96557558429999   4.600699743834096e-17
4.970151613045878   4.595949342923799e-17
4.974731858833416   4.591206250634784e-17
4.979316325548832   4.586470441264555e-17
4.983905017081919   4.581741889280468e-17
4.988497937326059   4.577020569318167e-17
4.993095090178219   4.5723064561800595e-17
4.997696479538971   4.567599524833786e-17
5.002302109312466   4.5628997504107516e-17
5.006911983406459   4.558207108204633e-17
5.011526105732301   4.5535215736699205e-17
5.016144480204962   4.5488431224204575e-17
5.020767110743004   4.5441717302280406e-17
5.025394001268609   4.539507373020981e-17
5.030025155707563   4.534850026882737e-17
5.034660577989288   4.530199668050491e-17
5.0393002720468125   4.5255562729138294e-17
5.043944241816789   4.520919818013374e-17
5.0485924912395115   4.516290280039432e-17
5.053245024258892   4.5116676358307035e-17
5.0579018448224815   4.507051862372966e-17
5.062562956881462   4.5024429367977844e-17
5.067228364390675   4.4978408363812216e-17
5.071898071308588   4.493245538542602e-17
5.076572081597326   4.4886570208432467e-17
5.081250399222656   4.4840752609852504e-17
5.085933028154015   4.479500236810236e-17
5.090619972364487   4.4749319262981825e-17
5.095311235830818   4.470370307566209e-17
5.100006822533414   4.4658153588674044e-17
5.10470673645637   4.461267058589636e-17
5.10941098158743   4.45672538525443e-17
5.11411956191802   4.452190317515803e-17
5.118832481443244   4.447661834159145e-17
5.123549744161896   4.443139914100079e-17
5.128271354076444   4.438624536383385e-17
5.13299731519305   4.434115680181889e-17
5.137727631521559   4.429613324795381e-17
5.142462307075531   4.425117449649534e-17
5.147201345872207   4.420628034294867e-17
5.151944751932534   4.4161450584056834e-17
5.156692529281163   4.411668501779032e-17
5.161444681946467   4.4071983443336733e-17
5.166201213960514   4.402734566109086e-17
5.170962129359098   4.3982771472644437e-17
5.175727432181722   4.393826068077629e-17
5.18049712647163   4.389381308944232e-17
5.185271216275776   4.384942850376604e-17
5.1900497056448485   4.3805106730028754e-17
5.194832598633263   4.3760847575660127e-17
5.199619899299188   4.3716650849228496e-17
5.204411611704517   4.3672516360431904e-17
5.209207739914888   4.362844392008859e-17
5.214008287999684   4.358443334012798e-17
5.218813260032055   4.354048443358139e-17
5.2236226600888855   4.3496597014573456e-17
5.2284364922508235   4.3452770898312893e-17
5.233254760602273   4.3409005901084005e-17
5.238077469231417   4.336530184023767e-17
5.24290462223019   4.332165853418308e-17
5.247736223694305   4.327807580237899e-17
5.25257227772324   4.323455346532547e-17
5.25741278842027   4.319109134455524e-17
5.262257759892434   4.314768926262581e-17
5.267107196250563   4.3104347043111066e-17
5.271961101609268   4.306106451059324e-17
5.27681948008697   4.3017841490654796e-17
5.281682335805868   4.2974677809870616e-17
5.286549672891969   4.293157329580013e-17
5.2914214954750705   4.2888527776979534e-17
5.296297807688797   4.284554108291392e-17
5.301178613670563   4.280261304406993e-17
5.306063917561605   4.2759743491868035e-17
5.310953723506967   4.27169322586751e-17
5.31584803565553   4.267417917779687e-17
5.320746858159983   4.2631484083470856e-17
5.325650195176847   4.2588846810858943e-17
5.3305580508664665   4.2546267196040223e-17
5.335470429393039   4.2503745076003776e-17
5.340387334924582   4.246128028864182e-17
5.345308771632958   4.2418872672742635e-17
5.35023474369387   4.237652206798361e-17
5.355165255286887   4.233422831492439e-17
5.36010031059541   4.229199125500016e-17
5.3650399138067035   4.224981073051495e-17
5.369984069111883   4.2207686584634984e-17
5.374932780705945   4.2165618661381803e-17
5.379886052787734   4.212360680562626e-17
5.38484388955997   4.208165086308163e-17
5.389806295229239   4.2039750680297464e-17
5.394773274006023   4.199790610465298e-17
5.399744830104666   4.1956116984351083e-17
5.404720967743396   4.191438316841202e-17
5.409701691144344   4.187270450666706e-17
5.414687004533515   4.18310808497527e-17
5.419676912140817   4.178951204910434e-17
5.424671418200047   4.1747997956950536e-17
5.429670526948923   4.170653842630672e-17
5.43467424262905   4.166513331096973e-17
5.4396825694859485   4.162378246551172e-17
5.444695511769044   4.1582485745274484e-17
5.449713073731697   4.154124300636361e-17
5.454735259631169   4.1500054105643073e-17
5.459762073728653   4.1458918900729376e-17
5.464793520289261   4.1417837249986163e-17
5.469829603582052   4.1376809012518514e-17
5.474870327880004   4.1335834048167705e-17
5.479915697460038   4.129491221750568e-17
5.484965716603011   4.125404338182976e-17
5.49002038959374   4.121322740315712e-17
5.495079720720976   4.117246414421988e-17
5.500143714277427   4.113175346845963e-17
5.5052123745597505   4.109109524002239e-17
5.510285705868583   4.10504893237533e-17
5.515363712508505   4.1009935585191834e-17
5.520446398788071   4.0969433890566576e-17
5.525533769019797   4.092898410679032e-17
5.530625827520197   4.088858610145499e-17
5.535722578609738   4.084823974282698e-17
5.5408240266128805   4.0807944899842125e-17
5.545930175858061   4.0767701442101006e-17
5.551041030677722   4.072750923986403e-17
5.556156595408284   4.068736816404689e-17
5.561276874390167   4.0647278086215803e-17
5.566401871967786   4.060723887858289e-17
5.571531592489577   4.0567250414001477e-17
5.576666040307966   4.052731256596172e-17
5.581805219779396   4.0487425208586e-17
5.586949135264317   4.044758821662446e-17
5.592097791127218   4.040780146545042e-17
5.597251191736589   4.0368064831056255e-17
5.6024093414649565   4.0328378190048844e-17
5.607572244688865   4.028874141964538e-17
5.6127399057889145   4.0249154397668835e-17
5.61791232914972   4.020961700254403e-17
5.623089519159947   4.0170129113293246e-17
5.628271480212299   4.013069060953211e-17
5.633458216703541   4.0091301371465334e-17
5.638649733034478   4.005196127988283e-17
5.6438460336099725   4.001267021615548e-17
5.649047122838941   3.9973428062231224e-17
5.654253005134383   3.993423470063083e-17
5.659463684913345   3.989509001444428e-17
5.66467916659695   3.985599388732656e-17
5.669899454610389   3.981694620349394e-17
5.675124553382952   3.977794684771991e-17
5.680354467347988   3.97389957053316e-17
5.6855892009429425   3.970009266220586e-17
5.69082875860934   3.966123760476549e-17
5.696073144792818   3.9622430419975436e-17
5.7013223639430946   3.9583670995339287e-17
5.706576420513992   3.954495921889546e-17
5.7118353189634306   3.9506294979213615e-17
5.7170990637534596   3.9467678165390944e-17
5.72236765935022   3.94291086670488e-17
5.727641110223976   3.9390586374328956e-17
5.732919420849103   3.935211117789023e-17
5.738202595704121   3.9313682968904815e-17
5.7434906392716565   3.9275301639055033e-17
5.748783556038475   3.923696708052979e-17
5.754081350495469   3.919867918602123e-17
5.759384027137689   3.916043784872117e-17
5.764691590464309   3.912224296231809e-17
5.770004044978656   3.9084094420993544e-17
5.7753213951881985   3.904599211941902e-17
5.780643645604582   3.9007935952752496e-17
5.785970800743587   3.896992581663544e-17
5.791302865125157   3.893196160718951e-17
5.79663984327342   3.889404322101318e-17
5.801981739716653   3.885617055517891e-17
5.807328558987314   3.881834350722978e-17
5.812680305622031   3.878056197517656e-17
5.8180369841616315   3.874282585749431e-17
5.823398599151108   3.8705135053119754e-17
5.828765155139649   3.8667489461447924e-17
5.834136656680629   3.862988898232936e-17
5.839513108331635   3.859233351606689e-17
5.84489451465444   3.855482296341294e-17
5.850280880215022   3.8517357225566436e-17
5.855672209583564   3.8479936204169965e-17
5.861068507334478   3.844255980130678e-17
5.8664697780463735   3.840522791949805e-17
5.871876026302084   3.836794046170003e-17
5.877287256688663   3.8330697331301204e-17
5.882703473797407   3.8293498432119316e-17
5.888124682223826   3.825634366839897e-17
5.893550886567674   3.8219232944808525e-17
5.898982091432932   3.8182166166437675e-17
5.904418301427846   3.814514323879433e-17
5.909859521164891   3.810816406780241e-17
5.915305755260796   3.807122855979882e-17
5.92075700833654   3.803433662153103e-17
5.926213285017381   3.799748816015418e-17
5.931674589932816   3.796068308322884e-17
5.9371409277166185   3.792392129871815e-17
5.942612303006824   3.7887202714985387e-17
5.948088720445762   3.7850527240791325e-17
5.9535701846800215   3.7813894785291814e-17
5.959056700360478   3.777730525803525e-17
5.96454827214229   3.7740758568960105e-17
5.970044904684921   3.770425462839231e-17
5.975546602652113   3.7667793347043077e-17
5.981053370711909   3.763137463600627e-17
5.986565213536651   3.759499840675614e-17
5.9920821358030025   3.7558664571144706e-17
5.9976041421919195   3.752237304139969e-17
6.003131237388678   3.748612373012196e-17
6.008663426082865   3.744991655028331e-17
6.014200712968409   3.7413751415223955e-17
6.019743102743544   3.737762823865049e-17
6.02529060011084   3.7341546934633477e-17
6.030843209777196   3.730550741760523e-17
6.036400936453865   3.7269509602357357e-17
6.041963784856426   3.723355340403888e-17
6.047531759704807   3.719763873815385e-17
6.053104865723281   3.716176552055913e-17
6.058683107640492   3.712593366746217e-17
6.064266490189425   3.7090143095419036e-17
6.0698550181074316   3.70543937213321e-17
6.075448696136222   3.7018685462448016e-17
6.081047529021898   3.6983018236355425e-17
6.086651521514913   3.6947391960983154e-17
6.092260678370105   3.691180655459787e-17
6.09787500434669   3.68762619358022e-17
6.103494504208287   3.684075802353247e-17
6.1091191827228855   3.680529473705692e-17
6.114749044662876   3.676987199597354e-17
6.12038409480504   3.6734489720208127e-17
6.1260243379305805   3.6699147830012123e-17
6.131669778825089   3.666384624596094e-17
6.137320422278571   3.662858488895179e-17
6.142976273085441   3.659336368020183e-17
6.148637336044553   3.655818254124608e-17
6.154303615959159   3.652304139393572e-17
6.159975117636949   3.64879401604361e-17
6.165651845890035   3.6452878763224864e-17
6.1713338055349825   3.6417857125089947e-17
6.177021001392777   3.63828751691279e-17
6.182713438288854   3.6347932818742014e-17
6.188411121053087   3.6313029997640414e-17
6.194114054519823   3.627816662983419e-17
6.1998222435278425   3.6243342639635776e-17
6.205535692920392   3.620855795165705e-17
6.211254407545176   3.6173812490807535e-17
6.216978392254384   3.61391061822926e-17
6.222707651904659   3.610443895161185e-17
6.228442191357119   3.6069810724557325e-17
6.234182015477381   3.603522142721162e-17
6.239927129135528   3.6000670985946397e-17
6.245677537206135   3.5966159327420566e-17
6.251433244568265   3.593168637857864e-17
6.257194256105496   3.5897252066648935e-17
6.262960576705886   3.586285631914208e-17
6.268732211262005   3.5828499063849254e-17
6.274509164670926   3.579418022884062e-17
6.280291441834253   3.575989974246354e-17
6.286079047658088   3.572565753334112e-17
6.291871987053061   3.569145353037057e-17
6.29767026493432   3.5657287662721603e-17
6.303473886221564   3.56231598598347e-17
6.309282855839005   3.5589070051419794e-17
6.315097178715399   3.555501816745454e-17
6.320916859784037   3.552100413818288e-17
6.326741903982779   3.548702789411324e-17
6.332572316254011   3.54530893660174e-17
6.338408101544687   3.541918848492866e-17
6.344249264806305   3.5385325182140524e-17
6.350095810994953   3.5351499389204986e-17
6.355947745071262   3.5317711037931323e-17
6.361805072000444   3.528396006038438e-17
6.3676677967522775   3.5250246388883324e-17
6.373535924301143   3.5216569955999875e-17
6.379409459625983   3.518293069455725e-17
6.385288407710338   3.514932853762844e-17
6.391172773542331   3.5115763418534924e-17
6.397062562114704   3.508223527084514e-17
6.4029577784247795   3.504874402837323e-17
6.408858427474493   3.5015289625177546e-17
6.414764514270381   3.4981871995559306e-17
6.4206760438236135   3.494849107406116e-17
6.426593021149961   3.491514679546588e-17
6.432515451269823   3.488183909479503e-17
6.438443339208215   3.48485679073076e-17
6.444376689994806   3.4815333168498524e-17
6.4503155086638815   3.478213481409762e-17
6.4562598002543705   3.4748972780068065e-17
6.462209569809841   3.471584700260519e-17
6.468164822378525   3.4682757418135066e-17
6.474125563013293   3.4649703963313367e-17
6.480091796771672   3.4616686575023975e-17
6.486063528715849   3.458370519037781e-17
6.492040763912691   3.455075974671133e-17
6.498023507433717   3.45178501815856e-17
6.504011764355128   3.4484976432784815e-17
6.510005539757793   3.44521384383152e-17
6.516004838727284   3.441933613640357e-17
6.52200966635384   3.438656946549638e-17
6.528020027732399   3.4353838364258344e-17
6.534035927962587   3.4321142771571277e-17
6.5400573721487465   3.4288482626532797e-17
6.546084365399908   3.4255857868455353e-17
6.552116912829815   3.4223268436864827e-17
6.558155019556916   3.4190714271499546e-17
6.5641986907044   3.4158195312308857e-17
6.570247931400153   3.4125711499452284e-17
6.576302746776794   3.4093262773298174e-17
6.582363141971669   3.406084907442264e-17
6.588429122126874   3.4028470343608316e-17
6.594500692389226   3.399612652184339e-17
6.600577857910291   3.3963817550320375e-17
6.606660623846376   3.3931543370435073e-17
6.61274899535856   3.3899303923785326e-17
6.6188429776126565   3.3867099152170116e-17
6.624942575779249   3.3834928997588346e-17
6.631047795033678   3.380279340223783e-17
6.6371586405560725   3.377069230851408e-17
6.643275117531315   3.3738625659009453e-17
6.649397231149076   3.370659339651192e-17
6.655524986603799   3.367459546400414e-17
6.661658389094734   3.3642631804662195e-17
6.667797443825905   3.3610702361854834e-17
6.673942156006129   3.3578807079142326e-17
6.680092530849046   3.354694590027526e-17
6.686248573573076   3.351511876919383e-17
6.692410289401461   3.348332563002661e-17
6.698577683562245   3.345156642708967e-17
6.704750761288312   3.3419841104885407e-17
6.710929527817347   3.3388149608101784e-17
6.717113988391871   3.335649188161116e-17
6.723304148259226   3.332486787046944e-17
6.729500012671613   3.3293277519914925e-17
6.735701586886051   3.3261720775367577e-17
6.741908876164411   3.32301975824279e-17
6.748121885773407   3.319870788687605e-17
6.7543406209846255   3.316725163467078e-17
6.760565087074491   3.31358287719487e-17
6.7667952893243   3.310443924502316e-17
6.7730312330202045   3.307308300038344e-17
6.779272923453251   3.304175998469368e-17
6.785520365919343   3.3010470144792154e-17
6.791773565719267   3.2979213427690227e-17
6.798032528158691   3.29479897805715e-17
6.804297258548194   3.291679915079085e-17
6.810567762203224   3.288564148587362e-17
6.816844044444139   3.285451673351469e-17
6.8231261105961885   3.2823424841577646e-17
6.829413965989554   3.2792365758093757e-17
6.835707615959307   3.276133943126127e-17
6.842007065845442   3.273034580944446e-17
6.848312320992869   3.2699384841172834e-17
6.854623386751442   3.266845647514014e-17
6.860940268475925   3.263756066020371e-17
6.867262971526028   3.260669734538344e-17
6.873591501266386   3.257586647986113e-17
6.879925863066604   3.2545068012979416e-17
6.886266062301212   3.2514301894241173e-17
6.892612104349702   3.2483568073308593e-17
6.898963994596515   3.2452866500002375e-17
6.905321738431073   3.2422197124300856e-17
6.911685341247749   3.2391559896339323e-17
6.918054808445888   3.2360954766409144e-17
6.924430145429809   3.2330381684957e-17
6.930811357608828   3.229984060258398e-17
6.937198450397229   3.2269331470044986e-17
6.94359142921429   3.2238854238247835e-17
6.949990299484278   3.220840885825251e-17
6.9563950666364756   3.217799528127031e-17
6.962805736105153   3.2147613458663234e-17
6.969222313329592   3.2117263341943144e-17
6.975644803754081   3.208694488277098e-17
6.982073212827947   3.2056658032955994e-17
6.9885075460055175   3.20264027444551e-17
6.9949478087461525   3.1996178969372074e-17
7.0013940065142375   3.196598665995683e-17
7.007846144779214   3.1935825768604604e-17
7.0143042290155435   3.1905696247855336e-17
7.020768264702738   3.187559805039293e-17
7.027238257325354   3.184553112904452e-17
7.033714212373022   3.181549543677964e-17
7.040196135340411   3.178549092670973e-17
7.04668403172726   3.175551755208729e-17
7.0531779070383696   3.172557526630523e-17
7.059677766783636   3.169566402289604e-17
7.06618361647801   3.1665783775531317e-17
7.072695461641532   3.1635934478020945e-17
7.079213307799321   3.1606116084312444e-17
7.085737160481614   3.157632854849019e-17
7.092267025223717   3.154657182477491e-17
7.098802907566048   3.151684586752293e-17
7.105344813054122   3.148715063122547e-17
7.111892747238587   3.1457486070508e-17
7.118446715675183   3.1427852140129616e-17
7.125006723924779   3.1398248794982374e-17
7.131572777553361   3.136867599009065e-17
7.138144882132064   3.1339133680610356e-17
7.144723043237138   3.130962182182854e-17
7.151307266449971   3.12801403691626e-17
7.157897557357115   3.1250689278159554e-17
7.164493921550251   3.1221268504495625e-17
7.1710963646262185   3.1191878003975495e-17
7.177704892187007   3.1162517732531704e-17
7.184319509839792   3.113318764622393e-17
7.190940223196892   3.110388770123857e-17
7.197567037875809   3.1074617853887957e-17
7.204199959499211   3.104537806060987e-17
7.21083899369497   3.1016168277966776e-17
7.2174841460961225   3.09869884626454e-17
7.224135422340905   3.0957838571456054e-17
7.23079282807274   3.092871856133202e-17
7.237456368940276   3.089962838932894e-17
7.244126050597342   3.087056801262433e-17
7.250801878702986   3.084153738851691e-17
7.257483858921463   3.081253647442607e-17
7.264171996922271   3.078356522789121e-17
7.270866298380111   3.0754623606571276e-17
7.277566768974918   3.072571156824415e-17
7.284273414391857   3.069682907080609e-17
7.290986240321353   3.066797607227106e-17
7.297705252459054   3.063915253077036e-17
7.304430456505862   3.061035840455195e-17
7.311161858167929   3.058159365197994e-17
7.317899463156683   3.0552858231533917e-17
7.324643277188796   3.052415210180864e-17
7.331393305986216   3.049547522151328e-17
7.338149555276155   3.0466827549471023e-17
7.344912030791127   3.0438209044618363e-17
7.351680738268904   3.0409619666004784e-17
7.358455683452554   3.038105937279208e-17
7.365236872090433   3.0352528124253877e-17
7.372024309936213   3.0324025879775074e-17
7.378818002748848   3.0295552598851365e-17
7.385617956292605   3.026710824108876e-17
7.392424176337056   3.0238692766202974e-17
7.399236668657116   3.021030613401889e-17
7.4060554390329925   3.018194830447025e-17
7.412880493250233   3.015361923759892e-17
7.419711837099707   3.012531889355457e-17
7.426549476377644   3.0097047232593977e-17
7.433393416885591   3.006880421508073e-17
7.440243664430449   3.0040589801484647e-17
7.4471002248244655   3.0012403952381265e-17
7.453963103885264   2.998424662845131e-17
7.460832307435807   2.9956117790480384e-17
7.467707841304433   2.992801739935829e-17
7.474589711324841   2.989994541607871e-17
7.48147792333613   2.987190180173856e-17
7.488372483182759   2.9843886517537675e-17
7.495273396714576   2.981589952477827e-17
7.502180669786818   2.978794078486446e-17
7.509094308260137   2.976001025930177e-17
7.516014318000563   2.9732107909696786e-17
7.5229407048795425   2.970423369775656e-17
7.529873474773922   2.967638758528827e-17
7.536812633565988   2.964856953419862e-17
7.543758187143425   2.962077950649355e-17
7.5507101413993505   2.959301746427768e-17
7.557668502232306   2.9565283369753924e-17
7.56463327554629   2.953757718522295e-17
7.571604467250722   2.950989887308284e-17
7.578582083260471   2.948224839582865e-17
7.585566129495853   2.945462571605193e-17
7.592556611882659   2.94270307964402e-17
7.599553536352122   2.9399463599776723e-17
7.606556908840946   2.9371924088939926e-17
7.613566735291298   2.934441222690307e-17
7.620583021650846   2.931692797673364e-17
7.627605773872714   2.9289471301593174e-17
7.634634997915523   2.926204216473669e-17
7.641670699743372   2.923464052951233e-17
7.648712885325884   2.920726635936082e-17
7.65576156063816   2.917991961781524e-17
7.662816731660805   2.9152600268500546e-17
7.6698784043799595   2.9125308275133054e-17
7.676946584787258   2.9098043601520214e-17
7.684021278879863   2.907080621156008e-17
7.691102492660457   2.9043596069240985e-17
7.698190232137279   2.9016413138641013e-17
7.705284503324078   2.898925738392778e-17
7.712385312240156   2.8962128769357955e-17
7.7194926649103515   2.893502725927687e-17
7.7266065673650814   2.8907952818118036e-17
7.733727025640295   2.888090541040297e-17
7.740854045777513   2.885388500074062e-17
7.747987633823812   2.882689155382712e-17
7.755127795831871   2.8799925034445225e-17
7.762274537859918   2.8772985407464144e-17
7.769427865971775   2.8746072637839044e-17
7.776587786236841   2.871918669061073e-17
7.783754304730135   2.8692327530905133e-17
7.790927427532252   2.866549512393317e-17
7.798107160729393   2.863868943499019e-17
7.805293510413365   2.8611910429455734e-17
7.81248648268161   2.8585158072793e-17
7.8196860836371656   2.8558432330548703e-17
7.826892319388703   2.853173316835254e-17
7.834105196050513   2.850506055191696e-17
7.841324719742547   2.847841444703662e-17
7.848550896590369   2.845179481958828e-17
7.8557837327252   2.842520163553027e-17
7.863023234283902   2.8398634860902254e-17
7.870269407409014   2.837209446182469e-17
7.877522258248714   2.834558040449875e-17
7.884781792956854   2.8319092655205777e-17
7.8920480176929475   2.829263118030709e-17
7.8993209386222105   2.8266195946243416e-17
7.906600561915513   2.8239786919534833e-17
7.913886893749425   2.821340406678025e-17
7.921179940306195   2.818704735465716e-17
7.928479707773797   2.816071674992117e-17
7.935786202345882   2.813441221940586e-17
7.943099430221815   2.8108133730022343e-17
7.950419397606668   2.808188124875898e-17
7.9577461107112555   2.8055654742680943e-17
7.965079575752092   2.8029454178930085e-17
7.972419798951425   2.800327952472446e-17
7.979766786537234   2.797713074735809e-17
7.987120544743258   2.7951007814200544e-17
7.994481079808956   2.7924910692696755e-17
8.001848397979549   2.7898839350366635e-17
8.009222505506   2.7872793754804785e-17
8.01660340864506   2.7846773873680066e-17
8.023991113659225   2.7820779674735494e-17
8.031385626816762   2.77948111257878e-17
8.038786954391714   2.7768868194727156e-17
8.046195102663924   2.7742950849516803e-17
8.053610077919004   2.7717059058192903e-17
8.061031886448362   2.7691192788864086e-17
8.068460534549198   2.766535200971126e-17
8.075896028524538   2.7639536688987163e-17
8.083338374683194   2.761374679501626e-17
8.090787579339798   2.7587982296194332e-17
8.098243648814796   2.7562243160988208e-17
8.105706589434478   2.7536529357935422e-17
8.113176407530947   2.7510840855644013e-17
8.120653109442141   2.7485177622792194e-17
8.128136701511838   2.745953962812809e-17
8.135627190089684   2.7433926840469332e-17
8.143124581531149   2.740833922870296e-17
8.150628882197571   2.7382776761785034e-17
8.158140098456142   2.7357239408740364e-17
8.165658236679947   2.7331727138662187e-17
8.173183303247916   2.7306239920712018e-17
8.18071530454487   2.7280777724119227e-17
8.188254246961504   2.72553405181809e-17
8.195800136894427   2.7229928272261406e-17
8.203352980746116   2.7204540955792275e-17
8.210912784924952   2.717917853827189e-17
8.218479555845246   2.7153840989265105e-17
8.22605329992719   2.7128528278403167e-17
8.233634023596906   2.71032403753833e-17
8.24122173328643   2.7077977249968528e-17
8.24881643543375   2.7052738871987296e-17
8.256418136482756   2.702752521133338e-17
8.264026842883293   2.7002336237965495e-17
8.271642561091138   2.6977171921907084e-17
8.27926529756804   2.6952032233246013e-17
8.286895058781683   2.6926917142134404e-17
8.294531851205715   2.6901826618788314e-17
8.302175681319744   2.6876760633487517e-17
8.309826555609373   2.6851719156575148e-17
8.317484480566158   2.6826702158457638e-17
8.325149462687643   2.6801709609604318e-17
8.332821508477355   2.6776741480547242e-17
8.34050062444484   2.6751797741880827e-17
8.348186817105612   2.672687836426179e-17
8.355880092981202   2.6701983318408774e-17
8.363580458599143   2.665082842483427e-17
8.371287920493007   2.660573695077359e-17
8.379002485202363   2.656724007660236e-17
8.386724159272815   2.653144014419704e-17
8.394452949255987   2.6497232892178164e-17
8.40218886170957   2.6464116417280868e-17
8.409931903197274   2.6431811828707882e-17
8.417682080288861   2.6400144984900894e-17
8.425439399560144   2.6368998424765116e-17
8.43320386759302   2.6338288425797683e-17
8.440975490975424   2.6307952784637373e-17
8.448754276301372   2.627794376379997e-17
8.456540230170948   2.6248223761279254e-17
8.464333359190345   2.6218762518397606e-17
8.472133669971818   2.6189535246220684e-17
8.479941169133722   2.6160521325969923e-17
8.487755863300505   2.6131703381978697e-17
8.495577759102746   2.6103066604343966e-17
8.503406863177105   2.6074598243626856e-17
8.51124318216637   2.6046287226983443e-17
8.51908672271944   2.6018123861826864e-17
8.526937491491369   2.5990099603773208e-17
8.534795495143316   2.5962206872590105e-17
8.54266074034259   2.593443890452884e-17
8.550533233762634   2.5906789632607536e-17
8.558412982083066   2.587925358863067e-17
8.566299991989636   2.5851825822301633e-17
8.57419427017426   2.5824501833913686e-17
8.582095823335017   2.5797277517929463e-17
8.59000465817618   2.5770149115366945e-17
8.59792078140818   2.574311317336568e-17
8.605844199747635   2.571616651064985e-17
8.613774919917345   2.5689306187868458e-17
8.621712948646337   2.566252948199448e-17
8.629658292669804   2.563583386412329e-17
8.637610958729164   2.5609216980132554e-17
8.645570953572031   2.558267663376517e-17
8.653538283952269   2.5556210771772684e-17
8.661512956629936   2.552981747082067e-17
8.66949497837133   2.5503494925905683e-17
8.677484355948977   2.5477241440076026e-17
8.685481096141666   2.5451055415280426e-17
8.693485205734415   2.5424935344196925e-17
8.701496691518495   2.5398879802915905e-17
8.709515560291429   2.5372887444370587e-17
8.717541818857034   2.5346956992423155e-17
8.72557547402537   2.5321087236528546e-17
8.733616532612777   2.5295277026907576e-17
8.741665001441872   2.526952527017149e-17
8.749720887341585   2.5243830925346838e-17
8.757784197147112   2.5218193000257162e-17
8.765854937699956   2.5192610548222387e-17
8.77393311584792   2.516708266504277e-17
8.782018738445139   2.514160848623762e-17
8.790111812352041   2.511618718451319e-17
8.798212344435386   2.5090817967436407e-17
8.806320341568249   2.5065500075294638e-17
8.814435810630068   2.5040232779123197e-17
8.822558758506595   2.501501537888521e-17
8.830689192089928   2.4989847201789202e-17
8.83882711827854   2.496472760073181e-17
8.846972543977236   2.4939655952854985e-17
8.855125476097193   2.491463165820662e-17
8.863285921555951   2.4889654138496453e-17
8.871453887277449   2.486472283593837e-17
8.879629380191977   2.4839837212172557e-17
8.887812407236225   2.481499674726014e-17
8.896002975353266   2.4790200938744905e-17
8.904201091492599   2.4765449300776345e-17
8.912406762610095   2.4740741363289595e-17
8.92061999566805   2.47160766712373e-17
8.928840797635166   2.4691454783869732e-17
8.937069175486592   2.466687527405936e-17
8.945305136203878   2.464233772766674e-17
8.95354868677502   2.461784174294433e-17
8.961799834194442   2.4593386929975793e-17
8.970058585463043   2.4568972910147885e-17
8.978324947588142   2.4544599315653154e-17
8.98659892758353   2.4520265789020638e-17
8.99488053246945   2.449597198267313e-17
9.003169769272642   2.4471717558508863e-17
9.011466645026292   2.4447502187506322e-17
9.019771166770083   2.4423325549350205e-17
9.028083341550166   2.4399187332077574e-17
9.036403176419226   2.4375087231742424e-17
9.044730678436407   2.4351024952098062e-17
9.053065854667377   2.4327000204295617e-17
9.0614087121843   2.430301270659796e-17
9.069759258065888   2.4279062184107972e-17
9.078117499397349   2.4255148368510444e-17
9.08648344327043   2.4231270997826594e-17
9.0948570967834   2.4207429816180464e-17
9.103238467041102   2.4183624573576597e-17
9.111627561154895   2.4159855025688306e-17
9.120024386242706   2.4136120933655864e-17
9.128428949429006   2.411242206389406e-17
9.136841257844864   2.408875818790857e-17
9.14526131862789   2.4065129082120845e-17
9.15368913892228   2.404153452770071e-17
9.16212472587881   2.4017974310406496e-17
9.170568086654868   2.399444822043216e-17
9.179019228414413   2.3970956052261203e-17
9.187478158328014   2.3947497604526804e-17
9.195944883572839   2.3924072679877955e-17
9.2044194113327   2.3900681084851145e-17
9.212901748797995   2.3877322629747725e-17
9.221391903165765   2.385399712851606e-17
9.229889881639672   2.3830704398638704e-17
9.238395691430041   2.380744426102398e-17
9.24690933975382   2.3784216539902226e-17
9.25543083383461   2.3761021062725917e-17
9.263960180902666   2.3737857660073882e-17
9.27249738819493   2.3714726165559137e-17
9.281042462954986   2.3691626415740532e-17
9.289595412433101   2.3668558250037577e-17
9.29815624388622   2.3645521510648624e-17
9.306724964577999   2.362251604247203e-17
9.315301581778758   2.3599541693030537e-17
9.323886102765533   2.35765983123981e-17
9.332478534822048   2.3553685753129716e-17
9.341078885238776   2.3530803870193554e-17
9.349687161312875   2.350795252090581e-17
9.358303370348239   2.3485131564867685e-17
9.366927519655482   2.3462340863904692e-17
9.375559616551985   2.343958028200801e-17
9.384199668361846   2.3416849685278106e-17
9.392847682415916   2.339414894187008e-17
9.401503666051797   2.3371477921941e-17
9.410167626613882   2.334883649759894e-17
9.418839571453299   2.3326224542853956e-17
9.427519507927965   2.3303641933570452e-17
9.436207443402566   2.3281088547421284e-17
9.444903385248601   2.325856426384327e-17
9.453607340844341   2.3236068963994324e-17
9.462319317574847   2.3213602530711866e-17
9.471039322832022   2.3191164848472455e-17
9.479767364014547   2.3168755803353043e-17
9.488503448527934   2.3146375282993133e-17
9.49724758378451   2.3124023176558313e-17
9.505999777203462   2.3101699374704804e-17
9.51476003621078   2.307940376954529e-17
9.523528368239313   2.305713625461561e-17
9.53230478072875   2.30348967248426e-17
9.541089281125663   2.3012685076512754e-17
9.549881876883456   2.299050120724207e-17
9.558682575462413   2.296834501594659e-17
9.567491384329683   2.294621640281391e-17
9.576308310959327   2.29241152692754e-17
9.585133362832265   2.2902041517979503e-17
9.593966547436315   2.2879995052765565e-17
9.602807872266192   2.285797577863851e-17
9.611657344823547   2.2835983601744157e-17
9.620514972616908   2.281401842934546e-17
9.629380763161741   2.2792080169799174e-17
9.638254723980422   2.2770168732533324e-17
9.647136862602292   2.2748284028025137e-17
9.656027186563598   2.2726425967779872e-17
9.664925703407546   2.270459446430993e-17
9.673832420684281   2.268278943111474e-17
9.682747345950935   2.266101078266099e-17
9.691670486771574   2.2639258434363672e-17
9.700601850717248   2.2617532302567377e-17
9.709541445365973   2.259583230452822e-17
9.718489278302776   2.2574158358396115e-17
9.727445357119647   2.2552510383197766e-17
9.736409689415579   2.2530888298819812e-17
9.74538228279656   2.2509292025992623e-17
9.75436314487562   2.2487721486274278e-17
9.76335228327277   2.246617660203531e-17
9.772349705615055   2.244465729644347e-17
9.781355419536538   2.2423163493449143e-17
9.790369432678352   2.2401695117770845e-17
9.799391752688635   2.2380252094881475e-17
9.808422387222585   2.235883435099458e-17
9.817461343942446   2.233744181305108e-17
9.826508630517555   2.231607440870622e-17
9.835564254624282   2.2294732066317088e-17
9.844628223946085   2.2273414714930174e-17
9.85370054617349   2.2252122284269337e-17
9.862781229004142   2.2230854704723983e-17
9.871870280142751   2.2209611907337704e-17
9.880967707301133   2.2188393823797016e-17
9.890073518198204   2.2167200386420405e-17
9.899187720560024   2.214603152814756e-17
9.908310322119739   2.2124887182529105e-17
9.917441330617637   2.2103767283716225e-17
9.926580753801124   2.2082671766450828e-17
9.935728599424781   2.206160056605564e-17
9.944884875250299   2.2040553618424865e-17
9.954049589046535   2.2019530860014766e-17
9.963222748589496   2.199853222783459e-17
9.972404361662386   2.1977557659437618e-17
9.981594436055548   2.1956607092912577e-17
9.990792979566516   2.1935680466875035e-17
10.0   2.1914777720459128e-17
