0.001   6.098284068593951e-13
0.0010009215505167933   6.092669365991072e-13
0.0010018439502889405   6.087059832856357e-13
0.0010027672000990757   6.081455464430255e-13
0.0010036913007305502   6.075856255957615e-13
0.0010046162529674394   6.070262202687657e-13
0.0010055420575945395   6.064673299873983e-13
0.0010064687153973732   6.059089542774541e-13
0.0010073962271621838   6.053510926651673e-13
0.0010083245936759408   6.047937446772067e-13
0.0010092538157263373   6.04236909840678e-13
0.0010101838941017954   6.036805876831205e-13
0.0010111148295914613   6.031247777325102e-13
0.0010120466229852085   6.025694795172573e-13
0.0010129792750736386   6.020146925662063e-13
0.0010139127866480835   6.014604164086343e-13
0.0010148471585006023   6.009066505742531e-13
0.0010157823914239848   6.003533945932071e-13
0.0010167184862117501   5.998006479960739e-13
0.0010176554436581518   5.992484103138616e-13
0.0010185932645581726   5.986966810780116e-13
0.0010195319497075283   5.981454598203967e-13
0.0010204714999026674   5.975947460733205e-13
0.0010214119159407755   5.970445393695158e-13
0.0010223531986197697   5.723961321419889e-13
0.001023295348738303   5.516234066605546e-13
0.001024238367095764   5.386025503898121e-13
0.0010251822544922805   5.284966036821356e-13
0.0010261270117287152   5.200488774113711e-13
0.0010270726396066695   5.127051220448689e-13
0.001028019138928482   5.061628716656559e-13
0.001028966510497235   5.002357227792212e-13
0.0010299147551167467   4.947992600730067e-13
0.0010308638735915777   4.89765599347442e-13
0.0010318138667270284   4.850699675160554e-13
0.0010327647353291453   4.806630199865405e-13
0.0010337164802047137   4.765061562149728e-13
0.001034669102161264   4.725685171265598e-13
0.0010356226020070698   4.688249808423916e-13
0.0010365769805511522   4.65254778973667e-13
0.0010375322386032752   4.618405138125879e-13
0.0010384883769739498   4.585674430948207e-13
0.0010394453964744329   4.554229484200257e-13
0.0010404032979167324   4.523961328365064e-13
0.001041362082113601   4.494775112232469e-13
0.0010423217498785418   4.4665876861088273e-13
0.001043282302025806   4.439325690849181e-13
0.0010442437393703991   4.4129240292013825e-13
0.0010452060627280742   4.387324630062827e-13
0.0010461692729153368   4.362475439934953e-13
0.0010471333707494442   4.3383295925923053e-13
0.0010480983570484096   4.3148447199842914e-13
0.001049064232630998   4.291982376121961e-13
0.0010500309983167283   4.269707552139108e-13
0.001050998654925875   4.2479882655207643e-13
0.001051967203279471   4.2267952101147797e-13
0.0010529366441993028   4.206101456303779e-13
0.0010539069785079154   4.185882192838594e-13
0.0010548782070286104   4.166114503484091e-13
0.0010558503305854515   4.146777172918551e-13
0.001056823350003259   4.1278505173465507e-13
0.0010577972661076137   4.109316236093536e-13
0.0010587720797248566   4.0911572810982674e-13
0.0010597477916820934   4.073357741739922e-13
0.0010607244028071885   4.05590274285938e-13
0.0010617019139287707   4.0387783541774916e-13
0.001062680325876231   4.021971509595636e-13
0.0010636596394797285   4.00546993509537e-13
0.001064639855570183   3.9892620841465884e-13
0.0010656209749792826   3.973337079692397e-13
0.0010666029985394794   3.9576846619131253e-13
0.0010675859270839968   3.942295141082921e-13
0.0010685697614468224   3.927159354927147e-13
0.0010695545024627133   3.9122686299676174e-13
0.0010705401509671954   3.897614746410856e-13
0.0010715267077965672   3.8831899061915287e-13
0.0010725141737878948   3.868986703832669e-13
0.0010735025497790173   3.8549980998258215e-13
0.0010744918366085438   3.8412173962709896e-13
0.0010754820351158607   3.8276382145468255e-13
0.0010764731461411236   3.8142544748091083e-13
0.001077465170525263   3.8010603771381303e-13
0.0010784581091099873   3.788050384176568e-13
0.0010794519627377775   3.775219205116888e-13
0.001080446732251892   3.7625617809125833e-13
0.0010814424184963653   3.7500732706014497e-13
0.001082439022316013   3.7377490386406345e-13
0.0010834365445564255   3.7255846431640497e-13
0.0010844349860639742   3.713575825081446e-13
0.001085434347685809   3.7017184979470733e-13
0.0010864346302698641   3.690008738532693e-13
0.0010874358346648514   3.678442778046451e-13
0.0010884379617202664   3.6670169939443535e-13
0.001089441012286386   3.6557279022865883e-13
0.0010904449872142744   3.6445721505950725e-13
0.0010914498873557763   3.6335465111730646e-13
0.001092455713563523   3.62264787485067e-13
0.0010934624666909302   3.611873245123948e-13
0.0010944701475922032   3.60121973265773e-13
0.0010954787571223316   3.5906845501252404e-13
0.0010964882961370939   3.5802650073595804e-13
0.0010974987654930556   3.569958506794604e-13
0.0010985101660475757   3.559762539174323e-13
0.0010995224986587997   3.549674679512075e-13
0.0011005357641856645   3.539692583281737e-13
0.0011015499634878982   3.529813982825184e-13
0.001102565097426024   3.5200366839611383e-13
0.0011035811668613552   3.510358562781985e-13
0.0011045981726559998   3.5007775626258863e-13
0.0011056161156728587   3.491291691212796e-13
0.0011066349967756319   3.481899017933622e-13
0.001107654816828812   3.4725976712828403e-13
0.0011086755766976893   3.4633858364252855e-13
0.00110969727724835   3.454261752888799e-13
0.0011107199193476824   3.4452237123748274e-13
0.0011117435038633698   3.4362700566799e-13
0.0011127680316638966   3.4273991757209906e-13
0.0011137935036185465   3.4186095056587465e-13
0.001114819920597407   3.4098995271125835e-13
0.0011158472834713652   3.4012677634624315e-13
0.0011168755931121107   3.3927127792318773e-13
0.0011179048503921357   3.3842331785481643e-13
0.0011189350561847404   3.375827603674531e-13
0.0011199662113640255   3.367494733610995e-13
0.0011209983168048992   3.359233282759511e-13
0.001122031373383074   3.351041999650134e-13
0.0011230653819750734   3.3429196657246865e-13
0.0011241003434582252   3.3348650941749906e-13
0.0011251362587106667   3.3268771288325146e-13
0.0011261731286113432   3.31895464310686e-13
0.0011272109540400137   3.3110965389703895e-13
0.0011282497358772443   3.3033017459867303e-13
0.001129289475004414   3.295569220380695e-13
0.0011303301723037122   3.2878979441476416e-13
0.001131371828658146   3.280286924200147e-13
0.0011324144449515311   3.272735191550272e-13
0.0011334580220685004   3.26524180052543e-13
0.0011345025608945   3.2578058280163753e-13
0.0011355480623157956   3.250426372755593e-13
0.0011365945272194663   3.243102554624759e-13
0.0011376419564934099   3.235833513989701e-13
0.001138690351026341   3.228618411061678e-13
0.001139739711707797   3.2214564252836117e-13
0.001140790039428131   3.214346754740257e-13
0.0011418413350785187   3.207288615590985e-13
0.001142893599550955   3.200281241524321e-13
0.001143946833738261   3.193323883233078e-13
0.0011450010385340766   3.18641580790932e-13
0.0011460562148328665   3.179556298758086e-13
0.0011471123635299187   3.1727446545291384e-13
0.0011481694855213498   3.1659801890658836e-13
0.0011492275817040981   3.1592622308707894e-13
0.0011502866529759306   3.152590122686435e-13
0.0011513467002354399   3.145963221091653e-13
0.0011524077243820503   3.139380896111997e-13
0.001153469726316011   3.1328425308440573e-13
0.0011545327069384017   3.1263475210928776e-13
0.0011555966671511356   3.1198952750220105e-13
0.0011566616078569534   3.1134852128157327e-13
0.0011577275299594289   3.1071167663527695e-13
0.0011587944343629678   3.100789378891186e-13
0.0011598623219728121   3.094502504763901e-13
0.0011609311936950353   3.088255609084475e-13
0.0011620010504365464   3.082048167462664e-13
0.0011630718931050893   3.075879665729417e-13
0.0011641437226092481   3.0697495996708854e-13
0.0011652165398584402   3.0636574747711787e-13
0.001166290345762923   3.057602805963402e-13
0.0011673651412337906   3.051585117388754e-13
0.001168440927182981   3.045603942163282e-13
0.001169517704523269   3.0396588221521336e-13
0.0011705954741682712   3.03374930775085e-13
0.0011716742370324457   3.0278749576735713e-13
0.0011727539940310965   3.0220353387477917e-13
0.001173834746080367   3.016230025715543e-13
0.0011749164940972475   3.0104586010406055e-13
0.0011759992389995706   3.0047206547216804e-13
0.001177082981706019   2.9990157841111616e-13
0.0011781677231361188   2.993343593739456e-13
0.0011792534642102441   2.987703695144509e-13
0.0011803402058496162   2.98209570670643e-13
0.0011814279489763089   2.976519253486991e-13
0.001182516694513242   2.970973967073898e-13
0.0011836064433841875   2.965459485429556e-13
0.0011846971965137668   2.959975452744275e-13
0.0011857889548274577   2.954521519293659e-13
0.0011868817192515865   2.9490973413001696e-13
0.0011879754907133354   2.943702580798566e-13
0.001189070270140739   2.938336905505201e-13
0.0011901660584626905   2.9329999886909786e-13
0.0011912628566089368   2.927691509057901e-13
0.0011923606655100815   2.9224111506190373e-13
0.001193459486097585   2.9171586025818234e-13
0.00119455931930377   2.9119335592345426e-13
0.0011956601660618148   2.906735719835996e-13
0.0011967620273057582   2.901564788508094e-13
0.001197864903970499   2.896420474131402e-13
0.0011989687969918017   2.891302490243457e-13
0.0012000737073062885   2.8862105549398816e-13
0.0012011796358514467   2.8811443907780477e-13
0.0012022865835656258   2.876103724683343e-13
0.0012033945513880446   2.8710882878578655e-13
0.0012045035402587824   2.866097815691564e-13
0.0012056135511187872   2.861132047675638e-13
0.0012067245849098724   2.8561907273182145e-13
0.0012078366425747234   2.851273602062161e-13
0.00120894972505689   2.8463804232050666e-13
0.0012100638333007933   2.841510945821194e-13
0.0012111789682517232   2.8366649286854605e-13
0.0012122951308558448   2.831842134199285e-13
0.001213412322060191   2.827042328318365e-13
0.0012145305428126689   2.822265280482196e-13
0.001215649794062058   2.817510763545361e-13
0.0012167700767580156   2.81277855371051e-13
0.0012178913918510705   2.8080684304630173e-13
0.001219013740292629   2.803380176507192e-13
0.0012201371230349724   2.798713577704071e-13
0.001221261541031264   2.7940684230106857e-13
0.0012223869952355413   2.7894445044208403e-13
0.001223513486602722   2.7848416169072673e-13
0.001224641016088603   2.7802595583651725e-13
0.0012257695846498657   2.775698129557111e-13
0.0012268991932440692   2.7711571340591997e-13
0.0012280298428296555   2.7666363782085513e-13
0.0012291615343659526   2.762135671051949e-13
0.0012302942688131701   2.7576548242957305e-13
0.0012314280471324027   2.7531936522568206e-13
0.0012325628702856313   2.748751971814883e-13
0.001233698739235722   2.744329602365592e-13
0.0012348356549464318   2.73992636577493e-13
0.0012359736183824026   2.7355420863345847e-13
0.0012371126305091645   2.731176590718303e-13
0.0012382526922931417   2.7268297079392255e-13
0.0012393938047016453   2.7225012693082266e-13
0.0012405359687028784   2.7181911083931334e-13
0.001241679185265936   2.7138990609788683e-13
0.0012428234553608093   2.7096249650284583e-13
0.0012439687799583798   2.7053686606449396e-13
0.0012451151600304253   2.701129990034048e-13
0.0012462625965496171   2.69690879746776e-13
0.0012474110904895277   2.6927049292485786e-13
0.001248560642824622   2.688518233674659e-13
0.0012497112545302646   2.68434856100562e-13
0.0012508629265827183   2.680195763429118e-13
0.001252015659959148   2.6760596950281176e-13
0.0012531694556376168   2.6719402117488854e-13
0.001254324314597089   2.6678371713696234e-13
0.0012554802378174311   2.6637504334697865e-13
0.0012566372262794157   2.6596798594000166e-13
0.0012577952809647152   2.655625312252752e-13
0.0012589544028559084   2.651586656833391e-13
0.001260114592936478   2.6475637596320886e-13
0.0012612758521908175   2.6435564887960997e-13
0.0012624381816042228   2.639564714102744e-13
0.0012636015821628997   2.635588306932862e-13
0.0012647660548539615   2.631627140244854e-13
0.0012659316006654348   2.6276810885492036e-13
0.0012670982205862532   2.6237500278835666e-13
0.0012682659156062622   2.619833835788319e-13
0.001269434686716219   2.6159323912826046e-13
0.0012706045349077978   2.612045574840853e-13
0.0012717754611735821   2.6081732683697893e-13
0.0012729474665070717   2.6043153551858685e-13
0.0012741205519026806   2.600471719993166e-13
0.0012752947183557435   2.596642248861686e-13
0.001276469966862508   2.59282682920613e-13
0.0012776462984201411   2.5890253497650357e-13
0.001278823714026728   2.585237700580347e-13
0.001280002214681277   2.581463772977349e-13
0.001281181801383713   2.5777034595450365e-13
0.0012823624751348843   2.573956654116802e-13
0.00128354423693656   2.5702232517515376e-13
0.0012847270877914358   2.566503148715049e-13
0.0012859110287031285   2.5627962424618757e-13
0.00128709606067618   2.5591024316174085e-13
0.0012882821847160575   2.5554216159603626e-13
0.0012894694018291582   2.551753696405562e-13
0.0012906577130228029   2.548098574987078e-13
0.0012918471193052424   2.544456154841637e-13
0.0012930376216856547   2.5408263401923743e-13
0.0012942292211741524   2.537209036332839e-13
0.0012954219187817743   2.533604149611354e-13
0.001296615715520493   2.5300115874156074e-13
0.0012978106124032118   2.526431258157556e-13
0.0012990066104437718   2.522863071258572e-13
0.0013002037106569443   2.519306937134903e-13
0.0013014019140584368   2.5157627671833524e-13
0.0013026012216648918   2.5122304737672377e-13
0.0013038016344938926   2.5087099702025763e-13
0.0013050031535639564   2.505201170744558e-13
0.0013062057798945402   2.501703990574222e-13
0.001307409514506039   2.498218345785382e-13
0.0013086143584197926   2.494744153371765e-13
0.0013098203126580775   2.4912813312144186e-13
0.001311027378244114   2.487829798069286e-13
0.0013122355562020635   2.4843894735550373e-13
0.001313444847557036   2.4809602781410717e-13
0.0013146552533350817   2.4775421331357816e-13
0.0013158667745631978   2.474134960674967e-13
0.0013170794122693262   2.470738683710483e-13
0.0013182931674823608   2.4673532259990465e-13
0.0013195080412321393   2.4639785120912834e-13
0.0013207240345494498   2.4606144673209156e-13
0.0013219411484660286   2.457261017794161e-13
0.001323159384014568   2.453918090379275e-13
0.0013243787422287064   2.4505856126963305e-13
0.001325599224143036   2.4472635131071087e-13
0.0013268208307931058   2.443951720705175e-13
0.0013280435632154154   2.4406501653061473e-13
0.0013292674224474204   2.4373587774380946e-13
0.001330492409527532   2.434077488332104e-13
0.0013317185254951218   2.4308062299129974e-13
0.001332945771390515   2.427544934790223e-13
0.0013341741482549973   2.424293536248865e-13
0.0013354036571308126   2.4210519682408257e-13
0.0013366342990611692   2.417820165376122e-13
0.0013378660750902327   2.4145980629143623e-13
0.0013390989862631323   2.411385596756325e-13
0.001340333033625959   2.4081827034356934e-13
0.001341568218225772   2.404989320110902e-13
0.0013428045411105916   2.401805384557149e-13
0.0013440420033294044   2.3986308351585016e-13
0.0013452806059321633   2.3954656109001426e-13
0.001346520349969792   2.3923096513607273e-13
0.0013477612364941793   2.3891628967048874e-13
0.0013490032665581845   2.386025287675823e-13
0.0013502464412156357   2.382896765588032e-13
0.0013514907615213363   2.3797772723201265e-13
0.0013527362285310576   2.376666750307807e-13
0.0013539828433015455   2.3735651425368936e-13
0.001355230606890518   2.3704723925365067e-13
0.0013564795203566719   2.3673884443723144e-13
0.001357729584759676   2.3643132426399287e-13
0.001358980801160177   2.3612467324583636e-13
0.001360233170619797   2.3581888594636186e-13
0.0013614866942011409   2.3551395698023325e-13
0.0013627413729677892   2.3520988101255726e-13
0.0013639972079843032   2.3490665275826863e-13
0.0013652542003162245   2.346042669815258e-13
0.00136651235103008   2.343027184951143e-13
0.0013677716611933764   2.3400200215986234e-13
0.0013690321318746042   2.337021128840618e-13
0.0013702937641432386   2.3340304562289916e-13
0.0013715565590697433   2.331047953778947e-13
0.0013728205177255654   2.3280735719635095e-13
0.0013740856411831397   2.3251072617080807e-13
0.0013753519305158889   2.3221489743850763e-13
0.0013766193867982286   2.319198661808637e-13
0.0013778880111055601   2.3162562762294387e-13
0.0013791578045142777   2.31332177032955e-13
0.001380428768101766   2.3103950972173864e-13
0.0013817009029464065   2.3074762104227135e-13
0.0013829742101275704   2.30456506389176e-13
0.0013842486907256254   2.3016616119823635e-13
0.0013855243458219327   2.29876580945921e-13
0.0013868011764988544   2.2958776114891215e-13
0.0013880791838397466   2.29299697363644e-13
0.001389358368928964   2.29012385185845e-13
0.0013906387328518602   2.2872582025008824e-13
0.0013919202766947926   2.2843999822934627e-13
0.0013932030015451158   2.281549148345556e-13
0.0013944869084911878   2.278705658141841e-13
0.0013957719986223678   2.275869469538061e-13
0.001397058273029024   2.2730405407568225e-13
0.001398345732802524   2.2702188303834747e-13
0.001399634379035244   2.2674042973620225e-13
0.0014009242128205641   2.264596900991114e-13
0.0014022152352528771   2.26179660092006e-13
0.0014035074474275798   2.259003357144946e-13
0.00140480085044108   2.2562171300047613e-13
0.0014060954453907943   2.2534378801776068e-13
0.001407391233375155   2.2506655686769268e-13
0.001408688215493602   2.2479001568478327e-13
0.0014099863928465895   2.245141606363441e-13
0.0014112857665355887   2.2423898792212705e-13
0.0014125863376630826   2.2396449377397025e-13
0.001413888107332571   2.2369067445544741e-13
0.0014151910766485713   2.2341752626152226e-13
0.0014164952467166166   2.231450455182077e-13
0.0014178006186432637   2.2287322858222886e-13
0.0014191071935360843   2.2260207184069285e-13
0.001420414972503671   2.2233157171076062e-13
0.0014217239566556427   2.2206172463932272e-13
0.0014230341471026362   2.2179252710268274e-13
0.001424345544956313   2.2152397560624165e-13
0.0014256581513293599   2.2125606668418734e-13
0.0014269719673354864   2.209887968991893e-13
0.001428286994089434   2.2072216284209455e-13
0.0014296032327069663   2.204561611316315e-13
0.0014309206843048754   2.2019078841411472e-13
0.0014322393500009866   2.1992604136315342e-13
0.0014335592309141518   2.1966191667936636e-13
0.0014348803281642546   2.1939841109009775e-13
0.0014362026428722094   2.1913552134913856e-13
0.001437526176159968   2.188732442364493e-13
0.0014388509291505124   2.186115765578896e-13
0.0014401769029678594   2.1835051514494862e-13
0.0014415040987370618   2.180900568544799e-13
0.0014428325175842125   2.1783019856843852e-13
0.0014441621606364385   2.1757093719362408e-13
0.0014454930290219064   2.1731226966142463e-13
0.0014468251238698212   2.170541929275646e-13
0.0014481584463104328   2.167967039718554e-13
0.0014494929974750287   2.1653979979795078e-13
0.0014508287784959402   2.1628347743310356e-13
0.0014521657905065403   2.1602773392792616e-13
0.001453504034641251   2.1577256635615336e-13
0.0014548435120355359   2.1551797181440967e-13
0.0014561842238259056   2.1526394742197807e-13
0.0014575261711499172   2.1501049032057228e-13
0.00145886935514618   2.147575976741108e-13
0.0014602137769543489   2.1450526666849625e-13
0.0014615594377151298   2.1425349451139445e-13
0.001462906338570279   2.1400227843201853e-13
0.0014642544806626086   2.1375161568091352e-13
0.00146560386513598   2.135015035297463e-13
0.0014669544931353105   2.1325193927109548e-13
0.00146830636580657   2.1300292021824573e-13
0.0014696594842967898   2.1275444370498274e-13
0.0014710138497540538   2.1250650708539297e-13
0.0014723694633275047   2.1225910773366428e-13
0.0014737263261673434   2.1201224304388894e-13
0.0014750844394248348   2.1176591042986912e-13
0.0014764438042523004   2.1152010732492618e-13
0.0014778044218031255   2.1127483118170977e-13
0.001479166293231756   2.1103007947201153e-13
0.001480529419693707   2.107858496865782e-13
0.0014818938023455535   2.1054213933493103e-13
0.0014832594423449378   2.102989459451833e-13
0.0014846263408505678   2.1005626706386263e-13
0.0014859944990222235   2.0981410025573327e-13
0.0014873639180207495   2.0957244310362298e-13
0.0014887345990080613   2.0933129320825033e-13
0.0014901065431471435   2.0909064818805397e-13
0.001491479751602058   2.088505056790236e-13
0.0014928542255379337   2.0861086333453517e-13
0.001494229966120975   2.0837171882518552e-13
0.0014956069745184603   2.081330698386297e-13
0.0014969852518987475   2.0789491407942004e-13
0.0014983647994312667   2.0765724926884814e-13
0.0014997456182865275   2.0742007314478745e-13
0.0015011277096361165   2.0718338346153817e-13
0.0015025110746527044   2.069471779896731e-13
0.0015038957145100383   2.067114545158873e-13
0.0015052816303829481   2.0647621084284725e-13
0.0015066688234473455   2.0624144478904317e-13
0.0015080572948802298   2.060071541886415e-13
0.0015094470458596806   2.0577333689134135e-13
0.001510838077564863   2.0553999076223095e-13
0.0015122303911760339   2.0530711368164483e-13
0.0015136239878745328   2.050747035450255e-13
0.0015150188688427893   2.0484275826278422e-13
0.0015164150352643228   2.046112757601641e-13
0.0015178124883237424   2.04380253977105e-13
0.0015192112292067524   2.0414969086810902e-13
0.0015206112591001461   2.0391958440210927e-13
0.00152201257919181   2.0368993256233852e-13
0.00152341519067073   2.0346073334619885e-13
0.0015248190947269834   2.0323198476513538e-13
0.0015262242925517455   2.0300368484450853e-13
0.001527630785337289   2.0277583162346923e-13
0.0015290385742769844   2.0254842315483526e-13
0.0015304476605653061   2.0232145750496794e-13
0.0015318580453978251   2.020949327536524e-13
0.001533269729971214   2.0186884699397718e-13
0.0015346827154832524   2.016431983322151e-13
0.00153609700313282   2.014179848877072e-13
0.0015375125941199015   2.0119320479274647e-13
0.0015389294896455874   2.009688561924631e-13
0.0015403476909120787   2.007449372447105e-13
0.00154176719912268   2.0052144611995454e-13
0.0015431880154818064   2.0029838100116125e-13
0.0015446101411949814   2.0007574008368805e-13
0.0015460335774688438   1.9985352157517385e-13
0.00154745832551114   1.9963172369543322e-13
0.001548884386530731   1.9941034467634911e-13
0.0015503117617375899   1.991893827617682e-13
0.0015517404523428097   1.989688362073956e-13
0.0015531704595585954   1.9874870328069395e-13
0.0015546017845982697   1.9852898226078016e-13
0.0015560344286762724   1.9830967143832528e-13
0.0015574683930081672   1.9809076911545394e-13
0.001558903678810633   1.9787227360564687e-13
0.001560340287301472   1.976541832336426e-13
0.0015617782196996064   1.9743649633534125e-13
0.0015632174772250871   1.9721921125770797e-13
0.0015646580610990844   1.970023263586799e-13
0.0015660999725438949   1.9678584000707156e-13
0.001567543212782941   1.9656975058248247e-13
0.0015689877830407772   1.96354056475205e-13
0.0015704336845430806   1.961387560861349e-13
0.0015718809185166608   1.959238478266804e-13
0.001573329486189456   1.9570933011867387e-13
0.00157477938879054   1.9549520139428326e-13
0.0015762306275501153   1.9528146009592634e-13
0.0015776832036995196   1.9506810467618328e-13
0.0015791371184712233   1.948551335977124e-13
0.0015805923730988379   1.9464254533316462e-13
0.0015820489688171068   1.9443033836510105e-13
0.0015835069068619123   1.9421851118591013e-13
0.0015849661884702751   1.9400706229772538e-13
0.0015864268148803597   1.9379599021234416e-13
0.0015878887873314676   1.9358529345114846e-13
0.0015893521070640432   1.93374970545025e-13
0.001590816775319673   1.931650200342865e-13
0.0015922827933410922   1.9295544046859373e-13
0.0015937501623721768   1.9274623040687938e-13
0.0015952188836579502   1.925373884172709e-13
0.0015966889584445821   1.9232891307701578e-13
0.0015981603879793949   1.9212080297240593e-13
0.001599633173510856   1.9191305669870457e-13
0.0016011073162885844   1.9170567286007285e-13
0.00160258281756335   1.9149865006949695e-13
0.0016040596785870797   1.9129198694871625e-13
0.0016055379006128488   1.9108568212815282e-13
0.00160701748489489   1.9087973424684076e-13
0.001608498432688589   1.9067414195235657e-13
0.0016099807452504944   1.9046890390074935e-13
0.0016114644238383073   1.9026401875647405e-13
0.0016129494697108893   1.900594851923224e-13
0.0016144358841282613   1.89855301889357e-13
0.0016159236683516093   1.8965146753684352e-13
0.0016174128236432772   1.8944798083218674e-13
0.0016189033512667723   1.892448404808647e-13
0.0016203952524867706   1.8904204519636343e-13
0.001621888528569109   1.8883959370011473e-13
0.001623383180780793   1.8863748472143202e-13
0.0016248792103899952   1.8843571699744794e-13
0.0016263766186660551   1.8823428927305258e-13
0.0016278754068794873   1.8803320030083137e-13
0.0016293755763019723   1.8783244884100543e-13
0.001630877128206362   1.8763203366137077e-13
0.001632380063866687   1.8743195353723802e-13
0.0016338843845581463   1.872322072513748e-13
0.0016353900915571165   1.8703279359394598e-13
0.0016368971861411496   1.868337113624564e-13
0.0016384056695889738   1.8663495936169344e-13
0.0016399155431805006   1.8643653640366922e-13
0.001641426808196816   1.8623844130756583e-13
0.0016429394659201863   1.860406728996789e-13
0.001644453517634065   1.858432300133613e-13
0.0016459689646230835   1.8564611148897017e-13
0.0016474858081730575   1.8544931617381166e-13
0.0016490040495709874   1.8525284292208752e-13
0.0016505236901050637   1.8505669059484123e-13
0.0016520447310646596   1.8486085805990644e-13
0.001653567173740338   1.846653441918539e-13
0.001655091019423849   1.8447014787194028e-13
0.001656616269408139   1.842752679880558e-13
0.0016581429249873404   1.8408070343467512e-13
0.0016596709874567796   1.8388645311280576e-13
0.0016612004581129756   1.8369251592993888e-13
0.0016627313382536469   1.83498890799999e-13
0.0016642636291777028   1.8330557664329665e-13
0.0016657973321852519   1.831125723864783e-13
0.0016673324485775983   1.8291987696247946e-13
0.0016688689796572514   1.82727489310476e-13
0.0016704069267279148   1.8253540837583822e-13
0.001671946291094496   1.8234363311008313e-13
0.001673487074063103   1.821521624708289e-13
0.0016750292769410527   1.8196099542174785e-13
0.0016765729010368617   1.817701309325223e-13
0.001678117947660254   1.815795679787989e-13
0.0016796644181221586   1.813893055421441e-13
0.0016812123137347184   1.8119934260999916e-13
0.0016827616358112798   1.8100967817563762e-13
0.0016843123856664017   1.8082031123812097e-13
0.0016858645646158521   1.8063124080225605e-13
0.0016874181739766174   1.8044246587855148e-13
0.001688973215066892   1.8025398548317657e-13
0.0016905296892060868   1.8006579863791882e-13
0.0016920875977148274   1.798779043701425e-13
0.001693646941914961   1.796903017127468e-13
0.0016952077231295482   1.7950298970412617e-13
0.0016967699426828702   1.7931596738812927e-13
0.0016983336019004273   1.7912923381401913e-13
0.0016998987021089459   1.789427880364325e-13
0.0017014652446363707   1.7875662911534197e-13
0.0017030332308118712   1.7857075611601595e-13
0.0017046026619658404   1.783851681089804e-13
0.001706173539429902   1.7819986416997975e-13
0.0017077458645369029   1.7801484337994003e-13
0.0017093196386209185   1.7783010482493045e-13
0.0017108948630172528   1.7764564759612637e-13
0.0017124715390624452   1.7746147078977163e-13
0.001714049668094262   1.7727757350714295e-13
0.0017156292514517038   1.7709395485451267e-13
0.001717210290475003   1.7691061394311334e-13
0.001718792786505633   1.7672754988910102e-13
0.0017203767408862979   1.765447618135208e-13
0.0017219621549609408   1.7636224884227148e-13
0.0017235490300747417   1.7618001010607056e-13
0.0017251373675741257   1.759980447404193e-13
0.0017267271688067532   1.7581635188556935e-13
0.001728318435121528   1.756349306864884e-13
0.001729911167868596   1.7545378029282658e-13
0.0017315053683993518   1.7527289985888263e-13
0.0017331010380664306   1.750922885435717e-13
0.0017346981782237138   1.7491194551039236e-13
0.0017362967902263362   1.7473186992739297e-13
0.001737896875430676   1.7455206096714123e-13
0.0017394984351943624   1.7437251780669104e-13
0.001741101470876277   1.7419323962755116e-13
0.0017427059838365508   1.7401422561565393e-13
0.001744311975436574   1.7383547496132336e-13
0.0017459194470389864   1.736569868592454e-13
0.001747528400007683   1.7347876050843696e-13
0.001749138835707821   1.7330079511221454e-13
0.0017507507555058108   1.731230898781655e-13
0.0017523641607693234   1.7294564401811764e-13
0.0017539790528672905   1.7276845674810934e-13
0.0017555954331699031   1.7259152728836083e-13
0.0017572133030486208   1.7241485486324397e-13
0.0017588326638761614   1.7223843870125468e-13
0.0017604535170265075   1.7206227803498393e-13
0.001762075863874914   1.718863721010883e-13
0.0017636997057978968   1.7171072014026336e-13
0.001765325044173243   1.7153532139721491e-13
0.0017669518803800073   1.7136017512063156e-13
0.0017685802157985204   1.7118528056315674e-13
0.00177021005181038   1.7101063698136218e-13
0.0017718413897984584   1.7083624363572062e-13
0.001773474231146901   1.7066209979057907e-13
0.001775108577241134   1.7048820471413173e-13
0.001776744429467855   1.7031455767839452e-13
0.0017783817892150406   1.7014115795917846e-13
0.0017800206578719457   1.6996800483606378e-13
0.0017816610368291104   1.6979509759237402e-13
0.0017833029274783507   1.6962243551515102e-13
0.0017849463312127674   1.694500178951293e-13
0.001786591249426743   1.6927784402671113e-13
0.0017882376835159507   1.6910591320794116e-13
0.001789885634877344   1.6893422474048267e-13
0.0017915351049091661   1.6876277792959233e-13
0.0017931860950109466   1.6859157208409637e-13
0.0017948386065835106   1.684206065163658e-13
0.0017964926410289682   1.682498805422934e-13
0.0017981481997507236   1.6807939348126973e-13
0.0017998052841534731   1.6790914465615942e-13
0.001801463895643212   1.6773913339327768e-13
0.0018031240356272266   1.6756935902236784e-13
0.0018047857055141013   1.6739982087657788e-13
0.0018064489067137171   1.6723051829243816e-13
0.0018081136406372597   1.6706145060983772e-13
0.00180977990869721   1.6689261717200332e-13
0.001811447712307352   1.6672401732547643e-13
0.001813117052882771   1.665556504200915e-13
0.001814787931839862   1.663875158089532e-13
0.0018164603505963193   1.6621961284841623e-13
0.0018181343105711457   1.660519408980627e-13
0.0018198098131846504   1.6588449932068127e-13
0.0018214868598584563   1.6571728748224528e-13
0.001823165452015491   1.6555030475189277e-13
0.0018248455910799956   1.6538355050190504e-13
0.0018265272784775215   1.6521702410768588e-13
0.0018282105156349395   1.6505072494774104e-13
0.0018298953039804298   1.6488465240365833e-13
0.0018315816449434906   1.64718805860087e-13
0.0018332695399549356   1.6455318470471784e-13
0.0018349589904469023   1.6438778832826309e-13
0.0018366499978528432   1.642226161244369e-13
0.001838342563607533   1.6405766748993597e-13
0.0018400366891470666   1.6389294182441987e-13
0.0018417323759088687   1.6372843853049118e-13
0.0018434296253316826   1.6356415701367765e-13
0.0018451284388555772   1.634000966824124e-13
0.0018468288179219546   1.632362569480146e-13
0.0018485307639735393   1.6307263722467224e-13
0.0018502342784543874   1.6290923692942223e-13
0.0018519393628098858   1.627460554821328e-13
0.001853646018486751   1.6258309230548486e-13
0.0018553542469330394   1.6242034682495363e-13
0.0018570640495981351   1.6225781846879157e-13
0.0018587754279327587   1.620955066680099e-13
0.001860488383388973   1.619334108563604e-13
0.001862202917420173   1.6177153047031917e-13
0.0018639190314810954   1.61609864949068e-13
0.0018656367270278177   1.6144841373447783e-13
0.0018673560055177567   1.6128717627109117e-13
0.0018690768684096787   1.6112615200610473e-13
0.0018707993171636881   1.609653403893536e-13
0.001872523353241235   1.6080474087329362e-13
0.0018742489781051219   1.6064435291298453e-13
0.001875976193219494   1.6048417596607428e-13
0.0018777050000498474   1.603242094927821e-13
0.0018794354000630288   1.6016445295588217e-13
0.0018811673947272344   1.600049058206879e-13
0.00188290098551202   1.5984556755503503e-13
0.0018846361738882893   1.596864376292667e-13
0.0018863729613283013   1.595275155162174e-13
0.0018881113493056784   1.5936880069119654e-13
0.0018898513392953944   1.592102926319739e-13
0.0018915929327737845   1.590519908187637e-13
0.0018933361312185447   1.5889389473420947e-13
0.0018950809361087306   1.5873600386336853e-13
0.001896827348924767   1.585783176936968e-13
0.001898575371148436   1.5842083571503466e-13
0.001900325004262887   1.582635574195913e-13
0.0019020762497526406   1.5810648230192972e-13
0.0019038291091035804   1.5794960985895301e-13
0.001905583583802961   1.577929395898892e-13
0.0019073396753394075   1.5763647099627676e-13
0.001909097385202915   1.574802035819508e-13
0.0019108567148848573   1.5732413685302773e-13
0.0019126176658779775   1.571682703178926e-13
0.0019143802396763933   1.570126034871842e-13
0.001916144437775606   1.5685713587378085e-13
0.0019179102616724887   1.567018669927876e-13
0.0019196777128652961   1.5654679636152165e-13
0.001921446792853662   1.5639192349949937e-13
0.001923217503138607   1.5623724792842186e-13
0.0019249898452225302   1.560827691721626e-13
0.0019267638206092168   1.5592848675675367e-13
0.001928539430803836   1.5577440021037248e-13
0.0019303166773129495   1.556205090633284e-13
0.001932095561644502   1.5546681284805037e-13
0.0019338760853078295   1.5531331109907362e-13
0.0019356582498136572   1.551600033530269e-13
0.0019374420566741083   1.550068891486192e-13
0.0019392275074026932   1.5485396802662807e-13
0.00194101460351432   1.547012395298864e-13
0.00194280334652529   1.5454870320327027e-13
0.0019445937379533082   1.5439635859368588e-13
0.001946385779317472   1.5424420525005836e-13
0.0019481794721382811   1.540922427233187e-13
0.0019499748179376342   1.5394047056639226e-13
0.0019517718182388386   1.5378888833418565e-13
0.001953570474566599   1.5363749558357627e-13
0.0019553707884470283   1.5348629187339948e-13
0.001957172761407642   1.5333527676443721e-13
0.001958976394977371   1.531844498194056e-13
0.0019607816906865483   1.5303381060294448e-13
0.0019625886500669195   1.528833586816051e-13
0.001964397274651639   1.5273309362383902e-13
0.0019662075659752816   1.525830149999861e-13
0.001968019525573829   1.5243312238226427e-13
0.001969833154984681   1.5228341534475752e-13
0.0019716484557466517   1.521338934634054e-13
0.0019734654293999798   1.5198455631599088e-13
0.001975284077486317   1.518354034821309e-13
0.001977104401548736   1.516864345432644e-13
0.0019789264031317374   1.5153764908264156e-13
0.0019807500837812396   1.5138904668531374e-13
0.0019825754450445866   1.5124062693812227e-13
0.001984402488470549   1.5109238942968795e-13
0.001986231215609323   1.509443337504008e-13
0.001988061628012539   1.5079645949240903e-13
0.0019898937272332506   1.506487662496093e-13
0.001991727514825944   1.5050125361763652e-13
0.0019935629923465434   1.5035392119385256e-13
0.0019954001613524002   1.5020676857733748e-13
0.001997239023402304   1.500597953688786e-13
0.0019990795800564802   1.4991300117096072e-13
0.0020009218328765903   1.4976638558775645e-13
0.0020027657834257406   1.496199482251155e-13
0.0020046114332684726   1.494736886905559e-13
0.0020064587839707685   1.4932760659325392e-13
0.0020083078371000616   1.491817015440338e-13
0.002010158594225221   1.4903597315535913e-13
0.002012011056916566   1.4889042104132266e-13
0.002013865226745861   1.487450448176371e-13
0.0020157211052863186   1.4859984410162575e-13
0.0020175786941126067   1.4845481851221268e-13
0.002019437994800837   1.483099676699142e-13
0.0020212990089285756   1.4816529119682936e-13
0.0020231617380748477   1.4802078871663024e-13
0.002025026183820127   1.478764598545538e-13
0.0020268923477463462   1.4773230423739244e-13
0.0020287602314368962   1.4758832149348485e-13
0.002030629836476625   1.4744451125270744e-13
0.0020325011644518457   1.4730087314646507e-13
0.002034374216950329   1.471574068076829e-13
0.002036248995561309   1.470141118707973e-13
0.0020381255018754882   1.4687098797174685e-13
0.002040003737485031   1.467280347479646e-13
0.0020418837039835706   1.4658525183836882e-13
0.0020437654029662085   1.4644263888335478e-13
0.002045648836029514   1.4630019552478644e-13
0.002047534004771535   1.4615792140598747e-13
0.0020494209107917837   1.4601581617173397e-13
0.002051309555691249   1.458738794682455e-13
0.002053199941072399   1.457321109431766e-13
0.0020550920685391745   1.4559051024560967e-13
0.0020569859396969946   1.45449077026046e-13
0.002058881556152757   1.4530781093639818e-13
0.0020607789195148454   1.4516671162998166e-13
0.0020626780313931213   1.4502577876150733e-13
0.0020645788933989296   1.448850119870735e-13
0.0020664815071451   1.447444109641581e-13
0.0020683858742459533   1.4460397535161036e-13
0.0020702919963172927   1.4446370480964403e-13
0.002072199874976412   1.4432359899982918e-13
0.002074109511842093   1.4418365758508462e-13
0.002076020908534617   1.4404388022967012e-13
0.002077934066675751   1.4390426659917944e-13
0.0020798489878887582   1.4376481636053238e-13
0.002081765673798397   1.4362552918196803e-13
0.0020836841260309285   1.4348640473303608e-13
0.0020856043462141064   1.4334744268459105e-13
0.0020875263359771863   1.4320864270878408e-13
0.0020894500969509235   1.4307000447905618e-13
0.0020913756307675826   1.429315276701303e-13
0.0020933029390609254   1.4279321195800523e-13
0.002095232023466222   1.4265505701994788e-13
0.002097162885620247   1.425170625344866e-13
0.00209909552716129   1.423792281814034e-13
0.0021010299497291438   1.4224155364172825e-13
0.002102966154965115   1.421040385977312e-13
0.00210490414451202   1.4196668273291616e-13
0.002106843920014195   1.418294857320133e-13
0.002108785483117487   1.4169244728097322e-13
0.0021107288354692603   1.4155556706695978e-13
0.002112673978718395   1.4141884477834348e-13
0.0021146209145152988   1.4128228010469446e-13
0.002116569644511892   1.4114587273677667e-13
0.002118520170361621   1.4100962236654075e-13
0.002120472493719453   1.40873528687118e-13
0.0021224266162418863   1.4073759139281295e-13
0.0021243825395869395   1.4060181017909833e-13
0.0021263402654141624   1.404661847426077e-13
0.002128299795384631   1.4033071478112952e-13
0.002130261131160959   1.401953999936005e-13
0.002132224274407285   1.4006024008009977e-13
0.002134189226789282   1.3992523474184278e-13
0.0021361559899741645   1.397903836811742e-13
0.0021381245656306763   1.39655686601563e-13
0.0021400949554291017   1.395211432075956e-13
0.002142067161041264   1.3938675320497002e-13
0.0021440411841405255   1.3925251630049013e-13
0.002146017026401796   1.3911843220205873e-13
0.0021479946895015243   1.389845006186729e-13
0.0021499741751177014   1.3885072126041752e-13
0.0021519554849298733   1.3871709383845888e-13
0.0021539386206191266   1.3858361806503982e-13
0.002155923583868099   1.3845029365347341e-13
0.0021579103763609796   1.3831712031813713e-13
0.0021598989997835064   1.3818409777446757e-13
0.0021618894558229785   1.380512257389541e-13
0.002163881746168242   1.37918503929134e-13
0.0021658758725097006   1.3778593206358642e-13
0.0021678718365393222   1.3765350986192656e-13
0.0021698696399506264   1.375212370448008e-13
0.0021718692844386973   1.373891133338807e-13
0.002173870771700179   1.3725713845185792e-13
0.0021758741034332793   1.3712531212243838e-13
0.0021778792813377753   1.3699363407033685e-13
0.0021798863071150055   1.3686210402127212e-13
0.0021818951824678755   1.3673072170196143e-13
0.002183905909100868   1.365994868401145e-13
0.002185918488720028   1.3646839916442953e-13
0.0021879329230329756   1.3633745840458696e-13
0.002189949213748906   1.3620666429124485e-13
0.0021919673625785847   1.3607601655603347e-13
0.0021939873712343632   1.359455149315497e-13
0.002196009241430162   1.3581515915135317e-13
0.0021980329748814828   1.3568494894996016e-13
0.0022000585733054135   1.3555488406283866e-13
0.0022020860384206185   1.354249642264039e-13
0.0022041153719473483   1.3529518917801285e-13
0.0022061465756074363   1.3516555865595985e-13
0.002208179651124309   1.3503607239947068e-13
0.0022102146002229753   1.34906730148699e-13
0.002212251424630035   1.3477753164472057e-13
0.002214290126073677   1.3464847662952893e-13
0.0022163307062836902   1.3451956484602991e-13
0.002218373166991451   1.343907960380378e-13
0.0022204175099299326   1.3426216995027018e-13
0.002222463736833703   1.3413368632834326e-13
0.0022245118494389365   1.340053449187667e-13
0.0022265618494833996   1.3387714546894e-13
0.0022286137387064636   1.3374908772714717e-13
0.0022306675188490986   1.3362117144255242e-13
0.002232723191653888   1.334933963651952e-13
0.002234780758865013   1.333657622459862e-13
0.002236840222228265   1.3323826883670266e-13
0.0022389015834910412   1.3311091588998398e-13
0.0022409648444023564   1.3298370315932678e-13
0.0022430300067128313   1.3285663039908109e-13
0.0022450970721747004   1.3272969736444594e-13
0.0022471660425418117   1.3260290381146468e-13
0.0022492369195696365   1.3247624949702048e-13
0.002251309705015256   1.3234973417883262e-13
0.002253384400637375   1.3222335761545185e-13
0.002255461008196314   1.320971195662563e-13
0.0022575395294540243   1.319710197914468e-13
0.002259619966174074   1.3184505805204322e-13
0.0022617023201216583   1.317192341098801e-13
0.0022637865930635968   1.3159354772760268e-13
0.002265872786768344   1.3146799866866192e-13
0.0022679609030059784   1.3134258669731162e-13
0.0022700509435482105   1.3121731157860366e-13
0.002272142910168382   1.310921730783841e-13
0.002274236804641476   1.3096717096328877e-13
0.002276332628744104   1.3084230500074e-13
0.0022784303842545164   1.3071757495894206e-13
0.0022805300729526012   1.3059298060687756e-13
0.0022826316966198935   1.3046852171430298e-13
0.0022847352570395624   1.3034419805174546e-13
0.0022868407559964205   1.3022000939049864e-13
0.002288948195276933   1.3009595550261832e-13
0.0022910575766692037   1.2997203616091946e-13
0.0022931689019629864   1.2984825113897184e-13
0.0022952821729496846   1.2972460021109638e-13
0.0022973973914223508   1.2960108315236136e-13
0.0022995145591756952   1.2947769973857857e-13
0.0023016336780060775   1.2935444974629985e-13
0.0023037547497115106   1.2923133295281335e-13
0.0023058777760916723   1.2910834913613932e-13
0.0023080027589478915   1.289854980750273e-13
0.0023101297000831605   1.288627795489519e-13
0.0023122586013021315   1.2874019333810937e-13
0.002314389464411119   1.2861773922341404e-13
0.002316522291218108   1.2849541698649447e-13
0.0023186570835327432   1.2837322640969035e-13
0.002320793843166337   1.2825116727604877e-13
0.0023229325719318775   1.281292393693204e-13
0.002325073271644017   1.2800744247395654e-13
0.0023272159441190834   1.278857763751054e-13
0.002329360591175076   1.2776424085860858e-13
0.002331507214631669   1.2764283571099799e-13
0.00233365581631022   1.275215607194916e-13
0.002335806398033758   1.2740041567199117e-13
0.0023379589616269927   1.2727940035707823e-13
0.002340113508916322   1.2715851456401062e-13
0.0023422700417298184   1.2703775808271977e-13
0.002344428561897244   1.2691713070380676e-13
0.0023465890712500454   1.267966322185394e-13
0.002348751571621355   1.266762624188491e-13
0.002350916064846002   1.2655602109732678e-13
0.0023530825527604982   1.2643590804722093e-13
0.0023552510372030497   1.2631592306243337e-13
0.002357421520013562   1.2619606593751643e-13
0.0023595940030336302   1.260763364676698e-13
0.002361768488106548   1.2595673444873742e-13
0.0023639449770773064   1.258372596772043e-13
0.002366123471792603   1.2571791195019308e-13
0.0023683039741008304   1.255986910654615e-13
0.0023704864858520866   1.25479596821399e-13
0.002372671008898173   1.2536062901702386e-13
0.002374857545092603   1.2524178745197948e-13
0.002377046096290594   1.251230719265324e-13
0.0023792366643490717   1.2500448224156856e-13
0.0023814292511266737   1.248860181985907e-13
0.0023836238584837564   1.247676795997147e-13
0.0023858204882823827   1.2464946624766773e-13
0.0023880191423863357   1.2453137794578432e-13
0.0023902198226611114   1.2441341449800418e-13
0.0023924225309739345   1.242955757088684e-13
0.0023946272691937414   1.2417786138351765e-13
0.002396834039191194   1.2406027132768841e-13
0.002399042842838676   1.2394280534771077e-13
0.0024012536820103036   1.2382546325050487e-13
0.002403466558581912   1.237082448435789e-13
0.0024056814744310684   1.2359114993502567e-13
0.002407898431437068   1.2347417833352026e-13
0.0024101174314809445   1.2335732984831667e-13
0.002412338476445458   1.2324060428924574e-13
0.002414561568215107   1.2312400146671196e-13
0.0024167867086761223   1.23007521191691e-13
0.002419013899716482   1.2289116327572657e-13
0.002421243143225896   1.2277492753092842e-13
0.002423474441095818   1.2265881376996905e-13
0.002425707795219443   1.2254282180608141e-13
0.0024279432074917166   1.2242695145305583e-13
0.0024301806798093257   1.223112025252379e-13
0.002432420214070705   1.2219557483752567e-13
0.0024346618121760377   1.2208006820536698e-13
0.0024369054760272654   1.219646824447566e-13
0.0024391512075280747   1.2184941737223418e-13
0.002441399008583909   1.217342728048816e-13
0.0024436488811019658   1.2161924856032013e-13
0.002445900826991207   1.2150434445670784e-13
0.0024481548481623456   1.213895603127376e-13
0.002450410946527857   1.212748959476344e-13
0.002452669124001986   1.2116035118115218e-13
0.002454929382500733   1.210459258335724e-13
0.0024571917239418675   1.20931619725701e-13
0.0024594561502449264   1.20817432678866e-13
0.0024617226633312124   1.2070336451491524e-13
0.002463991265123807   1.2058941505621355e-13
0.0024662619575475564   1.2047558412564087e-13
0.002468534742529079   1.2036187154658988e-13
0.002470809621996779   1.2024827714296272e-13
0.002473086597880828   1.2013480073916985e-13
0.00247536567211318   1.2002144216012693e-13
0.002477646846627568   1.199082012312528e-13
0.0024799301233595066   1.1979507777846695e-13
0.0024822155042462995   1.1968207162818717e-13
0.00248450299122703   1.195691826073276e-13
0.0024867925862425673   1.1945641054329629e-13
0.0024890842912355772   1.1934375526399253e-13
0.0024913781081505075   1.192312165978053e-13
0.0024936740389336007   1.191187943736105e-13
0.002495972085532894   1.1900648842076886e-13
0.002498272249898216   1.1889429856912392e-13
0.0025005745339812   1.187822246489992e-13
0.0025028789397352705   1.186702664911969e-13
0.002505185469115652   1.1855842392699518e-13
0.002507494124079379   1.184466967881457e-13
0.0025098049065852804   1.1833508490687223e-13
0.002512117818593994   1.1822358811586795e-13
0.0025144328620679652   1.1811220624829346e-13
0.0025167500389714436   1.180009391377748e-13
0.002519069351270497   1.178897866184008e-13
0.002521390800932999   1.177787485247218e-13
0.002523714389928634   1.1766782469174708e-13
0.0025260401202289113   1.1755701495494253e-13
0.0025283679938071487   1.1744631915022916e-13
0.0025306980126384854   1.173357371139808e-13
0.0025330301786998777   1.1722526868302212e-13
0.0025353644939701114   1.1711491369462604e-13
0.002537700960429789   1.170046719865127e-13
0.0025400395800613397   1.1689454339684678e-13
0.002542380354849018   1.167845277642357e-13
0.0025447232867789145   1.1667462492772738e-13
0.0025470683778389415   1.1656483472680871e-13
0.0025494156300188467   1.1645515700140329e-13
0.0025517650453102093   1.1634559159186969e-13
0.0025541166257064497   1.16236138338999e-13
0.0025564703732028197   1.1612679708401356e-13
0.002558826289796412   1.1601756766856457e-13
0.0025611843774861554   1.1590844993473066e-13
0.0025635446382728305   1.1579944372501513e-13
0.0025659070741590535   1.1569054888234502e-13
0.0025682716871492884   1.1558176525006873e-13
0.002570638479249844   1.154730926719543e-13
0.0025730074524688853   1.1536453099218712e-13
0.002575378608816421   1.1525608005536885e-13
0.002577751950304314   1.1514773970651501e-13
0.0025801274789462795   1.150395097910535e-13
0.002582505196757895   1.1493139015482215e-13
0.0025848851057565887   1.1482338064406775e-13
0.00258726720796165   1.147154811054438e-13
0.0025896515053942266   1.1460769138600887e-13
0.002592038000077337   1.1450001133322423e-13
0.002594426694035856   1.1439244079495315e-13
0.0025968175892965273   1.1428497961945835e-13
0.0025992106878879586   1.1417762765540054e-13
0.002601605991840637   1.1407038475183629e-13
0.00260400350318691   1.1396325075821701e-13
0.0026064032239610036   1.138562255243867e-13
0.002608805156199014   1.1374930890058036e-13
0.002611209301938922   1.136425007374222e-13
0.0026136156632205793   1.1353580088592413e-13
0.0026160242420857193   1.1342920919748401e-13
0.0026184350405779543   1.1332272552388402e-13
0.0026208480607427887   1.1321634971728852e-13
0.002623263304627603   1.1311008163024326e-13
0.002625680774281665   1.1300392111567318e-13
0.002628100471756138   1.1289786802688053e-13
0.00263052239910407   1.1279192221754382e-13
0.0026329465583804007   1.1268608354171599e-13
0.0026353729516419653   1.125803518538226e-13
0.002637801580947491   1.1247472700866054e-13
0.0026402324483576116   1.1236920886139585e-13
0.00264266555593485   1.1226379726756304e-13
0.0026451009057436308   1.1215849208306278e-13
0.0026475384998502893   1.1205329316416046e-13
0.0026499783403230565   1.1194820036748486e-13
0.002652420429232072   1.1184321355002646e-13
0.002654864768649384   1.1173833256913591e-13
0.0026573113606489463   1.1163355728252253e-13
0.0026597602073066334   1.1152888754825238e-13
0.0026622113107002228   1.1142432322474747e-13
0.002664664672909409   1.1131986417078389e-13
0.0026671202960158093   1.1121551024548985e-13
0.0026695781821029527   1.1111126130834498e-13
0.00267203833325629   1.1100711721917838e-13
0.002674500751563194   1.1090307783816724e-13
0.002676965439112958   1.1079914302583545e-13
0.0026794323979968102   1.1069531264305163e-13
0.002681901630307897   1.1059158655102853e-13
0.0026843731381412934   1.1048796461132105e-13
0.0026868469235940134   1.1038444668582463e-13
0.002689322988764996   1.102810326367742e-13
0.0026918013357551166   1.1017772232674284e-13
0.0026942819666671866   1.1007451561863975e-13
0.0026967648836059527   1.0997141237570963e-13
0.00269925008867811   1.0986841246153038e-13
0.0027017375839922856   1.0976551574001257e-13
0.0027042273716590508   1.0966272207539765e-13
0.0027067194537909295   1.0956003133225631e-13
0.0027092138325023854   1.0945744337548764e-13
0.0027117105099098314   1.0935495807031741e-13
0.0027142094881316297   1.09252575282297e-13
0.0027167107692881026   1.0915029487730134e-13
0.002719214355501518   1.0904811672152858e-13
0.0027217202488961025   1.0894604068149805e-13
0.0027242284515980367   1.0884406662404924e-13
0.0027267389657354697   1.0874219441633998e-13
0.0027292517934385035   1.0864042392584592e-13
0.002731766936839206   1.0853875502035858e-13
0.002734284398071606   1.0843718756798446e-13
0.002736804179271709   1.0833572143714317e-13
0.002739326282577479   1.0823435649656677e-13
0.0027418507101288534   1.0813309261529825e-13
0.00274437746406774   1.0803192966269026e-13
0.0027469065465380274   1.0793086750840346e-13
0.0027494379596855727   1.0782990602240591e-13
0.0027519717056582117   1.077290450749715e-13
0.002754507786605759   1.0762828453667874e-13
0.002757046204680017   1.0752762427840912e-13
0.0027595869620347627   1.0742706417134662e-13
0.0027621300608257618   1.073266040869759e-13
0.0027646755032107633   1.0722624389708145e-13
0.0027672232913495127   1.0712598347374583e-13
0.0027697734274037384   1.0702582268934909e-13
0.0027723259135371625   1.0692576141656723e-13
0.0027748807519154995   1.0682579952837112e-13
0.002777437944706467   1.0672593689802492e-13
0.0027799974940797725   1.0662617339908555e-13
0.0027825594022071257   1.0652650890540107e-13
0.002785123671262235   1.0642694329110968e-13
0.00278769030342082   1.0632747643063812e-13
0.002790259300860597   1.0622810819870127e-13
0.0027928306657612925   1.0612883847030041e-13
0.002795404400304638   1.0602966712072236e-13
0.002797980506674385   1.0593059402553785e-13
0.0028005589870562886   1.058316190606012e-13
0.0028031398436381204   1.057327421020484e-13
0.002805723078609666   1.0563396302629668e-13
0.0028083086941627375   1.0553528171004249e-13
0.0028108966924911584   1.0543669803026134e-13
0.0028134870757907733   1.053382118642062e-13
0.0028160798462594596   1.0523982308940616e-13
0.002818675006097111   1.0514153158366607e-13
0.0028212725575056524   1.0504333722506463e-13
0.0028238725026890365   1.0494523989195393e-13
0.002826474843853245   1.0484723946295807e-13
0.0028290795832063014   1.0474933581697189e-13
0.0028316867229582544   1.0465152883316041e-13
0.0028342962653211904   1.045538183909575e-13
0.0028369082125092424   1.0445620437006446e-13
0.0028395225667385755   1.043586866504497e-13
0.0028421393302273997   1.042612651123471e-13
0.0028447585051959694   1.041639396362553e-13
0.0028473800938665817   1.0406671010293648e-13
0.0028500040984635916   1.0396957639341516e-13
0.0028526305212133937   1.0387253838897768e-13
0.0028552593643444354   1.0377559597117088e-13
0.002857890630087226   1.0367874902180076e-13
0.0028605243206743214   1.0358199742293215e-13
0.002863160438340339   1.0348534105688715e-13
0.0028657989853219535   1.033887798062444e-13
0.0028684399638578997   1.0329231355383805e-13
0.002871083376188983   1.031959421827565e-13
0.002873729224558067   1.0309966557634182e-13
0.0028763775112100793   1.0300348361818868e-13
0.002879028238392028   1.0290739619214288e-13
0.0028816814083529804   1.0281140318230115e-13
0.0028843370233440817   1.0271550447300966e-13
0.0028869950856185507   1.0261969994886321e-13
0.0028896555974316793   1.0252398949470439e-13
0.002892318561040847   1.0242837299562212e-13
0.002894983978705505   1.0233285033695143e-13
0.0028976518526871863   1.0223742140427216e-13
0.0029003221852495174   1.0214208608340769e-13
0.0029029949786582012   1.0204684426042474e-13
0.0029056702351810317   1.0195169582163182e-13
0.002908347957087891   1.0185664065357866e-13
0.00291102814665076   1.0176167864305498e-13
0.002913710806143706   1.0166680967708983e-13
0.0029163959378428936   1.0157203364295068e-13
0.0029190835440265836   1.0147735042814241e-13
0.0029217736269751445   1.0138275992040622e-13
0.0029244661889710364   1.0128826200771924e-13
0.002927161232298827   1.011938565782932e-13
0.0029298587592451863   1.0109954352057376e-13
0.0029325587720989   1.010053227232393e-13
0.0029352612731508546   1.0091119407520054e-13
0.0029379662646940503   1.0081715746559938e-13
0.002940673749023597   1.0072321278380813e-13
0.00294338372843673   1.0062935991942823e-13
0.002946096205232792   1.0053559876229005e-13
0.0029488111817132473   1.0044192920245166e-13
0.002951528660181678   1.0034835113019808e-13
0.0029542486429437985   1.0025486443604015e-13
0.0029569711323074394   1.0016146901071414e-13
0.0029596961305825603   1.0006816474518059e-13
0.0029624236400812467   9.997495153062369e-14
0.0029651536631177242   9.988182925845005e-14
0.002967886202008342   9.978879782028838e-14
0.0029706212590715863   9.969585710798842e-14
0.0029733588366280777   9.960300701362016e-14
0.0029760989370005843   9.951024742947267e-14
0.0029788415625140053   9.941757824805396e-14
0.002981586715495385   9.932499936208978e-14
0.002984334398273911   9.923251066452282e-14
0.0029870846131809245   9.914011204851179e-14
0.0029898373625499067   9.904780340743096e-14
0.0029925926487164925   9.895558463486915e-14
0.002995350474018466   9.886345562462909e-14
0.0029981108407957746   9.87714162707262e-14
0.0030008737513905134   9.86794664673884e-14
0.003003639208146939   9.858760610905502e-14
0.0030064072134114643   9.849583509037622e-14
0.0030091777695326746   9.840415330621166e-14
0.0030119508788613103   9.831256065163045e-14
0.003014726543750278   9.822105702191025e-14
0.0030175047665546616   9.812964231253586e-14
0.003020285549631706   9.803831641919931e-14
0.0030230688953408326   9.794707923779867e-14
0.003025854806043636   9.78559306644374e-14
0.0030286432841038838   9.776487059542366e-14
0.003031434331887532   9.767389892726922e-14
0.003034227951762708   9.758301555668925e-14
0.0030370241460997206   9.749222038060142e-14
0.0030398229172710726   9.740151329612475e-14
0.003042624267651444   9.731089420057955e-14
0.003045428199617706   9.722036299148623e-14
0.0030482347155489204   9.712991956656473e-14
0.0030510438178263386   9.703956382373395e-14
0.0030538555088334154   9.694929566111052e-14
0.003056669790955793   9.685911497700882e-14
0.0030594866665813116   9.676902166993995e-14
0.0030623061381000218   9.667901563861052e-14
0.0030651282079041673   9.658909678192291e-14
0.003067952878388199   9.649926499897392e-14
0.003070780151948775   9.640952018905419e-14
0.003073610030984759   9.63198622516478e-14
0.003076442517897234   9.623029108643096e-14
0.003079277615089487   9.614080659327206e-14
0.0030821153249670197   9.605140867223061e-14
0.00308495564993756   9.59620972235564e-14
0.003087798592411044   9.587287214768929e-14
0.003090644154799634   9.578373334525813e-14
0.003093492339517714   9.56946807170804e-14
0.0030963431489818894   9.560571416416135e-14
0.003099196585611003   9.551683358769325e-14
0.0031020526518261166   9.542803888905505e-14
0.003104911350050524   9.533932996981163e-14
0.0031077726827097607   9.525070673171274e-14
0.0031106366522315877   9.516216907669303e-14
0.003113503261046008   9.507371690687094e-14
0.0031163725115852595   9.498535012454834e-14
0.003119244406283831   9.489706863220939e-14
0.003122118947578447   9.48088723325205e-14
0.003124996137908078   9.472076112832955e-14
0.0031278759797139406   9.463273492266508e-14
0.0031307584754395115   9.454479361873554e-14
0.003133643627530508   9.445693711992915e-14
0.0031365314384349044   9.436916532981299e-14
0.0031394219106029293   9.428147815213237e-14
0.0031423150464870778   9.419387549081009e-14
0.0031452108485420954   9.41063572499462e-14
0.0031481093192249933   9.401892333381718e-14
0.0031510104609950434   9.393157364687534e-14
0.0031539142763137946   9.384430809374803e-14
0.0031568207676450533   9.37571265792374e-14
0.0031597299374549006   9.367002900831968e-14
0.0031626417882116894   9.358301528614443e-14
0.0031655563223860444   9.349608531803423e-14
0.003168473542450878   9.340923900948358e-14
0.0031713934508813693   9.332247626615902e-14
0.0031743160501549804   9.323579699389814e-14
0.003177241342751466   9.314920109870872e-14
0.0031801693311528556   9.306268848676894e-14
0.0031831000178434666   9.297625906442614e-14
0.003186033405309915   9.288991273819627e-14
0.003188969496041099   9.280364941476384e-14
0.0031919082925282137   9.271746900098083e-14
0.00319484979726475   9.263137140386646e-14
0.003197794012746493   9.254535653060643e-14
0.003200740941471538   9.245942428855224e-14
0.003203690585940273   9.237357458522107e-14
0.0032066429486553886   9.228780732829499e-14
0.0032095980321218934   9.220212242562012e-14
0.003212555838847094   9.21165197852066e-14
0.003215516371340611   9.203099931522775e-14
0.003218479632114377   9.194556092401954e-14
0.0032214456236826375   9.186020452008026e-14
0.003224414348561964   9.177493001206948e-14
0.003227385809271237   9.168973730880816e-14
0.003230360008331659   9.160462631927777e-14
0.0032333369482667653   9.151959695261953e-14
0.0032363166316024075   9.143464911813444e-14
0.0032392990608667675   9.134978272528241e-14
0.0032422842385903573   9.126499768368174e-14
0.0032452721673060176   9.118029390310875e-14
0.0032482628495489334   9.109567129349693e-14
0.003251256287856616   9.101112976493686e-14
0.0032542524847689143   9.092666922767566e-14
0.0032572514428280287   9.084228959211587e-14
0.0032602531645784926   9.075799076881571e-14
0.003263257652567187   9.067377266848824e-14
0.00326626490934334   9.058963520200075e-14
0.0032692749374585257   9.050557828037466e-14
0.00327228773946668   9.042160181478423e-14
0.003275303317924082   9.033770571655702e-14
0.0032783216753893662   9.02538898971729e-14
0.003281342814423536   9.017015426826338e-14
0.003284366737589944   9.008649874161152e-14
0.003287393447454309   9.000292322915125e-14
0.0032904229465847133   8.991942764296694e-14
0.0032934552375516036   8.983601189529292e-14
0.0032964903229278047   8.975267589851271e-14
0.003299528205288503   8.966941956515911e-14
0.0033025688872112572   8.958624280791332e-14
0.0033056123712760124   8.950314553960439e-14
0.00330865866006508   8.94201276732091e-14
0.0033117077561631556   8.933718912185126e-14
0.003314759662157316   8.925432979880128e-14
0.0033178143806370194   8.91715496174758e-14
0.0033208719141941197   8.908884849143686e-14
0.0033239322654228494   8.900622633439204e-14
0.0033269954369198325   8.892368306019362e-14
0.003330061431284095   8.884121858283787e-14
0.0033331302511170483   8.875883281646532e-14
0.0033362018990225045   8.867652567535972e-14
0.0033392763776066755   8.859429707394769e-14
0.0033423536894781713   8.851214692679856e-14
0.003345433837248016   8.843007514862341e-14
0.0033485168235296296   8.834808165427516e-14
0.003351602650938841   8.826616635874791e-14
0.0033546913220938992   8.818432917717622e-14
0.003357782839615457   8.810257002483515e-14
0.003360877206126584   8.802088881713958e-14
0.003363974424252769   8.79392854696438e-14
0.0033670744966219153   8.785775989804112e-14
0.0033701774258643588   8.777631201816315e-14
0.003373283214612849   8.769494174597996e-14
0.0033763918655025623   8.761364899759915e-14
0.0033795033811711127   8.753243368926549e-14
0.003382617764258536   8.745129573736078e-14
0.003385735017407302   8.737023505840315e-14
0.003388855143262319   8.728925156904675e-14
0.003391978144470927   8.720834518608141e-14
0.0033951040236829154   8.712751582643187e-14
0.0033982327835505076   8.704676340715786e-14
0.003401364426728369   8.696608784545353e-14
0.0034044989558736226   8.688548905864664e-14
0.0034076363736458303   8.680496696419872e-14
0.0034107766827070037   8.672452147970453e-14
0.003413919885721619   8.664415252289118e-14
0.0034170659853565966   8.65638600116184e-14
0.0034202149842813188   8.648364386387775e-14
0.0034233668851676273   8.640350399779232e-14
0.003426521690689823   8.632344033161633e-14
0.003429679403524682   8.624345278373459e-14
0.0034328400263514353   8.616354127266245e-14
0.0034360035618517847   8.608370571704507e-14
0.003439170012709913   8.600394603565713e-14
0.0034423393816124656   8.592426214740258e-14
0.0034455116712485685   8.584465397131405e-14
0.0034486868843098253   8.576512142655261e-14
0.0034518650234903157   8.568566443240746e-14
0.0034550460914866137   8.560628290829505e-14
0.003458230090997768   8.552697677375941e-14
0.0034614170247253134   8.544774594847151e-14
0.003464606895373286   8.536859035222835e-14
0.003467799705648203   8.528950990495341e-14
0.003470995458259079   8.521050452669597e-14
0.0034741941559174247   8.51315741376304e-14
0.0034773958013372473   8.505271865805636e-14
0.003480600397235064   8.497393800839784e-14
0.003483807946329887   8.489523210920329e-14
0.0034870184513432325   8.481660088114514e-14
0.003490231914999136   8.473804424501907e-14
0.003493448340024132   8.465956212174418e-14
0.0034966677291472714   8.45811544323623e-14
0.0034998900851001217   8.450282109803774e-14
0.0035031154106167617   8.442456204005698e-14
0.0035063437084338024   8.434637717982799e-14
0.0035095749812903646   8.426826643888035e-14
0.003512809231928094   8.419022973886476e-14
0.0035160464630911736   8.41122670015523e-14
0.003519286677526304   8.403437814883462e-14
0.0035225298779827225   8.39565631027233e-14
0.003525776067212197   8.387882178534959e-14
0.0035290252479690306   8.380115411896406e-14
0.003532277423010073   8.372356002593609e-14
0.0035355325950947054   8.364603942875377e-14
0.0035387907669848506   8.356859225002366e-14
0.003542051941444989   8.34912184124698e-14
0.0035453161212421363   8.341391783893418e-14
0.0035485833091458627   8.333669045237603e-14
0.00355185350792829   8.325953617587139e-14
0.0035551267203640918   8.318245493261303e-14
0.003558402949230509   8.310544664590974e-14
0.003561682197307331   8.302851123918649e-14
0.0035649644673769096   8.295164863598382e-14
0.0035682497622241704   8.287485875995737e-14
0.003571538084636596   8.279814153487791e-14
0.0035748294374042394   8.272149688463081e-14
0.0035781238233197274   8.264492473321567e-14
0.0035814212451782544   8.256842500474626e-14
0.003584721705777603   8.249199762344963e-14
0.0035880252079181223   8.241564251366658e-14
0.003591331754402743   8.233935959985078e-14
0.003594641348036989   8.226314880656849e-14
0.003597953991628959   8.218701005849856e-14
0.0036012696879893433   8.21109432804318e-14
0.0036045884399314217   8.203494839727089e-14
0.003607910250271064   8.195902533402994e-14
0.0036112351218267453   8.188317401583403e-14
0.003614563057419527   8.18073943679193e-14
0.00361789405987307   8.173168631563246e-14
0.0036212281320136494   8.165604978443018e-14
0.003624565276670133   8.158048469987932e-14
0.0036279054966739995   8.150499098765623e-14
0.0036312487948593365   8.142956857354666e-14
0.0036345951740628405   8.135421738344537e-14
0.0036379446371238326   8.127893734335571e-14
0.0036412971868842394   8.120372837938961e-14
0.003644652826188607   8.112859041776713e-14
0.003648011557884113   8.105352338481601e-14
0.0036513733848205494   8.097852720697165e-14
0.0036547383098503323   8.090360181077681e-14
0.003658106335828519   8.082874712288088e-14
0.003661477465612787   8.075396307004015e-14
0.0036648517020634493   8.067924957911732e-14
0.0036682290480434566   8.060460657708107e-14
0.0036716095064183935   8.053003399100598e-14
0.0036749930800564963   8.045553174807193e-14
0.0036783797718286343   8.038109977556426e-14
0.003681769584608321   8.030673800087331e-14
0.0036851625212717307   8.023244635149373e-14
0.003688558584697676   8.015822475502491e-14
0.0036919577777676264   8.008407313917023e-14
0.0036953601033657075   8.000999143173687e-14
0.0036987655643786975   7.993597956063569e-14
0.003702174163696048   7.98620374538806e-14
0.003705585904209861   7.978816503958868e-14
0.0037090007888149036   7.971436224597977e-14
0.003712418820408623   7.9640629001376e-14
0.0037158400018911237   7.956696523420181e-14
0.0037192643361651876   7.949337087298356e-14
0.0037226918261362716   7.941984584634923e-14
0.0037261224747125055   7.934639008302822e-14
0.003729556284804712   7.927300351185083e-14
0.0037329932593263837   7.919968606174852e-14
0.003736433401193698   7.912643766175322e-14
0.003739876713325532   7.905325824099699e-14
0.00374332319864344   7.898014772871218e-14
0.0037467728600716742   7.890710605423086e-14
0.0037502257005371806   7.883413314698461e-14
0.0037536817229695983   7.876122893650439e-14
0.0037571409303012782   7.868839335241997e-14
0.003760603325467263   7.861562632446006e-14
0.0037640689114052978   7.854292778245189e-14
0.003767537691055849   7.847029765632071e-14
0.0037710096673620797   7.839773587609002e-14
0.00377448484326987   7.832524237188095e-14
0.0037779632217278137   7.825281707391215e-14
0.003781444805687219   7.818045991249959e-14
0.0037849295981021254   7.810817081805597e-14
0.0037884176019292825   7.803594972109103e-14
0.0037919088201281656   7.79637965522109e-14
0.0037954032556609878   7.78917112421178e-14
0.0037989009114926813   7.781969372161021e-14
0.003802401790590914   7.774774392158221e-14
0.0038059058959260886   7.767586177302348e-14
0.003809413230471342   7.760404720701896e-14
0.003812923797202562   7.753230015474852e-14
0.0038164375990983675   7.746062054748686e-14
0.0038199546391401223   7.738900831660344e-14
0.003823474920311949   7.73174633935617e-14
0.0038269984456007085   7.724598570991933e-14
0.003830525217996019   7.717457519732789e-14
0.003834055240490253   7.710323178753249e-14
0.003837588516078537   7.703195541237168e-14
0.003841125047758769   7.696074600377694e-14
0.003844664838531599   7.688960349377283e-14
0.0038482078914004406   7.68185278144767e-14
0.0038517542093714887   7.674751889809795e-14
0.003855303795453696   7.667657667693851e-14
0.0038588566526587915   7.66057010833922e-14
0.0038624127840012805   7.653489204994461e-14
0.0038659721924984417   7.646414950917287e-14
0.003869534881170347   7.639347339374526e-14
0.0038731008530398397   7.632286363642129e-14
0.0038766701111325468   7.625232017005136e-14
0.0038802426584768983   7.618184292757626e-14
0.003883818498104101   7.611143184202742e-14
0.0038873976330481602   7.604108684652631e-14
0.0038909800663458768   7.597080787428442e-14
0.0038945658010368462   7.590059485860312e-14
0.0038981548401634774   7.583044773287289e-14
0.0039017471867709703   7.57603664305739e-14
0.003905342843907332   7.569035088527531e-14
0.0039089418146233896   7.5620401030635e-14
0.003912544101972771   7.555051680039969e-14
0.003916149709011917   7.548069812840449e-14
0.003919758638800096   7.541094494857265e-14
0.003923370894399388   7.53412571949154e-14
0.003926986478874693   7.527163480153202e-14
0.003930605395293741   7.520207770260911e-14
0.00393422764672708   7.513258583242083e-14
0.003937853236248103   7.506315912532833e-14
0.003941482166933024   7.499379751577981e-14
0.003945114441860889   7.492450093831036e-14
0.003948750064113595   7.485526932754125e-14
0.003952389036775866   7.478610261818043e-14
0.003956031362935275   7.471700074502187e-14
0.003959677045682238   7.464796364294544e-14
0.003963326088110017   7.457899124691679e-14
0.003966978493314736   7.451008349198693e-14
0.003970634264395358   7.444124031329236e-14
0.003974293404453704   7.437246164605471e-14
0.003977955916594467   7.430374742558032e-14
0.003981621803925185   7.42350975872604e-14
0.003985291069556268   7.416651206657068e-14
0.003988963716600989   7.409799079907115e-14
0.003992639748175489   7.402953372040607e-14
0.003996319167398789   7.396114076630325e-14
0.0040000019773927765   7.389281187257462e-14
0.004003688181282213   7.382454697511552e-14
0.004007377782194753   7.375634600990447e-14
0.00401107078326092   7.368820891300331e-14
0.004014767187614129   7.362013562055679e-14
0.004018466998390679   7.355212606879239e-14
0.004022170218729759   7.34841801940202e-14
0.00402587685177346   7.341629793263257e-14
0.004029586900666758   7.334847922110416e-14
0.0040333003685575275   7.328072399599161e-14
0.004037017258596553   7.321303219393322e-14
0.004040737573937517   7.31454037516491e-14
0.004044461317737005   7.307783860594067e-14
0.004048188493154516   7.301033669369069e-14
0.004051919103352455   7.294289795186295e-14
0.004055653151496154   7.287552231750196e-14
0.00405939064075385   7.280820972773312e-14
0.004063131574296698   7.274096011976233e-14
0.004066875955298791   7.267377343087559e-14
0.004070623786937131   7.260664959843928e-14
0.004074375072391653   7.253958855989965e-14
0.004078129814845226   7.247259025278275e-14
0.004081888017483643   7.240565461469423e-14
0.004085649683495647   7.233878158331905e-14
0.0040894148160729085   7.227197109642156e-14
0.004093183418410039   7.220522309184517e-14
0.004096955493704604   7.213853750751197e-14
0.004100731045157107   7.2071914281423e-14
0.004104510075971002   7.200535335165772e-14
0.004108292589352696   7.193885465637396e-14
0.004112078588511548   7.187241813380784e-14
0.004115868076659885   7.180604372227319e-14
0.004119661057012984   7.173973136016199e-14
0.004123457532789083   7.16734809859438e-14
0.004127257507209401   7.160729253816548e-14
0.004131060983498108   7.154116595545148e-14
0.004134867964882356   7.147510117650322e-14
0.0041386784545922655   7.140909814009919e-14
0.004142492455860932   7.134315678509473e-14
0.004146309971924443   7.127727705042161e-14
0.0041501310060218545   7.121145887508826e-14
0.00415395556139521   7.11457021981794e-14
0.00415778364128955   7.108000695885577e-14
0.004161615248952895   7.101437309635418e-14
0.004165450387636263   7.094880054998723e-14
0.004169289060593666   7.088328925914316e-14
0.0041731312710821125   7.081783916328578e-14
0.004176977022361624   7.075245020195391e-14
0.004180826317695215   7.068712231476183e-14
0.004184679160348906   7.062185544139876e-14
0.0041885355535917395   7.055664952162851e-14
0.004192395500695759   7.049150449528986e-14
0.004196259004936023   7.042642030229595e-14
0.00420012606959062   7.036139688263417e-14
0.004203996697940649   7.029643417636625e-14
0.004207870893270233   7.023153212362788e-14
0.004211748658866526   7.016669066462859e-14
0.004215629998019704   7.010190973965176e-14
0.004219514914022988   7.003718928905403e-14
0.004223403410172623   6.99725292532657e-14
0.004227295489767889   6.990792957279026e-14
0.004231191156111123   6.984339018820414e-14
0.004235090412507689   6.977891104015679e-14
0.004238993262266001   6.97144920693705e-14
0.004242899708697526   6.965013321664009e-14
0.004246809755116774   6.958583442283293e-14
0.004250723404841324   6.952159562888851e-14
0.0042546406611918015   6.945741677581865e-14
0.004258561527491888   6.939329780470725e-14
0.004262486007068344   6.932923865670983e-14
0.004266414103250982   6.926523927305381e-14
0.004270345819372688   6.920129959503806e-14
0.0042742811587694165   6.913741956403293e-14
0.004278220124780196   6.907359912148009e-14
0.0042821627207471425   6.900983820889208e-14
0.00428610895001544   6.894613676785262e-14
0.004290058815933355   6.888249474001625e-14
0.004294012321852252   6.881891206710799e-14
0.004297969471126571   6.87553886909236e-14
0.00430193026711385   6.869192455332907e-14
0.004305894713174717   6.862851959626072e-14
0.004309862812672897   6.856517376172494e-14
0.004313834568975224   6.8501886991798e-14
0.004317809985451624   6.843865922862598e-14
0.004321789065475127   6.837549041442477e-14
0.0043257718124218875   6.831238049147952e-14
0.004329758229671155   6.824932940214494e-14
0.0043337483206052985   6.818633708884492e-14
0.004337742088609805   6.812340349407249e-14
0.004341739537073275   6.806052856038962e-14
0.004345740669387446   6.79977122304269e-14
0.0043497454889471696   6.793495444688388e-14
0.004353753999150424   6.787225515252852e-14
0.004357766203398332   6.780961429019706e-14
0.004361782105095138   6.774703180279414e-14
0.004365801707648228   6.768450763329251e-14
0.004369825014468129   6.762204172473287e-14
0.004373852028968504   6.755963402022381e-14
0.0043778827545661765   6.74972844629415e-14
0.004381917194681108   6.74349929961298e-14
0.004385955352736407   6.737275956310008e-14
0.004389997232158354   6.731058410723075e-14
0.00439404283637637   6.724846657196762e-14
0.004398092168823045   6.718640690082348e-14
0.004402145232934128   6.712440503737806e-14
0.0044062020321485335   6.706246092527783e-14
0.004410262569908356   6.700057450823576e-14
0.004414326849658849   6.693874573003157e-14
0.004418394874848442   6.687697453451124e-14
0.004422466648928755   6.681526086558689e-14
0.004426542175354577   6.675360466723694e-14
0.004430621457583882   6.66920058835057e-14
0.004434704499077834   6.663046445850333e-14
0.00443879130330078   6.656898033640584e-14
0.004442881873720275   6.650755346145459e-14
0.004446976213807053   6.644618377795662e-14
0.00445107432703505   6.638487123028429e-14
0.004455176216881415   6.632361576287505e-14
0.004459281886826487   6.62624173202315e-14
0.004463391340353819   6.620127584692133e-14
0.004467504580950172   6.614019128757689e-14
0.004471621612105519   6.607916358689537e-14
0.004475742437313059   6.60181926896384e-14
0.004479867060069198   6.595727854063219e-14
0.004483995483873566   6.589642108476732e-14
0.004488127712229028   6.58356202669984e-14
0.004492263748641668   6.577487603234428e-14
0.004496403596620796   6.571418832588784e-14
0.0045005472596789725   6.565355709277558e-14
0.004504694741331982   6.55929822782179e-14
0.004508846045098853   6.553246382748874e-14
0.004513001174501855   6.547200168592557e-14
0.0045171601330665015   6.541159579892924e-14
0.004521322924321567   6.535124611196359e-14
0.0045254895517990645   6.529095257055592e-14
0.004529660019034263   6.523071512029639e-14
0.0045338343295657025   6.517053370683791e-14
0.0045380124869351685   6.511040827589637e-14
0.004542194494687718   6.505033877325013e-14
0.0045463803563716735   6.499032514474022e-14
0.004550570075538622   6.493036733627005e-14
0.004554763655743439   6.487046529380514e-14
0.004558961100544261   6.481061896337335e-14
0.004563162413502503   6.475082829106472e-14
0.004567367598182878   6.469109322303088e-14
0.0045715766581533685   6.463141370548559e-14
0.00457578959698525   6.457178968470419e-14
0.004580006418253089   6.451222110702369e-14
0.004584227125534742   6.445270791884254e-14
0.004588451722411377   6.439325006662046e-14
0.004592680212467446   6.433384749687858e-14
0.004596912599290706   6.427450015619918e-14
0.004601148886472237   6.421520799122535e-14
0.004605389077606408   6.415597094866132e-14
0.004609633176290911   6.409678897527204e-14
0.004613881186126749   6.403766201788318e-14
0.004618133110718242   6.397859002338098e-14
0.004622388953673045   6.391957293871206e-14
0.004626648718602122   6.386061071088353e-14
0.004630912409119766   6.380170328696275e-14
0.004635180028843615   6.374285061407704e-14
0.004639451581394625   6.368405263941395e-14
0.004643727070397097   6.362530931022085e-14
0.004648006499478669   6.356662057380496e-14
0.004652289872270317   6.350798637753325e-14
0.00465657719240638   6.344940666883209e-14
0.00466086846352453   6.339088139518754e-14
0.004665163689265792   6.333241050414501e-14
0.00466946287327456   6.327399394330906e-14
0.0046737660191985735   6.321563166034352e-14
0.004678073130688937   6.315732360297126e-14
0.00468238421140012   6.309906971897412e-14
0.004686699264989956   6.30408699561928e-14
0.004691018295119662   6.29827242625266e-14
0.004695341305453816   6.292463258593365e-14
0.0046996682996603735   6.286659487443057e-14
0.0047039992814106825   6.280861107609226e-14
0.004708334254379462   6.275068113905212e-14
0.004712673222244821   6.269280501150167e-14
0.004717016188688259   6.263498264169062e-14
0.004721363157394662   6.257721397792672e-14
0.004725714132052328   6.251949896857543e-14
0.004730069116352938   6.246183756206024e-14
0.004734428113991576   6.240422970686232e-14
0.004738791128666746   6.234667535152029e-14
0.004743158164080344   6.228917444463041e-14
0.004747529223937685   6.223172693484635e-14
0.004751904311947496   6.217433277087905e-14
0.0047562834318219185   6.21169919014967e-14
0.00476066658727653   6.205970427552442e-14
0.004765053782030315   6.200246984184456e-14
0.004769445019805687   6.194528854939631e-14
0.0047738403043285065   6.18881603471755e-14
0.004778239639328049   6.183108518423489e-14
0.004782643028537034   6.177406300968373e-14
0.004787050475691621   6.171709377268783e-14
0.004791461984531405   6.166017742246943e-14
0.0047958775587994456   6.160331390830694e-14
0.0048002972022422345   6.154650317953515e-14
0.004804720918609717   6.148974518554501e-14
0.004809148711655309   6.14330398757832e-14
0.004813580585135871   6.137638719975267e-14
0.004818016542811724   6.131978710701207e-14
0.004822456588446671   6.126323954717566e-14
0.004826900725807968   6.120674446991353e-14
0.004831348958666346   6.115030182495125e-14
0.004835801290796014   6.109391156206985e-14
0.004840257725974652   6.103757363110575e-14
0.004844718267983436   6.098128798195045e-14
0.004849182920607014   6.092505456455085e-14
0.00485365168763352   6.086887332890884e-14
0.004858124572854593   6.081274422508127e-14
0.004862601580065354   6.075666720317982e-14
0.004867082713064423   6.070064221337113e-14
0.0048715679756539225   6.064466920587643e-14
0.004876057371639476   6.058874813097166e-14
0.004880550904830224   6.053287893898708e-14
0.004885048579038806   6.047706158030756e-14
0.004889550398081375   6.042129600537231e-14
0.004894056365777613   6.036558216467464e-14
0.004898566485950711   6.030992000876214e-14
0.004903080762427385   6.025430948823647e-14
0.004907599199037879   6.019875055375318e-14
0.004912121799615962   6.014324315602184e-14
0.00491664856799895   6.00877872458056e-14
0.00492117950802768   6.003238277392152e-14
0.004925714623546531   5.997702969124028e-14
0.0049302539184034365   5.992172794868585e-14
0.004934797396449864   5.98664774972359e-14
0.004939345061540832   5.981127828792133e-14
0.004943896917534915   5.975613027182636e-14
0.004948452968294237   5.970103340008838e-14
0.004953013217684496   5.964598762389775e-14
0.0049575776695749375   5.959099289449798e-14
0.004962146327838372   5.95360491631855e-14
0.004966719196351195   5.94811563813094e-14
0.00497129627899336   5.942631450027167e-14
0.004975877579648399   5.937152347152689e-14
0.004980463102203425   5.931678324658227e-14
0.004985052850549124   5.926209377699751e-14
0.00498964682857979   5.92074550143845e-14
0.004994245040193284   5.915286691040772e-14
0.0049988474892910615   5.909832941678379e-14
0.005003454179778188   5.904384248528135e-14
0.005008065115563314   5.898940606772124e-14
0.005012680300558696   5.893502011597625e-14
0.005017299738680195   5.888068458197103e-14
0.005021923433847279   5.882639941768212e-14
0.005026551389983037   5.87721645751376e-14
0.005031183611014164   5.871798000641736e-14
0.00503582010087097   5.866384566365291e-14
0.005040460863487406   5.860976149902695e-14
0.0050451059028010295   5.855572746477385e-14
0.0050497552227530326   5.850174351317919e-14
0.00505440882728824   5.844780959657977e-14
0.005059066720355107   5.839392566736361e-14
0.005063728905905742   5.834009167796965e-14
0.005068395387895881   5.828630758088795e-14
0.005073066170284904   5.82325733286595e-14
0.005077741257035856   5.817888887387592e-14
0.0050824206521154205   5.812525416917978e-14
0.005087104359493938   5.80716691672642e-14
0.005091792383145412   5.801813382087297e-14
0.005096484727047498   5.796464808280035e-14
0.005101181395181538   5.791121190589093e-14
0.005105882391532524   5.785782524303975e-14
0.005110587720089121   5.780448804719217e-14
0.005115297384843687   5.775120027134353e-14
0.005120011389792241   5.76979618685395e-14
0.0051247297389344915   5.764477279187564e-14
0.005129452436273833   5.759163299449755e-14
0.005134179485817342   5.75385424296007e-14
0.005138910891575806   5.748550105043022e-14
0.005143646657563693   5.743250881028113e-14
0.0051483867877991675   5.737956566249807e-14
0.005153131286304116   5.73266715604751e-14
0.005157880157104113   5.727382645765591e-14
0.00516263340422845   5.722103030753357e-14
0.005167391031710126   5.716828306365053e-14
0.0051721530435858715   5.711558467959836e-14
0.005176919443896122   5.70629351090179e-14
0.005181690236685042   5.701033430559914e-14
0.0051864654260005165   5.695778222308113e-14
0.005191245015894178   5.690527881525167e-14
0.005196029010421376   5.685282403594762e-14
0.005200817413641198   5.680041783905469e-14
0.005205610229616486   5.674806017850713e-14
0.005210407462413813   5.6695751008288e-14
0.005215209116103505   5.6643490282428885e-14
0.005220015194759635   5.659127795500993e-14
0.005224825702460029   5.653911398015972e-14
0.005229640643286286   5.6486998312055046e-14
0.00523446002132375   5.6434930904921184e-14
0.005239283840661529   5.6382911713031577e-14
0.005244112105392517   5.633094069070769e-14
0.005248944819613364   5.6279017792319184e-14
0.005253781987424498   5.62271429722837e-14
0.005258623612930129   5.617531618506677e-14
0.0052634697002382404   5.612353738518189e-14
0.0052683202534606205   5.60718065271901e-14
0.00527317527671283   5.602012356570034e-14
0.005278034774114221   5.596848845536922e-14
0.005282898749787959   5.5916901150900703e-14
0.005287767207860993   5.5865361607046454e-14
0.00529264015246408   5.581386977860548e-14
0.005297517587731784   5.576242562042415e-14
0.005302399517802475   5.5711029087396165e-14
0.0053072859468183495   5.5659680134462276e-14
0.00531217687892541   5.560837871661055e-14
0.005317072318273476   5.555712478887611e-14
0.005321972269016208   5.550591830634094e-14
0.00532687673531108   5.545475922413409e-14
0.0053317857213193995   5.5403647497431436e-14
0.005336699231206312   5.535258308145566e-14
0.0053416172691407955   5.530156593147619e-14
0.005346539839295684   5.525059600280897e-14
0.005351466945847643   5.51996732508167e-14
0.005356398592977186   5.514879763090858e-14
0.005361334784868695   5.509796909854012e-14
0.005366275525710393   5.504718760921331e-14
0.0053712208196943665   5.499645311847652e-14
0.0053761706710165665   5.494576558192425e-14
0.005381125083876805   5.4895124955197294e-14
0.005386084062478781   5.4844531193982393e-14
0.005391047611030051   5.479398425401247e-14
0.005396015733742048   5.4743484091066424e-14
0.005400988434830102   5.4693030660968916e-14
0.005405965718513414   5.4642623919590646e-14
0.005410947589015077   5.459226382284797e-14
0.005415934050562075   5.454195032670299e-14
0.005420925107385284   5.44916833871635e-14
0.005425920763719493   5.444146296028275e-14
0.005430921023803378   5.439128900215958e-14
0.005435925891879522   5.4341161468938344e-14
0.005440935372194433   5.4291080316808606e-14
0.005445949468998518   5.424104550200539e-14
0.005450968186546104   5.4191056980808926e-14
0.00545599152909544   5.4141114709544625e-14
0.005461019500908691   5.40912186445831e-14
0.005466052106251972   5.40413687423398e-14
0.005471089349395308   5.39915649592754e-14
0.0054761312346126596   5.394180725189545e-14
0.005481177766181945   5.389209557675022e-14
0.005486228948385006   5.384242989043495e-14
0.005491284785507636   5.3792810149589557e-14
0.00549634528183958   5.374323631089861e-14
0.0055014104416745285   5.3693708331091357e-14
0.005506480269310146   5.3644226166941454e-14
0.005511554769048041   5.3594789775267164e-14
0.005516633945193785   5.35453991129312e-14
0.005521717802056938   5.349605413684042e-14
0.0055268063439510105   5.34467548039462e-14
0.005531899575193495   5.339750107124407e-14
0.005536997500105863   5.3348292895773715e-14
0.005542100123013563   5.329913023461898e-14
0.005547207448246047   5.325001304490762e-14
0.005552319480136738   5.320094128381152e-14
0.005557436223023054   5.315191490854649e-14
0.005562557681246426   5.3102933876372045e-14
0.005567683859152271   5.3053998144591626e-14
0.005572814761090009   5.300510767055244e-14
0.005577950391413085   5.295626241164523e-14
0.005583090754478939   5.2907462325304485e-14
0.0055882358546490325   5.2858707369008186e-14
0.005593385696288848   5.280999750027784e-14
0.0055985402837678815   5.276133267667841e-14
0.005603699621459676   5.271271285581812e-14
0.005608863713741786   5.266413799534862e-14
0.0056140325649958025   5.261560805296481e-14
0.005619206179607369   5.256712298640467e-14
0.005624384561966154   5.2518682753449467e-14
0.005629567716465878   5.2470287311923416e-14
0.00563475564750431   5.242193661969384e-14
0.005639948359483266   5.237363063467102e-14
0.005645145856808635   5.2325369314807986e-14
0.0056503481438903505   5.2277152618100805e-14
0.005655555225142409   5.2228980502588214e-14
0.005660767104982892   5.218085292635162e-14
0.0056659837878339355   5.213276984751523e-14
0.005671205278121756   5.2084731224245745e-14
0.0056764315802766505   5.2036737014752474e-14
0.00568166269873299   5.1988787177287235e-14
0.005686898637929253   5.1940881670144126e-14
0.005692139402307988   5.189302045165978e-14
0.005697384996315839   5.1845203480213144e-14
0.005702635424403564   5.179743071422523e-14
0.005707890691026007   5.174970211215945e-14
0.005713150800642121   5.170201763252129e-14
0.005718415757714971   5.1654377233858333e-14
0.005723685566711726   5.1606780874760196e-14
0.005728960232103692   5.1559228513858355e-14
0.0057342397583662755   5.1511720109826376e-14
0.005739524149979009   5.14642556213796e-14
0.0057448134114255695   5.1416835007275095e-14
0.0057501075471937495   5.136945822631181e-14
0.005755406561775483   5.1322125237330285e-14
0.005760710459666842   5.127483599921277e-14
0.005766019245368039   5.122759047088309e-14
0.005771332923383448   5.1180388611306424e-14
0.005776651498221578   5.113323037948962e-14
0.005781974974395094   5.1086115734480916e-14
0.0057873033564208335   5.1039044635369744e-14
0.005792636648819782   5.0992017041287006e-14
0.005797974856117098   5.094503291140476e-14
0.005803317982842108   5.089809220493629e-14
0.005808666033528306   5.085119488113607e-14
0.005814019012713383   5.080434089929947e-14
0.005819376924939195   5.075753021876308e-14
0.005824739774751782   5.071076279890443e-14
0.005830107566701391   5.066403859914179e-14
0.005835480305342445   5.061735757893452e-14
0.0058408579952335705   5.0570719697782675e-14
0.005846240640937595   5.05241249152271e-14
0.005851628247021542   5.0477573190849376e-14
0.005857020818056668   5.043106448427157e-14
0.0058624183586184165   5.038459875515653e-14
0.005867820873286454   5.033817596320762e-14
0.005873228366644681   5.029179606816852e-14
0.005878640843281208   5.0245459029823547e-14
0.005884058307788376   5.0199164807997304e-14
0.00588948076476276   5.015291336255475e-14
0.005894908218805166   5.010670465340115e-14
0.005900340674520654   5.006053864048186e-14
0.005905778136518516   5.0014415283782556e-14
0.0059112206094122845   4.996833454332901e-14
0.005916668097819768   4.9922296379186946e-14
0.005922120606363008   4.987630075146221e-14
0.0059275781396683136   4.9830347620300586e-14
0.005933040702366258   4.978443694588777e-14
0.005938508299091674   4.973856868844935e-14
0.005943980934483682   4.9692742808250594e-14
0.005949458613185666   4.964695926559665e-14
0.005954941339845281   4.960121802083238e-14
0.005960429119114489   4.9555519034342155e-14
0.005965921955649519   4.950986226655007e-14
0.00597141985411089   4.946424767791982e-14
0.005976922819163436   4.941867522895439e-14
0.005982430855476269   4.9373144880196405e-14
0.005987943967722814   4.932765659222783e-14
0.005993462160580798   4.928221032566995e-14
0.005998985438732256   4.9236806041183444e-14
0.0060045138068635555   4.919144369946804e-14
0.006010047269665363   4.914612326126282e-14
0.006015585831832669   4.910084468734604e-14
0.006021129498064809   4.905560793853487e-14
0.00602667827306543   4.9010412975685716e-14
0.00603223216154252   4.896525975969386e-14
0.006037791168208407   4.892014825149359e-14
0.006043355297779753   4.887507841205812e-14
0.006048924554977588   4.8830050202399364e-14
0.006054498944527271   4.878506358356818e-14
0.0060600784711585184   4.8740118516654176e-14
0.0060656631396054225   4.869521496278548e-14
0.00607125295460642   4.865035288312907e-14
0.0060768479209043205   4.860553223889045e-14
0.006082448043246304   4.856075299131365e-14
0.006088053326383919   4.8516015101681327e-14
0.006093663775073114   4.847131853131436e-14
0.006099279394074197   4.842666324157222e-14
0.006104900188151866   4.8382049193852737e-14
0.00611052616207523   4.833747634959191e-14
0.006116157320617769   4.829294467026411e-14
0.006121793668557373   4.8248454117381906e-14
0.0061274352106763345   4.820400465249602e-14
0.0061330819517613445   4.815959623719535e-14
0.006138733896603525   4.811522883310671e-14
0.006144391049998397   4.807090240189507e-14
0.006150053416745897   4.8026616905263367e-14
0.006155721001650406   4.798237230495236e-14
0.006161393809520712   4.793816856274081e-14
0.006167071845170043   4.789400564044523e-14
0.006172755113416061   4.784988349991997e-14
0.006178443619080862   4.7805802103057135e-14
0.006184137366991004   4.776176141178638e-14
0.006189836361977475   4.7717761388075146e-14
0.006195540608875715   4.767380199392847e-14
0.006201250112525638   4.7629883191388817e-14
0.006206964877771601   4.7586004942536275e-14
0.0062126849094624285   4.7542167209488337e-14
0.006218410212451418   4.749836995439991e-14
0.006224140791596329   4.745461313946336e-14
0.006229876651759419   4.741089672690814e-14
0.006235617797807406   4.736722067900121e-14
0.006241364234611494   4.7323584958046685e-14
0.006247115967047396   4.7279989526385744e-14
0.006252872999995296   4.723643434639687e-14
0.006258635338339885   4.719291938049554e-14
0.006264402986970352   4.714944459113429e-14
0.00627017595078039   4.710600994080273e-14
0.0062759542346682165   4.7062615392027235e-14
0.006281737843536546   4.701926090737127e-14
0.006287526782292611   4.697594644943512e-14
0.006293321055848185   4.6932671980855785e-14
0.006299120669119548   4.688943746430717e-14
0.006304925627027518   4.6846242862499795e-14
0.006310735934497449   4.6803088138180984e-14
0.006316551596459224   4.6759973254134664e-14
0.006322372617847293   4.6716898173181176e-14
0.00632819900360063   4.667386285817767e-14
0.006334030758662762   4.663086727201768e-14
0.006339867887981793   4.658791137763114e-14
0.006345710396510364   4.654499513798449e-14
0.006351558289205688   4.650211851608052e-14
0.006357411571029549   4.645928147495832e-14
0.006363270246948292   4.641648397769336e-14
0.006369134321932863   4.637372598739716e-14
0.006375003800958766   4.633100746721757e-14
0.006380878689006092   4.628832838033863e-14
0.006386758991059541   4.624568868998035e-14
0.006392644712108386   4.6203088359398876e-14
0.006398535857146499   4.616052735188646e-14
0.006404432431172373   4.611800563077113e-14
0.006410334439189087   4.607552315941702e-14
0.00641624188620434   4.603307990122407e-14
0.0064221547772304426   4.599067581962813e-14
0.006428073117284319   4.5948310878100856e-14
0.0064339969113875375   4.5905985040149524e-14
0.006439926164566273   4.5863698269317274e-14
0.006445860881851334   4.582145052918292e-14
0.006451801068278181   4.577924178336081e-14
0.006457746728886901   4.573707199550095e-14
0.006463697868722226   4.569494112928889e-14
0.006469654492833543   4.565284914844571e-14
0.006475616606274882   4.561079601672792e-14
0.006481584214104949   4.5568781697927394e-14
0.006487557321387097   4.552680615587148e-14
0.006493535933189341   4.5484869354422867e-14
0.006499520054584387   4.544297125747942e-14
0.006505509690649598   4.5401111828974365e-14
0.00651150484646702   4.535929103287609e-14
0.006517505527123384   4.531750883318822e-14
0.0065235117377101005   4.527576519394948e-14
0.006529523483323294   4.523406007923354e-14
0.006535540769063765   4.519239345314928e-14
0.0065415636000370125   4.515076527984062e-14
0.006547591981353264   4.510917552348622e-14
0.006553625918127431   4.506762414829987e-14
0.006559665415479151   4.502611111853014e-14
0.006565710478532777   4.498463639846048e-14
0.006571761112417377   4.494319995240916e-14
0.006577817322266768   4.490180174472904e-14
0.0065838791132194745   4.4860441739807906e-14
0.00658994649041876   4.481911990206818e-14
0.0065960194590126454   4.477783619596674e-14
0.0066020980241538775   4.4736590585995254e-14
0.006608182190999956   4.4695383036679854e-14
0.006614271964713136   4.465421351258122e-14
0.006620367350460423   4.4613081978294517e-14
0.006626468353413601   4.457198839844923e-14
0.006632574978749204   4.453093273770937e-14
0.006638687231648534   4.448991496077324e-14
0.006644805117297688   4.4448935032373405e-14
0.006650928640887525   4.440799291727678e-14
0.00665705780761369   4.4367088580284484e-14
0.0066631926226766195   4.4326221986231844e-14
0.006669333091281533   4.428539309998835e-14
0.006675479218638471   4.424460188645745e-14
0.00668163100996225   4.4203848310576866e-14
0.006687788470472496   4.4163132337318295e-14
0.006693951605393664   4.412245393168732e-14
0.0067001204199550034   4.408181305872361e-14
0.00670629491939059   4.404120968350067e-14
0.006712475108939324   4.400064377112591e-14
0.006718660993844922   4.396011528674065e-14
0.006724852579355958   4.39196241955198e-14
0.006731049870725822   4.387917046267221e-14
0.006737252873212744   4.3838754053440425e-14
0.006743461592079821   4.3798374933100546e-14
0.0067496760325949775   4.3758033066962466e-14
0.006755896200031003   4.3717728420369595e-14
0.006762122099665544   4.367746095869894e-14
0.006768353736781103   4.363723064736106e-14
0.006774591116665073   4.359703745179987e-14
0.006780834244609699   4.3556881337492876e-14
0.006787083125912102   4.351676226995096e-14
0.006793337765874306   4.347668021471829e-14
0.006799598169803198   4.343663513737245e-14
0.006805864343010567   4.33966270035243e-14
0.006812136290813094   4.335665577881796e-14
0.006818414018532352   4.331672142893081e-14
0.006824697531494841   4.327682391957327e-14
0.006830986835031948   4.3236963216489015e-14
0.006837281934479973   4.319713928545487e-14
0.006843582835180154   4.3157352092280563e-14
0.006849889542478633   4.311760160280899e-14
0.006856202061726473   4.307788778291603e-14
0.006862520398279697   4.30382105985104e-14
0.006868844557499236   4.299857001553387e-14
0.006875174544750972   4.2958965999961e-14
0.006881510365405732   4.291939851779924e-14
0.006887852024839283   4.2879867535088866e-14
0.006894199528432369   4.2840373017902794e-14
0.006900552881570672   4.280091493234681e-14
0.006906912089644836   4.2761493244559365e-14
0.006913277158050494   4.2722107920711463e-14
0.006919648092188231   4.268275892700685e-14
0.006926024897463615   4.2643446229681794e-14
0.006932407579287195   4.260416979500512e-14
0.0069387961430745024   4.2564929589278225e-14
0.006945190594246076   4.25257255788348e-14
0.006951590938227431   4.2486557730041176e-14
0.006957997180449083   4.2447426009295963e-14
0.0069644093263465726   4.2408330383030135e-14
0.006970827381360427   4.2369270817707023e-14
0.006977251350936197   4.2330247279822255e-14
0.006983681240524449   4.229125973590371e-14
0.006990117055580767   4.225230815251147e-14
0.006996558801565783   4.221339249623777e-14
0.007003006483945141   4.217451273370703e-14
0.00700946010818952   4.2135668831575806e-14
0.007015919679774664   4.2096860756532605e-14
0.00702238520418134   4.205808847529809e-14
0.007028856686895376   4.201935195462488e-14
0.00703533413340765   4.198065116129758e-14
0.007041817549214098   4.1941986062132734e-14
0.007048306939815741   4.190335662397867e-14
0.007054802310718645   4.1864762813715696e-14
0.007061303667433956   4.182620459825595e-14
0.0070678110154779135   4.178768194454322e-14
0.007074324360371825   4.174919481955317e-14
0.007080843707642089   4.1710743190293153e-14
0.007087369062820199   4.1672327023802204e-14
0.0070939004314427385   4.1633946287150997e-14
0.007100437819051415   4.159560094744175e-14
0.0071069812311930205   4.155729097180834e-14
0.007113530673419459   4.151901632741624e-14
0.007120086151287774   4.1480776981462226e-14
0.007126647670360106   4.1442572901174726e-14
0.00713321523620373   4.140440405381353e-14
0.007139788854391051   4.136627040666985e-14
0.007146368530499604   4.13281719270663e-14
0.007152954270112081   4.1290108582356683e-14
0.007159546078816301   4.1252080339926247e-14
0.007166143962205232   4.121408716719149e-14
0.0071727479258770176   4.11761290316e-14
0.007179357975434938   4.113820590063071e-14
0.007185974116487444   4.110031774179363e-14
0.007192596354648156   4.106246452262996e-14
0.00719922469553586   4.1024646210711956e-14
0.007205859144774542   4.0986862773642845e-14
0.0072124997079933495   4.0949114179057e-14
0.007219146390826615   4.091140039461976e-14
0.007225799198913888   4.087372138802733e-14
0.007232458137899891   4.083607712700692e-14
0.007239123213434558   4.079846757931658e-14
0.007245794431173029   4.0760892712745274e-14
0.007252471796775648   4.072335249511273e-14
0.007259155315907995   4.068584689426943e-14
0.007265844994240853   4.0648375878096634e-14
0.007272540837450228   4.0610939414506424e-14
0.0072792428512173804   4.0573537471441375e-14
0.007285951041228784   4.0536170016874806e-14
0.007292665413176159   4.0498837018810696e-14
0.007299385972756472   4.046153844528356e-14
0.007306112725671932   4.0424274264358453e-14
0.007312845677630025   4.038704444413093e-14
0.007319584834343475   4.0349848952727064e-14
0.007326330201530269   4.0312687758303415e-14
0.007333081784913688   4.027556082904682e-14
0.0073398395902222625   4.023846813317464e-14
0.007346603623189804   4.020140963893457e-14
0.00735337388955543   4.0164385314604515e-14
0.007360150395063525   4.012739512849274e-14
0.007366933145463771   4.0090439048937806e-14
0.007373722146511156   4.005351704430839e-14
0.007380517403965955   4.001662908300348e-14
0.0073873189235937825   3.997977513345204e-14
0.007394126711165537   3.994295516411332e-14
0.007400940772457439   3.9906169143476613e-14
0.007407761113251054   3.986941704006117e-14
0.007414587739333252   3.983269882241638e-14
0.007421420656496243   3.979601445912158e-14
0.007428259870537578   3.9759363918786076e-14
0.007435105387260139   3.97227471700491e-14
0.007441957212472181   3.968616418157972e-14
0.007448815351987288   3.964961492207693e-14
0.007455679811624403   3.9613099360269593e-14
0.007462550597207851   3.957661746491619e-14
0.007469427714567304   3.9540169204805143e-14
0.007476311169537814   3.950375454875455e-14
0.007483200967959808   3.946737346561218e-14
0.007490097115679092   3.9431025924255564e-14
0.0074969996185468785   3.9394711893591695e-14
0.007503908482419749   3.935843134255732e-14
0.007510823713159686   3.932218424011876e-14
0.007517745316634091   3.9285970555271746e-14
0.007524673298715755   3.9249790257041626e-14
0.007531607665282888   3.9213643314483204e-14
0.007538548422219114   3.9177529696680735e-14
0.007545495575413473   3.9141449372747893e-14
0.007552449130760457   3.910540231182768e-14
0.007559409094159964   3.90693884830925e-14
0.0075663754715173314   3.90334078557441e-14
0.007573348268743361   3.899746039901342e-14
0.007580327491754277   3.896154608216074e-14
0.007587313146471765   3.892566487447555e-14
0.007594305238822969   3.8889816745276536e-14
0.007601303774740485   3.885400166391156e-14
0.007608308760162399   3.8818219599757533e-14
0.00761532020103225   3.878247052222057e-14
0.00762233810329905   3.874675440073584e-14
0.007629362472917319   3.871107120476746e-14
0.007636393315847039   3.8675420903808664e-14
0.007643430638053695   3.863980346738161e-14
0.0076504744455082666   3.860421886503744e-14
0.007657524744187231   3.85686670663562e-14
0.0076645815400725945   3.853314804094675e-14
0.007671644839151852   3.8497661758446876e-14
0.00767871464741802   3.8462208188523236e-14
0.007685790970869656   3.8426787300871156e-14
0.007692873815510826   3.83913990652148e-14
0.007699963187351136   3.8356043451307065e-14
0.0077070590924057285   3.832072042892953e-14
0.0077141615366952835   3.828542996789251e-14
0.0077212705262460525   3.825017203803482e-14
0.007728386067089815   3.821494660922402e-14
0.007735508165263912   3.8179753651356216e-14
0.007742636826811269   3.8144593134355996e-14
0.007749772057780361   3.810946502817655e-14
0.007756913864225238   3.8074369302799536e-14
0.007764062252205536   3.803930592823507e-14
0.007771217227786464   3.8004274874521736e-14
0.007778378797038843   3.7969276111726394e-14
0.007785546966039068   3.79343096099444e-14
0.007792721740869132   3.789937533929944e-14
0.007799903127616656   3.786447326994341e-14
0.007807091132374849   3.78296033720566e-14
0.007814285761242542   3.779476561584749e-14
0.007821487020324185   3.7759959971552813e-14
0.007828694915729848   3.772518640943751e-14
0.007835909453575257   3.769044489979457e-14
0.007843130639981745   3.7655735412945244e-14
0.00785035848107629   3.762105791923887e-14
0.007857592982991537   3.758641238905276e-14
0.007864834151865764   3.7551798792792386e-14
0.007872081993842902   3.7517217100891186e-14
0.007879336515072567   3.748266728381054e-14
0.00788659772171002   3.744814931203987e-14
0.007893865619916203   3.7413663156096456e-14
0.007901140215857734   3.737920878652552e-14
0.007908421515706907   3.734478617390017e-14
0.007915709525641725   3.731039528882125e-14
0.007923004251845866   3.727603610191749e-14
0.007930305700508702   3.724170858384545e-14
0.007937613877825335   3.7207412705289314e-14
0.00794492878999655   3.7173148436961095e-14
0.007952250443228857   3.7138915749600446e-14
0.007959578843734485   3.710471461397473e-14
0.007966913997731377   3.7070545000878926e-14
0.007974255911443235   3.7036406881135565e-14
0.007981604591099466   3.7002300225594834e-14
0.007988960042935226   3.6968225005134484e-14
0.007996322273191433   3.6934181190659664e-14
0.008003691288114739   3.690016875310314e-14
0.008011067093957555   3.6866187663425095e-14
0.008018449696978057   3.683223789261316e-14
0.008025839103440182   3.679831941168238e-14
0.008033235319613656   3.676443219167512e-14
0.008040638351773969   3.6730576203661156e-14
0.008048048206202385   3.6696751418737626e-14
0.008055464889185989   3.6662957808028814e-14
0.008062888407017629   3.66291953426864e-14
0.008070318765995961   3.6595463993889275e-14
0.008077755972425452   3.65617637328435e-14
0.008085200032616362   3.652809453078239e-14
0.008092650952884797   3.649445635896629e-14
0.008100108739552657   3.646084918868279e-14
0.008107573398947665   3.642727299124656e-14
0.008115044937403405   3.6393727737999226e-14
0.008122523361259269   3.636021340030959e-14
0.008130008676860503   3.63267299495734e-14
0.008137500890558199   3.629327735721341e-14
0.00814500000870929   3.625985559467936e-14
0.008152506037676597   3.622646463344781e-14
0.008160018983828779   3.619310444502231e-14
0.00816753885354036   3.6159775000933314e-14
0.00817506565319177   3.6126476272738e-14
0.008182599389169288   3.6093208232020486e-14
0.008190140067865089   3.605997085039162e-14
0.00819768769567724   3.6026764099489024e-14
0.008205242279009694   3.599358795097709e-14
0.008212803824272329   3.596044237654682e-14
0.008220372337880909   3.5927327347915995e-14
0.008227947826257109   3.589424283682904e-14
0.008235530295828544   3.586118881505693e-14
0.008243119753028732   3.58281652543973e-14
0.008250716204297124   3.579517212667435e-14
0.00825831965607911   3.576220940373882e-14
0.008265930114826004   3.5729277057468006e-14
0.0082735475869951   3.569637505976558e-14
0.008281172079049609   3.5663503382561753e-14
0.008288803597458703   3.5630661997813236e-14
0.00829644214869754   3.5597850877502993e-14
0.008304087739247217   3.5565069993640485e-14
0.008311740375594817   3.55323193182615e-14
0.008319400064233397   3.549959882342815e-14
0.008327066811661994   3.546690848122886e-14
0.008334740624385653   3.543424826377827e-14
0.008342421508915395   3.540161814321731e-14
0.008350109471768234   3.53690180917132e-14
0.008357804519467223   3.533644808145919e-14
0.008365506658541395   3.5303908084674804e-14
0.008373215895525811   3.527139807360571e-14
0.008380932236961555   3.523891802052367e-14
0.008388655689395728   3.5206467897726545e-14
0.008396386259381492   3.517404767753817e-14
0.008404123953478022   3.5141657332308534e-14
0.008411868778250535   3.5109296834413585e-14
0.00841962074027033   3.507696615625518e-14
0.008427379846114729   3.504466527026126e-14
0.008435146102367121   3.5012394148885624e-14
0.008442919515616985   3.498015276460792e-14
0.008450700092459846   3.4947941089933744e-14
0.008458487839497318   3.491575909739454e-14
0.008466282763337095   3.4883606759547534e-14
0.008474084870592959   3.485148404897582e-14
0.008481894167884804   3.4819390938288105e-14
0.008489710661838604   3.478732740011901e-14
0.008497534359086439   3.475529340712881e-14
0.008505365266266524   3.472328893200342e-14
0.008513203390023167   3.469131394745449e-14
0.00852104873700681   3.465936842621927e-14
0.008528901313874019   3.4627452341060634e-14
0.00853676112728749   3.4595565664767104e-14
0.008544628183916082   3.4563708370152603e-14
0.008552502490434776   3.4531880430056744e-14
0.008560384053524705   3.4500081817344624e-14
0.00856827287987318   3.446831250490671e-14
0.008576168976173653   3.443657246565904e-14
0.00858407234912575   3.440486167254308e-14
0.00859198300543528   3.437318009852565e-14
0.008599900951814208   3.434152771659903e-14
0.008607826194980725   3.430990449978069e-14
0.008615758741659176   3.427831042111362e-14
0.00862369859858011   3.4246745453666035e-14
0.0086316457724803   3.421520957053137e-14
0.008639600270102707   3.418370274482839e-14
0.008647562098196507   3.415222494970106e-14
0.008655531263517102   3.412077615831858e-14
0.008663507772826108   3.408935634387529e-14
0.008671491632891399   3.405796547959065e-14
0.008679482850487058   3.40266035387093e-14
0.008687481432393415   3.3995270494501005e-14
0.008695487385397068   3.396396632026048e-14
0.00870350071629085   3.3932690989307623e-14
0.00871152143187386   3.3901444474987305e-14
0.008719549538951458   3.3870226750669374e-14
0.008727585044335276   3.383903778974872e-14
0.00873562795484324   3.380787756564508e-14
0.00874367827729954   3.37767460518032e-14
0.00875173601853465   3.3745643221692725e-14
0.00875980118538537   3.371456904880807e-14
0.008767873784694768   3.3683523506668615e-14
0.008775953823312232   3.365250656881853e-14
0.00878404130809346   3.362151820882675e-14
0.008792136245900459   3.359055840028708e-14
0.008800238643601585   3.3559627116817914e-14
0.0088083485080715   3.352872433206251e-14
0.0088164658461912   3.34978500196888e-14
0.008824590664848048   3.34670041533893e-14
0.008832722970935727   3.343618670688128e-14
0.008840862771354286   3.340539765390661e-14
0.008849010073010127   3.337463696823174e-14
0.008857164882816008   3.3343904623647725e-14
0.008865327207691091   3.331320059397012e-14
0.00887349705456088   3.3282524853039073e-14
0.008881674430357266   3.325187737471919e-14
0.00888985934201855   3.322125813289956e-14
0.008898051796489408   3.3190667101493716e-14
0.008906251800720917   3.316010425443968e-14
0.008914459361670561   3.312956956569981e-14
0.008922674486302233   3.309906300926091e-14
0.008930897181586264   3.306858455913404e-14
0.008939127454499382   3.3038134189354674e-14
0.008947365312024749   3.3007711873982624e-14
0.008955610761151983   3.2977317587101864e-14
0.008963863808877122   3.2946951302820706e-14
0.008972124462202658   3.291661299527172e-14
0.008980392728137535   3.288630263861163e-14
0.008988668613697147   3.285602020702141e-14
0.008996952125903384   3.2825765674706115e-14
0.009005243271784574   3.2795539015894984e-14
0.009013542058375528   3.276534020484142e-14
0.009021848492717562   3.273516921582278e-14
0.009030162581858457   3.270502602314063e-14
0.009038484332852486   3.267491060112054e-14
0.009046813752760454   3.2644822924112007e-14
0.009055150848649643   3.2614762966488634e-14
0.009063495627593858   3.258473070264796e-14
0.009071848096673421   3.255472610701147e-14
0.00908020826297517   3.25247491540246e-14
0.009088576133592506   3.2494799818156577e-14
0.009096951715625334   3.246487807390063e-14
0.009105335016180103   3.243498389577381e-14
0.00911372604236984   3.2405117258316946e-14
0.009122124801314099   3.23752781360947e-14
0.009130531300139003   3.2345466503695543e-14
0.009138945545977243   3.231568233573166e-14
0.009147367545968075   3.2285925606839054e-14
0.00915579730725736   3.2256196291677296e-14
0.009164234836997517   3.222649436492976e-14
0.009172680142347558   3.219681980130347e-14
0.009181133230473119   3.216717257552901e-14
0.009189594108546409   3.2137552662360674e-14
0.00919806278374626   3.210796003657631e-14
0.00920653926325812   3.207839467297734e-14
0.009215023554274043   3.204885654638877e-14
0.009223515663992746   3.201934563165903e-14
0.00923201559961955   3.1989861903660145e-14
0.009240523368366414   3.1960405337287615e-14
0.009249038977451973   3.1930975907460296e-14
0.009257562434101484   3.190157358912059e-14
0.009266093745546877   3.1872198357234244e-14
0.009274632919026742   3.184285018679042e-14
0.009283179961786328   3.1813529052801655e-14
0.009291734881077597   3.178423493030373e-14
0.009300297684159162   3.1754967794355825e-14
0.009308868378296321   3.1725727620040456e-14
0.0093174469707611   3.169651438246327e-14
0.0093260334688322   3.166732805675326e-14
0.009334627879795034   3.1638168618062636e-14
0.009343230210941732   3.1609036041566786e-14
0.009351840469571134   3.157993030246431e-14
0.009360458662988836   3.155085137597688e-14
0.009369084798507135   3.152179923734939e-14
0.00937771888344507   3.1492773861849824e-14
0.009386360925128451   3.14637752247692e-14
0.009395010930889812   3.143480330142165e-14
0.009403668908068452   3.1405858067144334e-14
0.009412334864010436   3.137693949729745e-14
0.009421008806068587   3.134804756726419e-14
0.009429690741602534   3.131918225245064e-14
0.009438380677978657   3.129034352828594e-14
0.009447078622570132   3.126153137022214e-14
0.009455784582756949   3.1232745753734117e-14
0.009464498565925874   3.1203986654319716e-14
0.009473220579470492   3.117525404749962e-14
0.0094819506307912   3.1146547908817337e-14
0.009490688727295204   3.1117868213839236e-14
0.009499434876396567   3.1089214938154365e-14
0.009508189085516155   3.106058805737468e-14
0.009516951362081671   3.1031987547134824e-14
0.009525721713527694   3.100341338309213e-14
0.009534500147295625   3.0974865540926695e-14
0.00954328667083373   3.0946343996341275e-14
0.009552081291597144   3.0917848725061286e-14
0.009560884017047858   3.088937970283483e-14
0.009569694854654769   3.0860936905432487e-14
0.00957851381189363   3.083252030864757e-14
0.009587340896247083   3.0804129888295945e-14
0.009596176115204693   3.077576562021593e-14
0.009605019476262898   3.074742748026846e-14
0.009613870986925059   3.071911544433696e-14
0.009622730654701444   3.0690829488327306e-14
0.009631598487109237   3.066256958816792e-14
0.009640474491672577   3.0634335719809506e-14
0.009649358675922511   3.0606127859225334e-14
0.009658251047397022   3.057794598241103e-14
0.009667151613641069   3.0549790065384515e-14
0.00967606038220654   3.052166008418617e-14
0.009684977360652285   3.049355601487864e-14
0.009693902556544115   3.046547783354692e-14
0.009702835977454843   3.0437425516298226e-14
0.009711777630964227   3.04093990392621e-14
0.009720727524659025   3.03813983785903e-14
0.00972968566613297   3.0353423510456866e-14
0.009738652062986831   3.032547441105788e-14
0.009747626722828346   3.0297551056611776e-14
0.009756609653272267   3.0269653423359054e-14
0.009765600861940392   3.024178148756234e-14
0.00977460035646151   3.0213935225506407e-14
0.009783608144471455   3.0186114613498124e-14
0.009792624233613096   3.01583196278664e-14
0.009801648631536335   3.013055024496224e-14
0.009810681345898152   3.010280644115859e-14
0.00981972238436256   3.007508819285047e-14
0.009828771754600625   3.004739547645492e-14
0.00983782946429052   3.0019728268410793e-14
0.009846895521117463   2.9992086545179023e-14
0.009855969932773758   2.996447028324244e-14
0.009865052706958805   2.993687945910573e-14
0.009874143851379085   2.990931404929551e-14
0.009883243373748215   2.988177403036016e-14
0.009892351281786888   2.9854259378869985e-14
0.009901467583222908   2.98267700714171e-14
0.009910592285791239   2.9799306084615337e-14
0.009919725397233937   2.9771867395100354e-14
0.009928866925300206   2.9744453979529565e-14
0.009938016877746389   2.97170658145821e-14
0.009947175262335966   2.968970287695881e-14
0.009956342086839605   2.966236514338218e-14
0.009965517359035104   2.9635052590596394e-14
0.009974701086707425   2.9607765195367346e-14
0.009983893277648738   2.9580502934482416e-14
0.009993093939658365   2.95532657847507e-14
0.010002303080542821   2.952605372300281e-14
0.010011520708115814   2.949886672609099e-14
0.010020746830198265   2.9471704770888927e-14
0.010029981454618283   2.9444567834291925e-14
0.010039224589211209   2.941745589321671e-14
0.0100484762418196   2.93903689246015e-14
0.01005773642029323   2.9363306905406e-14
0.01006700513248912   2.933626981261134e-14
0.010076282386271522   2.9309257623220056e-14
0.010085568189511946   2.928227031425606e-14
0.01009486255008914   2.9255307862764676e-14
0.010104165475889132   2.9228370245812544e-14
0.010113476974805196   2.920145744048767e-14
0.010122797054737906   2.917456942389933e-14
0.010132125723595089   2.914770617317814e-14
0.010141462989291881   2.912086766547593e-14
0.010150808859750698   2.9094053877965844e-14
0.010160163342901271   2.906726478784218e-14
0.010169526446680621   2.9040500372320524e-14
0.010178898179033103   2.901376060863757e-14
0.010188278547910372   2.898704547405126e-14
0.010197667561271433   2.89603549458406e-14
0.010207065227082604   2.89336890013058e-14
0.010216471553317565   2.890704761776811e-14
0.010225886547957324   2.888043077256992e-14
0.010235310218990263   2.8853838443074634e-14
0.010244742574412108   2.882727060666676e-14
0.010254183622225972   2.880072724075176e-14
0.010263633370442322   2.8774208322756185e-14
0.01027309182707903   2.8747713830127474e-14
0.010282559000161335   2.872124374033412e-14
0.010292034897721892   2.869479803086548e-14
0.010301519527800736   2.866837667923192e-14
0.010311012898445337   2.8641979662964614e-14
0.010320515017710558   2.8615606959615696e-14
0.0103300258936587   2.858925854675812e-14
0.010339545534359486   2.856293440198571e-14
0.010349073947890081   2.853663450291309e-14
0.010358611142335087   2.85103588271757e-14
0.010368157125786566   2.848410735242974e-14
0.010377711906344024   2.8457880056352224e-14
0.010387275492114448   2.8431676916640847e-14
0.010396847891212275   2.840549791101407e-14
0.010406429111759442   2.837934301721104e-14
0.010416019161885351   2.8353212212991582e-14
0.010425618049726916   2.8327105476136183e-14
0.010435225783428526   2.830102278444601e-14
0.010444842371142099   2.8274964115742787e-14
0.010454467821027045   2.8248929447868897e-14
0.010464102141250311   2.8222918758687282e-14
0.010473745339986353   2.819693202608146e-14
0.010483397425417179   2.8170969227955458e-14
0.010493058405732315   2.8145030342233894e-14
0.01050272828912886   2.8119115346861808e-14
0.010512407083811442   2.809322421980481e-14
0.01052209479799227   2.806735693904889e-14
0.010531791439891101   2.8041513482600554e-14
0.010541497017735293   2.8015693828486688e-14
0.010551211539759757   2.798989795475461e-14
0.010560935014207018   2.796412583947201e-14
0.010570667449327175   2.7938377460726955e-14
0.010580408853377953   2.791265279662784e-14
0.010590159234624662   2.7886951825303434e-14
0.010599918601340253   2.786127452490274e-14
0.01060968696180528   2.783562087359512e-14
0.010619464324307947   2.7809990849570153e-14
0.010629250697144075   2.7784384431037734e-14
0.010639046088617155   2.7758801596227895e-14
0.010648850507038302   2.7733242323390974e-14
0.010658663960726317   2.7707706590797425e-14
0.010668486458007645   2.768219437673793e-14
0.010678318007216425   2.7656705659523268e-14
0.010688158616694452   2.763124041748443e-14
0.010698008294791237   2.7605798628972426e-14
0.010707867049863954   2.7580380272358448e-14
0.010717734890277511   2.7554985326033696e-14
0.010727611824404494   2.7529613768409488e-14
0.010737497860625231   2.7504265577917115e-14
0.010747393007327752   2.7478940733007942e-14
0.01075729727290783   2.7453639212153302e-14
0.010767210665768977   2.7428360993844507e-14
0.010777133194322434   2.740310605659285e-14
0.010787064866987212   2.7377874378929547e-14
0.01079700569219006   2.735266593940576e-14
0.01080695567836552   2.732748071659249e-14
0.010816914833955873   2.7302318689080736e-14
0.010826883167411216   2.727717983548124e-14
0.010836860687189398   2.7252064134424692e-14
0.010846847401756095   2.722697156456152e-14
0.010856843319584756   2.7201902104562044e-14
0.010866848449156662   2.7176855733116307e-14
0.010876862798960892   2.7151832428934176e-14
0.010886886377494364   2.7126832170745206e-14
0.010896919193261807   2.7101854937298767e-14
0.010906961254775813   2.7076900707363852e-14
0.010917012570556791   2.7051969459729232e-14
0.010927073149133026   2.7027061173203293e-14
0.010937142999040642   2.7002175826614127e-14
0.010947222128823651   2.6977313398809416e-14
0.010957310547033913   2.695247386865651e-14
0.010967408262231196   2.6927657215042303e-14
0.010977515282983134   2.690286341687335e-14
0.010987631617865274   2.6878092453075686e-14
0.010997757275461045   2.6853344302594972e-14
0.011007892264361814   2.6828618944396297e-14
0.011018036593166835   2.680391635746437e-14
0.011028190270483317   2.6779236520803293e-14
0.01103835330492637   2.6754579413436717e-14
0.01104852570511907   2.672994501440767e-14
0.011058707479692422   2.6705333302778685e-14
0.011068898637285399   2.6680744257631655e-14
0.011079099186544917   2.66561778580679e-14
0.01108930913612588   2.6631634083208103e-14
0.011099528494691152   2.6607112912192324e-14
0.011109757270911597   2.6582614324179923e-14
0.011119995473466048   2.655813829834965e-14
0.01113024311104136   2.65336848138995e-14
0.01114050019233237   2.6509253850046788e-14
0.01115076672604195   2.648484538602806e-14
0.011161042720880969   2.6460459401099174e-14
0.011171328185568348   2.6436095874535136e-14
0.01118162312883102   2.641175478563024e-14
0.011191927559403984   2.6387436113697916e-14
0.01120224148603026   2.6363139838070825e-14
0.011212564917460954   2.6338865938100732e-14
0.011222897862455212   2.63146143931586e-14
0.011233240329780276   2.6290385182634424e-14
0.011243592328211443   2.626617828593742e-14
0.01125395386653212   2.6241993682495774e-14
0.011264324953533784   2.621783135175683e-14
0.01127470559801604   2.6193691273186906e-14
0.01128509580878658   2.616957342627142e-14
0.011295495594661229   2.614547779051474e-14
0.011305904964463919   2.6121404345440287e-14
0.011316323927026736   2.6097353070590398e-14
0.011326752491189883   2.6073323945526423e-14
0.011337190665801728   2.60493169498286e-14
0.011347638459718777   2.6025332063096132e-14
0.011358095881805714   2.6001369264947107e-14
0.011368562940935373   2.5977428535018522e-14
0.01137903964598879   2.5953509852966183e-14
0.011389526005855157   2.5929613198464823e-14
0.011400022029431883   2.5905738551207944e-14
0.011410527725624555   2.5881885890907905e-14
0.01142104310334699   2.5858055197295835e-14
0.011431568171521191   2.5834246450121667e-14
0.011442102939077414   2.5810459629154057e-14
0.011452647414954118   2.578669471418045e-14
0.01146320160809802   2.5762951685006973e-14
0.011473765527464062   2.573923052145851e-14
0.011484339182015463   2.571553120337857e-14
0.011494922580723672   2.5691853710629408e-14
0.011505515732568437   2.566819802309186e-14
0.011516118646537753   2.5644564120665468e-14
0.011526731331627923   2.562095198326832e-14
0.011537353796843517   2.559736159083718e-14
0.01154798605119742   2.557379292332736e-14
0.01155862810371082   2.5550245960712697e-14
0.011569279963413212   2.5526720682985665e-14
0.01157994163934242   2.5503217070157187e-14
0.011590613140544588   2.5479735102256763e-14
0.011601294476074208   2.545627475933233e-14
0.011611985654994099   2.5432836021450364e-14
0.011622686686375455   2.540941886869574e-14
0.011633397579297806   2.5386023281171833e-14
0.011644118342849069   2.53626492390004e-14
0.011654848986125519   2.533929672232163e-14
0.01166558951823183   2.53159657112941e-14
0.011676339948281048   2.529265618609476e-14
0.011687100285394643   2.5269368126918884e-14
0.011697870538702457   2.5246101513980162e-14
0.011708650717342778   2.522285632751051e-14
0.011719440830462292   2.5199632547760235e-14
0.011730240887216133   2.5176430154997854e-14
0.01174105089676785   2.5153249129510224e-14
0.011751870868289464   2.513008945160239e-14
0.011762700810961419   2.510695110159768e-14
0.011773540733972644   2.5083834059837614e-14
0.011784390646520518   2.506073830668192e-14
0.011795250557810912   2.5037663822508503e-14
0.011806120477058164   2.5014610587713462e-14
0.01181700041348512   2.499157858271098e-14
0.011827890376323109   2.496856778793345e-14
0.011838790374811984   2.4945578183831325e-14
0.011849700418200094   2.492260975087318e-14
0.011860620515744331   2.4899662469545644e-14
0.0118715506767101   2.4876736320353452e-14
0.011882490910371359   2.485383128381935e-14
0.011893441226010597   2.4830947340484127e-14
0.011904401632918877   2.4808084470906565e-14
0.011915372140395803   2.478524265566347e-14
0.011926352757749569   2.4762421875349598e-14
0.011937343494296926   2.4739622110577706e-14
0.011948344359363235   2.4716843341978423e-14
0.011959355362282424   2.4694085550200404e-14
0.01197037651239705   2.4671348715910104e-14
0.011981407819058255   2.464863281979197e-14
0.011992449291625818   2.4625937842548252e-14
0.012003500939468127   2.4603263764899116e-14
0.012014562771962223   2.4580610567582517e-14
0.012025634798493764   2.4557978231354276e-14
0.012036717028457085   2.4535366736987996e-14
0.012047809471255147   2.451277606527511e-14
0.012058912136299609   2.4490206197024763e-14
0.012070025033010775   2.4467657113063926e-14
0.012081148170817653   2.4445128794237257e-14
0.012092281559157921   2.4422621221407186e-14
0.012103425207477973   2.44001343754538e-14
0.012114579125232887   2.437766823727493e-14
0.012125743321886479   2.435522278778603e-14
0.01213691780691126   2.433279800792027e-14
0.012148102589788497   2.4310393878628393e-14
0.012159297680008169   2.4288010380878843e-14
0.012170503087069023   2.4265647495657594e-14
0.01218171882047854   2.4243305203968284e-14
0.012192944889752984   2.422098348683205e-14
0.01220418130441736   2.4198682325287666e-14
0.012215428074005486   2.417640170039139e-14
0.012226685208059931   2.4154141593217042e-14
0.012237952716132088   2.413190198485591e-14
0.012249230607782125   2.4109682856416815e-14
0.012260518892579047   2.408748418902603e-14
0.01227181758010065   2.4065305963827305e-14
0.012283126679933585   2.4043148161981807e-14
0.012294446201673309   2.4021010764668153e-14
0.012305776154924149   2.3998893753082342e-14
0.012317116549299255   2.3976797108437812e-14
0.012328467394420665   2.3954720811965326e-14
0.012339828699919257   2.3932664844913065e-14
0.012351200475434808   2.3910629188546484e-14
0.012362582730615957   2.3888613824148436e-14
0.01237397547512025   2.386661873301904e-14
0.012385378718614134   2.384464389647571e-14
0.012396792470772947   2.3822689295853184e-14
0.012408216741280967   2.3800754912503407e-14
0.012419651539831371   2.3778840727795607e-14
0.012431096876126296   2.3756946723116226e-14
0.01244255275987679   2.3735072879868925e-14
0.012454019200802883   2.371321917947457e-14
0.01246549620863353   2.36913856033712e-14
0.012476983793106682   2.366957213301401e-14
0.012488481963969235   2.3647778749875372e-14
0.012499990730977094   2.3626005435444753e-14
0.01251151010389513   2.3604252171228797e-14
0.01252304009249724   2.358251893875117e-14
0.012534580706566299   2.356080571955269e-14
0.012546131955894222   2.3539112495191204e-14
0.012557693850281926   2.351743924724164e-14
0.012569266399539385   2.3495785957295935e-14
0.012580849613485587   2.347415260696307e-14
0.012592443501948594   2.345253917786901e-14
0.012604048074765499   2.343094565165674e-14
0.012615663341782485   2.3409372009986178e-14
0.012627289312854789   2.3387818234534235e-14
0.01263892599784675   2.3366284306994725e-14
0.01265057340663177   2.334477020907843e-14
0.012662231549092384   2.3323275922513e-14
0.0126739004351202   2.3301801429043034e-14
0.012685580074615972   2.3280346710429928e-14
0.01269727047748955   2.3258911748452017e-14
0.012708971653659945   2.323749652490442e-14
0.01272068361305528   2.3216101021599147e-14
0.012732406365612856   2.3194725220364954e-14
0.012744139921279101   2.3173369103047467e-14
0.012755884290009643   2.3152032651509015e-14
0.01276763948176925   2.313071584762879e-14
0.012779405506531906   2.3109418673302614e-14
0.012791182374280754   2.3088141110443177e-14
0.01280297009500817   2.306688314097978e-14
0.012814768678715708   2.3045644746858494e-14
0.012826578135414164   2.302442591004204e-14
0.012838398475123539   2.3003226612509828e-14
0.012850229707873086   2.2982046836257938e-14
0.012862071843701283   2.296088656329906e-14
0.012873924892655878   2.2939745775662527e-14
0.012885788864793857   2.2918624455394286e-14
0.012897663770181497   2.2897522584556865e-14
0.012909549618894327   2.2876440145229393e-14
0.012921446421017188   2.2855377119507526e-14
0.012933354186644187   2.2834333489503503e-14
0.01294527292587876   2.2813309237346076e-14
0.012957202648833627   2.279230434518053e-14
0.012969143365630854   2.277131879516862e-14
0.012981095086401813   2.275035256948863e-14
0.012993057821287228   2.2729405650335272e-14
0.013005031580437153   2.2708478019919733e-14
0.01301701637401102   2.2687569660469648e-14
0.01302901221217759   2.2666680554229067e-14
0.013041019105115027   2.2645810683458426e-14
0.013053037063010852   2.262496003043459e-14
0.01306506609606199   2.2604128577450788e-14
0.013077106214474749   2.2583316306816603e-14
0.013089157428464858   2.2562523200857972e-14
0.013101219748257443   2.2541749241917177e-14
0.013113293184087072   2.2520994412352785e-14
0.013125377746197722   2.2500258694539694e-14
0.013137473444842838   2.2479542070869067e-14
0.013149580290285285   2.2458844523748357e-14
0.013161698292797413   2.2438166035601244e-14
0.013173827462661011   2.2417506588867694e-14
0.01318596781016737   2.2396866166003835e-14
0.013198119345617244   2.2376244749482073e-14
0.013210282079320897   2.235564232179094e-14
0.013222456021598075   2.233505886543522e-14
0.013234641182778055   2.2314494362935778e-14
0.01324683757319961   2.2293948796829717e-14
0.01325904520321107   2.22734221496702e-14
0.013271264083170267   2.2252914404026553e-14
0.013283494223444606   2.223242554248419e-14
0.013295735634411042   2.2211955547644598e-14
0.013307988326456075   2.2191504402125376e-14
0.0133202523099758   2.2171072088560142e-14
0.013332527595375869   2.2150658589598592e-14
0.013344814193071548   2.213026388790642e-14
0.013357112113487677   2.210988796616535e-14
0.013369421367058727   2.2089530807073097e-14
0.01338174196422876   2.206919239334338e-14
0.01339407391545149   2.2048872707705845e-14
0.013406417231190236   2.202857173290615e-14
0.013418771921917984   2.2008289451705813e-14
0.013431137998117354   2.198802584688236e-14
0.01344351547028064   2.1967780901229158e-14
0.01345590434890979   2.1947554597555527e-14
0.013468304644516448   2.19273469186866e-14
0.013480716367621924   2.1907157847463443e-14
0.013493139528757251   2.1886987366742904e-14
0.013505574138463134   2.1866835459397734e-14
0.013518020207290026   2.1846702108316434e-14
0.013530477745798068   2.1826587296403377e-14
0.01354294676455717   2.1806491006578666e-14
0.013555427274146943   2.1786413221778228e-14
0.013567919285156788   2.1766353924953707e-14
0.013580422808185827   2.1746313099072546e-14
0.013592937853842982   2.1726290727117855e-14
0.013605464432746923   2.1706286792088526e-14
0.013618002555526134   2.168630127699909e-14
0.013630552232818866   2.1666334164879822e-14
0.013643113475273198   2.164638543877661e-14
0.013655686293546998   2.162645508175108e-14
0.013668270698307982   2.1606543076880402e-14
0.013680866700233673   2.1586649407257467e-14
0.013693474310011453   2.156677405599071e-14
0.013706093538338533   2.154691700620421e-14
0.013718724395922007   2.152707824103761e-14
0.013731366893478807   2.1507257743646124e-14
0.01374402104173577   2.1487455497200524e-14
0.013756686851429592   2.1467671484887143e-14
0.01376936433330689   2.14479056899078e-14
0.013782053498124157   2.142815809547986e-14
0.013794754356647827   2.140842868483615e-14
0.013807466919654225   2.1388717441225033e-14
0.013820191197929639   2.1369024347910294e-14
0.013832927202270267   2.13493493881712e-14
0.013845674943482282   2.1329692545302427e-14
0.013858434432381793   2.1310053802614117e-14
0.0138712056797949   2.129043314343178e-14
0.013883988696557655   2.127083055109637e-14
0.01389678349351612   2.1251246008964165e-14
0.013909590081526327   2.123167950040687e-14
0.013922408471454342   2.1212131008811488e-14
0.01393523867417621   2.119260051758042e-14
0.013948080700578035   2.1173088010131333e-14
0.01396093456155592   2.115359346989726e-14
0.01397380026801604   2.1134116880326457e-14
0.013986677830874589   2.1114658224882552e-14
0.013999567261057852   2.1095217487044373e-14
0.014012468569502156   2.1075794650306032e-14
0.01402538176715393   2.105638969817685e-14
0.014038306864969667   2.1037002614181423e-14
0.014051243873915983   2.101763338185951e-14
0.014064192804969572   2.0998281984766095e-14
0.014077153669117272   2.097894840647132e-14
0.014090126477356019   2.0959632630560522e-14
0.014103111240692908   2.0940334640634175e-14
0.014116107970145156   2.09210544203079e-14
0.014129116676740152   2.090179195321243e-14
0.014142137371515429   2.0882547222993633e-14
0.01415517006551871   2.0863320213312445e-14
0.014168214769807879   2.084411090784492e-14
0.014181271495451033   2.0824919290282153e-14
0.014194340253526444   2.0805745344330305e-14
0.014207421055122623   2.0786589053710568e-14
0.014220513911338264   2.0767450402159192e-14
0.014233618833282316   2.0748329373427404e-14
0.014246735832073967   2.072922595128144e-14
0.014259864918842624   2.0710140119502536e-14
0.014273006104727986   2.0691071861886877e-14
0.014286159400879985   2.067202116224563e-14
0.014299324818458857   2.065298800440488e-14
0.014312502368635096   2.063397237220566e-14
0.014325692062589518   2.0614974249503906e-14
0.01433889391151321   2.0595993620170473e-14
0.01435210792660761   2.0577030468091082e-14
0.01436533411908444   2.0558084777166343e-14
0.014378572500165792   2.0539156531311707e-14
0.014391823081084063   2.0520245714457502e-14
0.014405085873082034   2.0501352310548857e-14
0.014418360887412817   2.0482476303545747e-14
0.014431648135339923   2.0463617677422912e-14
0.014444947628137217   2.0444776416169942e-14
0.01445825937708898   2.0425952503791134e-14
0.01447158339348986   2.0407145924305613e-14
0.014484919688644949   2.0388356661747205e-14
0.01449826827386972   2.0369584700164507e-14
0.014511629160490114   2.03508300236208e-14
0.014525002359842469   2.033209261619412e-14
0.014538387883273605   2.0313372461977147e-14
0.01455178574214077   2.0294669545077295e-14
0.014565195947811705   2.0275983849616584e-14
0.0145786185116646   2.025731535973176e-14
0.014592053445088156   2.0238664059574133e-14
0.014605500759481546   2.0220029933309698e-14
0.01461896046625447   2.0201412965119035e-14
0.01463243257682712   2.018281313919733e-14
0.014645917102630239   2.0164230439754334e-14
0.014659414055105072   2.014566485101443e-14
0.01467292344570344   2.0127116357216467e-14
0.01468644528588769   2.0108584942613927e-14
0.014699979587130756   2.0090070591474764e-14
0.01471352636091612   2.0071573288081486e-14
0.014727085618737874   2.005309301673107e-14
0.014740657372100674   2.0034629761735027e-14
0.014754241632519805   2.0016183507419302e-14
0.01476783841152114   1.999775423812434e-14
0.014781447720641197   1.9979341938204993e-14
0.0147950695714271   1.9960946592030612e-14
0.01480870397543664   1.994256818398489e-14
0.014822350944238236   1.9924206698466018e-14
0.014836010489410991   1.9905862119886506e-14
0.01484968262254465   1.988753443267331e-14
0.014863367355239673   1.98692236212677e-14
0.014877064699107176   1.9850929670125344e-14
0.014890774665769005   1.9832652563716227e-14
0.01490449726685769   1.9814392286524688e-14
0.014918232514016506   1.9796148823049355e-14
0.014931980418899433   1.9777922157803178e-14
0.014945740993171216   1.975971227531339e-14
0.014959514248507324   1.97415191601215e-14
0.014973300196594014   1.9723342796783272e-14
0.014987098849128279   1.9705183169868746e-14
0.015000910217817924   1.9687040263962154e-14
0.015014734314381517   1.9668914063662006e-14
0.01502857115054845   1.9650804553580967e-14
0.015042420738058894   1.9632711718345953e-14
0.015056283088663875   1.9614635542598012e-14
0.01507015821412521   1.9596576010992405e-14
0.015084046126215596   1.957853310819851e-14
0.015097946836718536   1.956050681889989e-14
0.015111860357428432   1.95424971277942e-14
0.01512578670015052   1.9524504019593256e-14
0.01513972587670095   1.9506527479022918e-14
0.015153677898906724   1.9488567490823213e-14
0.01516764277860578   1.9470624039748173e-14
0.015181620527646933   1.9452697110565955e-14
0.015195611157889945   1.943478668805872e-14
0.01520961468120548   1.941689275702271e-14
0.015223631109475173   1.9399015302268157e-14
0.015237660454591573   1.9381154308619333e-14
0.015251702728458223   1.9363309760914488e-14
0.015265757942989603   1.9345481644005886e-14
0.0152798261101112   1.9327669942759733e-14
0.015293907241759483   1.930987464205621e-14
0.015308001349881908   1.929209572678946e-14
0.015322108446436965   1.927433318186754e-14
0.015336228543394134   1.925658699221244e-14
0.015350361652733959   1.9238857142760056e-14
0.015364507786447991   1.9221143618460183e-14
0.015378666956538866   1.920344640427649e-14
0.01539283917502025   1.9185765485186537e-14
0.015407024453916906   1.916810084618171e-14
0.015421222805264652   1.9150452472267273e-14
0.015435434241110428   1.9132820348462284e-14
0.015449658773512245   1.9115204459799674e-14
0.015463896414539255   1.909760479132611e-14
0.015478147176271703   1.908002132810213e-14
0.015492411070801   1.906245405520198e-14
0.015506688110229663   1.9044902957713718e-14
0.015520978306671398   1.9027368020739143e-14
0.01553528167225104   1.9009849229393807e-14
0.015549598219104632   1.899234656880696e-14
0.015563927959379368   1.8974860024121608e-14
0.015578270905233668   1.8957389580494428e-14
0.015592627068837125   1.8939935223095826e-14
0.015606996462370576   1.8922496937109836e-14
0.015621379098026057   1.8905074707734212e-14
0.015635774988006865   1.8887668520180298e-14
0.01565018414452752   1.8870278359673146e-14
0.01566460657981382   1.8852904211451386e-14
0.015679042306102804   1.8835546060767292e-14
0.015693491335642816   1.881820389288671e-14
0.01570795368069346   1.8800877693089104e-14
0.01572242935352567   1.87835674466675e-14
0.01573691836642165   1.8766273138928503e-14
0.01575142073167496   1.8748994755192246e-14
0.015765936461590455   1.8731732280792427e-14
0.015780465568484364   1.871448570107625e-14
0.01579500806468423   1.869725500140445e-14
0.015809563962528996   1.868004016715123e-14
0.01582413327436893   1.8662841183704342e-14
0.015838716012565732   1.8645658036464948e-14
0.015853312189492447   1.8628490710847726e-14
0.01586792181753356   1.861133919228077e-14
0.015882544909084934   1.859420346620564e-14
0.015897181476553893   1.8577083518077287e-14
0.01591183153235916   1.855997933336413e-14
0.015926495088930934   1.854289089754793e-14
0.015941172158710836   1.852581819612388e-14
0.01595586275415199   1.8508761214600528e-14
0.015970566887718952   1.84917199384998e-14
0.01598528457188781   1.8474694353356955e-14
0.016000015819146115   1.8457684444720618e-14
0.016014760641992948   1.844069019815271e-14
0.016029519052938892   1.842371159922849e-14
0.016044291064506073   1.840674863353651e-14
0.016059076689228145   1.838980128667862e-14
0.016073875939650324   1.837286954426994e-14
0.016088688828329374   1.835595339193885e-14
0.016103515367833648   1.8339052815326984e-14
0.016118355570743054   1.832216780008925e-14
0.01613320944964913   1.830529833189373e-14
0.016148077017154983   1.8288444396421755e-14
0.01616295828587536   1.8271605979367856e-14
0.016177853268436605   1.8254783066439763e-14
0.016192761977476742   1.8237975643358356e-14
0.016207684425645387   1.8221183695857725e-14
0.016222620625603864   1.8204407209685062e-14
0.016237570590025122   1.818764617060076e-14
0.016252534331593828   1.8170900564378297e-14
0.0162675118630063   1.81541703768043e-14
0.016282503196970593   1.8137455593678475e-14
0.016297508346206444   1.8120756200813646e-14
0.016312527323445333   1.810407218403569e-14
0.01632756014143045   1.8087403529183608e-14
0.016342606812916757   1.8070750222109385e-14
0.016357667350670943   1.8054112248678108e-14
0.01637274176747148   1.8037489594767885e-14
0.016387830076108615   1.8020882246269817e-14
0.016402932289384366   1.8004290189088056e-14
0.016418048420112574   1.7987713409139716e-14
0.016433178481118856   1.797115189235493e-14
0.01644832248524069   1.7954605624676767e-14
0.016463480445327337   1.7938074592061292e-14
0.016478652374239944   1.792155878047749e-14
0.016493838284851473   1.790505817590731e-14
0.016509038190046784   1.7888572764345584e-14
0.016524252102722573   1.7872102531800116e-14
0.01653948003578746   1.7855647464291558e-14
0.016554722002161924   1.7839207547853486e-14
0.016569978014778386   1.782278276853233e-14
0.01658524808658115   1.7806373112387412e-14
0.016600532230526484   1.778997856549086e-14
0.01661583045958256   1.77735991139277e-14
0.01663114278672954   1.775723474379575e-14
0.016646469224959503   1.7740885441205676e-14
0.01666180978727655   1.77245511922809e-14
0.01667716448669672   1.7708231983157688e-14
0.01669253333624808   1.769192779998505e-14
0.01670791634897068   1.767563862892482e-14
0.016723313537916614   1.7659364456151506e-14
0.01673872491614997   1.7643105267852458e-14
0.016754150496746906   1.762686105022768e-14
0.016769590292795608   1.761063178948995e-14
0.016785044317396344   1.7594417471864727e-14
0.016800512583661432   1.7578218083590193e-14
0.016815995104715296   1.7562033610917197e-14
0.01683149189369443   1.754586404010928e-14
0.01684700296374747   1.752970935744263e-14
0.01686252832803512   1.7513569549206114e-14
0.016878067999730264   1.7497444601701198e-14
0.01689362199201788   1.7481334501242025e-14
0.01690919031809513   1.7465239234155316e-14
0.01692477299117132   1.7449158786780424e-14
0.016940370024467945   1.7433093145469267e-14
0.016955981431218653   1.7417042296586387e-14
0.01697160722466933   1.740100622650884e-14
0.016987247418078028   1.7384984921626306e-14
0.017002902024715053   1.7368978368340945e-14
0.01701857105786291   1.7352986553067517e-14
0.017034254530816365   1.733700946223325e-14
0.017049952456882417   1.7321047082277937e-14
0.01706566484938036   1.730509939965381e-14
0.017081391721641716   1.7289166400825647e-14
0.017097133087010347   1.727324807227067e-14
0.017112888958842356   1.7257344400478588e-14
0.0171286593505062   1.7241455371951537e-14
0.017144444275382628   1.722558097320413e-14
0.017160243746864742   1.7209721190763376e-14
0.017176057778357956   1.7193876011168737e-14
0.017191886383280074   1.7178045420972054e-14
0.017207729575061226   1.7162229406737594e-14
0.017223587367143963   1.7146427955041982e-14
0.017239459772983183   1.713064105247423e-14
0.01725534680604621   1.7114868685635714e-14
0.017271248479812762   1.7099110841140163e-14
0.017287164807775   1.7083367505613627e-14
0.017303095803437488   1.7067638665694518e-14
0.01731904148031727   1.705192430803352e-14
0.01733500185194381   1.7036224419293667e-14
0.01735097693185908   1.7020538986150257e-14
0.017366966733617498   1.7004867995290877e-14
0.017382971270785995   1.6989211433415386e-14
0.01739899055694398   1.6973569287235925e-14
0.017415024605683414   1.6957941543476834e-14
0.01743107343060874   1.6942328188874744e-14
0.01744713704533698   1.692672921017847e-14
0.017463215463497665   1.6911144594149072e-14
0.017479308698732925   1.6895574327559778e-14
0.017495416764697423   1.6880018397196057e-14
0.017511539675058443   1.6864476789855513e-14
0.01752767744349583   1.6848949492347937e-14
0.017543830083702062   1.683343649149528e-14
0.01755999760938223   1.6817937774131632e-14
0.017576180034254037   1.680245332710324e-14
0.017592377372047857   1.6786983137268434e-14
0.01760858963650668   1.6771527191497708e-14
0.017624816841386205   1.6756085476673608e-14
0.017641059000454762   1.6740657979690818e-14
0.01765731612749341   1.6725244687456054e-14
0.017673588236295876   1.6709845586888146e-14
0.017689875340668626   1.6694460664917933e-14
0.01770617745443082   1.667908990848835e-14
0.017722494591414385   1.6663733304554323e-14
0.01773882676546396   1.6648390840082836e-14
0.01775517399043698   1.6633062502052858e-14
0.017771536280203615   1.6617748277455382e-14
0.017787913648646847   1.6602448153293374e-14
0.01780430610966242   1.6587162116581795e-14
0.017820713677158928   1.6571890154347543e-14
0.01783713636505773   1.6556632253629524e-14
0.01785357418729306   1.654138840147853e-14
0.017870027157811958   1.6526158584957344e-14
0.01788649529057435   1.6510942791140632e-14
0.01790297859955299   1.6495741007114998e-14
0.01791947709873355   1.6480553219978923e-14
0.017935990802114544   1.646537941684281e-14
0.01795251972370743   1.6450219584828914e-14
0.017969063877536547   1.643507371107138e-14
0.01798562327763918   1.641994178271618e-14
0.018002197938065533   1.6404823786921176e-14
0.01801878787287877   1.638971971085603e-14
0.018035393096155   1.6374629541702248e-14
0.018052013621983335   1.635955326665313e-14
0.018068649464465823   1.634449087291382e-14
0.018085300637717558   1.632944234770119e-14
0.0181019671558666   1.6314407678243958e-14
0.018118649033054064   1.6299386851782572e-14
0.01813534628343406   1.6284379855569257e-14
0.018152058921173785   1.6269386676867973e-14
0.01816878696045345   1.625440730295443e-14
0.01818553041546636   1.6239441721116057e-14
0.018202289300418884   1.622448991865201e-14
0.018219063629530508   1.620955188287312e-14
0.018235853417033782   1.6194627601101964e-14
0.018252658677174415   1.6179717060672748e-14
0.01826947942421121   1.6164820248931392e-14
0.018286315672416134   1.6149937153235443e-14
0.018303167436074286   1.6135067760954136e-14
0.018320034729483955   1.6120212059468312e-14
0.018336917566956573   1.6105370036170466e-14
0.018353815962816798   1.6090541678464688e-14
0.01837072993140245   1.6075726973766707e-14
0.018387659487064605   1.6060925909503815e-14
0.01840460464416752   1.604613847311493e-14
0.01842156541708873   1.6031364652050493e-14
0.01843854182021898   1.6016604433772568e-14
0.018455533867962316   1.6001857805754726e-14
0.01847254157473602   1.5987124755482118e-14
0.018489564954970707   1.5972405270451394e-14
0.018506604023110232   1.5957699338170764e-14
0.01852365879361182   1.59430069461599e-14
0.018540729280945967   1.5928328081950038e-14
0.018557815499596546   1.5913662733083844e-14
0.018574917464060745   1.58990108871155e-14
0.01859203518884914   1.5884372531610653e-14
0.018609168688485656   1.5869747654146397e-14
0.018626317977507623   1.5855136242311277e-14
0.018643483070465743   1.5840538283705282e-14
0.018660663981924158   1.5825953765939826e-14
0.018677860726460396   1.581138267663774e-14
0.018695073318665458   1.579682500343324e-14
0.018712301773143755   1.5782280733971976e-14
0.018729546104513186   1.576774985591095e-14
0.018746806327405097   1.575323235691855e-14
0.01876408245646434   1.573872822467453e-14
0.018781374506349237   1.572423744687e-14
0.018798682491731653   1.570976001120739e-14
0.01881600642729693   1.56952959054005e-14
0.018833346327743982   1.5680845117174415e-14
0.01885070220778526   1.566640763426554e-14
0.018868074082146753   1.5651983444421607e-14
0.01888546196556805   1.56375725354016e-14
0.01890286587280229   1.5623174894975808e-14
0.018920285818616246   1.560879051092578e-14
0.018937721817790257   1.559441937104433e-14
0.01895517388511833   1.5580061463135504e-14
0.01897264203540806   1.556571677501462e-14
0.01899012628348072   1.5551385294508184e-14
0.019007626644171223   1.5537067009453946e-14
0.019025143132328174   1.552276190770085e-14
0.019042675762813828   1.550846997710904e-14
0.019060224550504178   1.5494191205549846e-14
0.019077789510288882   1.5479925580905784e-14
0.01909537065707136   1.546567309107051e-14
0.019112968005768734   1.5451433723948874e-14
0.019130581571311905   1.5437207467456827e-14
0.019148211368645494   1.5422994309521494e-14
0.019165857412727937   1.5408794238081086e-14
0.019183519718531414   1.539460724108497e-14
0.01920119830104194   1.5380433306493576e-14
0.019218893175259304   1.536627242227847e-14
0.019236604356197163   1.5352124576422252e-14
0.019254331858882954   1.5337989756918646e-14
0.019272075698358017   1.5323867951772394e-14
0.019289835889677507   1.5309759148999318e-14
0.0193076124479105   1.529566333662627e-14
0.019325405388139906   1.528158050269115e-14
0.019343214725462587   1.526751063524286e-14
0.01936104047498927   1.5253453722341324e-14
0.01937888265184465   1.5239409752057466e-14
0.019396741271167327   1.5225378712473207e-14
0.019414616348109877   1.521136059168143e-14
0.01943250789783881   1.5197355377786025e-14
0.019450415935534652   1.5183363058901797e-14
0.01946834047639188   1.5169383623154535e-14
0.019486281535619005   1.5155417058680962e-14
0.019504239128438527   1.5141463353628728e-14
0.019522213270086998   1.5127522496156397e-14
0.019540203975814987   1.5113594474433467e-14
0.019558211260887144   1.5099679276640302e-14
0.019576235140582158   1.508577689096819e-14
0.01959427563019283   1.5071887305619268e-14
0.019612332745026013   1.505801050880657e-14
0.019630406500402715   1.5044146488753973e-14
0.019648496911658014   1.503029523369622e-14
0.019666603994141163   1.5016456731878862e-14
0.01968472776321552   1.5002630971558332e-14
0.01970286823425865   1.4988817941001818e-14
0.01972102542266223   1.4975017628487387e-14
0.019739199343832177   1.4961230022303843e-14
0.019757390013188564   1.494745511075083e-14
0.019775597446165704   1.4933692882138735e-14
0.019793821658212103   1.491994332478875e-14
0.019812062664790544   1.4906206427032784e-14
0.019830320481378012   1.4892482177213546e-14
0.019848595123465804   1.4878770563684434e-14
0.019866886606559445   1.4865071574809628e-14
0.019885194946178793   1.4851385198963977e-14
0.019903520157857967   1.4837711424533087e-14
0.01992186225714545   1.4824050239913228e-14
0.019940221259603996   1.4810401633511394e-14
0.019958597180810757   1.4796765593745222e-14
0.01997699003635719   1.4783142109043057e-14
0.01999539984184917   1.4769531167843876e-14
0.020013826612906904   1.475593275859733e-14
0.020032270365165042   1.4742346869763696e-14
0.020050731114272594   1.472877348981389e-14
0.020069208875893033   1.4715212607229446e-14
0.020087703665704237   1.4701664210502515e-14
0.020106215499398554   1.4688128288135842e-14
0.020124744392682775   1.4674604828642776e-14
0.020143290361278182   1.4661093820547235e-14
0.020161853420920528   1.4647595252383722e-14
0.020180433587360075   1.46341091126973e-14
0.020199030876361622   1.462063539004357e-14
0.020217645303704446   1.4607174072988713e-14
0.020236276885182418   1.4593725150109394e-14
0.02025492563660392   1.4580288609992852e-14
0.02027359157379194   1.4566864441236806e-14
0.020292274712584015   1.4553452632449492e-14
0.02031097506883231   1.4540053172249638e-14
0.020329692658403557   1.4526666049266468e-14
0.020348427497179158   1.451329125213966e-14
0.020367179601055104   1.449992876951939e-14
0.02038594898594208   1.4486578590066248e-14
0.020404735667765385   1.447324070245132e-14
0.020423539662465042   1.4459915095356072e-14
0.020442360985995726   1.444660175747246e-14
0.020461199654326846   1.4433300677502795e-14
0.02048005568344249   1.4420011844159854e-14
0.020498929089341523   1.4406735246166762e-14
0.020517819888037504   1.4393470872257077e-14
0.020536728095558798   1.43802187111747e-14
0.020555653727948493   1.4366978751673927e-14
0.020574596801264507   1.4353750982519395e-14
0.020593557331579516   1.4340535392486113e-14
0.020612535334981044   1.4327331970359405e-14
0.020631530827571406   1.4314140704934953e-14
0.02065054382546779   1.4300961585018736e-14
0.020669574344802204   1.428779459942707e-14
0.020688622401721556   1.427463973698655e-14
0.020707688012387593   1.4261496986534084e-14
0.020726771192977   1.424836633691685e-14
0.020745871959681337   1.4235247776992308e-14
0.020764990328707107   1.4222141295628178e-14
0.020784126316275724   1.420904688170245e-14
0.020803279938623586   1.4195964524103329e-14
0.02082245121200201   1.4182894211729292e-14
0.020841640152677334   1.4169835933489011e-14
0.02086084677693084   1.4156789678301408e-14
0.02088007110105887   1.414375543509558e-14
0.02089931314137272   1.4130733192810851e-14
0.020918572914198776   1.411772294039671e-14
0.020937850435878425   1.4104724666812851e-14
0.020957145722768147   1.4091738361029114e-14
0.020976458791239466   1.4078764012025522e-14
0.020995789657679027   1.4065801608792224e-14
0.021015138338488535   1.4052851140329542e-14
0.021034504850084852   1.4039912595647903e-14
0.021053889208899928   1.4026985963767882e-14
0.021073291431380897   1.4014071233720144e-14
0.021092711533990012   1.4001168394545481e-14
0.02111214953320473   1.398827743529476e-14
0.021131605445517662   1.3975398345028961e-14
0.02115107928743665   1.3962531112819105e-14
0.021170571075484715   1.3949675727746317e-14
0.021190080826200136   1.3936832178901749e-14
0.021209608556136402   1.3924000455386632e-14
0.021229154281862294   1.391118054631221e-14
0.021248718019961817   1.3898372440799781e-14
0.021268299787034307   1.3885576127980639e-14
0.021287899599694352   1.3872791596996115e-14
0.021307517474571897   1.386001883699752e-14
0.021327153428312158   1.3847257837146186e-14
0.02134680747757575   1.3834508586613392e-14
0.021366479639038587   1.3821771074580432e-14
0.021386169929391994   1.3809045290238536e-14
0.021405878365342645   1.3796331222788912e-14
0.021425604963612642   1.378362886144269e-14
0.021445349740939455   1.3770938195420974e-14
0.021465112714076032   1.3758259213954753e-14
0.021484893899790705   1.3745591906284984e-14
0.021504693314867304   1.3732936261662491e-14
0.021524510976105093   1.3720292269348032e-14
0.021544346900318846   1.3707659918612235e-14
0.021564201104338796   1.3695039198735634e-14
0.021584073605010735   1.3682430099008611e-14
0.021603964419195924   1.3669832608731441e-14
0.02162387356377122   1.3657246717214224e-14
0.021643801055628974   1.364467241377694e-14
0.02166374691167715   1.3632109687749384e-14
0.021683711148839286   1.361955852847118e-14
0.021703693784054484   1.3607018925291791e-14
0.021723694834277503   1.3594490867570463e-14
0.02174371431647868   1.3581974344676273e-14
0.021763752247644038   1.3569469345988067e-14
0.021783808644775204   1.3556975860894487e-14
0.021803883524889524   1.3544493878793945e-14
0.021823976905019974   1.3532023389094626e-14
0.02184408880221528   1.351956438121445e-14
0.02186421923353983   1.3507116844581118e-14
0.021884368216073778   1.3494680768632034e-14
0.021904535766912987   1.3482256142814364e-14
0.021924721903169103   1.3469842956584963e-14
0.021944926641969505   1.3457441199410432e-14
0.021965150000457404   1.3445050860767041e-14
0.021985391995791755   1.3432671930140783e-14
0.02200565264514738   1.3420304397027299e-14
0.022025931965714878   1.3407948250931954e-14
0.022046229974700737   1.3395603481369732e-14
0.022066546689327254   1.3383270077865317e-14
0.02208688212683265   1.3370948029953e-14
0.02210723630447097   1.3358637327176757e-14
0.02212760923951223   1.3346337959090156e-14
0.02214800094924229   1.3334049915256414e-14
0.022168411450963005   1.3321773185248336e-14
0.022188840761992113   1.3309507758648363e-14
0.022209288899663372   1.3297253625048506e-14
0.022229755881326457   1.3285010774050378e-14
0.022250241724347083   1.3272779195265154e-14
0.02227074644610692   1.3260558878313596e-14
0.0222912700640037   1.3248349812826018e-14
0.02231181259545115   1.3236151988442286e-14
0.022332374057879086   1.32239653948118e-14
0.02235295446873333   1.3211790021593519e-14
0.02237355384547585   1.3199625858455893e-14
0.02239417220558464   1.3187472895076914e-14
0.022414809566553857   1.3175331121144072e-14
0.022435465945893726   1.3163200526354362e-14
0.022456141361130662   1.3151081100414258e-14
0.022476835829807182   1.3138972833039729e-14
0.02249754936948202   1.3126875713956193e-14
0.02251828199773004   1.3114789732898568e-14
0.022539033732142343   1.3102714879611184e-14
0.022559804590326207   1.3090651143847864e-14
0.02258059458990518   1.3078598515371824e-14
0.022601403748518996   1.306655698395574e-14
0.022622232083823697   1.305452653938169e-14
0.022643079613491553   1.3042507171441181e-14
0.022663946355211156   1.3030498869935104e-14
0.022684832326687367   1.3018501624673757e-14
0.022705737545641393   1.3006515425476816e-14
0.02272666202981074   1.2994540262173343e-14
0.0227476057969493   1.2982576124601751e-14
0.022768568864827275   1.2970623002609838e-14
0.0227895512512313   1.2958680886054724e-14
0.022810552973964348   1.2946749764802898e-14
0.02283157405084585   1.2934829628730153e-14
0.022852614499711595   1.2922920467721646e-14
0.022873674338413884   1.2911022271671815e-14
0.0228947535848214   1.2899135030484424e-14
0.022915852256819347   1.2887258734072526e-14
0.022936970372309365   1.2875393372358483e-14
0.02295810794920964   1.2863538935273908e-14
0.02297926500545482   1.2851695412759727e-14
0.023000441558996127   1.2839862794766086e-14
0.02302163762780128   1.2828041071252435e-14
0.02304285322985461   1.281623023218743e-14
0.02306408838315696   1.2804430267548997e-14
0.023085343105725825   1.279264116732427e-14
0.02310661741559525   1.2780862921509627e-14
0.023127911330815935   1.276909552011063e-14
0.023149224869455184   1.275733895314209e-14
0.023170558049596997   1.2745593210627966e-14
0.023191910889341978   1.2733858282601445e-14
0.023213283406807464   1.2722134159104874e-14
0.023234675620127477   1.271042083018976e-14
0.02325608754745272   1.2698718285916813e-14
0.023277519206950665   1.2687026516355849e-14
0.023298970616805484   1.2675345511585875e-14
0.023320441795218153   1.2663675261694995e-14
0.023341932760406373   1.2652015756780471e-14
0.02336344353060468   1.2640366986948669e-14
0.023384974124064366   1.2628728942315093e-14
0.023406524559053597   1.2617101613004306e-14
0.023428094853857315   1.2605484989150013e-14
0.02344968502677737   1.2593879060894971e-14
0.023471295096132425   1.258228381839104e-14
0.023492925080258072   1.257069925179914e-14
0.023514574997506758   1.2559125351289258e-14
0.023536244866247887   1.254756210704041e-14
0.02355793470486774   1.2536009509240706e-14
0.02357964453176959   1.2524467548087246e-14
0.023601374365373635   1.2512936213786188e-14
0.023623124224117078   1.2501415496552687e-14
0.023644894126454073   1.248990538661094e-14
0.02366668409085583   1.2478405874194114e-14
0.023688494135810527   1.2466916949544407e-14
0.02371032427982344   1.245543860291296e-14
0.023732174541416837   1.2443970824559938e-14
0.023754044939130105   1.2432513604754448e-14
0.02377593549151968   1.2421066933774571e-14
0.023797846217159135   1.2409630801907331e-14
0.023819777134639113   1.2398205199448718e-14
0.023841728262567443   1.2386790116703627e-14
0.023863699619569044   1.2375385543985926e-14
0.02388569122428606   1.236399147161836e-14
0.02390770309537775   1.2352607889932618e-14
0.023929735251520638   1.2341234789269271e-14
0.02395178771140839   1.2329872159977813e-14
0.023973860493751963   1.2318519992416598e-14
0.0239959536172795   1.2307178276952877e-14
0.02401806710073645   1.2295847003962762e-14
0.024040200962885498   1.2284526163831248e-14
0.02406235522250666   1.2273215746952156e-14
0.02408452989839721   1.2261915743728192e-14
0.024106725009371804   1.225062614457085e-14
0.024128940574262372   1.2239346939900511e-14
0.02415117661191826   1.2228078120146336e-14
0.024173433141206124   1.2216819675746327e-14
0.02419571018101007   1.2205571597147272e-14
0.02421800775023155   1.2194333874804777e-14
0.02424032586778948   1.2183106499183219e-14
0.024262664552620168   1.2171889460755778e-14
0.024285023823677417   1.2160682750004388e-14
0.02430740369993245   1.2149486357419762e-14
0.024329804200374026   1.2138300273501365e-14
0.02435222534400835   1.2127124488757418e-14
0.024374667149859187   1.211595899370487e-14
0.02439712963696779   1.2104803778869423e-14
0.024419612824393012   1.2093658834785489e-14
0.024442116731211213   1.208252415199621e-14
0.024464641376516383   1.2071399721053421e-14
0.02448718677942006   1.2060285532517678e-14
0.02450975295905145   1.2049181576958206e-14
0.024532339934557328   1.2038087844952955e-14
0.024554947725102166   1.20270043270885e-14
0.024577576349868055   1.2015931013960136e-14
0.0246002258280548   1.2004867896171783e-14
0.024622896178879864   1.1993814964336035e-14
0.02464558742157846   1.1982772209074116e-14
0.024668299575403476   1.1971739621015909e-14
0.024691032659625602   1.1960717190799899e-14
0.02471378669353323   1.1949704909073224e-14
0.024736561696432572   1.1938702766491607e-14
0.024759357687647598   1.192771075371939e-14
0.02478217468652012   1.1916728861429517e-14
0.02480501271240973   1.1905757080303513e-14
0.024827871784693915   1.1894795401031488e-14
0.024850751922767967   1.1883843814312128e-14
0.024873653146045095   1.1872902310852676e-14
0.024896575473956357   1.1861970881368954e-14
0.02491951892595075   1.185104951658532e-14
0.024942483521495203   1.1840138207234658e-14
0.02496546928007453   1.1829236944058423e-14
0.02498847622119157   1.1818345717806564e-14
0.025011504364367075   1.1807464519237577e-14
0.025034553729139836   1.1796593339118442e-14
0.0250576243350666   1.1785732168224666e-14
0.025080716201722194   1.1774880997340223e-14
0.025103829348699425   1.1764039817257614e-14
0.02512696379560921   1.1753208618777777e-14
0.025150119562080485   1.1742387392710157e-14
0.025173296667760334   1.173157612987264e-14
0.02519649513231389   1.1720774821091576e-14
0.02521971497542445   1.1709983457201763e-14
0.02524295621679342   1.169920202904645e-14
0.025266218876140396   1.1688430527477297e-14
0.025289502973203103   1.1677668943354414e-14
0.025312808527737506   1.16669172675463e-14
0.02533613555951772   1.1656175490929895e-14
0.025359484088336135   1.1645443604390509e-14
0.025382854134003343   1.1634721598821876e-14
0.02540624571634822   1.1624009465126092e-14
0.025429658855217887   1.1613307194213653e-14
0.02545309357047779   1.16026147770034e-14
0.02547654988201164   1.1591932204422564e-14
0.025500027809721517   1.1581259467406711e-14
0.025523527373527796   1.1570596556899775e-14
0.02554704859336926   1.1559943463854003e-14
0.025570591489203008   1.1549300179230001e-14
0.025594156081004592   1.153866669399668e-14
0.02561774238876792   1.1528042999131282e-14
0.025641350432505365   1.151742908561935e-14
0.025664980232247704   1.1506824944454734e-14
0.025688631808044222   1.1496230566639565e-14
0.025712305179962626   1.1485645943184283e-14
0.02573600036808917   1.1475071065107584e-14
0.02575971739252856   1.1464505923436455e-14
0.025783456273404094   1.1453950509206126e-14
0.025807217030857553   1.1443404813460108e-14
0.025830999685049337   1.1432868827250128e-14
0.025854804256158367   1.1422342541636189e-14
0.02587863076438222   1.1411825947686492e-14
0.025902479229937027   1.1401319036477498e-14
0.025926349673057604   1.1390821799093852e-14
0.02595024211399736   1.1380334226628443e-14
0.025974156573028425   1.1369856310182331e-14
0.025998093070441555   1.13593880408648e-14
0.02602205162654626   1.1348929409793292e-14
0.026046032261670713   1.133848040809346e-14
0.02607003499616187   1.1328041026899101e-14
0.02609405985038539   1.1317611257352201e-14
0.02611810684472575   1.1307191090602883e-14
0.026142175999586154   1.1296780517809443e-14
0.026166267335388675   1.1286379530138289e-14
0.02619038087257414   1.1275988118763994e-14
0.026214516631602274   1.1265606274869237e-14
0.0262386746329516   1.1255233989644835e-14
0.02626285489711957   1.1244871254289698e-14
0.026287057444622463   1.1234518060010857e-14
0.02631128229599553   1.1224174398023431e-14
0.026335529471792886   1.1213840259550635e-14
0.02635979899258764   1.1203515635823761e-14
0.026384090878971814   1.1193200518082183e-14
0.02640840515155645   1.1182894897573335e-14
0.02643274183097154   1.1172598765552717e-14
0.02645710093786614   1.1162312113283877e-14
0.026481482492908267   1.1152034932038416e-14
0.02650588651678506   1.1141767213095961e-14
0.026530313030202653   1.1131508947744191e-14
0.026554762053886325   1.1121260127278773e-14
0.026579233608580395   1.1111020743003432e-14
0.02660372771504835   1.1100790786229866e-14
0.02662824439407277   1.1090570248277792e-14
0.026652783666455425   1.1080359120474918e-14
0.026677345553017213   1.1070157394156941e-14
0.026701930074598257   1.105996506066753e-14
0.02672653725205788   1.1049782111358321e-14
0.026751167106274596   1.1039608537588932e-14
0.026775819658146207   1.1029444330726922e-14
0.02680049492858972   1.1019289482147808e-14
0.02682519293854148   1.1009143983235046e-14
0.02684991370895706   1.0999007825380029e-14
0.026874657260811403   1.0988880999982068e-14
0.026899423615098735   1.0978763498448413e-14
0.02692421279283267   1.096865531219421e-14
0.026949024815046144   1.0958556432642522e-14
0.026973859702791526   1.0948466851224295e-14
0.026998717477140527   1.0938386559378389e-14
0.027023598159184342   1.0928315548551524e-14
0.02704850177003354   1.0918253810198321e-14
0.0270734283308182   1.090820133578124e-14
0.027098377862687817   1.0898158116770634e-14
0.027123350386811438   1.0888124144644688e-14
0.027148345924377554   1.0878099410889453e-14
0.027173364496594247   1.0868083906998804e-14
0.027198406124689083   1.085807762447446e-14
0.027223470829909245   1.084808055482595e-14
0.02724855863352144   1.0838092689570655e-14
0.027273669556812034   1.0828114020233728e-14
0.027298803621086953   1.0818144538348153e-14
0.027323960847671802   1.08081842354547e-14
0.0273491412579118   1.0798233103101933e-14
0.02737434487317188   1.0788291132846195e-14
0.027399571714836618   1.077835831625161e-14
0.02742482180431034   1.0768434644890061e-14
0.027450095163017052   1.0758520110341209e-14
0.027475391812400555   1.0748614704192442e-14
0.02750071177392436   1.073871841803893e-14
0.0275260550690718   1.072883124348355e-14
0.02755142171934597   1.0718953172136931e-14
0.027576811746269823   1.0709084195617425e-14
0.027602225171386097   1.06992243055511e-14
0.027627662016257434   1.0689373493571724e-14
0.02765312230246629   1.0679531751320797e-14
0.027678606051615078   1.0669699070447482e-14
0.027704113285326046   1.0659875442608666e-14
0.02772964402524144   1.065006085946889e-14
0.02775519829302338   1.0640255312700393e-14
0.027780776110354018   1.0630458793983062e-14
0.027806377498935417   1.0620671295004466e-14
0.027832002480489712   1.0610892807459814e-14
0.027857651076758985   1.060112332305197e-14
0.02788332330950542   1.0591362833491435e-14
0.027909019200511195   1.0581611330496347e-14
0.02793473877157862   1.0571868805792463e-14
0.02796048204453004   1.0562135251113171e-14
0.027986249041207965   1.0552410658199464e-14
0.028012039783474982   1.054269501879994e-14
0.028037854293213878   1.0532988324670798e-14
0.028063692592327553   1.0523290567575827e-14
0.02808955470273914   1.0513601739286394e-14
0.028115440646391928   1.0503921831581466e-14
0.028141350445249482   1.0494250836247546e-14
0.028167284121295547   1.0484588745078737e-14
0.028193241696534192   1.0474935549876663e-14
0.028219223192989695   1.0465291242450532e-14
0.0282452286327067   1.0455655814617066e-14
0.028271258037750102   1.0446029258200535e-14
0.02829731143020519   1.0436411565032739e-14
0.02832338883217754   1.0426802726953002e-14
0.02834949026579317   1.0417202735808151e-14
0.028375615753198424   1.0407611583452533e-14
0.028401765316560114   1.0398029261747985e-14
0.028427938978065417   1.0388455762563854e-14
0.02845413675992202   1.0378891077776954e-14
0.02848035868435802   1.0369335199271601e-14
0.028506604773622046   1.0359788118939556e-14
0.028532875049983187   1.0350249828680086e-14
0.028559169535731097   1.0340720320399873e-14
0.028585488253175924   1.0331199586013088e-14
0.028611831224648412   1.032168761744133e-14
0.02863819847249989   1.0312184406613635e-14
0.028664590019102237   1.030268994546648e-14
0.028691005886848007   1.0293204225943767e-14
0.028717446098150336   1.0283727239996814e-14
0.02874391067544307   1.027425897958434e-14
0.028770399641180673   1.026479943667249e-14
0.028796913017838353   1.0255348603234789e-14
0.028823450827911976   1.0245906471252163e-14
0.028850013093918207   1.0236473032712915e-14
0.028876599838394384   1.0227048279612736e-14
0.02890321108389869   1.021763220395467e-14
0.02892984685301003   1.0208224797749153e-14
0.02895650716832817   1.0198826053013944e-14
0.02898319205247366   1.018943596177418e-14
0.029009901528087932   1.0180054516062327e-14
0.02903663561783325   1.0170681707918197e-14
0.029063394344392805   1.0161317529388919e-14
0.02909017773047063   1.0151961972528963e-14
0.029116985798791756   1.0142615029400096e-14
0.02914381857210208   1.0133276692071416e-14
0.02917067607316853   1.01239469526193e-14
0.029197558324778956   1.0114625803127446e-14
0.029224465349742258   1.0105313235686821e-14
0.029251397170888305   1.0096009242395692e-14
0.029278353811068063   1.0086713815359584e-14
0.029305335293153496   1.0077426946691313e-14
0.0293323416400377   1.0068148628510932e-14
0.02935937287463482   1.005887885294578e-14
0.02938642901988017   1.0049617612130418e-14
0.029413510098730132   1.0040364898206671e-14
0.029440616134162323   1.003112070332358e-14
0.02946774714917546   1.0021885019637434e-14
0.029494903166789516   1.001265783931173e-14
0.029522084210045624   1.00034391545172e-14
0.029549290302006207   9.994228957431757e-15
0.02957652146575488   9.985027240240548e-15
0.029603777724396593   9.975833995135894e-15
0.02963105910105753   9.96664921431731e-15
0.029658365618885244   9.957472889991499e-15
0.029685697301048555   9.948305014372345e-15
0.029713054170737708   9.939145579680883e-15
0.02974043625116424   9.929994578145334e-15
0.02976784356556116   9.920852002001053e-15
0.02979527613718281   9.911717843490566e-15
0.02982273398930503   9.902592094863524e-15
0.02985021714522505   9.893474748376731e-15
0.029877725628261624   9.884365796294107e-15
0.02990525946175494   9.875265230886707e-15
0.029932818669066757   9.866173044432691e-15
0.0299604032735803   9.857089229217346e-15
0.029988013298700406   9.848013777533038e-15
0.030015648767853412   9.838946681679265e-15
0.030043309704487313   9.829887933962578e-15
0.030070996132071648   9.820837526696647e-15
0.03009870807409765   9.811795452202187e-15
0.03012644555407813   9.802761702807011e-15
0.030154208595547634   9.793736270845982e-15
0.03018199722206234   9.784719148661033e-15
0.030209811457200184   9.775710328601128e-15
0.03023765132456078   9.766709803022306e-15
0.030265516847765545   9.757717564287609e-15
0.030293408050457604   9.748733604767148e-15
0.030321324956301934   9.739757916838028e-15
0.030349267588985256   9.7307904928844e-15
0.03037723597221618   9.721831325297403e-15
0.030405230129725114   9.712880406475205e-15
0.03043325008526438   9.703937728822956e-15
0.03046129586260814   9.695003284752814e-15
0.03048936748555252   9.686077066683907e-15
0.030517464977915517   9.677159067042363e-15
0.030545588363537136   9.668249278261268e-15
0.030573737666279296   9.659347692780688e-15
0.030601912910025956   9.65045430304764e-15
0.03063011411868304   9.641569101516106e-15
0.03065834131617855   9.632692080646999e-15
0.030686594526462482   9.623823232908201e-15
0.030714873773506957   9.61496255077451e-15
0.030743179081306173   9.606110026727648e-15
0.030771510473876402   9.597265653256284e-15
0.030799867975256114   9.58842942285598e-15
0.03082825160950586   9.579601328029228e-15
0.030856661400708436   9.570781361285395e-15
0.030885097372968757   9.561969515140788e-15
0.030913559550414027   9.553165782118559e-15
0.030942047957193616   9.54437015474878e-15
0.03097056261747921   9.535582625568381e-15
0.030999103555464712   9.526803187121178e-15
0.03102767079536638   9.518031831957837e-15
0.031056264361422725   9.509268552635902e-15
0.031084884277894666   9.500513341719751e-15
0.031113530569065403   9.491766191780626e-15
0.031142203259240588   9.483027095396595e-15
0.031170902372748208   9.474296045152572e-15
0.03119962793393873   9.465573033640289e-15
0.031228379967184992   9.456858053458307e-15
0.03125715849688237   9.448151097211997e-15
0.03128596354744864   9.439452157513545e-15
0.03131479514332417   9.430761226981933e-15
0.031343653308971764   9.422078298242942e-15
0.03137253806887683   9.413403363929143e-15
0.03140144944754731   9.4047364166799e-15
0.03143038746951376   9.396077449141332e-15
0.03145935215932928   9.387426453966362e-15
0.031488343541569694   9.378783423814643e-15
0.03151736164083338   9.370148351352613e-15
0.03154640648174145   9.361521229253445e-15
0.03157547808893765   9.352902050197088e-15
0.03160457648708851   9.344290806870185e-15
0.031633701700883206   9.335687491966157e-15
0.031662853755033735   9.327092098185126e-15
0.031692032674274825   9.318504618233945e-15
0.03172123848336403   9.309925044826187e-15
0.03175047120708168   9.301353370682128e-15
0.031779730870231   9.292789588528741e-15
0.031809017497637995   9.284233691099712e-15
0.03183833111415163   9.275685671135401e-15
0.0318676717446437   9.26714552138287e-15
0.031897039414008975   9.258613234595845e-15
0.03192643414716512   9.250088803534732e-15
0.0319558559690528   9.241572220966597e-15
0.031985304904635636   9.23306347966518e-15
0.032014780978900294   9.22456257241085e-15
0.03204428421685641   9.216069491990653e-15
0.03207381464353672   9.207584231198247e-15
0.03210337228399699   9.199106782833955e-15
0.032132957163316114   9.190637139704708e-15
0.03216256930659605   9.18217529462407e-15
0.03219220873896195   9.173721240412215e-15
0.03222187548556204   9.16527496989594e-15
0.03225156957156781   9.156836475908632e-15
0.032281291022173864   9.148405751290298e-15
0.032311039862598104   9.13998278888751e-15
0.032340816118081595   9.131567581553452e-15
0.032370619813888724   9.123160122147873e-15
0.03240045097530712   9.114760403537107e-15
0.03243030962764775   9.106368418594041e-15
0.03246019579624486   9.097984160198146e-15
0.032490109506456095   9.089607621235437e-15
0.03252005078366243   9.081238794598479e-15
0.03255001965326826   9.07287767318638e-15
0.03258001614070134   9.064524249904798e-15
0.03261004027141294   9.056178517665907e-15
0.032640092070877695   9.047840469388428e-15
0.03267017156459379   9.039510097997574e-15
0.03270027877808285   9.031187396425106e-15
0.03273041373689008   9.022872357609257e-15
0.03276057646658415   9.014564974494801e-15
0.032790766992757375   9.006265240032972e-15
0.03282098534102559   8.997973147181521e-15
0.03285123153702827   8.98968868890467e-15
0.0328815056064285   8.981411858173126e-15
0.03291180757491303   8.973142647964064e-15
0.032942137468192294   8.964881051261118e-15
0.03297249531200036   8.956627061054409e-15
0.033002881132095103   8.948380670340476e-15
0.03303329495425804   8.940141872122343e-15
0.033063736804294516   8.931910659409446e-15
0.03309420670803362   8.92368702521768e-15
0.03312470469132827   8.915470962569357e-15
0.03315523078005517   8.907262464493226e-15
0.03318578500011493   8.899061524024437e-15
0.033216367377431964   8.890868134204577e-15
0.03324697793795463   8.882682288081614e-15
0.03327761670765515   8.874503978709939e-15
0.03330828371252974   8.866333199150326e-15
0.0333389789785985   8.858169942469951e-15
0.03336970253190559   8.850014201742351e-15
0.03340045439851909   8.841865970047469e-15
0.03343123460453117   8.833725240471595e-15
0.033462043176058005   8.825592006107406e-15
0.03349288013923986   8.817466260053916e-15
0.03352374552024105   8.809347995416522e-15
0.033554639345250076   8.80123720530694e-15
0.03358556164047949   8.793133882843247e-15
0.03361651243216607   8.78503802114985e-15
0.0336474917465707   8.776949613357496e-15
0.03367849960997855   8.76886865260324e-15
0.03370953604869893   8.760795132030475e-15
0.03374060108906547   8.75272904478889e-15
0.033771694757436   8.744670384034497e-15
0.0338028170801927   8.7366191429296e-15
0.033833968083742005   8.728575314642805e-15
0.033865147794514744   8.720538892348996e-15
0.033896356238966044   8.712509869229361e-15
0.033927593443575474   8.70448823847135e-15
0.03395885943484694   8.696473993268698e-15
0.03399015423930883   8.68846712682139e-15
0.03402147788351393   8.680467632335699e-15
0.03405283039403956   8.67247550302412e-15
0.03408421179748744   8.664490732105432e-15
0.034115622120483906   8.656513312804625e-15
0.034147061389679746   8.648543238352961e-15
0.03417852963175038   8.640580501987902e-15
0.034210026873395735   8.632625096953164e-15
0.034241553141340426   8.624677016498662e-15
0.03427310846233361   8.616736253880547e-15
0.03430469286314919   8.608802802361157e-15
0.03433630637058564   8.600876655209056e-15
0.03436794901146623   8.592957805698987e-15
0.03439962081263886   8.585046247111903e-15
0.03443132180097624   8.577141972734922e-15
0.03446305200337579   8.569244975861374e-15
0.03449481144675977   8.561355249790735e-15
0.0345266001580752   8.553472787828662e-15
0.03455841816429399   8.545597583286973e-15
0.034590265492412835   8.537729629483661e-15
0.03462214216945339   8.529868919742839e-15
0.03465404822246212   8.522015447394802e-15
0.03468598367851051   8.514169205775955e-15
0.03471794856469491   8.506330188228871e-15
0.034749942908136704   8.498498388102222e-15
0.03478196673598222   8.490673798750823e-15
0.03481402007540285   8.4828564135356e-15
0.03484610295359497   8.475046225823598e-15
0.03487821539778009   8.467243228987963e-15
0.03491035743520472   8.459447416407951e-15
0.03494252909314058   8.4516587814689e-15
0.03497473039888441   8.443877317562256e-15
0.03500696137975821   8.436103018085533e-15
0.03503922206310907   8.428335876442348e-15
0.03507151247630936   8.42057588604236e-15
0.03510383264675661   8.41282304030132e-15
0.03513618260187365   8.40507733264103e-15
0.035168562369108536   8.397338756489366e-15
0.035200971975934664   8.389607305280227e-15
0.0352334114498507   8.381882972453585e-15
0.035265880818380696   8.374165751455432e-15
0.035298380109074025   8.366455635737809e-15
0.035330909349505495   8.358752618758782e-15
0.035363468567275305   8.351056693982433e-15
0.03539605779000907   8.343367854878874e-15
0.03542867704535789   8.335686094924216e-15
0.03546132636099833   8.328011407600594e-15
0.035494005764632484   8.320343786396128e-15
0.035526715283987924   8.312683224804948e-15
0.03555945494681785   8.305029716327161e-15
0.03559222478090096   8.297383254468868e-15
0.035625024814041624   8.289743832742143e-15
0.03565785507406976   8.282111444665045e-15
0.03569071558884101   8.274486083761583e-15
0.03572360638623661   8.266867743561754e-15
0.03575652749416357   8.259256417601483e-15
0.03578947894055453   8.251652099422672e-15
0.03582246075336796   8.244054782573153e-15
0.03585547296058802   8.236464460606712e-15
0.03588851559022471   8.228881127083052e-15
0.03592158867031381   8.22130477556783e-15
0.03595469222891697   8.213735399632605e-15
0.03598782629412166   8.206172992854873e-15
0.036020990894041274   8.19861754881803e-15
0.03605418605681507   8.19106906111139e-15
0.03608741181060829   8.183527523330161e-15
0.036120668183612065   8.175992929075458e-15
0.036153955204043596   8.168465271954272e-15
0.036187272900145985   8.160944545579505e-15
0.03622062130018845   8.153430743569914e-15
0.036254000432466196   8.145923859550154e-15
0.03628741032530056   8.13842388715073e-15
0.03632085100703891   8.130930820008033e-15
0.036354322506054824   8.123444651764285e-15
0.03638782485074793   8.115965376067595e-15
0.03642135806954412   8.108492986571893e-15
0.036454922190895404   8.101027476936972e-15
0.03648851724328008   8.093568840828446e-15
0.03652214325520263   8.086117071917778e-15
0.03655580025519386   8.078672163882246e-15
0.036589488271810806   8.071234110404953e-15
0.0366232073336369   8.063802905174816e-15
0.03665695746928182   8.056378541886575e-15
0.03669073870738171   8.048961014240752e-15
0.036724551076599006   8.041550315943699e-15
0.03675839460562264   8.034146440707537e-15
0.03679226932316793   8.026749382250192e-15
0.03682617525797669   8.019359134295365e-15
0.036860112438817184   8.011975690572547e-15
0.03689408089448423   8.004599044816989e-15
0.03692808065379914   7.997229190769724e-15
0.03696211174560984   7.989866122177532e-15
0.036996174198790754   7.982509832792972e-15
0.03703026804224303   7.97516031637433e-15
0.037064393304894326   7.967817566685667e-15
0.03709855001569908   7.960481577496757e-15
0.03713273820363831   7.953152342583134e-15
0.03716695789771983   7.945829855726045e-15
0.03720120912697809   7.938514110712485e-15
0.03723549192047439   7.931205101335142e-15
0.03726980630729674   7.923902821392446e-15
0.037304152316560014   7.916607264688514e-15
0.03733852997740585   7.909318425033189e-15
0.03737293931900283   7.902036296241994e-15
0.03740738037054633   7.89476087213616e-15
0.03744185316125869   7.887492146542606e-15
0.037476357720389125   7.880230113293928e-15
0.037510894077213884   7.8729747662284e-15
0.0375454622610361   7.865726099189985e-15
0.037580062301186   7.858484106028294e-15
0.03761469422702076   7.851248780598615e-15
0.037649358067924694   7.844020116761882e-15
0.037684053853309106   7.836798108384697e-15
0.03771878161261249   7.829582749339292e-15
0.03775354137530039   7.822374033503556e-15
0.03778833317086557   7.815171954761004e-15
0.03782315702882792   7.807976507000794e-15
0.037858012978734576   7.800787684117698e-15
0.03789290105015989   7.793605480012114e-15
0.03792782127270545   7.786429888590064e-15
0.03796277367600015   7.779260903763168e-15
0.03799775828970016   7.772098519448666e-15
0.03803277514348902   7.764942729569381e-15
0.03806782426707756   7.75779352805375e-15
0.03810290569020409   7.75065090883579e-15
0.0381380194426342   7.743514865855106e-15
0.03817316555416103   7.736385393056875e-15
0.03820834405460508   7.72926248439187e-15
0.038243554973814424   7.722146133816404e-15
0.03827879834166453   7.715036335292389e-15
0.038314074188058524   7.70793308278726e-15
0.03834938254292696   7.700836370274041e-15
0.038384723436228105   7.693746191731276e-15
0.03842009689794771   7.686662541143076e-15
0.03845550295809926   7.679585412499076e-15
0.03849094164672382   7.672514799794458e-15
0.03852641299389022   7.66545069702991e-15
0.038561917029694914   7.658393098211679e-15
0.038597453784262166   7.651341997351496e-15
0.03863302328774394   7.64429738846663e-15
0.038668625570320046   7.637259265579843e-15
0.038704260662198044   7.63022762271941e-15
0.038739928593613394   7.6232024539191e-15
0.038775629394829356   7.616183753218181e-15
0.03881136309613715   7.609171514661398e-15
0.038847129727855825   7.602165732298992e-15
0.038882929320332466   7.595166400186671e-15
0.038918761903942035   7.588173512385629e-15
0.03895462750908757   7.581187062962512e-15
0.03899052616620004   7.574207045989446e-15
0.03902645790573854   7.567233455544002e-15
0.03906242275819017   7.560266285709211e-15
0.039098420754070176   7.553305530573546e-15
0.03913445192392187   7.546351184230935e-15
0.03917051629831678   7.539403240780727e-15
0.039206613907854536   7.532461694327722e-15
0.03924274478316304   7.525526538982128e-15
0.03927890895489833   7.518597768859598e-15
0.039315106453744794   7.511675378081182e-15
0.039351337310415006   7.504759360773362e-15
0.03938760155564992   7.49784971106801e-15
0.039423899220218765   7.49094642310242e-15
0.03946023033491916   7.484049491019263e-15
0.03949659493057707   7.477158908966626e-15
0.039532993038046915   7.47027467109796e-15
0.039569424688211494   7.463396771572119e-15
0.03960588991198213   7.456525204553322e-15
0.03964238874029855   7.449659964211175e-15
0.0396789212041291   7.442801044720635e-15
0.03971548733447054   7.435948440262037e-15
0.03975208716234832   7.429102145021065e-15
0.039788720718816374   7.422262153188766e-15
0.039825388034957346   7.415428458961524e-15
0.03986208914188243   7.408601056541078e-15
0.039898824070731594   7.401779940134491e-15
0.0399355928526734   7.39496510395418e-15
0.03997239551890523   7.388156542217871e-15
0.04000923210065312   7.381354249148631e-15
0.040046102629171985   7.374558218974827e-15
0.04008300713574543   7.367768445930161e-15
0.04011994565168601   7.360984924253629e-15
0.04015691820833502   7.354207648189539e-15
0.04019392483706274   7.347436611987492e-15
0.040230965569268265   7.340671809902393e-15
0.040268040436379715   7.333913236194427e-15
0.04030514946985409   7.327160885129076e-15
0.04034229270117747   7.32041475097708e-15
0.04037947016186485   7.313674828014485e-15
0.04041668188346035   7.30694111052258e-15
0.0404539278975371   7.300213592787936e-15
0.0404912082356974   7.29349226910237e-15
0.04052852292957257   7.286777133762975e-15
0.040565872010823185   7.280068181072073e-15
0.04060325551113891   7.273365405337255e-15
0.04064067346223867   7.266668800871327e-15
0.04067812589587062   7.259978361992353e-15
0.04071561284381212   7.253294083023621e-15
0.040753134337869895   7.24661595829364e-15
0.040790690409879884   7.239943982136152e-15
0.04082828109170747   7.233278148890104e-15
0.04086590641524729   7.22661845289967e-15
0.04090356641242349   7.219964888514215e-15
0.040941261115189524   7.213317450088326e-15
0.040978990555528394   7.206676131981766e-15
0.04101675476545249   7.200040928559509e-15
0.04105455377700378   7.193411834191704e-15
0.04109238762225367   7.1867888432537e-15
0.04113025633330323   7.180171950126006e-15
0.041168159942283004   7.173561149194321e-15
0.041206098481353245   7.1669564348495e-15
0.04124407198270375   7.160357801487575e-15
0.04128208047855407   7.153765243509728e-15
0.04132012400115337   7.1471787553223e-15
0.04135820258278059   7.140598331336781e-15
0.04139631625574437   7.134023965969814e-15
0.04143446505238319   7.127455653643167e-15
0.041472649005065254   7.120893388783762e-15
0.04151086814618866   7.114337165823634e-15
0.04154912250818129   7.107786979199967e-15
0.04158741212350101   7.101242823355041e-15
0.041625737024635505   7.094704692736278e-15
0.04166409724410246   7.0881725817961926e-15
0.04170249281444947   7.0816464849924215e-15
0.04174092376825419   7.075126396787693e-15
0.041779390138124234   7.068612311649846e-15
0.04181789195669733   7.062104224051795e-15
0.04185642925664121   7.055602128471567e-15
0.04189500207065379   7.049106019392252e-15
0.041933610431463035   7.042615891302037e-15
0.04197225437182716   7.036131738694164e-15
0.04201093392453448   7.029653556066967e-15
0.042049649122403596   7.023181337923832e-15
0.0420883999982833   7.0167150787732095e-15
0.042127186585052726   7.010254773128601e-15
0.04216600891562121   7.003800415508573e-15
0.042204867022928506   6.997352000436725e-15
0.04224376093994466   6.990909522441706e-15
0.04228269069967016   6.984472976057199e-15
0.04232165633513583   6.978042355821927e-15
0.04236065787940302   6.9716176562796285e-15
0.04239969536556347   6.9651988719790815e-15
0.04243876882673948   6.9587859974740685e-15
0.042477878296083814   6.952379027323399e-15
0.04251702380677985   6.94597795609088e-15
0.04255620539204148   6.939582778345339e-15
0.04259542308511328   6.933193488660588e-15
0.04263467691927037   6.926810081615448e-15
0.04267396692781864   6.920432551793719e-15
0.04271329314409457   6.9140608937842044e-15
0.042752655601465454   6.907695102180672e-15
0.04279205433332925   6.901335171581882e-15
0.042831489373114776   6.894981096591554e-15
0.042870960754281574   6.888632871818391e-15
0.042910468510320106   6.882290491876047e-15
0.04295001267475161   6.875953951383145e-15
0.04298959328112831   6.8696232449632564e-15
0.04302921036303325   6.8632983672449045e-15
0.04306886395408051   6.8569793128615564e-15
0.043108554087915064   6.8506660764516315e-15
0.04314828079821299   6.844358652658468e-15
0.04318804411868131   6.838057036130349e-15
0.04322784408305817   6.8317612215204775e-15
0.04326768072511275   6.825471203486992e-15
0.04330755407864543   6.8191869766929295e-15
0.04334746417748764   6.8129085358062616e-15
0.043387411055502076   6.806635875499852e-15
0.043427394746582575   6.800368990451483e-15
0.043467415284654275   6.794107875343826e-15
0.04350747270367349   6.787852524864459e-15
0.04354756703762792   6.78160293370584e-15
0.04358769832053653   6.77535909656532e-15
0.043627866586449626   6.769121008145138e-15
0.04366807186944896   6.7628886631523954e-15
0.0437083142036476   6.756662056299084e-15
0.043748593623190134   6.750441182302051e-15
0.04378891016225254   6.744226035883018e-15
0.04382926385504238   6.738016611768558e-15
0.04386965473579864   6.731812904690108e-15
0.04391008283879196   6.725614909383943e-15
0.04395054819832446   6.719422620591204e-15
0.04399105084872998   6.713236033057849e-15
0.044031590824373884   6.707055141534701e-15
0.04407216815965331   6.7008799407773926e-15
0.044112782888997025   6.694710425546401e-15
0.044153435046865565   6.688546590607017e-15
0.04419412466775118   6.6823884307293575e-15
0.044234851786177976   6.676235940688349e-15
0.04427561643670178   6.670089115263738e-15
0.04431641865391037   6.663947949240069e-15
0.044357258472423285   6.657812437406692e-15
0.044398135926892075   6.651682574557753e-15
0.04443905105200014   6.645558355492194e-15
0.04448000388246292   6.63943977501374e-15
0.04452099445302775   6.633326827930912e-15
0.044562022798474085   6.627219509056994e-15
0.044603088953613354   6.621117813210062e-15
0.04464419295328913   6.615021735212953e-15
0.04468533483237703   6.608931269893275e-15
0.04472651462578489   6.60284641208339e-15
0.04476773236845262   6.596767156620438e-15
0.044808988095352435   6.590693498346287e-15
0.04485028184148867   6.584625432107576e-15
0.04489161364189802   6.578562952755672e-15
0.044932983531649366   6.572506055146699e-15
0.044974391545844025   6.566454734141499e-15
0.04501583771961554   6.5604089846056625e-15
0.04505732208812993   6.5543688014094935e-15
0.04509884468658555   6.548334179428031e-15
0.04514040555021325   6.542305113541023e-15
0.04518200471427629   6.536281598632938e-15
0.045223642214070485   6.5302636295929516e-15
0.045265318084924115   6.524251201314948e-15
0.04530703236219809   6.518244308697506e-15
0.04534878508128582   6.512242946643911e-15
0.04539057627761343   6.506247110062133e-15
0.045432405986639585   6.500256793864837e-15
0.045474274243855736   6.494271992969363e-15
0.04551618108478594   6.488292702297741e-15
0.04555812654498708   6.482318916776667e-15
0.04560011066004872   6.476350631337522e-15
0.04564213346559332   6.470387840916333e-15
0.045684194997276065   6.4644305404538095e-15
0.04572629529078509   6.458478724895304e-15
0.04576843438184133   6.452532389190837e-15
0.04581061230619874   6.446591528295064e-15
0.04585282909964411   6.440656137167302e-15
0.045895084797997324   6.434726210771492e-15
0.04593737943711117   6.428801744076224e-15
0.04597971305287157   6.422882732054715e-15
0.04602208568119742   6.416969169684817e-15
0.046064497358040836   6.411061051948993e-15
0.04610694811938694   6.405158373834342e-15
0.04614943800125412   6.399261130332562e-15
0.046191967039693874   6.39336931643998e-15
0.046234535270791   6.3874829271575106e-15
0.046277142730663474   6.3816019574906885e-15
0.04631978945546263   6.375726402449634e-15
0.04636247548137305   6.369856257049072e-15
0.04640520084461273   6.3639915163083085e-15
0.04644796558143295   6.358132175251245e-15
0.04649076972811852   6.352278228906353e-15
0.046533613320987564   6.3464296723066925e-15
0.046576496396391776   6.340586500489886e-15
0.04661941899071627   6.3347487084981375e-15
0.046662381140379745   6.328916291378205e-15
0.04670538288183446   6.32308924418141e-15
0.04674842425156622   6.317267561963635e-15
0.04679150528609453   6.311451239785302e-15
0.04683462602197244   6.305640272711404e-15
0.04687778649578681   6.299834655811451e-15
0.04692098674415811   6.294034384159516e-15
0.046964226803740634   6.2882394528341886e-15
0.0470075067112224   6.282449856918602e-15
0.04705082650332529   6.276665591500409e-15
0.04709418621680495   6.270886651671793e-15
0.04713758588845101   6.2651130325294486e-15
0.04718102555508688   6.2593447291745884e-15
0.047224505253570005   6.2535817367129356e-15
0.04726802502079172   6.247824050254719e-15
0.04731158489367743   6.2420716649146695e-15
0.04735518490918648   6.2363245758120206e-15
0.047398825104312384   6.230582778070486e-15
0.04744250551608263   6.2248462668182866e-15
0.04748622618155895   6.219115037188116e-15
0.047529987137837106   6.213389084317156e-15
0.04757378842204715   6.2076684033470615e-15
0.047617630071353285   6.201952989423966e-15
0.04766151212295401   6.196242837698464e-15
0.04770543461408205   6.190537943325623e-15
0.0477493975820045   6.184838301464968e-15
0.047793401064022745   6.179143907280479e-15
0.0478374450974726   6.173454755940589e-15
0.047881529719724224   6.167770842618185e-15
0.04792565496818229   6.162092162490591e-15
0.047969820880285854   6.156418710739576e-15
0.04801402749350856   6.15075048255134e-15
0.0480582748453585   6.145087473116526e-15
0.04810256297337844   6.139429677630192e-15
0.048146891915145616   6.13377709129183e-15
0.04819126170827201   6.128129709305344e-15
0.04823567239040416   6.1224875268790614e-15
0.048280123999223414   6.116850539225714e-15
0.04832461657244572   6.111218741562451e-15
0.04836915014782189   6.105592129110813e-15
0.04841372476313745   6.0999706970967515e-15
0.048458340456212806   6.094354440750601e-15
0.04850299726490315   6.0887433553071105e-15
0.04854769522709864   6.083137436005384e-15
0.048592434380724275   6.077536678088936e-15
0.048637214763740076   6.071941076805647e-15
0.04868203641414096   6.0663506274077805e-15
0.048726899369956965   6.060765325151962e-15
0.04877180366925306   6.0551851652991934e-15
0.0488167493501294   6.049610143114832e-15
0.04886173645072115   6.044040253868604e-15
0.04890676500919874   6.038475492834578e-15
0.04895183506376762   6.03291585529119e-15
0.04899694665266862   6.027361336521204e-15
0.049042099814177655   6.021811931811748e-15
0.04908729458660604   6.0162676364542705e-15
0.049132531008300284   6.01072844574457e-15
0.04917780911764235   6.005194354982763e-15
0.04922312895304945   5.9996653594733075e-15
0.04926849055297431   5.9941414545249706e-15
0.049313893955905005   5.9886226354508516e-15
0.049359339200365164   5.983108897568353e-15
0.04940482632491381   5.977600236199202e-15
0.04945035536814562   5.972096646669415e-15
0.04949592636869072   5.966598124309334e-15
0.04954153936521495   5.961104664453581e-15
0.04958719439641967   5.955616262441091e-15
0.04963289150104202   5.9501329136150685e-15
0.04967863071785473   5.944654613323026e-15
0.04972441208566635   5.939181356916748e-15
0.049770235643321115   5.933713139752309e-15
0.04981610142969914   5.928249957190046e-15
0.04986200948371628   5.922791804594578e-15
0.049907959844324355   5.9173386773347856e-15
0.049953952550510966   5.911890570783822e-15
0.04999998764129975   5.906447480319088e-15
0.050046065155750226   5.9010094013222525e-15
0.050092185132957955   5.895576329179227e-15
0.05013834761205454   5.890148259280176e-15
0.050184552632207564   5.884725187019512e-15
0.05023080023262081   5.879307107795878e-15
0.050277090452534104   5.873894017012165e-15
0.0503234233312235   5.8684859100754845e-15
0.05036979890800117   5.86308278239719e-15
0.05041621722221561   5.8576846293928454e-15
0.050462678313251484   5.852291446482253e-15
0.05050918222052983   5.846903229089413e-15
0.05055572898350794   5.841519972642557e-15
0.05060231864167956   5.836141672574108e-15
0.05064895123457471   5.830768324320711e-15
0.05069562680175997   5.825399923323199e-15
0.05074234538283827   5.8200364650266174e-15
0.050789107017449125   5.814677944880186e-15
0.0508359117452685   5.8093243583373355e-15
0.05088275960600901   5.803975700855663e-15
0.050929650639419774   5.798631967896968e-15
0.05097658488528663   5.793293154927208e-15
0.051023562383431996   5.787959257416534e-15
0.05107058317371509   5.7826302708392484e-15
0.05111764729603173   5.777306190673842e-15
0.05116475479031465   5.771987012402947e-15
0.051211905696533236   5.766672731513373e-15
0.05125910005469385   5.7613633434960694e-15
0.051306337904839586   5.756058843846156e-15
0.05135361928705056   5.75075922806288e-15
0.05140094424144372   5.745464491649645e-15
0.05144831280817309   5.740174630113989e-15
0.05149572502742958   5.734889638967593e-15
0.05154318093944125   5.729609513726262e-15
0.051590680584473136   5.724334249909939e-15
0.05163822400282747   5.7190638430426795e-15
0.05168581123484354   5.713798288652674e-15
0.05173344232089789   5.708537582272218e-15
0.05178111730140419   5.7032817194377334e-15
0.05182883621681343   5.698030695689734e-15
0.0518765991076138   5.692784506572861e-15
0.051924406014330904   5.687543147635837e-15
0.05197225697752757   5.6823066144315015e-15
0.05202015203780412   5.6770749025167705e-15
0.0520680912357982   5.671848007452669e-15
0.05211607461218499   5.666625924804293e-15
0.05216410220767706   5.661408650140834e-15
0.052212174063024606   5.656196179035551e-15
0.05226029021901526   5.6509885070657934e-15
0.05230845071647436   5.64578562981297e-15
0.052356655596264755   5.640587542862567e-15
0.052404904899287064   5.635394241804124e-15
0.05245319866647948   5.630205722231254e-15
0.05250153693881803   5.625021979741617e-15
0.05254991975731642   5.619843009936935e-15
0.05259834716302622   5.61466880842297e-15
0.05264681919703675   5.609499370809541e-15
0.05269533590047531   5.604334692710495e-15
0.05274389731450696   5.599174769743735e-15
0.05279250348033483   5.594019597531179e-15
0.05284115443919992   5.5888691716987976e-15
0.05288985023238132   5.583723487876562e-15
0.05293859090119606   5.578582541698495e-15
0.052987376486999374   5.573446328802621e-15
0.05303620703118446   5.568314844830985e-15
0.0530850825751828   5.563188085429647e-15
0.053134003160463954   5.558066046248673e-15
0.05318296882853577   5.552948722942135e-15
0.05323197962094429   5.547836111168109e-15
0.0532810355792739   5.542728206588657e-15
0.05333013674514723   5.537625004869857e-15
0.05337928316022538   5.5325265016817535e-15
0.05342847486620771   5.527432692698396e-15
0.053477711904832144   5.522343573597804e-15
0.053526994317874936   5.5172591400619865e-15
0.05357632214715097   5.5121793877769155e-15
0.05362569543451353   5.507104312432553e-15
0.05367511422185458   5.5020339097228125e-15
0.05372457855110467   5.4969681753455765e-15
0.053774088464232914   5.4919071050027e-15
0.05382364400324722   5.486850694399976e-15
0.053873245210194085   5.48179893924717e-15
0.05392289212715887   5.476751835257982e-15
0.05397258479626561   5.4717093781500715e-15
0.054022323259677284   5.466671563645029e-15
0.054072107559595586   5.461638387468395e-15
0.05412193773826123   5.4566098453496375e-15
0.054171813837953754   5.4515859330221615e-15
0.054221735900991753   5.446566646223295e-15
0.05427170396973271   5.441551980694299e-15
0.054321718086573274   5.436541932180342e-15
0.05437177829394903   5.431536496430528e-15
0.05442188463433478   5.426535669197861e-15
0.054472037150244394   5.4215394462392605e-15
0.05452223588423098   5.416547823315549e-15
0.054572480878886796   5.4115607961914606e-15
0.05462277217684343   5.406578360635614e-15
0.05467310982077165   5.401600512420545e-15
0.05472349385338168   5.396627247322657e-15
0.05477392431742297   5.391658561122266e-15
0.05482440125568449   5.386694449603553e-15
0.05487492471099452   5.381734908554596e-15
0.05492549472622093   5.376779933767338e-15
0.05497611134427098   5.37182952103761e-15
0.05502677460809158   5.366883666165099e-15
0.055077484560669104   5.361942364953374e-15
0.055128241245029665   5.357005613209853e-15
0.0551790447042389   5.352073406745829e-15
0.05522989498140225   5.34714574137644e-15
0.05528079211966477   5.342222612920684e-15
0.05533173616221139   5.337304017201403e-15
0.05538272715226672   5.332389950045291e-15
0.055433765133095315   5.327480407282877e-15
0.05548485014800149   5.322575384748538e-15
0.05553598224032958   5.3176748782804775e-15
0.05558716145346375   5.312778883720738e-15
0.05563838783082826   5.307887396915185e-15
0.05568966141588728   5.3030004137135125e-15
0.05574098225214513   5.298117929969232e-15
0.05579235038314614   5.2932399415396774e-15
0.05584376585247484   5.288366444285991e-15
0.055895228703755837   5.283497434073133e-15
0.05594673898065407   5.278632906769861e-15
0.05599829672687456   5.273772858248749e-15
0.056049901986162755   5.268917284386158e-15
0.05610155480230428   5.264066181062258e-15
0.05615325521912526   5.259219544161e-15
0.05620500328049204   5.254377369570138e-15
0.05625679903031155   5.249539653181197e-15
0.05630864251253104   5.2447063908895e-15
0.05636053377113839   5.239877578594133e-15
0.0564124728501619   5.235053212197978e-15
0.056464459793670554   5.230233287607668e-15
0.05651649464577384   5.225417800733621e-15
0.05656857745062199   5.22060674749001e-15
0.05662070825240585   5.215800123794777e-15
0.056672887095357054   5.210997925569618e-15
0.05672511402374792   5.206200148739987e-15
0.056777389081891665   5.201406789235085e-15
0.05682971231414223   5.196617842987865e-15
0.056882083764894543   5.191833305935025e-15
0.05693450347858433   5.1870531740170035e-15
0.056986971499688385   5.182277443177968e-15
0.05703948787272438   5.177506109365838e-15
0.05709205264225112   5.1727391685322445e-15
0.05714466585286834   5.167976616632565e-15
0.05719732754921703   5.163218449625882e-15
0.05725003777597918   5.1584646634750125e-15
0.057302796577878075   5.153715254146484e-15
0.05735560399967809   5.1489702176105416e-15
0.057408460086184984   5.144229549841134e-15
0.05746136488224569   5.1394932468159275e-15
0.05751431843274857   5.134761304516278e-15
0.05756732078262325   5.1300337189272545e-15
0.057620371976840855   5.1253104860376175e-15
0.057673472060413934   5.120591601839813e-15
0.05772662107839644   5.11587706232999e-15
0.05777981907588397   5.1111668635079764e-15
0.057833066098013544   5.106461001377286e-15
0.05788636218996391   5.101759471945104e-15
0.05793970739695532   5.0970622712223104e-15
0.05799310176424984   5.0923693952234335e-15
0.058046545337151104   5.087680839966692e-15
0.05810003816100462   5.082996601473957e-15
0.058153580281197575   5.0783166757707746e-15
0.05820717174315909   5.073641058886336e-15
0.058260812592360045   5.068969746853502e-15
0.058314502874313334   5.064302735708773e-15
0.05836824263457367   5.059640021492313e-15
0.05842203191873788   5.054981600247916e-15
0.05847587077244468   5.050327468023033e-15
0.05852975924137496   5.045677620868743e-15
0.05858369737125161   5.0410320548397715e-15
0.05863768520783975   5.036390765994466e-15
0.058691722796946566   5.031753750394809e-15
0.05874581018442158   5.027121004106408e-15
0.05879994741615644   5.0224925231984914e-15
0.058854134538085225   5.017868303743906e-15
0.058908371596184186   5.013248341819122e-15
0.0589626586364721   5.008632633504209e-15
0.05901699570501002   5.004021174882861e-15
0.05907138284790156   4.999413962042361e-15
0.05912582011129271   4.994810991073608e-15
0.059180307541372094   4.990212258071094e-15
0.059234845184370805   4.985617759132911e-15
0.059289433086562635   4.9810274903607335e-15
0.0593440712942639   4.9764414478598415e-15
0.05939875985383375   4.971859627739084e-15
0.0594534988116739   4.9672820261109064e-15
0.059508288214228974   4.9627086390913206e-15
0.059563128107986245   4.95813946279993e-15
0.059618018539475987   4.953574493359894e-15
0.0596729595552712   4.949013726897954e-15
0.05972795120198795   4.94445715954441e-15
0.05978299352628512   4.939904787433133e-15
0.05983808657486472   4.935356606701543e-15
0.059893230394471676   4.930812613490624e-15
0.05994842503189412   4.926272803944912e-15
0.060003670533963174   4.92173717421249e-15
0.06005896694755324   4.917205720444987e-15
0.0601143143195818   4.912678438797584e-15
0.060169712697009686   4.908155325428987e-15
0.06022516212684089   4.903636376501454e-15
0.06028066265612284   4.899121588180765e-15
0.0603362143319462   4.894610956636239e-15
0.06039181720144516   4.890104478040712e-15
0.0604474713117972   4.885602148570553e-15
0.06050317671022344   4.881103964405647e-15
0.06055893344398835   4.876609921729397e-15
0.06061474156040011   4.872120016728717e-15
0.06067060110681036   4.867634245594041e-15
0.0607265121306145   4.863152604519297e-15
0.06078247467925149   4.858675089701932e-15
0.06083848880020413   4.854201697342881e-15
0.06089455454099885   4.849732423646584e-15
0.060950671949206   4.845267264820973e-15
0.061006841072439665   4.840806217077477e-15
0.061063061958357895   4.836349276630999e-15
0.06111933465466257   4.8318964396999474e-15
0.06117565920909964   4.827447702506191e-15
0.06123203566945892   4.823003061275098e-15
0.06128846408357442   4.818562512235493e-15
0.061344944499324074   4.814126051619688e-15
0.06140147696463008   4.8096936756634506e-15
0.061458061527458675   4.805265380606027e-15
0.06151469823582042   4.8008411626901134e-15
0.061571387137769995   4.796421018161879e-15
0.061628128281406486   4.792004943270936e-15
0.061684921714873185   4.78759293427036e-15
0.06174176748635785   4.783184987416669e-15
0.061798665644092636   4.7787810989698294e-15
0.06185561623635406   4.774381265193256e-15
0.06191261931146323   4.769985482353796e-15
0.06196967491778571   4.7655937467217445e-15
0.062026783103731706   4.761206054570816e-15
0.06208394391775594   4.756822402178171e-15
0.06214115740835792   4.752442785824384e-15
0.06219842362408169   4.748067201793467e-15
0.06225574261351619   4.743695646372841e-15
0.062313114425294996   4.739328115853356e-15
0.06237053910809663   4.7349646065292675e-15
0.06242801671064434   4.730605114698252e-15
0.06248554728170642   4.726249636661384e-15
0.06254313087009596   4.721898168723159e-15
0.06260076752467116   4.717550707191458e-15
0.06265845729433514   4.7132072483775754e-15
0.06271620022803621   4.708867788596189e-15
0.06277399637476763   4.7045323241653815e-15
0.06283184578356799   4.700200851406617e-15
0.06288974850352087   4.6958733666447534e-15
0.0629477045837553   4.691549866208025e-15
0.06300571407344538   4.687230346428056e-15
0.0630637770218107   4.682914803639836e-15
0.06312189347811605   4.678603234181742e-15
0.06318006349167178   4.67429563439551e-15
0.06323828711183353   4.669992000626255e-15
0.06329656438800256   4.66569232922245e-15
0.06335489536962553   4.661396616535934e-15
0.06341328010619479   4.657104858921899e-15
0.06347171864724818   4.652817052738902e-15
0.06353021104236932   4.648533194348843e-15
0.06358875734118737   4.644253280116981e-15
0.06364735759337738   4.639977306411912e-15
0.06370601184866005   4.635705269605584e-15
0.06376472015680203   4.631437166073279e-15
0.06382348256761568   4.627172992193622e-15
0.06388229913095941   4.622912744348565e-15
0.06394116989673745   4.6186564189234e-15
0.06400009491490016   4.6144040123067384e-15
0.06405907423544377   4.610155520890525e-15
0.06411810790841074   4.605910941070018e-15
0.06417719598388952   4.6016702692438e-15
0.06423633851201482   4.597433501813766e-15
0.06429553554296744   4.5932006351851335e-15
0.06435478712697457   4.588971665766413e-15
0.06441409331430951   4.5847465899694396e-15
0.0644734541552921   4.580525404209333e-15
0.06453286970028832   4.576308104904535e-15
0.06459233999971077   4.572094688476767e-15
0.06465186510401837   4.567885151351055e-15
0.06471144506371662   4.563679489955709e-15
0.0647710799293575   4.559477700722338e-15
0.06483076975153966   4.5552797800858235e-15
0.06489051458090826   4.551085724484344e-15
0.06495031446815527   4.5468955303593425e-15
0.06501016946401926   4.5427091941555506e-15
0.06507007961928565   4.538526712320963e-15
0.06513004498478656   4.5343480813068565e-15
0.06519006561140105   4.530173297567762e-15
0.065250141550055   4.526002357561487e-15
0.06531027285172128   4.52183525774909e-15
0.06537045956741966   4.5176719945948966e-15
0.06543070174821704   4.513512564566479e-15
0.06549099944522722   4.509356964134672e-15
0.06555135270961128   4.5052051897735486e-15
0.06561176159257728   4.501057237960441e-15
0.06567222614538064   4.4969131051759075e-15
0.06573274641932385   4.4927727879037656e-15
0.06579332246575682   4.488636282631055e-15
0.06585395433607666   4.48450358584806e-15
0.06591464208172795   4.48037469404829e-15
0.06597538575420257   4.476249603728489e-15
0.06603618540504   4.472128311388617e-15
0.06609704108582704   4.468010813531868e-15
0.0661579528481982   4.463897106664644e-15
0.0662189207438354   4.4597871872965756e-15
0.06627994482446835   4.455681051940498e-15
0.06634102514187436   4.4515786971124566e-15
0.06640216174787843   4.447480119331712e-15
0.06646335469435337   4.443385315120721e-15
0.06652460403321973   4.4392942810051536e-15
0.06658590981644602   4.435207013513863e-15
0.06664727209604848   4.431123509178914e-15
0.06670869092409146   4.427043764535552e-15
0.06677016635268712   4.422967776122222e-15
0.06683169843399582   4.4188955404805465e-15
0.0668932872202258   4.414827054155343e-15
0.06695493276363361   4.410762313694598e-15
0.06701663511652377   4.40670131564949e-15
0.06707839433124914   4.40264405657436e-15
0.06714021046021074   4.39859053302673e-15
0.06720208355585795   4.394540741567287e-15
0.0672640136706884   4.390494678759889e-15
0.06732600085724821   4.3864523411715504e-15
0.06738804516813181   4.382413725372456e-15
0.06745014665598219   4.3783788279359385e-15
0.06751230537349076   4.374347645438495e-15
0.0675745213733976   4.3703201744597655e-15
0.0676367947084913   4.366296411582547e-15
0.06769912543160914   4.362276353392777e-15
0.06776151359563706   4.358259996479542e-15
0.06782395925350981   4.354247337435062e-15
0.06788646245821083   4.350238372854702e-15
0.06794902326277245   4.346233099336953e-15
0.06801164172027582   4.342231513483449e-15
0.06807431788385111   4.338233611898939e-15
0.06813705180667728   4.334239391191315e-15
0.0681998435419825   4.330248847971575e-15
0.0682626931430438   4.326261978853849e-15
0.06832560066318748   4.322278780455378e-15
0.06838856615578881   4.318299249396523e-15
0.06845158967427244   4.314323382300751e-15
0.06851467127211204   4.3103511757946426e-15
0.06857781100283078   4.306382626507879e-15
0.06864100892000097   4.3024177310732514e-15
0.0687042650772444   4.298456486126645e-15
0.0687675795282322   4.294498888307047e-15
0.06883095232668507   4.290544934256534e-15
0.06889438352637307   4.286594620620279e-15
0.06895787318111596   4.2826479440465415e-15
0.06902142134478294   4.2787049011866714e-15
0.06908502807129303   4.274765488695089e-15
0.06914869341461478   4.270829703229313e-15
0.0692124174287666   4.266897541449923e-15
0.06927620016781656   4.2629690000205854e-15
0.06934004168588269   4.25904407560803e-15
0.06940394203713274   4.255122764882064e-15
0.06946790127578456   4.251205064515548e-15
0.06953191945610576   4.247290971184423e-15
0.06959599663241417   4.243380481567671e-15
0.06966013285907748   4.239473592347351e-15
0.06972432819051365   4.235570300208561e-15
0.06978858268119065   4.231670601839462e-15
0.06985289638562678   4.2277744939312564e-15
0.06991726935839042   4.223881973178203e-15
0.06998170165410042   4.21999303627759e-15
0.0700461933274258   4.216107679929758e-15
0.07011074443308608   4.2122259008380805e-15
0.07017535502585112   4.208347695708971e-15
0.07024002516054136   4.204473061251866e-15
0.07030475489202759   4.200601994179244e-15
0.07036954427523136   4.1967344912066e-15
0.07043439336512468   4.192870549052459e-15
0.07049930221673033   4.189010164438365e-15
0.07056427088512168   4.185153334088879e-15
0.07062929942542301   4.18130005473158e-15
0.07069438789280923   4.177450323097062e-15
0.07075953634250623   4.173604135918923e-15
0.07082474482979068   4.169761489933775e-15
0.07089001340999032   4.1659223818812305e-15
0.07095534213848376   4.162086808503905e-15
0.07102073107070069   4.1582547665474146e-15
0.07108618026212192   4.154426252760368e-15
0.0711516897682793   4.150601263894369e-15
0.07121725964475598   4.146779796704015e-15
0.07128288994718616   4.142961847946889e-15
0.07134858073125552   4.139147414383558e-15
0.07141433205270084   4.1353364927775766e-15
0.07148014396731045   4.131529079895472e-15
0.07154601653092395   4.127725172506757e-15
0.07161194979943253   4.123924767383908e-15
0.07167794382877873   4.1201278613023854e-15
0.07174399867495683   4.1163344510406065e-15
0.07181011439401251   4.112544533379966e-15
0.07187629104204331   4.108758105104811e-15
0.07194252867519825   4.104975163002459e-15
0.0720088273496783   4.101195703863176e-15
0.07207518712173602   4.097419724480194e-15
0.07214160804767604   4.093647221649687e-15
0.07220809018385464   4.089878192170786e-15
0.07227463358668022   4.086112632845567e-15
0.07234123831261303   4.08235054047905e-15
0.0724079044181655   4.0785919118791924e-15
0.07247463195990193   4.0748367438569015e-15
0.07254142099443898   4.071085033226007e-15
0.0726082715784453   4.067336776803286e-15
0.07267518376864189   4.063591971408432e-15
0.07274215762180189   4.059850613864083e-15
0.07280919319475092   4.056112700995785e-15
0.07287629054436681   4.0523782296320225e-15
0.07294344972757995   4.048647196604187e-15
0.07301067080137305   4.044919598746598e-15
0.07307795382278148   4.0411954328964814e-15
0.07314529884889302   4.037474695893981e-15
0.07321270593684821   4.033757384582146e-15
0.07328017514384012   4.030043495806935e-15
0.07334770652711463   4.026333026417205e-15
0.07341530014397026   4.022625973264725e-15
0.07348295605175846   4.018922333204152e-15
0.07355067430788342   4.015222103093045e-15
0.07361845496980235   4.01152527979185e-15
0.07368629809502526   4.007831860163914e-15
0.07375420374111531   4.004141841075462e-15
0.07382217196568858   4.000455219395611e-15
0.07389020282641437   3.9967719919963515e-15
0.07395829638101498   3.993092155752568e-15
0.07402645268726604   3.9894157075420104e-15
0.07409467180299634   3.985742644245308e-15
0.07416295378608802   3.98207296274596e-15
0.07423129869447646   3.978406659930341e-15
0.0742997065861506   3.974743732687683e-15
0.07436817751915262   3.971084177910089e-15
0.07443671155157837   3.96742799249252e-15
0.07450530874157708   3.9637751733328e-15
0.07457396914735172   3.960125717331604e-15
0.07464269282715875   3.956479621392464e-15
0.07471147983930847   3.95283688242176e-15
0.07478033024216474   3.949197497328726e-15
0.07484924409414538   3.9455614630254345e-15
0.07491822145372189   3.941928776426806e-15
0.0749872623794198   3.938299434450599e-15
0.07505636692981843   3.934673434017413e-15
0.07512553516355124   3.931050772050677e-15
0.07519476713930554   3.9274314454766595e-15
0.07526406291582291   3.9238154512244525e-15
0.07533342255189891   3.920202786225981e-15
0.07540284610638343   3.916593447415989e-15
0.07547233363818041   3.912987431732051e-15
0.07554188520624827   3.90938473611455e-15
0.07561150086959958   3.905785357506699e-15
0.07568118068730148   3.902189292854513e-15
0.07575092471847536   3.898596539106826e-15
0.07582073302229723   3.895007093215279e-15
0.07589060565799755   3.891420952134321e-15
0.07596054268486142   3.887838112821204e-15
0.07603054416222853   3.884258572235981e-15
0.07610061014949326   3.880682327341507e-15
0.07617074070610481   3.877109375103427e-15
0.07624093589156701   3.873539712490187e-15
0.0763111957654387   3.869973336473017e-15
0.07638152038733341   3.866410244025945e-15
0.07645190981691981   3.862850432125774e-15
0.0765223641139214   3.859293897752099e-15
0.07659288333811681   3.8557406378872906e-15
0.07666346754933971   3.852190649516504e-15
0.07673411680747898   3.8486439296276595e-15
0.07680483117247854   3.845100475211465e-15
0.07687561070433777   3.8415602832613845e-15
0.0769464554631111   3.838023350773663e-15
0.07701736550890854   3.8344896747472984e-15
0.0770883409018953   3.830959252184066e-15
0.07715938170229218   3.827432080088485e-15
0.07723048797037534   3.82390815546785e-15
0.07730165976647664   3.820387475332197e-15
0.07737289715098337   3.816870036694323e-15
0.07744420018433866   3.813355836569769e-15
0.07751556892704115   3.809844871976831e-15
0.07758700343964538   3.806337139936545e-15
0.0776585037827616   3.8028326374726946e-15
0.077730070017056   3.799331361611795e-15
0.07780170220325054   3.795833309383109e-15
0.07787340040212334   3.7923384778186275e-15
0.07794516467450834   3.788846863953078e-15
0.07801699508129567   3.785358464823915e-15
0.07808889168343146   3.781873277471327e-15
0.07816085454191814   3.778391298938218e-15
0.07823288371781421   3.774912526270223e-15
0.07830497927223459   3.77143695651569e-15
0.07837714126635037   3.767964586725694e-15
0.07844936976138915   3.7644954139540134e-15
0.07852166481863483   3.76102943525715e-15
0.07859402649942791   3.757566647694308e-15
0.07866645486516528   3.7541070483274046e-15
0.07873894997730058   3.750650634221056e-15
0.07881151189734388   3.747197402442589e-15
0.07888414068686214   3.7437473500620224e-15
0.07895683640747887   3.7403004741520806e-15
0.07902959912087455   3.7368567717881745e-15
0.07910242888878631   3.733416240048418e-15
0.07917532577300838   3.729978876013601e-15
0.07924828983539174   3.726544676767217e-15
0.07932132113784453   3.7231136393954336e-15
0.07939441974233179   3.7196857609871074e-15
0.07946758571087584   3.7162610386337694e-15
0.07954081910555598   3.712839469429635e-15
0.07961411998850887   3.709421050471588e-15
0.07968748842192827   3.706005778859195e-15
0.07976092446806546   3.70259365169468e-15
0.07983442818922888   3.699184666082946e-15
0.07990799964778456   3.695778819131556e-15
0.07998163890615585   3.692376107950739e-15
0.08005534602682379   3.688976529653381e-15
0.08012912107232684   3.6855800813550305e-15
0.08020296410526123   3.682186760173886e-15
0.08027687518828075   3.678796563230807e-15
0.08035085438409707   3.675409487649296e-15
0.08042490175547948   3.6720255305555125e-15
0.08049901736525529   3.668644689078251e-15
0.08057320127630954   3.665266960348962e-15
0.08064745355158542   3.661892341501723e-15
0.0807217742540839   3.658520829673266e-15
0.08079616344686423   3.655152422002944e-15
0.08087062119304356   3.6517871156327554e-15
0.0809451475557974   3.6484249077073234e-15
0.08101974259835933   3.645065795373904e-15
0.0810944063840213   3.641709775782374e-15
0.0811691389761335   3.638356846085243e-15
0.08124394043810462   3.635007003437634e-15
0.08131881083340163   3.631660244997296e-15
0.08139375022555018   3.628316567924588e-15
0.08146875867813423   3.624975969382491e-15
0.08154383625479658   3.621638446536588e-15
0.08161898301923845   3.618303996555087e-15
0.08169419903521993   3.614972616608788e-15
0.08176948436655986   3.611644303871102e-15
0.08184483907713573   3.6083190555180446e-15
0.08192026323088414   3.604996868728226e-15
0.08199575689180036   3.601677740682863e-15
0.08207132012393885   3.598361668565756e-15
0.08214695299141293   3.59504864956331e-15
0.08222265555839517   3.5917386808645084e-15
0.08229842788911708   3.5884317596609345e-15
0.08237427004786957   3.585127883146749e-15
0.08245018209900262   3.5818270485187e-15
0.08252616410692565   3.578529252976116e-15
0.08260221613610731   3.5752344937209026e-15
0.08267833825107582   3.571942767957541e-15
0.08275453051641866   3.568654072893091e-15
0.08283079299678306   3.565368405737178e-15
0.0829071257568756   3.562085763702002e-15
0.0829835288614627   3.5588061440023235e-15
0.08306000237537027   3.555529543855474e-15
0.08313654636348414   3.5522559604813395e-15
0.08321316089074977   3.5489853911023765e-15
0.08328984602217265   3.545717832943586e-15
0.08336660182281798   3.5424532832325343e-15
0.0834434283578111   3.539191739199332e-15
0.0835203256923372   3.5359331980766507e-15
0.08359729389164172   3.5326776570996966e-15
0.08367433302103004   3.5294251135062334e-15
0.0837514431458679   3.526175564536558e-15
0.08382862433158111   3.522929007433517e-15
0.08390587664365595   3.519685439442489e-15
0.08398320014763887   3.5164448578113937e-15
0.08406059490913688   3.513207259790679e-15
0.0841380609938173   3.509972642633331e-15
0.08421559846740814   3.506741003594858e-15
0.0842932073956978   3.503512339933302e-15
0.08437088784453547   3.5002866489092232e-15
0.08444863987983087   3.4970639277857118e-15
0.08452646356755461   3.493844173828367e-15
0.08460435897373797   3.4906273843053162e-15
0.08468232616447317   3.4874135564871954e-15
0.08476036520591326   3.4842026876471592e-15
0.08483847616427236   3.480994775060863e-15
0.08491665910582546   3.4777898160064813e-15
0.08499491409690879   3.47458780776469e-15
0.08507324120391956   3.4713887476186684e-15
0.0851516404933163   3.4681926328540964e-15
0.08523011203161868   3.4649994607591546e-15
0.08530865588540777   3.46180922862452e-15
0.08538727212132587   3.458621933743366e-15
0.08546596080607684   3.4554375734113537e-15
0.08554472200642588   3.4522561449266392e-15
0.08562355578919983   3.4490776455898598e-15
0.08570246222128701   3.445902072704146e-15
0.08578144136963749   3.4427294235751038e-15
0.08586049330126291   3.4395596955108275e-15
0.08593961808323682   3.4363928858218807e-15
0.0860188157826944   3.433228991821313e-15
0.0860980864668329   3.4300680108246386e-15
0.08617743020291127   3.4269099401498527e-15
0.08625684705825068   3.4237547771174115e-15
0.08633633710023413   3.4206025190502438e-15
0.0864159003963069   3.4174531632737374e-15
0.08649553701397622   3.4143067071157516e-15
0.08657524702081176   3.411163147906596e-15
0.08665503048444526   3.4080224829790473e-15
0.08673488747257094   3.4048847096683287e-15
0.08681481805294525   3.4017498253121264e-15
0.08689482229338726   3.3986178272505685e-15
0.08697490026177834   3.3954887128262422e-15
0.08705505202606263   3.3923624793841695e-15
0.08713527765424667   3.3892391242718285e-15
0.08721557721439988   3.3861186448391297e-15
0.08729595077465419   3.383001038438432e-15
0.08737639840320453   3.379886302424525e-15
0.08745692016830849   3.3767744341546403e-15
0.0875375161382867   3.3736654309884367e-15
0.08761818638152274   3.3705592902880035e-15
0.08769893096646308   3.3674560094178688e-15
0.08777974996161744   3.364355585744973e-15
0.08786064343555852   3.361258016638692e-15
0.08794161145692235   3.358163299470817e-15
0.08802265409440806   3.3550714316155667e-15
0.08810377141677828   3.3519824104495644e-15
0.08818496349285881   3.3488962333518636e-15
0.08826623039153905   3.3458128977039183e-15
0.08834757218177172   3.3427324008896045e-15
0.08842898893257327   3.339654740295196e-15
0.08851048071302355   3.3365799133093834e-15
0.08859204759226626   3.333507917323252e-15
0.08867368963950864   3.330438749730298e-15
0.0887554069240219   3.3273724079264087e-15
0.08883719951514088   3.3243088893098776e-15
0.08891906748226454   3.321248191281387e-15
0.08900101089485554   3.3181903112440154e-15
0.08908302982244083   3.3151352466032305e-15
0.08916512433461116   3.312082994766894e-15
0.08924729450102166   3.3090335531452454e-15
0.08932954039139143   3.305986919150917e-15
0.08941186207550403   3.302943090198917e-15
0.08949425962320712   3.299902063706639e-15
0.08957673310441291   3.296863837093849e-15
0.0896592825890979   3.2938284077826942e-15
0.08974190814730319   3.29079577319769e-15
0.08982460984913432   3.287765930765728e-15
0.08990738776476154   3.2847388779160626e-15
0.08999024196441965   3.2817146120803234e-15
0.09007317251840831   3.2786931306924963e-15
0.09015617949709182   3.2756744311889367e-15
0.09023926297089947   3.272658511008354e-15
0.09032242301032531   3.2696453675918217e-15
0.0904056596859285   3.266634998382765e-15
0.09048897306833305   3.263627400826967e-15
0.09057236322822827   3.260622572372556e-15
0.09065583023636839   3.2576205104700185e-15
0.09073937416357304   3.25462121257218e-15
0.09082299508072693   3.2516246761342192e-15
0.0909066930587803   3.248630898613647e-15
0.09099046816874853   3.2456398774703286e-15
0.09107432048171271   3.2426516101664552e-15
0.09115825006881918   3.239666094166566e-15
0.09124225700128008   3.236683326937524e-15
0.09132634135037294   3.233703305948534e-15
0.09141050318744122   3.2307260286711227e-15
0.0914947425838939   3.2277514925791505e-15
0.09157905961120595   3.2247796951488004e-15
0.09166345434091806   3.221810633858581e-15
0.09174792684463699   3.218844306189322e-15
0.09183247719403534   3.215880709624172e-15
0.09191710546085191   3.212919841648597e-15
0.09200181171689145   3.209961699750379e-15
0.09208659603402507   3.2070062814196095e-15
0.09217145848418992   3.2040535841486982e-15
0.09225639913938961   3.2011036054323538e-15
0.09234141807169396   3.198156342767602e-15
0.09242651535323936   3.1952117936537633e-15
0.09251169105622849   3.1922699555924694e-15
0.09259694525293077   3.1893308260876435e-15
0.09268227801568205   3.1863944026455157e-15
0.09276768941688499   3.1834606827746038e-15
0.09285317952900879   3.1805296639857265e-15
0.09293874842458964   3.1776013437919904e-15
0.0930243961762304   3.1746757197087925e-15
0.09311012285660099   3.1717527892538175e-15
0.09319592853843812   3.168832549947037e-15
0.09328181329454575   3.1659149993107025e-15
0.09336777719779471   3.163000134869351e-15
0.09345382032112319   3.1600879541497945e-15
0.09353994273753638   3.1571784546811263e-15
0.09362614452010697   3.1542716339947115e-15
0.09371242574197479   3.1513674896241904e-15
0.09379878647634726   3.1484660191054684e-15
0.09388522679649908   3.1455672199767302e-15
0.0939717467757726   3.142671089778419e-15
0.09405834648757778   3.13977762605324e-15
0.09414502600539208   3.136886826346171e-15
0.09423178540276086   3.133998688204441e-15
0.0943186247532971   3.1311132091775426e-15
0.09440554413068172   3.128230386817221e-15
0.09449254360866345   3.1253502186774796e-15
0.09457962326105913   3.1224727023145683e-15
0.09466678316175343   3.119597835286993e-15
0.0947540233846993   3.1167256151555015e-15
0.09484134400391767   3.1138560394830953e-15
0.09492874509349786   3.1109891058350087e-15
0.09501622672759726   3.1081248117787307e-15
0.09510378898044182   3.105263154883976e-15
0.0951914319263257   3.1024041327227098e-15
0.0952791556396117   3.0995477428691242e-15
0.09536696019473097   3.0966939828996483e-15
0.09545484566618342   3.093842850392939e-15
0.09554281212853748   3.0909943429298915e-15
0.09563085965643041   3.088148458093617e-15
0.09571898832456813   3.085305193469459e-15
0.09580719820772557   3.08246454664498e-15
0.09589548938074637   3.0796265152099697e-15
0.09598386191854334   3.0767910967564286e-15
0.09607231589609815   3.0739582888785844e-15
0.09616085138846171   3.071128089172869e-15
0.096249468470754   3.0683004952379347e-15
0.0963381672181643   3.065475504674641e-15
0.09642694770595106   3.0626531150860604e-15
0.09651581000944229   3.059833324077466e-15
0.09660475420403516   3.0570161292563448e-15
0.09669378036519657   3.0542015282323737e-15
0.09678288856846277   3.0513895186174437e-15
0.09687207888943979   3.048580098025635e-15
0.09696135140380314   3.0457732640732312e-15
0.09705070618729829   3.0429690143787046e-15
0.09714014331574031   3.0401673465627267e-15
0.0972296628650143   3.0373682582481523e-15
0.09731926491107513   3.034571747060031e-15
0.09740894952994789   3.0317778106255944e-15
0.09749871679772745   3.0289864465742644e-15
0.09758856679057908   3.0261976525376387e-15
0.09767849958473801   3.0234114261495018e-15
0.09776851525650991   3.020627765045812e-15
0.09785861388227061   3.0178466668647064e-15
0.0979487955384665   3.0150681292464957e-15
0.0980390603016142   3.0122921498336674e-15
0.09812940824830109   3.0095187262708714e-15
0.09821983945518488   3.006747856204934e-15
0.09831035399899415   3.003979537284843e-15
0.09840095195652801   3.0012137671617544e-15
0.0984916334046565   2.9984505434889834e-15
0.09858239842032034   2.995689863922008e-15
0.0986732470805313   2.9929317261184647e-15
0.09876417946237198   2.9901761277381468e-15
0.0988551956429962   2.9874230664429987e-15
0.09894629569962865   2.9846725398971254e-15
0.09903747970956543   2.9819245457667725e-15
0.09912874775017363   2.979179081720342e-15
0.09922009989889188   2.976436145428378e-15
0.09931153623322994   2.9736957345635755e-15
0.09940305683076921   2.9709578468007632e-15
0.09949466176916238   2.9682224798169183e-15
0.09958635112613393   2.9654896312911528e-15
0.09967812497947973   2.9627592989047177e-15
0.09976998340706755   2.9600314803409964e-15
0.09986192648683674   2.957306173285509e-15
0.09995395429679867   2.9545833754259006e-15
0.10004606691503641   2.951863084451951e-15
0.100138264419705   2.9491452980555678e-15
0.10023054688903175   2.946430013930776e-15
0.10032291440131583   2.9437172297737304e-15
0.10041536703492857   2.941006943282706e-15
0.10050790486831349   2.9382991521580972e-15
0.1006005279799867   2.9355938541024113e-15
0.10069323644853632   2.932891046820275e-15
0.10078603035262297   2.9301907280184306e-15
0.10087890977097998   2.9274928954057234e-15
0.10097187478241296   2.9247975466931177e-15
0.10106492546580029   2.9221046795936793e-15
0.10115806190009287   2.9194142918225845e-15
0.1012512841643147   2.916726381097106e-15
0.10134459233756231   2.9140409451366234e-15
0.1014379864990052   2.911357981662615e-15
0.10153146672788572   2.908677488398662e-15
0.10162503310351959   2.905999463070429e-15
0.10171868570529527   2.9033239034056842e-15
0.10181242461267452   2.900650807134289e-15
0.1019062499051922   2.8979801719881904e-15
0.1020001616624568   2.895311995701422e-15
0.10209415996414985   2.892646276010109e-15
0.10218824489002638   2.889983010652457e-15
0.10228241651991488   2.8873221973687613e-15
0.10237667493371767   2.8846638339013825e-15
0.10247102021141043   2.8820079179947756e-15
0.10256545243304259   2.8793544473954622e-15
0.10265997167873729   2.8767034198520497e-15
0.10275457802869181   2.8740548331152036e-15
0.10284927156317704   2.8714086849376682e-15
0.1029440523625379   2.8687649730742596e-15
0.10303892050719328   2.866123695281861e-15
0.10313387607763651   2.8634848493194103e-15
0.10322891915443475   2.860848432947919e-15
0.10332404981822954   2.8582144439304588e-15
0.10341926814973659   2.8555828800321627e-15
0.10351457422974637   2.85295373902021e-15
0.10360996813912343   2.8503270186638495e-15
0.10370544995880697   2.8477027167343766e-15
0.1038010197698107   2.8450808310051424e-15
0.10389667765322323   2.8424613592515428e-15
0.10399242369020767   2.8398442992510263e-15
0.10408825796200197   2.8372296487830856e-15
0.10418418054991885   2.834617405629264e-15
0.10428019153534632   2.8320075675731346e-15
0.10437629099974702   2.829400132400322e-15
0.10447247902465881   2.8267950978984858e-15
0.10456875569169455   2.8241924618573267e-15
0.10466512108254267   2.821592222068571e-15
0.10476157527896651   2.8189943763259853e-15
0.10485811836280493   2.8163989224253674e-15
0.10495475041597203   2.8138058581645453e-15
0.10505147152045778   2.8112151813433663e-15
0.10514828175832736   2.8086268897637143e-15
0.10524518121172168   2.8060409812294894e-15
0.10534216996285724   2.8034574535466205e-15
0.10543924809402663   2.800876304523047e-15
0.10553641568759797   2.7982975319687355e-15
0.10563367282601539   2.795721133695664e-15
0.10573101959179887   2.7931471075178308e-15
0.10582845606754478   2.7905754512512353e-15
0.10592598233592526   2.7880061627139e-15
0.10602359847968877   2.78543923972585e-15
0.1061213045816599   2.782874680109122e-15
0.10621910072473992   2.7803124816877485e-15
0.10631698699190612   2.7777526422877757e-15
0.10641496346621242   2.7751951597372465e-15
0.10651303023078913   2.7726400318662083e-15
0.10661118736884354   2.770087256506696e-15
0.10670943496365924   2.7675368314927494e-15
0.10680777309859672   2.7649887546604027e-15
0.10690620185709317   2.762443023847679e-15
0.10700472132266298   2.759899636894591e-15
0.1071033315788972   2.7573585916431422e-15
0.10720203270946402   2.7548198859373234e-15
0.10730082479810861   2.7522835176231136e-15
0.10739970792865365   2.749749484548464e-15
0.10749868218499875   2.7472177845633187e-15
0.10759774765112094   2.744688415519596e-15
0.10769690441107452   2.742161375271197e-15
0.10779615254899158   2.7396366616739884e-15
0.10789549214908142   2.7371142725858202e-15
0.10799492329563097   2.734594205866514e-15
0.10809444607300511   2.7320764593778556e-15
0.10819406056564618   2.7295610309836058e-15
0.10829376685807442   2.7270479185494883e-15
0.10839356503488785   2.724537119943199e-15
0.10849345518076282   2.7220286330343854e-15
0.10859343738045335   2.719522455694663e-15
0.10869351171879166   2.7170185857976094e-15
0.10879367828068809   2.714517021218758e-15
0.10889393715113149   2.7120177598355937e-15
0.10899428841518878   2.7095207995275596e-15
0.10909473215800532   2.7070261381760523e-15
0.10919526846480483   2.7045337736644205e-15
0.10929589742088996   2.7020437038779524e-15
0.10939661911164157   2.6995559267038922e-15
0.10949743362251935   2.6970704400314272e-15
0.1095983410390616   2.6945872417516905e-15
0.10969934144688584   2.692106329757748e-15
0.1098004349316881   2.6896277019446134e-15
0.10990162157924352   2.6871513562092386e-15
0.11000290147540619   2.68467729045051e-15
0.1101042747061096   2.682205502569244e-15
0.11020574135736617   2.679735990468196e-15
0.11030730151526764   2.6772687520520513e-15
0.110408955265985   2.6748037852274248e-15
0.11051070269576897   2.6723410879028525e-15
0.11061254389094946   2.6698806579888025e-15
0.11071447893793598   2.6674224933976667e-15
0.11081650792321762   2.6649665920437586e-15
0.11091863093336349   2.6625129518433062e-15
0.11102084805502214   2.6600615707144617e-15
0.11112315937492208   2.657612446577295e-15
0.11122556497987163   2.6551655773537915e-15
0.11132806495675945   2.65272096096784e-15
0.11143065939255395   2.6502785953452537e-15
0.11153334837430377   2.647838478413747e-15
0.11163613198913769   2.6454006081029495e-15
0.11173901032426509   2.6429649823443867e-15
0.11184198346697538   2.6405315990714977e-15
0.11194505150463856   2.6381004562196203e-15
0.112048214524705   2.6356715517259967e-15
0.11215147261470601   2.6332448835297614e-15
0.11225482586225322   2.6308204495719518e-15
0.11235827435503912   2.6283982477955016e-15
0.11246181818083689   2.6259782761452364e-15
0.11256545742750096   2.623560532567872e-15
0.11266919218296635   2.6211450150120164e-15
0.11277302253524925   2.6187317214281707e-15
0.11287694857244683   2.6163206497687176e-15
0.11298097038273781   2.613911797987924e-15
0.11308508805438183   2.6115051640419448e-15
0.11318930167571997   2.609100745888813e-15
0.11329361133517458   2.6066985414884482e-15
0.11339801712124989   2.604298548802638e-15
0.11350251912253131   2.6019007657950533e-15
0.11360711742768603   2.599505190431239e-15
0.11371181212546279   2.5971118206786158e-15
0.11381660330469251   2.594720654506468e-15
0.11392149105428762   2.5923316898859557e-15
0.11402647546324256   2.589944924790106e-15
0.1141315566206337   2.587560357193814e-15
0.11423673461561988   2.5851779850738337e-15
0.11434200953744168   2.5827978064087858e-15
0.11444738147542209   2.5804198191791522e-15
0.11455285051896628   2.578044021367277e-15
0.11465841675756219   2.575670410957352e-15
0.11476408028077982   2.5732989859354356e-15
0.11486984117827188   2.5709297442894353e-15
0.11497569953977356   2.5685626840091153e-15
0.11508165545510311   2.566197803086082e-15
0.1151877090141612   2.5638350995137986e-15
0.11529386030693142   2.5614745712875754e-15
0.11540010942348025   2.559116216404567e-15
0.11550645645395748   2.5567600328637676e-15
0.11561290148859557   2.5544060186660204e-15
0.11571944461771025   2.5520541718140083e-15
0.11582608593170073   2.5497044903122477e-15
0.11593282552104923   2.547356972167097e-15
0.11603966347632147   2.5450116153867493e-15
0.11614659988816647   2.542668417981235e-15
0.1162536348473172   2.540327377962408e-15
0.11636076844458984   2.5379884933439592e-15
0.11646800077088441   2.5356517621414073e-15
0.11657533191718458   2.5333171823721004e-15
0.11668276197455822   2.530984752055203e-15
0.11679029103415674   2.5286544692117143e-15
0.1168979191872157   2.52632633186445e-15
0.11700564652505463   2.524000338038049e-15
0.11711347313907752   2.5216764857589625e-15
0.1172213991207723   2.5193547730554655e-15
0.11732942456171129   2.517035197957647e-15
0.11743754955355107   2.5147177584974105e-15
0.11754577418803308   2.5124024527084655e-15
0.11765409855698293   2.5100892786263374e-15
0.11776252275231097   2.5077782342883613e-15
0.11787104686601213   2.505469317733678e-15
0.11797967099016647   2.5031625270032284e-15
0.11808839521693856   2.500857860139765e-15
0.11819721963857802   2.4985553151878374e-15
0.11830614434741936   2.4962548901938004e-15
0.11841516943588254   2.4939565832057992e-15
0.11852429499647235   2.4916603922737838e-15
0.11863352112177891   2.4893663154494956e-15
0.11874284790447757   2.4870743507864754e-15
0.11885227543732946   2.4847844963400456e-15
0.11896180381318078   2.4824967501673286e-15
0.11907143312496349   2.4802111103272313e-15
0.11918116346569499   2.4779275748804525e-15
0.11929099492847883   2.475646141889466e-15
0.11940092760650395   2.473366809418541e-15
0.11951096159304532   2.4710895755337225e-15
0.11962109698146374   2.4688144383028403e-15
0.11973133386520639   2.4665413957954966e-15
0.11984167233780622   2.4642704460830773e-15
0.1199521124928825   2.462001587238741e-15
0.12006265442414064   2.4597348173374234e-15
0.12017329822537279   2.4574701344558257e-15
0.12028404399045713   2.4552075366724277e-15
0.12039489181335852   2.4529470220674738e-15
0.12050584178812827   2.450688588722979e-15
0.12061689400890474   2.448432234722719e-15
0.12072804856991264   2.4461779581522395e-15
0.1208393055654637   2.443925757098846e-15
0.12095066508995636   2.4416756296516065e-15
0.1210621272378765   2.4394275739013447e-15
0.12117369210379667   2.4371815879406467e-15
0.12128535978237667   2.4349376698638518e-15
0.12139713036836346   2.4326958177670584e-15
0.12150900395659164   2.4304560297481096e-15
0.12162098064198289   2.4282183039066054e-15
0.12173306051954641   2.425982638343896e-15
0.1218452436843789   2.4237490311630805e-15
0.12195753023166506   2.421517480468997e-15
0.12206992025667687   2.419287984368237e-15
0.12218241385477434   2.4170605409691316e-15
0.12229501112140513   2.4148351483817565e-15
0.1224077121521053   2.4126118047179196e-15
0.12252051704249856   2.410390508091176e-15
0.12263342588829686   2.408171256616813e-15
0.12274643878530023   2.4059540484118586e-15
0.12285955582939735   2.4037388815950642e-15
0.12297277711656493   2.401525754286923e-15
0.1230861027428682   2.3993146646096534e-15
0.12319953280446085   2.3971056106872075e-15
0.12331306739758549   2.3948985906452565e-15
0.12342670661857309   2.392693602611205e-15
0.12354045056384354   2.3904906447141785e-15
0.1236542993299054   2.3882897150850294e-15
0.12376825301335659   2.3860908118563202e-15
0.12388231171088365   2.383893933162344e-15
0.12399647551926236   2.381699077139106e-15
0.12411074453535756   2.379506241924332e-15
0.12422511885612372   2.377315425657455e-15
0.12433959857860429   2.3751266264796268e-15
0.12445418379993214   2.3729398425337115e-15
0.12456887461733006   2.370755071964278e-15
0.12468367112811002   2.368572312917606e-15
0.12479857342967382   2.3663915635416844e-15
0.12491358161951287   2.364212821986206e-15
0.12502869579520884   2.362036086402562e-15
0.1251439160544329   2.3598613549438522e-15
0.1252592424949464   2.3576886257648745e-15
0.12537467521460063   2.3555178970221282e-15
0.12549021431133744   2.3533491668738034e-15
0.12560585988318856   2.3511824334797913e-15
0.12572161202827617   2.349017695001676e-15
0.12583747084481278   2.3468549496027377e-15
0.1259534364311018   2.3446941954479368e-15
0.12606950888553675   2.3425354307039365e-15
0.1261856883066021   2.340378653539079e-15
0.12630197479287283   2.3382238621234006e-15
0.12641836844301524   2.3360710546286117e-15
0.12653486935578606   2.3339202292281144e-15
0.12665147763003326   2.3317713840969915e-15
0.12676819336469572   2.3296245174120063e-15
0.1268850166588039   2.327479627351595e-15
0.12700194761147915   2.3253367120958767e-15
0.12711898632193427   2.3231957698266454e-15
0.12723613288947336   2.3210567987273702e-15
0.12735338741349242   2.3189197969831863e-15
0.1274707499934787   2.316784762780906e-15
0.12758822072901121   2.3146516943090106e-15
0.12770579971976065   2.312520589757648e-15
0.1278234870654899   2.3103914473186296e-15
0.1279412828660534   2.3082642651854377e-15
0.12805918722139784   2.3061390415532117e-15
0.1281772002315617   2.30401577461876e-15
0.12829532199667623   2.301894462580542e-15
0.1284135526169644   2.2997751036386826e-15
0.12853189219274186   2.2976576959949606e-15
0.12865034082441637   2.2955422378528163e-15
0.12876889861248875   2.2934287274173346e-15
0.12888756565755197   2.2913171628952584e-15
0.12900634206029193   2.2892075424949817e-15
0.12912522792148706   2.2870998644265506e-15
0.12924422334200916   2.284994126901651e-15
0.12936332842282255   2.2828903281336216e-15
0.1294825432649847   2.280788466337447e-15
0.12960186796964612   2.2786885397297542e-15
0.12972130263805093   2.2765905465288066e-15
0.12984084737153612   2.274494484954515e-15
0.12996050227153225   2.2724003532284262e-15
0.13008026743956316   2.270308149573727e-15
0.1302001429772467   2.2682178722152346e-15
0.13032012898629394   2.2661295193794048e-15
0.13044022556850982   2.2640430892943275e-15
0.130560432825793   2.2619585801897223e-15
0.13068075086013636   2.2598759902969346e-15
0.13080117977362646   2.2577953178489445e-15
0.13092171966844401   2.255716561080356e-15
0.1310423706468638   2.253639718227402e-15
0.13116313281125525   2.2515647875279318e-15
0.13128400626408168   2.2494917672214235e-15
0.13140499110790102   2.247420655548976e-15
0.1315260874453656   2.245351450753304e-15
0.13164729537922268   2.2432841510787405e-15
0.13176861501231385   2.241218754771239e-15
0.13189004644757557   2.239155260078365e-15
0.1320115897880391   2.2370936652492997e-15
0.13213324513683097   2.2350339685348297e-15
0.1322550125971724   2.23297616818736e-15
0.1323768922723798   2.230920262460901e-15
0.13249888426586479   2.228866249611074e-15
0.13262098868113453   2.226814127895098e-15
0.13274320562179126   2.224763895571805e-15
0.13286553519153282   2.2227155509016274e-15
0.13298797749415248   2.2206690921466e-15
0.1331105326335395   2.2186245175703535e-15
0.13323320071367856   2.2165818254381234e-15
0.13335598183865016   2.214541014016739e-15
0.13347887611263104   2.212502081574624e-15
0.13360188363989361   2.210465026381801e-15
0.1337250045248065   2.2084298467098796e-15
0.13384823887183442   2.206396540832068e-15
0.1339715867855386   2.2043651070231557e-15
0.13409504837057645   2.2023355435595264e-15
0.13421862373170176   2.2003078487191495e-15
0.13434231297376487   2.198282020781582e-15
0.13446611620171306   2.1962580580279577e-15
0.13459003352058993   2.1942359587410007e-15
0.13471406503553607   2.1922157212050126e-15
0.13483821085178874   2.190197343705879e-15
0.1349624710746827   2.188180824531053e-15
0.13508684580964928   2.1861661619695763e-15
0.13521133516221712   2.184153354312061e-15
0.13533593923801204   2.1821423998506923e-15
0.13546065814275754   2.1801332968792276e-15
0.13558549198227415   2.178126043692998e-15
0.1357104408624801   2.1761206385889004e-15
0.13583550488939103   2.174117079865405e-15
0.13596068416912072   2.1721153658225416e-15
0.13608597880788034   2.17011549476191e-15
0.13621138891197906   2.1681174649866725e-15
0.1363369145878239   2.166121274801557e-15
0.1364625559419203   2.164126922512844e-15
0.13658831308087152   2.1621344064283813e-15
0.13671418611137912   2.1601437248575705e-15
0.13684017514024288   2.1581548761113745e-15
0.13696628027436147   2.1561678585023023e-15
0.13709250162073155   2.154182670344425e-15
0.13721883928644862   2.1521993099533636e-15
0.13734529337870668   2.15021777564629e-15
0.13747186400479897   2.1482380657419212e-15
0.13759855127211712   2.1462601785605287e-15
0.13772535528815197   2.144284112423927e-15
0.13785227616049317   2.142309865655478e-15
0.13797931399683   2.140337436580083e-15
0.13810646890495057   2.138366823524188e-15
0.1382337409927424   2.136398024815782e-15
0.1383611303681924   2.134431038784393e-15
0.1384886371393873   2.1324658637610802e-15
0.1386162614145131   2.130502498078448e-15
0.13874400330185563   2.1285409400706317e-15
0.13887186290980028   2.126581188073305e-15
0.13899984034683285   2.1246232404236653e-15
0.13912793572153864   2.1226670954604474e-15
0.13925614914260323   2.120712751523914e-15
0.1393844807188121   2.118760206955859e-15
0.13951293055905148   2.1168094600995955e-15
0.13964149877230753   2.114860509299968e-15
0.13977018546766692   2.112913352903345e-15
0.1398989907543168   2.110967989257617e-15
0.1400279147415453   2.1090244167121643e-15
0.14015695753874088   2.1070826336178532e-15
0.1402861192553929   2.105142638327224e-15
0.14041540000109146   2.103204429194245e-15
0.1405447998855282   2.1012680045741507e-15
0.14067431901849534   2.0993333628237212e-15
0.14080395750988636   2.0974005023019253e-15
0.140933715469696   2.0954694213687816e-15
0.1410635930080207   2.093540118385136e-15
0.14119359023505795   2.0916125917140003e-15
0.141323707261107   2.089686839720629e-15
0.14145394419656845   2.0877628607710726e-15
0.14158430115194526   2.08584065323155e-15
0.14171477823784165   2.0839202154717267e-15
0.14184537556496396   2.0820015458628908e-15
0.14197609324412047   2.0800846427771056e-15
0.14210693138622188   2.0781695045856974e-15
0.14223789010228075   2.0762561296654558e-15
0.1423689695034121   2.0743445163934306e-15
0.14250016970083315   2.0724346631476674e-15
0.1426314908058641   2.070526568304336e-15
0.14276293292992723   2.0686202302478447e-15
0.14289449618454758   2.0667156473607165e-15
0.14302618068135337   2.064812818026162e-15
0.14315798653207526   2.062911740627266e-15
0.14328991384854697   2.061012413554234e-15
0.14342196274270522   2.059114835195539e-15
0.14355413332659026   2.057219003939232e-15
0.1436864257123452   2.0553249181759165e-15
0.1438188400122166   2.0534325763012504e-15
0.14395137633855432   2.051541976709635e-15
0.1440840348038122   2.049653117793616e-15
0.14421681552054733   2.0477659979519527e-15
0.14434971860142057   2.045880615585401e-15
0.14448274415919654   2.0439969690942656e-15
0.14461589230674415   2.0421150568752196e-15
0.14474916315703595   2.040234877335856e-15
0.14488255682314874   2.0383564288816533e-15
0.14501607341826328   2.036479709918024e-15
0.14514971305566524   2.0346047188477246e-15
0.14528347584874407   2.0327314540855516e-15
0.145417361910994   2.0308599140420894e-15
0.14555137135601365   2.02899009712669e-15
0.14568550429750676   2.0271220017512224e-15
0.14581976084928142   2.0252556263349997e-15
0.14595414112525076   2.023390969294453e-15
0.14608864523943269   2.021528029042464e-15
0.14622327330595072   2.0196668040007954e-15
0.14635802543903303   2.0178072925928415e-15
0.14649290175301322   2.0159494932408564e-15
0.14662790236233011   2.014093404360811e-15
0.14676302738152844   2.0122390243851743e-15
0.14689827692525803   2.0103863517409854e-15
0.14703365110827454   2.0085353848541342e-15
0.14716915004543923   2.0066861221497436e-15
0.14730477385171964   2.0048385620653167e-15
0.14744052264218882   2.0029927030332492e-15
0.147576396532026   2.0011485434821887e-15
0.14771239563651642   1.9993060818485706e-15
0.14784852007105204   1.997465316573156e-15
0.14798476995113063   1.995626246094107e-15
0.14812114539235663   1.9937888688422817e-15
0.14825764651044082   1.991953183266364e-15
0.1483942734212011   1.9901191878099208e-15
0.14853102624056155   1.988286880914522e-15
0.14866790508455338   1.9864562610198877e-15
0.14880491006931448   1.984627326580749e-15
0.14894204131109023   1.9828000760452973e-15
0.14907929892623273   1.9809745078569e-15
0.14921668303120136   1.9791506204683015e-15
0.1493541937425628   1.9773284123365642e-15
0.14949183117699152   1.9755078819155894e-15
0.14962959545126905   1.9736890276500576e-15
0.14976748668228473   1.9718718480067073e-15
0.14990550498703548   1.970056341444383e-15
0.15004365048262644   1.9682425064189215e-15
0.15018192328627025   1.9664303413869652e-15
0.15032032351528773   1.9646198448190708e-15
0.15045885128710762   1.962811015179082e-15
0.1505975067192674   1.961003850923584e-15
0.1507362899294123   1.9591983505242658e-15
0.15087520103529625   1.9573945124528687e-15
0.1510142401547815   1.955592335177572e-15
0.15115340740583927   1.953791817159093e-15
0.15129270290654917   1.951992956881247e-15
0.15143212677509976   1.9501957528177465e-15
0.1515716791297883   1.9484002034368893e-15
0.15171136008902159   1.946606307215564e-15
0.15185116977131505   1.9448140626381688e-15
0.15199110829529347   1.9430234681840303e-15
0.15213117577969082   1.9412345223210143e-15
0.15227137234335097   1.939447223543248e-15
0.1524116981052268   1.937661570335132e-15
0.15255215318438103   1.9358775611762932e-15
0.15269273769998587   1.9340951945493842e-15
0.15283345177132387   1.932314468951081e-15
0.15297429551778705   1.9305353828704874e-15
0.1531152690588774   1.9287579347861033e-15
0.15325637251420754   1.9269821231991383e-15
0.1533976060034999   1.9252079466055417e-15
0.15353896964658725   1.923435403495806e-15
0.15368046356341283   1.921664492359196e-15
0.15382208787403073   1.919895211704098e-15
0.15396384269860527   1.918127560029327e-15
0.15410572815741164   1.916361535823477e-15
0.15424774437083574   1.914597137595769e-15
0.1543898914593749   1.9128343638531244e-15
0.15453216954363694   1.9110732130962573e-15
0.15467457874434107   1.9093136838221076e-15
0.15481711918231755   1.90755577455017e-15
0.15495979097850845   1.9057994837889013e-15
0.15510259425396689   1.9040448100363574e-15
0.15524552912985762   1.9022917518109182e-15
0.15538859572745692   1.900540307629783e-15
0.15553179416815335   1.898790476003146e-15
0.1556751245734468   1.8970422554369435e-15
0.15581858706494933   1.8952956444609992e-15
0.15596218176438487   1.8935506415933638e-15
0.15610590879359004   1.8918072453408277e-15
0.15624976827451326   1.8900654542322904e-15
0.15639376032921548   1.8883252667943964e-15
0.15653788507986996   1.886586681545937e-15
0.15668214264876304   1.884849697003272e-15
0.15682653315829329   1.8831143117058355e-15
0.15697105673097222   1.8813805241811996e-15
0.15711571348942407   1.8796483329439354e-15
0.1572605035563866   1.8779177365351012e-15
0.15740542705471017   1.8761887334899274e-15
0.1575504841073585   1.874461322334914e-15
0.1576956748374085   1.872735501598741e-15
0.157840999368051   1.871011269829255e-15
0.1579864578225898   1.8692886255634935e-15
0.15813205032444252   1.867567567322933e-15
0.15827777699714046   1.8658480936624888e-15
0.15842363796432907   1.8641302031249665e-15
0.15856963334976737   1.862413894243564e-15
0.15871576327732856   1.8606991655611556e-15
0.15886202787099987   1.85898601563296e-15
0.1590084272548832   1.8572744430042816e-15
0.15915496155319445   1.855564446205486e-15
0.159301630890264   1.8538560238042486e-15
0.15944843539053677   1.852149174351019e-15
0.1595953751785728   1.850443896384358e-15
0.15974245037904644   1.8487401884634687e-15
0.15988966111674707   1.847038049149954e-15
0.16003700751657896   1.8453374769945664e-15
0.16018448970356192   1.8436384705444536e-15
0.1603321078028305   1.841941028373061e-15
0.16047986193963476   1.8402451490401546e-15
0.16062775223934   1.838550831088936e-15
0.1607757788274275   1.8368580730969054e-15
0.16092394182949377   1.835166873630626e-15
0.16107224137125115   1.8334772312447366e-15
0.1612206775785277   1.83178914450508e-15
0.16136925057726798   1.8301026119903412e-15
0.161517960493532   1.82841763226696e-15
0.1616668074534962   1.826734203889047e-15
0.16181579158345313   1.825052325447092e-15
0.1619649130098122   1.823371995514063e-15
0.16211417185909877   1.8216932126476125e-15
0.16226356825795504   1.8200159754348744e-15
0.16241310233313971   1.8183402824578766e-15
0.16256277421152882   1.8166661322854246e-15
0.1627125840201148   1.81499352349344e-15
0.1628625318860073   1.8133224546757967e-15
0.16301261793643296   1.8116529244127534e-15
0.16316284229873612   1.8099849312690916e-15
0.16331320510037797   1.808318473850135e-15
0.1634637064689374   1.806653550741938e-15
0.16361434653211063   1.8049901605145662e-15
0.1637651254177121   1.803328301768495e-15
0.1639160432536735   1.8016679730991757e-15
0.16406710016804463   1.800009173087437e-15
0.16421829628899312   1.798351900323224e-15
0.16436963174480515   1.7966961534134383e-15
0.1645211066638847   1.795041930949954e-15
0.16467272117475404   1.793389231512281e-15
0.16482447540605438   1.7917380537183647e-15
0.164976369486545   1.790088396167225e-15
0.16512840354510402   1.7884402574390572e-15
0.1652805777107281   1.7867936361518925e-15
0.16543289211253331   1.7851485309123185e-15
0.16558534687975424   1.783504940310788e-15
0.16573794214174467   1.781862862955705e-15
0.1658906780279775   1.780222297464607e-15
0.16604355466804535   1.7785832424385335e-15
0.1661965721916599   1.7769456964762556e-15
0.1663497307286524   1.7753096582058985e-15
0.16650303040897363   1.773675126238839e-15
0.16665647136269468   1.7720420991643463e-15
0.1668100537200059   1.7704105756212272e-15
0.1669637776112179   1.7687805542251751e-15
0.16711764316676112   1.767152033573897e-15
0.1672716505171867   1.7655250122989849e-15
0.16742579979316569   1.763899489025893e-15
0.16758009112548963   1.7622754623621489e-15
0.1677345246450704   1.7606529309307989e-15
0.16788910048294114   1.7590318933674588e-15
0.16804381877025518   1.7574123482893917e-15
0.16819867963828683   1.7557942943112381e-15
0.16835368321843125   1.7541777300786992e-15
0.16850882964220526   1.7525626542186849e-15
0.16866411904124626   1.7509490653379073e-15
0.1688195515473132   1.7493369620917174e-15
0.16897512729228628   1.7477263431122895e-15
0.1691308464081677   1.7461172070104303e-15
0.16928670902708085   1.7445095524391746e-15
0.16944271528127097   1.7429033780387758e-15
0.1695988653031051   1.7412986824296099e-15
0.16975515922507275   1.7396954642572258e-15
0.16991159717978496   1.7380937221710966e-15
0.17006817929997517   1.7364934548004629e-15
0.17022490571849896   1.734894660784076e-15
0.17038177656833495   1.7332973387806128e-15
0.17053879198258365   1.7317014874279672e-15
0.1706959520944685   1.730107105358137e-15
0.1708532570373355   1.7285141912391468e-15
0.1710107069446541   1.7269227437175681e-15
0.17116830195001612   1.725332761419245e-15
0.1713260421871368   1.7237442430208804e-15
0.17148392778985433   1.7221571871746596e-15
0.1716419588921308   1.7205715925088893e-15
0.17180013562805127   1.718987457700531e-15
0.17195845813182445   1.7174047814083342e-15
0.17211692653778263   1.7158235622685586e-15
0.17227554098038242   1.7142437989530608e-15
0.17243430159420373   1.7126654901288824e-15
0.17259320851395074   1.7110886344402683e-15
0.1727522618744516   1.7095132305542153e-15
0.17291146181065922   1.7079392771457443e-15
0.17307080845765033   1.7063667728663615e-15
0.1732303019506263   1.704795716378586e-15
0.17338994242491299   1.7032261063657383e-15
0.17354973001596144   1.7016579414871248e-15
0.17370966485934697   1.7000912204013929e-15
0.1738697470907701   1.6985259417989724e-15
0.17402997684605614   1.6969621043462146e-15
0.17419035426115614   1.6953997066976683e-15
0.17435087947214592   1.6938387475518362e-15
0.17451155261522686   1.6922792255821509e-15
0.17467237382672562   1.6907211394399874e-15
0.17483334324309516   1.6891644878309234e-15
0.17499446100091354   1.6876092694341834e-15
0.17515572723688488   1.6860554829012062e-15
0.17531714208783916   1.6845031269416414e-15
0.17547870569073296   1.6829522002393854e-15
0.17564041818264847   1.6814027014524436e-15
0.17580227970079448   1.6798546292882532e-15
0.175964290382506   1.6783079824372755e-15
0.17612645036524516   1.6767627595632623e-15
0.17628875978660022   1.6752189593723486e-15
0.17645121878428624   1.673676580561432e-15
0.1766138274961457   1.6721356217998552e-15
0.17677658606014762   1.670596081792742e-15
0.1769394946143883   1.6690579592432654e-15
0.17710255329709115   1.6675212528268319e-15
0.1772657622466075   1.6659859612476131e-15
0.17742912160141563   1.664452083214494e-15
0.17759263150012158   1.662919617410377e-15
0.17775629208145902   1.6613885625386944e-15
0.17792010348428997   1.6598589173123648e-15
0.1780840658476038   1.658330680414059e-15
0.17824817931051834   1.6568038505480918e-15
0.1784124440122792   1.6552784264375105e-15
0.1785768600922611   1.6537544067751194e-15
0.17874142768996643   1.652231790266046e-15
0.1789061469450265   1.65071057563311e-15
0.17907101799720102   1.64919076157222e-15
0.17923604098637902   1.6476723467895613e-15
0.179401216052578   1.6461553300145018e-15
0.1795665433359446   1.6446397099446096e-15
0.17973202297675445   1.6431254852865328e-15
0.17989765511541297   1.6416126547781971e-15
0.1800634398924545   1.6401012171254403e-15
0.18022937744854298   1.638591171039377e-15
0.1803954679244718   1.6370825152558382e-15
0.1805617114611648   1.6355752484819519e-15
0.18072810819967491   1.6340693694299656e-15
0.1808946582811854   1.6325648768439053e-15
0.18106136184700938   1.6310617694345441e-15
0.1812282190385908   1.6295600459174383e-15
0.18139522999750332   1.6280597050402484e-15
0.18156239486545137   1.6265607455183796e-15
0.18172971378426966   1.6250631660721419e-15
0.18189718689592427   1.623566965450364e-15
0.18206481434251146   1.6220721423702148e-15
0.18223259626625865   1.6205786955555644e-15
0.18240053280952423   1.6190866237604542e-15
0.1825686241147982   1.6175959257048064e-15
0.18273687032470146   1.6161066001174832e-15
0.18290527158198638   1.6146186457552776e-15
0.18307382802953678   1.6131320613405812e-15
0.18324253981036873   1.6116468456077978e-15
0.18341140706762948   1.6101629973161794e-15
0.18358042994459844   1.6086805151902946e-15
0.18374960858468684   1.6071993979706467e-15
0.18391894313143864   1.6057196444186531e-15
0.18408843372852948   1.604241253260773e-15
0.1842580805197677   1.60276422324415e-15
0.18442788364909382   1.6012885531320883e-15
0.18459784326058173   1.599814241652646e-15
0.18476795949843747   1.5983412875601538e-15
0.1849382325070001   1.5968696896195098e-15
0.18510866243074156   1.5953994465578935e-15
0.18527924941426752   1.5939305571383118e-15
0.18544999360231632   1.5924630201282241e-15
0.18562089513975985   1.5909968342604894e-15
0.18579195417160335   1.589531998303995e-15
0.18596317084298622   1.5880685110249625e-15
0.18613454529918108   1.5866063711518531e-15
0.18630607768559465   1.5851455774657579e-15
0.18647776814776734   1.5836861287354e-15
0.18664961683137438   1.5822280236894165e-15
0.1868216238822246   1.5807712611188205e-15
0.18699378944626144   1.5793158397925045e-15
0.18716611366956257   1.5778617584423102e-15
0.18733859669834096   1.5764090158665453e-15
0.18751123867894365   1.5749576108315956e-15
0.18768403975785278   1.5735075420759615e-15
0.1878570000816853   1.5720588084015994e-15
0.1880301197971938   1.5706114085726888e-15
0.1882033990512656   1.5691653413363993e-15
0.18837683799092356   1.567720605497173e-15
0.18855043676332578   1.5662771998181608e-15
0.18872419551576664   1.5648351230587712e-15
0.18889811439567558   1.5633943740224055e-15
0.18907219355061802   1.5619549514708806e-15
0.18924643312829584   1.5605168541764197e-15
0.1894208332765465   1.5590800809410812e-15
0.18959539414334392   1.5576446305269372e-15
0.18977011587679815   1.5562105017192736e-15
0.18994499862515632   1.554777693316937e-15
0.19012004253680165   1.5533462040758216e-15
0.1902952477602542   1.5519160327967654e-15
0.19047061444417077   1.5504871782793334e-15
0.19064614273734573   1.5490596392824393e-15
0.19082183278870998   1.5476334146178415e-15
0.19099768474733186   1.5462085030812112e-15
0.1911736987624169   1.5447849034226731e-15
0.1913498749833087   1.543362614474708e-15
0.1915262135594879   1.5419416350254422e-15
0.1917027146405731   1.5405219638425392e-15
0.1918793783763206   1.5391035997537995e-15
0.19205620491662528   1.537686541543709e-15
0.19223319441151956   1.536270787996111e-15
0.19241034701117432   1.5348563379357016e-15
0.19258766286589865   1.5334431901435862e-15
0.19276514212614074   1.5320313434203353e-15
0.19294278494248682   1.530620796587252e-15
0.1931205914656621   1.5292115484194308e-15
0.19329856184653052   1.5278035977359546e-15
0.1934766962360956   1.526396943355551e-15
0.1936549947854994   1.5249915840517078e-15
0.19383345764602358   1.523587518660088e-15
0.19401208496908892   1.5221847459917801e-15
0.19419087690625633   1.5207832648237358e-15
0.19436983360922583   1.5193830740022703e-15
0.19454895522983745   1.5179841723280383e-15
0.1947282419200709   1.5165865585953407e-15
0.1949076938320466   1.5151902316484655e-15
0.1950873111180245   1.5137951902825317e-15
0.19526709393040514   1.5124014333127518e-15
0.19544704242172922   1.511008959577867e-15
0.19562715674467868   1.5096177678671549e-15
0.19580743705207554   1.5082278570173181e-15
0.19598788349688287   1.5068392258612448e-15
0.19616849623220445   1.505451873185297e-15
0.1963492754112858   1.5040657978452475e-15
0.19653022118751304   1.5026809986606818e-15
0.1967113337144139   1.5012974744290554e-15
0.1968926131456573   1.4999152240110207e-15
0.19707405963505448   1.498534246216866e-15
0.19725567333655772   1.4971545398672772e-15
0.19743745440426144   1.4957761038161471e-15
0.19761940299240183   1.494398936866728e-15
0.19780151925535785   1.4930230378634968e-15
0.19798380334765014   1.4916484056532924e-15
0.19816625542394187   1.490275039032033e-15
0.19834887563903858   1.4889029368685556e-15
0.19853166414788911   1.4875320979951695e-15
0.19871462110558444   1.4861625212216937e-15
0.19889774666735868   1.4847942054203546e-15
0.1990810409885888   1.4834271494103348e-15
0.19926450422479558   1.4820613520265458e-15
0.1994481365316425   1.4806968121352017e-15
0.1996319380649367   1.4793335285512716e-15
0.19981590898062868   1.4779715001346141e-15
0.2000000494348133   1.476610725740293e-15
0.20018435958372863   1.475251204168879e-15
0.20036883958375695   1.4738929343117574e-15
0.20055348959142444   1.4725359150034742e-15
0.20073830976340212   1.4711801450737687e-15
0.2009233002565048   1.4698256234042108e-15
0.201108461227692   1.468472348821262e-15
0.20129379283406768   1.4671203201838334e-15
0.2014792952328812   1.4657695363619358e-15
0.2016649685815262   1.4644199961726645e-15
0.2018508130375416   1.4630716985031865e-15
0.2020368287586113   1.4617246422052484e-15
0.20222301590256508   1.4603788261088088e-15
0.20240937462737757   1.4590342491080028e-15
0.20259590509116904   1.4576909100389217e-15
0.20278260745220603   1.4563488077630663e-15
0.2029694818689003   1.4550079411635224e-15
0.20315652849980984   1.4536683090650475e-15
0.20334374750363857   1.4523299103612662e-15
0.20353113903923722   1.4509927439170248e-15
0.20371870326560237   1.4496568085701253e-15
0.20390644034187724   1.448322103221633e-15
0.20409435042735158   1.4469886267165555e-15
0.20428243368146248   1.4456563779236808e-15
0.20447069026379344   1.4443253557349945e-15
0.20465912033407513   1.4429955589803515e-15
0.20484772405218524   1.441666986564786e-15
0.20503650157814945   1.4403396373605508e-15
0.2052254530721403   1.4390135102160304e-15
0.20541457869447807   1.437688604039485e-15
0.20560387860563062   1.4363649176821437e-15
0.20579335296621434   1.4350424500252886e-15
0.20598300193699298   1.4337211999671105e-15
0.20617282567887865   1.4324011663425655e-15
0.20636282435293155   1.4310823480713536e-15
0.20655299812036093   1.4297647440263144e-15
0.20674334714252396   1.428448353069647e-15
0.20693387158092671   1.427133174116826e-15
0.20712457159722394   1.425819206022646e-15
0.20731544735321997   1.424506447686016e-15
0.20750649901086757   1.423194898007028e-15
0.207697726732269   1.4218845558278307e-15
0.20788913067967568   1.4205754200833597e-15
0.20808071101548925   1.4192674896439405e-15
0.20827246790226028   1.4179607633927834e-15
0.20846440150268944   1.4166552402471587e-15
0.20865651197962704   1.4153509190628078e-15
0.20884879949607416   1.4140477987613227e-15
0.2090412642151814   1.412745878235004e-15
0.20923390630025004   1.4114451563516124e-15
0.2094267259147315   1.410145632045521e-15
0.20961972322222855   1.4088473041841373e-15
0.20981289838649406   1.4075501716775233e-15
0.21000625157143205   1.406254233441899e-15
0.2101997829410973   1.4049594883324979e-15
0.2103934926596965   1.403665935297566e-15
0.210587380891587   1.402373573219336e-15
0.21078144780127778   1.4010824009968642e-15
0.21097569355342927   1.399792417559301e-15
0.21117011831285426   1.3985036217698413e-15
0.21136472224451677   1.3745650960422198e-15
0.21155950551353309   1.3460966870282205e-15
0.2117544682851714   1.3286803822987167e-15
0.21194961072485288   1.3149647746502878e-15
0.21214493299815051   1.3033071434785608e-15
0.21234043527079005   1.2930095230357067e-15
0.21253611770864975   1.2836975708922523e-15
0.21273198047776137   1.2751427610219343e-15
0.21292802374430914   1.2671933925434516e-15
0.21312424767463048   1.2597426400618575e-15
0.213320652435216   1.2527118980808458e-15
0.21351723819271035   1.2460413216055185e-15
0.21371400511391112   1.2396840920169238e-15
0.21391095336576982   1.2336027579962553e-15
0.21410808311539156   1.2277668009968889e-15
0.21430539453003616   1.2221509589799149e-15
0.21450288777711693   1.2167340380619084e-15
0.21470056302420157   1.2114980489110754e-15
0.2148984204390121   1.2064275657867288e-15
0.21509646018942574   1.2015092414609183e-15
0.21529468244347372   1.196731434377226e-15
0.21549308736934236   1.1920839176556367e-15
0.21569167513537274   1.1875576489560015e-15
0.21589044591006176   1.1831445865618883e-15
0.2160893998620609   1.1788375404621466e-15
0.21628853716017735   1.174630050943117e-15
0.21648785797337355   1.1705162885576771e-15
0.2166873624707684   1.1664909709802811e-15
0.2168870508216359   1.1625492936389178e-15
0.21708692319540612   1.1586868710900924e-15
0.21728697976166592   1.1548996874716678e-15
0.21748722069015775   1.1511840542279909e-15
0.2176876461507807   1.147536573766832e-15
0.21788825631359024   1.1439541083397533e-15
0.21808905134879922   1.1404337528755763e-15
0.21829003142677667   1.1369728115045418e-15
0.21849119671804884   1.1335687770190643e-15
0.2186925473932989   1.130219312773532e-15
0.21889408362336807   1.1269222369414227e-15
0.21909580557925418   1.1236755083829704e-15
0.21929771343211296   1.1204772142891566e-15
0.2194998073532577   1.1173255591448034e-15
0.21970208751416012   1.1142188548041183e-15
0.21990455408644938   1.111155511802014e-15
0.22010720724191293   1.1081340313345e-15
0.2203100471524964   1.1051529982314538e-15
0.22051307399030456   1.1022110745452326e-15
0.2207162879276   1.0993069937072533e-15
0.22091968913680438   1.0964395553995038e-15
0.221123277790498   1.093607620682566e-15
0.22132705406142086   1.0908101077590673e-15
0.2215310181224715   1.0880459880062644e-15
0.22173517014670802   1.0853142823460703e-15
0.22193951030734774   1.0826140580435034e-15
0.2221440387777683   1.0799444255876209e-15
0.22234875573150653   1.0773045360187087e-15
0.22255366134225923   1.074693578335477e-15
0.2227587557838832   1.0721107771514225e-15
0.22296403923039607   1.0695553905996114e-15
0.22316951185597517   1.0670267082406898e-15
0.22337517383495856   1.0645240493310117e-15
0.22358102534184474   1.0620467610340134e-15
0.22378706655129368   1.0595942168697782e-15
0.22399329763812567   1.05716581527517e-15
0.22419971877732234   1.0547609781580733e-15
0.22440633014402625   1.0523791497506504e-15
0.22461313191354215   1.050019795308143e-15
0.22482012426133566   1.0476824000794648e-15
0.22502730736303422   1.0453664682645377e-15
0.22523468139442698   1.043071522008399e-15
0.2254422465314658   1.0407971005897717e-15
0.2256500029502639   1.0385427594703761e-15
0.22585795082709714   1.036308069603595e-15
0.2260660903384035   1.0340926166301238e-15
0.2262744216607843   1.0318960001898768e-15
0.2264829449710029   1.0297178333254206e-15
0.2266916604459858   1.0275577417721341e-15
0.2269005682628223   1.0254153634661444e-15
0.22710966859876558   1.0232903479220513e-15
0.22731896163123153   1.0211823557800185e-15
0.22752844753779972   1.0190910583124884e-15
0.2277381264962131   1.0170161369174239e-15
0.22794799868437923   1.0149572827517621e-15
0.22815806428036883   1.0129141962215292e-15
0.22836832346241695   1.01088658674015e-15
0.22857877640892274   1.0088741722645605e-15
0.22878942329845037   1.0068766789479468e-15
0.2290002643097279   1.0048938408253703e-15
0.22921129962164832   1.0029253994381716e-15
0.22942252941326927   1.0009711037247324e-15
0.2296339538638141   9.990307095362725e-16
0.2298455731526706   9.9710397946342e-16
0.23005738745939208   9.951906825527902e-16
0.23026939696369716   9.932905940579434e-16
0.23048160184547073   9.914034952725722e-16
0.23069400228476278   9.895291732117232e-16
0.2309065984617894   9.876674204868986e-16
0.23111939055693262   9.858180350313579e-16
0.2313323787507413   9.839808199738328e-16
0.23154556322393008   9.821555834338624e-16
0.2317589441573803   9.80342138310712e-16
0.23197252173213975   9.785403022052083e-16
0.23218629612942385   9.76749897137236e-16
0.23240026753061424   9.7497074952723e-16
0.23261443611726   9.732026899486712e-16
0.2328288020710772   9.71445553031788e-16
0.23304336557395017   9.696991773228957e-16
0.2332581268079301   9.679634051314367e-16
0.23347308595523594   9.66238082489075e-16
0.2336882431982553   9.645230589083772e-16
0.23390359871954317   9.628181874031778e-16
0.23411915270182299   9.611233242675493e-16
0.23433490532798631   9.594383290409303e-16
0.23455085678109402   9.577630643959302e-16
0.23476700724437496   9.560973960099317e-16
0.23498335690122701   9.544411925227312e-16
0.23519990593521695   9.52794325370304e-16
0.23541665453008126   9.511566688222842e-16
0.2356336028697252   9.495280997745702e-16
0.23585075113822368   9.4790849775641e-16
0.23606809951982097   9.462977448237943e-16
0.23628564819893186   9.446957254703484e-16
0.23650339736014042   9.431023265938105e-16
0.23672134718820104   9.415174373569681e-16
0.23693949786803808   9.399409492504538e-16
0.23715784958474712   9.383727558715367e-16
0.23737640252359352   9.368127530137782e-16
0.23759515687001367   9.352608385210367e-16
0.2378141128096146   9.33716912239278e-16
0.23803327052817502   9.321808759830177e-16
0.23825263021164425   9.30652633450484e-16
0.23847219204614317   9.291320902245656e-16
0.23869195621796388   9.276191536262347e-16
0.23891192291357094   9.26113732829063e-16
0.23913209231960003   9.246157386709816e-16
0.239352464622859   9.231250836660324e-16
0.23957304001032773   9.216416819444435e-16
0.23979381866915897   9.20165449212204e-16
0.24001480078667736   9.186963027551644e-16
0.24023598655038036   9.172341613074296e-16
0.240457376147938   9.157789451396464e-16
0.24067896976719388   9.143305758864348e-16
0.2409007675961641   9.128889766328103e-16
0.24112276982303826   9.114540717879567e-16
0.24134497663617907   9.100257871075587e-16
0.2415673882241236   9.086040496453038e-16
0.24179000477558196   9.07188787699917e-16
0.24201282647943834   9.057799308460948e-16
0.24223585352475083   9.043774098224992e-16
0.24245908610075242   9.029811565805745e-16
0.2426825243968498   9.015911041579524e-16
0.24290616860262443   9.00207186798844e-16
0.2431300189078322   8.988293398088282e-16
0.24335407550240468   8.974574995701559e-16
0.24357833857644767   8.960916035054244e-16
0.24380280832024245   8.947315900561974e-16
0.2440274849242454   8.933773986973818e-16
0.24425236857908908   8.9202896983528e-16
0.24447745947558114   8.906862448957224e-16
0.24470275780470518   8.8934916617472e-16
0.24492826375762058   8.880176769486597e-16
0.2451539775256637   8.866917213386942e-16
0.24537989930034643   8.853712443787385e-16
0.24560602927335734   8.840561919418543e-16
0.2458323676365615   8.827465107445988e-16
0.2460589145820015   8.814421483382906e-16
0.24628567030189613   8.801430530512875e-16
0.24651263498864165   8.788491740434497e-16
0.24673980883481125   8.775604611878772e-16
0.24696719203315645   8.762768651815647e-16
0.2471947847766056   8.749983373948832e-16
0.24742258725826508   8.737248299814295e-16
0.247650599671419   8.724562957718143e-16
0.2478788222095304   8.711926883054301e-16
0.24810725506623968   8.699339617779762e-16
0.24833589843536616   8.686800710698952e-16
0.24856475251090734   8.67430971738913e-16
0.24879381748704035   8.661866199499262e-16
0.24902309355812052   8.649469725359408e-16
0.24925258091868246   8.637119868950832e-16
0.2494822797634399   8.62481621092986e-16
0.24971219028728667   8.612558337387248e-16
0.2499423126852955   8.60034584055822e-16
0.25017264715271886   8.58817831783471e-16
0.25040319388499   8.576055372880254e-16
0.2506339530777214   8.56397661450344e-16
0.25086492492670615   8.551941657037045e-16
0.2510961096279174   8.539950120045958e-16
0.2513275073775098   8.528001628223361e-16
0.25155911837181794   8.516095811538297e-16
0.25179094280735753   8.504232304662973e-16
0.25202298088082525   8.4924107475911e-16
0.2522552327890998   8.480630784610279e-16
0.2524876987292404   8.468892065357718e-16
0.25272037889848825   8.45719424344723e-16
0.2529532734942661   8.445536977722302e-16
0.2531863827141793   8.433919930913852e-16
0.2534197067560146   8.422342770640821e-16
0.2536532458177412   8.410805168464614e-16
0.2538870000975106   8.399306800471163e-16
0.25412096979365756   8.387847346651049e-16
0.2543551551046989   8.376426491269038e-16
0.25458955622933466   8.365043922791709e-16
0.25482417336644775   8.353699333410273e-16
0.255059006715105   8.342392419225031e-16
0.2552940564745561   8.331122879917943e-16
0.25552932284423446   8.319890419577817e-16
0.2557648060237572   8.308694745473926e-16
0.2560005062129259   8.297535568798415e-16
0.25623642361172577   8.286412603626829e-16
0.2564725584203264   8.275325568615529e-16
0.2567089108390817   8.264274185024309e-16
0.2569454810685309   8.253258178098854e-16
0.2571822693093973   8.242277275781857e-16
0.25741927576258944   8.231331209960002e-16
0.25765650062920076   8.220419715468972e-16
0.25789394411051075   8.209542530375034e-16
0.25813160640798366   8.198699395679609e-16
0.2583694877232696   8.1878900556361895e-16
0.25860758825820435   8.17711425740624e-16
0.25884590821481035   8.166371751162076e-16
0.25908444779529555   8.155662290225081e-16
0.25932320720205443   8.144985630533399e-16
0.2595621866376677   8.134341531105087e-16
0.2598013863049036   8.12372975344826e-16
0.26004080640671656   8.113150062163294e-16
0.260280447146248   8.102602224040552e-16
0.2605203087268266   8.092086009309614e-16
0.26076039135196893   8.081601190255825e-16
0.26100069522537855   8.071147542055899e-16
0.2612412205509469   8.0607248417494e-16
0.26148196753275305   8.050332869932836e-16
0.261722936375065   8.03997140882137e-16
0.2619641272823381   8.029640243685134e-16
0.26220554045921646   8.019339161469998e-16
0.2624471761105324   8.009067952271928e-16
0.26268903444130803   7.998826408082465e-16
0.26293111565675337   7.988614323339931e-16
0.2631734199622679   7.978431494303101e-16
0.2634159475634401   7.968277720016374e-16
0.2636586986660488   7.958152801408262e-16
0.2639016734760615   7.948056541751532e-16
0.264144872199636   7.937988746147305e-16
0.2643882950431196   7.927949222082966e-16
0.2646319422130507   7.917937779033366e-16
0.26487581391615717   7.907954228514934e-16
0.2651199103593576   7.897998384009938e-16
0.2653642317497612   7.888070060983451e-16
0.26560877829466867   7.878169076801014e-16
0.265853550201571   7.86829525074763e-16
0.26609854767815055   7.858448404209363e-16
0.266343770932281   7.848628360223089e-16
0.26658922017202835   7.838834943816153e-16
0.2668348956056494   7.829067981656414e-16
0.26708079744159324   7.819327302346608e-16
0.2673269258885009   7.809612736028225e-16
0.2675732811552062   7.79992411500688e-16
0.26781986345073483   7.790261272920829e-16
0.2680666729843051   7.780624045391229e-16
0.26831370996532883   7.771012269402594e-16
0.2685609746034101   7.761425783870088e-16
0.2688084671083464   7.751864428949274e-16
0.26905618769012823   7.74232804697189e-16
0.26930413655894053   7.732816481353257e-16
0.269552313925161   7.72332957741467e-16
0.26980071999936156   7.713867181562969e-16
0.27004935499230787   7.704429142360641e-16
0.2702982191149607   7.695015309324691e-16
0.2705473125784744   7.685625533835769e-16
0.27079663559419814   7.676259668239373e-16
0.2710461883736756   7.666917566993214e-16
0.27129597112864623   7.65759908540905e-16
0.27154598407104374   7.648304080633592e-16
0.2717962274129976   7.639032410767329e-16
0.27204670136683223   7.629783935645776e-16
0.27229740614506875   7.620558515875354e-16
0.2725483419604232   7.611356014345162e-16
0.27279950902580796   7.602176294632376e-16
0.27305090755433137   7.593019221751835e-16
0.27330253775929897   7.583884661663003e-16
0.273554399854212   7.574772482192098e-16
0.2738064940527687   7.565682551828665e-16
0.2740588205688641   7.556614740906777e-16
0.27431137961659113   7.547568920477193e-16
0.27456417141023903   7.538544963106736e-16
0.27481719616429506   7.529542742169167e-16
0.2750704540934437   7.520562132747832e-16
0.2753239454125681   7.51160301064945e-16
0.2755776703367486   7.502665253065106e-16
0.27583162908126413   7.493748738030911e-16
0.27608582186159164   7.48485334513482e-16
0.27634024889340747   7.475978954720073e-16
0.276594910392586   7.467125448301759e-16
0.27684980657520064   7.458292708327829e-16
0.27710493765752386   7.44948061883594e-16
0.27736030385602817   7.440689064529885e-16
0.2776159053873846   7.431917930975181e-16
0.2778717424684644   7.423167104907237e-16
0.2781278153163382   7.414436474337665e-16
0.27838412414827757   7.405725928078398e-16
0.27864066918175345   7.397035355915482e-16
0.2788974506344375   7.388364648661166e-16
0.27915446872420174   7.379713697910243e-16
0.27941172366911965   7.371082396465528e-16
0.27966921568746506   7.362470637841544e-16
0.27992694499771303   7.353878316773831e-16
0.2801849118185397   7.345284587463858e-16
0.2804431163688238   7.336701936773132e-16
0.28070155886764464   7.328119810463465e-16
0.2809602395342838   7.31955153658578e-16
0.28121915858822466   7.310989143036031e-16
0.2814783162491538   7.302443314527932e-16
0.28173771273695936   7.293904867149334e-16
0.28199734827173223   7.285384149784539e-16
0.2822572230737661   7.276871451908721e-16
0.2825173373635584   7.268376605662939e-16
0.28277769136180886   7.259891294947519e-16
0.28303828528942093   7.251423139983663e-16
0.2832991193675014   7.242965935042438e-16
0.2835601938173616   7.234525122574838e-16
0.283821508860516   7.226096262139032e-16
0.28408306471868344   7.21768310731538e-16
0.2843448616137869   7.209282840852488e-16
0.2846068997679546   7.200897623225497e-16
0.2848691794035187   7.192526078107201e-16
0.2851317007430165   7.184168946691543e-16
0.2853944640091901   7.1758261697857e-16
0.2856574694249877   7.167497223860913e-16
0.28592071721356216   7.159183266030923e-16
0.28618420759827223   7.150882524950382e-16
0.2864479408026822   7.142597315661773e-16
0.2867119170505633   7.134324742889999e-16
0.28697613656589205   7.1260682156508e-16
0.2872405995728514   7.117823780980895e-16
0.28750530629583176   7.109595767825488e-16
0.2877702569594295   7.10137955261532e-16
0.2880354517884482   7.093179520457826e-16
0.28830089100789835   7.084991840147899e-16
0.28856657484299864   7.076819643323255e-16
0.2888325035191745   7.068660403651504e-16
0.2890986772620593   7.060515968469983e-16
0.2893650962974941   7.052385037023057e-16
0.289631760851529   7.044268259195494e-16
0.28989867115042145   7.036165508066545e-16
0.29016582742063785   7.028076237683991e-16
0.2904332298888528   7.020001459874692e-16
0.2907008787819508   7.011939592734789e-16
0.29096877432702456   7.003892709205699e-16
0.29123691675137636   6.995858063736745e-16
0.2915053062825176   6.987838753905423e-16
0.29177394314817023   6.979831296450613e-16
0.29204282757626526   6.971838980693653e-16
0.2923119597949439   6.963859052575168e-16
0.29258134003255754   6.955893591558813e-16
0.29285096851766856   6.94794100287797e-16
0.2931208454790495   6.940002221084839e-16
0.2933909711456836   6.93207678571763e-16
0.29366134574676506   6.924164439197583e-16
0.2939319695117002   6.916265852631655e-16
0.29420284267010577   6.908379921505798e-16
0.2944739654518105   6.900508291031099e-16
0.2947453380868545   6.892648802462934e-16
0.29501696080549084   6.884803804488657e-16
0.29528883383818394   6.876970330295456e-16
0.2955609574156108   6.869151031317394e-16
0.2958333317686608   6.861344042215416e-16
0.29610595712843685   6.853550565632364e-16
0.2963788337262541   6.845769813151795e-16
0.2966519617936412   6.838002129996997e-16
0.2969253415623395   6.8302477764115e-16
0.29719897326430533   6.822505291963096e-16
0.2974728571317075   6.814776281758469e-16
0.29774699339692917   6.807059485264081e-16
0.29802138229256747   6.799356546779506e-16
0.2982960240514346   6.791664903588964e-16
0.2985709189065566   6.78398665739724e-16
0.29884606709117445   6.776320177250133e-16
0.29912146883874363   6.768666741947183e-16
0.299397124382936   6.761026006549654e-16
0.29967303395763745   6.753397493849057e-16
0.2999491977969502   6.745781869293114e-16
0.30022561613519133   6.738178149789889e-16
0.3005022892068953   6.73058779011241e-16
0.3007792172468115   6.723007995177305e-16
0.301056400489906   6.715441511830936e-16
0.3013338391713611   6.707887084489746e-16
0.30161153352657677   6.700344970392581e-16
0.301889483791169   6.692814479756156e-16
0.30216769020097123   6.685296276357641e-16
0.30244615299203387   6.677790721635352e-16
0.3027248724006258   6.67029660985018e-16
0.30300384866323277   6.662815336026183e-16
0.30328308201655874   6.655344569208725e-16
0.30356257269752546   6.647886592071653e-16
0.30384232094327396   6.640440239033494e-16
0.30412232699116293   6.633005966841271e-16
0.30440259107877   6.625583419412572e-16
0.30468311344389154   6.6181725929339685e-16
0.30496389432454396   6.610774052019853e-16
0.305244933958962   6.603385990971282e-16
0.30552623258560047   6.596010303680281e-16
0.30580779044313333   6.588645993522411e-16
0.3060896077704556   6.581293702910004e-16
0.30637168480668153   6.573952505635302e-16
0.306654021791146   6.566622902061332e-16
0.306936618963404   6.559305026909575e-16
0.3072194765632325   6.551997876716945e-16
0.30750259483062836   6.54470271831391e-16
0.3077859740058095   6.53741846870428e-16
0.30806961432921626   6.530146080170994e-16
0.3083535160415097   6.52288428226e-16
0.3086376793835727   6.515634066827667e-16
0.30892210459651026   6.508395337971605e-16
0.30920679192165   6.501167421869399e-16
0.30949174160054144   6.493951179308673e-16
0.3097769538749567   6.486745170950059e-16
0.31006242898689046   6.479550886298064e-16
0.3103481671785615   6.472367438810481e-16
0.3106341686924108   6.465195096396873e-16
0.3109204337711029   6.458033691983341e-16
0.31120696265752595   6.450882800371438e-16
0.3114937555947927   6.443743265792588e-16
0.31178081282623893   6.436614038069106e-16
0.3120681345954252   6.429496222441538e-16
0.312355721146136   6.422388972506203e-16
0.3126435727223816   6.415292667141143e-16
0.312931689568396   6.40820726030718e-16
0.31322007192863877   6.401131989987809e-16
0.3135087200477943   6.394067826449994e-16
0.31379763417077355   6.387014077885581e-16
0.31408681454271214   6.379971263751224e-16
0.31437626140897196   6.37293854906457e-16
0.3146659750151406   6.36591637415796e-16
0.31495595560703304   6.358904930530174e-16
0.3152462034306899   6.351903845834814e-16
0.31553671873237854   6.344913659200074e-16
0.3158275017585933   6.337933029379582e-16
0.31611855275605644   6.330963166204101e-16
0.31640987197171677   6.324003809729426e-16
0.3167014596527508   6.317054530488232e-16
0.31699331604656267   6.310115895537999e-16
0.3172854414007854   6.303186808231672e-16
0.31757783596327926   6.29626842664394e-16
0.31787049998213335   6.289360193415717e-16
0.31816343370566486   6.282462279801684e-16
0.3184566373824211   6.275574785710404e-16
0.3187501112611771   6.268696513901377e-16
0.31904385559093773   6.261828702828836e-16
0.319337870620937   6.254971052715379e-16
0.31963215660063937   6.248123489751612e-16
0.31992671377973847   6.241285816902628e-16
0.32022154240815814   6.234457978602649e-16
0.3205166427360524   6.227640445397813e-16
0.3208120150138067   6.220832075985274e-16
0.3211076594920361   6.214034036924415e-16
0.3214035764215873   6.207246078104751e-16
0.3216997660535375   6.200467602765982e-16
0.3219962286391964   6.193699126373583e-16
0.32229296443010436   6.18693996057097e-16
0.32258997367803377   6.180190865044327e-16
0.3228872566349888   6.173451355058607e-16
0.3231848135532067   6.166721486406826e-16
0.3234826446851564   6.160001511172654e-16
0.3237807502835397   6.153290732080666e-16
0.3240791306012909   6.146589845229292e-16
0.32437778589157845   6.13989833226349e-16
0.3246767164078031   6.133216561893561e-16
0.32497592240359946   6.126544644178957e-16
0.3252754041328355   6.119881423855394e-16
0.32557516184961427   6.113227989825382e-16
0.32587519580827184   6.106584044509688e-16
0.3261755062633791   6.099949455975551e-16
0.3264760934697411   6.093324391014824e-16
0.3267769576823988   6.086708584881009e-16
0.32707809915662717   6.080102259027707e-16
0.3273795181479367   6.073504690742863e-16
0.32768121491207314   6.066916773656314e-16
0.32798318970501883   6.060338555034839e-16
0.328285442782991   6.053768682883297e-16
0.32858797440244336   6.047208290353892e-16
0.3288907848200657   6.040657106406494e-16
0.3291938742927851   6.034115155040335e-16
0.32949724307776485   6.027582624331189e-16
0.32980089143240515   6.021058604868058e-16
0.33010481961434324   6.014543948244526e-16
0.33040902788145476   6.008038392862017e-16
0.3307135164918521   6.001541600073873e-16
0.33101828570388536   5.995053965106263e-16
0.3313233357761438   5.988575121840321e-16
0.331628666967454   5.982105445843213e-16
0.3319342795368813   5.975644785470881e-16
0.3322401737437296   5.969192645872589e-16
0.33254634984754267   5.962749547345397e-16
0.33285280810810236   5.956315169256929e-16
0.33315954878543047   5.949889739452168e-16
0.333466572139788   5.943473261135575e-16
0.3337738784316767   5.937065386421393e-16
0.3340814679218375   5.930666490473921e-16
0.33438934087125194   5.924276264524096e-16
0.3346974975411417   5.917894505506177e-16
0.33500593819297014   5.911521507533649e-16
0.3353146630884407   5.90515728722131e-16
0.3356236724894982   5.898801733723184e-16
0.3359329666583286   5.892454588169564e-16
0.3362425458573605   5.88611621809241e-16
0.33655241034926325   5.879786619522342e-16
0.3368625603969487   5.873465079723109e-16
0.33717299626357045   5.867152323254354e-16
0.3374837182125259   5.860848368147445e-16
0.33779472650745396   5.854552259844966e-16
0.33810602141223695   5.848264881084423e-16
0.33841760319099995   5.84198614320819e-16
0.3387294721081126   5.835715705243567e-16
0.33904162842818697   5.829453804268293e-16
0.3393540724160794   5.823200052748428e-16
0.33966680433689   5.8169546826724325e-16
0.3399798244559642   5.810717720721046e-16
0.34029313303889086   5.804488780593746e-16
0.3406067303515041   5.798268247370014e-16
0.34092061665988244   5.792055899110139e-16
0.3412347922303508   5.785851933184165e-16
0.34154925732947855   5.779656394759923e-16
0.3418640122240809   5.773468826255091e-16
0.34217905718121866   5.767289416437833e-16
0.3424943924681999   5.761118246992359e-16
0.34281001835257774   5.754955250376606e-16
0.3431259351021525   5.748800311071469e-16
0.3434421429849707   5.742653177770894e-16
0.3437586422693271   5.736514209179329e-16
0.34407543322376255   5.730383534288596e-16
0.3443925161170658   5.724260998400307e-16
0.3447098912182729   5.718146361695902e-16
0.34502755879666885   5.712039783293711e-16
0.34534551912178585   5.705940865958326e-16
0.3456637724634048   5.699850090660579e-16
0.3459823190915548   5.693767445753842e-16
0.34630115927651495   5.687692368914424e-16
0.34662029328881233   5.681625232872634e-16
0.3469397213992237   5.675565869114757e-16
0.34725944387877494   5.669514422422197e-16
0.34757946099874276   5.663471013948072e-16
0.3478997730306529   5.657435499991418e-16
0.34822038024628155   5.651407619988468e-16
0.3485412829176551   5.645387541713974e-16
0.34886248131705166   5.639374914633226e-16
0.3491839757169992   5.633370165095518e-16
0.34950576639027714   5.627373320193231e-16
0.349827853609916   5.621384153777501e-16
0.3501502376491989   5.6154021291171835e-16
0.3504729187816598   5.609427096221642e-16
0.3507958972810851   5.60345970304797e-16
0.3511191734215131   5.597501658398662e-16
0.35144274747723575   5.591553974616772e-16
0.35176661972279666   5.585611070002574e-16
0.3520907904329928   5.579674327723993e-16
0.35241525988287414   5.57374272485432e-16
0.35274002834774504   5.567821813721009e-16
0.3530650961031626   5.561909744907162e-16
0.35339046342493813   5.556005501110353e-16
0.35371613058913687   5.55010653103672e-16
0.3540420978720794   5.544214066084928e-16
0.35436836555034   5.538329367760682e-16
0.35469493390074774   5.532454693675577e-16
0.35502180320038795   5.52658902677227e-16
0.3553489737266001   5.520727506587402e-16
0.3556764457569799   5.514871624034642e-16
0.35600421956937806   5.509021707274713e-16
0.3563322954419028   5.503183201067829e-16
0.3566606736529174   5.497352323645282e-16
0.35698935448104213   5.491529055406458e-16
0.35731833820515346   5.485709697591664e-16
0.35764762510438614   5.479899497140671e-16
0.357977215458131   5.474098947725856e-16
0.3583071095460367   5.468302393424963e-16
0.35863730764800916   5.462513094869494e-16
0.3589678100442135   5.456731295560061e-16
0.35929861701507193   5.450956977469083e-16
0.3596297288412653   5.445190121178622e-16
0.35996114580373284   5.439430707630116e-16
0.3602928681836738   5.433675371093219e-16
0.36062489626254535   5.427928427411055e-16
0.36095723032206467   5.422191238681512e-16
0.36128987064420787   5.416458116379502e-16
0.3616228175112122   5.410733260364563e-16
0.36195607120557394   5.405018131073367e-16
0.3622896320100499   5.399307028138213e-16
0.3626235002076572   5.393602728387705e-16
0.362957676081675   5.387905713275727e-16
0.3632921599156422   5.382215963624699e-16
0.36362695199335937   5.37653346222291e-16
0.3639620525988884   5.370858191212415e-16
0.3642974620165541   5.3651867817361e-16
0.36463318053094196   5.359523644308804e-16
0.3649692084269002   5.353869967204922e-16
0.3653055459895393   5.348220019128105e-16
0.36564219350423344   5.342578469210145e-16
0.3659791512566187   5.336946229801815e-16
0.3663164195325948   5.331317558360491e-16
0.36665399861832454   5.325695751588871e-16
0.3669918888002356   5.32008102618167e-16
0.3673300903650184   5.314473362318205e-16
0.367668603599628   5.3088727460773865e-16
0.3680074287912835   5.303279078183471e-16
0.3683465662274699   5.297688739643823e-16
0.3686860161959359   5.292107466825047e-16
0.3690257789846957   5.286534592920251e-16
0.3693658548820287   5.280965206627075e-16
0.36970624417648107   5.275405052961707e-16
0.3700469471568636   5.269852796912002e-16
0.3703879641122538   5.264304214328672e-16
0.37072929533199506   5.258762536164918e-16
0.3710709411056987   5.253227746582644e-16
0.3714129017232416   5.247699829227267e-16
0.3717551774747684   5.24217876939479e-16
0.37209776865069044   5.236663478725653e-16
0.37244067554168814   5.231152330524484e-16
0.3727838984387084   5.225651102571047e-16
0.37312743763296685   5.22015592572534e-16
0.37347129341594687   5.214665168365883e-16
0.3738154660794018   5.209181180071971e-16
0.3741599559153526   5.203705686364997e-16
0.3745047632160897   5.198238884574583e-16
0.3748498882741727   5.192775103390054e-16
0.37519533138243166   5.187315909949321e-16
0.3755410928339656   5.181862228375781e-16
0.37588717292214385   5.176418527362654e-16
0.37623357194060586   5.170981490031279e-16
0.37658029018326267   5.165550233223934e-16
0.37692732794429523   5.160122731972431e-16
0.37727468551815585   5.154704813382045e-16
0.3776223631995677   5.149292964769767e-16
0.377970361283527   5.143885281939807e-16
0.3783186800653004   5.138484177202036e-16
0.3786673198404271   5.13308963725505e-16
0.3790162809047184   5.127701647676321e-16
0.3793655635542592   5.122320192694622e-16
0.37971516808540623   5.116942959517265e-16
0.3800650947947892   5.111571494846577e-16
0.3804153439793124   5.106209565370303e-16
0.38076591593615267   5.100851282616651e-16
0.3811168109627609   5.095498567370506e-16
0.38146802935686186   5.090152308312571e-16
0.3818195714164558   5.084815880474935e-16
0.3821714374398164   5.079484397618623e-16
0.38252362772549275   5.074157164136092e-16
0.3828761425723084   5.068832854939351e-16
0.38322898227936375   5.063517353895827e-16
0.38358214714603345   5.0582095343552625e-16
0.38393563747196857   5.052908074348025e-16
0.3842894535570958   5.047609913427123e-16
0.3846435957016196   5.042317411383947e-16
0.3849980642060197   5.037031232770105e-16
0.3853528593710531   5.031751365064372e-16
0.3857079814977539   5.02647779317419e-16
0.38606343088743444   5.021210504319002e-16
0.38641920784168377   5.015949486496558e-16
0.38677531266236914   5.010694725377431e-16
0.38713174565163566   5.005444834842965e-16
0.38748850711190796   5.0001988355498245e-16
0.3878455973458884   4.994959058772482e-16
0.38820301665655854   4.989725492934642e-16
0.3885607653471787   4.984498124666381e-16
0.38891884372129   4.979276939149352e-16
0.389277252082712   4.974061926046202e-16
0.3896359907355447   4.968853072043107e-16
0.38999505998416795   4.963650364084235e-16
0.39035446013324315   4.958450133115458e-16
0.3907141914877115   4.953258183808914e-16
0.3910742543527955   4.948073079808033e-16
0.3914346490339985   4.942891132272393e-16
0.39179537583710655   4.937715274277112e-16
0.3921564350681865   4.932545492145007e-16
0.3925178270335874   4.927381590564681e-16
0.39287955203994035   4.922220224030265e-16
0.3932416103941603   4.917067370706657e-16
0.3936040024034437   4.911920715266109e-16
0.39396672837527047   4.906777439891671e-16
0.39432978861740364   4.901640172286877e-16
0.394693183437891   4.896508900824436e-16
0.39505691314506297   4.891383613501691e-16
0.39542097804753457   4.886264298044174e-16
0.3957853784542048   4.881148050647438e-16
0.3961501146742585   4.876038475267797e-16
0.3965151870171643   4.870936858708472e-16
0.39688059579267637   4.865837628822337e-16
0.3972463413108339   4.860744318258967e-16
0.39761242388196316   4.855656914437649e-16
0.39797884381667503   4.850575404594239e-16
0.39834560142586706   4.845499779194578e-16
0.39871269702072304   4.840427890539547e-16
0.3990801309127145   4.835360315756997e-16
0.39944790341359904   4.830298595045708e-16
0.39981601483542184   4.82524271562448e-16
0.4001844654905153   4.820192668248776e-16
0.4005532556915007   4.815148441808088e-16
0.40092238575128647   4.810110023985524e-16
0.40129185598306955   4.805074497615824e-16
0.40166166670033526   4.800043989288473e-16
0.402031818216859   4.795019261576363e-16
0.40240231084670414   4.790000302988781e-16
0.4027731449042237   4.784987102730191e-16
0.40314432070406025   4.779979649911023e-16
0.40351583856114737   4.7749777769587e-16
0.4038876987907077   4.769978113521919e-16
0.4042599017082547   4.764984169904759e-16
0.40463244762959233   4.759995934794327e-16
0.40500533687081675   4.755013396976966e-16
0.4053785697483141   4.750036547578576e-16
0.4057521465787626   4.745062899341961e-16
0.4061260676791318   4.740094965048136e-16
0.40650033336668473   4.735135116260501e-16
0.40687494395897544   4.730177250082612e-16
0.4072498997738507   4.72522502334245e-16
0.4076252011294513   4.720277203007215e-16
0.4080008483442101   4.715332561397803e-16
0.4083768417368538   4.710393533959887e-16
0.4087531816264024   4.705460108304957e-16
0.40912986833217113   4.700532275068898e-16
0.40950690217376823   4.695610024818162e-16
0.40988428347109684   4.690693344433815e-16
0.4102620125443547   4.685779690122778e-16
0.4106400897140356   4.680870470699523e-16
0.4110185153009276   4.675966796654157e-16
0.41139728962611477   4.67106865835781e-16
0.41177641301097667   4.666176046021828e-16
0.41215588577719026   4.66128744943085e-16
0.4125357082467276   4.656402209693983e-16
0.4129158807418581   4.651522470758113e-16
0.41329640358514746   4.646648222838094e-16
0.41367727709946017   4.641777757388143e-16
0.4140585016079568   4.636911375162111e-16
0.4144400774340963   4.632053546624256e-16
0.4148220049016351   4.627198094762189e-16
0.41520428433462947   4.622345569521659e-16
0.4155869160574328   4.61749761550347e-16
0.41596990039469806   4.6126579081699185e-16
0.41635323767137683   4.607820262604005e-16
0.41673692821272146   4.602987743283423e-16
0.41712097234428275   4.598159481130802e-16
0.41750537039191193   4.593334173980606e-16
0.4178901226817602   4.5885178419266735e-16
0.41827522954028035   4.583704285646758e-16
0.418660691294225   4.578893545473904e-16
0.41904650827064827   4.5740864873377305e-16
0.4194326807969051   4.569287981649631e-16
0.41981920920065346   4.564491816655049e-16
0.4202060938098521   4.55970035298349e-16
0.42059333495276224   4.554913339729018e-16
0.42098093295794736   4.550128890426347e-16
0.42136888815427487   4.545349754507126e-16
0.42175720087091406   4.540575922621532e-16
0.42214587143733795   4.53580738602631e-16
0.42253490018332274   4.531043810672769e-16
0.4229242874389499   4.526282212019397e-16
0.4233140335346037   4.521525886574465e-16
0.42370413880097335   4.516772928472343e-16
0.42409460356905243   4.512023500717124e-16
0.42448542817014073   4.507279324395765e-16
0.42487661293584217   4.502540389725479e-16
0.42526815819806657   4.497806688645087e-16
0.4256600642890293   4.493076733474131e-16
0.4260523315412531   4.488349854886223e-16
0.42644496028756596   4.483628187819808e-16
0.4268379508611029   4.478908612412422e-16
0.4272313035953055   4.47419373019781e-16
0.427625018823924   4.469484038470535e-16
0.4280190968810149   4.464779351772765e-16
0.428413538100943   4.4600764017454825e-16
0.42880834281838076   4.455378620205422e-16
0.4292035113683103   4.450685999474008e-16
0.4295990440860213   4.445997626986374e-16
0.42999494130711263   4.441311693521138e-16
0.43039120336749226   4.4366308995170247e-16
0.4307878306033789   4.431955237389841e-16
0.4311848233512997   4.427283019241762e-16
0.4315821819480925   4.422613990742543e-16
0.43197990673090514   4.4179500724584017e-16
0.4323779980371973   4.413287836805872e-16
0.43277645620473854   4.4086305180504295e-16
0.43317528157161   4.4039767071305186e-16
0.43357447447620395   4.399326634639964e-16
0.4339740352572259   4.3946845683552673e-16
0.434373964253692   4.3900408389079963e-16
0.43477426180493156   4.385404173763512e-16
0.4351749282505859   4.3807705564569256e-16
0.4355759639306107   4.376138619744678e-16
0.4359773691852737   4.371514644090145e-16
0.43637914435515657   4.3668923125311e-16
0.43678128978115444   4.3622748099300026e-16
0.4371838058044779   4.3576606908541527e-16
0.4375866927666507   4.3530496393536406e-16
0.4379899510095112   4.348443602394102e-16
0.4383935808752143   4.343839068202485e-16
0.4387975827062287   4.339239447084349e-16
0.4392019568453393   4.334643028851807e-16
0.4396067036356463   4.330049804520661e-16
0.4400118234205675   4.325461563901852e-16
0.4404173165438359   4.320878296723886e-16
0.4408231833495016   4.316297145012191e-16
0.44122942418193134   4.311718204710769e-16
0.4416360393858106   4.307142665380782e-16
0.44204302930614114   4.302572079825392e-16
0.4424503942882431   4.2980064406768305e-16
0.44285813467775437   4.2934425969038936e-16
0.44326625082063276   4.2888809209138134e-16
0.4436747430631536   4.2843244625052597e-16
0.4440836117519115   4.2797735100993975e-16
0.4444928572338205   4.275221789510474e-16
0.44490247985611525   4.2706749812629946e-16
0.44531247996634926   4.266133081456315e-16
0.4457228579123968   4.261594143009085e-16
0.44613361404245205   4.2570584686268147e-16
0.44654474870503175   4.2525272956583567e-16
0.4469562622489722   4.247997827390298e-16
0.44736815502343175   4.243470050930549e-16
0.44778042737789   4.238946773002165e-16
0.44819307966215   4.234428365790353e-16
0.44860611222633584   4.229913906119116e-16
0.4490195254208947   4.22540148684124e-16
0.4494333195965961   4.2208905284959613e-16
0.4498474951045345   4.2163844205262275e-16
0.45026205229612626   4.2118809071758855e-16
0.45067699152311214   4.2073809242866484e-16
0.45109231313755666   4.2028849842647907e-16
0.45150801749185004   4.1983911076226934e-16
0.451924104938706   4.1939020528404925e-16
0.4523405758311636   4.189414910170446e-16
0.45275743052258693   4.1849297408541816e-16
0.453174669366667   4.180448025143428e-16
0.4535922927174195   4.175970331229872e-16
0.4540103009291867   4.1714946712159884e-16
0.454428694356637   4.1670238067786484e-16
0.45484747335476705   4.162554789761906e-16
0.4552666382788993   4.15808770046091e-16
0.4556861894846839   4.1536241045164764e-16
0.4561061273280987   4.1491643912146646e-16
0.45652645216545046   4.1447068046301415e-16
0.45694716435337335   4.140253985488112e-16
0.4573682642488304   4.135802833491181e-16
0.45778975220911333   4.1313535649348196e-16
0.45821162859184433   4.1269079480999354e-16
0.4586338937549738   4.122465961451017e-16
0.45905654805678264   4.1180263062652105e-16
0.4594795918558812   4.113591395424053e-16
0.459903025511212   4.1091578553177636e-16
0.46032684938204665   4.104726156305395e-16
0.4607510638279885   4.100298380982665e-16
0.4611756692089718   4.09587241101082e-16
0.46160066588526383   4.0914478633165953e-16
0.4620260542174625   4.087030296968355e-16
0.4624518345664986   4.0826108195938993e-16
0.4628780072936349   4.0781960569633325e-16
0.4633045727604686   4.0737860026036076e-16
0.4637315313289287   4.0693768280726727e-16
0.4641588833612782   4.0649691289770123e-16
0.4645866292201135   4.0605661277855507e-16
0.46501476926836655   4.056167575631171e-16
0.4654433038693023   4.0517669126149194e-16
0.46587223338652106   4.047370938649625e-16
0.4663015581839576   4.0429771771849297e-16
0.46673127862588354   4.0385870483708016e-16
0.46716139507690485   4.034198956088469e-16
0.4675919079019638   4.02981114603937e-16
0.4680228174663388   4.0254280077303435e-16
0.4684541241356459   4.021049533375442e-16
0.4688858282758371   4.0166694444160484e-16
0.46931793025320123   4.012293271259555e-16
0.4697504304343665   4.007919723188459e-16
0.4701833291862971   4.003549352281133e-16
0.47061662687629635   3.9991826867076165e-16
0.47105032387200524   3.9948176963298765e-16
0.47148442054140516   3.9904542521958824e-16
0.47191891725281504   3.9860920697090234e-16
0.47235381437489393   3.9817315540689465e-16
0.4727891122766399   3.9773750224311463e-16
0.4732248113273927   3.9730213164576055e-16
0.47366091189683085   3.968669255883409e-16
0.47409741435497416   3.9643188366720986e-16
0.47453431907218285   3.9599703268859866e-16
0.47497162641916   3.9556264390983484e-16
0.47540933676694874   3.9512839016407204e-16
0.47584745048693466   3.9469429840003475e-16
0.4762859679508452   3.942603681507547e-16
0.4767248895307517   3.938265989624971e-16
0.47716421559906697   3.933931207045266e-16
0.4776039465285476   3.929600206754763e-16
0.478044082692293   3.9252707988918247e-16
0.47848462446374807   3.9209428549568523e-16
0.47892557221670023   3.9166161495184723e-16
0.4793669263252821   3.91229102702455e-16
0.4798086871639703   3.9079699120759267e-16
0.48025085510758814   3.903649442091177e-16
0.480693430531303   3.8993305556650394e-16
0.4811364138106282   3.8950151881002506e-16
0.48157980532142297   3.890701375018419e-16
0.4820236054398942   3.8863891150108983e-16
0.48246781454259385   3.882078148122946e-16
0.4829124330064217   3.877771762883015e-16
0.4833574612086242   3.873464380709038e-16
0.48380289952679695   3.8691602120908687e-16
0.48424874833888193   3.864856751103706e-16
0.4846950080231701   3.8605548008474667e-16
0.4851416789583005   3.8562563244391146e-16
0.4855887615232625   3.851959366564793e-16
0.4860362560973933   3.847663921104344e-16
0.4864841630603801   3.8433698661654747e-16
0.4869324827922597   3.8390770385106036e-16
0.48738121567342035   3.834785718465229e-16
0.4878303620845995   3.83049844274481e-16
0.48827992240688606   3.826211425857049e-16
0.48872989702171943   3.8219263635145266e-16
0.4891802863108921   3.817643096292511e-16
0.489631090656547   3.813360249307007e-16
0.4900823104411796   3.809080703048409e-16
0.49053394604763745   3.8048000731870006e-16
0.4909859978591223   3.800524002241196e-16
0.49143846625918763   3.796245807849646e-16
0.4918913516317409   3.7919719556685024e-16
0.4923446543610428   3.787697422667635e-16
0.49279837483170963   3.7834257960311587e-16
0.4932525134287107   3.779156808233228e-16
0.4937070705373705   3.774887711115291e-16
0.4941620465433682   3.770619424219691e-16
0.49461744183273987   3.7663539178021563e-16
0.4950732567918758   3.7620878640132154e-16
0.4955294918075229   3.7578261385534595e-16
0.49598614726678397   3.7535657506345392e-16
0.49644322355711995   3.7493032591633205e-16
0.4969007210663476   3.745042108990339e-16
0.4973586401826412   3.7407850848252185e-16
0.49781698129453267   3.736527869606116e-16
0.4982757447909131   3.7322710337825766e-16
0.49873493106103073   3.728015632416062e-16
0.4991945404944929   3.723761662316717e-16
0.49965457348126546   3.7195091207040335e-16
0.5001150304116753   3.715258005835353e-16
0.5005759116764072   3.71100831476564e-16
0.5010372176665069   3.7067597679740165e-16
0.5014989487733796   3.70250949840755e-16
0.501961105388793   3.6982637772812067e-16
0.5024236879048742   3.6940163608426885e-16
0.5028866967141117   3.6897700788349687e-16
0.503350132209357   3.6855277874215536e-16
0.5038139947838225   3.6812854350267765e-16
0.5042782848310833   3.677041356593636e-16
0.5047430027450764   3.6727991094948397e-16
0.505208148920104   3.6685583751307795e-16
0.5056737237508295   3.6643171736616694e-16
0.5061397276322809   3.6600773831251033e-16
0.5066061609598494   3.655839000994697e-16
0.5070730241292927   3.651602026066711e-16
0.507540317536731   3.6473661629567204e-16
0.5080080415786504   3.64312860734543e-16
0.5084761966519018   3.638892285411677e-16
0.5089447831537035   3.634657316384203e-16
0.5094138014816381   3.630423745134097e-16
0.509883252033655   3.626188821131815e-16
0.5103531352080705   3.6219546904990803e-16
0.5108234514035686   3.61772196332528e-16
0.5112942010191996   3.6134885328475947e-16
0.5117653844543822   3.609257143899746e-16
0.5122370021089026   3.605026937794967e-16
0.5127090543829167   3.600794970150526e-16
0.5131815416769478   3.596563828776942e-16
0.513654464391889   3.5923350628596075e-16
0.514127822929002   3.5881045216574073e-16
0.5146016176899201   3.583873660314614e-16
0.5150758490766449   3.5796457806697654e-16
0.5155505174915492   3.5754140114818816e-16
0.5160256233373761   3.571186485474798e-16
0.5165011670172412   3.566957182942629e-16
0.5169771489346303   3.5627291249691554e-16
0.5174535694934014   3.558502493974715e-16
0.517930429097784   3.554274245178489e-16
0.518407728152382   3.550044220921837e-16
0.5188854670621705   3.545815137333086e-16
0.5193636462324982   3.5415874732402697e-16
0.5198422660690869   3.5373588342738947e-16
0.5203213269780338   3.533130682056235e-16
0.520800829365809   3.528903950756431e-16
0.5212807736392574   3.524674743212765e-16
0.5217611602055986   3.520446011401393e-16
0.5222419894724287   3.5162185517309067e-16
0.5227232618477182   3.5119893299744924e-16
0.5232049777398139   3.507759763055934e-16
0.5236871375574382   3.5035316382708e-16
0.5241697417096923   3.4993026161278037e-16
0.5246527906060523   3.495071773229041e-16
0.5251362846563723   3.4908427784274745e-16
0.5256202242708838   3.486610468914049e-16
0.5261046098601977   3.4823796213636765e-16
0.5265894418353017   3.4781496100379594e-16
0.5270747206075629   3.473917855729497e-16
0.5275604465887269   3.469684748869068e-16
0.5280466201909204   3.465452802660794e-16
0.5285332418266484   3.46121911566555e-16
0.5290203119087962   3.4569838193319335e-16
0.5295078308506292   3.452749949248722e-16
0.5299957990657957   3.4485142892771593e-16
0.5304842169683232   3.444280066528986e-16
0.530973084972621   3.4400441376636863e-16
0.5314624034934803   3.4358065050516343e-16
0.5319521729460759   3.431567137748559e-16
0.5324423937459637   3.427329025000096e-16
0.532933066309083   3.423086643897291e-16
0.5334241910517558   3.418847836520867e-16
0.5339157683906895   3.4146054399679457e-16
0.5344077987429741   3.410363572351777e-16
0.534900282526084   3.4061178896130773e-16
0.5353932201578783   3.4018725305330557e-16
0.5358866120566025   3.397628721955656e-16
0.5363804586408858   3.3933814212044214e-16
0.5368747603297441   3.3891367713171363e-16
0.5373695175425788   3.384889431313569e-16
0.5378647306991791   3.3806397702331486e-16
0.5383604002197198   3.3763859450731895e-16
0.5388565265247628   3.372134429319999e-16
0.5393531100352591   3.3678783338195684e-16
0.5398501511725462   3.36362344553006e-16
0.5403476503583502   3.3593664521332397e-16
0.5408456080147854   3.3551067768770105e-16
0.5413440245643568   3.3508457159115017e-16
0.5418429004299571   3.3465851670145954e-16
0.5423422360348691   3.342321923748337e-16
0.5428420318027652   3.3380559502870694e-16
0.5433422881577102   3.3337883100584944e-16
0.5438430055241577   3.329519100453442e-16
0.5443441843269529   3.325248321254523e-16
0.5448458249913322   3.3209762137562536e-16
0.5453479279429256   3.3167046764324594e-16
0.5458504936077536   3.3124279900355407e-16
0.5463535224122297   3.3081500953411426e-16
0.54685701478316   3.3038716364696096e-16
0.5473609711477454   3.299589348931198e-16
0.5478653919335791   3.2953046527261373e-16
0.5483702775686486   3.2910184693340813e-16
0.5488756284813356   3.2867308129375675e-16
0.5493814451004178   3.2824416873659023e-16
0.5498877278550668   3.2781486358428484e-16
0.5503944771748499   3.2738531348593136e-16
0.55090169348973   3.26955638077806e-16
0.5514093772300678   3.265255690824185e-16
0.5519175288266188   3.260955595869416e-16
0.5524261487105362   3.256651712775157e-16
0.55293523731337   3.2523434065241663e-16
0.5534447950670693   3.2480330438077754e-16
0.55395482240398   3.243721555982847e-16
0.5544653197568465   3.239405539001255e-16
0.5549762875588118   3.2350881765119443e-16
0.5554877262434197   3.2307692225234035e-16
0.5559996362446116   3.226446135251351e-16
0.5565120179967298   3.222118027297278e-16
0.5570248719345158   3.2177886511264577e-16
0.5575381984931137   3.2134580386459723e-16
0.558051998108067   3.209122617731377e-16
0.5585662712153211   3.2047830993696064e-16
0.5590810182512223   3.200441855963191e-16
0.559596239652521   3.1960961494785694e-16
0.5601119358563684   3.191746672188643e-16
0.5606281073003189   3.1873952298137053e-16
0.5611447544223298   3.183040262273632e-16
0.5616618776607636   3.1786821608537193e-16
0.5621794774543849   3.174318610568365e-16
0.5626975542423636   3.1699527507188055e-16
0.5632161084642734   3.1655838533138524e-16
0.563735140560095   3.161210896500874e-16
0.5642546509702127   3.1568334298960886e-16
0.5647746401354172   3.1524534246627915e-16
0.5652951084969052   3.1480689624443483e-16
0.5658160564962813   3.14368031725608e-16
0.5663374845755553   3.139287358619482e-16
0.5668593931771454   3.134890081560105e-16
0.5673817827438763   3.1304888464429486e-16
0.567904653718983   3.1260832767434237e-16
0.5684280065461071   3.121673510282813e-16
0.5689518416692995   3.1172596163304194e-16
0.5694761595330197   3.1128419065113066e-16
0.5700009605821388   3.108416865426297e-16
0.570526245261936   3.103990148388894e-16
0.5710520140181012   3.0995564418830227e-16
0.5715782672967349   3.095118688486135e-16
0.5721050055443501   3.090676750150815e-16
0.5726322292078695   3.0862286329650004e-16
0.5731599387346284   3.0817745071057985e-16
0.573688134572374   3.077319944169984e-16
0.5742168171692673   3.0728506877485855e-16
0.5747459869738811   3.068387733313958e-16
0.5752756444352017   3.063913038003721e-16
0.575805790002629   3.0594313288893833e-16
0.5763364241259785   3.054954949100874e-16
0.5768675472554786   3.050464341361599e-16
0.5773991598417726   3.0459689744367107e-16
0.5779312623359207   3.0414813788231257e-16
0.5784638551893975   3.03697115022111e-16
0.5789969388540935   3.0324626975239986e-16
0.5795305137823157   3.0279346769867817e-16
0.5800645804267892   3.023431158075902e-16
0.580599139240655   3.0188865260146226e-16
0.581134190677472   3.014366992759842e-16
0.5816697351912165   3.0098200122428002e-16
0.582205773236285   3.0052595497828455e-16
0.5827423052674909   3.0007035797522524e-16
0.5832793317400674   2.996155537616705e-16
0.5838168531096668   2.991595716361052e-16
0.5843548698323626   2.987008791167831e-16
0.5848933823646473   2.982440103319325e-16
0.5854323911634345   2.977840120344575e-16
0.585971896686058   2.9732590546652617e-16
0.5865118993902754   2.968658853964107e-16
0.5870523997342639   2.9640370117822255e-16
0.5875933981766238   2.959419146845027e-16
0.5881348951763772   2.954800504236597e-16
0.5886768911929712   2.950167112341086e-16
0.5892193866862743   2.94554128658544e-16
0.5897623821165797   2.940906027456309e-16
0.5903058779446039   2.9362454667961236e-16
0.5908498746314899   2.931578816500394e-16
0.5913943726388038   2.926921236526685e-16
0.5919393724285377   2.922245132127961e-16
0.5924848744631089   2.9175697003723383e-16
0.5930308792053626   2.91287255221412e-16
0.5935773871185687   2.908177491341692e-16
0.5941243986664246   2.903464258578943e-16
0.5946719143130546   2.898749895941875e-16
0.5952199345230123   2.8940234185060024e-16
0.5957684597612776   2.889288095245252e-16
0.5963174904932597   2.884545139327569e-16
0.596867027184796   2.879790007323822e-16
0.5974170703021551   2.875032582233082e-16
0.5979676203120332   2.8702825885127576e-16
0.5985186776815574   2.865486222121473e-16
0.5990702428782846   2.8607147282503166e-16
0.5996223163702046   2.855906556610472e-16
0.6001748986257364   2.8511102884934517e-16
0.6007279901137312   2.8462940803133865e-16
0.6012815913034721   2.841473222069116e-16
0.6018357026646762   2.836631826736259e-16
0.6023903246674914   2.831798331986359e-16
0.6029454577825001   2.826949640115027e-16
0.6035011024807171   2.8220773615042827e-16
0.6040572592335935   2.817207101827686e-16
0.604613928513013   2.8123172813392475e-16
0.6051711107912946   2.807429149686812e-16
0.6057288065411921   2.802517758343848e-16
0.6062870162358966   2.7975978971007964e-16
0.6068457403490339   2.792668816359163e-16
0.6074049793546664   2.787735298554635e-16
0.6079647337272929   2.782788303011888e-16
0.6085250039418514   2.7778430158893805e-16
0.6090857904737157   2.7728562177114524e-16
0.6096470937986982   2.767885634979232e-16
0.6102089143930493   2.7628843328082136e-16
0.61077125273346   2.757876995345298e-16
0.611334109297059   2.7528642784269063e-16
0.6118974845614151   2.747841926796751e-16
0.6124613790045366   2.742795251612863e-16
0.6130257931048742   2.737753470287702e-16
0.6135907273413176   2.732689551897593e-16
0.6141561821931986   2.7276100605144784e-16
0.6147221581402899   2.7225191053271855e-16
0.6152886556628083   2.7174178179535136e-16
0.6158556752414115   2.712304586730545e-16
0.6164232173572003   2.707181467392696e-16
0.6169912824917185   2.702042527207768e-16
0.6175598711269558   2.696884660001896e-16
0.6181289837453436   2.6917214875678943e-16
0.618698620829759   2.6865268815604567e-16
0.6192687828635234   2.681342909759254e-16
0.6198394703304052   2.676135211265716e-16
0.620410683714617   2.6709177426176877e-16
0.6209824235008177   2.665686100472334e-16
0.6215546901741145   2.660434256798614e-16
0.6221274842200597   2.655182039923492e-16
0.6227008061246541   2.6498963534369734e-16
0.6232746563743452   2.644608547049051e-16
0.6238490354560311   2.6393013158870394e-16
0.6244239438570566   2.633974797949054e-16
0.6249993820652162   2.6286523575867074e-16
0.6255753505687532   2.623307679347145e-16
0.6261518498563631   2.6179296517361036e-16
0.6267288804171892   2.612549565276703e-16
0.627306442740827   2.6071648030020823e-16
0.627884537317322   2.601757696926498e-16
0.6284631646371732   2.5963235214143675e-16
0.6290423251913302   2.590892178316007e-16
0.6296220194711951   2.585424110987769e-16
0.6302022479686226   2.5799590937807946e-16
0.6307830111759224   2.5744624899405873e-16
0.631364309585856   2.568951908686501e-16
0.6319461436916396   2.563434864101382e-16
0.6325285139869435   2.557897331852765e-16
0.6331114209658947   2.5523428253595246e-16
0.6336948651230736   2.5467708724939926e-16
0.634278846953517   2.541182050719585e-16
0.6348633669527174   2.535576747082307e-16
0.6354484256166258   2.5299564197974107e-16
0.6360340234416483   2.524317100994566e-16
0.6366201609246491   2.5186602233838894e-16
0.6372068385629496   2.5129801001418335e-16
0.6377940568543315   2.5072794771111063e-16
0.6383818162970333   2.5015765515359204e-16
0.6389701173897533   2.495840727066173e-16
0.6395589606316486   2.4901022181251934e-16
0.6401483465223385   2.484326681973007e-16
0.6407382755619005   2.478537128672184e-16
0.6413287482508738   2.47273374632922e-16
0.6419197650902582   2.466916780401156e-16
0.642511326581517   2.461085373527668e-16
0.6431034332265737   2.4552170420885424e-16
0.6436960855278152   2.4493468193383277e-16
0.6442892839880905   2.443449089513924e-16
0.6448830291107142   2.4375215915971796e-16
0.6454773213994623   2.4315939960448935e-16
0.6460721613585764   2.425631325274109e-16
0.6466675494927615   2.419656494688096e-16
0.64726348630719   2.413658887520362e-16
0.6478599723074978   2.4076511360379484e-16
0.6484570079997874   2.4016043712171853e-16
0.6490545938906273   2.3955556164681114e-16
0.6496527304870542   2.389472774361606e-16
0.6502514182965707   2.38337991164301e-16
0.6508506578271475   2.377263454984692e-16
0.6514504495872228   2.3711276438273046e-16
0.652050794085705   2.364978530410889e-16
0.6526516918319702   2.3587953580685683e-16
0.6532531433358639   2.352595562192168e-16
0.6538551491077013   2.3463726197034927e-16
0.6544577096582694   2.3401424944584257e-16
0.6550608254988244   2.333876984112111e-16
0.6556644971410939   2.3275814501171606e-16
0.6562687250972766   2.3212772670591245e-16
0.6568735098800453   2.314953603050318e-16
0.6574788520025431   2.3086138797396653e-16
0.6580847519783867   2.302242298839138e-16
0.6586912103216654   2.295862726642576e-16
0.6592982275469447   2.2894549872151894e-16
0.6599058041692614   2.2830204329905714e-16
0.6605139407041285   2.276580054149984e-16
0.6611226376675329   2.270103130538832e-16
0.6617318955759391   2.2636052355024065e-16
0.6623417149462858   2.2570913808412683e-16
0.6629520962959883   2.2505635299448407e-16
0.6635630401429383   2.2440076840597137e-16
0.664174547005507   2.237426033551024e-16
0.6647866174025409   2.2308319408737997e-16
0.6653992518533648   2.2242087776514154e-16
0.6660124508777842   2.21757669236933e-16
0.6666262149960813   2.2109127896966717e-16
0.667240544729019   2.2042318755211147e-16
0.6678554405978387   2.1975368902624242e-16
0.6684709031242648   2.1908165341201923e-16
0.6690869328305004   2.1840652731546208e-16
0.6697035302392299   2.1772938899697857e-16
0.6703206958736195   2.170512490699005e-16
0.670938430257319   2.163707127572646e-16
0.6715567339144591   2.1568913310670498e-16
0.6721756073696541   2.1500393313295046e-16
0.6727950511480008   2.1431777554652166e-16
0.6734150657750821   2.1362950002137616e-16
0.6740356517769636   2.129389472468937e-16
0.6746568096801957   2.1224610460210648e-16
0.675278540011814   2.1155187881105955e-16
0.6759008432993413   2.1085589224879845e-16
0.6765237200707848   2.1015696621591892e-16
0.6771471708546389   2.0945711140457373e-16
0.6777711961798845   2.0875531742413978e-16
0.6783957965759917   2.0805177908702645e-16
0.6790209725729166   2.0734642556212215e-16
0.6796467247011048   2.0663876359107982e-16
0.6802730534914891   2.0592943857666951e-16
0.6808999594754949   2.0521848276891347e-16
0.681527443185034   2.0450587600067582e-16
0.68215550515251   2.0379069518907749e-16
0.6827841459108159   2.0307352056968766e-16
0.6834133659933384   2.0235606559690067e-16
0.684043165933953   2.0163685629878004e-16
0.6846735462670284   2.009160480876351e-16
0.6853045075274247   2.0019398976018626e-16
0.6859360502504974   1.994694468066682e-16
0.6865681749720929   1.9874438794236443e-16
0.6872008822285522   1.980176239516978e-16
0.6878341725567101   1.972895036685946e-16
0.6884680464938978   1.9655986795984645e-16
0.68910250457794   1.9582840293830885e-16
0.6897375473471573   1.950957544550363e-16
0.6903731753403661   1.943623618022966e-16
0.6910093890968813   1.9362815625318696e-16
0.6916461891565125   1.928924923861621e-16
0.6922835760595678   1.9215609799897046e-16
0.6929215503468523   1.9141801460919168e-16
0.6935601125596716   1.9068001352045175e-16
0.6941992632398283   1.8994063386055358e-16
0.6948390029296244   1.891995873271122e-16
0.6954793321718616   1.8845937977204688e-16
0.6961202515098437   1.8771687547393781e-16
0.6967617614873729   1.8697461674539064e-16
0.6974038626487533   1.8623202393320654e-16
0.6980465555387902   1.8548826550430502e-16
0.6986898407027928   1.8474368383663366e-16
0.6993337186865707   1.8399982280796835e-16
0.6999781900364372   1.8325540433928598e-16
0.7006232552992087   1.825101948236516e-16
0.7012689150222071   1.8176530812225168e-16
0.7019151697532569   1.81020536972465e-16
0.702562020040688   1.8027609333968258e-16
0.7032094664333352   1.795311407095175e-16
0.7038575094805407   1.787862789924538e-16
0.7045061497321513   1.780427180409611e-16
0.705155387738521   1.7729770913852357e-16
0.7058052240505104   1.7655466444965864e-16
0.7064556592194895   1.7581169120158335e-16
0.7071066937973348   1.7506942690624363e-16
0.7077583283364317   1.7432861616504724e-16
0.7084105633896742   1.735879683892028e-16
0.7090633995104678   1.728486265507785e-16
0.7097168372527258   1.7210974315872972e-16
0.710370877170873   1.7137292294038133e-16
0.7110255198198441   1.7063696673423428e-16
0.7116807657550872   1.6990254818074135e-16
0.7123366155325607   1.6916937500330004e-16
0.7129930697087348   1.6843758198610428e-16
0.7136501288405949   1.6770773316675227e-16
0.7143077934856376   1.6698038351903877e-16
0.7149660642018737   1.6625434668149057e-16
0.7156249415478279   1.6553100901160823e-16
0.7162844260825415   1.6480903420400107e-16
0.7169445183655688   1.6408984988874258e-16
0.7176052189569807   1.6337346911002115e-16
0.7182665284173634   1.626589798403189e-16
0.7189284473078217   1.619472514315634e-16
0.7195909761899757   1.6123861700599998e-16
0.7202541156259633   1.6053277968085696e-16
0.7209178661784402   1.5983023120307491e-16
0.7215822284105825   1.5913043499533658e-16
0.7222472028860831   1.5843376313950218e-16
0.7229127901691553   1.577410256976678e-16
0.7235789908245314   1.570517197309869e-16
0.7242458054174665   1.5636578686137083e-16
0.7249132345137344   1.556836272739753e-16
0.7255812786796308   1.5500532060559196e-16
0.7262499384819728   1.5433132208771934e-16
0.726919214488102   1.5366065995026816e-16
0.7275891072658804   1.5299475761989084e-16
0.7282596173836945   1.5233287309776391e-16
0.7289307454104534   1.5167567348588702e-16
0.7296024919155929   1.510223938777782e-16
0.7302748574690714   1.503736497929748e-16
0.7309478426413732   1.4972970502485432e-16
0.7316214480035076   1.4909008153420142e-16
0.7322956741270122   1.4845560661691472e-16
0.7329705215839495   1.4782535011881813e-16
0.7336459909469094   1.4720027461664938e-16
0.7343220827890091   1.4658009027369112e-16
0.7349987976838961   1.4596453241268708e-16
0.7356761362057441   1.4535336564598308e-16
0.7363540989292571   1.4474771686611437e-16
0.7370326864296673   1.4414662534252708e-16
0.7377118992827402   1.4355014485236245e-16
0.7383917380647688   1.4295839520949138e-16
0.7390722033525783   1.4237125870727727e-16
0.7397532957235247   1.41788648744479e-16
0.7404350157554982   1.4121037804161902e-16
0.7411173640269195   1.4063593294510853e-16
0.7418003411167431   1.4006582064146504e-16
0.7424839476044559   1.3949982007125973e-16
0.7431681840700815   1.3893686131417146e-16
0.7438530510941755   1.3837733464150988e-16
0.7445385492578297   1.378207196398074e-16
0.74522467914267   1.3726625385332766e-16
0.7459114413308611   1.3671385506676172e-16
0.7465988364051016   1.3616334264750249e-16
0.747286864948628   1.356141598459873e-16
0.7479755275452135   1.3506446496757235e-16
0.7486648247791715   1.345150653381792e-16
0.7493547572353517   1.3396480864822625e-16
0.7500453254991435   1.3341233163447814e-16
0.7507365301564748   1.328565504437293e-16
0.7514283717938162   1.3229729236519326e-16
0.7521208509981758   1.3173203198250284e-16
0.7528139683571042   1.311599896665668e-16
0.7535077244586922   1.305808848354373e-16
0.7542021198915748   1.2999021798369724e-16
0.7548971552449275   1.2938893014486448e-16
0.7555928311084693   1.2877287428998628e-16
0.7562891480724618   1.2813974793374296e-16
0.7569861067277132   1.274895801087586e-16
0.7576837076655735   1.2681390562563362e-16
0.7583819514779385   1.2611447965824642e-16
0.759080838757249   1.253851117872159e-16
0.7597803700964936   1.2462033203132056e-16
0.7604805460892053   1.238212177844732e-16
0.7611813673294652   1.2297123510795673e-16
0.7618828344119003   1.2207494334461562e-16
0.7625849479316885   1.2112010886229698e-16
0.7632877084845537   1.2009681867768897e-16
0.7639911166667689   1.1900676885106385e-16
0.7646951730751586   1.1781969961095817e-16
0.7653998783070953   1.1654468904416121e-16
0.7661052329605028   1.1515656512733552e-16
0.7668112376338548   1.1364127718393267e-16
0.7675178929261792   1.1199715623875147e-16
0.7682251994370534   1.1017134858211893e-16
0.7689331577666083   1.0818449689156812e-16
0.7696417685155268   1.0597739488140328e-16
0.770351032285048   1.0354792958026352e-16
0.7710609496769625   1.0087080735958783e-16
0.7717715212936165   9.788332586391381e-17
0.7724827477379101   9.46265115268644e-17
0.773194629613302   9.097100599646124e-17
0.7739071675238038   8.699995661372808e-17
0.7746203620739854   8.26318855754592e-17
0.7753342138689726   7.789400184940832e-17
0.7760487235144511   7.284926502531606e-17
0.7767638916166626   6.744769865104844e-17
0.7774797187824083   6.195688263831043e-17
0.7781962056190477   5.633396944778252e-17
0.7789133527345026   5.095700425671159e-17
0.7796311607372522   4.5998988659373384e-17
0.7803496302363377   4.1767615631055305e-17
0.7810687618413608   3.8536685679695164e-17
0.7817885561624868   3.658569003952398e-17
0.7825090138104414   3.5913419309593874e-17
0.7832301353965138   3.6814378990536935e-17
0.7839519215325558   3.895113653845035e-17
0.7846743728309852   4.2311570994111714e-17
0.7853974899047821   4.6601850907793675e-17
0.7861212733674919   5.156284381116278e-17
0.7868457238332252   5.694522314480407e-17
0.7875708419166603   6.255018564793565e-17
0.7882966282330399   6.811448883650765e-17
0.7890230833981745   7.363170463111715e-17
0.7897502080284411   7.882896269147431e-17
0.7904780027407873   8.383742829381085e-17
0.7912064681527268   8.844759949790984e-17
0.7919356048823432   9.279577351794019e-17
0.7926654135482887   9.678416164983845e-17
0.7933958947697883   1.0048661250743324e-16
0.7941270491666351   1.0389063876766497e-16
0.7948588773591941   1.0702503794806172e-16
0.7955913799684015   1.0991873260129201e-16
0.7963245576157676   1.125766558659361e-16
0.7970584109233736   1.150448159666367e-16
0.7977929405138745   1.1731370796666376e-16
0.7985281470104982   1.1943406221794028e-16
0.7992640310370498   1.2138548257635977e-16
0.8000005932179063   1.2322370214267143e-16
0.8007378341780211   1.2484469389863213e-16
0.8014757545429231   1.26378842564914e-16
0.8022143549387194   1.2780838733574025e-16
0.8029536359920921   1.2916466363283753e-16
0.8036935983303017   1.304385084914774e-16
0.8044342425811857   1.3165097797657488e-16
0.8051755693731626   1.3279858892419347e-16
0.8059175793352278   1.338937605120332e-16
0.806660273096957   1.349367179406351e-16
0.8074036512885052   1.3593618910792896e-16
0.808147714540611   1.3689336032845688e-16
0.8088924634845912   1.3781337809320725e-16
0.8096378987523456   1.3869830504303355e-16
0.8103840209763554   1.3955168512748486e-16
0.8111308307896873   1.4037602252192683e-16
0.8118783288259884   1.4117363879587598e-16
0.8126265157194913   1.4194604206871263e-16
0.8133753921050118   1.4269640320131811e-16
0.8141249586179531   1.434247382938012e-16
0.8148752158943018   1.441333335620708e-16
0.8156261645706312   1.448238700803046e-16
0.8163778052841005   1.454972906822445e-16
0.8171301386724587   1.4615442817443267e-16
0.8178831653740397   1.4679660307806407e-16
0.8186368860277659   1.4742451720254887e-16
0.8193913012731507   1.480392025022317e-16
0.820146411750295   1.4864043545626798e-16
0.8209022180998896   1.492298712976021e-16
0.8216587209632155   1.4980807524260208e-16
0.8224159209821469   1.503755250838068e-16
0.823173818799147   1.5093164785358313e-16
0.8239324150572721   1.5147889193968837e-16
0.82469171040017   1.5201610611891978e-16
0.8254517054720845   1.5254443426435955e-16
0.8262124009178502   1.5306374096876777e-16
0.826973797382897   1.5357514838249215e-16
0.8277358955132489   1.5407659915155902e-16
0.8284986959555275   1.545716894032683e-16
0.8292621993569479   1.5505816207252186e-16
0.8300264063653224   1.555384832072964e-16
0.8307913176290597   1.560097416942637e-16
0.8315569337971681   1.564752347579826e-16
0.8323232555192519   1.5693325161214023e-16
0.8330902834455147   1.5738417398804523e-16
0.8338580182267586   1.5782936578505542e-16
0.8346264605143877   1.5826748026835519e-16
0.8353956109604042   1.5870001510435318e-16
0.8361654702174115   1.5912533352544496e-16
0.8369360389386142   1.5954537618648146e-16
0.837707317777821   1.5995902021365999e-16
0.8384793073894408   1.6036779991991638e-16
0.8392520084284859   1.607692907952306e-16
0.8400254215505721   1.6116625072880882e-16
0.8407995474119216   1.6155721527906276e-16
0.8415743866693587   1.6194362721115324e-16
0.8423499399803138   1.6232343883719067e-16
0.8431262080028226   1.6269831001632094e-16
0.8439031913955296   1.6306769096762727e-16
0.8446808908176836   1.6343173532763038e-16
0.8454593069291421   1.6379130711019442e-16
0.8462384403903694   1.641453517310344e-16
0.8470182918624416   1.6449506684655795e-16
0.8477988620070408   1.6483893743439586e-16
0.8485801514864602   1.6517834402176298e-16
0.8493621609636022   1.6551300348778338e-16
0.8501448911019829   1.6584397285615332e-16
0.850928342565727   1.6616893248139476e-16
0.8517125160195725   1.664889402272927e-16
0.8524974121288689   1.6680518358576468e-16
0.8532830315595812   1.67116839294592e-16
0.8540693749782858   1.6742304795496008e-16
0.8548564430521745   1.6772522638819735e-16
0.8556442364490523   1.6802385175484008e-16
0.8564327558373431   1.6831705699780085e-16
0.8572220018860838   1.6860624581637093e-16
0.8580119752649285   1.6889146157363815e-16
0.8588026766441479   1.6917173154084802e-16
0.8595941066946328   1.694473204325017e-16
0.8603862660878896   1.6971949218196626e-16
0.8611791554960448   1.699877748695947e-16
0.8619727755918429   1.7025161995670878e-16
0.8627671270486513   1.7051046290584041e-16
0.8635622105404552   1.7076616253836473e-16
0.864358026741862   1.7101670898477935e-16
0.8651545763280996   1.7126397258622432e-16
0.8659518599750208   1.7150819340138472e-16
0.8667498783590989   1.7174668045283777e-16
0.8675486321574312   1.7198192722231288e-16
0.8683481220477384   1.7221309704770059e-16
0.8691483487083679   1.7244049210233205e-16
0.8699493128182901   1.7266413931149662e-16
0.8707510150571018   1.7288377730226632e-16
0.8715534561050251   1.7310011998216227e-16
0.8723566366429116   1.7331215756731237e-16
0.873160557352238   1.7351956188809217e-16
0.8739652189151095   1.7372494703764642e-16
0.8747706220142591   1.7392516700796446e-16
0.875576767333052   1.741221756935375e-16
0.87638365555548   1.743157818521694e-16
0.8771912873661664   1.7450615577275855e-16
0.8779996634503643   1.7469173789748045e-16
0.8788087844939614   1.7487472363821913e-16
0.8796186511834743   1.7505333089469128e-16
0.8804292642060525   1.7522898528442454e-16
0.8812406242494816   1.754011353286472e-16
0.8820527320021779   1.7556996270126535e-16
0.8828655881531934   1.7573456208834434e-16
0.8836791933922141   1.758961525451923e-16
0.8844935484095642   1.760546296910494e-16
0.8853086538962014   1.7620974238887406e-16
0.886124510543721   1.763609476453652e-16
0.8869411190443549   1.7650913147639937e-16
0.8877584800909755   1.7665418562510993e-16
0.8885765943770909   1.7679564689388588e-16
0.8893954625968495   1.7693410206504214e-16
0.8902150854450384   1.7708697698056e-16
0.8910354636170874   1.7723413124489752e-16
0.8918565978090649   1.7734787737010745e-16
0.8926784887176814   1.7746008763593164e-16
0.8935011370402884   1.775690934710734e-16
0.8943245434748833   1.7767503191718965e-16
0.8951487087201035   1.7777725679143816e-16
0.8959736334752314   1.778771789728219e-16
0.8967993184401928   1.7797535265197155e-16
0.8976257643155612   1.780699411297172e-16
0.8984529718025532   1.7816194852710105e-16
0.8992809416030323   1.7825071967390239e-16
0.9001096744195081   1.7833608883923858e-16
0.90093917095514   1.784195879925903e-16
0.901769431913733   1.7850028061673677e-16
0.9026004579997415   1.7857878949484452e-16
0.9034322499182681   1.7865366627408995e-16
0.9042648083750681   1.7872544760762087e-16
0.905098134076544   1.7879493566224603e-16
0.905932227729751   1.7886233961459065e-16
0.9067670900423941   1.789264657514061e-16
0.9076027217228338   1.7898843217571823e-16
0.9084391234800805   1.790480420806195e-16
0.9092762960237988   1.7910357188877414e-16
0.9101142400643065   1.7915673585900615e-16
0.9109529563125788   1.7920844693318553e-16
0.911792445480243   1.7925677176481175e-16
0.9126327082795835   1.7930277322262895e-16
0.9134737454235401   1.793465124998652e-16
0.9143155576257123   1.7938757087214993e-16
0.9151581456003544   1.7942593659569384e-16
0.91600151006238   1.7946139254967374e-16
0.9168456517273604   1.7949470281755512e-16
0.9176905713115295   1.7952626601256153e-16
0.918536269531778   1.795543191550271e-16
0.9193827471056584   1.795801609331013e-16
0.9202300047513835   1.7960371060501645e-16
0.9210780431878308   1.7962487627340107e-16
0.9219268631345375   1.7964339022714944e-16
0.9227764653117049   1.7965929222275158e-16
0.9236268504401965   1.7967275742533063e-16
0.9244780192415439   1.7968538954578248e-16
0.92532997243794   1.7969409955621727e-16
0.9261827107522445   1.7970027889052733e-16
0.9270362349079823   1.7970558476330608e-16
0.9278905456293479   1.7970639506377637e-16
0.9287456436412002   1.797062505658738e-16
0.9296015296690673   1.7970383788037055e-16
0.9304582044391447   1.7969978875749285e-16
0.9313156686783002   1.7969155057021004e-16
0.9321739231140683   1.7968234723000022e-16
0.9330329684746553   1.7967051617729424e-16
0.9338928054889374   1.7965564057028603e-16
0.9347534348864652   1.7963988051917314e-16
0.9356148573974592   1.7962137831502673e-16
0.9364770737528133   1.7960011563284017e-16
0.9373400846840944   1.795773765995715e-16
0.9382038909235461   1.7955202711391122e-16
0.9390684932040841   1.7952414709042827e-16
0.9399338922593007   1.7949461385898162e-16
0.9408000888234628   1.7946317957992472e-16
0.9416670836315172   1.7942926035187912e-16
0.942534877419085   1.7939258327941148e-16
0.9434034709224653   1.7935443052601557e-16
0.9442728648786386   1.7931324266977347e-16
0.9451430600252614   1.7926976190977266e-16
0.9460140571006712   1.792259306166974e-16
0.9468858568438852   1.7917748383710678e-16
0.9477584599946038   1.7912871109003708e-16
0.9486318672932071   1.7907728544308307e-16
0.9495060794807578   1.7902302005968223e-16
0.9503810972990007   1.789671183488539e-16
0.9512569214903671   1.7890975559288833e-16
0.9521335527979699   1.7884948360771866e-16
0.953010991965607   1.7878629640358877e-16
0.9538892397377616   1.787221693611193e-16
0.9547682968596055   1.7865558078451156e-16
0.9556481640769944   1.7858670632153727e-16
0.956528842136472   1.7851586590823804e-16
0.9574103317852697   1.7844283571593794e-16
0.9582926337713096   1.7836764258650795e-16
0.9591757488432008   1.7829023620802766e-16
0.9600596777502428   1.782109004218327e-16
0.960944421242425   1.7812936830936987e-16
0.9618299800704306   1.780454945951788e-16
0.9627163549856318   1.779596542562731e-16
0.9636035467400942   1.7787148077003676e-16
0.9644915560865753   1.777814622750382e-16
0.9653803837785297   1.7768886891250452e-16
0.966270030570103   1.7759411611978077e-16
0.9671604972161367   1.77497277650812e-16
0.9680517844721673   1.7739819285604262e-16
0.9689438930944303   1.7729686429488604e-16
0.9698368238398551   1.7719297887903026e-16
0.9707305774660699   1.7708693592029886e-16
0.9716251547313999   1.7697858013399293e-16
0.972520556394872   1.7686789848223656e-16
0.9734167832162097   1.7675462795723985e-16
0.974313835955838   1.7663875880835732e-16
0.9752117153748809   1.7652040442142215e-16
0.9761104222351675   1.7639954624072775e-16
0.9770099572992257   1.7627600954731528e-16
0.977910321330287   1.7614957400488452e-16
0.9788115150922854   1.7602036844335459e-16
0.9797135393498619   1.7588809756974295e-16
0.9806163948683592   1.7575293332531652e-16
0.981520082413826   1.756147578611889e-16
0.9824246027530166   1.75473126224709e-16
0.9833299566533941   1.7532798016246038e-16
0.9842361448831263   1.7517919311539016e-16
0.9851431682110899   1.7502665922521367e-16
0.9860510274068693   1.7487025989618326e-16
0.9869597232407606   1.7470947243966223e-16
0.9878692564837673   1.737275619364331e-16
0.9887796279076042   1.7355229004502726e-16
0.9896908382846961   1.733702870579483e-16
0.990602888388183   1.7318090177179221e-16
0.991515778991914   1.729835716754774e-16
0.9924295108704527   1.7277637146008626e-16
0.9933440847990753   1.7255851930604373e-16
0.9942595015537754   1.7232856835964223e-16
0.995175761911259   1.7208474254686754e-16
0.9960928666489485   1.7182479319503315e-16
0.9970108165449819   1.715466362766199e-16
0.9979296123782174   1.712456569990802e-16
0.998849254928228   1.709190165359168e-16
0.9997697449753056   1.705621951678607e-16
1.000691083300461   1.701486229842015e-16
1.0016132706854268   1.6970166992058493e-16
1.0025363079126541   1.6920584282870498e-16
1.003460195765315   1.6864621891460956e-16
1.004384935027303   1.680064908879097e-16
1.005310526483237   1.672657760124081e-16
1.006236970918455   1.6639669224558837e-16
1.0071642691190217   1.6536846327606461e-16
1.0080924218717229   1.6413254403612313e-16
1.0090214299640743   1.6262288277112037e-16
1.0099512941843132   1.6073028112621118e-16
1.0108820153214038   1.583135862497142e-16
1.0118135941650404   1.5517257584890912e-16
1.0127460315056416   1.5100267959001745e-16
1.013679328134356   1.4535894081318856e-16
1.0146134848430597   1.3761797240701618e-16
1.0155485024243625   1.27023730425121e-16
1.0164843816716003   1.1298592449392683e-16
1.017421123378842   9.635524383647477e-17
1.018358728340887   8.247710014050466e-17
1.0192971973532705   7.925016056848583e-17
1.0202365312122574   8.886741326597064e-17
1.0211767307148476   1.0523845263194651e-16
1.022117796658774   1.2104802272393343e-16
1.0230597298425086   1.3335452665453227e-16
1.0240025310652554   1.4221845095815371e-16
1.0249462011269561   1.4841923155113458e-16
1.025890740828289   1.5285105005244788e-16
1.0268361509706727   1.5605899988881666e-16
1.0277824323562619   1.5841535766706937e-16
1.0287295857879508   1.6017063019143449e-16
1.0296776120693731   1.614947642515315e-16
1.0306265120049063   1.6250279530059142e-16
1.0315762863996651   1.6327596502173297e-16
1.0325269360595086   1.6387187817920965e-16
1.0334784617910362   1.6433029738099905e-16
1.0344308644015945   1.646817082575299e-16
1.0353841446992706   1.6494981370093907e-16
1.036338303492898   1.6515020942066787e-16
1.0372933415920533   1.6529668842310016e-16
1.0382492598070638   1.653993365158187e-16
1.0392060589489993   1.6546537203797082e-16
1.0401637398296784   1.6550085031675068e-16
1.041122303261667   1.6550978856114124e-16
1.0420817500582829   1.6549690458810556e-16
1.0430420810335899   1.6546589120402766e-16
1.0440032970024036   1.654190224820155e-16
1.044965398780289   1.6535855905291726e-16
1.045928387183566   1.6528469606741872e-16
1.0468922630293038   1.6520083481116945e-16
1.0478570271353254   1.651081064541819e-16
1.0488226803202063   1.6500744902091888e-16
1.04978922340328   1.648999119452962e-16
1.0507566572046314   1.6478482536976465e-16
1.0517249825451023   1.6466426164760477e-16
1.05269420024629   1.6453866130050554e-16
1.0536643111305524   1.6440869674320418e-16
1.0546353160210014   1.642748694125334e-16
1.055607215741509   1.641364171539382e-16
1.0565800111167052   1.6399425085571615e-16
1.0575537029719833   1.638495400916514e-16
1.0585282921334938   1.6370157430821732e-16
1.0595037794281497   1.6355136343671658e-16
1.0604801656836251   1.6339842603315448e-16
1.06145745172836   1.6324304137808822e-16
1.0624356383915543   1.630854538717556e-16
1.0634147265031737   1.6292654632513362e-16
1.0643947168939472   1.6276599944278345e-16
1.0653756103953729   1.6260337940467626e-16
1.0663574078397116   1.6243858793147498e-16
1.0673401100599926   1.622731057840787e-16
1.0683237178900116   1.6210617369216403e-16
1.0693082321643357   1.6193855077920078e-16
1.070293653718298   1.6176964174555251e-16
1.0712799833880027   1.6159928986343702e-16
1.072267222010323   1.6142773812516345e-16
1.0732553704229073   1.6125596705380498e-16
1.0742444294641718   1.6108382882617835e-16
1.0752343999733067   1.6091048451035502e-16
1.076225282790275   1.6073591562499837e-16
1.0772170787558164   1.605610162822437e-16
1.0782097887114424   1.6038565197991564e-16
1.079203413499441   1.602103451774111e-16
1.0801979539628754   1.6003511716325155e-16
1.081193410945589   1.5985783027128029e-16
1.0821897852921993   1.59681031594513e-16
1.0831870778481028   1.5950388604885047e-16
1.0841852894594775   1.5932698868473965e-16
1.0851844209732784   1.5915065552744666e-16
1.0861844732372425   1.589724412802e-16
1.087185447099886   1.5879482922983513e-16
1.088187343410511   1.586176365020255e-16
1.089190163019199   1.5844067376426997e-16
1.0901939067768154   1.582641604410263e-16
1.0911985755350093   1.5808626997153272e-16
1.0922041701462177   1.5790902842515114e-16
1.09321069146366   1.577320765579854e-16
1.0942181403413422   1.5755577304564958e-16
1.0952265176340572   1.5737929203664806e-16
1.0962358241973886   1.5720215685434738e-16
1.097246060887705   1.5702521741569072e-16
1.0982572285621655   1.568487163656708e-16
1.0992693280787178   1.5667275200013334e-16
1.1002823602961038   1.5649655942524803e-16
1.101296326073853   1.5632017385690102e-16
1.1023112262722892   1.5614371379785704e-16
1.1033270617525262   1.559674155927793e-16
1.1043438333764763   1.5579204850493004e-16
1.105361542006842   1.556163262631307e-16
1.1063801885071218   1.5543986140623804e-16
1.1073997737416093   1.5526366785019874e-16
1.1084202985753975   1.5508786913925038e-16
1.1094417638743739   1.549126373560931e-16
1.1104641705052245   1.5473690889645557e-16
1.1114875193354328   1.5456086846933575e-16
1.1125118112332857   1.543848028397607e-16
1.1135370470678663   1.5420975377763137e-16
1.1145632277090602   1.540342090057753e-16
1.1155903540275531   1.5385855149147692e-16
1.116618426894837   1.5368254759451439e-16
1.1176474471832027   1.5350660245337975e-16
1.118677415765747   1.5333128050457812e-16
1.11970833351637   1.531558590572481e-16
1.1207402013097798   1.5297975795740842e-16
1.1217730200214877   1.5280360111332182e-16
1.1228067905278134   1.5262762737505948e-16
1.1238415137058821   1.5245192562839113e-16
1.1248771904336314   1.522760861801518e-16
1.1259138215898046   1.5209963196848895e-16
1.1269514080539553   1.519232103105563e-16
1.1279899507064473   1.5174617019805642e-16
1.1290294504284586   1.5157024943172476e-16
1.1300699081019756   1.513934364011133e-16
1.1311113246097997   1.5121593711495222e-16
1.1321537008355433   1.5103848009579524e-16
1.1331970376636378   1.5086131261060292e-16
1.1342413359793253   1.50683913238522e-16
1.1352865966686654   1.5050632838937608e-16
1.1363328206185328   1.5032793215734818e-16
1.137380008716623   1.5014933534028287e-16
1.1384281618514462   1.4997055186958844e-16
1.1394772809123324   1.4979231732940599e-16
1.1405273667894302   1.4961268455185827e-16
1.141578420373712   1.4943323982807613e-16
1.1426304425569673   1.4925330100194908e-16
1.1436834342318096   1.4907350871853506e-16
1.1447373962916727   1.488934460445938e-16
1.145792329630818   1.4871262679249264e-16
1.146848235144327   1.4853189378267533e-16
1.1479051137281076   1.4835097863887176e-16
1.1489629662788923   1.4816986755182814e-16
1.150021793694243   1.4798878629788318e-16
1.1510815968725454   1.4780759184814818e-16
1.1521423767130146   1.4762556431599735e-16
1.1532041341156927   1.4744354381890302e-16
1.1542668699814553   1.4726169165678835e-16
1.155330585212004   1.4707961664760045e-16
1.1563952807098732   1.4689689289035995e-16
1.1574609573784276   1.4671456915616162e-16
1.1585276161218678   1.465315924313603e-16
1.1595952578452242   1.4634924156332403e-16
1.1606638834543626   1.461659616008337e-16
1.161733493855982   1.4598265064558601e-16
1.162804089957621   1.4579941639114458e-16
1.163875672667651   1.4561621794389115e-16
1.1649482428952798   1.4543279346896186e-16
1.1660218015505572   1.4524873065085529e-16
1.1670963495443685   1.4506518414763112e-16
1.1681718877884386   1.448811335668854e-16
1.1692484171953323   1.4469712001688913e-16
1.1703259386784584   1.4451299866156988e-16
1.1714044531520642   1.443292297748498e-16
1.1724839615312403   1.441447692091488e-16
1.17356446473192   1.4396043384262664e-16
1.1746459636708841   1.437761080463474e-16
1.1757284592657542   1.4359160067438996e-16
1.1768119524349991   1.434066230490779e-16
1.177896444097933   1.4322220101167936e-16
1.1789819351747204   1.4303780240857199e-16
1.1800684265863706   1.4285289565335668e-16
1.1811559192547427   1.4266805291242663e-16
1.182244414102544   1.4248339134691093e-16
1.1833339120533364   1.422988140272823e-16
1.184424414031528   1.4211399256512284e-16
1.1855159209623816   1.41928863421831e-16
1.1866084337720098   1.4174417119705306e-16
1.1877019533873836   1.4155960073400606e-16
1.1887964807363243   1.4137457199514606e-16
1.1898920167475089   1.4118973798861034e-16
1.1909885623504695   1.4100555511524371e-16
1.1920861184755984   1.4082037316896252e-16
1.1931846860541417   1.4063585997818618e-16
1.194284266018205   1.4045110329251172e-16
1.1953848593007508   1.4026629207817355e-16
1.1964864668356063   1.4008146655072838e-16
1.1975890895574548   1.3989688428400954e-16
1.1986927284018425   1.397121683319389e-16
1.1997973843051764   1.3952721222439454e-16
1.2009030582047302   1.393422557028852e-16
1.2020097510386374   1.391576800232991e-16
1.2031174637458975   1.3897273873127904e-16
1.2042261972663744   1.3878773469488995e-16
1.2053359525408012   1.3860264614772265e-16
1.2064467305107747   1.384178781421682e-16
1.2075585321187605   1.3823247295314776e-16
1.2086713583080915   1.3804753886202818e-16
1.2097852100229736   1.3786227749171982e-16
1.2109000882084793   1.376772908669161e-16
1.2120159938105528   1.3749237098659028e-16
1.2131329277760095   1.3730740577199822e-16
1.2142508910525402   1.3712225787202617e-16
1.2153698845887064   1.369371198627288e-16
1.2164899093339443   1.3675209745842168e-16
1.2176109662385635   1.365672008675276e-16
1.218733056253754   1.3638212601502276e-16
1.2198561803315775   1.3619678983264822e-16
1.2209803394249756   1.3601202882395785e-16
1.222105534487766   1.3582729818039768e-16
1.223231766474649   1.3564211622151947e-16
1.2243590363412018   1.3545725943659822e-16
1.2254873450438826   1.3527243408843852e-16
1.2266166935400302   1.3508750723757918e-16
1.2277470827878691   1.3490279187270952e-16
1.228878513746504   1.3471847380648856e-16
1.230010987375923   1.3453354996654216e-16
1.2311445046369995   1.3434922440104375e-16
1.232279066491495   1.3416482090388803e-16
1.233414673902054   1.3398031657652329e-16
1.2345513278322087   1.3379530640111965e-16
1.2356890292463791   1.3361102504252252e-16
1.236827779109877   1.334270312402039e-16
1.2379675783889   1.3324281430725263e-16
1.2391084280505376   1.3305865530725963e-16
1.240250329062769   1.3287452623801883e-16
1.24139328239447   1.3269084205989025e-16
1.2425372890154045   1.325069872759747e-16
1.2436823498962315   1.3232308075142698e-16
1.2448284660085038   1.321390327983887e-16
1.245975638324673   1.3195595409102648e-16
1.247123867818083   1.3177270466078616e-16
1.2482731554629747   1.3158970933090003e-16
1.2494235022344908   1.3140625637452505e-16
1.2505749091086686   1.312233359579339e-16
1.2517273770624464   1.3104097612258262e-16
1.2528809070736613   1.3085833701735643e-16
1.2540355001210555   1.3067582254702572e-16
1.2551911571842693   1.3049377080564596e-16
1.2563478792438467   1.3031239940367746e-16
1.2575056672812348   1.301306081727662e-16
1.2586645222787884   1.2994926336582065e-16
1.2598244452197638   1.297682553204858e-16
1.260985437088325   1.2958784565964755e-16
1.2621474988695411   1.2940740920636756e-16
1.2633106315493938   1.2922745284581687e-16
1.2644748361147686   1.2904750427008567e-16
1.2656401135534623   1.2886805081688025e-16
1.2668064648541806   1.2868904653392019e-16
1.267973891006544   1.2851035873144493e-16
1.2691423930010814   1.2833177073057055e-16
1.270311971829236   1.2815392088103946e-16
1.2714826284833625   1.2797672442172643e-16
1.2726543639567351   1.2779967794095104e-16
1.2738271792435387   1.276228817787313e-16
1.2750010753388759   1.2744625723831136e-16
1.2761760532387652   1.2727106361142884e-16
1.2773521139401465   1.2709606621704408e-16
1.2785292584408752   1.269212804206151e-16
1.2797074877397265   1.267465094304353e-16
1.2808868028363962   1.2657288609308977e-16
1.2820672047315038   1.2640018151046785e-16
1.2832486944265877   1.2622739125570976e-16
1.284431272924111   1.2605479545838464e-16
1.2856149412274582   1.258832796846778e-16
1.2867997003409437   1.257125997466484e-16
1.2879855512698024   1.2554246018576394e-16
1.2891724950201973   1.253723431950293e-16
1.2903605325992176   1.2520312701299144e-16
1.291549665014884   1.2503475096566994e-16
1.2927398932761427   1.2486700462206746e-16
1.2939312183928706   1.246998085106833e-16
1.2951236413758742   1.2453284235220807e-16
1.2963171632368955   1.2436727042681887e-16
1.2975117849886044   1.2420212354158922e-16
1.298707507644606   1.2403744313717923e-16
1.299904332219438   1.2387300355276987e-16
1.3011022597285766   1.237099389702826e-16
1.3023012911884304   1.2354748517195747e-16
1.3035014276163457   1.233853112800723e-16
1.304702670030605   1.2322354706242745e-16
1.3059050194504334   1.2306300854124268e-16
1.3071084768959909   1.229032347088076e-16
1.3083130433883792   1.2274369428555535e-16
1.3095187199496399   1.2258468664590215e-16
1.31072550760276   1.2242615372742458e-16
1.3119334073716653   1.222690330242603e-16
1.3131424202812272   1.22111631550665e-16
1.3143525473572593   1.2195470758625526e-16
1.3155637896265249   1.217987336901869e-16
1.3167761481167297   1.2164357453272023e-16
1.3179896238565278   1.214888853409555e-16
1.3192042178755197   1.2133427649455727e-16
1.3204199312042586   1.2118058680907063e-16
1.3216367648742442   1.2102727965404378e-16
1.322854719917927   1.2087468574462213e-16
1.3240737973687084   1.2072228995486527e-16
1.3252939982609462   1.2057043107172387e-16
1.3265153236299465   1.2041914556715115e-16
1.3277377745119718   1.2026846207143355e-16
1.328961351944238   1.2011811396513177e-16
1.3301860569649206   1.1996780226957093e-16
1.3314118906131478   1.1981885354343036e-16
1.332638853929007   1.1967003712510946e-16
1.333866947953543   1.195212533289231e-16
1.335096173728763   1.1937289032829344e-16
1.3363265322976314   1.1922541963145664e-16
1.3375580247040737   1.1907828789790294e-16
1.3387906519929806   1.189313821465223e-16
1.3400244152102028   1.1878455559835339e-16
1.3412593154025554   1.1863841551219815e-16
1.342495353617817   1.184929479059893e-16
1.343732530904736   1.183473529410397e-16
1.3449708483130234   1.1820190732658668e-16
1.3462103068933582   1.1805762863004016e-16
1.3474509076973868   1.1791320868361833e-16
1.348692651777729   1.1776945987911723e-16
1.34993554018797   1.176253447644996e-16
1.351179573982668   1.1748257981282038e-16
1.3524247542173509   1.173399685983031e-16
1.3536710819485238   1.1719734618866162e-16
1.3549185582336618   1.1705474193720453e-16
1.3561671841312148   1.169133987091364e-16
1.3574169607006077   1.1677205242845512e-16
1.3586678890022452   1.1663077814973113e-16
1.3599199700975058   1.164895242935636e-16
1.3611732050487466   1.1634923426467218e-16
1.362427594919303   1.1620921136582885e-16
1.3636831407734944   1.1606928646027917e-16
1.3649398436766165   1.1592946228162458e-16
1.3661977046949485   1.1579061632801602e-16
1.3674567248957505   1.1565174059576831e-16
1.3687169053472708   1.1551317319532254e-16
1.3699782471187372   1.153745740652585e-16
1.371240751280365   1.1523673607057358e-16
1.3725044189033542   1.1509909005556537e-16
1.3737692510598956   1.1496186384663547e-16
1.3750352488231645   1.148243405330272e-16
1.3763024132673265   1.146876677898663e-16
1.3775707454675354   1.145512529044686e-16
1.3788402464999405   1.144149235978392e-16
1.380110917441678   1.14278764861035e-16
1.3813827593708783   1.141431504040176e-16
1.3826557733666645   1.1400765434691922e-16
1.3839299605091577   1.1387266278552138e-16
1.3852053218794707   1.1373754364474394e-16
1.3864818585597136   1.1360315885674835e-16
1.3877595716329925   1.1346883588908234e-16
1.3890384621834155   1.133347300392427e-16
1.3903185312960864   1.1320065628811327e-16
1.3915997800571096   1.130673599870649e-16
1.3928822095535893   1.1293406680845322e-16
1.3941658208736356   1.1280100866779457e-16
1.3954506151063573   1.1266789102465572e-16
1.396736593341868   1.1253595412456833e-16
1.398023756671285   1.1240354815122345e-16
1.3993121061867346   1.1227152363718211e-16
1.4006016429813462   1.121352357832843e-16
1.4018923681492572   1.1200122537459765e-16
1.4031842827856122   1.118671364093026e-16
1.4044773879865695   1.117331615009367e-16
1.4057716848492932   1.1159964984682386e-16
1.4070671744719594   1.1146671370035858e-16
1.4083638579537554   1.1133341850689154e-16
1.4096617363948858   1.1120002256085062e-16
1.410960810896564   1.110673049307476e-16
1.4122610825610211   1.1093481454016185e-16
1.4135625524915008   1.1080250856983728e-16
1.414865221792269   1.1067019415810387e-16
1.4161690915686045   1.1053825332972174e-16
1.4174741629268062   1.1040675674933879e-16
1.4187804369741912   1.1027494096735667e-16
1.420087914819101   1.101434273766131e-16
1.4213965975708944   1.100125255255707e-16
1.4227064863399541   1.0988180450140832e-16
1.4240175822376844   1.0975103265141713e-16
1.4253298863765183   1.0962056933298756e-16
1.4266433998699095   1.0949070035104572e-16
1.4279581238323393   1.0936076856072908e-16
1.4292740593793147   1.0923098280598677e-16
1.430591207627375   1.0910150831080294e-16
1.431909569694084   1.0897262308927183e-16
1.4332291466980354   1.088437295760875e-16
1.4345499397588581   1.0871520864856227e-16
1.4358719499972088   1.0858692834042262e-16
1.4371951785347776   1.0845887234005786e-16
1.4385196264942877   1.0833119585115744e-16
1.4398452949995009   1.0820330748657125e-16
1.44117218517521   1.0807610327228106e-16
1.4425002981472463   1.0794915484865219e-16
1.443829635042477   1.0782233928687995e-16
1.445160196988812   1.0769574771694925e-16
1.446491985115196   1.0756965444827062e-16
1.4478250005516162   1.0744372457136262e-16
1.4491592444290995   1.0731796667831465e-16
1.4504947178797187   1.071924591554095e-16
1.4518314220365869   1.0706745054089358e-16
1.4531693580338614   1.0694244911544655e-16
1.4545085270067442   1.0681766292103596e-16
1.4558489300914874   1.0669318843316548e-16
1.4571905684253863   1.0656889650734329e-16
1.4585334431467851   1.0644464715923415e-16
1.4598775553950758   1.0632065854569883e-16
1.461222906310705   1.0619699353869506e-16
1.462569497035166   1.0607332150811238e-16
1.4639173287110048   1.0594959104350087e-16
1.4652664024818196   1.0582606723987237e-16
1.4666167194922666   1.0570267630304845e-16
1.4679682808880523   1.0557902858081138e-16
1.4693210878159408   1.0545563036898213e-16
1.4706751414237513   1.0533232255008157e-16
1.4720304428603654   1.0520886801098493e-16
1.4733869932757189   1.0508531080555867e-16
1.4747447938208087   1.0496180375678744e-16
1.476103845647691   1.0483818108613579e-16
1.4774641499094883   1.0462334935829051e-16
1.4788257077603808   1.0448152379171166e-16
1.4801885203556147   1.042280324994914e-16
1.4815525888514984   1.037679983064075e-16
1.482917914405411   1.0348819941677726e-16
1.4842844981757932   1.0321209013241105e-16
1.4856523413221554   1.0293926478954865e-16
1.4870214450050745   1.0267024484379407e-16
1.4883918103862017   1.0240685396311393e-16
1.489763438628254   1.0214913309172552e-16
1.4911363308950216   1.018974998833971e-16
1.4925104883513656   1.0165264110273472e-16
1.4938859121632253   1.0141505436854035e-16
1.4952626034976095   1.0118514056781095e-16
1.4966405635226046   1.0096369359210291e-16
1.498019793407371   1.0075079463003565e-16
1.499400294322152   1.0054758079040779e-16
1.5007820674382648   1.0035723600207116e-16
1.5021651139281067   1.0017952317122854e-16
1.5035494349651544   1.0001154766045796e-16
1.5049350317239707   9.9852209693845e-17
1.5063219053801964   9.970166789816808e-17
1.5077100571105566   9.955915749762424e-17
1.5090994880928597   9.942452632474924e-17
1.510490199506004   9.929596486711147e-17
1.5118821925299701   9.917237290818027e-17
1.5132754683458267   9.905537187588035e-17
1.51467002813573   9.894445716039342e-17
1.5160658730829297   9.883158390294679e-17
1.5174630043717618   9.872207002174374e-17
1.5188614231876554   9.861772358765936e-17
1.5202611307171299   9.851804949543616e-17
1.521662128147803   9.842260956957253e-17
1.5230644166683824   9.833132263938865e-17
1.5244679974686726   9.82438072000641e-17
1.525872871739573   9.815967578882487e-17
1.5272790406730856   9.807819236160864e-17
1.5286865054623056   9.799941486551387e-17
1.5300952673014292   9.792300431080405e-17
1.5315053273857522   9.78479946338568e-17
1.5329166869116764   9.777470362346289e-17
1.5343293470767008   9.770265242357199e-17
1.535743309079429   9.76309788055095e-17
1.537158574119573   9.75597325841428e-17
1.538575143397946   9.748839464016543e-17
1.5399930181164698   9.74168517694918e-17
1.5414121994781715   9.734421403395072e-17
1.5428326886871921   9.727043445807027e-17
1.5442544869487773   9.719496476272848e-17
1.5456775954692854   9.711787611958963e-17
1.5471020154561843   9.703822509593042e-17
1.54852774811806   9.695599965261706e-17
1.5499547946646068   9.687058777246914e-17
1.5513831563066363   9.678181942954956e-17
1.5528128342560736   9.66895624439403e-17
1.5542438297259655   9.659421507006228e-17
1.5556761439304723   9.649547644857324e-17
1.5571097780848744   9.639386150085427e-17
1.5585447334055709   9.628918547952827e-17
1.5599810111100862   9.618177900567593e-17
1.5614186124170624   9.607151991593672e-17
1.562857538546266   9.595882630846132e-17
1.564297790718586   9.584335002663757e-17
1.5657393701560414   9.572597443368046e-17
1.5671822780817724   9.560585969949398e-17
1.5686265157200479   9.548389507177933e-17
1.5700720842962637   9.536000434388757e-17
1.5715189850369498   9.523397676615611e-17
1.572967219169761   9.510628168245148e-17
1.5744167879234858   9.497701117505325e-17
1.575867692528043   9.484599725726019e-17
1.5773199342144901   9.471351122688307e-17
1.5787735142150139   9.457987966188285e-17
1.5802284337629384   9.444522242601207e-17
1.5816846940927225   9.43090701327879e-17
1.5831422964399675   9.417218857984133e-17
1.5846012420414093   9.40344797990756e-17
1.5860615321349238   9.389609684592543e-17
1.587523167959527   9.375691789221046e-17
1.5889861507553815   9.361744810180523e-17
1.5904504817637874   9.347772418271116e-17
1.5919161622271911   9.333757646810306e-17
1.5933831933891816   9.319689049228396e-17
1.594851576494499   9.305627414758558e-17
1.5963213127890261   9.291579154898058e-17
1.597792403519795   9.277535768555845e-17
1.5992648499349855   9.263484956176291e-17
1.6007386532839325   9.24948411430712e-17
1.6022138148171172   9.235489388102629e-17
1.6036903357861754   9.221554385479756e-17
1.605168217443894   9.207660581597644e-17
1.6066474610442194   9.193840806446147e-17
1.6081280678422494   9.180091538917816e-17
1.6096100390942392   9.166428337980348e-17
1.6110933760576005   9.152865288176442e-17
1.6125780799909086   9.139411272813663e-17
1.6140641521538939   9.126061616470879e-17
1.6155515938074487   9.112847958105005e-17
1.6170404062136265   9.099778314175873e-17
1.6185305906356484   9.086835435748816e-17
1.6200221483378945   9.07406512452245e-17
1.621515080585912   9.061454002137797e-17
1.6230093886464123   9.04904825382169e-17
1.6245050737872797   9.036787023263136e-17
1.6260021372775617   9.024758467288411e-17
1.627500580387477   9.012944766912577e-17
1.6290004043884128   9.001320273326341e-17
1.6305016105529333   8.989936168804303e-17
1.6320042001547708   8.978806129188127e-17
1.6335081744688322   8.967922695923592e-17
1.6350135347711983   8.957292645462202e-17
1.6365202823391307   8.944640139421102e-17
1.6380284184510632   8.931328186437918e-17
1.6395379443866087   8.91827759797759e-17
1.6410488614265588   8.905473607262408e-17
1.6425611708528896   8.892945257113477e-17
1.6440748739487536   8.880745454432821e-17
1.6455899719984879   8.868839069640092e-17
1.6471064662876114   8.857308238003778e-17
1.6486243581028324   8.846140784795337e-17
1.65014364873204   8.835368873888094e-17
1.6516643394643105   8.82500976083613e-17
1.653186431589913   8.815038899385483e-17
1.6547099264003002   8.805441504403254e-17
1.6562348251881174   8.796204254409891e-17
1.657761129247199   8.787294343013836e-17
1.6592888398725765   8.77868772698627e-17
1.6608179583604705   8.770403922979124e-17
1.662348486008297   8.762393337212039e-17
1.663880424114667   8.754633770461797e-17
1.665413773979392   8.74712108361629e-17
1.6669485369034773   8.739817457396081e-17
1.6684847141891286   8.732691120716757e-17
1.6700223071397498   8.725765604746817e-17
1.6715613170599506   8.719011538159836e-17
1.673101745255539   8.712353935357406e-17
1.6746435930335268   8.7058268440113e-17
1.6761868617021298   8.699390956049341e-17
1.6777315525707737   8.693030160006596e-17
1.6792776669500855   8.686720857957868e-17
1.680825206151903   8.680416556543061e-17
1.6823741714892697   8.674125064471274e-17
1.6839245642764453   8.667831877731637e-17
1.6854763858288953   8.661493566522295e-17
1.6870296374632987   8.655067220430244e-17
1.6885843204975468   8.648568033556134e-17
1.6901404362507504   8.641949603149027e-17
1.6916979860432306   8.635188989673723e-17
1.6932569711965268   8.628253434845926e-17
1.6948173930333952   8.621118886366165e-17
1.6963792528778154   8.613758279157279e-17
1.6979425520549825   8.606140961724107e-17
1.6995072918913139   8.598237142628763e-17
1.7010734737144486   8.590019811504496e-17
1.7026410988532537   8.581496211253236e-17
1.7042101686378153   8.572662849346928e-17
1.7057806843994479   8.563565353441399e-17
1.7073526474706904   8.554202067683188e-17
1.7089260591853155   8.544594592276005e-17
1.7105009208783193   8.536148393723822e-17
1.71207723388593   8.528241225269116e-17
1.7136549995456059   8.520215791505546e-17
1.7152342191960426   8.51209547924471e-17
1.7168148941771642   8.503866138760146e-17
1.7183970258301318   8.495566555060101e-17
1.7199806154973398   8.487205562721895e-17
1.7215656645224258   8.478779941931354e-17
1.72315217425026   8.470334926636657e-17
1.7247401460269538   8.461854093633949e-17
1.7263295811998574   8.45336078672748e-17
1.7279204811175677   8.444865397626474e-17
1.7295128471299193   8.436389801352055e-17
1.7311066805879924   8.427947958944427e-17
1.7327019828441108   8.419547601017703e-17
1.7342987552518496   8.411200398056758e-17
1.735896999166026   8.40291468357681e-17
1.7374967159427073   8.394722157084301e-17
1.7390979069392092   8.386623960156761e-17
1.7407005735141032   8.378635867369773e-17
1.7423047170272075   8.370770530003521e-17
1.7439103388395953   8.363037427928277e-17
1.7455174403135925   8.355473852265414e-17
1.7471260228127852   8.348072906230547e-17
1.7487360877020113   8.340843084685305e-17
1.750347636347368   8.33380043420778e-17
1.7519606701162103   8.326976540856923e-17
1.7535751903771573   8.320337076673799e-17
1.7551911985000852   8.313902210021477e-17
1.756808695856134   8.307681808479926e-17
1.7584276838177055   8.301659937163366e-17
1.7600481637584713   8.295828597252308e-17
1.761670137053364   8.290182552160327e-17
1.7632936050785848   8.284746053361121e-17
1.7649185692116016   8.279505284214075e-17
1.7665450308311565   8.274468892583917e-17
1.7681729913172577   8.269615169178548e-17
1.7698024520511841   8.264953152343974e-17
1.771433414415494   8.26047118315726e-17
1.7730658797940135   8.256203377636307e-17
1.7746998495718462   8.252106161675665e-17
1.7763353251353704   8.248205503043403e-17
1.7779723078722471   8.244490695656093e-17
1.779610799171411   8.240976351436204e-17
1.7812508004230783   8.237636231149599e-17
1.7828923130187448   8.234480033588169e-17
1.7845353383511942   8.231521512171745e-17
1.7861798778144875   8.228739797447339e-17
1.7878259328039732   8.226148019727758e-17
1.7894735047162833   8.223736346932908e-17
1.7911225949493426   8.221505586879823e-17
1.7927732049023584   8.21944186526782e-17
1.7944253359758293   8.217583495246238e-17
1.796078989571543   8.215896130212686e-17
1.7977341670925842   8.21439440663284e-17
1.7993908699433252   8.213056495500284e-17
1.8010490995294346   8.211916343229442e-17
1.8027088572578742   8.210950328557608e-17
1.8043701445369082   8.210138980409665e-17
1.8060329627760925   8.209473465736814e-17
1.8076973133862846   8.208964287060748e-17
1.8093631977796398   8.208596586450243e-17
1.8110306173696202   8.208373954932395e-17
1.8126995735709859   8.208257086481046e-17
1.8143700677998011   8.208250086080762e-17
1.8160421014734345   8.20834149296736e-17
1.8177156760105657   8.20853070599173e-17
1.8193907928311766   8.208817495076674e-17
1.821067453356559   8.209161023457119e-17
1.8227456590093134   8.209574482366887e-17
1.8244254112133562   8.21005868185034e-17
1.8261067113939107   8.210577056432965e-17
1.8277895609775154   8.211140886181249e-17
1.8294739613920217   8.21172184098006e-17
1.8311599140666024   8.212332126891808e-17
1.8328474204317418   8.212951962128738e-17
1.8345364819192438   8.213573693424426e-17
1.8362270999622308   8.214164838756226e-17
1.8379192759951508   8.214738955302991e-17
1.8396130114537685   8.215284837704989e-17
1.8413083077751735   8.215788515998665e-17
1.8430051663977776   8.216236929034742e-17
1.8447035887613241   8.216628794336472e-17
1.8464035763068776   8.216922361349268e-17
1.8481051304768321   8.217157100315793e-17
1.8498082527149096   8.217288375444756e-17
1.8515129444661675   8.217306831056328e-17
1.8532192071769897   8.217198273037111e-17
1.854927042295095   8.216979001227699e-17
1.8566364512695341   8.216631195712471e-17
1.8583474355506988   8.216128398513413e-17
1.860059996590312   8.21546498052846e-17
1.8617741358414364   8.21465954085026e-17
1.8634898547584715   8.213686872766297e-17
1.8652071547971631   8.212519968310328e-17
1.866926037414593   8.211168356420854e-17
1.8686465040691873   8.209639697369858e-17
1.8703685562207144   8.207883091561866e-17
1.8720921953302936   8.205911203237639e-17
1.873817422860385   8.203713012954289e-17
1.8755442402747982   8.201300259459713e-17
1.8772726490386902   8.198622147014781e-17
1.8790026506185737   8.195715498333786e-17
1.8807342464823074   8.192532267129778e-17
1.882467438099104   8.189085824864448e-17
1.8842022269395287   8.18532676046774e-17
1.885938614475508   8.181317181884205e-17
1.8876766021803182   8.176967379175731e-17
1.889416191528596   8.172352735228695e-17
1.8911573839963352   8.167398127446762e-17
1.8929001810608943   8.162120473928526e-17
1.8946445842009891   8.156489033770801e-17
1.8963905948966973   8.150532547255412e-17
1.8981382146294663   8.144218068309105e-17
1.899887444882103   8.137532913435123e-17
1.9016382871387834   8.130495821471125e-17
1.903390742885048   8.123068735759046e-17
1.9051448136078133   8.11526921104082e-17
1.9069005007953597   8.107106218250703e-17
1.9086578059373411   8.098554533052224e-17
1.9104167305247823   8.089614852158593e-17
1.912177276050088   8.080328727508559e-17
1.9139394440070323   8.0706557983646e-17
1.915703235890768   8.060599398851324e-17
1.9174686531978238   8.050170277068535e-17
1.919235697426113   8.039361220512425e-17
1.9210043700749244   8.028196562322414e-17
1.922774672644929   8.016619978978283e-17
1.9245466066381802   8.0047079222294e-17
1.9263201735581204   7.992398704030018e-17
1.9280953749095722   7.979720606944507e-17
1.9298722121987468   7.966666052489491e-17
1.9316506869332417   7.953246982912159e-17
1.933430800622049   7.939466662837324e-17
1.9352125547755465   7.925309892654705e-17
1.9369959509055048   7.910783898622904e-17
1.9387809905250863   7.895892566781903e-17
1.9405676751488536   7.880644252330007e-17
1.9423560062927594   7.865009053599569e-17
1.9441459854741552   7.849042933347957e-17
1.9459376142117886   7.832715494075503e-17
1.947730894025813   7.816020892922677e-17
1.9495258264377766   7.798972845740586e-17
1.9513224129706321   7.78157750145162e-17
1.9531206551487337   7.763901206252449e-17
1.9549205544978456   7.746062040821642e-17
1.956722112545133   7.728178990482709e-17
1.95852533081917   7.710294837833858e-17
1.960330210849937   7.692582929314809e-17
1.9621367541688313   7.675092928548835e-17
1.9639449623086547   7.657917860519548e-17
1.9657548368036237   7.64125924379628e-17
1.9675663791893672   7.625052446077717e-17
1.9693795910029341   7.609546061208446e-17
1.9711944737827851   7.594728980687889e-17
1.9730110290687997   7.580777906684421e-17
1.9748292584022749   7.567767389634679e-17
1.976649163325934   7.55573578190026e-17
1.978470745383916   7.544843002043512e-17
1.980294006121785   7.535210867310911e-17
1.9821189470865272   7.52685148338949e-17
1.9839455698265607   7.519932460581974e-17
1.985773875891724   7.514551797847405e-17
1.9876038668332867   7.510790444125296e-17
1.9894355442039453   7.508745989514562e-17
1.9912689095578333   7.508567401583192e-17
1.9931039644505109   7.510364971408171e-17
1.994940710438973   7.514221152591305e-17
1.996779149081648   7.520290545184397e-17
1.9986192819384063   7.528676061805094e-17
2.0004611105705496   7.534832475161628e-17
2.002304636540821   7.527894797319125e-17
2.0041498614134006   7.520963508586719e-17
2.0059967867539172   7.514038603074667e-17
2.007845414129436   7.507120074898698e-17
2.009695745108468   7.50020791817999e-17
2.011547781260968   7.493302127045173e-17
2.0134015241583434   7.48640269562629e-17
2.015256975373444   7.479509618060853e-17
2.0171141364805707   7.472622888491788e-17
2.0189730090554736   7.465742501067454e-17
2.02083359467536   7.458868449941612e-17
2.0226958949188867   7.452000729273457e-17
2.0245599113661648   7.445139333227592e-17
2.0264256455987613   7.438284255974022e-17
2.028293099199706   7.431435491688136e-17
2.0301622737534815   7.424593034550742e-17
2.0320331708460313   7.417756878748031e-17
2.0339057920647656   7.410927018471558e-17
2.0357801389985517   7.404103447918283e-17
2.0376562132377236   7.397286161290527e-17
2.039534016374078   7.390475152795994e-17
2.0414135500008848   7.383670416647724e-17
2.0432948157128767   7.37687194706414e-17
2.0451778151062583   7.37007973826901e-17
2.0470625497787016   7.36329378449146e-17
2.048949021329358   7.356514079965938e-17
2.050837231358847   7.349740618932247e-17
2.052727181469265   7.342973395635526e-17
2.0546188732641815   7.336212404326237e-17
2.0565123083486516   7.329457639260153e-17
2.058407488329202   7.322709094698389e-17
2.0603044148138427   7.315966764907356e-17
2.062203089412064   7.309230644158786e-17
2.0641035137348442   7.302500726729695e-17
2.0660056893946415   7.295777006902416e-17
2.0679096180054013   7.289059478964566e-17
2.0698153011825537   7.28234813720906e-17
2.0717227405430254   7.27564297593408e-17
2.0736319377052252   7.268943989443093e-17
2.0755428942890566   7.262251172044847e-17
2.077455611915913   7.255564518053359e-17
2.079370092208689   7.248884021787885e-17
2.0812863367917687   7.242209677572965e-17
2.083204347291034   7.235541479738387e-17
2.085124125333864   7.228879422619184e-17
2.0870456725491437   7.222223500555627e-17
2.0889689905672526   7.215573707893233e-17
2.0908940810200747   7.208930038982753e-17
2.0928209455409967   7.202292488180169e-17
2.094749585764916   7.195661049846665e-17
2.0966800033282302   7.189035718348672e-17
2.0986121998688474   7.182416488057823e-17
2.100546177026183   7.175803353350961e-17
2.10248193644117   7.169196308610121e-17
2.104419479756246   7.162595348222555e-17
2.106358808615365   7.156000466580701e-17
2.1082999246639944   7.149411658082191e-17
2.110242829549124   7.142828917129828e-17
2.1121875249192543   7.136252238131603e-17
2.114134012424408   7.129681615500685e-17
2.1160822937161257   7.123117043655421e-17
2.118032370447477   7.116558517019286e-17
2.1199842442730477   7.110006030020956e-17
2.1219379168489514   7.103459577094238e-17
2.1238933898328245   7.09691915267811e-17
2.125850664883839   7.090384751216665e-17
2.127809743662688   7.083856367159161e-17
2.129770627831598   7.07733399495998e-17
2.1317333190543253   7.070817629078648e-17
2.1336978189961653   7.064307263979795e-17
2.135664129323942   7.05780289413319e-17
2.1376322517060173   7.05130451401371e-17
2.139602187812289   7.044812118101354e-17
2.1415739393141995   7.038325700881204e-17
2.1435475078847253   7.031845256843469e-17
2.1455228951983876   7.025370780483443e-17
2.1475001029312475   7.018902266301523e-17
2.1494791327609173   7.012439708803166e-17
2.1514599863665493   7.005983102498939e-17
2.153442665428846   6.999532441904475e-17
2.155427171630054   6.993087721540493e-17
2.15741350665398   6.986648935932756e-17
2.159401672185974   6.980216079612105e-17
2.161391669912941   6.973789147114446e-17
2.1633835015233402   6.967368132980733e-17
2.165377168707191   6.960953031756954e-17
2.1673726731560654   6.954543837994165e-17
2.169370016563096   6.94814054624845e-17
2.1713692006229737   6.941743151080933e-17
2.1733702270319566   6.935351647057753e-17
2.1753730974878613   6.928966028750094e-17
2.177377813690067   6.922586290734156e-17
2.1793843773395274   6.916212427591141e-17
2.181392790138756   6.909844433907276e-17
2.1834030537918374   6.903482304273792e-17
2.185415170004425   6.897126033286929e-17
2.1874291404837507   6.890775615547897e-17
2.1894449669386122   6.884431045662933e-17
2.191462651079385   6.878092318243238e-17
2.193482194618018   6.871759427905011e-17
2.1955035992680454   6.865432369269411e-17
2.1975268667445724   6.859111136962588e-17
2.1995519987642878   6.852795725615652e-17
2.2015789970454605   6.84648612986469e-17
2.203607863307949   6.840182344350724e-17
2.20563859927319   6.833884363719749e-17
2.2076712066642097   6.827592182622709e-17
2.2097056872056187   6.821305795715497e-17
2.2117420426236243   6.815025197658925e-17
2.2137802746460173   6.80875038311877e-17
2.2158203850021843   6.802481346765722e-17
2.2178623754231017   6.796218083275417e-17
2.2199062476413496   6.789960587328381e-17
2.2219520033910958   6.783708853610087e-17
2.223999644408111   6.77746287681091e-17
2.226049172429761   6.771222651626141e-17
2.228100589195021   6.764988172755959e-17
2.230153896444461   6.758759434905454e-17
2.232209095920258   6.752536432784613e-17
2.234266189366192   6.746319161108313e-17
2.236325178527656   6.740107614596299e-17
2.238386065151646   6.733901787973219e-17
2.2404488509867693   6.727701675968589e-17
2.242513537783243   6.721507273316799e-17
2.244580127292903   6.715318574757097e-17
2.246648621269194   6.709135575033602e-17
2.2487190214671773   6.702958268895292e-17
2.250791329643531   6.696786651096e-17
2.252865547556558   6.690620716394393e-17
2.2549416769661748   6.684460459554e-17
2.2570197196339215   6.678305875343183e-17
2.2590996773229604   6.672156958535145e-17
2.261181551798085   6.666013703907902e-17
2.263265344825708   6.659876106244316e-17
2.2653510581738727   6.653744160332063e-17
2.2674386936122484   6.647617860963641e-17
2.269528252912144   6.641497202936342e-17
2.271619737846492   6.63538218105229e-17
2.2737131501898626   6.629272790118404e-17
2.2758084917184576   6.623169024946406e-17
2.2779057642101233   6.61707088035279e-17
2.2800049694443376   6.610978351158872e-17
2.28210610920222   6.604891432190738e-17
2.2842091852665303   6.598810118279259e-17
2.2863141994216765   6.592734404260069e-17
2.2884211534537053   6.586664284973592e-17
2.2905300491503113   6.580599755265015e-17
2.2926408883008342   6.574540809984294e-17
2.2947536726962694   6.568487443986118e-17
2.2968684041292557   6.562439652129961e-17
2.2989850843940873   6.556397429280031e-17
2.3011037152867084   6.550360770305293e-17
2.303224298604726   6.54432967007943e-17
2.305346836147396   6.538304123480887e-17
2.3074713297156353   6.532284125392826e-17
2.3095977811120183   6.526269670703152e-17
2.3117261921407866   6.520260754304464e-17
2.3138565646078386   6.51425737109411e-17
2.3159889003207383   6.508259515974139e-17
2.318123201088714   6.502267183851319e-17
2.320259468722668   6.496280369637102e-17
2.322397705035164   6.490299068247659e-17
2.3245379118404386   6.484323274603859e-17
2.3266800909543983   6.478352983631265e-17
2.3288242441946303   6.472388190260102e-17
2.3309703733803886   6.466428889425313e-17
2.3331184803326073   6.4604750760665e-17
2.335268566873895   6.454526745127954e-17
2.337420634828549   6.448583891558613e-17
2.3395746860225386   6.442646510312102e-17
2.3417307222835166   6.43671459634671e-17
2.343888745440828   6.430788144625356e-17
2.346048757325495   6.424867150115643e-17
2.3482107597702306   6.418951607789804e-17
2.350374754609434   6.413041512624736e-17
2.352540743679202   6.407136859601944e-17
2.354708728817317   6.401237643707596e-17
2.3568787118632564   6.395343859932481e-17
2.3590506946581904   6.389455503272022e-17
2.3612246790449944   6.383572568726245e-17
2.3634006668682335   6.377695051299815e-17
2.3655786599741755   6.371822946002004e-17
2.3677586602107876   6.3659562478467e-17
2.3699406694277467   6.360094951852377e-17
2.372124689476427   6.354239053042129e-17
2.3743107222099122   6.348388546443639e-17
2.3764987694829904   6.34254342708919e-17
2.378688833152166   6.336703690015637e-17
2.3808809150756476   6.330869330264432e-17
2.383075017113359   6.325040342881603e-17
2.3852711411269345   6.319216722917758e-17
2.3874692889797324   6.313398465428066e-17
2.3896694625368196   6.307585565472268e-17
2.3918716636649857   6.301778018114669e-17
2.3940758942327367   6.295975818424137e-17
2.3962821561103094   6.290178961474074e-17
2.3984904511696556   6.284387442342452e-17
2.4007007812844545   6.278601256111782e-17
2.402913148330111   6.272820397869122e-17
2.405127554183764   6.267044862706046e-17
2.407344000724276   6.261274645718684e-17
2.4095624898322425   6.255509742007685e-17
2.4117830233899906   6.249750146678228e-17
2.414005603281589   6.243995854839993e-17
2.416230231392835   6.238246861607199e-17
2.4184569096112667   6.232503162098568e-17
2.420685639826159   6.226764751437328e-17
2.422916423928535   6.221031624751203e-17
2.425149263811153   6.215303777172428e-17
2.427384161368519   6.20958120383773e-17
2.4296211184968817   6.203863899888325e-17
2.4318601370942443   6.198151860469909e-17
2.4341012190603526   6.192445080732669e-17
2.436344366296705   6.186743555831268e-17
2.4385895807065494   6.181047280924846e-17
2.4408368641948965   6.175356251176996e-17
2.4430862186685034   6.169670461755794e-17
2.4453376460358878   6.163989907833773e-17
2.447591148207324   6.158314584587931e-17
2.449846727094853   6.152644487199689e-17
2.4521043846122716   6.146979610854951e-17
2.4543641226751425   6.141319950744048e-17
2.45662594320079   6.135665502061763e-17
2.4588898481083143   6.130016260007296e-17
2.4611558393185766   6.124372219784295e-17
2.4634239187542093   6.118733376600832e-17
2.4656940883396157   6.113099725669411e-17
2.4679663500009794   6.107471262206931e-17
2.470240705666251   6.101847981434735e-17
2.4725171572651616   6.09622987857856e-17
2.4747957067292172   6.090616948868565e-17
2.4770763559917115   6.085009187539292e-17
2.479359106987712   6.079406589829697e-17
2.481643961654073   6.07380915098313e-17
2.4839309219294297   6.068216866247332e-17
2.4862199897542125   6.06262973087442e-17
2.4885111670706324   6.057047740120904e-17
2.490804455822692   6.051470889247677e-17
2.493099857956184   6.04589917352e-17
2.4953973754187007   6.040332588207495e-17
2.4976970101596225   6.034771128584168e-17
2.4999987641301282   6.029214789928379e-17
2.5023026392831924   6.023663567522851e-17
2.504608637573597   6.018117456654649e-17
2.506916760957918   6.0125764526152e-17
2.509227011394534   6.007040550700281e-17
2.511539390843636   6.001509746209989e-17
2.5138539012672148   5.995984034448784e-17
2.5161705446290705   5.990463410725445e-17
2.518489322894811   5.984947870353095e-17
2.520810238031863   5.979437408649162e-17
2.5231332920094593   5.973932020935412e-17
2.525458486798649   5.968431702537924e-17
2.5277858243722955   5.962936448787099e-17
2.5301153067050888   5.957446255017625e-17
2.5324469357735295   5.951961116568519e-17
2.5347807135559433   5.946481028783092e-17
2.5371166420324758   5.941005987008957e-17
2.5394547231851057   5.935535986598005e-17
2.54179495899763   5.865395719019903e-17
2.5441373514556767   5.827186683387727e-17
2.5464819025467014   5.797982068854255e-17
2.548828614259998   5.77307888762363e-17
2.5511774885866867   5.750843310734572e-17
2.5535285275197253   5.730475184806817e-17
2.555881733053905   5.711511345390208e-17
2.5582371071858634   5.693654940701034e-17
2.5605946519140703   5.676702069046195e-17
2.56295436923884   5.660505440984426e-17
2.565316261162327   5.644954501578118e-17
2.5676803296885393   5.629963722607433e-17
2.570046576823324   5.615465299622223e-17
2.572415004574378   5.601404382506823e-17
2.574785614951248   5.587735841137119e-17
2.5771584099653384   5.57442200195982e-17
2.5795333916299   5.56143102118752e-17
2.581910561960042   5.5487356884177255e-17
2.5842899229727276   5.536312529073497e-17
2.586671476686787   5.5241411191440184e-17
2.589055225122902   5.5122035538495694e-17
2.5914411703036206   5.500484029934425e-17
2.593829314253351   5.488968513201128e-17
2.5962196589983746   5.4776444709219805e-17
2.598612206566833   5.4665006542781684e-17
2.6010069589887403   5.455526919835976e-17
2.6034039182959767   5.444714081815918e-17
2.6058030865223043   5.4340537888934916e-17
2.6082044657033503   5.423538420722748e-17
2.6106080578766218   5.4131610004501373e-17
2.6130138650815002   5.40291512029417e-17
2.615421889359254   5.3927948778785166e-17
2.6178321327530254   5.382794821475387e-17
2.6202445973078423   5.372909902678236e-17
2.6226592850706134   5.363135435305672e-17
2.625076198090143   5.353467059560382e-17
2.627495338417115   5.3439007106430064e-17
2.629916708104105   5.3344325911608074e-17
2.632340309205579   5.3250591467840143e-17
2.6347661437779033   5.315777044693406e-17
2.637194213879331   5.3065831544369737e-17
2.639624521570016   5.297474530873579e-17
2.642057068912006   5.2884483989316026e-17
2.6444918579692596   5.2795021399512745e-17
2.6469288908076267   5.270633279413778e-17
2.6493681694948656   5.2618394758881766e-17
2.6518096961006368   5.253118511051406e-17
2.654253472696516   5.244468280656215e-17
2.6566995013559795   5.235886786339153e-17
2.6591477841544187   5.227372128174557e-17
2.6615983231691334   5.2189224978930944e-17
2.664051120479346   5.210536172693426e-17
2.6665061781661876   5.20221150958475e-17
2.668963498312709   5.1939469402052724e-17
2.6714230830038788   5.185740966068519e-17
2.6738849343265945   5.177592154194879e-17
2.6763490543696693   5.169499133090876e-17
2.678815445223843   5.1614605890426745e-17
2.68128410898178   5.1534752626943044e-17
2.6837550477380816   5.145541945884165e-17
2.6862282635892716   5.137659478716407e-17
2.688703758633804   5.1298267468459807e-17
2.691181534972077   5.1220426789586006e-17
2.6936615947064153   5.1143062444288185e-17
2.6961439399410834   5.106616451140839e-17
2.6986285727822823   5.0989723434585095e-17
2.701115495338163   5.091373000332078e-17
2.7036047097188103   5.0838175335307e-17
2.706096218036256   5.076305085990403e-17
2.7085900224044774   5.0688348302685525e-17
2.7110861249394054   5.061405967096383e-17
2.7135845277589143   5.054017724022187e-17
2.716085232982833   5.046669354138158e-17
2.71858824273294   5.0393601348847374e-17
2.721093559132979   5.0320893669266554e-17
2.7236011843086407   5.0248563730956044e-17
2.7261111203875794   5.0176604973945734e-17
2.7286233694994055   5.010501104059627e-17
2.731137933775702   5.003377576674998e-17
2.7336548153500067   4.9962893173379655e-17
2.736174016357827   4.9892357458699406e-17
2.738695538936635   4.982216299070804e-17
2.741219385225882   4.975230430013499e-17
2.7437455573669807   4.968277607376391e-17
2.7462740575033213   4.961357314810756e-17
2.748804887780267   4.9544690503413016e-17
2.7513380503451645   4.9476123257975263e-17
2.7538735473473333   4.940786666274077e-17
2.7564113809380744   4.9339916096182256e-17
2.7589515532706703   4.927226705942854e-17
2.7614940665003944   4.920491517163366e-17
2.7640389227844997   4.913785616557185e-17
2.7665861242822283   4.90710858834437e-17
2.769135673154811   4.900460027288219e-17
2.7716875715654776   4.893839538314632e-17
2.774241821679443   4.887246736149251e-17
2.7767984256639213   4.880681244971247e-17
2.77935738568812   4.874142698082928e-17
2.7819187039232545   4.867630737594197e-17
2.7844823825425316   4.8611450141211704e-17
2.7870484237211657   4.854685186498038e-17
2.789616829636371   4.8482509215015655e-17
2.7921876024673775   4.841841893587479e-17
2.794760744395415   4.835457784638224e-17
2.7973362576037264   4.829098283721359e-17
2.799914144277563   4.822763086858142e-17
2.802494406604199   4.8164518968017177e-17
2.805077046772915   4.8101644228245064e-17
2.8076620669750136   4.8039003805142155e-17
2.810249469403813   4.797659491578139e-17
2.81283925625466   4.7914414836552746e-17
2.8154314297249177   4.7852460901359445e-17
2.8180259920139767   4.7790730499884664e-17
2.8206229453232514   4.7729221075926174e-17
2.8232222918561933   4.766793012579497e-17
2.8258240338182756   4.760685519677574e-17
2.8284281734170076   4.7545993885645425e-17
2.83103471286193   4.7485343837247526e-17
2.8336436543646277   4.742490274311958e-17
2.8362550001387157   4.736466834017178e-17
2.838868752399851   4.7304638409413547e-17
2.8414849133657305   4.724481077472667e-17
2.844103485256103   4.718518330168247e-17
2.8467244702927545   4.7125753896401646e-17
2.849347870699521   4.7066520504454194e-17
2.851973688702285   4.7007481109798096e-17
2.8546019265289893   4.694863373375494e-17
2.857232586409621   4.688997643402134e-17
2.8598656705762258   4.6831507303713905e-17
2.8625011812629015   4.6773224470446905e-17
2.865139120705816   4.671512609544081e-17
2.867779491143187   4.6657210372661417e-17
2.8704222948152993   4.659947552798674e-17
2.8730675339644987   4.654191981840202e-17
2.8757152108352053   4.648454153122059e-17
2.878365327673901   4.6427338983330704e-17
2.881017886729136   4.63703105204661e-17
2.883672890251542   4.6313454516499966e-17
2.886330340493816   4.625676937276178e-17
2.888990239710734   4.6200253517375194e-17
2.8916525901591474   4.614390540461694e-17
2.894317394097995   4.608772351429538e-17
2.89698465378829   4.603170635114872e-17
2.899654371493131   4.597585244426115e-17
2.9023265494776993   4.59201603464971e-17
2.9050011900092736   4.586462863395209e-17
2.907678295357212   4.58092559054209e-17
2.9103578677929667   4.575404078188068e-17
2.913039909590082   4.569898190598995e-17
2.915724423024204   4.564407794160181e-17
2.918411410373069   4.558932757329199e-17
2.921100873916514   4.5534729505900025e-17
2.9237928159364737   4.5480282464083804e-17
2.9264872387169967   4.542598519188681e-17
2.9291841445442253   4.537183645231791e-17
2.9318835357064126   4.53178350269426e-17
2.9345854144939176   4.526397971548598e-17
2.9372897831992186   4.521026933544645e-17
2.9399966441168974   4.5156702721720733e-17
2.942705999543654   4.510327872623841e-17
2.945417851778301   4.504999621760704e-17
2.9481322031217796   4.499685408076637e-17
2.950849055877142   4.494385121665251e-17
2.9535684123495645   4.489098654187055e-17
2.956290274846346   4.4838258988376156e-17
2.959014645676922   4.4785667503165286e-17
2.9617415271528444   4.473321104797266e-17
2.9644709215878002   4.46808885989775e-17
2.9672028312976053   4.4628699146517197e-17
2.969937258600218   4.4576641694808166e-17
2.972674205815725   4.452471526167423e-17
2.9754136752663523   4.4472918878281605e-17
2.978155669276465   4.4421251588880654e-17
2.9809001901725773   4.4369712450554066e-17
2.9836472402833403   4.4318300532971736e-17
2.9863968219395525   4.426701491815122e-17
2.9891489374741576   4.421585470022457e-17
2.991903589222259   4.4164818985210293e-17
2.9946607795211024   4.4113906890791796e-17
2.9974205107100906   4.406311754610037e-17
3.0001827851307796   4.401245009150393e-17
3.002947605126891   4.396190367840037e-17
3.005714973044299   4.391147746901657e-17
3.008484891231041   4.386117063621145e-17
3.011257362037317   4.3810982363284136e-17
3.0140323878155   4.376091184378629e-17
3.0168099709201233   4.371095828133923e-17
3.019590113707892   4.3661120889455066e-17
3.02237281853768   4.361139889136189e-17
3.0251580877705457   4.3561791519833025e-17
3.027945923769712   4.351229801702048e-17
3.030736328900584   4.3462917634291816e-17
3.0335293055307435   4.341364963207083e-17
3.036324856029963   4.336449327968173e-17
3.0391229827701896   4.3315447855197165e-17
3.0419236881255602   4.3266512645289127e-17
3.0447269744723946   4.321768694508363e-17
3.0475328441892144   4.316897005801796e-17
3.0503412996567216   4.312036129570194e-17
3.0531523432578163   4.307185997778142e-17
3.055965977377591   4.3023465431805184e-17
3.0587822044033457   4.297517699309433e-17
3.061601026724572   4.2926994004615076e-17
3.064422446732965   4.287891581685366e-17
3.0672464668224215   4.2830941787694256e-17
3.070073089389054   4.27830712822992e-17
3.0729023168311738   4.2735303672992175e-17
3.075734151549305   4.268763833914331e-17
3.0785685959461806   4.264007466705718e-17
3.0814056524267586   4.2592612049862437e-17
3.084245323398202   4.254524988740474e-17
3.087087611269894   4.249798758614088e-17
3.089932518453446   4.245082455903555e-17
3.092780047362683   4.240376022546028e-17
3.0956302004136584   4.2356794011094135e-17
3.0984829800246474   4.230992534782674e-17
3.1013383886161643   4.2263153673662775e-17
3.1041964286109445   4.221647843262897e-17
3.107057102433959   4.216989907468246e-17
3.10992041251241   4.212341505562123e-17
3.1127863612757465   4.207702583699607e-17
3.1156549511556473   4.2030730886024533e-17
3.1185261845860346   4.198452967550647e-17
3.12140006400307   4.193842168374112e-17
3.1242765918451707   4.189240639444564e-17
3.127155770552991   4.184648329667582e-17
3.130037602569437   4.180065188474761e-17
3.132922090339664   4.175491165816054e-17
3.13580923631109   4.1709262121522307e-17
3.1386990429333776   4.1663702784475286e-17
3.1415915126584513   4.1618233161623856e-17
3.144486647940492   4.157285277246342e-17
3.147384451235951   4.152756114131046e-17
3.1502849250035347   4.1482357797234406e-17
3.153188071704218   4.1437242273990197e-17
3.1560938938012404   4.139221410995243e-17
3.159002393760121   4.1347272848050406e-17
3.1619135740486417   4.130241803570484e-17
3.164827437136862   4.125764922476519e-17
3.167743985497114   4.121296597144858e-17
3.1706632216040176   4.1168367836279254e-17
3.1735851479344643   4.112385438402986e-17
3.176509766967631   4.107942518366312e-17
3.1794370811849757   4.103507980827489e-17
3.1823670930702534   4.0990817835038e-17
3.1852998051094983   4.09466388451474e-17
3.1882352197910384   4.0902542423765944e-17
3.191173339605492   4.085852815997136e-17
3.194114167045783   4.0814595646703797e-17
3.1970577046071207   4.077074448071485e-17
3.2000039547870194   4.0726974262516866e-17
3.2029529200852904   4.068328459633357e-17
3.20590460300406   4.063967509005108e-17
3.2088590060477484   4.059614535517038e-17
3.211816131723088   4.055269500675999e-17
3.2147759825391193   4.050932366340977e-17
3.217738561007203   4.0466030947185315e-17
3.220703869641005   4.042281648358342e-17
3.223671910956511   4.0379679901487936e-17
3.2266426874720215   4.0336620833126576e-17
3.229616201708169   4.0293638914028195e-17
3.232592456187897   4.025073378298121e-17
3.2355714534364792   4.0207905081992316e-17
3.238553195981512   4.016515245624599e-17
3.241537686352931   4.0122475554064565e-17
3.2445249270829946   4.007987402686927e-17
3.2475149207062968   4.003734752914154e-17
3.2505076697597644   3.9994895718385216e-17
3.253503176782672   3.995251825508891e-17
3.2565014443166245   3.9910214802689706e-17
3.2595024749055725   3.986798502753675e-17
3.2625062710958077   3.982582859885583e-17
3.2655128354359775   3.978374518871416e-17
3.2685221704770684   3.974173447198621e-17
3.271534278772422   3.9699796126319617e-17
3.2745491628777286   3.965792983210192e-17
3.2775668253510433   3.9616135272427465e-17
3.2805872687527704   3.957441213306534e-17
3.2836104956456746   3.9532760102427395e-17
3.2866365085948814   3.949117887153691e-17
3.289665310167889   3.944966813399755e-17
3.292696902934551   3.940822758596326e-17
3.2957312894670943   3.9366856926108065e-17
3.298768472340111   3.932555585559678e-17
3.3018084541305774   3.9284324078055676e-17
3.304851237417834   3.92431612995442e-17
3.3078968247836014   3.920206722852659e-17
3.3109452188119763   3.916104157584425e-17
3.313996422089447   3.912008405468818e-17
3.3170504372048746   3.9079194380572324e-17
3.3201072667495066   3.903837227130691e-17
3.3231669133169888   3.8997617446972144e-17
3.3262293795033466   3.8956929629892724e-17
3.329294667907001   3.8916308544612315e-17
3.332362781128764   3.887575391786854e-17
3.335433721771856   3.8835265478568226e-17
3.338507492441885   3.879484295776331e-17
3.341584095746863   3.87544860886268e-17
3.3446635342972035   3.87141946064292e-17
3.3477458107057347   3.867396824851507e-17
3.3508309275876833   3.86338067542804e-17
3.3539188875606887   3.8593709865149805e-17
3.3570096932447995   3.855367732455435e-17
3.3601033472624895   3.851370887790938e-17
3.363199852238638   3.847380427259316e-17
3.366299210800548   3.843396325792532e-17
3.3694014255779385   3.8394185585145944e-17
3.372506499202964   3.835447100739453e-17
3.375614434310193   3.83148192796899e-17
3.3787252335366267   3.827523015890976e-17
3.3818388995216915   3.823570340377092e-17
3.384955434907257   3.8196238774809475e-17
3.3880748423376184   3.81568360343617e-17
3.391197124459509   3.8117494946544774e-17
3.394322283922099   3.8078215277238036e-17
3.3974503233770106   3.803899679406424e-17
3.400581245478298   3.799983926637149e-17
3.403715052882466   3.796074246521492e-17
3.4068517482484637   3.792170616333905e-17
3.4099913342377   3.788273013515994e-17
3.4131338135140274   3.784381415674808e-17
3.416279188743756   3.780495800581115e-17
3.4194274625956496   3.776616146167714e-17
3.422578637740942   3.772742430527752e-17
3.4257327168533176   3.7688746319131055e-17
3.4288897026089296   3.7650127287327366e-17
3.4320495976863925   3.761156699551103e-17
3.4352124047668005   3.7573065230865514e-17
3.438378126533708   3.753462178209787e-17
3.441546765673146   3.74962364394232e-17
3.444718324873617   3.7457908994549417e-17
3.4478928068261117   3.741963924066217e-17
3.45107021422409   3.738142697241022e-17
3.4542505497634983   3.734327198589066e-17
3.4574338161427627   3.730517407863458e-17
3.460620016062808   3.726713304959258e-17
3.463809152227036   3.7229148699121044e-17
3.467001227341344   3.7191220828967964e-17
3.4701962441141196   3.7153349242259397e-17
3.473394205256257   3.71155337434857e-17
3.476595113481138   3.7077774138488435e-17
3.4797989715046476   3.704007023444697e-17
3.483005782045171   3.700242183986554e-17
3.4862155478236088   3.696482876456015e-17
3.4894282715633587   3.69272908196462e-17
3.492643955990331   3.6889807817525677e-17
3.4958626038329452   3.6852379571874833e-17
3.499084217822146   3.6815005897631826e-17
3.502308800691383   3.677768661098482e-17
3.50553635517663   3.674042152935986e-17
3.508766884016377   3.670321047140916e-17
3.5120003899516496   3.666605325699929e-17
3.515236875725988   3.662894970719988e-17
3.518476344085464   3.6591899644272065e-17
3.5217187977786772   3.6554902891657344e-17
3.524964239556771   3.651795927396631e-17
3.5282126721734124   3.64810686169679e-17
3.5314640983848102   3.644423074757837e-17
3.5347185209497103   3.6407445493850716e-17
3.5379759426294104   3.637071268496389e-17
3.541236366187743   3.6334032151212594e-17
3.5444997943910903   3.6297403723996746e-17
3.5477662300083814   3.626082723581141e-17
3.5510356758111077   3.6224302520236466e-17
3.5543081345733025   3.5967408309231075e-17
3.557583609071558   3.559311180920272e-17
3.560862102085033   3.5361945598104506e-17
3.564143616395439   3.517498700574376e-17
3.567428154787054   3.501229141495154e-17
3.5707157200467172   3.48655652234963e-17
3.574006314963848   3.473040475537723e-17
3.5772999423304257   3.4604136827987944e-17
3.5805966049410047   3.4484992995050255e-17
3.583896305592713   3.437173059826695e-17
3.5871990470852655   3.4263436439907655e-17
3.5905048322209474   3.415941578150528e-17
3.5938136638046294   3.4059125283914333e-17
3.5971255446437636   3.3962130324429764e-17
3.6004404775484007   3.386807665861692e-17
3.6037584653311687   3.377667093804038e-17
3.607079510807293   3.3687666917528816e-17
3.610403616794588   3.3600855442849127e-17
3.6137307861134778   3.3516057023740206e-17
3.6170610215869723   3.34331162197647e-17
3.620394326040689   3.335189732538434e-17
3.623730702302843   3.327228100432773e-17
3.6270701532042704   3.3194161629583184e-17
3.630412681578401   3.311744515602675e-17
3.633758290261283   3.304204740071214e-17
3.6371069820915713   3.296789263911481e-17
3.6404587599105502   3.2894912449063116e-17
3.6438136265621104   3.282304475087886e-17
3.6471715848927673   3.275223300444132e-17
3.650532637751655   3.268242553286894e-17
3.653896787990546   3.261357494919921e-17
3.657264038463828   3.2545637667490913e-17
3.6606343920285243   3.247857348360718e-17
3.6640078515442855   3.2412345213892056e-17
3.667384419873411   3.2346918382240064e-17
3.670764099880825   3.228226094785092e-17
3.6741468944340965   3.221834306737122e-17
3.6775328064034327   3.2155136886248776e-17
3.6809218386616984   3.209261635502055e-17
3.6843139940843925   3.203075706697936e-17
3.68770927554967   3.196953611424644e-17
3.6911076859383325   3.190893195975687e-17
3.6945092281338487   3.1848924323052676e-17
3.697913905022333   3.1789494078102226e-17
3.7013217194925634   3.1730623161628154e-17
3.7047326744359763   3.167229449064963e-17
3.7081467727466837   3.161449188812776e-17
3.7115640173214537   3.1557200015759746e-17
3.714984411059728   3.1500404313095695e-17
3.718407956863615   3.144409094226454e-17
3.721834657637911   3.1388246737687326e-17
3.7252645162900766   3.1332859160238096e-17
3.728697535730255   3.1277916255377726e-17
3.7321337188712698   3.122340661484753e-17
3.735573068628637   3.116931934155745e-17
3.739015587920551   3.1115644017348864e-17
3.7424612796678973   3.1062370673347335e-17
3.7459101467942504   3.100948976265545e-17
3.74936219222589   3.0956992135162124e-17
3.752817418891781   3.09048690142717e-17
3.7562758297235916   3.085311197537479e-17
3.7597374276556876   3.080171292590473e-17
3.763202215625151   3.075066408683762e-17
3.766670196571758   3.069995797551081e-17
3.7701413734379985   3.064958738964509e-17
3.7736157491690703   3.059954539246954e-17
3.7770933267128965   3.054982529885626e-17
3.780574109020105   3.050042066238305e-17
3.784058099044048   3.0451325263247724e-17
3.787545299740794   3.040253309696702e-17
3.791035714069148   3.035403836379792e-17
3.7945293449906305   3.030583545882606e-17
3.798026195469494   3.025791896266953e-17
3.8015262684727196   3.021028363275224e-17
3.805029566970034   3.01629243951043e-17
3.808536093933889   3.0115836336651194e-17
3.812045852339476   3.006901469795594e-17
3.815558845164739   3.002245486638193e-17
3.8190750753903555   2.997615236964771e-17
3.822594545999754   2.993010286974514e-17
3.8261172599791076   2.988430215719711e-17
3.8296432203173527   2.983874614563107e-17
3.8331724300061705   2.979343086664799e-17
3.83670489204   2.9748352464966493e-17
3.840240609416039   2.970350719382466e-17
3.843779585134257   2.965889141062253e-17
3.8473218221973773   2.9614501572790726e-17
3.8508673236108932   2.9570334233869894e-17
3.8544160923830653   2.952638603978865e-17
3.8579681315249372   2.948265372532731e-17
3.861523444050316   2.943913411075677e-17
3.8650820329757902   2.939582409864114e-17
3.868643901320724   2.9352720670795054e-17
3.872209052107275   2.930982088538607e-17
3.8757774883603764   2.926712187417443e-17
3.8793492131077505   2.9224620839881375e-17
3.8829242293799076   2.9182315053679343e-17
3.886502540210162   2.914020185279677e-17
3.890084148634611   2.909827863823175e-17
3.8936690576921547   2.905654287256757e-17
3.897257270424489   2.901499207788542e-17
3.9008487898761253   2.8973623833768455e-17
3.904443619094368   2.893243577539291e-17
3.9080417611293345   2.8891425591700876e-17
3.9116432190339494   2.8850591023651174e-17
3.915247995863961   2.880992986254367e-17
3.918856094677923   2.876943994841396e-17
3.9224675185372124   2.8729119168494043e-17
3.926082270506021   2.868896545573624e-17
3.9297003536513793   2.864897678739674e-17
3.933321771043129   2.860915118367649e-17
3.9369465257539487   2.856948670641575e-17
3.9405746208593406   2.8529981457840414e-17
3.944206059437656   2.8490633579357065e-17
3.94784084457007   2.845144125039505e-17
3.9514789793406013   2.8412402687292707e-17
3.9551204668361066   2.8373516142226015e-17
3.958765310146299   2.8334779902177635e-17
3.9624135123637276   2.829619228794461e-17
3.9660650765837953   2.825775165318266e-17
3.969720005904753   2.8219456383485655e-17
3.9733783034277192   2.818130489549844e-17
3.9770399722566583   2.8143295636062114e-17
3.980705015498399   2.81054270813894e-17
3.984373436262629   2.806769773626966e-17
3.988045237661914   2.803010613330155e-17
3.9917204228116767   2.7992650832152985e-17
3.995398994830213   2.795533041884619e-17
3.9990809568386902   2.791814350506769e-17
4.002766311961163   2.7881088727501475e-17
4.0064550633245535   2.784416474718518e-17
4.010147214058669   2.7807370248887404e-17
4.0138427672961985   2.7770703940506003e-17
4.017541726172728   2.7734164552486045e-17
4.021244093826721   2.769775083725718e-17
4.024949873399539   2.7661461568688932e-17
4.028659068035433   2.7625295541563792e-17
4.032371680881565   2.7589251571066972e-17
4.036087715087984   2.755332849229272e-17
4.039807173807646   2.7517525159765855e-17
4.04353006019641   2.748184044697847e-17
4.047256377413054   2.7446273245940873e-17
4.050986128619253   2.7410822466746713e-17
4.054719316979605   2.7375487037150963e-17
4.058455945661615   2.73402659021612e-17
4.062196017835722   2.7305158023640732e-17
4.065939536675274   2.7270162379924137e-17
4.069686505356548   2.723527796544385e-17
4.073436927058742   2.7200503790368014e-17
4.0771908049639976   2.716583888024869e-17
4.080948142257377   2.713128227568075e-17
4.084708942126877   2.7096833031970246e-17
4.088473207763444   2.7062490218812415e-17
4.092240942360954   2.7028252919979065e-17
4.09601214911623   2.6994120233014557e-17
4.099786831229035   2.6960091268940572e-17
4.103564991902096   2.6926165151968877e-17
4.107346634341079   2.6892341019222417e-17
4.111131761754605   2.6858618020463863e-17
4.114920377354251   2.6824995317831662e-17
4.118712484354565   2.6791472085583202e-17
4.122508085973045   2.6758047509845172e-17
4.126307185430158   2.6724720788370437e-17
4.130109785949335   2.6691491130301416e-17
4.13391589075699   2.6658357755939704e-17
4.137725503082497   2.6625319896522082e-17
4.141538626158211   2.6592376794002007e-17
4.145355263219463   2.6559527700837046e-17
4.1491754175045745   2.6526771879781596e-17
4.152999092254841   2.64941086036853e-17
4.156826290714551   2.6461537155296236e-17
4.160657016130975   2.6429056827069374e-17
4.16449127175439   2.6396666920979664e-17
4.168329060838056   2.6364366748340057e-17
4.1721703866382365   2.633215562962388e-17
4.176015252414188   2.630003289429175e-17
4.179863661428187   2.626799788062252e-17
4.183715616945502   2.623604993554881e-17
4.187571122234414   2.6204188414496117e-17
4.191430180566214   2.6172412681226053e-17
4.1952927952152175   2.6140722107683214e-17
4.199158969458748   2.6109116073845994e-17
4.203028706577149   2.607759396758064e-17
4.206902009853788   2.6046155184498947e-17
4.210778882575068   2.601479912781918e-17
4.214659328030407   2.5983525208230457e-17
4.218543349512261   2.59523328437601e-17
4.222430950316115   2.5921221459644136e-17
4.226322133740503   2.5890190488200712e-17
4.230216903086986   2.585923936870659e-17
4.234115261660174   2.582836754727626e-17
4.238017212767715   2.5797574476743884e-17
4.241922759720319   2.5766859616547834e-17
4.2458319058317375   2.5736222432617987e-17
4.249744654418774   2.5705662397265336e-17
4.253661008801289   2.5675178989074184e-17
4.257580972302213   2.5644771692796513e-17
4.261504548247528   2.5614439999249048e-17
4.2654317399662816   2.5584183405212188e-17
4.26936255079059   2.555400141333135e-17
4.273296984055649   2.5523893532020283e-17
4.277235043099717   2.549385927536669e-17
4.281176731264131   2.5463898163039673e-17
4.285122051893307   2.543400972019922e-17
4.289071008334752   2.540419347740747e-17
4.293023603939046   2.5374448970542204e-17
4.296979842059862   2.5344775740711734e-17
4.300939726053958   2.5315173334171856e-17
4.3049032592811995   2.5285641302244257e-17
4.308870445104536   2.525617920123697e-17
4.312841286890017   2.522678659236612e-17
4.316815788006794   2.519746304167949e-17
4.320793951827133   2.5168208119981406e-17
4.324775781726396   2.5139021402759482e-17
4.328761281083062   2.5109902470112543e-17
4.332750453278714   2.5080850906680166e-17
4.336743301698069   2.505186630157338e-17
4.340739829728949   2.5022948248307184e-17
4.344740040762301   2.499409634473396e-17
4.348743938192194   2.4965310192978414e-17
4.352751525415837   2.4936589399373703e-17
4.356762805833556   2.490793357439894e-17
4.360777782848818   2.4879342332617713e-17
4.364796459868218   2.4850815292618016e-17
4.368818840301508   2.4822352076953015e-17
4.372844927561564   2.4793952312083344e-17
4.3768747250644155   2.4765615628320224e-17
4.380908236229233   2.473734165976972e-17
4.3849454644783545   2.4709130044277963e-17
4.388986413237255   2.4680980423377707e-17
4.393031085934568   2.4652892442235562e-17
4.3970794860021   2.4624865749600203e-17
4.401131616874807   2.4596899997751875e-17
4.405187481990812   2.456899484245249e-17
4.409247084791408   2.4541149942896772e-17
4.413310428721067   2.4513364961664208e-17
4.4173775172274246   2.448563956467209e-17
4.4214483537612965   2.445797342112918e-17
4.425522941776675   2.44303662034903e-17
4.42960128473075   2.440281758741166e-17
4.4336833860838825   2.4375327251707193e-17
4.437769249299626   2.434789487830544e-17
4.441858877844722   2.4320520152207342e-17
4.445952275189123   2.429320276144455e-17
4.450049444805962   2.4265942397038896e-17
4.454150390171579   2.4238738752962148e-17
4.458255114765512   2.4211591526096673e-17
4.46236362207052   2.4184500416196702e-17
4.466475915572559   2.4157465125850393e-17
4.4705919987608   2.413048536044238e-17
4.474711875127626   2.4103560828117113e-17
4.47883554816865   2.4076691239742616e-17
4.482963021382697   2.404987630887517e-17
4.487094298271818   2.4023115751724308e-17
4.491229382341285   2.3996409287118582e-17
4.49536827709962   2.3969756636471686e-17
4.499510986058557   2.3943157523749476e-17
4.503657512733076   2.3916611675437323e-17
4.507807860641391   2.3890118820507927e-17
4.51196203330497   2.386367869038983e-17
4.516120034248514   2.3837291018936463e-17
4.5202818669999765   2.381095554239556e-17
4.524447535090557   2.3784671999379195e-17
4.528617042054724   2.3758440130834113e-17
4.532790391430188   2.373225968001286e-17
4.536967586757926   2.3706130392445113e-17
4.541148631582173   2.368005201590958e-17
4.545333529450443   2.365402430040622e-17
4.549522283913506   2.3628046998129205e-17
4.553714898525409   2.3602119863439976e-17
4.557911376843469   2.3576242652840932e-17
4.562111722428297   2.355041512494937e-17
4.56631593884377   2.3524637040472053e-17
4.570524029657053   2.3498908162180052e-17
4.574735998438595   2.3473228254883902e-17
4.578951848762149   2.344759708540924e-17
4.583171584204748   2.3422014422572834e-17
4.587395208346724   2.3396480037159016e-17
4.591622724771706   2.3370993701896314e-17
4.595854137066639   2.3345555191434493e-17
4.60008944882176   2.3320164282322175e-17
4.604328663630617   2.3294820752984482e-17
4.608571785090067   2.326952438370121e-17
4.612818816800296   2.324427495658517e-17
4.617069762364792   2.3219072255561106e-17
4.62132462539037   2.3193916066344708e-17
4.625583409487163   2.3168806176422045e-17
4.629846118268647   2.314374237502912e-17
4.634112755351611   2.3118724453132142e-17
4.638383324356183   2.3093752203407586e-17
4.642657828905825   2.306882542022294e-17
4.646936272627347   2.3043943899617448e-17
4.651218659150892   2.3019107439283357e-17
4.655504992109951   2.2994315838547354e-17
4.659795275141359   2.2969568898352206e-17
4.664089511885317   2.2944866421238673e-17
4.6683877059853645   2.2920208211327885e-17
4.672689861088407   2.289559407430368e-17
4.676995980844703   2.2871023817395422e-17
4.681306068907891   2.2846497249360833e-17
4.685620128934961   2.2822014180469395e-17
4.689938164586278   2.279757442248566e-17
4.694260179525576   2.2773177788653008e-17
4.69858617741998   2.2748824093677477e-17
4.702916161939979   2.2724513153712e-17
4.707250136759446   2.2700244786340746e-17
4.711588105555651   2.2676018810563596e-17
4.715930072009243   2.2651835046781068e-17
4.720276039804265   2.2627693316779253e-17
4.724626012628149   2.2603593443715056e-17
4.728979994171741   2.2579535252101502e-17
4.733337988129275   2.2555518567793505e-17
4.737699998198393   2.253154321797357e-17
4.742066028080139   2.2507609031137846e-17
4.7464360814789845   2.2483715837082222e-17
4.750810162102798   2.2459863466888833e-17
4.755188273662871   2.243605175291255e-17
4.759570419873909   2.2412280528767727e-17
4.763956604454059   2.2388549629315063e-17
4.768346831124874   2.2364858890648823e-17
4.772741103611347   2.2341208150084e-17
4.777139425641895   2.2317597246143796e-17
4.781541800948389   2.2294026018547117e-17
4.785948233266122   2.2270494308196494e-17
4.790358726333834   2.2247001957165917e-17
4.794773283893708   2.222354880868893e-17
4.799191909691387   2.2200134707146787e-17
4.803614607475953   2.217675949805699e-17
4.808041380999948   2.215342302806174e-17
4.812472234019367   2.213012514491664e-17
4.816907170293681   2.2106865697479447e-17
4.821346193585811   2.2083644535699215e-17
4.825789307662149   2.206046151060528e-17
4.830236516292556   2.2037316474296608e-17
4.83468782325038   2.201420927993102e-17
4.83914323231243   2.1991139781714945e-17
4.843602747259004   2.1968107834892943e-17
4.848066371873877   2.1945113295737516e-17
4.852534109944326   2.1922156021538992e-17
4.857005965261102   2.1899235870595688e-17
4.8614819416184565   2.1876352702203965e-17
4.8659620428141315   2.185350637664857e-17
4.870446272649383   2.1830696755193e-17
4.874934634928957   2.1807923700070113e-17
4.8794271334611095   2.1785187074472727e-17
4.883923772057601   2.17624867425444e-17
4.88842455453372   2.173982256937023e-17
4.892929484708255   2.1717194420968e-17
4.897438566403522   2.1694602164279135e-17
4.901951803445349   2.1672045667160025e-17
4.90646919966311   2.1649524798373165e-17
4.91099075888969   2.1627039427578775e-17
4.915516484961512   2.160458942532621e-17
4.920046381718529   2.1582174663045645e-17
4.924580453004249   2.1559795013039654e-17
4.929118702665705   2.153745034847525e-17
4.933661134553482   2.1515140543375668e-17
4.938207752521707   2.1492865472612427e-17
4.942758560428077   2.1470625011897362e-17
4.947313562133824   2.1448419037774998e-17
4.951872761503747   2.1426247427614683e-17
4.9564361624062   2.1404110059603113e-17
4.961003768713119   2.138200681273662e-17
4.96557558429999   2.135993756681397e-17
4.970151613045878   2.1337902202428857e-17
4.974731858833416   2.1315900600962726e-17
4.979316325548832   2.1293932644577482e-17
4.983905017081919   2.1271998216208547e-17
4.988497937326059   2.1250097199557746e-17
4.993095090178219   2.1228229479086428e-17
4.997696479538971   2.1206394940008517e-17
5.002302109312466   2.1184593468283887e-17
5.006911983406459   2.1162824950611568e-17
5.011526105732301   2.114108927442316e-17
5.016144480204962   2.1119386327876217e-17
5.020767110743004   2.109771599984792e-17
5.025394001268609   2.1076078179928544e-17
5.030025155707563   2.1054472758415228e-17
5.034660577989288   2.1032899626305608e-17
5.0393002720468125   2.101135867529178e-17
5.043944241816789   2.0989849797754087e-17
5.0485924912395115   2.0968372886755054e-17
5.053245024258892   2.0946927836033504e-17
5.0579018448224815   2.0925514539998587e-17
5.062562956881462   2.090413289372393e-17
5.067228364390675   2.0882782792941816e-17
5.071898071308588   2.0861464134037583e-17
5.076572081597326   2.084017681404387e-17
5.081250399222656   2.081892073063505e-17
5.085933028154015   2.0797695782121672e-17
5.090619972364487   2.0776501867445036e-17
5.095311235830818   2.075533888617176e-17
5.100006822533414   2.073420673848846e-17
5.10470673645637   2.0713105325196307e-17
5.10941098158743   2.069203454770599e-17
5.11411956191802   2.0670994308032422e-17
5.118832481443244   2.0649984508789642e-17
5.123549744161896   2.0629005053185667e-17
5.128271354076444   2.060805584501761e-17
5.13299731519305   2.0587136788666622e-17
5.137727631521559   2.0566247789093022e-17
5.142462307075531   2.054538875183136e-17
5.147201345872207   2.052455958298572e-17
5.151944751932534   2.05037601892249e-17
5.156692529281163   2.0482990477777724e-17
5.161444681946467   2.0462250356428326e-17
5.166201213960514   2.0441539733511643e-17
5.170962129359098   2.042085851790879e-17
5.175727432181722   2.0400206619042578e-17
5.18049712647163   2.0379583946872952e-17
5.185271216275776   2.035899041189272e-17
5.1900497056448485   2.0338425925123094e-17
5.194832598633263   2.031789039810938e-17
5.199619899299188   2.029738374291663e-17
5.204411611704517   2.027690587212553e-17
5.209207739914888   2.0256456698828108e-17
5.214008287999684   2.0236036136623625e-17
5.218813260032055   2.0215644099614377e-17
5.2236226600888855   2.0195280502401767e-17
5.2284364922508235   2.0174945260082168e-17
5.233254760602273   2.0154638288243016e-17
5.238077469231417   2.0134359502958737e-17
5.24290462223019   2.0114108820786983e-17
5.247736223694305   2.0093886158764686e-17
5.25257227772324   2.0073691434404285e-17
5.25741278842027   2.0053524565689816e-17
5.262257759892434   2.0033385471073312e-17
5.267107196250563   2.0013274069470994e-17
5.271961101609268   1.9993190280259644e-17
5.27681948008697   1.9973134023272875e-17
5.281682335805868   1.9953105218797636e-17
5.286549672891969   1.993310378757059e-17
5.2914214954750705   1.9913129650774608e-17
5.296297807688797   1.9893182730035166e-17
5.301178613670563   1.987326294741704e-17
5.306063917561605   1.9853370225420768e-17
5.310953723506967   1.9833504486979302e-17
5.31584803565553   1.9813665655454568e-17
5.320746858159983   1.9793853654634226e-17
5.325650195176847   1.9774068408728344e-17
5.3305580508664665   1.9754309842366126e-17
5.335470429393039   1.9734577880592616e-17
5.340387334924582   1.9714872448865594e-17
5.345308771632958   1.9695193473052363e-17
5.35023474369387   1.9675540879426607e-17
5.355165255286887   1.965591459466521e-17
5.36010031059541   1.9636314545845315e-17
5.3650399138067035   1.961674066044114e-17
5.369984069111883   1.9597192866321065e-17
5.374932780705945   1.9577671091744493e-17
5.379886052787734   1.955817526535903e-17
5.38484388955997   1.9538705316197476e-17
5.389806295229239   1.9519261173674932e-17
5.394773274006023   1.9499842767585856e-17
5.399744830104666   1.9480450028101293e-17
5.404720967743396   1.9461082885766053e-17
5.409701691144344   1.944174127149576e-17
5.414687004533515   1.9422425116574285e-17
5.419676912140817   1.9403134352650826e-17
5.424671418200047   1.93838689117373e-17
5.429670526948923   1.936462872620553e-17
5.43467424262905   1.934541372878467e-17
5.4396825694859485   1.9326223852558512e-17
5.444695511769044   1.93070590309629e-17
5.449713073731697   1.9287919197782986e-17
5.454735259631169   1.9268804287150878e-17
5.459762073728653   1.9249714233542914e-17
5.464793520289261   1.9230648971777212e-17
5.469829603582052   1.9211608437011096e-17
5.474870327880004   1.9192592564738692e-17
5.479915697460038   1.9173601290788424e-17
5.484965716603011   1.9154634551320586e-17
5.49002038959374   1.9135692282824886e-17
5.495079720720976   1.9116774422118118e-17
5.500143714277427   1.9097880906341742e-17
5.5052123745597505   1.9079011672959573e-17
5.510285705868583   1.906016665975535e-17
5.515363712508505   1.9041345804830585e-17
5.520446398788071   1.9022549046602132e-17
5.525533769019797   1.9003776323800026e-17
5.530625827520197   1.89850275754651e-17
5.535722578609738   1.8966302740946932e-17
5.5408240266128805   1.8947601759901483e-17
5.545930175858061   1.8928924572289028e-17
5.551041030677722   1.8910271118371852e-17
5.556156595408284   1.8891641338712247e-17
5.561276874390167   1.8873035174170286e-17
5.566401871967786   1.8854452565901748e-17
5.571531592489577   1.8835893455355976e-17
5.576666040307966   1.881735778427388e-17
5.581805219779396   1.879884549468583e-17
5.586949135264317   1.878035652890964e-17
5.592097791127218   1.8761890829548478e-17
5.597251191736589   1.8743448339488977e-17
5.6024093414649565   1.8725029001899162e-17
5.607572244688865   1.8706632760226553e-17
5.6127399057889145   1.868825955819607e-17
5.61791232914972   1.86699093398083e-17
5.623089519159947   1.8651582049337428e-17
5.628271480212299   1.863327763132942e-17
5.633458216703541   1.8614996030600035e-17
5.638649733034478   1.8596737192233084e-17
5.6438460336099725   1.85785010615785e-17
5.649047122838941   1.8560287584250533e-17
5.654253005134383   1.8542096706125853e-17
5.659463684913345   1.8523928373341876e-17
5.66467916659695   1.8505782532294868e-17
5.669899454610389   1.848765912963823e-17
5.675124553382952   1.8469558112280657e-17
5.680354467347988   1.8451479427384504e-17
5.6855892009429425   1.8433423022363965e-17
5.69082875860934   1.841538884488345e-17
5.696073144792818   1.839737684285573e-17
5.7013223639430946   1.8379386964440416e-17
5.706576420513992   1.8361419158042206e-17
5.7118353189634306   1.8343473372309246e-17
5.7170990637534596   1.8325549556131413e-17
5.72236765935022   1.8307647658638816e-17
5.727641110223976   1.828976762920009e-17
5.732919420849103   1.8271909417420823e-17
5.738202595704121   1.8254072973141888e-17
5.7434906392716565   1.823625824643801e-17
5.748783556038475   1.8218465187616082e-17
5.754081350495469   1.8200693747213694e-17
5.759384027137689   1.8182943875997465e-17
5.764691590464309   1.81652155249617e-17
5.770004044978656   1.814750864532675e-17
5.7753213951881985   1.8129823188537544e-17
5.780643645604582   1.811215910626207e-17
5.785970800743587   1.8094516350389963e-17
5.791302865125157   1.807689487303103e-17
5.79663984327342   1.8059294626513692e-17
5.801981739716653   1.8041715563383704e-17
5.807328558987314   1.8024157636402606e-17
5.812680305622031   1.8006620798546392e-17
5.8180369841616315   1.7989105003003975e-17
5.823398599151108   1.797161020317595e-17
5.828765155139649   1.7954136352673117e-17
5.834136656680629   1.7936683405315142e-17
5.839513108331635   1.7919251315129126e-17
5.84489451465444   1.7901840036348378e-17
5.850280880215022   1.7884449523410982e-17
5.855672209583564   1.786707973095853e-17
5.861068507334478   1.7849730613834684e-17
5.8664697780463735   1.783240212708404e-17
5.871876026302084   1.781509422595072e-17
5.877287256688663   1.7797806865877124e-17
5.882703473797407   1.7780540002502597e-17
5.888124682223826   1.7763293591662255e-17
5.893550886567674   1.7746067589385652e-17
5.898982091432932   1.7728861951895608e-17
5.904418301427846   1.7711676635606848e-17
5.909859521164891   1.7694511597124925e-17
5.915305755260796   1.767736679324491e-17
5.92075700833654   1.766024218095022e-17
5.926213285017381   1.7643137717411354e-17
5.931674589932816   1.7626053359984828e-17
5.9371409277166185   1.7608989066211885e-17
5.942612303006824   1.7591944793817392e-17
5.948088720445762   1.7574920500708607e-17
5.9535701846800215   1.7557916144974117e-17
5.959056700360478   1.7540931684882638e-17
5.96454827214229   1.7523967078881917e-17
5.970044904684921   1.750702228559751e-17
5.975546602652113   1.7490097263831808e-17
5.981053370711909   1.7473191972562846e-17
5.986565213536651   1.7456306370943227e-17
5.9920821358030025   1.743944041829898e-17
5.9976041421919195   1.742259407412855e-17
6.003131237388678   1.7405767298101692e-17
6.008663426082865   1.7388960050058432e-17
6.014200712968409   1.7372172290007907e-17
6.019743102743544   1.7355403978127458e-17
6.02529060011084   1.733865507476152e-17
6.030843209777196   1.7321925540420588e-17
6.036400936453865   1.7305215335780126e-17
6.041963784856426   1.7288524421679707e-17
6.047531759704807   1.7271852759121878e-17
6.053104865723281   1.72552003092712e-17
6.058683107640492   1.7238567033453193e-17
6.064266490189425   1.7221952893153474e-17
6.0698550181074316   1.720535785001666e-17
6.075448696136222   1.7188781865845472e-17
6.081047529021898   1.7172224902599662e-17
6.086651521514913   1.7155686922395217e-17
6.092260678370105   1.7139167887503266e-17
6.09787500434669   1.712266776034922e-17
6.103494504208287   1.7106186503511766e-17
6.1091191827228855   1.7089724079722006e-17
6.114749044662876   1.70732804518625e-17
6.12038409480504   1.7056855582966375e-17
6.1260243379305805   1.704044943621633e-17
6.131669778825089   1.7024061974943863e-17
6.137320422278571   1.700769316262828e-17
6.142976273085441   1.6991342962895877e-17
6.148637336044553   1.6975011339518942e-17
6.154303615959159   1.6958698256415012e-17
6.159975117636949   1.694240367764594e-17
6.165651845890035   1.6926127567417044e-17
6.1713338055349825   1.690986989007619e-17
6.177021001392777   1.6893630610113062e-17
6.182713438288854   1.6877409692158215e-17
6.188411121053087   1.6861207100982308e-17
6.194114054519823   1.6845022801495176e-17
6.1998222435278425   1.6828856758745115e-17
6.205535692920392   1.6812708937918006e-17
6.211254407545176   1.6796579304336502e-17
6.216978392254384   1.6780467823459204e-17
6.222707651904659   1.6764374460879914e-17
6.228442191357119   1.674829918232681e-17
6.234182015477381   1.6732241953661594e-17
6.239927129135528   1.6716202740878825e-17
6.245677537206135   1.670018151010506e-17
6.251433244568265   1.6684178227598106e-17
6.257194256105496   1.6668192859746205e-17
6.262960576705886   1.6652225373067357e-17
6.268732211262005   1.6636275734208514e-17
6.274509164670926   1.6620343909944836e-17
6.280291441834253   1.660442986717889e-17
6.286079047658088   1.6588533572940023e-17
6.291871987053061   1.6572654994383535e-17
6.29767026493432   1.6556794098790017e-17
6.303473886221564   1.6540950853564504e-17
6.309282855839005   1.6525125226235918e-17
6.315097178715399   1.6509317184456235e-17
6.320916859784037   1.6493526695999853e-17
6.326741903982779   1.6477753728762776e-17
6.332572316254011   1.6461998250762062e-17
6.338408101544687   1.6446260230134995e-17
6.344249264806305   1.6430539635138526e-17
6.350095810994953   1.6414836434148423e-17
6.355947745071262   1.6399150595658742e-17
6.361805072000444   1.6383482088281093e-17
6.3676677967522775   1.6367830880743964e-17
6.373535924301143   1.635219694189202e-17
6.379409459625983   1.6336580240685542e-17
6.385288407710338   1.6320980746199676e-17
6.391172773542331   1.630539842762385e-17
6.397062562114704   1.628983325426103e-17
6.4029577784247795   1.6274285195527196e-17
6.408858427474493   1.625875422095062e-17
6.414764514270381   1.6243240300171295e-17
6.4206760438236135   1.622774340294021e-17
6.426593021149961   1.6212263499118827e-17
6.432515451269823   1.619680055867841e-17
6.438443339208215   1.6181354551699427e-17
6.444376689994806   1.6165925448370884e-17
6.4503155086638815   1.61505132189898e-17
6.4562598002543705   1.6135117833960554e-17
6.462209569809841   1.6119739263794307e-17
6.468164822378525   1.6104377479108344e-17
6.474125563013293   1.6089032450625583e-17
6.480091796771672   1.6073704149173914e-17
6.486063528715849   1.6058392545685658e-17
6.492040763912691   1.604309761119693e-17
6.498023507433717   1.6027819316847125e-17
6.504011764355128   1.6012557633878323e-17
6.510005539757793   1.5997312533634738e-17
6.516004838727284   1.5982083987562076e-17
6.52200966635384   1.59668719672071e-17
6.528020027732399   1.595167644421698e-17
6.534035927962587   1.5936497390338796e-17
6.5400573721487465   1.592133477741891e-17
6.546084365399908   1.590618857740252e-17
6.552116912829815   1.589105876233307e-17
6.558155019556916   1.5875945304351725e-17
6.5641986907044   1.586084817569677e-17
6.570247931400153   1.5845767348703198e-17
6.576302746776794   1.5830702795802107e-17
6.582363141971669   1.581565448952021e-17
6.588429122126874   1.5800622402479232e-17
6.594500692389226   1.578560650739553e-17
6.600577857910291   1.5770606777079485e-17
6.606660623846376   1.5755623184435022e-17
6.61274899535856   1.574065570245908e-17
6.6188429776126565   1.5725704304241154e-17
6.624942575779249   1.5710768962962752e-17
6.631047795033678   1.5695849651896944e-17
6.6371586405560725   1.5680946344407797e-17
6.643275117531315   1.5666059013949985e-17
6.649397231149076   1.565118763406821e-17
6.655524986603799   1.56363321783968e-17
6.661658389094734   1.5621492620659124e-17
6.667797443825905   1.5606668934667224e-17
6.673942156006129   1.5591861094321334e-17
6.680092530849046   1.5577069073609278e-17
6.686248573573076   1.556229284660617e-17
6.692410289401461   1.5547532387473862e-17
6.698577683562245   1.5532787670460504e-17
6.704750761288312   1.551805866990005e-17
6.710929527817347   1.5503345360211868e-17
6.717113988391871   1.5488647715900238e-17
6.723304148259226   1.5473965711553947e-17
6.729500012671613   1.545929932184575e-17
6.735701586886051   1.5444648521532057e-17
6.741908876164411   1.5430013285452403e-17
6.748121885773407   1.5415393588529044e-17
6.7543406209846255   1.5400789405766485e-17
6.760565087074491   1.5386200712251103e-17
6.7667952893243   1.537162748315069e-17
6.7730312330202045   1.5357069693714035e-17
6.779272923453251   1.5342527319270455e-17
6.785520365919343   1.532800033522946e-17
6.791773565719267   1.5313488717080267e-17
6.798032528158691   1.5298992440391433e-17
6.804297258548194   1.5284511480810344e-17
6.810567762203224   1.527004581406296e-17
6.816844044444139   1.5255595415953282e-17
6.8231261105961885   1.5241160262363014e-17
6.829413965989554   1.5226740329251093e-17
6.835707615959307   1.5212335592653375e-17
6.842007065845442   1.5197946028682188e-17
6.848312320992869   1.5183571613525953e-17
6.854623386751442   1.5169212323448746e-17
6.860940268475925   1.5154868134789994e-17
6.867262971526028   1.5140539023964015e-17
6.873591501266386   1.51262249674597e-17
6.879925863066604   1.5111925941840025e-17
6.886266062301212   1.5097641923741802e-17
6.892612104349702   1.5083372889875197e-17
6.898963994596515   1.5069118817023437e-17
6.905321738431073   1.505487968204234e-17
6.911685341247749   1.504065546186005e-17
6.918054808445888   1.5026446133476613e-17
6.924430145429809   1.5012251673963625e-17
6.930811357608828   1.4998072060463827e-17
6.937198450397229   1.4983907270190826e-17
6.94359142921429   1.4969757280428675e-17
6.949990299484278   1.4955622068531545e-17
6.9563950666364756   1.4941501611923328e-17
6.962805736105153   1.4927395888097355e-17
6.969222313329592   1.4913304874615984e-17
6.975644803754081   1.489922854911032e-17
6.982073212827947   1.488516688927976e-17
6.9885075460055175   1.4871119872891767e-17
6.9949478087461525   1.4857087477781465e-17
7.0013940065142375   1.484306968185134e-17
7.007846144779214   1.4829066463070823e-17
7.0143042290155435   1.4815077799476056e-17
7.020768264702738   1.4801103669169506e-17
7.027238257325354   1.478714405031966e-17
7.033714212373022   1.4773198921160628e-17
7.040196135340411   1.475926825999192e-17
7.04668403172726   1.4745352045178046e-17
7.0531779070383696   1.4731450255148252e-17
7.059677766783636   1.47175628683961e-17
7.06618361647801   1.4703689863479277e-17
7.072695461641532   1.4689831219019193e-17
7.079213307799321   1.467598691370072e-17
7.085737160481614   1.466215692627179e-17
7.092267025223717   1.4648341235543198e-17
7.098802907566048   1.4634539820388222e-17
7.105344813054122   1.4620752659742368e-17
7.111892747238587   1.4606979732602962e-17
7.118446715675183   1.459322101802898e-17
7.125006723924779   1.4579476495140665e-17
7.131572777553361   1.456574614311926e-17
7.138144882132064   1.455202994120666e-17
7.144723043237138   1.4538327868705193e-17
7.151307266449971   1.4524639904977294e-17
7.157897557357115   1.4510966029445152e-17
7.164493921550251   1.4497306221590533e-17
7.1710963646262185   1.4483660460954412e-17
7.177704892187007   1.4470028727136714e-17
7.184319509839792   1.4456410999795998e-17
7.190940223196892   1.4442807258649223e-17
7.197567037875809   1.4429217483471438e-17
7.204199959499211   1.4415641654095522e-17
7.21083899369497   1.4402079750411844e-17
7.2174841460961225   1.4388531752368072e-17
7.224135422340905   1.4374997639968854e-17
7.23079282807274   1.4361477393275556e-17
7.237456368940276   1.4347970992405942e-17
7.244126050597342   1.4334478417534002e-17
7.250801878702986   1.4320999648889597e-17
7.257483858921463   1.4307534666758248e-17
7.264171996922271   1.4294083451480805e-17
7.270866298380111   1.4280645983453267e-17
7.277566768974918   1.4267222243126462e-17
7.284273414391857   1.4253812211005822e-17
7.290986240321353   1.4240415867651063e-17
7.297705252459054   1.422703319367601e-17
7.304430456505862   1.4213664169748294e-17
7.311161858167929   1.4200308776589116e-17
7.317899463156683   1.4186966994972943e-17
7.324643277188796   1.417363880572734e-17
7.331393305986216   1.4160324189732672e-17
7.338149555276155   1.414702312792187e-17
7.344912030791127   1.4133735601280133e-17
7.351680738268904   1.4120461590844785e-17
7.358455683452554   1.4107201077704937e-17
7.365236872090433   1.409395404300132e-17
7.372024309936213   1.4080720467925938e-17
7.378818002748848   1.406750033372196e-17
7.385617956292605   1.4054293621683397e-17
7.392424176337056   1.4041100313154898e-17
7.399236668657116   1.402792038953146e-17
7.4060554390329925   1.4014753832258285e-17
7.412880493250233   1.400160062283049e-17
7.419711837099707   1.3988460742792883e-17
7.426549476377644   1.397533417373972e-17
7.433393416885591   1.3962220897314517e-17
7.440243664430449   1.394912089520979e-17
7.4471002248244655   1.3936034149166854e-17
7.453963103885264   1.3922960640975536e-17
7.460832307435807   1.3909900352474054e-17
7.467707841304433   1.389685326554871e-17
7.474589711324841   1.3883819362133734e-17
7.48147792333613   1.3870798624210964e-17
7.488372483182759   1.3857791033809763e-17
7.495273396714576   1.38447965730067e-17
7.502180669786818   1.3831815223925389e-17
7.509094308260137   1.3818846968736221e-17
7.516014318000563   1.3805891789656221e-17
7.5229407048795425   1.3792949668948782e-17
7.529873474773922   1.3780020588923496e-17
7.536812633565988   1.3767104531935873e-17
7.543758187143425   1.3754201480387231e-17
7.5507101413993505   1.3741311416724415e-17
7.557668502232306   1.3728434323439643e-17
7.56463327554629   1.3715570183070228e-17
7.571604467250722   1.370271897819845e-17
7.578582083260471   1.3689880691451341e-17
7.585566129495853   1.3677055305500462e-17
7.592556611882659   1.3664242803061672e-17
7.599553536352122   1.3651443166895014e-17
7.606556908840946   1.3638656379804449e-17
7.613566735291298   1.3625882424637707e-17
7.620583021650846   1.3613121284286018e-17
7.627605773872714   1.3600372941684004e-17
7.634634997915523   1.3587637379809451e-17
7.641670699743372   1.357491458168311e-17
7.648712885325884   1.3562204530368478e-17
7.65576156063816   1.3549507208971686e-17
7.662816731660805   1.3536822600641257e-17
7.6698784043799595   1.3524150688567899e-17
7.676946584787258   1.3511491455984371e-17
7.684021278879863   1.3498844886165278e-17
7.691102492660457   1.348621096242688e-17
7.698190232137279   1.3473589668126882e-17
7.705284503324078   1.346098098666431e-17
7.712385312240156   1.3448384901479297e-17
7.7194926649103515   1.3435801396052912e-17
7.7266065673650814   1.342323045390694e-17
7.733727025640295   1.3410672058603771e-17
7.740854045777513   1.3398126193746191e-17
7.747987633823812   1.3385592842977202e-17
7.755127795831871   1.3373071989979829e-17
7.762274537859918   1.3360563618476984e-17
7.769427865971775   1.334806771223128e-17
7.776587786236841   1.3335584255044868e-17
7.783754304730135   1.3323113230759203e-17
7.790927427532252   1.3310654623254961e-17
7.798107160729393   1.3298208416451836e-17
7.805293510413365   1.3285774594308358e-17
7.81248648268161   1.3273353140821713e-17
7.8196860836371656   1.3260944040027627e-17
7.826892319388703   1.324854727600016e-17
7.834105196050513   1.3236162832851571e-17
7.841324719742547   1.3223790694732092e-17
7.848550896590369   1.3211430845829853e-17
7.8557837327252   1.3199083270370658e-17
7.863023234283902   1.3186747952617859e-17
7.870269407409014   1.3174424876872137e-17
7.877522258248714   1.3162114027471429e-17
7.884781792956854   1.314981538879071e-17
7.8920480176929475   1.313752894524186e-17
7.8993209386222105   1.3125254681273466e-17
7.906600561915513   1.3112992581370737e-17
7.913886893749425   1.3100742630055288e-17
7.921179940306195   1.3088504811885039e-17
7.928479707773797   1.3076279111453979e-17
7.935786202345882   1.3064065513392104e-17
7.943099430221815   1.3051864002365225e-17
7.950419397606668   1.3039674563074832e-17
7.9577461107112555   1.3027497180257884e-17
7.965079575752092   1.3015331838686757e-17
7.972419798951425   1.3003178523169024e-17
7.979766786537234   1.2991037218547353e-17
7.987120544743258   1.2978907909699296e-17
7.994481079808956   1.296679058153722e-17
8.001848397979549   1.2954685219008123e-17
8.009222505506   1.2942591807093503e-17
8.01660340864506   1.293051033080916e-17
8.023991113659225   1.2918440775205148e-17
8.031385626816762   1.290638312536557e-17
8.038786954391714   1.2894337366408457e-17
8.046195102663924   1.2882303483485595e-17
8.053610077919004   1.2870281461782438e-17
8.061031886448362   1.2858271286517938e-17
8.068460534549198   1.2846272942944429e-17
8.075896028524538   1.2834286416347425e-17
8.083338374683194   1.2822311692045582e-17
8.090787579339798   1.2810348755390494e-17
8.098243648814796   1.2798397591766584e-17
8.105706589434478   1.2786458186590932e-17
8.113176407530947   1.2774530525313199e-17
8.120653109442141   1.2762614593415471e-17
8.128136701511838   1.2750710376412115e-17
8.135627190089684   1.2738817859849626e-17
8.143124581531149   1.272693702930657e-17
8.150628882197571   1.2715067870393385e-17
8.158140098456142   1.2703210368752295e-17
8.165658236679947   1.2691364510057123e-17
8.173183303247916   1.2679530280013237e-17
8.18071530454487   1.2667707664357379e-17
8.188254246961504   1.2655896648857555e-17
8.195800136894427   1.2644097219312872e-17
8.203352980746116   1.2632309361553478e-17
8.210912784924952   1.2620533061440392e-17
8.218479555845246   1.2608768304865365e-17
8.22605329992719   1.2597015077750815e-17
8.233634023596906   1.2585273366049653e-17
8.24122173328643   1.2573543155745198e-17
8.24881643543375   1.2561824432851001e-17
8.256418136482756   1.2550117183410794e-17
8.264026842883293   1.2538421393498324e-17
8.271642561091138   1.2526737049217259e-17
8.27926529756804   1.251506413670102e-17
8.286895058781683   1.2503402642112738e-17
8.294531851205715   1.2491752551645087e-17
8.302175681319744   1.2480113851520181e-17
8.309826555609373   1.2468486527989425e-17
8.317484480566158   1.2456870567333474e-17
8.325149462687643   1.2445265955862045e-17
8.332821508477355   1.2433672679913859e-17
8.34050062444484   1.2422090725856444e-17
8.348186817105612   1.2410520080086133e-17
8.355880092981202   1.2398960729027873e-17
8.363580458599143   1.2374819016821728e-17
8.371287920493007   1.2353582673798569e-17
8.379002485202363   1.2335505759664024e-17
8.386724159272815   1.2318720714657479e-17
8.394452949255987   1.2302698433318585e-17
8.40218886170957   1.228719842964934e-17
8.409931903197274   1.2272087073899611e-17
8.417682080288861   1.2257280926826227e-17
8.425439399560144   1.2242723707576248e-17
8.43320386759302   1.2228375301108084e-17
8.440975490975424   1.2214205903252565e-17
8.448754276301372   1.2200192641147684e-17
8.456540230170948   1.2186317498332143e-17
8.464333359190345   1.217256597688988e-17
8.472133669971818   1.2158926199723604e-17
8.479941169133722   1.2145388287858986e-17
8.487755863300505   1.2131943916252674e-17
8.495577759102746   1.2118585989241662e-17
8.503406863177105   1.2105308398429736e-17
8.51124318216637   1.2092105838757058e-17
8.51908672271944   1.2078973666510293e-17
8.526937491491369   1.2065907788134191e-17
8.534795495143316   1.2052904572043676e-17
8.54266074034259   1.2039960777868976e-17
8.550533233762634   1.2027073499093535e-17
8.558412982083066   1.2014240116106809e-17
8.566299991989636   1.2001458257447213e-17
8.57419427017426   1.1988725767551105e-17
8.582095823335017   1.1976040679719009e-17
8.59000465817618   1.1963401193301467e-17
8.59792078140818   1.1950805654325256e-17
8.605844199747635   1.1938252538945106e-17
8.613774919917345   1.1925740439232255e-17
8.621712948646337   1.1913268050907878e-17
8.629658292669804   1.1900834162705225e-17
8.637610958729164   1.1888437647102896e-17
8.645570953572031   1.1876077452219045e-17
8.653538283952269   1.1863752594692904e-17
8.661512956629936   1.1851462153410516e-17
8.66949497837133   1.1839205263954773e-17
8.677484355948977   1.1826981113680143e-17
8.685481096141666   1.1814788937327818e-17
8.693485205734415   1.1802628013110593e-17
8.701496691518495   1.1790497659206949e-17
8.709515560291429   1.1778397230613272e-17
8.717541818857034   1.1766326116310276e-17
8.72557547402537   1.1754283736706163e-17
8.733616532612777   1.1742269541323848e-17
8.741665001441872   1.1730283006704472e-17
8.749720887341585   1.1718323634502749e-17
8.757784197147112   1.1706390949753257e-17
8.765854937699956   1.1694484499288979e-17
8.77393311584792   1.1682603850296158e-17
8.782018738445139   1.1670748588991267e-17
8.790111812352041   1.1658918319407741e-17
8.798212344435386   1.1647112662281365e-17
8.806320341568249   1.1635331254024797e-17
8.814435810630068   1.1623573745782451e-17
8.822558758506595   1.1611839802558402e-17
8.830689192089928   1.1600129102410248e-17
8.83882711827854   1.1588441335702973e-17
8.846972543977236   1.157677620441761e-17
8.855125476097193   1.1565133421509531e-17
8.863285921555951   1.1553512710312288e-17
8.871453887277449   1.1541913803982977e-17
8.879629380191977   1.153033644498574e-17
8.887812407236225   1.1518780384610086e-17
8.896002975353266   1.1507245382521326e-17
8.904201091492599   1.1495731206340364e-17
8.912406762610095   1.1484237631250793e-17
8.92061999566805   1.1472764439630831e-17
8.928840797635166   1.146131142070842e-17
8.937069175486592   1.144987837023758e-17
8.945305136203878   1.1438465090194602e-17
8.95354868677502   1.1427071388492361e-17
8.961799834194442   1.1415697078711701e-17
8.970058585463043   1.1404341979848383e-17
8.978324947588142   1.1393005916074798e-17
8.98659892758353   1.1381688716515106e-17
8.99488053246945   1.1370390215033142e-17
9.003169769272642   1.1359110250031935e-17
9.011466645026292   1.1347848664264384e-17
9.019771166770083   1.1336605304654067e-17
9.028083341550166   1.1325380022125646e-17
9.036403176419226   1.1314172671444197e-17
9.044730678436407   1.1302983111063002e-17
9.053065854667377   1.1291811202979112e-17
9.0614087121843   1.128065681259626e-17
9.069759258065888   1.1269519808594666e-17
9.078117499397349   1.1258400062807406e-17
9.08648344327043   1.1247297450102743e-17
9.0948570967834   1.1236211848272254e-17
9.103238467041102   1.1225143137924244e-17
9.111627561154895   1.1214091202382374e-17
9.120024386242706   1.1203055927588908e-17
9.128428949429006   1.1192037202012546e-17
9.136841257844864   1.1181034916560414e-17
9.14526131862789   1.1170048964494197e-17
9.15368913892228   1.1159079241349896e-17
9.16212472587881   1.1148125644861257e-17
9.170568086654868   1.1137188074886511e-17
9.179019228414413   1.1126266433338401e-17
9.187478158328014   1.1115360624117138e-17
9.195944883572839   1.1104470553046287e-17
9.2044194113327   1.109359612781129e-17
9.212901748797995   1.1082737257900696e-17
9.221391903165765   1.1071893854549706e-17
9.229889881639672   1.106106583068611e-17
9.238395691430041   1.1050253100878359e-17
9.24690933975382   1.1039455581285828e-17
9.25543083383461   1.1028673189610992e-17
9.263960180902666   1.1017905845053512e-17
9.27249738819493   1.1007153468266084e-17
9.281042462954986   1.0996415981312122e-17
9.289595412433101   1.0985693307624928e-17
9.29815624388622   1.0974985371968514e-17
9.306724964577999   1.0964292100399813e-17
9.315301581778758   1.095361342023245e-17
9.323886102765533   1.0942949260001709e-17
9.332478534822048   1.0932299549430887e-17
9.341078885238776   1.0921664219398789e-17
9.349687161312875   1.0911043201908516e-17
9.358303370348239   1.0900436430057263e-17
9.366927519655482   1.0889843838007269e-17
9.375559616551985   1.0879265360957674e-17
9.384199668361846   1.0868700935117561e-17
9.392847682415916   1.0858150497679729e-17
9.401503666051797   1.0847613986795485e-17
9.410167626613882   1.083709134155022e-17
9.418839571453299   1.0826582501939922e-17
9.427519507927965   1.081608740884836e-17
9.436207443402566   1.0805606004025102e-17
9.444903385248601   1.0795138230064174e-17
9.453607340844341   1.0784684030383563e-17
9.462319317574847   1.0774243349205251e-17
9.471039322832022   1.0763816131535921e-17
9.479767364014547   1.0753402323148344e-17
9.488503448527934   1.07430018705633e-17
9.49724758378451   1.0732614721032075e-17
9.505999777203462   1.0722240822519477e-17
9.51476003621078   1.0711880123687498e-17
9.523528368239313   1.070153257387932e-17
9.53230478072875   1.0691198123103926e-17
9.541089281125663   1.0680876722021091e-17
9.549881876883456   1.0670568321926935e-17
9.558682575462413   1.0660272874739798e-17
9.567491384329683   1.0649990332986597e-17
9.576308310959327   1.0639720649789541e-17
9.585133362832265   1.06294637788533e-17
9.593966547436315   1.0619219674452491e-17
9.602807872266192   1.060898829141956e-17
9.611657344823547   1.0598769585132926e-17
9.620514972616908   1.0588563511505623e-17
9.629380763161741   1.0578370026974106e-17
9.638254723980422   1.056818908848747e-17
9.647136862602292   1.0558020653496883e-17
9.656027186563598   1.0547864679945425e-17
9.664925703407546   1.053772112625809e-17
9.673832420684281   1.0527589951332172e-17
9.682747345950935   1.051747111452776e-17
9.691670486771574   1.0507364575658683e-17
9.700601850717248   1.0497270294983542e-17
9.709541445365973   1.0487188233197043e-17
9.718489278302776   1.0477118351421536e-17
9.727445357119647   1.046706061119882e-17
9.736409689415579   1.0457014974482123e-17
9.74538228279656   1.0446981403628298e-17
9.75436314487562   1.0436959861390169e-17
9.76335228327277   1.042695031090922e-17
9.772349705615055   1.0416952715708295e-17
9.781355419536538   1.0406967039684613e-17
9.790369432678352   1.0396993247102827e-17
9.799391752688635   1.0387031302588436e-17
9.808422387222585   1.0377081171121191e-17
9.817461343942446   1.0367142818028762e-17
9.826508630517555   1.0357216208980474e-17
9.835564254624282   1.0347301309981333e-17
9.844628223946085   1.0337398087366057e-17
9.85370054617349   1.0327506507793329e-17
9.862781229004142   1.031762653824012e-17
9.871870280142751   1.0307758145996268e-17
9.880967707301133   1.0297901298659048e-17
9.890073518198204   1.0288055964127965e-17
9.899187720560024   1.0278222110599578e-17
9.908310322119739   1.0268399706562571e-17
9.917441330617637   1.0258588720792817e-17
9.926580753801124   1.0248789122348631e-17
9.935728599424781   1.0239000880566057e-17
9.944884875250299   1.022922396505436e-17
9.954049589046535   1.0219458345691557e-17
9.963222748589496   1.0209703992620032e-17
9.972404361662386   1.0199960876242275e-17
9.981594436055548   1.0190228967216758e-17
9.990792979566516   1.018050823645382e-17
10.0   1.0170798655111701e-17
