# This file contains the cross section for particles into the FORWARD hemisphere only
# Normalization:	66361567642596.06	 pb
# PID:	111
# log10(theta)	log10(p/GeV)	cross-section[pb/bin]
-7.275	-1.975	0
-7.275	-1.925	0
-7.275	-1.875	0
-7.275	-1.825	0
-7.275	-1.775	0
-7.275	-1.725	0
-7.275	-1.675	0
-7.275	-1.625	0
-7.275	-1.575	0
-7.275	-1.525	0
-7.275	-1.475	0
-7.275	-1.425	0
-7.275	-1.375	0
-7.275	-1.325	0
-7.275	-1.275	0
-7.275	-1.225	0
-7.275	-1.175	0
-7.275	-1.125	0
-7.275	-1.075	0
-7.275	-1.025	0
-7.275	-0.975	0
-7.275	-0.925	0
-7.275	-0.875	0
-7.275	-0.825	0
-7.275	-0.775	0
-7.275	-0.725	0
-7.275	-0.675	0
-7.275	-0.625	0
-7.275	-0.575	0
-7.275	-0.525	0
-7.275	-0.475	0
-7.275	-0.425	0
-7.275	-0.375	0
-7.275	-0.325	0
-7.275	-0.275	0
-7.275	-0.225	0
-7.275	-0.175	0
-7.275	-0.125	0
-7.275	-0.0749999999999999	0
-7.275	-0.0249999999999999	0
-7.275	0.0250000000000001	0
-7.275	0.0750000000000001	0
-7.275	0.125	0
-7.275	0.175	0
-7.275	0.225	0
-7.275	0.275	0
-7.275	0.325	0
-7.275	0.375	0
-7.275	0.425	0
-7.275	0.475	0
-7.275	0.525	0
-7.275	0.575	0
-7.275	0.625	0
-7.275	0.675	0
-7.275	0.725	0
-7.275	0.775	0
-7.275	0.825	0
-7.275	0.875	0
-7.275	0.925	0
-7.275	0.975	0
-7.275	1.025	0
-7.275	1.075	0
-7.275	1.125	0
-7.275	1.175	0
-7.275	1.225	0
-7.275	1.275	0
-7.275	1.325	0
-7.275	1.375	0
-7.275	1.425	0
-7.275	1.475	0
-7.275	1.525	0
-7.275	1.575	0
-7.275	1.625	0
-7.275	1.675	0
-7.275	1.725	0
-7.275	1.775	0
-7.275	1.825	0
-7.275	1.875	0
-7.275	1.925	0
-7.275	1.975	0
-7.275	2.025	0
-7.275	2.075	0
-7.275	2.125	0
-7.275	2.175	0
-7.275	2.225	0
-7.275	2.275	0
-7.275	2.325	0
-7.275	2.375	0
-7.275	2.425	0
-7.275	2.475	0
-7.275	2.525	0
-7.275	2.575	0
-7.275	2.625	0
-7.225	-1.975	0
-7.225	-1.925	0
-7.225	-1.875	0
-7.225	-1.825	0
-7.225	-1.775	0
-7.225	-1.725	0
-7.225	-1.675	0
-7.225	-1.625	0
-7.225	-1.575	0
-7.225	-1.525	0
-7.225	-1.475	0
-7.225	-1.425	0
-7.225	-1.375	0
-7.225	-1.325	0
-7.225	-1.275	0
-7.225	-1.225	0
-7.225	-1.175	0
-7.225	-1.125	0
-7.225	-1.075	0
-7.225	-1.025	0
-7.225	-0.975	0
-7.225	-0.925	0
-7.225	-0.875	0
-7.225	-0.825	0
-7.225	-0.775	0
-7.225	-0.725	0
-7.225	-0.675	0
-7.225	-0.625	0
-7.225	-0.575	0
-7.225	-0.525	0
-7.225	-0.475	0
-7.225	-0.425	0
-7.225	-0.375	0
-7.225	-0.325	0
-7.225	-0.275	0
-7.225	-0.225	0
-7.225	-0.175	0
-7.225	-0.125	0
-7.225	-0.0749999999999999	0
-7.225	-0.0249999999999999	0
-7.225	0.0250000000000001	0
-7.225	0.0750000000000001	0
-7.225	0.125	0
-7.225	0.175	0
-7.225	0.225	0
-7.225	0.275	0
-7.225	0.325	0
-7.225	0.375	0
-7.225	0.425	0
-7.225	0.475	0
-7.225	0.525	0
-7.225	0.575	0
-7.225	0.625	0
-7.225	0.675	0
-7.225	0.725	0
-7.225	0.775	0
-7.225	0.825	0
-7.225	0.875	0
-7.225	0.925	0
-7.225	0.975	0
-7.225	1.025	0
-7.225	1.075	0
-7.225	1.125	0
-7.225	1.175	0
-7.225	1.225	0
-7.225	1.275	0
-7.225	1.325	0
-7.225	1.375	0
-7.225	1.425	0
-7.225	1.475	0
-7.225	1.525	0
-7.225	1.575	0
-7.225	1.625	0
-7.225	1.675	0
-7.225	1.725	0
-7.225	1.775	0
-7.225	1.825	0
-7.225	1.875	0
-7.225	1.925	0
-7.225	1.975	0
-7.225	2.025	0
-7.225	2.075	0
-7.225	2.125	0
-7.225	2.175	0
-7.225	2.225	0
-7.225	2.275	0
-7.225	2.325	0
-7.225	2.375	0
-7.225	2.425	0
-7.225	2.475	0
-7.225	2.525	0
-7.225	2.575	0
-7.225	2.625	0
-7.175	-1.975	0
-7.175	-1.925	0
-7.175	-1.875	0
-7.175	-1.825	0
-7.175	-1.775	0
-7.175	-1.725	0
-7.175	-1.675	0
-7.175	-1.625	0
-7.175	-1.575	0
-7.175	-1.525	0
-7.175	-1.475	0
-7.175	-1.425	0
-7.175	-1.375	0
-7.175	-1.325	0
-7.175	-1.275	0
-7.175	-1.225	0
-7.175	-1.175	0
-7.175	-1.125	0
-7.175	-1.075	0
-7.175	-1.025	0
-7.175	-0.975	0
-7.175	-0.925	0
-7.175	-0.875	0
-7.175	-0.825	0
-7.175	-0.775	0
-7.175	-0.725	0
-7.175	-0.675	0
-7.175	-0.625	0
-7.175	-0.575	0
-7.175	-0.525	0
-7.175	-0.475	0
-7.175	-0.425	0
-7.175	-0.375	0
-7.175	-0.325	0
-7.175	-0.275	0
-7.175	-0.225	0
-7.175	-0.175	0
-7.175	-0.125	0
-7.175	-0.0749999999999999	0
-7.175	-0.0249999999999999	0
-7.175	0.0250000000000001	0
-7.175	0.0750000000000001	0
-7.175	0.125	0
-7.175	0.175	0
-7.175	0.225	0
-7.175	0.275	0
-7.175	0.325	0
-7.175	0.375	0
-7.175	0.425	0
-7.175	0.475	0
-7.175	0.525	0
-7.175	0.575	0
-7.175	0.625	0
-7.175	0.675	0
-7.175	0.725	0
-7.175	0.775	0
-7.175	0.825	0
-7.175	0.875	0
-7.175	0.925	0
-7.175	0.975	0
-7.175	1.025	0
-7.175	1.075	0
-7.175	1.125	0
-7.175	1.175	0
-7.175	1.225	0
-7.175	1.275	0
-7.175	1.325	0
-7.175	1.375	0
-7.175	1.425	0
-7.175	1.475	0
-7.175	1.525	0
-7.175	1.575	0
-7.175	1.625	0
-7.175	1.675	0
-7.175	1.725	0
-7.175	1.775	0
-7.175	1.825	0
-7.175	1.875	0
-7.175	1.925	0
-7.175	1.975	0
-7.175	2.025	0
-7.175	2.075	0
-7.175	2.125	0
-7.175	2.175	0
-7.175	2.225	0
-7.175	2.275	0
-7.175	2.325	0
-7.175	2.375	0
-7.175	2.425	0
-7.175	2.475	0
-7.175	2.525	0
-7.175	2.575	0
-7.175	2.625	0
-7.125	-1.975	0
-7.125	-1.925	0
-7.125	-1.875	0
-7.125	-1.825	0
-7.125	-1.775	0
-7.125	-1.725	0
-7.125	-1.675	0
-7.125	-1.625	0
-7.125	-1.575	0
-7.125	-1.525	0
-7.125	-1.475	0
-7.125	-1.425	0
-7.125	-1.375	0
-7.125	-1.325	0
-7.125	-1.275	0
-7.125	-1.225	0
-7.125	-1.175	0
-7.125	-1.125	0
-7.125	-1.075	0
-7.125	-1.025	0
-7.125	-0.975	0
-7.125	-0.925	0
-7.125	-0.875	0
-7.125	-0.825	0
-7.125	-0.775	0
-7.125	-0.725	0
-7.125	-0.675	0
-7.125	-0.625	0
-7.125	-0.575	0
-7.125	-0.525	0
-7.125	-0.475	0
-7.125	-0.425	0
-7.125	-0.375	0
-7.125	-0.325	0
-7.125	-0.275	0
-7.125	-0.225	0
-7.125	-0.175	0
-7.125	-0.125	0
-7.125	-0.0749999999999999	0
-7.125	-0.0249999999999999	0
-7.125	0.0250000000000001	0
-7.125	0.0750000000000001	0
-7.125	0.125	0
-7.125	0.175	0
-7.125	0.225	0
-7.125	0.275	0
-7.125	0.325	0
-7.125	0.375	0
-7.125	0.425	0
-7.125	0.475	0
-7.125	0.525	0
-7.125	0.575	0
-7.125	0.625	0
-7.125	0.675	0
-7.125	0.725	0
-7.125	0.775	0
-7.125	0.825	0
-7.125	0.875	0
-7.125	0.925	0
-7.125	0.975	0
-7.125	1.025	0
-7.125	1.075	0
-7.125	1.125	0
-7.125	1.175	0
-7.125	1.225	0
-7.125	1.275	0
-7.125	1.325	0
-7.125	1.375	0
-7.125	1.425	0
-7.125	1.475	0
-7.125	1.525	0
-7.125	1.575	0
-7.125	1.625	0
-7.125	1.675	0
-7.125	1.725	0
-7.125	1.775	0
-7.125	1.825	0
-7.125	1.875	0
-7.125	1.925	0
-7.125	1.975	0
-7.125	2.025	0
-7.125	2.075	0
-7.125	2.125	0
-7.125	2.175	0
-7.125	2.225	0
-7.125	2.275	0
-7.125	2.325	0
-7.125	2.375	0
-7.125	2.425	0
-7.125	2.475	0
-7.125	2.525	0
-7.125	2.575	0
-7.125	2.625	0
-7.075	-1.975	0
-7.075	-1.925	0
-7.075	-1.875	0
-7.075	-1.825	0
-7.075	-1.775	0
-7.075	-1.725	0
-7.075	-1.675	0
-7.075	-1.625	0
-7.075	-1.575	0
-7.075	-1.525	0
-7.075	-1.475	0
-7.075	-1.425	0
-7.075	-1.375	0
-7.075	-1.325	0
-7.075	-1.275	0
-7.075	-1.225	0
-7.075	-1.175	0
-7.075	-1.125	0
-7.075	-1.075	0
-7.075	-1.025	0
-7.075	-0.975	0
-7.075	-0.925	0
-7.075	-0.875	0
-7.075	-0.825	0
-7.075	-0.775	0
-7.075	-0.725	0
-7.075	-0.675	0
-7.075	-0.625	0
-7.075	-0.575	0
-7.075	-0.525	0
-7.075	-0.475	0
-7.075	-0.425	0
-7.075	-0.375	0
-7.075	-0.325	0
-7.075	-0.275	0
-7.075	-0.225	0
-7.075	-0.175	0
-7.075	-0.125	0
-7.075	-0.0749999999999999	0
-7.075	-0.0249999999999999	0
-7.075	0.0250000000000001	0
-7.075	0.0750000000000001	0
-7.075	0.125	0
-7.075	0.175	0
-7.075	0.225	0
-7.075	0.275	0
-7.075	0.325	0
-7.075	0.375	0
-7.075	0.425	0
-7.075	0.475	0
-7.075	0.525	0
-7.075	0.575	0
-7.075	0.625	0
-7.075	0.675	0
-7.075	0.725	0
-7.075	0.775	0
-7.075	0.825	0
-7.075	0.875	0
-7.075	0.925	0
-7.075	0.975	0
-7.075	1.025	0
-7.075	1.075	0
-7.075	1.125	0
-7.075	1.175	0
-7.075	1.225	0
-7.075	1.275	0
-7.075	1.325	0
-7.075	1.375	0
-7.075	1.425	0
-7.075	1.475	0
-7.075	1.525	0
-7.075	1.575	0
-7.075	1.625	0
-7.075	1.675	0
-7.075	1.725	0
-7.075	1.775	0
-7.075	1.825	0
-7.075	1.875	0
-7.075	1.925	0
-7.075	1.975	0
-7.075	2.025	0
-7.075	2.075	0
-7.075	2.125	0
-7.075	2.175	0
-7.075	2.225	0
-7.075	2.275	0
-7.075	2.325	0
-7.075	2.375	0
-7.075	2.425	0
-7.075	2.475	0
-7.075	2.525	0
-7.075	2.575	0
-7.075	2.625	0
-7.025	-1.975	0
-7.025	-1.925	0
-7.025	-1.875	0
-7.025	-1.825	0
-7.025	-1.775	0
-7.025	-1.725	0
-7.025	-1.675	0
-7.025	-1.625	0
-7.025	-1.575	0
-7.025	-1.525	0
-7.025	-1.475	0
-7.025	-1.425	0
-7.025	-1.375	0
-7.025	-1.325	0
-7.025	-1.275	0
-7.025	-1.225	0
-7.025	-1.175	0
-7.025	-1.125	0
-7.025	-1.075	0
-7.025	-1.025	0
-7.025	-0.975	0
-7.025	-0.925	0
-7.025	-0.875	0
-7.025	-0.825	0
-7.025	-0.775	0
-7.025	-0.725	0
-7.025	-0.675	0
-7.025	-0.625	0
-7.025	-0.575	0
-7.025	-0.525	0
-7.025	-0.475	0
-7.025	-0.425	0
-7.025	-0.375	0
-7.025	-0.325	0
-7.025	-0.275	0
-7.025	-0.225	0
-7.025	-0.175	0
-7.025	-0.125	0
-7.025	-0.0749999999999999	0
-7.025	-0.0249999999999999	0
-7.025	0.0250000000000001	0
-7.025	0.0750000000000001	0
-7.025	0.125	0
-7.025	0.175	0
-7.025	0.225	0
-7.025	0.275	0
-7.025	0.325	0
-7.025	0.375	0
-7.025	0.425	0
-7.025	0.475	0
-7.025	0.525	0
-7.025	0.575	0
-7.025	0.625	0
-7.025	0.675	0
-7.025	0.725	0
-7.025	0.775	0
-7.025	0.825	0
-7.025	0.875	0
-7.025	0.925	0
-7.025	0.975	0
-7.025	1.025	0
-7.025	1.075	0
-7.025	1.125	0
-7.025	1.175	0
-7.025	1.225	0
-7.025	1.275	0
-7.025	1.325	0
-7.025	1.375	0
-7.025	1.425	0
-7.025	1.475	0
-7.025	1.525	0
-7.025	1.575	0
-7.025	1.625	0
-7.025	1.675	0
-7.025	1.725	0
-7.025	1.775	0
-7.025	1.825	0
-7.025	1.875	0
-7.025	1.925	0
-7.025	1.975	0
-7.025	2.025	0
-7.025	2.075	0
-7.025	2.125	0
-7.025	2.175	0
-7.025	2.225	0
-7.025	2.275	0
-7.025	2.325	0
-7.025	2.375	0
-7.025	2.425	0
-7.025	2.475	0
-7.025	2.525	0
-7.025	2.575	0
-7.025	2.625	0
-6.975	-1.975	0
-6.975	-1.925	0
-6.975	-1.875	0
-6.975	-1.825	0
-6.975	-1.775	0
-6.975	-1.725	0
-6.975	-1.675	0
-6.975	-1.625	0
-6.975	-1.575	0
-6.975	-1.525	0
-6.975	-1.475	0
-6.975	-1.425	0
-6.975	-1.375	0
-6.975	-1.325	0
-6.975	-1.275	0
-6.975	-1.225	0
-6.975	-1.175	0
-6.975	-1.125	0
-6.975	-1.075	0
-6.975	-1.025	0
-6.975	-0.975	0
-6.975	-0.925	0
-6.975	-0.875	0
-6.975	-0.825	0
-6.975	-0.775	0
-6.975	-0.725	0
-6.975	-0.675	0
-6.975	-0.625	0
-6.975	-0.575	0
-6.975	-0.525	0
-6.975	-0.475	0
-6.975	-0.425	0
-6.975	-0.375	0
-6.975	-0.325	0
-6.975	-0.275	0
-6.975	-0.225	0
-6.975	-0.175	0
-6.975	-0.125	0
-6.975	-0.0749999999999999	0
-6.975	-0.0249999999999999	0
-6.975	0.0250000000000001	0
-6.975	0.0750000000000001	0
-6.975	0.125	0
-6.975	0.175	0
-6.975	0.225	0
-6.975	0.275	0
-6.975	0.325	0
-6.975	0.375	0
-6.975	0.425	0
-6.975	0.475	0
-6.975	0.525	0
-6.975	0.575	0
-6.975	0.625	0
-6.975	0.675	0
-6.975	0.725	0
-6.975	0.775	0
-6.975	0.825	0
-6.975	0.875	0
-6.975	0.925	0
-6.975	0.975	0
-6.975	1.025	0
-6.975	1.075	0
-6.975	1.125	0
-6.975	1.175	0
-6.975	1.225	0
-6.975	1.275	0
-6.975	1.325	0
-6.975	1.375	0
-6.975	1.425	0
-6.975	1.475	0
-6.975	1.525	0
-6.975	1.575	0
-6.975	1.625	0
-6.975	1.675	0
-6.975	1.725	0
-6.975	1.775	0
-6.975	1.825	0
-6.975	1.875	0
-6.975	1.925	0
-6.975	1.975	0
-6.975	2.025	0
-6.975	2.075	0
-6.975	2.125	0
-6.975	2.175	0
-6.975	2.225	0
-6.975	2.275	0
-6.975	2.325	0
-6.975	2.375	0
-6.975	2.425	0
-6.975	2.475	0
-6.975	2.525	0
-6.975	2.575	0
-6.975	2.625	0
-6.925	-1.975	0
-6.925	-1.925	0
-6.925	-1.875	0
-6.925	-1.825	0
-6.925	-1.775	0
-6.925	-1.725	0
-6.925	-1.675	0
-6.925	-1.625	0
-6.925	-1.575	0
-6.925	-1.525	0
-6.925	-1.475	0
-6.925	-1.425	0
-6.925	-1.375	0
-6.925	-1.325	0
-6.925	-1.275	0
-6.925	-1.225	0
-6.925	-1.175	0
-6.925	-1.125	0
-6.925	-1.075	0
-6.925	-1.025	0
-6.925	-0.975	0
-6.925	-0.925	0
-6.925	-0.875	0
-6.925	-0.825	0
-6.925	-0.775	0
-6.925	-0.725	0
-6.925	-0.675	0
-6.925	-0.625	0
-6.925	-0.575	0
-6.925	-0.525	0
-6.925	-0.475	0
-6.925	-0.425	0
-6.925	-0.375	0
-6.925	-0.325	0
-6.925	-0.275	0
-6.925	-0.225	0
-6.925	-0.175	0
-6.925	-0.125	0
-6.925	-0.0749999999999999	0
-6.925	-0.0249999999999999	0
-6.925	0.0250000000000001	0
-6.925	0.0750000000000001	0
-6.925	0.125	0
-6.925	0.175	0
-6.925	0.225	0
-6.925	0.275	0
-6.925	0.325	0
-6.925	0.375	0
-6.925	0.425	0
-6.925	0.475	0
-6.925	0.525	0
-6.925	0.575	0
-6.925	0.625	0
-6.925	0.675	0
-6.925	0.725	0
-6.925	0.775	0
-6.925	0.825	0
-6.925	0.875	0
-6.925	0.925	0
-6.925	0.975	0
-6.925	1.025	0
-6.925	1.075	0
-6.925	1.125	0
-6.925	1.175	0
-6.925	1.225	0
-6.925	1.275	0
-6.925	1.325	0
-6.925	1.375	0
-6.925	1.425	0
-6.925	1.475	0
-6.925	1.525	0
-6.925	1.575	0
-6.925	1.625	0
-6.925	1.675	0
-6.925	1.725	0
-6.925	1.775	0
-6.925	1.825	0
-6.925	1.875	0
-6.925	1.925	0
-6.925	1.975	0
-6.925	2.025	0
-6.925	2.075	0
-6.925	2.125	0
-6.925	2.175	0
-6.925	2.225	0
-6.925	2.275	0
-6.925	2.325	0
-6.925	2.375	0
-6.925	2.425	0
-6.925	2.475	0
-6.925	2.525	0
-6.925	2.575	0
-6.925	2.625	0
-6.875	-1.975	0
-6.875	-1.925	0
-6.875	-1.875	0
-6.875	-1.825	0
-6.875	-1.775	0
-6.875	-1.725	0
-6.875	-1.675	0
-6.875	-1.625	0
-6.875	-1.575	0
-6.875	-1.525	0
-6.875	-1.475	0
-6.875	-1.425	0
-6.875	-1.375	0
-6.875	-1.325	0
-6.875	-1.275	0
-6.875	-1.225	0
-6.875	-1.175	0
-6.875	-1.125	0
-6.875	-1.075	0
-6.875	-1.025	0
-6.875	-0.975	0
-6.875	-0.925	0
-6.875	-0.875	0
-6.875	-0.825	0
-6.875	-0.775	0
-6.875	-0.725	0
-6.875	-0.675	0
-6.875	-0.625	0
-6.875	-0.575	0
-6.875	-0.525	0
-6.875	-0.475	0
-6.875	-0.425	0
-6.875	-0.375	0
-6.875	-0.325	0
-6.875	-0.275	0
-6.875	-0.225	0
-6.875	-0.175	0
-6.875	-0.125	0
-6.875	-0.0749999999999999	0
-6.875	-0.0249999999999999	0
-6.875	0.0250000000000001	0
-6.875	0.0750000000000001	0
-6.875	0.125	0
-6.875	0.175	0
-6.875	0.225	0
-6.875	0.275	0
-6.875	0.325	0
-6.875	0.375	0
-6.875	0.425	0
-6.875	0.475	0
-6.875	0.525	0
-6.875	0.575	0
-6.875	0.625	0
-6.875	0.675	0
-6.875	0.725	0
-6.875	0.775	0
-6.875	0.825	0
-6.875	0.875	0
-6.875	0.925	0
-6.875	0.975	0
-6.875	1.025	0
-6.875	1.075	0
-6.875	1.125	0
-6.875	1.175	0
-6.875	1.225	0
-6.875	1.275	0
-6.875	1.325	0
-6.875	1.375	0
-6.875	1.425	0
-6.875	1.475	0
-6.875	1.525	0
-6.875	1.575	0
-6.875	1.625	0
-6.875	1.675	0
-6.875	1.725	0
-6.875	1.775	0
-6.875	1.825	0
-6.875	1.875	0
-6.875	1.925	0
-6.875	1.975	0
-6.875	2.025	0
-6.875	2.075	0
-6.875	2.125	0
-6.875	2.175	0
-6.875	2.225	0
-6.875	2.275	0
-6.875	2.325	0
-6.875	2.375	0
-6.875	2.425	0
-6.875	2.475	0
-6.875	2.525	0
-6.875	2.575	0
-6.875	2.625	0
-6.825	-1.975	0
-6.825	-1.925	0
-6.825	-1.875	0
-6.825	-1.825	0
-6.825	-1.775	0
-6.825	-1.725	0
-6.825	-1.675	0
-6.825	-1.625	0
-6.825	-1.575	0
-6.825	-1.525	0
-6.825	-1.475	0
-6.825	-1.425	0
-6.825	-1.375	0
-6.825	-1.325	0
-6.825	-1.275	0
-6.825	-1.225	0
-6.825	-1.175	0
-6.825	-1.125	0
-6.825	-1.075	0
-6.825	-1.025	0
-6.825	-0.975	0
-6.825	-0.925	0
-6.825	-0.875	0
-6.825	-0.825	0
-6.825	-0.775	0
-6.825	-0.725	0
-6.825	-0.675	0
-6.825	-0.625	0
-6.825	-0.575	0
-6.825	-0.525	0
-6.825	-0.475	0
-6.825	-0.425	0
-6.825	-0.375	0
-6.825	-0.325	0
-6.825	-0.275	0
-6.825	-0.225	0
-6.825	-0.175	0
-6.825	-0.125	0
-6.825	-0.0749999999999999	0
-6.825	-0.0249999999999999	0
-6.825	0.0250000000000001	0
-6.825	0.0750000000000001	0
-6.825	0.125	0
-6.825	0.175	0
-6.825	0.225	0
-6.825	0.275	0
-6.825	0.325	0
-6.825	0.375	0
-6.825	0.425	0
-6.825	0.475	0
-6.825	0.525	0
-6.825	0.575	0
-6.825	0.625	0
-6.825	0.675	0
-6.825	0.725	0
-6.825	0.775	0
-6.825	0.825	0
-6.825	0.875	0
-6.825	0.925	0
-6.825	0.975	0
-6.825	1.025	0
-6.825	1.075	0
-6.825	1.125	0
-6.825	1.175	0
-6.825	1.225	0
-6.825	1.275	0
-6.825	1.325	0
-6.825	1.375	0
-6.825	1.425	0
-6.825	1.475	0
-6.825	1.525	0
-6.825	1.575	0
-6.825	1.625	0
-6.825	1.675	0
-6.825	1.725	0
-6.825	1.775	0
-6.825	1.825	0
-6.825	1.875	0
-6.825	1.925	0
-6.825	1.975	0
-6.825	2.025	0
-6.825	2.075	0
-6.825	2.125	0
-6.825	2.175	0
-6.825	2.225	0
-6.825	2.275	0
-6.825	2.325	0
-6.825	2.375	0
-6.825	2.425	0
-6.825	2.475	0
-6.825	2.525	0
-6.825	2.575	0
-6.825	2.625	0
-6.775	-1.975	0
-6.775	-1.925	0
-6.775	-1.875	0
-6.775	-1.825	0
-6.775	-1.775	0
-6.775	-1.725	0
-6.775	-1.675	0
-6.775	-1.625	0
-6.775	-1.575	0
-6.775	-1.525	0
-6.775	-1.475	0
-6.775	-1.425	0
-6.775	-1.375	0
-6.775	-1.325	0
-6.775	-1.275	0
-6.775	-1.225	0
-6.775	-1.175	0
-6.775	-1.125	0
-6.775	-1.075	0
-6.775	-1.025	0
-6.775	-0.975	0
-6.775	-0.925	0
-6.775	-0.875	0
-6.775	-0.825	0
-6.775	-0.775	0
-6.775	-0.725	0
-6.775	-0.675	0
-6.775	-0.625	0
-6.775	-0.575	0
-6.775	-0.525	0
-6.775	-0.475	0
-6.775	-0.425	0
-6.775	-0.375	0
-6.775	-0.325	0
-6.775	-0.275	0
-6.775	-0.225	0
-6.775	-0.175	0
-6.775	-0.125	0
-6.775	-0.0749999999999999	0
-6.775	-0.0249999999999999	0
-6.775	0.0250000000000001	0
-6.775	0.0750000000000001	0
-6.775	0.125	0
-6.775	0.175	0
-6.775	0.225	0
-6.775	0.275	0
-6.775	0.325	0
-6.775	0.375	0
-6.775	0.425	0
-6.775	0.475	0
-6.775	0.525	0
-6.775	0.575	0
-6.775	0.625	0
-6.775	0.675	0
-6.775	0.725	0
-6.775	0.775	0
-6.775	0.825	0
-6.775	0.875	0
-6.775	0.925	0
-6.775	0.975	0
-6.775	1.025	0
-6.775	1.075	0
-6.775	1.125	0
-6.775	1.175	0
-6.775	1.225	0
-6.775	1.275	0
-6.775	1.325	0
-6.775	1.375	0
-6.775	1.425	0
-6.775	1.475	0
-6.775	1.525	0
-6.775	1.575	0
-6.775	1.625	0
-6.775	1.675	0
-6.775	1.725	0
-6.775	1.775	0
-6.775	1.825	0
-6.775	1.875	0
-6.775	1.925	0
-6.775	1.975	0
-6.775	2.025	0
-6.775	2.075	0
-6.775	2.125	0
-6.775	2.175	0
-6.775	2.225	0
-6.775	2.275	0
-6.775	2.325	0
-6.775	2.375	0
-6.775	2.425	0
-6.775	2.475	0
-6.775	2.525	0
-6.775	2.575	0
-6.775	2.625	0
-6.725	-1.975	0
-6.725	-1.925	0
-6.725	-1.875	0
-6.725	-1.825	0
-6.725	-1.775	0
-6.725	-1.725	0
-6.725	-1.675	0
-6.725	-1.625	0
-6.725	-1.575	0
-6.725	-1.525	0
-6.725	-1.475	0
-6.725	-1.425	0
-6.725	-1.375	0
-6.725	-1.325	0
-6.725	-1.275	0
-6.725	-1.225	0
-6.725	-1.175	0
-6.725	-1.125	0
-6.725	-1.075	0
-6.725	-1.025	0
-6.725	-0.975	0
-6.725	-0.925	0
-6.725	-0.875	0
-6.725	-0.825	0
-6.725	-0.775	0
-6.725	-0.725	0
-6.725	-0.675	0
-6.725	-0.625	0
-6.725	-0.575	0
-6.725	-0.525	0
-6.725	-0.475	0
-6.725	-0.425	0
-6.725	-0.375	0
-6.725	-0.325	0
-6.725	-0.275	0
-6.725	-0.225	0
-6.725	-0.175	0
-6.725	-0.125	0
-6.725	-0.0749999999999999	0
-6.725	-0.0249999999999999	0
-6.725	0.0250000000000001	0
-6.725	0.0750000000000001	0
-6.725	0.125	0
-6.725	0.175	0
-6.725	0.225	0
-6.725	0.275	0
-6.725	0.325	0
-6.725	0.375	0
-6.725	0.425	0
-6.725	0.475	0
-6.725	0.525	0
-6.725	0.575	0
-6.725	0.625	0
-6.725	0.675	0
-6.725	0.725	0
-6.725	0.775	0
-6.725	0.825	0
-6.725	0.875	0
-6.725	0.925	0
-6.725	0.975	0
-6.725	1.025	0
-6.725	1.075	0
-6.725	1.125	0
-6.725	1.175	0
-6.725	1.225	0
-6.725	1.275	0
-6.725	1.325	0
-6.725	1.375	0
-6.725	1.425	0
-6.725	1.475	0
-6.725	1.525	0
-6.725	1.575	0
-6.725	1.625	0
-6.725	1.675	0
-6.725	1.725	0
-6.725	1.775	0
-6.725	1.825	0
-6.725	1.875	0
-6.725	1.925	0
-6.725	1.975	0
-6.725	2.025	0
-6.725	2.075	0
-6.725	2.125	0
-6.725	2.175	0
-6.725	2.225	0
-6.725	2.275	0
-6.725	2.325	0
-6.725	2.375	0
-6.725	2.425	0
-6.725	2.475	0
-6.725	2.525	0
-6.725	2.575	0
-6.725	2.625	0
-6.675	-1.975	0
-6.675	-1.925	0
-6.675	-1.875	0
-6.675	-1.825	0
-6.675	-1.775	0
-6.675	-1.725	0
-6.675	-1.675	0
-6.675	-1.625	0
-6.675	-1.575	0
-6.675	-1.525	0
-6.675	-1.475	0
-6.675	-1.425	0
-6.675	-1.375	0
-6.675	-1.325	0
-6.675	-1.275	0
-6.675	-1.225	0
-6.675	-1.175	0
-6.675	-1.125	0
-6.675	-1.075	0
-6.675	-1.025	0
-6.675	-0.975	0
-6.675	-0.925	0
-6.675	-0.875	0
-6.675	-0.825	0
-6.675	-0.775	0
-6.675	-0.725	0
-6.675	-0.675	0
-6.675	-0.625	0
-6.675	-0.575	0
-6.675	-0.525	0
-6.675	-0.475	0
-6.675	-0.425	0
-6.675	-0.375	0
-6.675	-0.325	0
-6.675	-0.275	0
-6.675	-0.225	0
-6.675	-0.175	0
-6.675	-0.125	0
-6.675	-0.0749999999999999	0
-6.675	-0.0249999999999999	0
-6.675	0.0250000000000001	0
-6.675	0.0750000000000001	0
-6.675	0.125	0
-6.675	0.175	0
-6.675	0.225	0
-6.675	0.275	0
-6.675	0.325	0
-6.675	0.375	0
-6.675	0.425	0
-6.675	0.475	0
-6.675	0.525	0
-6.675	0.575	0
-6.675	0.625	0
-6.675	0.675	0
-6.675	0.725	0
-6.675	0.775	0
-6.675	0.825	0
-6.675	0.875	0
-6.675	0.925	0
-6.675	0.975	0
-6.675	1.025	0
-6.675	1.075	0
-6.675	1.125	0
-6.675	1.175	0
-6.675	1.225	0
-6.675	1.275	0
-6.675	1.325	0
-6.675	1.375	0
-6.675	1.425	0
-6.675	1.475	0
-6.675	1.525	0
-6.675	1.575	0
-6.675	1.625	0
-6.675	1.675	0
-6.675	1.725	0
-6.675	1.775	0
-6.675	1.825	0
-6.675	1.875	0
-6.675	1.925	0
-6.675	1.975	0
-6.675	2.025	0
-6.675	2.075	0
-6.675	2.125	0
-6.675	2.175	0
-6.675	2.225	0
-6.675	2.275	0
-6.675	2.325	0
-6.675	2.375	0
-6.675	2.425	0
-6.675	2.475	0
-6.675	2.525	0
-6.675	2.575	0
-6.675	2.625	0
-6.625	-1.975	0
-6.625	-1.925	0
-6.625	-1.875	0
-6.625	-1.825	0
-6.625	-1.775	0
-6.625	-1.725	0
-6.625	-1.675	0
-6.625	-1.625	0
-6.625	-1.575	0
-6.625	-1.525	0
-6.625	-1.475	0
-6.625	-1.425	0
-6.625	-1.375	0
-6.625	-1.325	0
-6.625	-1.275	0
-6.625	-1.225	0
-6.625	-1.175	0
-6.625	-1.125	0
-6.625	-1.075	0
-6.625	-1.025	0
-6.625	-0.975	0
-6.625	-0.925	0
-6.625	-0.875	0
-6.625	-0.825	0
-6.625	-0.775	0
-6.625	-0.725	0
-6.625	-0.675	0
-6.625	-0.625	0
-6.625	-0.575	0
-6.625	-0.525	0
-6.625	-0.475	0
-6.625	-0.425	0
-6.625	-0.375	0
-6.625	-0.325	0
-6.625	-0.275	0
-6.625	-0.225	0
-6.625	-0.175	0
-6.625	-0.125	0
-6.625	-0.0749999999999999	0
-6.625	-0.0249999999999999	0
-6.625	0.0250000000000001	0
-6.625	0.0750000000000001	0
-6.625	0.125	0
-6.625	0.175	0
-6.625	0.225	0
-6.625	0.275	0
-6.625	0.325	0
-6.625	0.375	0
-6.625	0.425	0
-6.625	0.475	0
-6.625	0.525	0
-6.625	0.575	0
-6.625	0.625	0
-6.625	0.675	0
-6.625	0.725	0
-6.625	0.775	0
-6.625	0.825	0
-6.625	0.875	0
-6.625	0.925	0
-6.625	0.975	0
-6.625	1.025	0
-6.625	1.075	0
-6.625	1.125	0
-6.625	1.175	0
-6.625	1.225	0
-6.625	1.275	0
-6.625	1.325	0
-6.625	1.375	0
-6.625	1.425	0
-6.625	1.475	0
-6.625	1.525	0
-6.625	1.575	0
-6.625	1.625	0
-6.625	1.675	0
-6.625	1.725	0
-6.625	1.775	0
-6.625	1.825	0
-6.625	1.875	0
-6.625	1.925	0
-6.625	1.975	0
-6.625	2.025	0
-6.625	2.075	0
-6.625	2.125	0
-6.625	2.175	0
-6.625	2.225	0
-6.625	2.275	0
-6.625	2.325	0
-6.625	2.375	0
-6.625	2.425	0
-6.625	2.475	0
-6.625	2.525	0
-6.625	2.575	0
-6.625	2.625	0
-6.575	-1.975	0
-6.575	-1.925	0
-6.575	-1.875	0
-6.575	-1.825	0
-6.575	-1.775	0
-6.575	-1.725	0
-6.575	-1.675	0
-6.575	-1.625	0
-6.575	-1.575	0
-6.575	-1.525	0
-6.575	-1.475	0
-6.575	-1.425	0
-6.575	-1.375	0
-6.575	-1.325	0
-6.575	-1.275	0
-6.575	-1.225	0
-6.575	-1.175	0
-6.575	-1.125	0
-6.575	-1.075	0
-6.575	-1.025	0
-6.575	-0.975	0
-6.575	-0.925	0
-6.575	-0.875	0
-6.575	-0.825	0
-6.575	-0.775	0
-6.575	-0.725	0
-6.575	-0.675	0
-6.575	-0.625	0
-6.575	-0.575	0
-6.575	-0.525	0
-6.575	-0.475	0
-6.575	-0.425	0
-6.575	-0.375	0
-6.575	-0.325	0
-6.575	-0.275	0
-6.575	-0.225	0
-6.575	-0.175	0
-6.575	-0.125	0
-6.575	-0.0749999999999999	0
-6.575	-0.0249999999999999	0
-6.575	0.0250000000000001	0
-6.575	0.0750000000000001	0
-6.575	0.125	0
-6.575	0.175	0
-6.575	0.225	0
-6.575	0.275	0
-6.575	0.325	0
-6.575	0.375	0
-6.575	0.425	0
-6.575	0.475	0
-6.575	0.525	0
-6.575	0.575	0
-6.575	0.625	0
-6.575	0.675	0
-6.575	0.725	0
-6.575	0.775	0
-6.575	0.825	0
-6.575	0.875	0
-6.575	0.925	0
-6.575	0.975	0
-6.575	1.025	0
-6.575	1.075	0
-6.575	1.125	0
-6.575	1.175	0
-6.575	1.225	0
-6.575	1.275	0
-6.575	1.325	0
-6.575	1.375	0
-6.575	1.425	0
-6.575	1.475	0
-6.575	1.525	0
-6.575	1.575	0
-6.575	1.625	0
-6.575	1.675	0
-6.575	1.725	0
-6.575	1.775	0
-6.575	1.825	0
-6.575	1.875	0
-6.575	1.925	0
-6.575	1.975	0
-6.575	2.025	0
-6.575	2.075	0
-6.575	2.125	0
-6.575	2.175	0
-6.575	2.225	0
-6.575	2.275	0
-6.575	2.325	0
-6.575	2.375	0
-6.575	2.425	0
-6.575	2.475	0
-6.575	2.525	0
-6.575	2.575	0
-6.575	2.625	0
-6.525	-1.975	0
-6.525	-1.925	0
-6.525	-1.875	0
-6.525	-1.825	0
-6.525	-1.775	0
-6.525	-1.725	0
-6.525	-1.675	0
-6.525	-1.625	0
-6.525	-1.575	0
-6.525	-1.525	0
-6.525	-1.475	0
-6.525	-1.425	0
-6.525	-1.375	0
-6.525	-1.325	0
-6.525	-1.275	0
-6.525	-1.225	0
-6.525	-1.175	0
-6.525	-1.125	0
-6.525	-1.075	0
-6.525	-1.025	0
-6.525	-0.975	0
-6.525	-0.925	0
-6.525	-0.875	0
-6.525	-0.825	0
-6.525	-0.775	0
-6.525	-0.725	0
-6.525	-0.675	0
-6.525	-0.625	0
-6.525	-0.575	0
-6.525	-0.525	0
-6.525	-0.475	0
-6.525	-0.425	0
-6.525	-0.375	0
-6.525	-0.325	0
-6.525	-0.275	0
-6.525	-0.225	0
-6.525	-0.175	0
-6.525	-0.125	0
-6.525	-0.0749999999999999	0
-6.525	-0.0249999999999999	0
-6.525	0.0250000000000001	0
-6.525	0.0750000000000001	0
-6.525	0.125	0
-6.525	0.175	0
-6.525	0.225	0
-6.525	0.275	0
-6.525	0.325	0
-6.525	0.375	0
-6.525	0.425	0
-6.525	0.475	0
-6.525	0.525	0
-6.525	0.575	0
-6.525	0.625	0
-6.525	0.675	0
-6.525	0.725	0
-6.525	0.775	0
-6.525	0.825	0
-6.525	0.875	0
-6.525	0.925	0
-6.525	0.975	0
-6.525	1.025	0
-6.525	1.075	0
-6.525	1.125	0
-6.525	1.175	0
-6.525	1.225	0
-6.525	1.275	0
-6.525	1.325	0
-6.525	1.375	0
-6.525	1.425	0
-6.525	1.475	0
-6.525	1.525	0
-6.525	1.575	0
-6.525	1.625	0
-6.525	1.675	0
-6.525	1.725	0
-6.525	1.775	0
-6.525	1.825	0
-6.525	1.875	0
-6.525	1.925	0
-6.525	1.975	0
-6.525	2.025	0
-6.525	2.075	0
-6.525	2.125	0
-6.525	2.175	0
-6.525	2.225	0
-6.525	2.275	0
-6.525	2.325	0
-6.525	2.375	0
-6.525	2.425	0
-6.525	2.475	0
-6.525	2.525	0
-6.525	2.575	0
-6.525	2.625	0
-6.475	-1.975	0
-6.475	-1.925	0
-6.475	-1.875	0
-6.475	-1.825	0
-6.475	-1.775	0
-6.475	-1.725	0
-6.475	-1.675	0
-6.475	-1.625	0
-6.475	-1.575	0
-6.475	-1.525	0
-6.475	-1.475	0
-6.475	-1.425	0
-6.475	-1.375	0
-6.475	-1.325	0
-6.475	-1.275	0
-6.475	-1.225	0
-6.475	-1.175	0
-6.475	-1.125	0
-6.475	-1.075	0
-6.475	-1.025	0
-6.475	-0.975	0
-6.475	-0.925	0
-6.475	-0.875	0
-6.475	-0.825	0
-6.475	-0.775	0
-6.475	-0.725	0
-6.475	-0.675	0
-6.475	-0.625	0
-6.475	-0.575	0
-6.475	-0.525	0
-6.475	-0.475	0
-6.475	-0.425	0
-6.475	-0.375	0
-6.475	-0.325	0
-6.475	-0.275	0
-6.475	-0.225	0
-6.475	-0.175	0
-6.475	-0.125	0
-6.475	-0.0749999999999999	0
-6.475	-0.0249999999999999	0
-6.475	0.0250000000000001	0
-6.475	0.0750000000000001	0
-6.475	0.125	0
-6.475	0.175	0
-6.475	0.225	0
-6.475	0.275	0
-6.475	0.325	0
-6.475	0.375	0
-6.475	0.425	0
-6.475	0.475	0
-6.475	0.525	0
-6.475	0.575	0
-6.475	0.625	0
-6.475	0.675	0
-6.475	0.725	0
-6.475	0.775	0
-6.475	0.825	0
-6.475	0.875	0
-6.475	0.925	0
-6.475	0.975	0
-6.475	1.025	0
-6.475	1.075	0
-6.475	1.125	0
-6.475	1.175	0
-6.475	1.225	0
-6.475	1.275	0
-6.475	1.325	0
-6.475	1.375	0
-6.475	1.425	0
-6.475	1.475	0
-6.475	1.525	0
-6.475	1.575	0
-6.475	1.625	0
-6.475	1.675	0
-6.475	1.725	0
-6.475	1.775	0
-6.475	1.825	0
-6.475	1.875	0
-6.475	1.925	0
-6.475	1.975	0
-6.475	2.025	0
-6.475	2.075	0
-6.475	2.125	0
-6.475	2.175	0
-6.475	2.225	0
-6.475	2.275	0
-6.475	2.325	0
-6.475	2.375	0
-6.475	2.425	0
-6.475	2.475	0
-6.475	2.525	0
-6.475	2.575	0
-6.475	2.625	0
-6.425	-1.975	0
-6.425	-1.925	0
-6.425	-1.875	0
-6.425	-1.825	0
-6.425	-1.775	0
-6.425	-1.725	0
-6.425	-1.675	0
-6.425	-1.625	0
-6.425	-1.575	0
-6.425	-1.525	0
-6.425	-1.475	0
-6.425	-1.425	0
-6.425	-1.375	0
-6.425	-1.325	0
-6.425	-1.275	0
-6.425	-1.225	0
-6.425	-1.175	0
-6.425	-1.125	0
-6.425	-1.075	0
-6.425	-1.025	0
-6.425	-0.975	0
-6.425	-0.925	0
-6.425	-0.875	0
-6.425	-0.825	0
-6.425	-0.775	0
-6.425	-0.725	0
-6.425	-0.675	0
-6.425	-0.625	0
-6.425	-0.575	0
-6.425	-0.525	0
-6.425	-0.475	0
-6.425	-0.425	0
-6.425	-0.375	0
-6.425	-0.325	0
-6.425	-0.275	0
-6.425	-0.225	0
-6.425	-0.175	0
-6.425	-0.125	0
-6.425	-0.0749999999999999	0
-6.425	-0.0249999999999999	0
-6.425	0.0250000000000001	0
-6.425	0.0750000000000001	0
-6.425	0.125	0
-6.425	0.175	0
-6.425	0.225	0
-6.425	0.275	0
-6.425	0.325	0
-6.425	0.375	0
-6.425	0.425	0
-6.425	0.475	0
-6.425	0.525	0
-6.425	0.575	0
-6.425	0.625	0
-6.425	0.675	0
-6.425	0.725	0
-6.425	0.775	0
-6.425	0.825	0
-6.425	0.875	0
-6.425	0.925	0
-6.425	0.975	0
-6.425	1.025	0
-6.425	1.075	0
-6.425	1.125	0
-6.425	1.175	0
-6.425	1.225	0
-6.425	1.275	0
-6.425	1.325	0
-6.425	1.375	0
-6.425	1.425	0
-6.425	1.475	0
-6.425	1.525	0
-6.425	1.575	0
-6.425	1.625	0
-6.425	1.675	0
-6.425	1.725	0
-6.425	1.775	0
-6.425	1.825	0
-6.425	1.875	0
-6.425	1.925	0
-6.425	1.975	0
-6.425	2.025	0
-6.425	2.075	0
-6.425	2.125	0
-6.425	2.175	0
-6.425	2.225	0
-6.425	2.275	0
-6.425	2.325	0
-6.425	2.375	0
-6.425	2.425	0
-6.425	2.475	0
-6.425	2.525	0
-6.425	2.575	0
-6.425	2.625	0
-6.375	-1.975	0
-6.375	-1.925	0
-6.375	-1.875	0
-6.375	-1.825	0
-6.375	-1.775	0
-6.375	-1.725	0
-6.375	-1.675	0
-6.375	-1.625	0
-6.375	-1.575	0
-6.375	-1.525	0
-6.375	-1.475	0
-6.375	-1.425	0
-6.375	-1.375	0
-6.375	-1.325	0
-6.375	-1.275	0
-6.375	-1.225	0
-6.375	-1.175	0
-6.375	-1.125	0
-6.375	-1.075	0
-6.375	-1.025	0
-6.375	-0.975	0
-6.375	-0.925	0
-6.375	-0.875	0
-6.375	-0.825	0
-6.375	-0.775	0
-6.375	-0.725	0
-6.375	-0.675	0
-6.375	-0.625	0
-6.375	-0.575	0
-6.375	-0.525	0
-6.375	-0.475	0
-6.375	-0.425	0
-6.375	-0.375	0
-6.375	-0.325	0
-6.375	-0.275	0
-6.375	-0.225	0
-6.375	-0.175	0
-6.375	-0.125	0
-6.375	-0.0749999999999999	0
-6.375	-0.0249999999999999	0
-6.375	0.0250000000000001	0
-6.375	0.0750000000000001	0
-6.375	0.125	0
-6.375	0.175	0
-6.375	0.225	0
-6.375	0.275	0
-6.375	0.325	0
-6.375	0.375	0
-6.375	0.425	0
-6.375	0.475	0
-6.375	0.525	0
-6.375	0.575	0
-6.375	0.625	0
-6.375	0.675	0
-6.375	0.725	0
-6.375	0.775	0
-6.375	0.825	0
-6.375	0.875	0
-6.375	0.925	0
-6.375	0.975	0
-6.375	1.025	0
-6.375	1.075	0
-6.375	1.125	0
-6.375	1.175	0
-6.375	1.225	0
-6.375	1.275	0
-6.375	1.325	0
-6.375	1.375	0
-6.375	1.425	0
-6.375	1.475	0
-6.375	1.525	0
-6.375	1.575	0
-6.375	1.625	0
-6.375	1.675	0
-6.375	1.725	0
-6.375	1.775	0
-6.375	1.825	0
-6.375	1.875	0
-6.375	1.925	0
-6.375	1.975	0
-6.375	2.025	0
-6.375	2.075	0
-6.375	2.125	0
-6.375	2.175	0
-6.375	2.225	0
-6.375	2.275	0
-6.375	2.325	0
-6.375	2.375	0
-6.375	2.425	0
-6.375	2.475	0
-6.375	2.525	0
-6.375	2.575	0
-6.375	2.625	0
-6.325	-1.975	0
-6.325	-1.925	0
-6.325	-1.875	0
-6.325	-1.825	0
-6.325	-1.775	0
-6.325	-1.725	0
-6.325	-1.675	0
-6.325	-1.625	0
-6.325	-1.575	0
-6.325	-1.525	0
-6.325	-1.475	0
-6.325	-1.425	0
-6.325	-1.375	0
-6.325	-1.325	0
-6.325	-1.275	0
-6.325	-1.225	0
-6.325	-1.175	0
-6.325	-1.125	0
-6.325	-1.075	0
-6.325	-1.025	0
-6.325	-0.975	0
-6.325	-0.925	0
-6.325	-0.875	0
-6.325	-0.825	0
-6.325	-0.775	0
-6.325	-0.725	0
-6.325	-0.675	0
-6.325	-0.625	0
-6.325	-0.575	0
-6.325	-0.525	0
-6.325	-0.475	0
-6.325	-0.425	0
-6.325	-0.375	0
-6.325	-0.325	0
-6.325	-0.275	0
-6.325	-0.225	0
-6.325	-0.175	0
-6.325	-0.125	0
-6.325	-0.0749999999999999	0
-6.325	-0.0249999999999999	0
-6.325	0.0250000000000001	0
-6.325	0.0750000000000001	0
-6.325	0.125	0
-6.325	0.175	0
-6.325	0.225	0
-6.325	0.275	0
-6.325	0.325	0
-6.325	0.375	0
-6.325	0.425	0
-6.325	0.475	0
-6.325	0.525	0
-6.325	0.575	0
-6.325	0.625	0
-6.325	0.675	0
-6.325	0.725	0
-6.325	0.775	0
-6.325	0.825	0
-6.325	0.875	0
-6.325	0.925	0
-6.325	0.975	0
-6.325	1.025	0
-6.325	1.075	0
-6.325	1.125	0
-6.325	1.175	0
-6.325	1.225	0
-6.325	1.275	0
-6.325	1.325	0
-6.325	1.375	0
-6.325	1.425	0
-6.325	1.475	0
-6.325	1.525	0
-6.325	1.575	0
-6.325	1.625	0
-6.325	1.675	0
-6.325	1.725	0
-6.325	1.775	0
-6.325	1.825	0
-6.325	1.875	0
-6.325	1.925	0
-6.325	1.975	0
-6.325	2.025	0
-6.325	2.075	0
-6.325	2.125	0
-6.325	2.175	0
-6.325	2.225	0
-6.325	2.275	0
-6.325	2.325	0
-6.325	2.375	0
-6.325	2.425	0
-6.325	2.475	0
-6.325	2.525	0
-6.325	2.575	0
-6.325	2.625	0
-6.275	-1.975	0
-6.275	-1.925	0
-6.275	-1.875	0
-6.275	-1.825	0
-6.275	-1.775	0
-6.275	-1.725	0
-6.275	-1.675	0
-6.275	-1.625	0
-6.275	-1.575	0
-6.275	-1.525	0
-6.275	-1.475	0
-6.275	-1.425	0
-6.275	-1.375	0
-6.275	-1.325	0
-6.275	-1.275	0
-6.275	-1.225	0
-6.275	-1.175	0
-6.275	-1.125	0
-6.275	-1.075	0
-6.275	-1.025	0
-6.275	-0.975	0
-6.275	-0.925	0
-6.275	-0.875	0
-6.275	-0.825	0
-6.275	-0.775	0
-6.275	-0.725	0
-6.275	-0.675	0
-6.275	-0.625	0
-6.275	-0.575	0
-6.275	-0.525	0
-6.275	-0.475	0
-6.275	-0.425	0
-6.275	-0.375	0
-6.275	-0.325	0
-6.275	-0.275	0
-6.275	-0.225	0
-6.275	-0.175	0
-6.275	-0.125	0
-6.275	-0.0749999999999999	0
-6.275	-0.0249999999999999	0
-6.275	0.0250000000000001	0
-6.275	0.0750000000000001	0
-6.275	0.125	0
-6.275	0.175	0
-6.275	0.225	0
-6.275	0.275	0
-6.275	0.325	0
-6.275	0.375	0
-6.275	0.425	0
-6.275	0.475	0
-6.275	0.525	0
-6.275	0.575	0
-6.275	0.625	0
-6.275	0.675	0
-6.275	0.725	0
-6.275	0.775	0
-6.275	0.825	0
-6.275	0.875	0
-6.275	0.925	0
-6.275	0.975	0
-6.275	1.025	0
-6.275	1.075	0
-6.275	1.125	0
-6.275	1.175	0
-6.275	1.225	0
-6.275	1.275	0
-6.275	1.325	0
-6.275	1.375	0
-6.275	1.425	0
-6.275	1.475	0
-6.275	1.525	0
-6.275	1.575	0
-6.275	1.625	0
-6.275	1.675	0
-6.275	1.725	0
-6.275	1.775	0
-6.275	1.825	0
-6.275	1.875	0
-6.275	1.925	0
-6.275	1.975	0
-6.275	2.025	0
-6.275	2.075	0
-6.275	2.125	0
-6.275	2.175	0
-6.275	2.225	0
-6.275	2.275	0
-6.275	2.325	0
-6.275	2.375	0
-6.275	2.425	0
-6.275	2.475	0
-6.275	2.525	0
-6.275	2.575	0
-6.275	2.625	0
-6.225	-1.975	0
-6.225	-1.925	0
-6.225	-1.875	0
-6.225	-1.825	0
-6.225	-1.775	0
-6.225	-1.725	0
-6.225	-1.675	0
-6.225	-1.625	0
-6.225	-1.575	0
-6.225	-1.525	0
-6.225	-1.475	0
-6.225	-1.425	0
-6.225	-1.375	0
-6.225	-1.325	0
-6.225	-1.275	0
-6.225	-1.225	0
-6.225	-1.175	0
-6.225	-1.125	0
-6.225	-1.075	0
-6.225	-1.025	0
-6.225	-0.975	0
-6.225	-0.925	0
-6.225	-0.875	0
-6.225	-0.825	0
-6.225	-0.775	0
-6.225	-0.725	0
-6.225	-0.675	0
-6.225	-0.625	0
-6.225	-0.575	0
-6.225	-0.525	0
-6.225	-0.475	0
-6.225	-0.425	0
-6.225	-0.375	0
-6.225	-0.325	0
-6.225	-0.275	0
-6.225	-0.225	0
-6.225	-0.175	0
-6.225	-0.125	0
-6.225	-0.0749999999999999	0
-6.225	-0.0249999999999999	0
-6.225	0.0250000000000001	0
-6.225	0.0750000000000001	0
-6.225	0.125	0
-6.225	0.175	0
-6.225	0.225	0
-6.225	0.275	0
-6.225	0.325	0
-6.225	0.375	0
-6.225	0.425	0
-6.225	0.475	0
-6.225	0.525	0
-6.225	0.575	0
-6.225	0.625	0
-6.225	0.675	0
-6.225	0.725	0
-6.225	0.775	0
-6.225	0.825	0
-6.225	0.875	0
-6.225	0.925	0
-6.225	0.975	0
-6.225	1.025	0
-6.225	1.075	0
-6.225	1.125	0
-6.225	1.175	0
-6.225	1.225	0
-6.225	1.275	0
-6.225	1.325	0
-6.225	1.375	0
-6.225	1.425	0
-6.225	1.475	0
-6.225	1.525	0
-6.225	1.575	0
-6.225	1.625	0
-6.225	1.675	0
-6.225	1.725	0
-6.225	1.775	0
-6.225	1.825	0
-6.225	1.875	0
-6.225	1.925	0
-6.225	1.975	0
-6.225	2.025	0
-6.225	2.075	0
-6.225	2.125	0
-6.225	2.175	0
-6.225	2.225	0
-6.225	2.275	0
-6.225	2.325	0
-6.225	2.375	0
-6.225	2.425	0
-6.225	2.475	0
-6.225	2.525	0
-6.225	2.575	0
-6.225	2.625	0
-6.175	-1.975	0
-6.175	-1.925	0
-6.175	-1.875	0
-6.175	-1.825	0
-6.175	-1.775	0
-6.175	-1.725	0
-6.175	-1.675	0
-6.175	-1.625	0
-6.175	-1.575	0
-6.175	-1.525	0
-6.175	-1.475	0
-6.175	-1.425	0
-6.175	-1.375	0
-6.175	-1.325	0
-6.175	-1.275	0
-6.175	-1.225	0
-6.175	-1.175	0
-6.175	-1.125	0
-6.175	-1.075	0
-6.175	-1.025	0
-6.175	-0.975	0
-6.175	-0.925	0
-6.175	-0.875	0
-6.175	-0.825	0
-6.175	-0.775	0
-6.175	-0.725	0
-6.175	-0.675	0
-6.175	-0.625	0
-6.175	-0.575	0
-6.175	-0.525	0
-6.175	-0.475	0
-6.175	-0.425	0
-6.175	-0.375	0
-6.175	-0.325	0
-6.175	-0.275	0
-6.175	-0.225	0
-6.175	-0.175	0
-6.175	-0.125	0
-6.175	-0.0749999999999999	0
-6.175	-0.0249999999999999	0
-6.175	0.0250000000000001	0
-6.175	0.0750000000000001	0
-6.175	0.125	0
-6.175	0.175	0
-6.175	0.225	0
-6.175	0.275	0
-6.175	0.325	0
-6.175	0.375	0
-6.175	0.425	0
-6.175	0.475	0
-6.175	0.525	0
-6.175	0.575	0
-6.175	0.625	0
-6.175	0.675	0
-6.175	0.725	0
-6.175	0.775	0
-6.175	0.825	0
-6.175	0.875	0
-6.175	0.925	0
-6.175	0.975	0
-6.175	1.025	0
-6.175	1.075	0
-6.175	1.125	0
-6.175	1.175	0
-6.175	1.225	0
-6.175	1.275	0
-6.175	1.325	0
-6.175	1.375	0
-6.175	1.425	0
-6.175	1.475	0
-6.175	1.525	0
-6.175	1.575	0
-6.175	1.625	0
-6.175	1.675	0
-6.175	1.725	0
-6.175	1.775	0
-6.175	1.825	0
-6.175	1.875	0
-6.175	1.925	0
-6.175	1.975	0
-6.175	2.025	0
-6.175	2.075	0
-6.175	2.125	0
-6.175	2.175	0
-6.175	2.225	0
-6.175	2.275	0
-6.175	2.325	0
-6.175	2.375	0
-6.175	2.425	0
-6.175	2.475	0
-6.175	2.525	0
-6.175	2.575	0
-6.175	2.625	0
-6.125	-1.975	0
-6.125	-1.925	0
-6.125	-1.875	0
-6.125	-1.825	0
-6.125	-1.775	0
-6.125	-1.725	0
-6.125	-1.675	0
-6.125	-1.625	0
-6.125	-1.575	0
-6.125	-1.525	0
-6.125	-1.475	0
-6.125	-1.425	0
-6.125	-1.375	0
-6.125	-1.325	0
-6.125	-1.275	0
-6.125	-1.225	0
-6.125	-1.175	0
-6.125	-1.125	0
-6.125	-1.075	0
-6.125	-1.025	0
-6.125	-0.975	0
-6.125	-0.925	0
-6.125	-0.875	0
-6.125	-0.825	0
-6.125	-0.775	0
-6.125	-0.725	0
-6.125	-0.675	0
-6.125	-0.625	0
-6.125	-0.575	0
-6.125	-0.525	0
-6.125	-0.475	0
-6.125	-0.425	0
-6.125	-0.375	0
-6.125	-0.325	0
-6.125	-0.275	0
-6.125	-0.225	0
-6.125	-0.175	0
-6.125	-0.125	0
-6.125	-0.0749999999999999	0
-6.125	-0.0249999999999999	0
-6.125	0.0250000000000001	0
-6.125	0.0750000000000001	0
-6.125	0.125	0
-6.125	0.175	0
-6.125	0.225	0
-6.125	0.275	0
-6.125	0.325	0
-6.125	0.375	0
-6.125	0.425	0
-6.125	0.475	0
-6.125	0.525	0
-6.125	0.575	0
-6.125	0.625	0
-6.125	0.675	0
-6.125	0.725	0
-6.125	0.775	0
-6.125	0.825	0
-6.125	0.875	0
-6.125	0.925	0
-6.125	0.975	0
-6.125	1.025	0
-6.125	1.075	0
-6.125	1.125	0
-6.125	1.175	0
-6.125	1.225	0
-6.125	1.275	0
-6.125	1.325	0
-6.125	1.375	0
-6.125	1.425	0
-6.125	1.475	0
-6.125	1.525	0
-6.125	1.575	0
-6.125	1.625	0
-6.125	1.675	0
-6.125	1.725	0
-6.125	1.775	0
-6.125	1.825	0
-6.125	1.875	0
-6.125	1.925	0
-6.125	1.975	0
-6.125	2.025	0
-6.125	2.075	0
-6.125	2.125	0
-6.125	2.175	0
-6.125	2.225	0
-6.125	2.275	0
-6.125	2.325	0
-6.125	2.375	0
-6.125	2.425	0
-6.125	2.475	0
-6.125	2.525	0
-6.125	2.575	0
-6.125	2.625	0
-6.075	-1.975	0
-6.075	-1.925	0
-6.075	-1.875	0
-6.075	-1.825	0
-6.075	-1.775	0
-6.075	-1.725	0
-6.075	-1.675	0
-6.075	-1.625	0
-6.075	-1.575	0
-6.075	-1.525	0
-6.075	-1.475	0
-6.075	-1.425	0
-6.075	-1.375	0
-6.075	-1.325	0
-6.075	-1.275	0
-6.075	-1.225	0
-6.075	-1.175	0
-6.075	-1.125	0
-6.075	-1.075	0
-6.075	-1.025	0
-6.075	-0.975	0
-6.075	-0.925	0
-6.075	-0.875	0
-6.075	-0.825	0
-6.075	-0.775	0
-6.075	-0.725	0
-6.075	-0.675	0
-6.075	-0.625	0
-6.075	-0.575	0
-6.075	-0.525	0
-6.075	-0.475	0
-6.075	-0.425	0
-6.075	-0.375	0
-6.075	-0.325	0
-6.075	-0.275	0
-6.075	-0.225	0
-6.075	-0.175	0
-6.075	-0.125	0
-6.075	-0.0749999999999999	0
-6.075	-0.0249999999999999	0
-6.075	0.0250000000000001	0
-6.075	0.0750000000000001	0
-6.075	0.125	0
-6.075	0.175	0
-6.075	0.225	0
-6.075	0.275	0
-6.075	0.325	0
-6.075	0.375	0
-6.075	0.425	0
-6.075	0.475	0
-6.075	0.525	0
-6.075	0.575	0
-6.075	0.625	0
-6.075	0.675	0
-6.075	0.725	0
-6.075	0.775	0
-6.075	0.825	0
-6.075	0.875	0
-6.075	0.925	0
-6.075	0.975	0
-6.075	1.025	0
-6.075	1.075	0
-6.075	1.125	0
-6.075	1.175	0
-6.075	1.225	0
-6.075	1.275	0
-6.075	1.325	0
-6.075	1.375	0
-6.075	1.425	0
-6.075	1.475	0
-6.075	1.525	0
-6.075	1.575	0
-6.075	1.625	0
-6.075	1.675	0
-6.075	1.725	0
-6.075	1.775	0
-6.075	1.825	0
-6.075	1.875	0
-6.075	1.925	0
-6.075	1.975	0
-6.075	2.025	0
-6.075	2.075	0
-6.075	2.125	0
-6.075	2.175	0
-6.075	2.225	0
-6.075	2.275	0
-6.075	2.325	0
-6.075	2.375	0
-6.075	2.425	0
-6.075	2.475	0
-6.075	2.525	0
-6.075	2.575	0
-6.075	2.625	0
-6.025	-1.975	0
-6.025	-1.925	0
-6.025	-1.875	0
-6.025	-1.825	0
-6.025	-1.775	0
-6.025	-1.725	0
-6.025	-1.675	0
-6.025	-1.625	0
-6.025	-1.575	0
-6.025	-1.525	0
-6.025	-1.475	0
-6.025	-1.425	0
-6.025	-1.375	0
-6.025	-1.325	0
-6.025	-1.275	0
-6.025	-1.225	0
-6.025	-1.175	0
-6.025	-1.125	0
-6.025	-1.075	0
-6.025	-1.025	0
-6.025	-0.975	0
-6.025	-0.925	0
-6.025	-0.875	0
-6.025	-0.825	0
-6.025	-0.775	0
-6.025	-0.725	0
-6.025	-0.675	0
-6.025	-0.625	0
-6.025	-0.575	0
-6.025	-0.525	0
-6.025	-0.475	0
-6.025	-0.425	0
-6.025	-0.375	0
-6.025	-0.325	0
-6.025	-0.275	0
-6.025	-0.225	0
-6.025	-0.175	0
-6.025	-0.125	0
-6.025	-0.0749999999999999	0
-6.025	-0.0249999999999999	0
-6.025	0.0250000000000001	0
-6.025	0.0750000000000001	0
-6.025	0.125	0
-6.025	0.175	0
-6.025	0.225	0
-6.025	0.275	0
-6.025	0.325	0
-6.025	0.375	0
-6.025	0.425	0
-6.025	0.475	0
-6.025	0.525	0
-6.025	0.575	0
-6.025	0.625	0
-6.025	0.675	0
-6.025	0.725	0
-6.025	0.775	0
-6.025	0.825	0
-6.025	0.875	0
-6.025	0.925	0
-6.025	0.975	0
-6.025	1.025	0
-6.025	1.075	0
-6.025	1.125	0
-6.025	1.175	0
-6.025	1.225	0
-6.025	1.275	0
-6.025	1.325	0
-6.025	1.375	0
-6.025	1.425	0
-6.025	1.475	0
-6.025	1.525	0
-6.025	1.575	0
-6.025	1.625	0
-6.025	1.675	0
-6.025	1.725	0
-6.025	1.775	0
-6.025	1.825	0
-6.025	1.875	0
-6.025	1.925	0
-6.025	1.975	0
-6.025	2.025	0
-6.025	2.075	0
-6.025	2.125	0
-6.025	2.175	0
-6.025	2.225	0
-6.025	2.275	0
-6.025	2.325	0
-6.025	2.375	0
-6.025	2.425	0
-6.025	2.475	0
-6.025	2.525	0
-6.025	2.575	0
-6.025	2.625	0
-5.975	-1.975	0
-5.975	-1.925	0
-5.975	-1.875	0
-5.975	-1.825	0
-5.975	-1.775	0
-5.975	-1.725	0
-5.975	-1.675	0
-5.975	-1.625	0
-5.975	-1.575	0
-5.975	-1.525	0
-5.975	-1.475	0
-5.975	-1.425	0
-5.975	-1.375	0
-5.975	-1.325	0
-5.975	-1.275	0
-5.975	-1.225	0
-5.975	-1.175	0
-5.975	-1.125	0
-5.975	-1.075	0
-5.975	-1.025	0
-5.975	-0.975	0
-5.975	-0.925	0
-5.975	-0.875	0
-5.975	-0.825	0
-5.975	-0.775	0
-5.975	-0.725	0
-5.975	-0.675	0
-5.975	-0.625	0
-5.975	-0.575	0
-5.975	-0.525	0
-5.975	-0.475	0
-5.975	-0.425	0
-5.975	-0.375	0
-5.975	-0.325	0
-5.975	-0.275	0
-5.975	-0.225	0
-5.975	-0.175	0
-5.975	-0.125	0
-5.975	-0.0749999999999999	0
-5.975	-0.0249999999999999	0
-5.975	0.0250000000000001	0
-5.975	0.0750000000000001	0
-5.975	0.125	0
-5.975	0.175	0
-5.975	0.225	0
-5.975	0.275	0
-5.975	0.325	0
-5.975	0.375	0
-5.975	0.425	0
-5.975	0.475	0
-5.975	0.525	0
-5.975	0.575	0
-5.975	0.625	0
-5.975	0.675	0
-5.975	0.725	0
-5.975	0.775	0
-5.975	0.825	0
-5.975	0.875	0
-5.975	0.925	0
-5.975	0.975	0
-5.975	1.025	0
-5.975	1.075	0
-5.975	1.125	0
-5.975	1.175	0
-5.975	1.225	0
-5.975	1.275	0
-5.975	1.325	0
-5.975	1.375	0
-5.975	1.425	0
-5.975	1.475	0
-5.975	1.525	0
-5.975	1.575	0
-5.975	1.625	0
-5.975	1.675	0
-5.975	1.725	0
-5.975	1.775	0
-5.975	1.825	0
-5.975	1.875	0
-5.975	1.925	0
-5.975	1.975	0
-5.975	2.025	0
-5.975	2.075	0
-5.975	2.125	0
-5.975	2.175	0
-5.975	2.225	0
-5.975	2.275	0
-5.975	2.325	0
-5.975	2.375	0
-5.975	2.425	0
-5.975	2.475	0
-5.975	2.525	0
-5.975	2.575	0
-5.975	2.625	0
-5.925	-1.975	0
-5.925	-1.925	0
-5.925	-1.875	0
-5.925	-1.825	0
-5.925	-1.775	0
-5.925	-1.725	0
-5.925	-1.675	0
-5.925	-1.625	0
-5.925	-1.575	0
-5.925	-1.525	0
-5.925	-1.475	0
-5.925	-1.425	0
-5.925	-1.375	0
-5.925	-1.325	0
-5.925	-1.275	0
-5.925	-1.225	0
-5.925	-1.175	0
-5.925	-1.125	0
-5.925	-1.075	0
-5.925	-1.025	0
-5.925	-0.975	0
-5.925	-0.925	0
-5.925	-0.875	0
-5.925	-0.825	0
-5.925	-0.775	0
-5.925	-0.725	0
-5.925	-0.675	0
-5.925	-0.625	0
-5.925	-0.575	0
-5.925	-0.525	0
-5.925	-0.475	0
-5.925	-0.425	0
-5.925	-0.375	0
-5.925	-0.325	0
-5.925	-0.275	0
-5.925	-0.225	0
-5.925	-0.175	0
-5.925	-0.125	0
-5.925	-0.0749999999999999	0
-5.925	-0.0249999999999999	0
-5.925	0.0250000000000001	0
-5.925	0.0750000000000001	0
-5.925	0.125	0
-5.925	0.175	0
-5.925	0.225	0
-5.925	0.275	0
-5.925	0.325	0
-5.925	0.375	0
-5.925	0.425	0
-5.925	0.475	0
-5.925	0.525	0
-5.925	0.575	0
-5.925	0.625	0
-5.925	0.675	0
-5.925	0.725	0
-5.925	0.775	0
-5.925	0.825	0
-5.925	0.875	0
-5.925	0.925	0
-5.925	0.975	0
-5.925	1.025	0
-5.925	1.075	0
-5.925	1.125	0
-5.925	1.175	0
-5.925	1.225	0
-5.925	1.275	0
-5.925	1.325	0
-5.925	1.375	0
-5.925	1.425	0
-5.925	1.475	0
-5.925	1.525	0
-5.925	1.575	0
-5.925	1.625	0
-5.925	1.675	0
-5.925	1.725	0
-5.925	1.775	0
-5.925	1.825	0
-5.925	1.875	0
-5.925	1.925	0
-5.925	1.975	0
-5.925	2.025	0
-5.925	2.075	0
-5.925	2.125	0
-5.925	2.175	0
-5.925	2.225	0
-5.925	2.275	0
-5.925	2.325	0
-5.925	2.375	0
-5.925	2.425	0
-5.925	2.475	0
-5.925	2.525	0
-5.925	2.575	0
-5.925	2.625	0
-5.875	-1.975	0
-5.875	-1.925	0
-5.875	-1.875	0
-5.875	-1.825	0
-5.875	-1.775	0
-5.875	-1.725	0
-5.875	-1.675	0
-5.875	-1.625	0
-5.875	-1.575	0
-5.875	-1.525	0
-5.875	-1.475	0
-5.875	-1.425	0
-5.875	-1.375	0
-5.875	-1.325	0
-5.875	-1.275	0
-5.875	-1.225	0
-5.875	-1.175	0
-5.875	-1.125	0
-5.875	-1.075	0
-5.875	-1.025	0
-5.875	-0.975	0
-5.875	-0.925	0
-5.875	-0.875	0
-5.875	-0.825	0
-5.875	-0.775	0
-5.875	-0.725	0
-5.875	-0.675	0
-5.875	-0.625	0
-5.875	-0.575	0
-5.875	-0.525	0
-5.875	-0.475	0
-5.875	-0.425	0
-5.875	-0.375	0
-5.875	-0.325	0
-5.875	-0.275	0
-5.875	-0.225	0
-5.875	-0.175	0
-5.875	-0.125	0
-5.875	-0.0749999999999999	0
-5.875	-0.0249999999999999	0
-5.875	0.0250000000000001	0
-5.875	0.0750000000000001	0
-5.875	0.125	0
-5.875	0.175	0
-5.875	0.225	0
-5.875	0.275	0
-5.875	0.325	0
-5.875	0.375	0
-5.875	0.425	0
-5.875	0.475	0
-5.875	0.525	0
-5.875	0.575	0
-5.875	0.625	0
-5.875	0.675	0
-5.875	0.725	0
-5.875	0.775	0
-5.875	0.825	0
-5.875	0.875	0
-5.875	0.925	0
-5.875	0.975	0
-5.875	1.025	0
-5.875	1.075	0
-5.875	1.125	0
-5.875	1.175	0
-5.875	1.225	0
-5.875	1.275	0
-5.875	1.325	0
-5.875	1.375	0
-5.875	1.425	0
-5.875	1.475	0
-5.875	1.525	0
-5.875	1.575	0
-5.875	1.625	0
-5.875	1.675	0
-5.875	1.725	0
-5.875	1.775	0
-5.875	1.825	0
-5.875	1.875	0
-5.875	1.925	0
-5.875	1.975	0
-5.875	2.025	0
-5.875	2.075	0
-5.875	2.125	0
-5.875	2.175	0
-5.875	2.225	0
-5.875	2.275	0
-5.875	2.325	0
-5.875	2.375	0
-5.875	2.425	0
-5.875	2.475	0
-5.875	2.525	0
-5.875	2.575	0
-5.875	2.625	0
-5.825	-1.975	0
-5.825	-1.925	0
-5.825	-1.875	0
-5.825	-1.825	0
-5.825	-1.775	0
-5.825	-1.725	0
-5.825	-1.675	0
-5.825	-1.625	0
-5.825	-1.575	0
-5.825	-1.525	0
-5.825	-1.475	0
-5.825	-1.425	0
-5.825	-1.375	0
-5.825	-1.325	0
-5.825	-1.275	0
-5.825	-1.225	0
-5.825	-1.175	0
-5.825	-1.125	0
-5.825	-1.075	0
-5.825	-1.025	0
-5.825	-0.975	0
-5.825	-0.925	0
-5.825	-0.875	0
-5.825	-0.825	0
-5.825	-0.775	0
-5.825	-0.725	0
-5.825	-0.675	0
-5.825	-0.625	0
-5.825	-0.575	0
-5.825	-0.525	0
-5.825	-0.475	0
-5.825	-0.425	0
-5.825	-0.375	0
-5.825	-0.325	0
-5.825	-0.275	0
-5.825	-0.225	0
-5.825	-0.175	0
-5.825	-0.125	0
-5.825	-0.0749999999999999	0
-5.825	-0.0249999999999999	0
-5.825	0.0250000000000001	0
-5.825	0.0750000000000001	0
-5.825	0.125	0
-5.825	0.175	0
-5.825	0.225	0
-5.825	0.275	0
-5.825	0.325	0
-5.825	0.375	0
-5.825	0.425	0
-5.825	0.475	0
-5.825	0.525	0
-5.825	0.575	0
-5.825	0.625	0
-5.825	0.675	0
-5.825	0.725	0
-5.825	0.775	0
-5.825	0.825	0
-5.825	0.875	0
-5.825	0.925	0
-5.825	0.975	0
-5.825	1.025	0
-5.825	1.075	0
-5.825	1.125	0
-5.825	1.175	0
-5.825	1.225	0
-5.825	1.275	0
-5.825	1.325	0
-5.825	1.375	0
-5.825	1.425	0
-5.825	1.475	0
-5.825	1.525	0
-5.825	1.575	0
-5.825	1.625	0
-5.825	1.675	0
-5.825	1.725	0
-5.825	1.775	0
-5.825	1.825	0
-5.825	1.875	0
-5.825	1.925	0
-5.825	1.975	0
-5.825	2.025	0
-5.825	2.075	0
-5.825	2.125	0
-5.825	2.175	0
-5.825	2.225	0
-5.825	2.275	0
-5.825	2.325	0
-5.825	2.375	0
-5.825	2.425	0
-5.825	2.475	0
-5.825	2.525	0
-5.825	2.575	0
-5.825	2.625	0
-5.775	-1.975	0
-5.775	-1.925	0
-5.775	-1.875	0
-5.775	-1.825	0
-5.775	-1.775	0
-5.775	-1.725	0
-5.775	-1.675	0
-5.775	-1.625	0
-5.775	-1.575	0
-5.775	-1.525	0
-5.775	-1.475	0
-5.775	-1.425	0
-5.775	-1.375	0
-5.775	-1.325	0
-5.775	-1.275	0
-5.775	-1.225	0
-5.775	-1.175	0
-5.775	-1.125	0
-5.775	-1.075	0
-5.775	-1.025	0
-5.775	-0.975	0
-5.775	-0.925	0
-5.775	-0.875	0
-5.775	-0.825	0
-5.775	-0.775	0
-5.775	-0.725	0
-5.775	-0.675	0
-5.775	-0.625	0
-5.775	-0.575	0
-5.775	-0.525	0
-5.775	-0.475	0
-5.775	-0.425	0
-5.775	-0.375	0
-5.775	-0.325	0
-5.775	-0.275	0
-5.775	-0.225	0
-5.775	-0.175	0
-5.775	-0.125	0
-5.775	-0.0749999999999999	0
-5.775	-0.0249999999999999	0
-5.775	0.0250000000000001	0
-5.775	0.0750000000000001	0
-5.775	0.125	0
-5.775	0.175	0
-5.775	0.225	0
-5.775	0.275	0
-5.775	0.325	0
-5.775	0.375	0
-5.775	0.425	0
-5.775	0.475	0
-5.775	0.525	0
-5.775	0.575	0
-5.775	0.625	0
-5.775	0.675	0
-5.775	0.725	0
-5.775	0.775	0
-5.775	0.825	0
-5.775	0.875	0
-5.775	0.925	0
-5.775	0.975	0
-5.775	1.025	0
-5.775	1.075	0
-5.775	1.125	0
-5.775	1.175	0
-5.775	1.225	0
-5.775	1.275	0
-5.775	1.325	0
-5.775	1.375	0
-5.775	1.425	0
-5.775	1.475	0
-5.775	1.525	0
-5.775	1.575	0
-5.775	1.625	0
-5.775	1.675	0
-5.775	1.725	0
-5.775	1.775	0
-5.775	1.825	0
-5.775	1.875	0
-5.775	1.925	0
-5.775	1.975	0
-5.775	2.025	0
-5.775	2.075	0
-5.775	2.125	0
-5.775	2.175	0
-5.775	2.225	0
-5.775	2.275	0
-5.775	2.325	0
-5.775	2.375	0
-5.775	2.425	0
-5.775	2.475	0
-5.775	2.525	0
-5.775	2.575	0
-5.775	2.625	0
-5.725	-1.975	0
-5.725	-1.925	0
-5.725	-1.875	0
-5.725	-1.825	0
-5.725	-1.775	0
-5.725	-1.725	0
-5.725	-1.675	0
-5.725	-1.625	0
-5.725	-1.575	0
-5.725	-1.525	0
-5.725	-1.475	0
-5.725	-1.425	0
-5.725	-1.375	0
-5.725	-1.325	0
-5.725	-1.275	0
-5.725	-1.225	0
-5.725	-1.175	0
-5.725	-1.125	0
-5.725	-1.075	0
-5.725	-1.025	0
-5.725	-0.975	0
-5.725	-0.925	0
-5.725	-0.875	0
-5.725	-0.825	0
-5.725	-0.775	0
-5.725	-0.725	0
-5.725	-0.675	0
-5.725	-0.625	0
-5.725	-0.575	0
-5.725	-0.525	0
-5.725	-0.475	0
-5.725	-0.425	0
-5.725	-0.375	0
-5.725	-0.325	0
-5.725	-0.275	0
-5.725	-0.225	0
-5.725	-0.175	0
-5.725	-0.125	0
-5.725	-0.0749999999999999	0
-5.725	-0.0249999999999999	0
-5.725	0.0250000000000001	0
-5.725	0.0750000000000001	0
-5.725	0.125	0
-5.725	0.175	0
-5.725	0.225	0
-5.725	0.275	0
-5.725	0.325	0
-5.725	0.375	0
-5.725	0.425	0
-5.725	0.475	0
-5.725	0.525	0
-5.725	0.575	0
-5.725	0.625	0
-5.725	0.675	0
-5.725	0.725	0
-5.725	0.775	0
-5.725	0.825	0
-5.725	0.875	0
-5.725	0.925	0
-5.725	0.975	0
-5.725	1.025	0
-5.725	1.075	0
-5.725	1.125	0
-5.725	1.175	0
-5.725	1.225	0
-5.725	1.275	0
-5.725	1.325	0
-5.725	1.375	0
-5.725	1.425	0
-5.725	1.475	0
-5.725	1.525	0
-5.725	1.575	0
-5.725	1.625	0
-5.725	1.675	0
-5.725	1.725	0
-5.725	1.775	0
-5.725	1.825	0
-5.725	1.875	0
-5.725	1.925	0
-5.725	1.975	0
-5.725	2.025	0
-5.725	2.075	0
-5.725	2.125	0
-5.725	2.175	0
-5.725	2.225	0
-5.725	2.275	0
-5.725	2.325	0
-5.725	2.375	0
-5.725	2.425	0
-5.725	2.475	0
-5.725	2.525	0
-5.725	2.575	0
-5.725	2.625	0
-5.675	-1.975	0
-5.675	-1.925	0
-5.675	-1.875	0
-5.675	-1.825	0
-5.675	-1.775	0
-5.675	-1.725	0
-5.675	-1.675	0
-5.675	-1.625	0
-5.675	-1.575	0
-5.675	-1.525	0
-5.675	-1.475	0
-5.675	-1.425	0
-5.675	-1.375	0
-5.675	-1.325	0
-5.675	-1.275	0
-5.675	-1.225	0
-5.675	-1.175	0
-5.675	-1.125	0
-5.675	-1.075	0
-5.675	-1.025	0
-5.675	-0.975	0
-5.675	-0.925	0
-5.675	-0.875	0
-5.675	-0.825	0
-5.675	-0.775	0
-5.675	-0.725	0
-5.675	-0.675	0
-5.675	-0.625	0
-5.675	-0.575	0
-5.675	-0.525	0
-5.675	-0.475	0
-5.675	-0.425	0
-5.675	-0.375	0
-5.675	-0.325	0
-5.675	-0.275	0
-5.675	-0.225	0
-5.675	-0.175	0
-5.675	-0.125	0
-5.675	-0.0749999999999999	0
-5.675	-0.0249999999999999	0
-5.675	0.0250000000000001	0
-5.675	0.0750000000000001	0
-5.675	0.125	0
-5.675	0.175	0
-5.675	0.225	0
-5.675	0.275	0
-5.675	0.325	0
-5.675	0.375	0
-5.675	0.425	0
-5.675	0.475	0
-5.675	0.525	0
-5.675	0.575	0
-5.675	0.625	0
-5.675	0.675	0
-5.675	0.725	0
-5.675	0.775	0
-5.675	0.825	0
-5.675	0.875	0
-5.675	0.925	0
-5.675	0.975	0
-5.675	1.025	0
-5.675	1.075	0
-5.675	1.125	0
-5.675	1.175	0
-5.675	1.225	0
-5.675	1.275	0
-5.675	1.325	0
-5.675	1.375	0
-5.675	1.425	0
-5.675	1.475	0
-5.675	1.525	0
-5.675	1.575	0
-5.675	1.625	0
-5.675	1.675	0
-5.675	1.725	0
-5.675	1.775	0
-5.675	1.825	0
-5.675	1.875	0
-5.675	1.925	0
-5.675	1.975	0
-5.675	2.025	0
-5.675	2.075	0
-5.675	2.125	0
-5.675	2.175	0
-5.675	2.225	0
-5.675	2.275	0
-5.675	2.325	0
-5.675	2.375	0
-5.675	2.425	0
-5.675	2.475	0
-5.675	2.525	0
-5.675	2.575	0
-5.675	2.625	0
-5.625	-1.975	0
-5.625	-1.925	0
-5.625	-1.875	0
-5.625	-1.825	0
-5.625	-1.775	0
-5.625	-1.725	0
-5.625	-1.675	0
-5.625	-1.625	0
-5.625	-1.575	0
-5.625	-1.525	0
-5.625	-1.475	0
-5.625	-1.425	0
-5.625	-1.375	0
-5.625	-1.325	0
-5.625	-1.275	0
-5.625	-1.225	0
-5.625	-1.175	0
-5.625	-1.125	0
-5.625	-1.075	0
-5.625	-1.025	0
-5.625	-0.975	0
-5.625	-0.925	0
-5.625	-0.875	0
-5.625	-0.825	0
-5.625	-0.775	0
-5.625	-0.725	0
-5.625	-0.675	0
-5.625	-0.625	0
-5.625	-0.575	0
-5.625	-0.525	0
-5.625	-0.475	0
-5.625	-0.425	0
-5.625	-0.375	0
-5.625	-0.325	0
-5.625	-0.275	0
-5.625	-0.225	0
-5.625	-0.175	0
-5.625	-0.125	0
-5.625	-0.0749999999999999	0
-5.625	-0.0249999999999999	0
-5.625	0.0250000000000001	0
-5.625	0.0750000000000001	0
-5.625	0.125	0
-5.625	0.175	0
-5.625	0.225	0
-5.625	0.275	0
-5.625	0.325	0
-5.625	0.375	0
-5.625	0.425	0
-5.625	0.475	0
-5.625	0.525	0
-5.625	0.575	0
-5.625	0.625	0
-5.625	0.675	0
-5.625	0.725	0
-5.625	0.775	0
-5.625	0.825	0
-5.625	0.875	0
-5.625	0.925	0
-5.625	0.975	0
-5.625	1.025	0
-5.625	1.075	0
-5.625	1.125	0
-5.625	1.175	0
-5.625	1.225	0
-5.625	1.275	0
-5.625	1.325	0
-5.625	1.375	0
-5.625	1.425	0
-5.625	1.475	0
-5.625	1.525	0
-5.625	1.575	0
-5.625	1.625	0
-5.625	1.675	0
-5.625	1.725	0
-5.625	1.775	0
-5.625	1.825	0
-5.625	1.875	0
-5.625	1.925	0
-5.625	1.975	0
-5.625	2.025	0
-5.625	2.075	0
-5.625	2.125	0
-5.625	2.175	0
-5.625	2.225	0
-5.625	2.275	0
-5.625	2.325	0
-5.625	2.375	0
-5.625	2.425	0
-5.625	2.475	0
-5.625	2.525	0
-5.625	2.575	0
-5.625	2.625	0
-5.575	-1.975	0
-5.575	-1.925	0
-5.575	-1.875	0
-5.575	-1.825	0
-5.575	-1.775	0
-5.575	-1.725	0
-5.575	-1.675	0
-5.575	-1.625	0
-5.575	-1.575	0
-5.575	-1.525	0
-5.575	-1.475	0
-5.575	-1.425	0
-5.575	-1.375	0
-5.575	-1.325	0
-5.575	-1.275	0
-5.575	-1.225	0
-5.575	-1.175	0
-5.575	-1.125	0
-5.575	-1.075	0
-5.575	-1.025	0
-5.575	-0.975	0
-5.575	-0.925	0
-5.575	-0.875	0
-5.575	-0.825	0
-5.575	-0.775	0
-5.575	-0.725	0
-5.575	-0.675	0
-5.575	-0.625	0
-5.575	-0.575	0
-5.575	-0.525	0
-5.575	-0.475	0
-5.575	-0.425	0
-5.575	-0.375	0
-5.575	-0.325	0
-5.575	-0.275	0
-5.575	-0.225	0
-5.575	-0.175	0
-5.575	-0.125	0
-5.575	-0.0749999999999999	0
-5.575	-0.0249999999999999	0
-5.575	0.0250000000000001	0
-5.575	0.0750000000000001	0
-5.575	0.125	0
-5.575	0.175	0
-5.575	0.225	0
-5.575	0.275	0
-5.575	0.325	0
-5.575	0.375	0
-5.575	0.425	0
-5.575	0.475	0
-5.575	0.525	0
-5.575	0.575	0
-5.575	0.625	0
-5.575	0.675	0
-5.575	0.725	0
-5.575	0.775	0
-5.575	0.825	0
-5.575	0.875	0
-5.575	0.925	0
-5.575	0.975	0
-5.575	1.025	0
-5.575	1.075	0
-5.575	1.125	0
-5.575	1.175	0
-5.575	1.225	0
-5.575	1.275	0
-5.575	1.325	0
-5.575	1.375	0
-5.575	1.425	0
-5.575	1.475	0
-5.575	1.525	0
-5.575	1.575	0
-5.575	1.625	0
-5.575	1.675	0
-5.575	1.725	0
-5.575	1.775	0
-5.575	1.825	0
-5.575	1.875	0
-5.575	1.925	0
-5.575	1.975	0
-5.575	2.025	0
-5.575	2.075	0
-5.575	2.125	0
-5.575	2.175	0
-5.575	2.225	0
-5.575	2.275	0
-5.575	2.325	0
-5.575	2.375	0
-5.575	2.425	0
-5.575	2.475	0
-5.575	2.525	0
-5.575	2.575	0
-5.575	2.625	0
-5.525	-1.975	0
-5.525	-1.925	0
-5.525	-1.875	0
-5.525	-1.825	0
-5.525	-1.775	0
-5.525	-1.725	0
-5.525	-1.675	0
-5.525	-1.625	0
-5.525	-1.575	0
-5.525	-1.525	0
-5.525	-1.475	0
-5.525	-1.425	0
-5.525	-1.375	0
-5.525	-1.325	0
-5.525	-1.275	0
-5.525	-1.225	0
-5.525	-1.175	0
-5.525	-1.125	0
-5.525	-1.075	0
-5.525	-1.025	0
-5.525	-0.975	0
-5.525	-0.925	0
-5.525	-0.875	0
-5.525	-0.825	0
-5.525	-0.775	0
-5.525	-0.725	0
-5.525	-0.675	0
-5.525	-0.625	0
-5.525	-0.575	0
-5.525	-0.525	0
-5.525	-0.475	0
-5.525	-0.425	0
-5.525	-0.375	0
-5.525	-0.325	0
-5.525	-0.275	0
-5.525	-0.225	0
-5.525	-0.175	0
-5.525	-0.125	0
-5.525	-0.0749999999999999	0
-5.525	-0.0249999999999999	0
-5.525	0.0250000000000001	0
-5.525	0.0750000000000001	0
-5.525	0.125	0
-5.525	0.175	0
-5.525	0.225	0
-5.525	0.275	0
-5.525	0.325	0
-5.525	0.375	0
-5.525	0.425	0
-5.525	0.475	0
-5.525	0.525	0
-5.525	0.575	0
-5.525	0.625	0
-5.525	0.675	0
-5.525	0.725	0
-5.525	0.775	0
-5.525	0.825	0
-5.525	0.875	0
-5.525	0.925	0
-5.525	0.975	0
-5.525	1.025	0
-5.525	1.075	0
-5.525	1.125	0
-5.525	1.175	0
-5.525	1.225	0
-5.525	1.275	0
-5.525	1.325	0
-5.525	1.375	0
-5.525	1.425	0
-5.525	1.475	0
-5.525	1.525	0
-5.525	1.575	0
-5.525	1.625	0
-5.525	1.675	0
-5.525	1.725	0
-5.525	1.775	0
-5.525	1.825	0
-5.525	1.875	0
-5.525	1.925	0
-5.525	1.975	0
-5.525	2.025	0
-5.525	2.075	0
-5.525	2.125	0
-5.525	2.175	0
-5.525	2.225	0
-5.525	2.275	0
-5.525	2.325	0
-5.525	2.375	0
-5.525	2.425	0
-5.525	2.475	0
-5.525	2.525	0
-5.525	2.575	0
-5.525	2.625	0
-5.475	-1.975	0
-5.475	-1.925	0
-5.475	-1.875	0
-5.475	-1.825	0
-5.475	-1.775	0
-5.475	-1.725	0
-5.475	-1.675	0
-5.475	-1.625	0
-5.475	-1.575	0
-5.475	-1.525	0
-5.475	-1.475	0
-5.475	-1.425	0
-5.475	-1.375	0
-5.475	-1.325	0
-5.475	-1.275	0
-5.475	-1.225	0
-5.475	-1.175	0
-5.475	-1.125	0
-5.475	-1.075	0
-5.475	-1.025	0
-5.475	-0.975	0
-5.475	-0.925	0
-5.475	-0.875	0
-5.475	-0.825	0
-5.475	-0.775	0
-5.475	-0.725	0
-5.475	-0.675	0
-5.475	-0.625	0
-5.475	-0.575	0
-5.475	-0.525	0
-5.475	-0.475	0
-5.475	-0.425	0
-5.475	-0.375	0
-5.475	-0.325	0
-5.475	-0.275	0
-5.475	-0.225	0
-5.475	-0.175	0
-5.475	-0.125	0
-5.475	-0.0749999999999999	0
-5.475	-0.0249999999999999	0
-5.475	0.0250000000000001	0
-5.475	0.0750000000000001	0
-5.475	0.125	0
-5.475	0.175	0
-5.475	0.225	0
-5.475	0.275	0
-5.475	0.325	0
-5.475	0.375	0
-5.475	0.425	0
-5.475	0.475	0
-5.475	0.525	0
-5.475	0.575	0
-5.475	0.625	0
-5.475	0.675	0
-5.475	0.725	0
-5.475	0.775	0
-5.475	0.825	0
-5.475	0.875	0
-5.475	0.925	0
-5.475	0.975	0
-5.475	1.025	0
-5.475	1.075	0
-5.475	1.125	0
-5.475	1.175	0
-5.475	1.225	0
-5.475	1.275	0
-5.475	1.325	0
-5.475	1.375	0
-5.475	1.425	0
-5.475	1.475	0
-5.475	1.525	0
-5.475	1.575	0
-5.475	1.625	0
-5.475	1.675	0
-5.475	1.725	0
-5.475	1.775	0
-5.475	1.825	0
-5.475	1.875	0
-5.475	1.925	0
-5.475	1.975	0
-5.475	2.025	0
-5.475	2.075	0
-5.475	2.125	0
-5.475	2.175	0
-5.475	2.225	0
-5.475	2.275	0
-5.475	2.325	0
-5.475	2.375	0
-5.475	2.425	0
-5.475	2.475	0
-5.475	2.525	0
-5.475	2.575	0
-5.475	2.625	0
-5.425	-1.975	0
-5.425	-1.925	0
-5.425	-1.875	0
-5.425	-1.825	0
-5.425	-1.775	0
-5.425	-1.725	0
-5.425	-1.675	0
-5.425	-1.625	0
-5.425	-1.575	0
-5.425	-1.525	0
-5.425	-1.475	0
-5.425	-1.425	0
-5.425	-1.375	0
-5.425	-1.325	0
-5.425	-1.275	0
-5.425	-1.225	0
-5.425	-1.175	0
-5.425	-1.125	0
-5.425	-1.075	0
-5.425	-1.025	0
-5.425	-0.975	0
-5.425	-0.925	0
-5.425	-0.875	0
-5.425	-0.825	0
-5.425	-0.775	0
-5.425	-0.725	0
-5.425	-0.675	0
-5.425	-0.625	0
-5.425	-0.575	0
-5.425	-0.525	0
-5.425	-0.475	0
-5.425	-0.425	0
-5.425	-0.375	0
-5.425	-0.325	0
-5.425	-0.275	0
-5.425	-0.225	0
-5.425	-0.175	0
-5.425	-0.125	0
-5.425	-0.0749999999999999	0
-5.425	-0.0249999999999999	0
-5.425	0.0250000000000001	0
-5.425	0.0750000000000001	0
-5.425	0.125	0
-5.425	0.175	0
-5.425	0.225	0
-5.425	0.275	0
-5.425	0.325	0
-5.425	0.375	0
-5.425	0.425	0
-5.425	0.475	0
-5.425	0.525	0
-5.425	0.575	0
-5.425	0.625	0
-5.425	0.675	0
-5.425	0.725	0
-5.425	0.775	0
-5.425	0.825	0
-5.425	0.875	0
-5.425	0.925	0
-5.425	0.975	0
-5.425	1.025	0
-5.425	1.075	0
-5.425	1.125	0
-5.425	1.175	0
-5.425	1.225	0
-5.425	1.275	0
-5.425	1.325	0
-5.425	1.375	0
-5.425	1.425	0
-5.425	1.475	0
-5.425	1.525	0
-5.425	1.575	0
-5.425	1.625	0
-5.425	1.675	0
-5.425	1.725	0
-5.425	1.775	0
-5.425	1.825	0
-5.425	1.875	0
-5.425	1.925	0
-5.425	1.975	0
-5.425	2.025	0
-5.425	2.075	0
-5.425	2.125	0
-5.425	2.175	0
-5.425	2.225	0
-5.425	2.275	0
-5.425	2.325	0
-5.425	2.375	0
-5.425	2.425	0
-5.425	2.475	0
-5.425	2.525	0
-5.425	2.575	0
-5.425	2.625	0
-5.375	-1.975	0
-5.375	-1.925	0
-5.375	-1.875	0
-5.375	-1.825	0
-5.375	-1.775	0
-5.375	-1.725	0
-5.375	-1.675	0
-5.375	-1.625	0
-5.375	-1.575	0
-5.375	-1.525	0
-5.375	-1.475	0
-5.375	-1.425	0
-5.375	-1.375	0
-5.375	-1.325	0
-5.375	-1.275	0
-5.375	-1.225	0
-5.375	-1.175	0
-5.375	-1.125	0
-5.375	-1.075	0
-5.375	-1.025	0
-5.375	-0.975	0
-5.375	-0.925	0
-5.375	-0.875	0
-5.375	-0.825	0
-5.375	-0.775	0
-5.375	-0.725	0
-5.375	-0.675	0
-5.375	-0.625	0
-5.375	-0.575	0
-5.375	-0.525	0
-5.375	-0.475	0
-5.375	-0.425	0
-5.375	-0.375	0
-5.375	-0.325	0
-5.375	-0.275	0
-5.375	-0.225	0
-5.375	-0.175	0
-5.375	-0.125	0
-5.375	-0.0749999999999999	0
-5.375	-0.0249999999999999	0
-5.375	0.0250000000000001	0
-5.375	0.0750000000000001	0
-5.375	0.125	0
-5.375	0.175	0
-5.375	0.225	0
-5.375	0.275	0
-5.375	0.325	0
-5.375	0.375	0
-5.375	0.425	0
-5.375	0.475	0
-5.375	0.525	0
-5.375	0.575	0
-5.375	0.625	0
-5.375	0.675	0
-5.375	0.725	0
-5.375	0.775	0
-5.375	0.825	0
-5.375	0.875	0
-5.375	0.925	0
-5.375	0.975	0
-5.375	1.025	0
-5.375	1.075	0
-5.375	1.125	0
-5.375	1.175	0
-5.375	1.225	0
-5.375	1.275	0
-5.375	1.325	0
-5.375	1.375	0
-5.375	1.425	0
-5.375	1.475	0
-5.375	1.525	0
-5.375	1.575	0
-5.375	1.625	0
-5.375	1.675	0
-5.375	1.725	0
-5.375	1.775	0
-5.375	1.825	0
-5.375	1.875	0
-5.375	1.925	0
-5.375	1.975	0
-5.375	2.025	0
-5.375	2.075	0
-5.375	2.125	0
-5.375	2.175	0
-5.375	2.225	0
-5.375	2.275	0
-5.375	2.325	0
-5.375	2.375	0
-5.375	2.425	0
-5.375	2.475	0
-5.375	2.525	0
-5.375	2.575	0
-5.375	2.625	0
-5.325	-1.975	0
-5.325	-1.925	0
-5.325	-1.875	0
-5.325	-1.825	0
-5.325	-1.775	0
-5.325	-1.725	0
-5.325	-1.675	0
-5.325	-1.625	0
-5.325	-1.575	0
-5.325	-1.525	0
-5.325	-1.475	0
-5.325	-1.425	0
-5.325	-1.375	0
-5.325	-1.325	0
-5.325	-1.275	0
-5.325	-1.225	0
-5.325	-1.175	0
-5.325	-1.125	0
-5.325	-1.075	0
-5.325	-1.025	0
-5.325	-0.975	0
-5.325	-0.925	0
-5.325	-0.875	0
-5.325	-0.825	0
-5.325	-0.775	0
-5.325	-0.725	0
-5.325	-0.675	0
-5.325	-0.625	0
-5.325	-0.575	0
-5.325	-0.525	0
-5.325	-0.475	0
-5.325	-0.425	0
-5.325	-0.375	0
-5.325	-0.325	0
-5.325	-0.275	0
-5.325	-0.225	0
-5.325	-0.175	0
-5.325	-0.125	0
-5.325	-0.0749999999999999	0
-5.325	-0.0249999999999999	0
-5.325	0.0250000000000001	0
-5.325	0.0750000000000001	0
-5.325	0.125	0
-5.325	0.175	0
-5.325	0.225	0
-5.325	0.275	0
-5.325	0.325	0
-5.325	0.375	0
-5.325	0.425	0
-5.325	0.475	0
-5.325	0.525	0
-5.325	0.575	0
-5.325	0.625	0
-5.325	0.675	0
-5.325	0.725	0
-5.325	0.775	0
-5.325	0.825	0
-5.325	0.875	0
-5.325	0.925	0
-5.325	0.975	0
-5.325	1.025	0
-5.325	1.075	0
-5.325	1.125	0
-5.325	1.175	0
-5.325	1.225	0
-5.325	1.275	0
-5.325	1.325	0
-5.325	1.375	0
-5.325	1.425	0
-5.325	1.475	0
-5.325	1.525	0
-5.325	1.575	0
-5.325	1.625	0
-5.325	1.675	0
-5.325	1.725	0
-5.325	1.775	0
-5.325	1.825	0
-5.325	1.875	0
-5.325	1.925	0
-5.325	1.975	0
-5.325	2.025	0
-5.325	2.075	0
-5.325	2.125	0
-5.325	2.175	0
-5.325	2.225	0
-5.325	2.275	0
-5.325	2.325	0
-5.325	2.375	0
-5.325	2.425	0
-5.325	2.475	0
-5.325	2.525	0
-5.325	2.575	0
-5.325	2.625	0
-5.275	-1.975	0
-5.275	-1.925	0
-5.275	-1.875	0
-5.275	-1.825	0
-5.275	-1.775	0
-5.275	-1.725	0
-5.275	-1.675	0
-5.275	-1.625	0
-5.275	-1.575	0
-5.275	-1.525	0
-5.275	-1.475	0
-5.275	-1.425	0
-5.275	-1.375	0
-5.275	-1.325	0
-5.275	-1.275	0
-5.275	-1.225	0
-5.275	-1.175	0
-5.275	-1.125	0
-5.275	-1.075	0
-5.275	-1.025	0
-5.275	-0.975	0
-5.275	-0.925	0
-5.275	-0.875	0
-5.275	-0.825	0
-5.275	-0.775	0
-5.275	-0.725	0
-5.275	-0.675	0
-5.275	-0.625	0
-5.275	-0.575	0
-5.275	-0.525	0
-5.275	-0.475	0
-5.275	-0.425	0
-5.275	-0.375	0
-5.275	-0.325	0
-5.275	-0.275	0
-5.275	-0.225	0
-5.275	-0.175	0
-5.275	-0.125	0
-5.275	-0.0749999999999999	0
-5.275	-0.0249999999999999	0
-5.275	0.0250000000000001	0
-5.275	0.0750000000000001	0
-5.275	0.125	0
-5.275	0.175	0
-5.275	0.225	0
-5.275	0.275	0
-5.275	0.325	0
-5.275	0.375	0
-5.275	0.425	0
-5.275	0.475	0
-5.275	0.525	0
-5.275	0.575	0
-5.275	0.625	0
-5.275	0.675	0
-5.275	0.725	0
-5.275	0.775	0
-5.275	0.825	0
-5.275	0.875	0
-5.275	0.925	0
-5.275	0.975	0
-5.275	1.025	0
-5.275	1.075	0
-5.275	1.125	0
-5.275	1.175	0
-5.275	1.225	0
-5.275	1.275	0
-5.275	1.325	0
-5.275	1.375	0
-5.275	1.425	0
-5.275	1.475	0
-5.275	1.525	0
-5.275	1.575	0
-5.275	1.625	0
-5.275	1.675	0
-5.275	1.725	0
-5.275	1.775	0
-5.275	1.825	0
-5.275	1.875	0
-5.275	1.925	0
-5.275	1.975	0
-5.275	2.025	0
-5.275	2.075	0
-5.275	2.125	0
-5.275	2.175	0
-5.275	2.225	0
-5.275	2.275	0
-5.275	2.325	0
-5.275	2.375	0
-5.275	2.425	0
-5.275	2.475	0
-5.275	2.525	0
-5.275	2.575	0
-5.275	2.625	0
-5.225	-1.975	0
-5.225	-1.925	0
-5.225	-1.875	0
-5.225	-1.825	0
-5.225	-1.775	0
-5.225	-1.725	0
-5.225	-1.675	0
-5.225	-1.625	0
-5.225	-1.575	0
-5.225	-1.525	0
-5.225	-1.475	0
-5.225	-1.425	0
-5.225	-1.375	0
-5.225	-1.325	0
-5.225	-1.275	0
-5.225	-1.225	0
-5.225	-1.175	0
-5.225	-1.125	0
-5.225	-1.075	0
-5.225	-1.025	0
-5.225	-0.975	0
-5.225	-0.925	0
-5.225	-0.875	0
-5.225	-0.825	0
-5.225	-0.775	0
-5.225	-0.725	0
-5.225	-0.675	0
-5.225	-0.625	0
-5.225	-0.575	0
-5.225	-0.525	0
-5.225	-0.475	0
-5.225	-0.425	0
-5.225	-0.375	0
-5.225	-0.325	0
-5.225	-0.275	0
-5.225	-0.225	0
-5.225	-0.175	0
-5.225	-0.125	0
-5.225	-0.0749999999999999	0
-5.225	-0.0249999999999999	0
-5.225	0.0250000000000001	0
-5.225	0.0750000000000001	0
-5.225	0.125	0
-5.225	0.175	0
-5.225	0.225	0
-5.225	0.275	0
-5.225	0.325	0
-5.225	0.375	0
-5.225	0.425	0
-5.225	0.475	0
-5.225	0.525	0
-5.225	0.575	0
-5.225	0.625	0
-5.225	0.675	0
-5.225	0.725	0
-5.225	0.775	0
-5.225	0.825	0
-5.225	0.875	0
-5.225	0.925	0
-5.225	0.975	0
-5.225	1.025	0
-5.225	1.075	0
-5.225	1.125	0
-5.225	1.175	0
-5.225	1.225	0
-5.225	1.275	0
-5.225	1.325	0
-5.225	1.375	0
-5.225	1.425	0
-5.225	1.475	0
-5.225	1.525	0
-5.225	1.575	0
-5.225	1.625	0
-5.225	1.675	0
-5.225	1.725	0
-5.225	1.775	0
-5.225	1.825	0
-5.225	1.875	0
-5.225	1.925	0
-5.225	1.975	0
-5.225	2.025	0
-5.225	2.075	0
-5.225	2.125	0
-5.225	2.175	0
-5.225	2.225	0
-5.225	2.275	0
-5.225	2.325	0
-5.225	2.375	0
-5.225	2.425	0
-5.225	2.475	0
-5.225	2.525	0
-5.225	2.575	0
-5.225	2.625	0
-5.175	-1.975	0
-5.175	-1.925	0
-5.175	-1.875	0
-5.175	-1.825	0
-5.175	-1.775	0
-5.175	-1.725	0
-5.175	-1.675	0
-5.175	-1.625	0
-5.175	-1.575	0
-5.175	-1.525	0
-5.175	-1.475	0
-5.175	-1.425	0
-5.175	-1.375	0
-5.175	-1.325	0
-5.175	-1.275	0
-5.175	-1.225	0
-5.175	-1.175	0
-5.175	-1.125	0
-5.175	-1.075	0
-5.175	-1.025	0
-5.175	-0.975	0
-5.175	-0.925	0
-5.175	-0.875	0
-5.175	-0.825	0
-5.175	-0.775	0
-5.175	-0.725	0
-5.175	-0.675	0
-5.175	-0.625	0
-5.175	-0.575	0
-5.175	-0.525	0
-5.175	-0.475	0
-5.175	-0.425	0
-5.175	-0.375	0
-5.175	-0.325	0
-5.175	-0.275	0
-5.175	-0.225	0
-5.175	-0.175	0
-5.175	-0.125	0
-5.175	-0.0749999999999999	0
-5.175	-0.0249999999999999	0
-5.175	0.0250000000000001	0
-5.175	0.0750000000000001	0
-5.175	0.125	0
-5.175	0.175	0
-5.175	0.225	0
-5.175	0.275	0
-5.175	0.325	0
-5.175	0.375	0
-5.175	0.425	0
-5.175	0.475	0
-5.175	0.525	0
-5.175	0.575	0
-5.175	0.625	0
-5.175	0.675	0
-5.175	0.725	0
-5.175	0.775	0
-5.175	0.825	0
-5.175	0.875	0
-5.175	0.925	0
-5.175	0.975	0
-5.175	1.025	0
-5.175	1.075	0
-5.175	1.125	0
-5.175	1.175	0
-5.175	1.225	0
-5.175	1.275	0
-5.175	1.325	0
-5.175	1.375	0
-5.175	1.425	0
-5.175	1.475	0
-5.175	1.525	0
-5.175	1.575	0
-5.175	1.625	0
-5.175	1.675	0
-5.175	1.725	0
-5.175	1.775	0
-5.175	1.825	0
-5.175	1.875	0
-5.175	1.925	0
-5.175	1.975	0
-5.175	2.025	0
-5.175	2.075	0
-5.175	2.125	0
-5.175	2.175	0
-5.175	2.225	0
-5.175	2.275	0
-5.175	2.325	0
-5.175	2.375	0
-5.175	2.425	0
-5.175	2.475	0
-5.175	2.525	0
-5.175	2.575	0
-5.175	2.625	0
-5.125	-1.975	0
-5.125	-1.925	0
-5.125	-1.875	0
-5.125	-1.825	0
-5.125	-1.775	0
-5.125	-1.725	0
-5.125	-1.675	0
-5.125	-1.625	0
-5.125	-1.575	0
-5.125	-1.525	0
-5.125	-1.475	0
-5.125	-1.425	0
-5.125	-1.375	0
-5.125	-1.325	0
-5.125	-1.275	0
-5.125	-1.225	0
-5.125	-1.175	0
-5.125	-1.125	0
-5.125	-1.075	0
-5.125	-1.025	0
-5.125	-0.975	0
-5.125	-0.925	0
-5.125	-0.875	0
-5.125	-0.825	0
-5.125	-0.775	0
-5.125	-0.725	0
-5.125	-0.675	0
-5.125	-0.625	0
-5.125	-0.575	0
-5.125	-0.525	0
-5.125	-0.475	0
-5.125	-0.425	0
-5.125	-0.375	0
-5.125	-0.325	0
-5.125	-0.275	0
-5.125	-0.225	0
-5.125	-0.175	0
-5.125	-0.125	0
-5.125	-0.0749999999999999	0
-5.125	-0.0249999999999999	0
-5.125	0.0250000000000001	0
-5.125	0.0750000000000001	0
-5.125	0.125	0
-5.125	0.175	0
-5.125	0.225	0
-5.125	0.275	0
-5.125	0.325	0
-5.125	0.375	0
-5.125	0.425	0
-5.125	0.475	0
-5.125	0.525	0
-5.125	0.575	0
-5.125	0.625	0
-5.125	0.675	0
-5.125	0.725	0
-5.125	0.775	0
-5.125	0.825	0
-5.125	0.875	0
-5.125	0.925	0
-5.125	0.975	0
-5.125	1.025	0
-5.125	1.075	0
-5.125	1.125	0
-5.125	1.175	0
-5.125	1.225	0
-5.125	1.275	0
-5.125	1.325	0
-5.125	1.375	0
-5.125	1.425	0
-5.125	1.475	0
-5.125	1.525	0
-5.125	1.575	0
-5.125	1.625	0
-5.125	1.675	0
-5.125	1.725	0
-5.125	1.775	0
-5.125	1.825	0
-5.125	1.875	0
-5.125	1.925	0
-5.125	1.975	0
-5.125	2.025	0
-5.125	2.075	0
-5.125	2.125	0
-5.125	2.175	0
-5.125	2.225	0
-5.125	2.275	0
-5.125	2.325	0
-5.125	2.375	0
-5.125	2.425	0
-5.125	2.475	0
-5.125	2.525	0
-5.125	2.575	0
-5.125	2.625	0
-5.075	-1.975	0
-5.075	-1.925	0
-5.075	-1.875	0
-5.075	-1.825	0
-5.075	-1.775	0
-5.075	-1.725	0
-5.075	-1.675	0
-5.075	-1.625	0
-5.075	-1.575	0
-5.075	-1.525	0
-5.075	-1.475	0
-5.075	-1.425	0
-5.075	-1.375	0
-5.075	-1.325	0
-5.075	-1.275	0
-5.075	-1.225	0
-5.075	-1.175	0
-5.075	-1.125	0
-5.075	-1.075	0
-5.075	-1.025	0
-5.075	-0.975	0
-5.075	-0.925	0
-5.075	-0.875	0
-5.075	-0.825	0
-5.075	-0.775	0
-5.075	-0.725	0
-5.075	-0.675	0
-5.075	-0.625	0
-5.075	-0.575	0
-5.075	-0.525	0
-5.075	-0.475	0
-5.075	-0.425	0
-5.075	-0.375	0
-5.075	-0.325	0
-5.075	-0.275	0
-5.075	-0.225	0
-5.075	-0.175	0
-5.075	-0.125	0
-5.075	-0.0749999999999999	0
-5.075	-0.0249999999999999	0
-5.075	0.0250000000000001	0
-5.075	0.0750000000000001	0
-5.075	0.125	0
-5.075	0.175	0
-5.075	0.225	0
-5.075	0.275	0
-5.075	0.325	0
-5.075	0.375	0
-5.075	0.425	0
-5.075	0.475	0
-5.075	0.525	0
-5.075	0.575	0
-5.075	0.625	0
-5.075	0.675	0
-5.075	0.725	0
-5.075	0.775	0
-5.075	0.825	0
-5.075	0.875	0
-5.075	0.925	0
-5.075	0.975	0
-5.075	1.025	0
-5.075	1.075	0
-5.075	1.125	0
-5.075	1.175	0
-5.075	1.225	0
-5.075	1.275	0
-5.075	1.325	0
-5.075	1.375	0
-5.075	1.425	0
-5.075	1.475	0
-5.075	1.525	0
-5.075	1.575	0
-5.075	1.625	0
-5.075	1.675	0
-5.075	1.725	0
-5.075	1.775	0
-5.075	1.825	0
-5.075	1.875	0
-5.075	1.925	0
-5.075	1.975	0
-5.075	2.025	0
-5.075	2.075	0
-5.075	2.125	0
-5.075	2.175	0
-5.075	2.225	0
-5.075	2.275	0
-5.075	2.325	0
-5.075	2.375	0
-5.075	2.425	0
-5.075	2.475	0
-5.075	2.525	0
-5.075	2.575	0
-5.075	2.625	0
-5.025	-1.975	0
-5.025	-1.925	0
-5.025	-1.875	0
-5.025	-1.825	0
-5.025	-1.775	0
-5.025	-1.725	0
-5.025	-1.675	0
-5.025	-1.625	0
-5.025	-1.575	0
-5.025	-1.525	0
-5.025	-1.475	0
-5.025	-1.425	0
-5.025	-1.375	0
-5.025	-1.325	0
-5.025	-1.275	0
-5.025	-1.225	0
-5.025	-1.175	0
-5.025	-1.125	0
-5.025	-1.075	0
-5.025	-1.025	0
-5.025	-0.975	0
-5.025	-0.925	0
-5.025	-0.875	0
-5.025	-0.825	0
-5.025	-0.775	0
-5.025	-0.725	0
-5.025	-0.675	0
-5.025	-0.625	0
-5.025	-0.575	0
-5.025	-0.525	0
-5.025	-0.475	0
-5.025	-0.425	0
-5.025	-0.375	0
-5.025	-0.325	0
-5.025	-0.275	0
-5.025	-0.225	0
-5.025	-0.175	0
-5.025	-0.125	0
-5.025	-0.0749999999999999	0
-5.025	-0.0249999999999999	0
-5.025	0.0250000000000001	0
-5.025	0.0750000000000001	0
-5.025	0.125	0
-5.025	0.175	0
-5.025	0.225	0
-5.025	0.275	0
-5.025	0.325	0
-5.025	0.375	0
-5.025	0.425	0
-5.025	0.475	0
-5.025	0.525	0
-5.025	0.575	0
-5.025	0.625	0
-5.025	0.675	0
-5.025	0.725	0
-5.025	0.775	0
-5.025	0.825	0
-5.025	0.875	10851626.1017298
-5.025	0.925	0
-5.025	0.975	0
-5.025	1.025	0
-5.025	1.075	0
-5.025	1.125	0
-5.025	1.175	0
-5.025	1.225	0
-5.025	1.275	0
-5.025	1.325	0
-5.025	1.375	0
-5.025	1.425	0
-5.025	1.475	0
-5.025	1.525	0
-5.025	1.575	0
-5.025	1.625	0
-5.025	1.675	0
-5.025	1.725	0
-5.025	1.775	0
-5.025	1.825	0
-5.025	1.875	0
-5.025	1.925	0
-5.025	1.975	0
-5.025	2.025	0
-5.025	2.075	0
-5.025	2.125	0
-5.025	2.175	0
-5.025	2.225	0
-5.025	2.275	0
-5.025	2.325	0
-5.025	2.375	0
-5.025	2.425	0
-5.025	2.475	0
-5.025	2.525	0
-5.025	2.575	0
-5.025	2.625	0
-4.975	-1.975	0
-4.975	-1.925	0
-4.975	-1.875	0
-4.975	-1.825	0
-4.975	-1.775	0
-4.975	-1.725	0
-4.975	-1.675	0
-4.975	-1.625	0
-4.975	-1.575	0
-4.975	-1.525	0
-4.975	-1.475	0
-4.975	-1.425	0
-4.975	-1.375	0
-4.975	-1.325	0
-4.975	-1.275	0
-4.975	-1.225	0
-4.975	-1.175	0
-4.975	-1.125	0
-4.975	-1.075	0
-4.975	-1.025	0
-4.975	-0.975	0
-4.975	-0.925	0
-4.975	-0.875	0
-4.975	-0.825	0
-4.975	-0.775	0
-4.975	-0.725	0
-4.975	-0.675	0
-4.975	-0.625	0
-4.975	-0.575	0
-4.975	-0.525	0
-4.975	-0.475	0
-4.975	-0.425	0
-4.975	-0.375	0
-4.975	-0.325	0
-4.975	-0.275	0
-4.975	-0.225	0
-4.975	-0.175	0
-4.975	-0.125	0
-4.975	-0.0749999999999999	0
-4.975	-0.0249999999999999	0
-4.975	0.0250000000000001	0
-4.975	0.0750000000000001	0
-4.975	0.125	0
-4.975	0.175	0
-4.975	0.225	0
-4.975	0.275	0
-4.975	0.325	0
-4.975	0.375	0
-4.975	0.425	0
-4.975	0.475	0
-4.975	0.525	0
-4.975	0.575	0
-4.975	0.625	0
-4.975	0.675	0
-4.975	0.725	0
-4.975	0.775	0
-4.975	0.825	0
-4.975	0.875	0
-4.975	0.925	0
-4.975	0.975	0
-4.975	1.025	0
-4.975	1.075	0
-4.975	1.125	0
-4.975	1.175	0
-4.975	1.225	0
-4.975	1.275	0
-4.975	1.325	0
-4.975	1.375	0
-4.975	1.425	0
-4.975	1.475	0
-4.975	1.525	0
-4.975	1.575	0
-4.975	1.625	0
-4.975	1.675	0
-4.975	1.725	0
-4.975	1.775	0
-4.975	1.825	0
-4.975	1.875	0
-4.975	1.925	0
-4.975	1.975	0
-4.975	2.025	0
-4.975	2.075	0
-4.975	2.125	0
-4.975	2.175	0
-4.975	2.225	0
-4.975	2.275	0
-4.975	2.325	0
-4.975	2.375	0
-4.975	2.425	0
-4.975	2.475	0
-4.975	2.525	0
-4.975	2.575	0
-4.975	2.625	0
-4.925	-1.975	0
-4.925	-1.925	0
-4.925	-1.875	0
-4.925	-1.825	0
-4.925	-1.775	0
-4.925	-1.725	0
-4.925	-1.675	0
-4.925	-1.625	0
-4.925	-1.575	0
-4.925	-1.525	0
-4.925	-1.475	0
-4.925	-1.425	0
-4.925	-1.375	0
-4.925	-1.325	0
-4.925	-1.275	0
-4.925	-1.225	0
-4.925	-1.175	0
-4.925	-1.125	0
-4.925	-1.075	0
-4.925	-1.025	0
-4.925	-0.975	0
-4.925	-0.925	0
-4.925	-0.875	0
-4.925	-0.825	0
-4.925	-0.775	0
-4.925	-0.725	0
-4.925	-0.675	0
-4.925	-0.625	0
-4.925	-0.575	0
-4.925	-0.525	0
-4.925	-0.475	0
-4.925	-0.425	0
-4.925	-0.375	0
-4.925	-0.325	0
-4.925	-0.275	0
-4.925	-0.225	0
-4.925	-0.175	0
-4.925	-0.125	0
-4.925	-0.0749999999999999	0
-4.925	-0.0249999999999999	0
-4.925	0.0250000000000001	0
-4.925	0.0750000000000001	0
-4.925	0.125	0
-4.925	0.175	0
-4.925	0.225	0
-4.925	0.275	0
-4.925	0.325	0
-4.925	0.375	0
-4.925	0.425	0
-4.925	0.475	0
-4.925	0.525	0
-4.925	0.575	0
-4.925	0.625	0
-4.925	0.675	0
-4.925	0.725	0
-4.925	0.775	0
-4.925	0.825	0
-4.925	0.875	0
-4.925	0.925	0
-4.925	0.975	0
-4.925	1.025	0
-4.925	1.075	0
-4.925	1.125	0
-4.925	1.175	0
-4.925	1.225	0
-4.925	1.275	0
-4.925	1.325	0
-4.925	1.375	0
-4.925	1.425	0
-4.925	1.475	0
-4.925	1.525	0
-4.925	1.575	0
-4.925	1.625	0
-4.925	1.675	0
-4.925	1.725	0
-4.925	1.775	0
-4.925	1.825	0
-4.925	1.875	0
-4.925	1.925	0
-4.925	1.975	0
-4.925	2.025	0
-4.925	2.075	0
-4.925	2.125	0
-4.925	2.175	0
-4.925	2.225	0
-4.925	2.275	0
-4.925	2.325	0
-4.925	2.375	0
-4.925	2.425	0
-4.925	2.475	0
-4.925	2.525	0
-4.925	2.575	0
-4.925	2.625	0
-4.875	-1.975	0
-4.875	-1.925	0
-4.875	-1.875	0
-4.875	-1.825	0
-4.875	-1.775	0
-4.875	-1.725	0
-4.875	-1.675	0
-4.875	-1.625	0
-4.875	-1.575	0
-4.875	-1.525	0
-4.875	-1.475	0
-4.875	-1.425	0
-4.875	-1.375	0
-4.875	-1.325	0
-4.875	-1.275	0
-4.875	-1.225	0
-4.875	-1.175	0
-4.875	-1.125	0
-4.875	-1.075	0
-4.875	-1.025	0
-4.875	-0.975	0
-4.875	-0.925	0
-4.875	-0.875	0
-4.875	-0.825	0
-4.875	-0.775	0
-4.875	-0.725	0
-4.875	-0.675	0
-4.875	-0.625	0
-4.875	-0.575	0
-4.875	-0.525	0
-4.875	-0.475	0
-4.875	-0.425	0
-4.875	-0.375	0
-4.875	-0.325	0
-4.875	-0.275	0
-4.875	-0.225	0
-4.875	-0.175	0
-4.875	-0.125	0
-4.875	-0.0749999999999999	0
-4.875	-0.0249999999999999	0
-4.875	0.0250000000000001	0
-4.875	0.0750000000000001	0
-4.875	0.125	0
-4.875	0.175	0
-4.875	0.225	0
-4.875	0.275	0
-4.875	0.325	0
-4.875	0.375	0
-4.875	0.425	0
-4.875	0.475	0
-4.875	0.525	0
-4.875	0.575	0
-4.875	0.625	0
-4.875	0.675	0
-4.875	0.725	0
-4.875	0.775	0
-4.875	0.825	0
-4.875	0.875	0
-4.875	0.925	0
-4.875	0.975	0
-4.875	1.025	0
-4.875	1.075	0
-4.875	1.125	0
-4.875	1.175	0
-4.875	1.225	0
-4.875	1.275	0
-4.875	1.325	0
-4.875	1.375	0
-4.875	1.425	0
-4.875	1.475	0
-4.875	1.525	0
-4.875	1.575	0
-4.875	1.625	0
-4.875	1.675	0
-4.875	1.725	0
-4.875	1.775	0
-4.875	1.825	0
-4.875	1.875	0
-4.875	1.925	0
-4.875	1.975	0
-4.875	2.025	0
-4.875	2.075	0
-4.875	2.125	0
-4.875	2.175	0
-4.875	2.225	0
-4.875	2.275	0
-4.875	2.325	0
-4.875	2.375	0
-4.875	2.425	0
-4.875	2.475	0
-4.875	2.525	0
-4.875	2.575	0
-4.875	2.625	0
-4.825	-1.975	0
-4.825	-1.925	0
-4.825	-1.875	0
-4.825	-1.825	0
-4.825	-1.775	0
-4.825	-1.725	0
-4.825	-1.675	0
-4.825	-1.625	0
-4.825	-1.575	0
-4.825	-1.525	0
-4.825	-1.475	0
-4.825	-1.425	0
-4.825	-1.375	0
-4.825	-1.325	0
-4.825	-1.275	0
-4.825	-1.225	0
-4.825	-1.175	0
-4.825	-1.125	0
-4.825	-1.075	0
-4.825	-1.025	0
-4.825	-0.975	0
-4.825	-0.925	0
-4.825	-0.875	0
-4.825	-0.825	0
-4.825	-0.775	0
-4.825	-0.725	0
-4.825	-0.675	0
-4.825	-0.625	0
-4.825	-0.575	0
-4.825	-0.525	0
-4.825	-0.475	0
-4.825	-0.425	0
-4.825	-0.375	0
-4.825	-0.325	0
-4.825	-0.275	0
-4.825	-0.225	0
-4.825	-0.175	0
-4.825	-0.125	0
-4.825	-0.0749999999999999	0
-4.825	-0.0249999999999999	0
-4.825	0.0250000000000001	0
-4.825	0.0750000000000001	0
-4.825	0.125	0
-4.825	0.175	0
-4.825	0.225	0
-4.825	0.275	0
-4.825	0.325	0
-4.825	0.375	0
-4.825	0.425	0
-4.825	0.475	0
-4.825	0.525	0
-4.825	0.575	0
-4.825	0.625	0
-4.825	0.675	0
-4.825	0.725	0
-4.825	0.775	0
-4.825	0.825	0
-4.825	0.875	0
-4.825	0.925	0
-4.825	0.975	0
-4.825	1.025	0
-4.825	1.075	0
-4.825	1.125	0
-4.825	1.175	0
-4.825	1.225	0
-4.825	1.275	0
-4.825	1.325	0
-4.825	1.375	0
-4.825	1.425	0
-4.825	1.475	0
-4.825	1.525	0
-4.825	1.575	0
-4.825	1.625	0
-4.825	1.675	0
-4.825	1.725	0
-4.825	1.775	0
-4.825	1.825	0
-4.825	1.875	0
-4.825	1.925	0
-4.825	1.975	0
-4.825	2.025	0
-4.825	2.075	0
-4.825	2.125	0
-4.825	2.175	0
-4.825	2.225	0
-4.825	2.275	0
-4.825	2.325	0
-4.825	2.375	0
-4.825	2.425	0
-4.825	2.475	0
-4.825	2.525	0
-4.825	2.575	0
-4.825	2.625	0
-4.775	-1.975	0
-4.775	-1.925	0
-4.775	-1.875	0
-4.775	-1.825	0
-4.775	-1.775	0
-4.775	-1.725	0
-4.775	-1.675	0
-4.775	-1.625	0
-4.775	-1.575	0
-4.775	-1.525	0
-4.775	-1.475	0
-4.775	-1.425	0
-4.775	-1.375	0
-4.775	-1.325	0
-4.775	-1.275	0
-4.775	-1.225	0
-4.775	-1.175	0
-4.775	-1.125	0
-4.775	-1.075	0
-4.775	-1.025	0
-4.775	-0.975	0
-4.775	-0.925	0
-4.775	-0.875	0
-4.775	-0.825	0
-4.775	-0.775	0
-4.775	-0.725	0
-4.775	-0.675	0
-4.775	-0.625	0
-4.775	-0.575	0
-4.775	-0.525	0
-4.775	-0.475	0
-4.775	-0.425	0
-4.775	-0.375	0
-4.775	-0.325	0
-4.775	-0.275	0
-4.775	-0.225	0
-4.775	-0.175	0
-4.775	-0.125	0
-4.775	-0.0749999999999999	0
-4.775	-0.0249999999999999	0
-4.775	0.0250000000000001	0
-4.775	0.0750000000000001	0
-4.775	0.125	0
-4.775	0.175	0
-4.775	0.225	0
-4.775	0.275	0
-4.775	0.325	0
-4.775	0.375	0
-4.775	0.425	0
-4.775	0.475	0
-4.775	0.525	0
-4.775	0.575	0
-4.775	0.625	0
-4.775	0.675	0
-4.775	0.725	0
-4.775	0.775	0
-4.775	0.825	0
-4.775	0.875	0
-4.775	0.925	0
-4.775	0.975	0
-4.775	1.025	0
-4.775	1.075	0
-4.775	1.125	0
-4.775	1.175	0
-4.775	1.225	0
-4.775	1.275	0
-4.775	1.325	0
-4.775	1.375	0
-4.775	1.425	0
-4.775	1.475	0
-4.775	1.525	0
-4.775	1.575	0
-4.775	1.625	0
-4.775	1.675	0
-4.775	1.725	0
-4.775	1.775	0
-4.775	1.825	0
-4.775	1.875	0
-4.775	1.925	0
-4.775	1.975	0
-4.775	2.025	0
-4.775	2.075	0
-4.775	2.125	0
-4.775	2.175	0
-4.775	2.225	0
-4.775	2.275	0
-4.775	2.325	0
-4.775	2.375	0
-4.775	2.425	0
-4.775	2.475	0
-4.775	2.525	0
-4.775	2.575	0
-4.775	2.625	0
-4.725	-1.975	0
-4.725	-1.925	0
-4.725	-1.875	0
-4.725	-1.825	0
-4.725	-1.775	0
-4.725	-1.725	0
-4.725	-1.675	0
-4.725	-1.625	0
-4.725	-1.575	0
-4.725	-1.525	0
-4.725	-1.475	0
-4.725	-1.425	0
-4.725	-1.375	0
-4.725	-1.325	0
-4.725	-1.275	0
-4.725	-1.225	0
-4.725	-1.175	0
-4.725	-1.125	0
-4.725	-1.075	0
-4.725	-1.025	0
-4.725	-0.975	0
-4.725	-0.925	0
-4.725	-0.875	0
-4.725	-0.825	0
-4.725	-0.775	0
-4.725	-0.725	0
-4.725	-0.675	0
-4.725	-0.625	0
-4.725	-0.575	0
-4.725	-0.525	0
-4.725	-0.475	0
-4.725	-0.425	0
-4.725	-0.375	0
-4.725	-0.325	0
-4.725	-0.275	0
-4.725	-0.225	0
-4.725	-0.175	0
-4.725	-0.125	0
-4.725	-0.0749999999999999	0
-4.725	-0.0249999999999999	0
-4.725	0.0250000000000001	0
-4.725	0.0750000000000001	0
-4.725	0.125	0
-4.725	0.175	0
-4.725	0.225	0
-4.725	0.275	0
-4.725	0.325	0
-4.725	0.375	0
-4.725	0.425	0
-4.725	0.475	0
-4.725	0.525	0
-4.725	0.575	0
-4.725	0.625	0
-4.725	0.675	0
-4.725	0.725	0
-4.725	0.775	0
-4.725	0.825	0
-4.725	0.875	0
-4.725	0.925	0
-4.725	0.975	0
-4.725	1.025	0
-4.725	1.075	0
-4.725	1.125	0
-4.725	1.175	0
-4.725	1.225	0
-4.725	1.275	0
-4.725	1.325	0
-4.725	1.375	0
-4.725	1.425	0
-4.725	1.475	0
-4.725	1.525	0
-4.725	1.575	0
-4.725	1.625	0
-4.725	1.675	0
-4.725	1.725	0
-4.725	1.775	0
-4.725	1.825	0
-4.725	1.875	0
-4.725	1.925	0
-4.725	1.975	0
-4.725	2.025	0
-4.725	2.075	0
-4.725	2.125	0
-4.725	2.175	0
-4.725	2.225	0
-4.725	2.275	0
-4.725	2.325	0
-4.725	2.375	0
-4.725	2.425	0
-4.725	2.475	0
-4.725	2.525	0
-4.725	2.575	0
-4.725	2.625	0
-4.675	-1.975	0
-4.675	-1.925	0
-4.675	-1.875	0
-4.675	-1.825	0
-4.675	-1.775	0
-4.675	-1.725	0
-4.675	-1.675	0
-4.675	-1.625	0
-4.675	-1.575	0
-4.675	-1.525	0
-4.675	-1.475	0
-4.675	-1.425	0
-4.675	-1.375	0
-4.675	-1.325	0
-4.675	-1.275	0
-4.675	-1.225	0
-4.675	-1.175	0
-4.675	-1.125	0
-4.675	-1.075	0
-4.675	-1.025	0
-4.675	-0.975	0
-4.675	-0.925	0
-4.675	-0.875	0
-4.675	-0.825	0
-4.675	-0.775	0
-4.675	-0.725	0
-4.675	-0.675	0
-4.675	-0.625	0
-4.675	-0.575	0
-4.675	-0.525	0
-4.675	-0.475	0
-4.675	-0.425	0
-4.675	-0.375	0
-4.675	-0.325	0
-4.675	-0.275	0
-4.675	-0.225	0
-4.675	-0.175	0
-4.675	-0.125	0
-4.675	-0.0749999999999999	0
-4.675	-0.0249999999999999	0
-4.675	0.0250000000000001	0
-4.675	0.0750000000000001	0
-4.675	0.125	0
-4.675	0.175	0
-4.675	0.225	0
-4.675	0.275	0
-4.675	0.325	0
-4.675	0.375	0
-4.675	0.425	0
-4.675	0.475	0
-4.675	0.525	0
-4.675	0.575	0
-4.675	0.625	0
-4.675	0.675	0
-4.675	0.725	0
-4.675	0.775	0
-4.675	0.825	0
-4.675	0.875	0
-4.675	0.925	0
-4.675	0.975	0
-4.675	1.025	0
-4.675	1.075	0
-4.675	1.125	0
-4.675	1.175	0
-4.675	1.225	0
-4.675	1.275	0
-4.675	1.325	0
-4.675	1.375	0
-4.675	1.425	0
-4.675	1.475	0
-4.675	1.525	0
-4.675	1.575	0
-4.675	1.625	0
-4.675	1.675	0
-4.675	1.725	0
-4.675	1.775	0
-4.675	1.825	0
-4.675	1.875	0
-4.675	1.925	0
-4.675	1.975	0
-4.675	2.025	0
-4.675	2.075	0
-4.675	2.125	0
-4.675	2.175	0
-4.675	2.225	0
-4.675	2.275	0
-4.675	2.325	0
-4.675	2.375	0
-4.675	2.425	0
-4.675	2.475	0
-4.675	2.525	0
-4.675	2.575	0
-4.675	2.625	0
-4.625	-1.975	0
-4.625	-1.925	0
-4.625	-1.875	0
-4.625	-1.825	0
-4.625	-1.775	0
-4.625	-1.725	0
-4.625	-1.675	0
-4.625	-1.625	0
-4.625	-1.575	0
-4.625	-1.525	0
-4.625	-1.475	0
-4.625	-1.425	0
-4.625	-1.375	0
-4.625	-1.325	0
-4.625	-1.275	0
-4.625	-1.225	0
-4.625	-1.175	0
-4.625	-1.125	0
-4.625	-1.075	0
-4.625	-1.025	0
-4.625	-0.975	0
-4.625	-0.925	0
-4.625	-0.875	0
-4.625	-0.825	0
-4.625	-0.775	0
-4.625	-0.725	0
-4.625	-0.675	0
-4.625	-0.625	0
-4.625	-0.575	0
-4.625	-0.525	0
-4.625	-0.475	0
-4.625	-0.425	0
-4.625	-0.375	0
-4.625	-0.325	0
-4.625	-0.275	0
-4.625	-0.225	0
-4.625	-0.175	0
-4.625	-0.125	0
-4.625	-0.0749999999999999	0
-4.625	-0.0249999999999999	0
-4.625	0.0250000000000001	0
-4.625	0.0750000000000001	0
-4.625	0.125	0
-4.625	0.175	0
-4.625	0.225	0
-4.625	0.275	0
-4.625	0.325	0
-4.625	0.375	0
-4.625	0.425	0
-4.625	0.475	0
-4.625	0.525	0
-4.625	0.575	0
-4.625	0.625	0
-4.625	0.675	0
-4.625	0.725	0
-4.625	0.775	0
-4.625	0.825	0
-4.625	0.875	0
-4.625	0.925	0
-4.625	0.975	0
-4.625	1.025	0
-4.625	1.075	0
-4.625	1.125	0
-4.625	1.175	0
-4.625	1.225	0
-4.625	1.275	0
-4.625	1.325	0
-4.625	1.375	0
-4.625	1.425	0
-4.625	1.475	0
-4.625	1.525	0
-4.625	1.575	0
-4.625	1.625	0
-4.625	1.675	0
-4.625	1.725	0
-4.625	1.775	0
-4.625	1.825	0
-4.625	1.875	0
-4.625	1.925	0
-4.625	1.975	0
-4.625	2.025	0
-4.625	2.075	0
-4.625	2.125	0
-4.625	2.175	0
-4.625	2.225	0
-4.625	2.275	0
-4.625	2.325	0
-4.625	2.375	0
-4.625	2.425	0
-4.625	2.475	0
-4.625	2.525	0
-4.625	2.575	0
-4.625	2.625	0
-4.575	-1.975	0
-4.575	-1.925	0
-4.575	-1.875	0
-4.575	-1.825	0
-4.575	-1.775	0
-4.575	-1.725	0
-4.575	-1.675	0
-4.575	-1.625	0
-4.575	-1.575	0
-4.575	-1.525	0
-4.575	-1.475	0
-4.575	-1.425	0
-4.575	-1.375	0
-4.575	-1.325	0
-4.575	-1.275	0
-4.575	-1.225	0
-4.575	-1.175	0
-4.575	-1.125	0
-4.575	-1.075	0
-4.575	-1.025	0
-4.575	-0.975	0
-4.575	-0.925	0
-4.575	-0.875	0
-4.575	-0.825	0
-4.575	-0.775	0
-4.575	-0.725	0
-4.575	-0.675	0
-4.575	-0.625	0
-4.575	-0.575	0
-4.575	-0.525	0
-4.575	-0.475	0
-4.575	-0.425	0
-4.575	-0.375	0
-4.575	-0.325	0
-4.575	-0.275	0
-4.575	-0.225	0
-4.575	-0.175	0
-4.575	-0.125	0
-4.575	-0.0749999999999999	0
-4.575	-0.0249999999999999	0
-4.575	0.0250000000000001	0
-4.575	0.0750000000000001	0
-4.575	0.125	0
-4.575	0.175	0
-4.575	0.225	0
-4.575	0.275	0
-4.575	0.325	0
-4.575	0.375	0
-4.575	0.425	0
-4.575	0.475	0
-4.575	0.525	0
-4.575	0.575	0
-4.575	0.625	0
-4.575	0.675	0
-4.575	0.725	0
-4.575	0.775	0
-4.575	0.825	0
-4.575	0.875	0
-4.575	0.925	0
-4.575	0.975	0
-4.575	1.025	0
-4.575	1.075	0
-4.575	1.125	0
-4.575	1.175	0
-4.575	1.225	10851626.1017298
-4.575	1.275	0
-4.575	1.325	0
-4.575	1.375	0
-4.575	1.425	0
-4.575	1.475	0
-4.575	1.525	0
-4.575	1.575	0
-4.575	1.625	0
-4.575	1.675	0
-4.575	1.725	0
-4.575	1.775	0
-4.575	1.825	0
-4.575	1.875	0
-4.575	1.925	0
-4.575	1.975	0
-4.575	2.025	0
-4.575	2.075	0
-4.575	2.125	0
-4.575	2.175	0
-4.575	2.225	0
-4.575	2.275	0
-4.575	2.325	0
-4.575	2.375	0
-4.575	2.425	0
-4.575	2.475	0
-4.575	2.525	0
-4.575	2.575	0
-4.575	2.625	0
-4.525	-1.975	0
-4.525	-1.925	0
-4.525	-1.875	0
-4.525	-1.825	0
-4.525	-1.775	0
-4.525	-1.725	0
-4.525	-1.675	0
-4.525	-1.625	0
-4.525	-1.575	0
-4.525	-1.525	0
-4.525	-1.475	0
-4.525	-1.425	0
-4.525	-1.375	0
-4.525	-1.325	0
-4.525	-1.275	0
-4.525	-1.225	0
-4.525	-1.175	0
-4.525	-1.125	0
-4.525	-1.075	0
-4.525	-1.025	0
-4.525	-0.975	0
-4.525	-0.925	0
-4.525	-0.875	0
-4.525	-0.825	0
-4.525	-0.775	0
-4.525	-0.725	0
-4.525	-0.675	0
-4.525	-0.625	0
-4.525	-0.575	0
-4.525	-0.525	0
-4.525	-0.475	0
-4.525	-0.425	0
-4.525	-0.375	0
-4.525	-0.325	0
-4.525	-0.275	0
-4.525	-0.225	0
-4.525	-0.175	0
-4.525	-0.125	0
-4.525	-0.0749999999999999	0
-4.525	-0.0249999999999999	0
-4.525	0.0250000000000001	0
-4.525	0.0750000000000001	0
-4.525	0.125	0
-4.525	0.175	0
-4.525	0.225	0
-4.525	0.275	0
-4.525	0.325	0
-4.525	0.375	0
-4.525	0.425	0
-4.525	0.475	0
-4.525	0.525	0
-4.525	0.575	0
-4.525	0.625	0
-4.525	0.675	0
-4.525	0.725	0
-4.525	0.775	0
-4.525	0.825	0
-4.525	0.875	0
-4.525	0.925	0
-4.525	0.975	0
-4.525	1.025	0
-4.525	1.075	0
-4.525	1.125	0
-4.525	1.175	0
-4.525	1.225	0
-4.525	1.275	0
-4.525	1.325	0
-4.525	1.375	0
-4.525	1.425	0
-4.525	1.475	0
-4.525	1.525	0
-4.525	1.575	0
-4.525	1.625	0
-4.525	1.675	0
-4.525	1.725	0
-4.525	1.775	0
-4.525	1.825	0
-4.525	1.875	0
-4.525	1.925	0
-4.525	1.975	0
-4.525	2.025	0
-4.525	2.075	0
-4.525	2.125	0
-4.525	2.175	0
-4.525	2.225	0
-4.525	2.275	0
-4.525	2.325	0
-4.525	2.375	0
-4.525	2.425	0
-4.525	2.475	0
-4.525	2.525	0
-4.525	2.575	0
-4.525	2.625	0
-4.475	-1.975	0
-4.475	-1.925	0
-4.475	-1.875	0
-4.475	-1.825	0
-4.475	-1.775	0
-4.475	-1.725	0
-4.475	-1.675	0
-4.475	-1.625	0
-4.475	-1.575	0
-4.475	-1.525	0
-4.475	-1.475	0
-4.475	-1.425	0
-4.475	-1.375	0
-4.475	-1.325	0
-4.475	-1.275	0
-4.475	-1.225	0
-4.475	-1.175	0
-4.475	-1.125	0
-4.475	-1.075	0
-4.475	-1.025	0
-4.475	-0.975	0
-4.475	-0.925	0
-4.475	-0.875	0
-4.475	-0.825	0
-4.475	-0.775	0
-4.475	-0.725	0
-4.475	-0.675	0
-4.475	-0.625	0
-4.475	-0.575	0
-4.475	-0.525	0
-4.475	-0.475	0
-4.475	-0.425	0
-4.475	-0.375	0
-4.475	-0.325	0
-4.475	-0.275	0
-4.475	-0.225	0
-4.475	-0.175	0
-4.475	-0.125	0
-4.475	-0.0749999999999999	0
-4.475	-0.0249999999999999	0
-4.475	0.0250000000000001	0
-4.475	0.0750000000000001	0
-4.475	0.125	0
-4.475	0.175	0
-4.475	0.225	0
-4.475	0.275	0
-4.475	0.325	0
-4.475	0.375	0
-4.475	0.425	0
-4.475	0.475	0
-4.475	0.525	0
-4.475	0.575	0
-4.475	0.625	0
-4.475	0.675	0
-4.475	0.725	0
-4.475	0.775	0
-4.475	0.825	0
-4.475	0.875	0
-4.475	0.925	0
-4.475	0.975	0
-4.475	1.025	0
-4.475	1.075	0
-4.475	1.125	0
-4.475	1.175	0
-4.475	1.225	0
-4.475	1.275	0
-4.475	1.325	0
-4.475	1.375	0
-4.475	1.425	0
-4.475	1.475	0
-4.475	1.525	0
-4.475	1.575	0
-4.475	1.625	0
-4.475	1.675	0
-4.475	1.725	0
-4.475	1.775	0
-4.475	1.825	0
-4.475	1.875	0
-4.475	1.925	0
-4.475	1.975	0
-4.475	2.025	0
-4.475	2.075	0
-4.475	2.125	0
-4.475	2.175	0
-4.475	2.225	0
-4.475	2.275	0
-4.475	2.325	0
-4.475	2.375	0
-4.475	2.425	0
-4.475	2.475	0
-4.475	2.525	0
-4.475	2.575	0
-4.475	2.625	0
-4.425	-1.975	0
-4.425	-1.925	0
-4.425	-1.875	0
-4.425	-1.825	0
-4.425	-1.775	0
-4.425	-1.725	0
-4.425	-1.675	0
-4.425	-1.625	0
-4.425	-1.575	0
-4.425	-1.525	0
-4.425	-1.475	0
-4.425	-1.425	0
-4.425	-1.375	0
-4.425	-1.325	0
-4.425	-1.275	0
-4.425	-1.225	0
-4.425	-1.175	0
-4.425	-1.125	0
-4.425	-1.075	0
-4.425	-1.025	0
-4.425	-0.975	0
-4.425	-0.925	0
-4.425	-0.875	0
-4.425	-0.825	0
-4.425	-0.775	0
-4.425	-0.725	0
-4.425	-0.675	0
-4.425	-0.625	0
-4.425	-0.575	0
-4.425	-0.525	0
-4.425	-0.475	0
-4.425	-0.425	0
-4.425	-0.375	0
-4.425	-0.325	0
-4.425	-0.275	0
-4.425	-0.225	0
-4.425	-0.175	0
-4.425	-0.125	0
-4.425	-0.0749999999999999	0
-4.425	-0.0249999999999999	0
-4.425	0.0250000000000001	0
-4.425	0.0750000000000001	0
-4.425	0.125	0
-4.425	0.175	0
-4.425	0.225	0
-4.425	0.275	0
-4.425	0.325	0
-4.425	0.375	0
-4.425	0.425	0
-4.425	0.475	0
-4.425	0.525	0
-4.425	0.575	0
-4.425	0.625	0
-4.425	0.675	0
-4.425	0.725	0
-4.425	0.775	0
-4.425	0.825	0
-4.425	0.875	0
-4.425	0.925	0
-4.425	0.975	0
-4.425	1.025	0
-4.425	1.075	0
-4.425	1.125	0
-4.425	1.175	0
-4.425	1.225	0
-4.425	1.275	0
-4.425	1.325	0
-4.425	1.375	0
-4.425	1.425	0
-4.425	1.475	0
-4.425	1.525	0
-4.425	1.575	0
-4.425	1.625	10851626.1017298
-4.425	1.675	0
-4.425	1.725	0
-4.425	1.775	0
-4.425	1.825	0
-4.425	1.875	0
-4.425	1.925	0
-4.425	1.975	0
-4.425	2.025	0
-4.425	2.075	0
-4.425	2.125	0
-4.425	2.175	0
-4.425	2.225	0
-4.425	2.275	0
-4.425	2.325	0
-4.425	2.375	0
-4.425	2.425	0
-4.425	2.475	0
-4.425	2.525	0
-4.425	2.575	0
-4.425	2.625	0
-4.375	-1.975	0
-4.375	-1.925	0
-4.375	-1.875	0
-4.375	-1.825	0
-4.375	-1.775	0
-4.375	-1.725	0
-4.375	-1.675	0
-4.375	-1.625	0
-4.375	-1.575	0
-4.375	-1.525	0
-4.375	-1.475	0
-4.375	-1.425	0
-4.375	-1.375	0
-4.375	-1.325	0
-4.375	-1.275	0
-4.375	-1.225	0
-4.375	-1.175	0
-4.375	-1.125	0
-4.375	-1.075	0
-4.375	-1.025	0
-4.375	-0.975	0
-4.375	-0.925	0
-4.375	-0.875	0
-4.375	-0.825	0
-4.375	-0.775	0
-4.375	-0.725	0
-4.375	-0.675	0
-4.375	-0.625	0
-4.375	-0.575	0
-4.375	-0.525	0
-4.375	-0.475	0
-4.375	-0.425	0
-4.375	-0.375	0
-4.375	-0.325	0
-4.375	-0.275	0
-4.375	-0.225	0
-4.375	-0.175	0
-4.375	-0.125	0
-4.375	-0.0749999999999999	0
-4.375	-0.0249999999999999	0
-4.375	0.0250000000000001	0
-4.375	0.0750000000000001	0
-4.375	0.125	0
-4.375	0.175	0
-4.375	0.225	0
-4.375	0.275	0
-4.375	0.325	0
-4.375	0.375	0
-4.375	0.425	0
-4.375	0.475	0
-4.375	0.525	0
-4.375	0.575	0
-4.375	0.625	0
-4.375	0.675	0
-4.375	0.725	0
-4.375	0.775	0
-4.375	0.825	0
-4.375	0.875	0
-4.375	0.925	0
-4.375	0.975	0
-4.375	1.025	0
-4.375	1.075	0
-4.375	1.125	0
-4.375	1.175	0
-4.375	1.225	0
-4.375	1.275	0
-4.375	1.325	0
-4.375	1.375	0
-4.375	1.425	0
-4.375	1.475	0
-4.375	1.525	0
-4.375	1.575	0
-4.375	1.625	0
-4.375	1.675	0
-4.375	1.725	0
-4.375	1.775	0
-4.375	1.825	0
-4.375	1.875	0
-4.375	1.925	0
-4.375	1.975	0
-4.375	2.025	0
-4.375	2.075	0
-4.375	2.125	0
-4.375	2.175	0
-4.375	2.225	0
-4.375	2.275	0
-4.375	2.325	0
-4.375	2.375	0
-4.375	2.425	0
-4.375	2.475	0
-4.375	2.525	0
-4.375	2.575	0
-4.375	2.625	0
-4.325	-1.975	0
-4.325	-1.925	0
-4.325	-1.875	0
-4.325	-1.825	0
-4.325	-1.775	0
-4.325	-1.725	0
-4.325	-1.675	0
-4.325	-1.625	0
-4.325	-1.575	0
-4.325	-1.525	0
-4.325	-1.475	0
-4.325	-1.425	0
-4.325	-1.375	0
-4.325	-1.325	0
-4.325	-1.275	0
-4.325	-1.225	0
-4.325	-1.175	0
-4.325	-1.125	0
-4.325	-1.075	0
-4.325	-1.025	0
-4.325	-0.975	0
-4.325	-0.925	0
-4.325	-0.875	0
-4.325	-0.825	0
-4.325	-0.775	0
-4.325	-0.725	0
-4.325	-0.675	0
-4.325	-0.625	0
-4.325	-0.575	0
-4.325	-0.525	0
-4.325	-0.475	0
-4.325	-0.425	0
-4.325	-0.375	0
-4.325	-0.325	0
-4.325	-0.275	0
-4.325	-0.225	0
-4.325	-0.175	0
-4.325	-0.125	0
-4.325	-0.0749999999999999	0
-4.325	-0.0249999999999999	0
-4.325	0.0250000000000001	0
-4.325	0.0750000000000001	0
-4.325	0.125	0
-4.325	0.175	0
-4.325	0.225	0
-4.325	0.275	0
-4.325	0.325	0
-4.325	0.375	0
-4.325	0.425	0
-4.325	0.475	0
-4.325	0.525	0
-4.325	0.575	0
-4.325	0.625	0
-4.325	0.675	0
-4.325	0.725	0
-4.325	0.775	0
-4.325	0.825	0
-4.325	0.875	0
-4.325	0.925	0
-4.325	0.975	0
-4.325	1.025	0
-4.325	1.075	0
-4.325	1.125	0
-4.325	1.175	0
-4.325	1.225	0
-4.325	1.275	0
-4.325	1.325	0
-4.325	1.375	0
-4.325	1.425	0
-4.325	1.475	0
-4.325	1.525	10851626.1017298
-4.325	1.575	0
-4.325	1.625	0
-4.325	1.675	0
-4.325	1.725	0
-4.325	1.775	0
-4.325	1.825	0
-4.325	1.875	0
-4.325	1.925	0
-4.325	1.975	0
-4.325	2.025	0
-4.325	2.075	10851626.1017298
-4.325	2.125	0
-4.325	2.175	0
-4.325	2.225	0
-4.325	2.275	0
-4.325	2.325	0
-4.325	2.375	0
-4.325	2.425	0
-4.325	2.475	0
-4.325	2.525	0
-4.325	2.575	0
-4.325	2.625	0
-4.275	-1.975	0
-4.275	-1.925	0
-4.275	-1.875	0
-4.275	-1.825	0
-4.275	-1.775	0
-4.275	-1.725	0
-4.275	-1.675	0
-4.275	-1.625	0
-4.275	-1.575	0
-4.275	-1.525	0
-4.275	-1.475	0
-4.275	-1.425	0
-4.275	-1.375	0
-4.275	-1.325	0
-4.275	-1.275	0
-4.275	-1.225	0
-4.275	-1.175	0
-4.275	-1.125	0
-4.275	-1.075	0
-4.275	-1.025	0
-4.275	-0.975	0
-4.275	-0.925	0
-4.275	-0.875	0
-4.275	-0.825	0
-4.275	-0.775	0
-4.275	-0.725	0
-4.275	-0.675	0
-4.275	-0.625	0
-4.275	-0.575	0
-4.275	-0.525	0
-4.275	-0.475	0
-4.275	-0.425	0
-4.275	-0.375	0
-4.275	-0.325	0
-4.275	-0.275	0
-4.275	-0.225	0
-4.275	-0.175	0
-4.275	-0.125	0
-4.275	-0.0749999999999999	0
-4.275	-0.0249999999999999	0
-4.275	0.0250000000000001	0
-4.275	0.0750000000000001	0
-4.275	0.125	0
-4.275	0.175	0
-4.275	0.225	0
-4.275	0.275	0
-4.275	0.325	0
-4.275	0.375	0
-4.275	0.425	0
-4.275	0.475	0
-4.275	0.525	0
-4.275	0.575	0
-4.275	0.625	0
-4.275	0.675	0
-4.275	0.725	0
-4.275	0.775	0
-4.275	0.825	0
-4.275	0.875	0
-4.275	0.925	0
-4.275	0.975	0
-4.275	1.025	0
-4.275	1.075	0
-4.275	1.125	0
-4.275	1.175	0
-4.275	1.225	0
-4.275	1.275	0
-4.275	1.325	0
-4.275	1.375	0
-4.275	1.425	0
-4.275	1.475	0
-4.275	1.525	0
-4.275	1.575	0
-4.275	1.625	0
-4.275	1.675	0
-4.275	1.725	0
-4.275	1.775	0
-4.275	1.825	0
-4.275	1.875	0
-4.275	1.925	0
-4.275	1.975	0
-4.275	2.025	0
-4.275	2.075	0
-4.275	2.125	0
-4.275	2.175	0
-4.275	2.225	0
-4.275	2.275	0
-4.275	2.325	0
-4.275	2.375	0
-4.275	2.425	0
-4.275	2.475	0
-4.275	2.525	0
-4.275	2.575	0
-4.275	2.625	0
-4.225	-1.975	0
-4.225	-1.925	0
-4.225	-1.875	0
-4.225	-1.825	0
-4.225	-1.775	0
-4.225	-1.725	0
-4.225	-1.675	0
-4.225	-1.625	0
-4.225	-1.575	0
-4.225	-1.525	0
-4.225	-1.475	0
-4.225	-1.425	0
-4.225	-1.375	0
-4.225	-1.325	0
-4.225	-1.275	0
-4.225	-1.225	0
-4.225	-1.175	0
-4.225	-1.125	0
-4.225	-1.075	0
-4.225	-1.025	0
-4.225	-0.975	0
-4.225	-0.925	0
-4.225	-0.875	0
-4.225	-0.825	0
-4.225	-0.775	0
-4.225	-0.725	0
-4.225	-0.675	0
-4.225	-0.625	0
-4.225	-0.575	0
-4.225	-0.525	0
-4.225	-0.475	0
-4.225	-0.425	0
-4.225	-0.375	0
-4.225	-0.325	0
-4.225	-0.275	0
-4.225	-0.225	0
-4.225	-0.175	0
-4.225	-0.125	0
-4.225	-0.0749999999999999	0
-4.225	-0.0249999999999999	0
-4.225	0.0250000000000001	0
-4.225	0.0750000000000001	0
-4.225	0.125	0
-4.225	0.175	0
-4.225	0.225	0
-4.225	0.275	0
-4.225	0.325	0
-4.225	0.375	0
-4.225	0.425	0
-4.225	0.475	0
-4.225	0.525	0
-4.225	0.575	0
-4.225	0.625	0
-4.225	0.675	0
-4.225	0.725	0
-4.225	0.775	0
-4.225	0.825	0
-4.225	0.875	0
-4.225	0.925	0
-4.225	0.975	0
-4.225	1.025	0
-4.225	1.075	0
-4.225	1.125	0
-4.225	1.175	0
-4.225	1.225	0
-4.225	1.275	0
-4.225	1.325	0
-4.225	1.375	0
-4.225	1.425	0
-4.225	1.475	0
-4.225	1.525	0
-4.225	1.575	0
-4.225	1.625	0
-4.225	1.675	0
-4.225	1.725	0
-4.225	1.775	0
-4.225	1.825	10851626.1017298
-4.225	1.875	10851626.1017298
-4.225	1.925	0
-4.225	1.975	0
-4.225	2.025	0
-4.225	2.075	0
-4.225	2.125	0
-4.225	2.175	0
-4.225	2.225	0
-4.225	2.275	0
-4.225	2.325	0
-4.225	2.375	0
-4.225	2.425	0
-4.225	2.475	0
-4.225	2.525	0
-4.225	2.575	0
-4.225	2.625	0
-4.175	-1.975	0
-4.175	-1.925	0
-4.175	-1.875	0
-4.175	-1.825	0
-4.175	-1.775	0
-4.175	-1.725	0
-4.175	-1.675	0
-4.175	-1.625	0
-4.175	-1.575	0
-4.175	-1.525	0
-4.175	-1.475	0
-4.175	-1.425	0
-4.175	-1.375	0
-4.175	-1.325	0
-4.175	-1.275	0
-4.175	-1.225	0
-4.175	-1.175	0
-4.175	-1.125	0
-4.175	-1.075	0
-4.175	-1.025	0
-4.175	-0.975	0
-4.175	-0.925	0
-4.175	-0.875	0
-4.175	-0.825	0
-4.175	-0.775	0
-4.175	-0.725	0
-4.175	-0.675	0
-4.175	-0.625	0
-4.175	-0.575	0
-4.175	-0.525	0
-4.175	-0.475	0
-4.175	-0.425	0
-4.175	-0.375	0
-4.175	-0.325	0
-4.175	-0.275	0
-4.175	-0.225	0
-4.175	-0.175	0
-4.175	-0.125	0
-4.175	-0.0749999999999999	0
-4.175	-0.0249999999999999	0
-4.175	0.0250000000000001	0
-4.175	0.0750000000000001	0
-4.175	0.125	0
-4.175	0.175	0
-4.175	0.225	0
-4.175	0.275	0
-4.175	0.325	0
-4.175	0.375	0
-4.175	0.425	0
-4.175	0.475	0
-4.175	0.525	0
-4.175	0.575	0
-4.175	0.625	0
-4.175	0.675	0
-4.175	0.725	0
-4.175	0.775	0
-4.175	0.825	0
-4.175	0.875	0
-4.175	0.925	0
-4.175	0.975	0
-4.175	1.025	0
-4.175	1.075	0
-4.175	1.125	0
-4.175	1.175	10851626.1017298
-4.175	1.225	0
-4.175	1.275	0
-4.175	1.325	0
-4.175	1.375	0
-4.175	1.425	10851626.1017298
-4.175	1.475	0
-4.175	1.525	0
-4.175	1.575	10851626.1017298
-4.175	1.625	0
-4.175	1.675	0
-4.175	1.725	0
-4.175	1.775	0
-4.175	1.825	0
-4.175	1.875	0
-4.175	1.925	0
-4.175	1.975	0
-4.175	2.025	0
-4.175	2.075	0
-4.175	2.125	0
-4.175	2.175	0
-4.175	2.225	10851626.1017298
-4.175	2.275	0
-4.175	2.325	0
-4.175	2.375	0
-4.175	2.425	0
-4.175	2.475	0
-4.175	2.525	0
-4.175	2.575	0
-4.175	2.625	0
-4.125	-1.975	0
-4.125	-1.925	0
-4.125	-1.875	0
-4.125	-1.825	0
-4.125	-1.775	0
-4.125	-1.725	0
-4.125	-1.675	0
-4.125	-1.625	0
-4.125	-1.575	0
-4.125	-1.525	0
-4.125	-1.475	0
-4.125	-1.425	0
-4.125	-1.375	0
-4.125	-1.325	0
-4.125	-1.275	0
-4.125	-1.225	0
-4.125	-1.175	0
-4.125	-1.125	0
-4.125	-1.075	0
-4.125	-1.025	0
-4.125	-0.975	0
-4.125	-0.925	0
-4.125	-0.875	0
-4.125	-0.825	0
-4.125	-0.775	0
-4.125	-0.725	0
-4.125	-0.675	0
-4.125	-0.625	0
-4.125	-0.575	0
-4.125	-0.525	0
-4.125	-0.475	0
-4.125	-0.425	0
-4.125	-0.375	0
-4.125	-0.325	0
-4.125	-0.275	0
-4.125	-0.225	0
-4.125	-0.175	0
-4.125	-0.125	0
-4.125	-0.0749999999999999	0
-4.125	-0.0249999999999999	0
-4.125	0.0250000000000001	0
-4.125	0.0750000000000001	0
-4.125	0.125	0
-4.125	0.175	0
-4.125	0.225	0
-4.125	0.275	0
-4.125	0.325	0
-4.125	0.375	0
-4.125	0.425	0
-4.125	0.475	0
-4.125	0.525	0
-4.125	0.575	0
-4.125	0.625	0
-4.125	0.675	0
-4.125	0.725	0
-4.125	0.775	0
-4.125	0.825	0
-4.125	0.875	0
-4.125	0.925	0
-4.125	0.975	0
-4.125	1.025	10851626.1017298
-4.125	1.075	0
-4.125	1.125	0
-4.125	1.175	0
-4.125	1.225	0
-4.125	1.275	0
-4.125	1.325	0
-4.125	1.375	0
-4.125	1.425	0
-4.125	1.475	0
-4.125	1.525	0
-4.125	1.575	0
-4.125	1.625	0
-4.125	1.675	0
-4.125	1.725	0
-4.125	1.775	0
-4.125	1.825	0
-4.125	1.875	0
-4.125	1.925	0
-4.125	1.975	0
-4.125	2.025	0
-4.125	2.075	0
-4.125	2.125	0
-4.125	2.175	0
-4.125	2.225	21703252.20345961
-4.125	2.275	0
-4.125	2.325	0
-4.125	2.375	10851626.1017298
-4.125	2.425	0
-4.125	2.475	0
-4.125	2.525	0
-4.125	2.575	0
-4.125	2.625	0
-4.075	-1.975	0
-4.075	-1.925	0
-4.075	-1.875	0
-4.075	-1.825	0
-4.075	-1.775	0
-4.075	-1.725	0
-4.075	-1.675	0
-4.075	-1.625	0
-4.075	-1.575	0
-4.075	-1.525	0
-4.075	-1.475	0
-4.075	-1.425	0
-4.075	-1.375	0
-4.075	-1.325	0
-4.075	-1.275	0
-4.075	-1.225	0
-4.075	-1.175	0
-4.075	-1.125	0
-4.075	-1.075	0
-4.075	-1.025	0
-4.075	-0.975	0
-4.075	-0.925	0
-4.075	-0.875	0
-4.075	-0.825	0
-4.075	-0.775	0
-4.075	-0.725	0
-4.075	-0.675	0
-4.075	-0.625	0
-4.075	-0.575	0
-4.075	-0.525	0
-4.075	-0.475	0
-4.075	-0.425	0
-4.075	-0.375	0
-4.075	-0.325	0
-4.075	-0.275	0
-4.075	-0.225	0
-4.075	-0.175	0
-4.075	-0.125	0
-4.075	-0.0749999999999999	0
-4.075	-0.0249999999999999	0
-4.075	0.0250000000000001	0
-4.075	0.0750000000000001	0
-4.075	0.125	0
-4.075	0.175	0
-4.075	0.225	0
-4.075	0.275	0
-4.075	0.325	0
-4.075	0.375	0
-4.075	0.425	0
-4.075	0.475	0
-4.075	0.525	0
-4.075	0.575	0
-4.075	0.625	0
-4.075	0.675	0
-4.075	0.725	0
-4.075	0.775	0
-4.075	0.825	0
-4.075	0.875	0
-4.075	0.925	0
-4.075	0.975	0
-4.075	1.025	0
-4.075	1.075	0
-4.075	1.125	0
-4.075	1.175	0
-4.075	1.225	0
-4.075	1.275	0
-4.075	1.325	0
-4.075	1.375	0
-4.075	1.425	10851626.1017298
-4.075	1.475	0
-4.075	1.525	0
-4.075	1.575	0
-4.075	1.625	0
-4.075	1.675	0
-4.075	1.725	0
-4.075	1.775	10851626.1017298
-4.075	1.825	0
-4.075	1.875	10851626.1017298
-4.075	1.925	0
-4.075	1.975	0
-4.075	2.025	0
-4.075	2.075	0
-4.075	2.125	21703252.20345961
-4.075	2.175	10851626.1017298
-4.075	2.225	0
-4.075	2.275	0
-4.075	2.325	0
-4.075	2.375	10851626.1017298
-4.075	2.425	0
-4.075	2.475	0
-4.075	2.525	0
-4.075	2.575	0
-4.075	2.625	0
-4.025	-1.975	0
-4.025	-1.925	0
-4.025	-1.875	0
-4.025	-1.825	0
-4.025	-1.775	0
-4.025	-1.725	0
-4.025	-1.675	0
-4.025	-1.625	0
-4.025	-1.575	0
-4.025	-1.525	0
-4.025	-1.475	0
-4.025	-1.425	0
-4.025	-1.375	0
-4.025	-1.325	0
-4.025	-1.275	0
-4.025	-1.225	0
-4.025	-1.175	0
-4.025	-1.125	0
-4.025	-1.075	0
-4.025	-1.025	0
-4.025	-0.975	0
-4.025	-0.925	0
-4.025	-0.875	0
-4.025	-0.825	0
-4.025	-0.775	0
-4.025	-0.725	0
-4.025	-0.675	0
-4.025	-0.625	0
-4.025	-0.575	0
-4.025	-0.525	0
-4.025	-0.475	0
-4.025	-0.425	0
-4.025	-0.375	0
-4.025	-0.325	0
-4.025	-0.275	0
-4.025	-0.225	0
-4.025	-0.175	0
-4.025	-0.125	0
-4.025	-0.0749999999999999	0
-4.025	-0.0249999999999999	0
-4.025	0.0250000000000001	0
-4.025	0.0750000000000001	0
-4.025	0.125	0
-4.025	0.175	0
-4.025	0.225	0
-4.025	0.275	0
-4.025	0.325	0
-4.025	0.375	0
-4.025	0.425	0
-4.025	0.475	0
-4.025	0.525	0
-4.025	0.575	0
-4.025	0.625	0
-4.025	0.675	0
-4.025	0.725	0
-4.025	0.775	0
-4.025	0.825	0
-4.025	0.875	0
-4.025	0.925	10851626.1017298
-4.025	0.975	0
-4.025	1.025	0
-4.025	1.075	10851626.1017298
-4.025	1.125	0
-4.025	1.175	0
-4.025	1.225	0
-4.025	1.275	0
-4.025	1.325	10851626.1017298
-4.025	1.375	10851626.1017298
-4.025	1.425	0
-4.025	1.475	0
-4.025	1.525	0
-4.025	1.575	0
-4.025	1.625	0
-4.025	1.675	0
-4.025	1.725	0
-4.025	1.775	0
-4.025	1.825	0
-4.025	1.875	10851626.1017298
-4.025	1.925	0
-4.025	1.975	0
-4.025	2.025	0
-4.025	2.075	0
-4.025	2.125	0
-4.025	2.175	0
-4.025	2.225	0
-4.025	2.275	0
-4.025	2.325	0
-4.025	2.375	0
-4.025	2.425	0
-4.025	2.475	0
-4.025	2.525	0
-4.025	2.575	0
-4.025	2.625	0
-3.975	-1.975	0
-3.975	-1.925	0
-3.975	-1.875	0
-3.975	-1.825	0
-3.975	-1.775	0
-3.975	-1.725	0
-3.975	-1.675	0
-3.975	-1.625	0
-3.975	-1.575	0
-3.975	-1.525	0
-3.975	-1.475	0
-3.975	-1.425	0
-3.975	-1.375	0
-3.975	-1.325	0
-3.975	-1.275	0
-3.975	-1.225	0
-3.975	-1.175	0
-3.975	-1.125	0
-3.975	-1.075	0
-3.975	-1.025	0
-3.975	-0.975	0
-3.975	-0.925	0
-3.975	-0.875	0
-3.975	-0.825	0
-3.975	-0.775	0
-3.975	-0.725	0
-3.975	-0.675	0
-3.975	-0.625	0
-3.975	-0.575	0
-3.975	-0.525	0
-3.975	-0.475	0
-3.975	-0.425	0
-3.975	-0.375	0
-3.975	-0.325	0
-3.975	-0.275	0
-3.975	-0.225	0
-3.975	-0.175	0
-3.975	-0.125	0
-3.975	-0.0749999999999999	0
-3.975	-0.0249999999999999	0
-3.975	0.0250000000000001	0
-3.975	0.0750000000000001	0
-3.975	0.125	0
-3.975	0.175	0
-3.975	0.225	0
-3.975	0.275	0
-3.975	0.325	0
-3.975	0.375	0
-3.975	0.425	0
-3.975	0.475	0
-3.975	0.525	0
-3.975	0.575	0
-3.975	0.625	0
-3.975	0.675	0
-3.975	0.725	0
-3.975	0.775	0
-3.975	0.825	0
-3.975	0.875	0
-3.975	0.925	0
-3.975	0.975	0
-3.975	1.025	0
-3.975	1.075	10851626.1017298
-3.975	1.125	0
-3.975	1.175	0
-3.975	1.225	0
-3.975	1.275	0
-3.975	1.325	0
-3.975	1.375	0
-3.975	1.425	0
-3.975	1.475	0
-3.975	1.525	0
-3.975	1.575	10851626.1017298
-3.975	1.625	10851626.1017298
-3.975	1.675	0
-3.975	1.725	0
-3.975	1.775	21703252.20345961
-3.975	1.825	10851626.1017298
-3.975	1.875	0
-3.975	1.925	0
-3.975	1.975	0
-3.975	2.025	0
-3.975	2.075	0
-3.975	2.125	0
-3.975	2.175	0
-3.975	2.225	0
-3.975	2.275	0
-3.975	2.325	0
-3.975	2.375	0
-3.975	2.425	0
-3.975	2.475	0
-3.975	2.525	0
-3.975	2.575	0
-3.975	2.625	0
-3.925	-1.975	0
-3.925	-1.925	0
-3.925	-1.875	0
-3.925	-1.825	0
-3.925	-1.775	0
-3.925	-1.725	0
-3.925	-1.675	0
-3.925	-1.625	0
-3.925	-1.575	0
-3.925	-1.525	0
-3.925	-1.475	0
-3.925	-1.425	0
-3.925	-1.375	0
-3.925	-1.325	0
-3.925	-1.275	0
-3.925	-1.225	0
-3.925	-1.175	0
-3.925	-1.125	0
-3.925	-1.075	0
-3.925	-1.025	0
-3.925	-0.975	0
-3.925	-0.925	0
-3.925	-0.875	0
-3.925	-0.825	0
-3.925	-0.775	0
-3.925	-0.725	0
-3.925	-0.675	0
-3.925	-0.625	0
-3.925	-0.575	0
-3.925	-0.525	0
-3.925	-0.475	0
-3.925	-0.425	0
-3.925	-0.375	0
-3.925	-0.325	0
-3.925	-0.275	0
-3.925	-0.225	0
-3.925	-0.175	0
-3.925	-0.125	0
-3.925	-0.0749999999999999	0
-3.925	-0.0249999999999999	0
-3.925	0.0250000000000001	0
-3.925	0.0750000000000001	0
-3.925	0.125	0
-3.925	0.175	0
-3.925	0.225	0
-3.925	0.275	0
-3.925	0.325	0
-3.925	0.375	0
-3.925	0.425	0
-3.925	0.475	0
-3.925	0.525	0
-3.925	0.575	10851626.1017298
-3.925	0.625	0
-3.925	0.675	0
-3.925	0.725	0
-3.925	0.775	0
-3.925	0.825	0
-3.925	0.875	0
-3.925	0.925	0
-3.925	0.975	0
-3.925	1.025	0
-3.925	1.075	0
-3.925	1.125	21703252.20345961
-3.925	1.175	0
-3.925	1.225	0
-3.925	1.275	0
-3.925	1.325	10851626.1017298
-3.925	1.375	0
-3.925	1.425	0
-3.925	1.475	0
-3.925	1.525	0
-3.925	1.575	0
-3.925	1.625	0
-3.925	1.675	0
-3.925	1.725	0
-3.925	1.775	0
-3.925	1.825	10851626.1017298
-3.925	1.875	0
-3.925	1.925	10851626.1017298
-3.925	1.975	0
-3.925	2.025	0
-3.925	2.075	10851626.1017298
-3.925	2.125	0
-3.925	2.175	10851626.1017298
-3.925	2.225	0
-3.925	2.275	0
-3.925	2.325	0
-3.925	2.375	10851626.1017298
-3.925	2.425	10851626.1017298
-3.925	2.475	0
-3.925	2.525	0
-3.925	2.575	0
-3.925	2.625	0
-3.875	-1.975	0
-3.875	-1.925	0
-3.875	-1.875	0
-3.875	-1.825	0
-3.875	-1.775	0
-3.875	-1.725	0
-3.875	-1.675	0
-3.875	-1.625	0
-3.875	-1.575	0
-3.875	-1.525	0
-3.875	-1.475	0
-3.875	-1.425	0
-3.875	-1.375	0
-3.875	-1.325	0
-3.875	-1.275	0
-3.875	-1.225	0
-3.875	-1.175	0
-3.875	-1.125	0
-3.875	-1.075	0
-3.875	-1.025	0
-3.875	-0.975	0
-3.875	-0.925	0
-3.875	-0.875	0
-3.875	-0.825	0
-3.875	-0.775	0
-3.875	-0.725	0
-3.875	-0.675	0
-3.875	-0.625	0
-3.875	-0.575	0
-3.875	-0.525	0
-3.875	-0.475	0
-3.875	-0.425	0
-3.875	-0.375	0
-3.875	-0.325	0
-3.875	-0.275	0
-3.875	-0.225	0
-3.875	-0.175	0
-3.875	-0.125	0
-3.875	-0.0749999999999999	0
-3.875	-0.0249999999999999	0
-3.875	0.0250000000000001	0
-3.875	0.0750000000000001	0
-3.875	0.125	0
-3.875	0.175	0
-3.875	0.225	0
-3.875	0.275	0
-3.875	0.325	0
-3.875	0.375	0
-3.875	0.425	0
-3.875	0.475	10851626.1017298
-3.875	0.525	0
-3.875	0.575	0
-3.875	0.625	0
-3.875	0.675	0
-3.875	0.725	0
-3.875	0.775	10851626.1017298
-3.875	0.825	0
-3.875	0.875	0
-3.875	0.925	0
-3.875	0.975	0
-3.875	1.025	0
-3.875	1.075	0
-3.875	1.125	0
-3.875	1.175	10851626.1017298
-3.875	1.225	0
-3.875	1.275	0
-3.875	1.325	0
-3.875	1.375	21703252.20345961
-3.875	1.425	0
-3.875	1.475	0
-3.875	1.525	0
-3.875	1.575	0
-3.875	1.625	0
-3.875	1.675	0
-3.875	1.725	10851626.1017298
-3.875	1.775	10851626.1017298
-3.875	1.825	0
-3.875	1.875	21703252.20345961
-3.875	1.925	0
-3.875	1.975	10851626.1017298
-3.875	2.025	10851626.1017298
-3.875	2.075	0
-3.875	2.125	0
-3.875	2.175	0
-3.875	2.225	0
-3.875	2.275	0
-3.875	2.325	0
-3.875	2.375	0
-3.875	2.425	0
-3.875	2.475	0
-3.875	2.525	0
-3.875	2.575	0
-3.875	2.625	0
-3.825	-1.975	0
-3.825	-1.925	0
-3.825	-1.875	0
-3.825	-1.825	0
-3.825	-1.775	0
-3.825	-1.725	0
-3.825	-1.675	0
-3.825	-1.625	0
-3.825	-1.575	0
-3.825	-1.525	0
-3.825	-1.475	0
-3.825	-1.425	0
-3.825	-1.375	0
-3.825	-1.325	0
-3.825	-1.275	0
-3.825	-1.225	0
-3.825	-1.175	0
-3.825	-1.125	0
-3.825	-1.075	0
-3.825	-1.025	0
-3.825	-0.975	0
-3.825	-0.925	0
-3.825	-0.875	0
-3.825	-0.825	0
-3.825	-0.775	0
-3.825	-0.725	0
-3.825	-0.675	0
-3.825	-0.625	0
-3.825	-0.575	0
-3.825	-0.525	0
-3.825	-0.475	0
-3.825	-0.425	0
-3.825	-0.375	0
-3.825	-0.325	0
-3.825	-0.275	0
-3.825	-0.225	0
-3.825	-0.175	0
-3.825	-0.125	0
-3.825	-0.0749999999999999	0
-3.825	-0.0249999999999999	0
-3.825	0.0250000000000001	0
-3.825	0.0750000000000001	0
-3.825	0.125	0
-3.825	0.175	0
-3.825	0.225	0
-3.825	0.275	0
-3.825	0.325	0
-3.825	0.375	0
-3.825	0.425	0
-3.825	0.475	0
-3.825	0.525	0
-3.825	0.575	0
-3.825	0.625	10851626.1017298
-3.825	0.675	0
-3.825	0.725	0
-3.825	0.775	0
-3.825	0.825	10851626.1017298
-3.825	0.875	10851626.1017298
-3.825	0.925	0
-3.825	0.975	0
-3.825	1.025	10851626.1017298
-3.825	1.075	21703252.20345961
-3.825	1.125	0
-3.825	1.175	10851626.1017298
-3.825	1.225	0
-3.825	1.275	0
-3.825	1.325	21703252.20345961
-3.825	1.375	10851626.1017298
-3.825	1.425	0
-3.825	1.475	0
-3.825	1.525	10851626.1017298
-3.825	1.575	0
-3.825	1.625	0
-3.825	1.675	10851626.1017298
-3.825	1.725	0
-3.825	1.775	0
-3.825	1.825	10851626.1017298
-3.825	1.875	0
-3.825	1.925	10851626.1017298
-3.825	1.975	10851626.1017298
-3.825	2.025	10851626.1017298
-3.825	2.075	0
-3.825	2.125	10851626.1017298
-3.825	2.175	0
-3.825	2.225	0
-3.825	2.275	32554878.30518941
-3.825	2.325	0
-3.825	2.375	0
-3.825	2.425	0
-3.825	2.475	0
-3.825	2.525	0
-3.825	2.575	0
-3.825	2.625	0
-3.775	-1.975	0
-3.775	-1.925	0
-3.775	-1.875	0
-3.775	-1.825	0
-3.775	-1.775	0
-3.775	-1.725	0
-3.775	-1.675	0
-3.775	-1.625	0
-3.775	-1.575	0
-3.775	-1.525	0
-3.775	-1.475	0
-3.775	-1.425	0
-3.775	-1.375	0
-3.775	-1.325	0
-3.775	-1.275	0
-3.775	-1.225	0
-3.775	-1.175	0
-3.775	-1.125	0
-3.775	-1.075	0
-3.775	-1.025	0
-3.775	-0.975	0
-3.775	-0.925	0
-3.775	-0.875	0
-3.775	-0.825	0
-3.775	-0.775	0
-3.775	-0.725	0
-3.775	-0.675	0
-3.775	-0.625	0
-3.775	-0.575	0
-3.775	-0.525	0
-3.775	-0.475	0
-3.775	-0.425	0
-3.775	-0.375	0
-3.775	-0.325	0
-3.775	-0.275	0
-3.775	-0.225	0
-3.775	-0.175	0
-3.775	-0.125	0
-3.775	-0.0749999999999999	0
-3.775	-0.0249999999999999	0
-3.775	0.0250000000000001	0
-3.775	0.0750000000000001	0
-3.775	0.125	0
-3.775	0.175	0
-3.775	0.225	0
-3.775	0.275	0
-3.775	0.325	0
-3.775	0.375	0
-3.775	0.425	0
-3.775	0.475	0
-3.775	0.525	0
-3.775	0.575	0
-3.775	0.625	0
-3.775	0.675	0
-3.775	0.725	0
-3.775	0.775	0
-3.775	0.825	0
-3.775	0.875	0
-3.775	0.925	0
-3.775	0.975	0
-3.775	1.025	0
-3.775	1.075	0
-3.775	1.125	10851626.1017298
-3.775	1.175	0
-3.775	1.225	0
-3.775	1.275	0
-3.775	1.325	0
-3.775	1.375	0
-3.775	1.425	0
-3.775	1.475	10851626.1017298
-3.775	1.525	10851626.1017298
-3.775	1.575	0
-3.775	1.625	10851626.1017298
-3.775	1.675	10851626.1017298
-3.775	1.725	21703252.20345961
-3.775	1.775	0
-3.775	1.825	0
-3.775	1.875	0
-3.775	1.925	21703252.20345961
-3.775	1.975	0
-3.775	2.025	10851626.1017298
-3.775	2.075	0
-3.775	2.125	10851626.1017298
-3.775	2.175	10851626.1017298
-3.775	2.225	0
-3.775	2.275	0
-3.775	2.325	0
-3.775	2.375	0
-3.775	2.425	0
-3.775	2.475	0
-3.775	2.525	0
-3.775	2.575	0
-3.775	2.625	0
-3.725	-1.975	0
-3.725	-1.925	0
-3.725	-1.875	0
-3.725	-1.825	0
-3.725	-1.775	0
-3.725	-1.725	0
-3.725	-1.675	0
-3.725	-1.625	0
-3.725	-1.575	0
-3.725	-1.525	0
-3.725	-1.475	0
-3.725	-1.425	0
-3.725	-1.375	0
-3.725	-1.325	0
-3.725	-1.275	0
-3.725	-1.225	0
-3.725	-1.175	0
-3.725	-1.125	0
-3.725	-1.075	0
-3.725	-1.025	0
-3.725	-0.975	0
-3.725	-0.925	0
-3.725	-0.875	0
-3.725	-0.825	0
-3.725	-0.775	0
-3.725	-0.725	0
-3.725	-0.675	0
-3.725	-0.625	0
-3.725	-0.575	0
-3.725	-0.525	0
-3.725	-0.475	0
-3.725	-0.425	0
-3.725	-0.375	0
-3.725	-0.325	0
-3.725	-0.275	0
-3.725	-0.225	0
-3.725	-0.175	0
-3.725	-0.125	0
-3.725	-0.0749999999999999	0
-3.725	-0.0249999999999999	0
-3.725	0.0250000000000001	0
-3.725	0.0750000000000001	0
-3.725	0.125	0
-3.725	0.175	0
-3.725	0.225	0
-3.725	0.275	0
-3.725	0.325	0
-3.725	0.375	0
-3.725	0.425	0
-3.725	0.475	0
-3.725	0.525	0
-3.725	0.575	0
-3.725	0.625	0
-3.725	0.675	0
-3.725	0.725	0
-3.725	0.775	10851626.1017298
-3.725	0.825	0
-3.725	0.875	0
-3.725	0.925	0
-3.725	0.975	0
-3.725	1.025	0
-3.725	1.075	0
-3.725	1.125	0
-3.725	1.175	0
-3.725	1.225	0
-3.725	1.275	0
-3.725	1.325	10851626.1017298
-3.725	1.375	0
-3.725	1.425	0
-3.725	1.475	0
-3.725	1.525	10851626.1017298
-3.725	1.575	54258130.50864901
-3.725	1.625	10851626.1017298
-3.725	1.675	21703252.20345961
-3.725	1.725	0
-3.725	1.775	21703252.20345961
-3.725	1.825	32554878.30518941
-3.725	1.875	0
-3.725	1.925	0
-3.725	1.975	10851626.1017298
-3.725	2.025	0
-3.725	2.075	0
-3.725	2.125	0
-3.725	2.175	21703252.20345961
-3.725	2.225	0
-3.725	2.275	0
-3.725	2.325	0
-3.725	2.375	0
-3.725	2.425	10851626.1017298
-3.725	2.475	0
-3.725	2.525	0
-3.725	2.575	0
-3.725	2.625	0
-3.675	-1.975	0
-3.675	-1.925	0
-3.675	-1.875	0
-3.675	-1.825	0
-3.675	-1.775	0
-3.675	-1.725	0
-3.675	-1.675	0
-3.675	-1.625	0
-3.675	-1.575	0
-3.675	-1.525	0
-3.675	-1.475	0
-3.675	-1.425	0
-3.675	-1.375	0
-3.675	-1.325	0
-3.675	-1.275	0
-3.675	-1.225	0
-3.675	-1.175	0
-3.675	-1.125	0
-3.675	-1.075	0
-3.675	-1.025	0
-3.675	-0.975	0
-3.675	-0.925	0
-3.675	-0.875	0
-3.675	-0.825	0
-3.675	-0.775	0
-3.675	-0.725	0
-3.675	-0.675	0
-3.675	-0.625	0
-3.675	-0.575	0
-3.675	-0.525	0
-3.675	-0.475	0
-3.675	-0.425	0
-3.675	-0.375	0
-3.675	-0.325	0
-3.675	-0.275	0
-3.675	-0.225	0
-3.675	-0.175	0
-3.675	-0.125	0
-3.675	-0.0749999999999999	0
-3.675	-0.0249999999999999	0
-3.675	0.0250000000000001	0
-3.675	0.0750000000000001	0
-3.675	0.125	0
-3.675	0.175	0
-3.675	0.225	0
-3.675	0.275	0
-3.675	0.325	0
-3.675	0.375	0
-3.675	0.425	0
-3.675	0.475	0
-3.675	0.525	0
-3.675	0.575	0
-3.675	0.625	10851626.1017298
-3.675	0.675	10851626.1017298
-3.675	0.725	10851626.1017298
-3.675	0.775	0
-3.675	0.825	0
-3.675	0.875	10851626.1017298
-3.675	0.925	0
-3.675	0.975	0
-3.675	1.025	0
-3.675	1.075	10851626.1017298
-3.675	1.125	0
-3.675	1.175	10851626.1017298
-3.675	1.225	0
-3.675	1.275	10851626.1017298
-3.675	1.325	21703252.20345961
-3.675	1.375	10851626.1017298
-3.675	1.425	0
-3.675	1.475	0
-3.675	1.525	10851626.1017298
-3.675	1.575	21703252.20345961
-3.675	1.625	21703252.20345961
-3.675	1.675	0
-3.675	1.725	21703252.20345961
-3.675	1.775	0
-3.675	1.825	10851626.1017298
-3.675	1.875	21703252.20345961
-3.675	1.925	0
-3.675	1.975	10851626.1017298
-3.675	2.025	32554878.30518941
-3.675	2.075	0
-3.675	2.125	10851626.1017298
-3.675	2.175	32554878.30518941
-3.675	2.225	10851626.1017298
-3.675	2.275	10851626.1017298
-3.675	2.325	0
-3.675	2.375	10851626.1017298
-3.675	2.425	0
-3.675	2.475	0
-3.675	2.525	0
-3.675	2.575	0
-3.675	2.625	0
-3.625	-1.975	0
-3.625	-1.925	0
-3.625	-1.875	0
-3.625	-1.825	0
-3.625	-1.775	0
-3.625	-1.725	0
-3.625	-1.675	0
-3.625	-1.625	0
-3.625	-1.575	0
-3.625	-1.525	0
-3.625	-1.475	0
-3.625	-1.425	0
-3.625	-1.375	0
-3.625	-1.325	0
-3.625	-1.275	0
-3.625	-1.225	0
-3.625	-1.175	0
-3.625	-1.125	0
-3.625	-1.075	0
-3.625	-1.025	0
-3.625	-0.975	0
-3.625	-0.925	0
-3.625	-0.875	0
-3.625	-0.825	0
-3.625	-0.775	0
-3.625	-0.725	0
-3.625	-0.675	0
-3.625	-0.625	0
-3.625	-0.575	0
-3.625	-0.525	0
-3.625	-0.475	0
-3.625	-0.425	0
-3.625	-0.375	0
-3.625	-0.325	0
-3.625	-0.275	0
-3.625	-0.225	0
-3.625	-0.175	0
-3.625	-0.125	0
-3.625	-0.0749999999999999	0
-3.625	-0.0249999999999999	0
-3.625	0.0250000000000001	0
-3.625	0.0750000000000001	0
-3.625	0.125	0
-3.625	0.175	10851626.1017298
-3.625	0.225	0
-3.625	0.275	0
-3.625	0.325	0
-3.625	0.375	0
-3.625	0.425	0
-3.625	0.475	10851626.1017298
-3.625	0.525	0
-3.625	0.575	0
-3.625	0.625	0
-3.625	0.675	0
-3.625	0.725	0
-3.625	0.775	0
-3.625	0.825	10851626.1017298
-3.625	0.875	0
-3.625	0.925	0
-3.625	0.975	10851626.1017298
-3.625	1.025	0
-3.625	1.075	10851626.1017298
-3.625	1.125	10851626.1017298
-3.625	1.175	0
-3.625	1.225	0
-3.625	1.275	10851626.1017298
-3.625	1.325	0
-3.625	1.375	0
-3.625	1.425	32554878.30518941
-3.625	1.475	32554878.30518941
-3.625	1.525	10851626.1017298
-3.625	1.575	32554878.30518941
-3.625	1.625	32554878.30518941
-3.625	1.675	21703252.20345961
-3.625	1.725	21703252.20345961
-3.625	1.775	21703252.20345961
-3.625	1.825	0
-3.625	1.875	21703252.20345961
-3.625	1.925	21703252.20345961
-3.625	1.975	0
-3.625	2.025	43406504.40691921
-3.625	2.075	10851626.1017298
-3.625	2.125	10851626.1017298
-3.625	2.175	32554878.30518941
-3.625	2.225	0
-3.625	2.275	10851626.1017298
-3.625	2.325	0
-3.625	2.375	10851626.1017298
-3.625	2.425	0
-3.625	2.475	0
-3.625	2.525	0
-3.625	2.575	0
-3.625	2.625	0
-3.575	-1.975	0
-3.575	-1.925	0
-3.575	-1.875	0
-3.575	-1.825	0
-3.575	-1.775	0
-3.575	-1.725	0
-3.575	-1.675	0
-3.575	-1.625	0
-3.575	-1.575	0
-3.575	-1.525	0
-3.575	-1.475	0
-3.575	-1.425	0
-3.575	-1.375	0
-3.575	-1.325	0
-3.575	-1.275	0
-3.575	-1.225	0
-3.575	-1.175	0
-3.575	-1.125	0
-3.575	-1.075	0
-3.575	-1.025	0
-3.575	-0.975	0
-3.575	-0.925	0
-3.575	-0.875	0
-3.575	-0.825	0
-3.575	-0.775	0
-3.575	-0.725	0
-3.575	-0.675	0
-3.575	-0.625	0
-3.575	-0.575	0
-3.575	-0.525	0
-3.575	-0.475	0
-3.575	-0.425	0
-3.575	-0.375	0
-3.575	-0.325	0
-3.575	-0.275	10851626.1017298
-3.575	-0.225	0
-3.575	-0.175	0
-3.575	-0.125	0
-3.575	-0.0749999999999999	0
-3.575	-0.0249999999999999	0
-3.575	0.0250000000000001	0
-3.575	0.0750000000000001	0
-3.575	0.125	0
-3.575	0.175	10851626.1017298
-3.575	0.225	0
-3.575	0.275	0
-3.575	0.325	0
-3.575	0.375	0
-3.575	0.425	0
-3.575	0.475	0
-3.575	0.525	0
-3.575	0.575	0
-3.575	0.625	0
-3.575	0.675	0
-3.575	0.725	0
-3.575	0.775	0
-3.575	0.825	0
-3.575	0.875	0
-3.575	0.925	0
-3.575	0.975	0
-3.575	1.025	0
-3.575	1.075	10851626.1017298
-3.575	1.125	0
-3.575	1.175	21703252.20345961
-3.575	1.225	10851626.1017298
-3.575	1.275	21703252.20345961
-3.575	1.325	10851626.1017298
-3.575	1.375	32554878.30518941
-3.575	1.425	10851626.1017298
-3.575	1.475	32554878.30518941
-3.575	1.525	10851626.1017298
-3.575	1.575	21703252.20345961
-3.575	1.625	43406504.40691921
-3.575	1.675	21703252.20345961
-3.575	1.725	10851626.1017298
-3.575	1.775	10851626.1017298
-3.575	1.825	10851626.1017298
-3.575	1.875	43406504.40691921
-3.575	1.925	54258130.50864901
-3.575	1.975	32554878.30518941
-3.575	2.025	32554878.30518941
-3.575	2.075	10851626.1017298
-3.575	2.125	10851626.1017298
-3.575	2.175	54258130.50864901
-3.575	2.225	10851626.1017298
-3.575	2.275	10851626.1017298
-3.575	2.325	21703252.20345961
-3.575	2.375	0
-3.575	2.425	0
-3.575	2.475	0
-3.575	2.525	0
-3.575	2.575	0
-3.575	2.625	0
-3.525	-1.975	0
-3.525	-1.925	0
-3.525	-1.875	0
-3.525	-1.825	0
-3.525	-1.775	0
-3.525	-1.725	0
-3.525	-1.675	0
-3.525	-1.625	0
-3.525	-1.575	0
-3.525	-1.525	0
-3.525	-1.475	0
-3.525	-1.425	0
-3.525	-1.375	0
-3.525	-1.325	0
-3.525	-1.275	0
-3.525	-1.225	0
-3.525	-1.175	0
-3.525	-1.125	0
-3.525	-1.075	0
-3.525	-1.025	0
-3.525	-0.975	0
-3.525	-0.925	0
-3.525	-0.875	0
-3.525	-0.825	0
-3.525	-0.775	0
-3.525	-0.725	0
-3.525	-0.675	0
-3.525	-0.625	0
-3.525	-0.575	0
-3.525	-0.525	0
-3.525	-0.475	0
-3.525	-0.425	0
-3.525	-0.375	0
-3.525	-0.325	0
-3.525	-0.275	0
-3.525	-0.225	0
-3.525	-0.175	0
-3.525	-0.125	10851626.1017298
-3.525	-0.0749999999999999	0
-3.525	-0.0249999999999999	0
-3.525	0.0250000000000001	0
-3.525	0.0750000000000001	0
-3.525	0.125	0
-3.525	0.175	0
-3.525	0.225	0
-3.525	0.275	0
-3.525	0.325	0
-3.525	0.375	10851626.1017298
-3.525	0.425	0
-3.525	0.475	0
-3.525	0.525	0
-3.525	0.575	0
-3.525	0.625	0
-3.525	0.675	0
-3.525	0.725	0
-3.525	0.775	0
-3.525	0.825	10851626.1017298
-3.525	0.875	10851626.1017298
-3.525	0.925	0
-3.525	0.975	0
-3.525	1.025	10851626.1017298
-3.525	1.075	10851626.1017298
-3.525	1.125	10851626.1017298
-3.525	1.175	10851626.1017298
-3.525	1.225	0
-3.525	1.275	10851626.1017298
-3.525	1.325	10851626.1017298
-3.525	1.375	21703252.20345961
-3.525	1.425	10851626.1017298
-3.525	1.475	10851626.1017298
-3.525	1.525	0
-3.525	1.575	10851626.1017298
-3.525	1.625	32554878.30518941
-3.525	1.675	32554878.30518941
-3.525	1.725	21703252.20345961
-3.525	1.775	43406504.40691921
-3.525	1.825	54258130.50864901
-3.525	1.875	43406504.40691921
-3.525	1.925	10851626.1017298
-3.525	1.975	43406504.40691921
-3.525	2.025	21703252.20345961
-3.525	2.075	10851626.1017298
-3.525	2.125	10851626.1017298
-3.525	2.175	10851626.1017298
-3.525	2.225	21703252.20345961
-3.525	2.275	21703252.20345961
-3.525	2.325	0
-3.525	2.375	0
-3.525	2.425	10851626.1017298
-3.525	2.475	10851626.1017298
-3.525	2.525	0
-3.525	2.575	0
-3.525	2.625	0
-3.475	-1.975	0
-3.475	-1.925	0
-3.475	-1.875	0
-3.475	-1.825	0
-3.475	-1.775	0
-3.475	-1.725	0
-3.475	-1.675	0
-3.475	-1.625	0
-3.475	-1.575	0
-3.475	-1.525	0
-3.475	-1.475	0
-3.475	-1.425	0
-3.475	-1.375	0
-3.475	-1.325	0
-3.475	-1.275	0
-3.475	-1.225	0
-3.475	-1.175	0
-3.475	-1.125	0
-3.475	-1.075	0
-3.475	-1.025	0
-3.475	-0.975	0
-3.475	-0.925	0
-3.475	-0.875	0
-3.475	-0.825	0
-3.475	-0.775	0
-3.475	-0.725	0
-3.475	-0.675	0
-3.475	-0.625	0
-3.475	-0.575	0
-3.475	-0.525	0
-3.475	-0.475	0
-3.475	-0.425	0
-3.475	-0.375	0
-3.475	-0.325	0
-3.475	-0.275	0
-3.475	-0.225	0
-3.475	-0.175	0
-3.475	-0.125	0
-3.475	-0.0749999999999999	0
-3.475	-0.0249999999999999	0
-3.475	0.0250000000000001	0
-3.475	0.0750000000000001	0
-3.475	0.125	0
-3.475	0.175	0
-3.475	0.225	0
-3.475	0.275	0
-3.475	0.325	10851626.1017298
-3.475	0.375	0
-3.475	0.425	0
-3.475	0.475	21703252.20345961
-3.475	0.525	0
-3.475	0.575	0
-3.475	0.625	10851626.1017298
-3.475	0.675	0
-3.475	0.725	0
-3.475	0.775	10851626.1017298
-3.475	0.825	0
-3.475	0.875	0
-3.475	0.925	21703252.20345961
-3.475	0.975	0
-3.475	1.025	10851626.1017298
-3.475	1.075	21703252.20345961
-3.475	1.125	0
-3.475	1.175	10851626.1017298
-3.475	1.225	32554878.30518941
-3.475	1.275	21703252.20345961
-3.475	1.325	10851626.1017298
-3.475	1.375	10851626.1017298
-3.475	1.425	10851626.1017298
-3.475	1.475	10851626.1017298
-3.475	1.525	21703252.20345961
-3.475	1.575	54258130.50864901
-3.475	1.625	21703252.20345961
-3.475	1.675	10851626.1017298
-3.475	1.725	21703252.20345961
-3.475	1.775	32554878.30518941
-3.475	1.825	0
-3.475	1.875	21703252.20345961
-3.475	1.925	21703252.20345961
-3.475	1.975	10851626.1017298
-3.475	2.025	32554878.30518941
-3.475	2.075	10851626.1017298
-3.475	2.125	32554878.30518941
-3.475	2.175	21703252.20345961
-3.475	2.225	10851626.1017298
-3.475	2.275	43406504.40691921
-3.475	2.325	0
-3.475	2.375	10851626.1017298
-3.475	2.425	0
-3.475	2.475	0
-3.475	2.525	0
-3.475	2.575	0
-3.475	2.625	0
-3.425	-1.975	0
-3.425	-1.925	0
-3.425	-1.875	0
-3.425	-1.825	0
-3.425	-1.775	0
-3.425	-1.725	0
-3.425	-1.675	0
-3.425	-1.625	0
-3.425	-1.575	0
-3.425	-1.525	0
-3.425	-1.475	0
-3.425	-1.425	0
-3.425	-1.375	0
-3.425	-1.325	0
-3.425	-1.275	0
-3.425	-1.225	0
-3.425	-1.175	0
-3.425	-1.125	0
-3.425	-1.075	0
-3.425	-1.025	0
-3.425	-0.975	0
-3.425	-0.925	0
-3.425	-0.875	0
-3.425	-0.825	0
-3.425	-0.775	0
-3.425	-0.725	0
-3.425	-0.675	0
-3.425	-0.625	0
-3.425	-0.575	0
-3.425	-0.525	0
-3.425	-0.475	0
-3.425	-0.425	0
-3.425	-0.375	0
-3.425	-0.325	0
-3.425	-0.275	0
-3.425	-0.225	0
-3.425	-0.175	0
-3.425	-0.125	0
-3.425	-0.0749999999999999	0
-3.425	-0.0249999999999999	0
-3.425	0.0250000000000001	0
-3.425	0.0750000000000001	0
-3.425	0.125	0
-3.425	0.175	10851626.1017298
-3.425	0.225	0
-3.425	0.275	10851626.1017298
-3.425	0.325	0
-3.425	0.375	0
-3.425	0.425	0
-3.425	0.475	21703252.20345961
-3.425	0.525	10851626.1017298
-3.425	0.575	10851626.1017298
-3.425	0.625	0
-3.425	0.675	10851626.1017298
-3.425	0.725	0
-3.425	0.775	0
-3.425	0.825	21703252.20345961
-3.425	0.875	10851626.1017298
-3.425	0.925	0
-3.425	0.975	21703252.20345961
-3.425	1.025	0
-3.425	1.075	10851626.1017298
-3.425	1.125	32554878.30518941
-3.425	1.175	65109756.61037882
-3.425	1.225	10851626.1017298
-3.425	1.275	32554878.30518941
-3.425	1.325	32554878.30518941
-3.425	1.375	21703252.20345961
-3.425	1.425	10851626.1017298
-3.425	1.475	10851626.1017298
-3.425	1.525	43406504.40691921
-3.425	1.575	32554878.30518941
-3.425	1.625	54258130.50864901
-3.425	1.675	10851626.1017298
-3.425	1.725	32554878.30518941
-3.425	1.775	43406504.40691921
-3.425	1.825	54258130.50864901
-3.425	1.875	0
-3.425	1.925	43406504.40691921
-3.425	1.975	21703252.20345961
-3.425	2.025	43406504.40691921
-3.425	2.075	32554878.30518941
-3.425	2.125	21703252.20345961
-3.425	2.175	21703252.20345961
-3.425	2.225	10851626.1017298
-3.425	2.275	32554878.30518941
-3.425	2.325	32554878.30518941
-3.425	2.375	0
-3.425	2.425	0
-3.425	2.475	0
-3.425	2.525	0
-3.425	2.575	0
-3.425	2.625	0
-3.375	-1.975	0
-3.375	-1.925	0
-3.375	-1.875	0
-3.375	-1.825	0
-3.375	-1.775	0
-3.375	-1.725	0
-3.375	-1.675	0
-3.375	-1.625	0
-3.375	-1.575	0
-3.375	-1.525	0
-3.375	-1.475	0
-3.375	-1.425	0
-3.375	-1.375	0
-3.375	-1.325	0
-3.375	-1.275	0
-3.375	-1.225	0
-3.375	-1.175	0
-3.375	-1.125	0
-3.375	-1.075	0
-3.375	-1.025	0
-3.375	-0.975	0
-3.375	-0.925	0
-3.375	-0.875	0
-3.375	-0.825	0
-3.375	-0.775	0
-3.375	-0.725	0
-3.375	-0.675	0
-3.375	-0.625	0
-3.375	-0.575	0
-3.375	-0.525	0
-3.375	-0.475	0
-3.375	-0.425	0
-3.375	-0.375	0
-3.375	-0.325	0
-3.375	-0.275	0
-3.375	-0.225	0
-3.375	-0.175	0
-3.375	-0.125	0
-3.375	-0.0749999999999999	0
-3.375	-0.0249999999999999	0
-3.375	0.0250000000000001	0
-3.375	0.0750000000000001	10851626.1017298
-3.375	0.125	0
-3.375	0.175	0
-3.375	0.225	10851626.1017298
-3.375	0.275	0
-3.375	0.325	0
-3.375	0.375	10851626.1017298
-3.375	0.425	10851626.1017298
-3.375	0.475	0
-3.375	0.525	0
-3.375	0.575	10851626.1017298
-3.375	0.625	0
-3.375	0.675	0
-3.375	0.725	0
-3.375	0.775	0
-3.375	0.825	0
-3.375	0.875	10851626.1017298
-3.375	0.925	0
-3.375	0.975	21703252.20345961
-3.375	1.025	0
-3.375	1.075	21703252.20345961
-3.375	1.125	10851626.1017298
-3.375	1.175	0
-3.375	1.225	10851626.1017298
-3.375	1.275	0
-3.375	1.325	10851626.1017298
-3.375	1.375	43406504.40691921
-3.375	1.425	54258130.50864901
-3.375	1.475	54258130.50864901
-3.375	1.525	32554878.30518941
-3.375	1.575	54258130.50864901
-3.375	1.625	54258130.50864901
-3.375	1.675	86813008.81383842
-3.375	1.725	75961382.71210863
-3.375	1.775	32554878.30518941
-3.375	1.825	54258130.50864901
-3.375	1.875	54258130.50864901
-3.375	1.925	65109756.61037882
-3.375	1.975	65109756.61037882
-3.375	2.025	43406504.40691921
-3.375	2.075	43406504.40691921
-3.375	2.125	0
-3.375	2.175	43406504.40691921
-3.375	2.225	32554878.30518941
-3.375	2.275	32554878.30518941
-3.375	2.325	21703252.20345961
-3.375	2.375	0
-3.375	2.425	10851626.1017298
-3.375	2.475	0
-3.375	2.525	21703252.20345961
-3.375	2.575	0
-3.375	2.625	0
-3.325	-1.975	0
-3.325	-1.925	0
-3.325	-1.875	0
-3.325	-1.825	0
-3.325	-1.775	0
-3.325	-1.725	0
-3.325	-1.675	0
-3.325	-1.625	0
-3.325	-1.575	0
-3.325	-1.525	0
-3.325	-1.475	0
-3.325	-1.425	0
-3.325	-1.375	0
-3.325	-1.325	0
-3.325	-1.275	0
-3.325	-1.225	0
-3.325	-1.175	0
-3.325	-1.125	0
-3.325	-1.075	0
-3.325	-1.025	0
-3.325	-0.975	0
-3.325	-0.925	0
-3.325	-0.875	0
-3.325	-0.825	0
-3.325	-0.775	0
-3.325	-0.725	0
-3.325	-0.675	0
-3.325	-0.625	0
-3.325	-0.575	0
-3.325	-0.525	0
-3.325	-0.475	0
-3.325	-0.425	0
-3.325	-0.375	0
-3.325	-0.325	0
-3.325	-0.275	0
-3.325	-0.225	0
-3.325	-0.175	0
-3.325	-0.125	0
-3.325	-0.0749999999999999	0
-3.325	-0.0249999999999999	0
-3.325	0.0250000000000001	0
-3.325	0.0750000000000001	0
-3.325	0.125	0
-3.325	0.175	0
-3.325	0.225	21703252.20345961
-3.325	0.275	0
-3.325	0.325	0
-3.325	0.375	0
-3.325	0.425	0
-3.325	0.475	21703252.20345961
-3.325	0.525	0
-3.325	0.575	0
-3.325	0.625	32554878.30518941
-3.325	0.675	0
-3.325	0.725	0
-3.325	0.775	10851626.1017298
-3.325	0.825	10851626.1017298
-3.325	0.875	21703252.20345961
-3.325	0.925	0
-3.325	0.975	43406504.40691921
-3.325	1.025	0
-3.325	1.075	75961382.71210863
-3.325	1.125	43406504.40691921
-3.325	1.175	32554878.30518941
-3.325	1.225	10851626.1017298
-3.325	1.275	43406504.40691921
-3.325	1.325	65109756.61037882
-3.325	1.375	54258130.50864901
-3.325	1.425	32554878.30518941
-3.325	1.475	86813008.81383842
-3.325	1.525	65109756.61037882
-3.325	1.575	32554878.30518941
-3.325	1.625	32554878.30518941
-3.325	1.675	21703252.20345961
-3.325	1.725	54258130.50864901
-3.325	1.775	75961382.71210863
-3.325	1.825	86813008.81383842
-3.325	1.875	75961382.71210863
-3.325	1.925	54258130.50864901
-3.325	1.975	75961382.71210863
-3.325	2.025	43406504.40691921
-3.325	2.075	75961382.71210863
-3.325	2.125	65109756.61037882
-3.325	2.175	10851626.1017298
-3.325	2.225	32554878.30518941
-3.325	2.275	32554878.30518941
-3.325	2.325	21703252.20345961
-3.325	2.375	0
-3.325	2.425	10851626.1017298
-3.325	2.475	0
-3.325	2.525	0
-3.325	2.575	0
-3.325	2.625	0
-3.275	-1.975	0
-3.275	-1.925	0
-3.275	-1.875	0
-3.275	-1.825	0
-3.275	-1.775	0
-3.275	-1.725	0
-3.275	-1.675	0
-3.275	-1.625	0
-3.275	-1.575	0
-3.275	-1.525	0
-3.275	-1.475	0
-3.275	-1.425	0
-3.275	-1.375	0
-3.275	-1.325	0
-3.275	-1.275	0
-3.275	-1.225	0
-3.275	-1.175	0
-3.275	-1.125	0
-3.275	-1.075	0
-3.275	-1.025	0
-3.275	-0.975	0
-3.275	-0.925	0
-3.275	-0.875	0
-3.275	-0.825	0
-3.275	-0.775	0
-3.275	-0.725	0
-3.275	-0.675	0
-3.275	-0.625	0
-3.275	-0.575	0
-3.275	-0.525	0
-3.275	-0.475	0
-3.275	-0.425	0
-3.275	-0.375	0
-3.275	-0.325	0
-3.275	-0.275	0
-3.275	-0.225	0
-3.275	-0.175	0
-3.275	-0.125	0
-3.275	-0.0749999999999999	0
-3.275	-0.0249999999999999	0
-3.275	0.0250000000000001	0
-3.275	0.0750000000000001	10851626.1017298
-3.275	0.125	0
-3.275	0.175	10851626.1017298
-3.275	0.225	10851626.1017298
-3.275	0.275	10851626.1017298
-3.275	0.325	0
-3.275	0.375	0
-3.275	0.425	0
-3.275	0.475	0
-3.275	0.525	0
-3.275	0.575	0
-3.275	0.625	32554878.30518941
-3.275	0.675	0
-3.275	0.725	0
-3.275	0.775	10851626.1017298
-3.275	0.825	10851626.1017298
-3.275	0.875	32554878.30518941
-3.275	0.925	0
-3.275	0.975	10851626.1017298
-3.275	1.025	43406504.40691921
-3.275	1.075	0
-3.275	1.125	75961382.71210863
-3.275	1.175	43406504.40691921
-3.275	1.225	43406504.40691921
-3.275	1.275	21703252.20345961
-3.275	1.325	54258130.50864901
-3.275	1.375	54258130.50864901
-3.275	1.425	32554878.30518941
-3.275	1.475	65109756.61037882
-3.275	1.525	75961382.71210863
-3.275	1.575	43406504.40691921
-3.275	1.625	65109756.61037882
-3.275	1.675	97664634.91556822
-3.275	1.725	54258130.50864901
-3.275	1.775	54258130.50864901
-3.275	1.825	54258130.50864901
-3.275	1.875	97664634.91556822
-3.275	1.925	108516261.017298
-3.275	1.975	86813008.81383842
-3.275	2.025	43406504.40691921
-3.275	2.075	151922765.4242173
-3.275	2.125	86813008.81383842
-3.275	2.175	54258130.50864901
-3.275	2.225	65109756.61037882
-3.275	2.275	32554878.30518941
-3.275	2.325	21703252.20345961
-3.275	2.375	10851626.1017298
-3.275	2.425	10851626.1017298
-3.275	2.475	0
-3.275	2.525	0
-3.275	2.575	0
-3.275	2.625	0
-3.225	-1.975	0
-3.225	-1.925	0
-3.225	-1.875	0
-3.225	-1.825	0
-3.225	-1.775	0
-3.225	-1.725	0
-3.225	-1.675	0
-3.225	-1.625	0
-3.225	-1.575	0
-3.225	-1.525	0
-3.225	-1.475	0
-3.225	-1.425	0
-3.225	-1.375	0
-3.225	-1.325	0
-3.225	-1.275	0
-3.225	-1.225	0
-3.225	-1.175	0
-3.225	-1.125	0
-3.225	-1.075	0
-3.225	-1.025	0
-3.225	-0.975	0
-3.225	-0.925	0
-3.225	-0.875	0
-3.225	-0.825	0
-3.225	-0.775	0
-3.225	-0.725	0
-3.225	-0.675	0
-3.225	-0.625	0
-3.225	-0.575	0
-3.225	-0.525	0
-3.225	-0.475	0
-3.225	-0.425	0
-3.225	-0.375	0
-3.225	-0.325	10851626.1017298
-3.225	-0.275	0
-3.225	-0.225	0
-3.225	-0.175	0
-3.225	-0.125	0
-3.225	-0.0749999999999999	0
-3.225	-0.0249999999999999	10851626.1017298
-3.225	0.0250000000000001	0
-3.225	0.0750000000000001	0
-3.225	0.125	10851626.1017298
-3.225	0.175	0
-3.225	0.225	0
-3.225	0.275	0
-3.225	0.325	0
-3.225	0.375	10851626.1017298
-3.225	0.425	10851626.1017298
-3.225	0.475	0
-3.225	0.525	10851626.1017298
-3.225	0.575	0
-3.225	0.625	0
-3.225	0.675	10851626.1017298
-3.225	0.725	43406504.40691921
-3.225	0.775	0
-3.225	0.825	32554878.30518941
-3.225	0.875	0
-3.225	0.925	43406504.40691921
-3.225	0.975	65109756.61037882
-3.225	1.025	21703252.20345961
-3.225	1.075	10851626.1017298
-3.225	1.125	10851626.1017298
-3.225	1.175	54258130.50864901
-3.225	1.225	97664634.91556822
-3.225	1.275	32554878.30518941
-3.225	1.325	32554878.30518941
-3.225	1.375	54258130.50864901
-3.225	1.425	86813008.81383842
-3.225	1.475	86813008.81383842
-3.225	1.525	97664634.91556822
-3.225	1.575	119367887.1190278
-3.225	1.625	119367887.1190278
-3.225	1.675	108516261.017298
-3.225	1.725	86813008.81383842
-3.225	1.775	75961382.71210863
-3.225	1.825	108516261.017298
-3.225	1.875	97664634.91556822
-3.225	1.925	32554878.30518941
-3.225	1.975	119367887.1190278
-3.225	2.025	108516261.017298
-3.225	2.075	97664634.91556822
-3.225	2.125	32554878.30518941
-3.225	2.175	32554878.30518941
-3.225	2.225	65109756.61037882
-3.225	2.275	43406504.40691921
-3.225	2.325	32554878.30518941
-3.225	2.375	32554878.30518941
-3.225	2.425	0
-3.225	2.475	21703252.20345961
-3.225	2.525	0
-3.225	2.575	0
-3.225	2.625	0
-3.175	-1.975	0
-3.175	-1.925	0
-3.175	-1.875	0
-3.175	-1.825	0
-3.175	-1.775	0
-3.175	-1.725	0
-3.175	-1.675	0
-3.175	-1.625	0
-3.175	-1.575	0
-3.175	-1.525	0
-3.175	-1.475	0
-3.175	-1.425	0
-3.175	-1.375	0
-3.175	-1.325	0
-3.175	-1.275	0
-3.175	-1.225	0
-3.175	-1.175	0
-3.175	-1.125	0
-3.175	-1.075	0
-3.175	-1.025	0
-3.175	-0.975	0
-3.175	-0.925	0
-3.175	-0.875	0
-3.175	-0.825	0
-3.175	-0.775	0
-3.175	-0.725	0
-3.175	-0.675	0
-3.175	-0.625	0
-3.175	-0.575	0
-3.175	-0.525	0
-3.175	-0.475	0
-3.175	-0.425	0
-3.175	-0.375	0
-3.175	-0.325	0
-3.175	-0.275	0
-3.175	-0.225	0
-3.175	-0.175	0
-3.175	-0.125	0
-3.175	-0.0749999999999999	0
-3.175	-0.0249999999999999	10851626.1017298
-3.175	0.0250000000000001	10851626.1017298
-3.175	0.0750000000000001	0
-3.175	0.125	0
-3.175	0.175	10851626.1017298
-3.175	0.225	10851626.1017298
-3.175	0.275	0
-3.175	0.325	0
-3.175	0.375	0
-3.175	0.425	10851626.1017298
-3.175	0.475	0
-3.175	0.525	0
-3.175	0.575	0
-3.175	0.625	43406504.40691921
-3.175	0.675	0
-3.175	0.725	21703252.20345961
-3.175	0.775	32554878.30518941
-3.175	0.825	43406504.40691921
-3.175	0.875	21703252.20345961
-3.175	0.925	10851626.1017298
-3.175	0.975	32554878.30518941
-3.175	1.025	21703252.20345961
-3.175	1.075	32554878.30518941
-3.175	1.125	108516261.017298
-3.175	1.175	32554878.30518941
-3.175	1.225	75961382.71210863
-3.175	1.275	65109756.61037882
-3.175	1.325	108516261.017298
-3.175	1.375	119367887.1190278
-3.175	1.425	75961382.71210863
-3.175	1.475	108516261.017298
-3.175	1.525	32554878.30518941
-3.175	1.575	54258130.50864901
-3.175	1.625	97664634.91556822
-3.175	1.675	151922765.4242173
-3.175	1.725	195329269.8311364
-3.175	1.775	195329269.8311364
-3.175	1.825	75961382.71210863
-3.175	1.875	162774391.5259471
-3.175	1.925	119367887.1190278
-3.175	1.975	75961382.71210863
-3.175	2.025	130219513.2207576
-3.175	2.075	108516261.017298
-3.175	2.125	108516261.017298
-3.175	2.175	75961382.71210863
-3.175	2.225	32554878.30518941
-3.175	2.275	86813008.81383842
-3.175	2.325	21703252.20345961
-3.175	2.375	21703252.20345961
-3.175	2.425	10851626.1017298
-3.175	2.475	0
-3.175	2.525	0
-3.175	2.575	10851626.1017298
-3.175	2.625	0
-3.125	-1.975	0
-3.125	-1.925	0
-3.125	-1.875	0
-3.125	-1.825	0
-3.125	-1.775	0
-3.125	-1.725	0
-3.125	-1.675	0
-3.125	-1.625	0
-3.125	-1.575	0
-3.125	-1.525	0
-3.125	-1.475	0
-3.125	-1.425	0
-3.125	-1.375	0
-3.125	-1.325	0
-3.125	-1.275	0
-3.125	-1.225	0
-3.125	-1.175	0
-3.125	-1.125	0
-3.125	-1.075	0
-3.125	-1.025	0
-3.125	-0.975	0
-3.125	-0.925	0
-3.125	-0.875	0
-3.125	-0.825	0
-3.125	-0.775	0
-3.125	-0.725	0
-3.125	-0.675	0
-3.125	-0.625	0
-3.125	-0.575	0
-3.125	-0.525	0
-3.125	-0.475	0
-3.125	-0.425	0
-3.125	-0.375	0
-3.125	-0.325	0
-3.125	-0.275	0
-3.125	-0.225	0
-3.125	-0.175	10851626.1017298
-3.125	-0.125	10851626.1017298
-3.125	-0.0749999999999999	10851626.1017298
-3.125	-0.0249999999999999	0
-3.125	0.0250000000000001	0
-3.125	0.0750000000000001	0
-3.125	0.125	0
-3.125	0.175	21703252.20345961
-3.125	0.225	10851626.1017298
-3.125	0.275	10851626.1017298
-3.125	0.325	10851626.1017298
-3.125	0.375	0
-3.125	0.425	0
-3.125	0.475	21703252.20345961
-3.125	0.525	10851626.1017298
-3.125	0.575	10851626.1017298
-3.125	0.625	32554878.30518941
-3.125	0.675	21703252.20345961
-3.125	0.725	10851626.1017298
-3.125	0.775	10851626.1017298
-3.125	0.825	21703252.20345961
-3.125	0.875	10851626.1017298
-3.125	0.925	43406504.40691921
-3.125	0.975	65109756.61037882
-3.125	1.025	54258130.50864901
-3.125	1.075	75961382.71210863
-3.125	1.125	75961382.71210863
-3.125	1.175	65109756.61037882
-3.125	1.225	65109756.61037882
-3.125	1.275	43406504.40691921
-3.125	1.325	97664634.91556822
-3.125	1.375	75961382.71210863
-3.125	1.425	54258130.50864901
-3.125	1.475	119367887.1190278
-3.125	1.525	151922765.4242173
-3.125	1.575	141071139.3224874
-3.125	1.625	141071139.3224874
-3.125	1.675	217032522.0345961
-3.125	1.725	130219513.2207576
-3.125	1.775	173626017.6276768
-3.125	1.825	141071139.3224874
-3.125	1.875	162774391.5259471
-3.125	1.925	86813008.81383842
-3.125	1.975	141071139.3224874
-3.125	2.025	206180895.9328662
-3.125	2.075	119367887.1190278
-3.125	2.125	130219513.2207576
-3.125	2.175	97664634.91556822
-3.125	2.225	65109756.61037882
-3.125	2.275	86813008.81383842
-3.125	2.325	43406504.40691921
-3.125	2.375	10851626.1017298
-3.125	2.425	43406504.40691921
-3.125	2.475	10851626.1017298
-3.125	2.525	0
-3.125	2.575	0
-3.125	2.625	0
-3.075	-1.975	0
-3.075	-1.925	0
-3.075	-1.875	0
-3.075	-1.825	0
-3.075	-1.775	0
-3.075	-1.725	0
-3.075	-1.675	0
-3.075	-1.625	0
-3.075	-1.575	0
-3.075	-1.525	0
-3.075	-1.475	0
-3.075	-1.425	0
-3.075	-1.375	0
-3.075	-1.325	0
-3.075	-1.275	0
-3.075	-1.225	0
-3.075	-1.175	0
-3.075	-1.125	0
-3.075	-1.075	0
-3.075	-1.025	0
-3.075	-0.975	0
-3.075	-0.925	0
-3.075	-0.875	0
-3.075	-0.825	0
-3.075	-0.775	0
-3.075	-0.725	0
-3.075	-0.675	0
-3.075	-0.625	0
-3.075	-0.575	10851626.1017298
-3.075	-0.525	0
-3.075	-0.475	0
-3.075	-0.425	10851626.1017298
-3.075	-0.375	0
-3.075	-0.325	0
-3.075	-0.275	0
-3.075	-0.225	0
-3.075	-0.175	0
-3.075	-0.125	0
-3.075	-0.0749999999999999	10851626.1017298
-3.075	-0.0249999999999999	0
-3.075	0.0250000000000001	10851626.1017298
-3.075	0.0750000000000001	0
-3.075	0.125	0
-3.075	0.175	0
-3.075	0.225	0
-3.075	0.275	0
-3.075	0.325	21703252.20345961
-3.075	0.375	10851626.1017298
-3.075	0.425	0
-3.075	0.475	10851626.1017298
-3.075	0.525	54258130.50864901
-3.075	0.575	32554878.30518941
-3.075	0.625	10851626.1017298
-3.075	0.675	43406504.40691921
-3.075	0.725	10851626.1017298
-3.075	0.775	10851626.1017298
-3.075	0.825	32554878.30518941
-3.075	0.875	10851626.1017298
-3.075	0.925	32554878.30518941
-3.075	0.975	97664634.91556822
-3.075	1.025	108516261.017298
-3.075	1.075	97664634.91556822
-3.075	1.125	43406504.40691921
-3.075	1.175	86813008.81383842
-3.075	1.225	97664634.91556822
-3.075	1.275	75961382.71210863
-3.075	1.325	119367887.1190278
-3.075	1.375	97664634.91556822
-3.075	1.425	86813008.81383842
-3.075	1.475	108516261.017298
-3.075	1.525	151922765.4242173
-3.075	1.575	151922765.4242173
-3.075	1.625	151922765.4242173
-3.075	1.675	217032522.0345961
-3.075	1.725	151922765.4242173
-3.075	1.775	282142278.6449749
-3.075	1.825	217032522.0345961
-3.075	1.875	206180895.9328662
-3.075	1.925	195329269.8311364
-3.075	1.975	141071139.3224874
-3.075	2.025	227884148.1363259
-3.075	2.075	206180895.9328662
-3.075	2.125	75961382.71210863
-3.075	2.175	108516261.017298
-3.075	2.225	119367887.1190278
-3.075	2.275	75961382.71210863
-3.075	2.325	97664634.91556822
-3.075	2.375	10851626.1017298
-3.075	2.425	21703252.20345961
-3.075	2.475	10851626.1017298
-3.075	2.525	0
-3.075	2.575	0
-3.075	2.625	0
-3.025	-1.975	0
-3.025	-1.925	0
-3.025	-1.875	0
-3.025	-1.825	0
-3.025	-1.775	0
-3.025	-1.725	0
-3.025	-1.675	0
-3.025	-1.625	0
-3.025	-1.575	0
-3.025	-1.525	0
-3.025	-1.475	0
-3.025	-1.425	0
-3.025	-1.375	0
-3.025	-1.325	0
-3.025	-1.275	0
-3.025	-1.225	0
-3.025	-1.175	0
-3.025	-1.125	0
-3.025	-1.075	0
-3.025	-1.025	0
-3.025	-0.975	0
-3.025	-0.925	0
-3.025	-0.875	0
-3.025	-0.825	0
-3.025	-0.775	0
-3.025	-0.725	0
-3.025	-0.675	0
-3.025	-0.625	0
-3.025	-0.575	0
-3.025	-0.525	0
-3.025	-0.475	10851626.1017298
-3.025	-0.425	0
-3.025	-0.375	0
-3.025	-0.325	0
-3.025	-0.275	0
-3.025	-0.225	0
-3.025	-0.175	0
-3.025	-0.125	10851626.1017298
-3.025	-0.0749999999999999	0
-3.025	-0.0249999999999999	0
-3.025	0.0250000000000001	10851626.1017298
-3.025	0.0750000000000001	10851626.1017298
-3.025	0.125	21703252.20345961
-3.025	0.175	10851626.1017298
-3.025	0.225	21703252.20345961
-3.025	0.275	10851626.1017298
-3.025	0.325	32554878.30518941
-3.025	0.375	10851626.1017298
-3.025	0.425	21703252.20345961
-3.025	0.475	0
-3.025	0.525	32554878.30518941
-3.025	0.575	10851626.1017298
-3.025	0.625	65109756.61037882
-3.025	0.675	10851626.1017298
-3.025	0.725	43406504.40691921
-3.025	0.775	32554878.30518941
-3.025	0.825	32554878.30518941
-3.025	0.875	86813008.81383842
-3.025	0.925	86813008.81383842
-3.025	0.975	43406504.40691921
-3.025	1.025	108516261.017298
-3.025	1.075	97664634.91556822
-3.025	1.125	75961382.71210863
-3.025	1.175	108516261.017298
-3.025	1.225	119367887.1190278
-3.025	1.275	217032522.0345961
-3.025	1.325	173626017.6276768
-3.025	1.375	271290652.5432451
-3.025	1.425	108516261.017298
-3.025	1.475	249587400.3397855
-3.025	1.525	141071139.3224874
-3.025	1.575	249587400.3397855
-3.025	1.625	162774391.5259471
-3.025	1.675	336400409.1536239
-3.025	1.725	249587400.3397855
-3.025	1.775	271290652.5432451
-3.025	1.825	249587400.3397855
-3.025	1.875	271290652.5432451
-3.025	1.925	206180895.9328662
-3.025	1.975	271290652.5432451
-3.025	2.025	227884148.1363259
-3.025	2.075	141071139.3224874
-3.025	2.125	195329269.8311364
-3.025	2.175	238735774.2380557
-3.025	2.225	130219513.2207576
-3.025	2.275	86813008.81383842
-3.025	2.325	108516261.017298
-3.025	2.375	97664634.91556822
-3.025	2.425	43406504.40691921
-3.025	2.475	0
-3.025	2.525	0
-3.025	2.575	0
-3.025	2.625	0
-2.975	-1.975	0
-2.975	-1.925	0
-2.975	-1.875	0
-2.975	-1.825	0
-2.975	-1.775	0
-2.975	-1.725	0
-2.975	-1.675	0
-2.975	-1.625	0
-2.975	-1.575	0
-2.975	-1.525	0
-2.975	-1.475	0
-2.975	-1.425	0
-2.975	-1.375	0
-2.975	-1.325	0
-2.975	-1.275	0
-2.975	-1.225	0
-2.975	-1.175	0
-2.975	-1.125	0
-2.975	-1.075	0
-2.975	-1.025	0
-2.975	-0.975	0
-2.975	-0.925	0
-2.975	-0.875	0
-2.975	-0.825	0
-2.975	-0.775	0
-2.975	-0.725	0
-2.975	-0.675	0
-2.975	-0.625	0
-2.975	-0.575	10851626.1017298
-2.975	-0.525	0
-2.975	-0.475	0
-2.975	-0.425	0
-2.975	-0.375	0
-2.975	-0.325	0
-2.975	-0.275	0
-2.975	-0.225	0
-2.975	-0.175	0
-2.975	-0.125	10851626.1017298
-2.975	-0.0749999999999999	10851626.1017298
-2.975	-0.0249999999999999	0
-2.975	0.0250000000000001	21703252.20345961
-2.975	0.0750000000000001	32554878.30518941
-2.975	0.125	0
-2.975	0.175	0
-2.975	0.225	0
-2.975	0.275	32554878.30518941
-2.975	0.325	10851626.1017298
-2.975	0.375	21703252.20345961
-2.975	0.425	10851626.1017298
-2.975	0.475	21703252.20345961
-2.975	0.525	43406504.40691921
-2.975	0.575	32554878.30518941
-2.975	0.625	10851626.1017298
-2.975	0.675	75961382.71210863
-2.975	0.725	54258130.50864901
-2.975	0.775	65109756.61037882
-2.975	0.825	75961382.71210863
-2.975	0.875	65109756.61037882
-2.975	0.925	119367887.1190278
-2.975	0.975	65109756.61037882
-2.975	1.025	108516261.017298
-2.975	1.075	151922765.4242173
-2.975	1.125	141071139.3224874
-2.975	1.175	217032522.0345961
-2.975	1.225	141071139.3224874
-2.975	1.275	151922765.4242173
-2.975	1.325	217032522.0345961
-2.975	1.375	271290652.5432451
-2.975	1.425	217032522.0345961
-2.975	1.475	108516261.017298
-2.975	1.525	282142278.6449749
-2.975	1.575	271290652.5432451
-2.975	1.625	217032522.0345961
-2.975	1.675	379806913.5605431
-2.975	1.725	358103661.3570835
-2.975	1.775	347252035.2553537
-2.975	1.825	401510165.7640027
-2.975	1.875	292993904.7467047
-2.975	1.925	401510165.7640027
-2.975	1.975	336400409.1536239
-2.975	2.025	325548783.0518941
-2.975	2.075	260439026.4415153
-2.975	2.125	195329269.8311364
-2.975	2.175	184477643.7294067
-2.975	2.225	119367887.1190278
-2.975	2.275	141071139.3224874
-2.975	2.325	65109756.61037882
-2.975	2.375	75961382.71210863
-2.975	2.425	32554878.30518941
-2.975	2.475	10851626.1017298
-2.975	2.525	0
-2.975	2.575	0
-2.975	2.625	0
-2.925	-1.975	0
-2.925	-1.925	0
-2.925	-1.875	0
-2.925	-1.825	0
-2.925	-1.775	0
-2.925	-1.725	0
-2.925	-1.675	0
-2.925	-1.625	0
-2.925	-1.575	0
-2.925	-1.525	0
-2.925	-1.475	0
-2.925	-1.425	0
-2.925	-1.375	0
-2.925	-1.325	0
-2.925	-1.275	0
-2.925	-1.225	0
-2.925	-1.175	0
-2.925	-1.125	0
-2.925	-1.075	0
-2.925	-1.025	0
-2.925	-0.975	0
-2.925	-0.925	0
-2.925	-0.875	0
-2.925	-0.825	0
-2.925	-0.775	0
-2.925	-0.725	0
-2.925	-0.675	0
-2.925	-0.625	0
-2.925	-0.575	0
-2.925	-0.525	0
-2.925	-0.475	0
-2.925	-0.425	0
-2.925	-0.375	0
-2.925	-0.325	21703252.20345961
-2.925	-0.275	0
-2.925	-0.225	10851626.1017298
-2.925	-0.175	0
-2.925	-0.125	0
-2.925	-0.0749999999999999	43406504.40691921
-2.925	-0.0249999999999999	0
-2.925	0.0250000000000001	10851626.1017298
-2.925	0.0750000000000001	10851626.1017298
-2.925	0.125	10851626.1017298
-2.925	0.175	0
-2.925	0.225	10851626.1017298
-2.925	0.275	21703252.20345961
-2.925	0.325	54258130.50864901
-2.925	0.375	21703252.20345961
-2.925	0.425	75961382.71210863
-2.925	0.475	10851626.1017298
-2.925	0.525	54258130.50864901
-2.925	0.575	43406504.40691921
-2.925	0.625	0
-2.925	0.675	32554878.30518941
-2.925	0.725	75961382.71210863
-2.925	0.775	97664634.91556822
-2.925	0.825	75961382.71210863
-2.925	0.875	43406504.40691921
-2.925	0.925	97664634.91556822
-2.925	0.975	86813008.81383842
-2.925	1.025	141071139.3224874
-2.925	1.075	119367887.1190278
-2.925	1.125	162774391.5259471
-2.925	1.175	130219513.2207576
-2.925	1.225	162774391.5259471
-2.925	1.275	173626017.6276768
-2.925	1.325	173626017.6276768
-2.925	1.375	97664634.91556822
-2.925	1.425	325548783.0518941
-2.925	1.475	358103661.3570835
-2.925	1.525	206180895.9328662
-2.925	1.575	249587400.3397855
-2.925	1.625	303845530.8484345
-2.925	1.675	282142278.6449749
-2.925	1.725	368955287.4588133
-2.925	1.775	423213417.9674624
-2.925	1.825	390658539.6622729
-2.925	1.875	434065044.0691921
-2.925	1.925	303845530.8484345
-2.925	1.975	325548783.0518941
-2.925	2.025	336400409.1536239
-2.925	2.075	314697156.9501643
-2.925	2.125	314697156.9501643
-2.925	2.175	227884148.1363259
-2.925	2.225	217032522.0345961
-2.925	2.275	151922765.4242173
-2.925	2.325	119367887.1190278
-2.925	2.375	65109756.61037882
-2.925	2.425	21703252.20345961
-2.925	2.475	32554878.30518941
-2.925	2.525	0
-2.925	2.575	0
-2.925	2.625	0
-2.875	-1.975	0
-2.875	-1.925	0
-2.875	-1.875	0
-2.875	-1.825	0
-2.875	-1.775	0
-2.875	-1.725	0
-2.875	-1.675	0
-2.875	-1.625	0
-2.875	-1.575	0
-2.875	-1.525	0
-2.875	-1.475	0
-2.875	-1.425	0
-2.875	-1.375	0
-2.875	-1.325	0
-2.875	-1.275	0
-2.875	-1.225	0
-2.875	-1.175	0
-2.875	-1.125	0
-2.875	-1.075	0
-2.875	-1.025	0
-2.875	-0.975	0
-2.875	-0.925	0
-2.875	-0.875	0
-2.875	-0.825	0
-2.875	-0.775	0
-2.875	-0.725	0
-2.875	-0.675	0
-2.875	-0.625	0
-2.875	-0.575	0
-2.875	-0.525	0
-2.875	-0.475	0
-2.875	-0.425	0
-2.875	-0.375	0
-2.875	-0.325	10851626.1017298
-2.875	-0.275	0
-2.875	-0.225	21703252.20345961
-2.875	-0.175	0
-2.875	-0.125	0
-2.875	-0.0749999999999999	10851626.1017298
-2.875	-0.0249999999999999	10851626.1017298
-2.875	0.0250000000000001	10851626.1017298
-2.875	0.0750000000000001	10851626.1017298
-2.875	0.125	10851626.1017298
-2.875	0.175	21703252.20345961
-2.875	0.225	43406504.40691921
-2.875	0.275	0
-2.875	0.325	54258130.50864901
-2.875	0.375	21703252.20345961
-2.875	0.425	43406504.40691921
-2.875	0.475	32554878.30518941
-2.875	0.525	32554878.30518941
-2.875	0.575	75961382.71210863
-2.875	0.625	43406504.40691921
-2.875	0.675	54258130.50864901
-2.875	0.725	65109756.61037882
-2.875	0.775	75961382.71210863
-2.875	0.825	141071139.3224874
-2.875	0.875	151922765.4242173
-2.875	0.925	130219513.2207576
-2.875	0.975	162774391.5259471
-2.875	1.025	151922765.4242173
-2.875	1.075	260439026.4415153
-2.875	1.125	292993904.7467047
-2.875	1.175	217032522.0345961
-2.875	1.225	314697156.9501643
-2.875	1.275	217032522.0345961
-2.875	1.325	314697156.9501643
-2.875	1.375	368955287.4588133
-2.875	1.425	368955287.4588133
-2.875	1.475	347252035.2553537
-2.875	1.525	358103661.3570835
-2.875	1.575	477471548.4761114
-2.875	1.625	455768296.2726517
-2.875	1.675	390658539.6622729
-2.875	1.725	510026426.7813008
-2.875	1.775	488323174.5778412
-2.875	1.825	553432931.18822
-2.875	1.875	651097566.1037883
-2.875	1.925	423213417.9674624
-2.875	1.975	401510165.7640027
-2.875	2.025	379806913.5605431
-2.875	2.075	358103661.3570835
-2.875	2.125	303845530.8484345
-2.875	2.175	271290652.5432451
-2.875	2.225	271290652.5432451
-2.875	2.275	162774391.5259471
-2.875	2.325	108516261.017298
-2.875	2.375	108516261.017298
-2.875	2.425	43406504.40691921
-2.875	2.475	32554878.30518941
-2.875	2.525	0
-2.875	2.575	0
-2.875	2.625	0
-2.825	-1.975	0
-2.825	-1.925	0
-2.825	-1.875	0
-2.825	-1.825	0
-2.825	-1.775	0
-2.825	-1.725	0
-2.825	-1.675	0
-2.825	-1.625	0
-2.825	-1.575	0
-2.825	-1.525	0
-2.825	-1.475	0
-2.825	-1.425	0
-2.825	-1.375	0
-2.825	-1.325	0
-2.825	-1.275	0
-2.825	-1.225	0
-2.825	-1.175	0
-2.825	-1.125	0
-2.825	-1.075	0
-2.825	-1.025	0
-2.825	-0.975	0
-2.825	-0.925	0
-2.825	-0.875	0
-2.825	-0.825	0
-2.825	-0.775	0
-2.825	-0.725	0
-2.825	-0.675	0
-2.825	-0.625	0
-2.825	-0.575	0
-2.825	-0.525	0
-2.825	-0.475	0
-2.825	-0.425	10851626.1017298
-2.825	-0.375	0
-2.825	-0.325	0
-2.825	-0.275	0
-2.825	-0.225	10851626.1017298
-2.825	-0.175	0
-2.825	-0.125	10851626.1017298
-2.825	-0.0749999999999999	0
-2.825	-0.0249999999999999	0
-2.825	0.0250000000000001	0
-2.825	0.0750000000000001	0
-2.825	0.125	10851626.1017298
-2.825	0.175	21703252.20345961
-2.825	0.225	32554878.30518941
-2.825	0.275	43406504.40691921
-2.825	0.325	21703252.20345961
-2.825	0.375	43406504.40691921
-2.825	0.425	43406504.40691921
-2.825	0.475	54258130.50864901
-2.825	0.525	65109756.61037882
-2.825	0.575	65109756.61037882
-2.825	0.625	86813008.81383842
-2.825	0.675	54258130.50864901
-2.825	0.725	119367887.1190278
-2.825	0.775	97664634.91556822
-2.825	0.825	141071139.3224874
-2.825	0.875	151922765.4242173
-2.825	0.925	75961382.71210863
-2.825	0.975	227884148.1363259
-2.825	1.025	238735774.2380557
-2.825	1.075	206180895.9328662
-2.825	1.125	249587400.3397855
-2.825	1.175	401510165.7640027
-2.825	1.225	455768296.2726517
-2.825	1.275	249587400.3397855
-2.825	1.325	303845530.8484345
-2.825	1.375	390658539.6622729
-2.825	1.425	455768296.2726517
-2.825	1.475	412361791.8657325
-2.825	1.525	531729678.9847604
-2.825	1.575	510026426.7813008
-2.825	1.625	553432931.18822
-2.825	1.675	542581305.0864902
-2.825	1.725	640245940.0020584
-2.825	1.775	683652444.4089776
-2.825	1.825	672800818.3072478
-2.825	1.875	651097566.1037883
-2.825	1.925	607691061.696869
-2.825	1.975	542581305.0864902
-2.825	2.025	499174800.6795709
-2.825	2.075	423213417.9674624
-2.825	2.125	412361791.8657325
-2.825	2.175	282142278.6449749
-2.825	2.225	314697156.9501643
-2.825	2.275	260439026.4415153
-2.825	2.325	162774391.5259471
-2.825	2.375	65109756.61037882
-2.825	2.425	86813008.81383842
-2.825	2.475	0
-2.825	2.525	0
-2.825	2.575	0
-2.825	2.625	0
-2.775	-1.975	0
-2.775	-1.925	0
-2.775	-1.875	0
-2.775	-1.825	0
-2.775	-1.775	0
-2.775	-1.725	0
-2.775	-1.675	0
-2.775	-1.625	0
-2.775	-1.575	0
-2.775	-1.525	0
-2.775	-1.475	0
-2.775	-1.425	0
-2.775	-1.375	0
-2.775	-1.325	0
-2.775	-1.275	0
-2.775	-1.225	0
-2.775	-1.175	0
-2.775	-1.125	0
-2.775	-1.075	0
-2.775	-1.025	0
-2.775	-0.975	0
-2.775	-0.925	0
-2.775	-0.875	10851626.1017298
-2.775	-0.825	0
-2.775	-0.775	0
-2.775	-0.725	0
-2.775	-0.675	0
-2.775	-0.625	0
-2.775	-0.575	10851626.1017298
-2.775	-0.525	0
-2.775	-0.475	0
-2.775	-0.425	0
-2.775	-0.375	0
-2.775	-0.325	0
-2.775	-0.275	0
-2.775	-0.225	0
-2.775	-0.175	10851626.1017298
-2.775	-0.125	0
-2.775	-0.0749999999999999	32554878.30518941
-2.775	-0.0249999999999999	10851626.1017298
-2.775	0.0250000000000001	21703252.20345961
-2.775	0.0750000000000001	32554878.30518941
-2.775	0.125	32554878.30518941
-2.775	0.175	21703252.20345961
-2.775	0.225	21703252.20345961
-2.775	0.275	32554878.30518941
-2.775	0.325	21703252.20345961
-2.775	0.375	21703252.20345961
-2.775	0.425	43406504.40691921
-2.775	0.475	75961382.71210863
-2.775	0.525	54258130.50864901
-2.775	0.575	32554878.30518941
-2.775	0.625	119367887.1190278
-2.775	0.675	141071139.3224874
-2.775	0.725	86813008.81383842
-2.775	0.775	108516261.017298
-2.775	0.825	130219513.2207576
-2.775	0.875	108516261.017298
-2.775	0.925	162774391.5259471
-2.775	0.975	238735774.2380557
-2.775	1.025	227884148.1363259
-2.775	1.075	336400409.1536239
-2.775	1.125	292993904.7467047
-2.775	1.175	336400409.1536239
-2.775	1.225	379806913.5605431
-2.775	1.275	510026426.7813008
-2.775	1.325	455768296.2726517
-2.775	1.375	423213417.9674624
-2.775	1.425	716207322.714167
-2.775	1.475	607691061.696869
-2.775	1.525	629394313.9003286
-2.775	1.575	683652444.4089776
-2.775	1.625	770465453.2228161
-2.775	1.675	716207322.714167
-2.775	1.725	716207322.714167
-2.775	1.775	651097566.1037883
-2.775	1.825	748762201.0193564
-2.775	1.875	813871957.6297354
-2.775	1.925	651097566.1037883
-2.775	1.975	618542687.7985989
-2.775	2.025	520878052.8830305
-2.775	2.075	553432931.18822
-2.775	2.125	314697156.9501643
-2.775	2.175	303845530.8484345
-2.775	2.225	249587400.3397855
-2.775	2.275	173626017.6276768
-2.775	2.325	108516261.017298
-2.775	2.375	86813008.81383842
-2.775	2.425	86813008.81383842
-2.775	2.475	43406504.40691921
-2.775	2.525	0
-2.775	2.575	0
-2.775	2.625	0
-2.725	-1.975	0
-2.725	-1.925	0
-2.725	-1.875	0
-2.725	-1.825	0
-2.725	-1.775	0
-2.725	-1.725	0
-2.725	-1.675	0
-2.725	-1.625	0
-2.725	-1.575	0
-2.725	-1.525	0
-2.725	-1.475	0
-2.725	-1.425	0
-2.725	-1.375	0
-2.725	-1.325	0
-2.725	-1.275	0
-2.725	-1.225	0
-2.725	-1.175	0
-2.725	-1.125	0
-2.725	-1.075	0
-2.725	-1.025	0
-2.725	-0.975	0
-2.725	-0.925	0
-2.725	-0.875	0
-2.725	-0.825	0
-2.725	-0.775	0
-2.725	-0.725	0
-2.725	-0.675	0
-2.725	-0.625	0
-2.725	-0.575	0
-2.725	-0.525	0
-2.725	-0.475	10851626.1017298
-2.725	-0.425	0
-2.725	-0.375	10851626.1017298
-2.725	-0.325	21703252.20345961
-2.725	-0.275	32554878.30518941
-2.725	-0.225	10851626.1017298
-2.725	-0.175	32554878.30518941
-2.725	-0.125	0
-2.725	-0.0749999999999999	10851626.1017298
-2.725	-0.0249999999999999	32554878.30518941
-2.725	0.0250000000000001	21703252.20345961
-2.725	0.0750000000000001	0
-2.725	0.125	54258130.50864901
-2.725	0.175	10851626.1017298
-2.725	0.225	43406504.40691921
-2.725	0.275	65109756.61037882
-2.725	0.325	65109756.61037882
-2.725	0.375	54258130.50864901
-2.725	0.425	97664634.91556822
-2.725	0.475	141071139.3224874
-2.725	0.525	97664634.91556822
-2.725	0.575	32554878.30518941
-2.725	0.625	54258130.50864901
-2.725	0.675	173626017.6276768
-2.725	0.725	141071139.3224874
-2.725	0.775	238735774.2380557
-2.725	0.825	184477643.7294067
-2.725	0.875	271290652.5432451
-2.725	0.925	162774391.5259471
-2.725	0.975	217032522.0345961
-2.725	1.025	379806913.5605431
-2.725	1.075	347252035.2553537
-2.725	1.125	423213417.9674624
-2.725	1.175	390658539.6622729
-2.725	1.225	618542687.7985989
-2.725	1.275	368955287.4588133
-2.725	1.325	488323174.5778412
-2.725	1.375	640245940.0020584
-2.725	1.425	727058948.8158969
-2.725	1.475	618542687.7985989
-2.725	1.525	737910574.9176266
-2.725	1.575	737910574.9176266
-2.725	1.625	694504070.5107074
-2.725	1.675	900684966.4435737
-2.725	1.725	933239844.7487631
-2.725	1.775	900684966.4435737
-2.725	1.825	1150272366.783359
-2.725	1.875	846426835.9349247
-2.725	1.925	835575209.8331949
-2.725	1.975	835575209.8331949
-2.725	2.025	900684966.4435737
-2.725	2.075	694504070.5107074
-2.725	2.125	585987809.4934094
-2.725	2.175	412361791.8657325
-2.725	2.225	401510165.7640027
-2.725	2.275	282142278.6449749
-2.725	2.325	119367887.1190278
-2.725	2.375	130219513.2207576
-2.725	2.425	97664634.91556822
-2.725	2.475	10851626.1017298
-2.725	2.525	0
-2.725	2.575	0
-2.725	2.625	0
-2.675	-1.975	0
-2.675	-1.925	0
-2.675	-1.875	0
-2.675	-1.825	0
-2.675	-1.775	0
-2.675	-1.725	0
-2.675	-1.675	0
-2.675	-1.625	0
-2.675	-1.575	0
-2.675	-1.525	0
-2.675	-1.475	0
-2.675	-1.425	0
-2.675	-1.375	0
-2.675	-1.325	0
-2.675	-1.275	0
-2.675	-1.225	0
-2.675	-1.175	0
-2.675	-1.125	0
-2.675	-1.075	0
-2.675	-1.025	0
-2.675	-0.975	0
-2.675	-0.925	0
-2.675	-0.875	0
-2.675	-0.825	0
-2.675	-0.775	0
-2.675	-0.725	0
-2.675	-0.675	0
-2.675	-0.625	0
-2.675	-0.575	0
-2.675	-0.525	0
-2.675	-0.475	0
-2.675	-0.425	0
-2.675	-0.375	10851626.1017298
-2.675	-0.325	0
-2.675	-0.275	0
-2.675	-0.225	21703252.20345961
-2.675	-0.175	10851626.1017298
-2.675	-0.125	21703252.20345961
-2.675	-0.0749999999999999	10851626.1017298
-2.675	-0.0249999999999999	21703252.20345961
-2.675	0.0250000000000001	10851626.1017298
-2.675	0.0750000000000001	32554878.30518941
-2.675	0.125	75961382.71210863
-2.675	0.175	32554878.30518941
-2.675	0.225	32554878.30518941
-2.675	0.275	65109756.61037882
-2.675	0.325	54258130.50864901
-2.675	0.375	108516261.017298
-2.675	0.425	65109756.61037882
-2.675	0.475	97664634.91556822
-2.675	0.525	119367887.1190278
-2.675	0.575	151922765.4242173
-2.675	0.625	130219513.2207576
-2.675	0.675	119367887.1190278
-2.675	0.725	162774391.5259471
-2.675	0.775	227884148.1363259
-2.675	0.825	238735774.2380557
-2.675	0.875	195329269.8311364
-2.675	0.925	271290652.5432451
-2.675	0.975	217032522.0345961
-2.675	1.025	336400409.1536239
-2.675	1.075	347252035.2553537
-2.675	1.125	444916670.170922
-2.675	1.175	510026426.7813008
-2.675	1.225	531729678.9847604
-2.675	1.275	661949192.205518
-2.675	1.325	716207322.714167
-2.675	1.375	813871957.6297354
-2.675	1.425	846426835.9349247
-2.675	1.475	824723583.731465
-2.675	1.525	835575209.8331949
-2.675	1.575	1041756105.766061
-2.675	1.625	835575209.8331949
-2.675	1.675	1291343506.105847
-2.675	1.725	1161123992.885089
-2.675	1.775	1334750010.512766
-2.675	1.825	933239844.7487631
-2.675	1.875	1009201227.460872
-2.675	1.925	933239844.7487631
-2.675	1.975	998349601.3591418
-2.675	2.025	987497975.2574122
-2.675	2.075	705355696.6124371
-2.675	2.125	542581305.0864902
-2.675	2.175	564284557.2899498
-2.675	2.225	444916670.170922
-2.675	2.275	336400409.1536239
-2.675	2.325	119367887.1190278
-2.675	2.375	151922765.4242173
-2.675	2.425	108516261.017298
-2.675	2.475	21703252.20345961
-2.675	2.525	0
-2.675	2.575	0
-2.675	2.625	0
-2.625	-1.975	0
-2.625	-1.925	0
-2.625	-1.875	0
-2.625	-1.825	0
-2.625	-1.775	0
-2.625	-1.725	0
-2.625	-1.675	0
-2.625	-1.625	0
-2.625	-1.575	0
-2.625	-1.525	0
-2.625	-1.475	0
-2.625	-1.425	0
-2.625	-1.375	0
-2.625	-1.325	0
-2.625	-1.275	0
-2.625	-1.225	0
-2.625	-1.175	0
-2.625	-1.125	0
-2.625	-1.075	0
-2.625	-1.025	0
-2.625	-0.975	0
-2.625	-0.925	0
-2.625	-0.875	0
-2.625	-0.825	10851626.1017298
-2.625	-0.775	0
-2.625	-0.725	10851626.1017298
-2.625	-0.675	0
-2.625	-0.625	10851626.1017298
-2.625	-0.575	0
-2.625	-0.525	10851626.1017298
-2.625	-0.475	0
-2.625	-0.425	21703252.20345961
-2.625	-0.375	10851626.1017298
-2.625	-0.325	43406504.40691921
-2.625	-0.275	10851626.1017298
-2.625	-0.225	21703252.20345961
-2.625	-0.175	10851626.1017298
-2.625	-0.125	54258130.50864901
-2.625	-0.0749999999999999	21703252.20345961
-2.625	-0.0249999999999999	43406504.40691921
-2.625	0.0250000000000001	21703252.20345961
-2.625	0.0750000000000001	32554878.30518941
-2.625	0.125	75961382.71210863
-2.625	0.175	21703252.20345961
-2.625	0.225	54258130.50864901
-2.625	0.275	119367887.1190278
-2.625	0.325	86813008.81383842
-2.625	0.375	43406504.40691921
-2.625	0.425	119367887.1190278
-2.625	0.475	97664634.91556822
-2.625	0.525	151922765.4242173
-2.625	0.575	162774391.5259471
-2.625	0.625	195329269.8311364
-2.625	0.675	162774391.5259471
-2.625	0.725	282142278.6449749
-2.625	0.775	325548783.0518941
-2.625	0.825	282142278.6449749
-2.625	0.875	368955287.4588133
-2.625	0.925	368955287.4588133
-2.625	0.975	444916670.170922
-2.625	1.025	466619922.3743815
-2.625	1.075	629394313.9003286
-2.625	1.125	444916670.170922
-2.625	1.175	803020331.5280055
-2.625	1.225	737910574.9176266
-2.625	1.275	868130088.1383842
-2.625	1.325	1020052853.562602
-2.625	1.375	1063459357.969521
-2.625	1.425	965794723.0539525
-2.625	1.475	1171975618.986819
-2.625	1.525	1356453262.716225
-2.625	1.575	1291343506.105847
-2.625	1.625	1226233749.495468
-2.625	1.675	1204530497.292008
-2.625	1.725	1378156514.919685
-2.625	1.775	1334750010.512766
-2.625	1.825	1334750010.512766
-2.625	1.875	1454117897.631794
-2.625	1.925	1215382123.393738
-2.625	1.975	1280491880.004117
-2.625	2.025	954943096.9522227
-2.625	2.075	857278462.0366545
-2.625	2.125	727058948.8158969
-2.625	2.175	813871957.6297354
-2.625	2.225	434065044.0691921
-2.625	2.275	314697156.9501643
-2.625	2.325	238735774.2380557
-2.625	2.375	130219513.2207576
-2.625	2.425	43406504.40691921
-2.625	2.475	21703252.20345961
-2.625	2.525	32554878.30518941
-2.625	2.575	0
-2.625	2.625	0
-2.575	-1.975	0
-2.575	-1.925	0
-2.575	-1.875	0
-2.575	-1.825	0
-2.575	-1.775	0
-2.575	-1.725	0
-2.575	-1.675	0
-2.575	-1.625	0
-2.575	-1.575	0
-2.575	-1.525	0
-2.575	-1.475	0
-2.575	-1.425	0
-2.575	-1.375	0
-2.575	-1.325	0
-2.575	-1.275	0
-2.575	-1.225	0
-2.575	-1.175	0
-2.575	-1.125	0
-2.575	-1.075	0
-2.575	-1.025	0
-2.575	-0.975	0
-2.575	-0.925	0
-2.575	-0.875	0
-2.575	-0.825	0
-2.575	-0.775	0
-2.575	-0.725	0
-2.575	-0.675	0
-2.575	-0.625	0
-2.575	-0.575	0
-2.575	-0.525	10851626.1017298
-2.575	-0.475	10851626.1017298
-2.575	-0.425	0
-2.575	-0.375	32554878.30518941
-2.575	-0.325	10851626.1017298
-2.575	-0.275	10851626.1017298
-2.575	-0.225	0
-2.575	-0.175	54258130.50864901
-2.575	-0.125	54258130.50864901
-2.575	-0.0749999999999999	32554878.30518941
-2.575	-0.0249999999999999	65109756.61037882
-2.575	0.0250000000000001	65109756.61037882
-2.575	0.0750000000000001	108516261.017298
-2.575	0.125	54258130.50864901
-2.575	0.175	108516261.017298
-2.575	0.225	65109756.61037882
-2.575	0.275	108516261.017298
-2.575	0.325	97664634.91556822
-2.575	0.375	130219513.2207576
-2.575	0.425	162774391.5259471
-2.575	0.475	173626017.6276768
-2.575	0.525	238735774.2380557
-2.575	0.575	249587400.3397855
-2.575	0.625	260439026.4415153
-2.575	0.675	249587400.3397855
-2.575	0.725	238735774.2380557
-2.575	0.775	325548783.0518941
-2.575	0.825	347252035.2553537
-2.575	0.875	401510165.7640027
-2.575	0.925	401510165.7640027
-2.575	0.975	477471548.4761114
-2.575	1.025	651097566.1037883
-2.575	1.075	553432931.18822
-2.575	1.125	748762201.0193564
-2.575	1.175	965794723.0539525
-2.575	1.225	965794723.0539525
-2.575	1.275	1139420740.681629
-2.575	1.325	1182827245.088549
-2.575	1.375	1226233749.495468
-2.575	1.425	1204530497.292008
-2.575	1.475	1519227654.242172
-2.575	1.525	1454117897.631794
-2.575	1.575	1345601636.614496
-2.575	1.625	1638595541.3612
-2.575	1.675	1475821149.835253
-2.575	1.725	1790518306.785418
-2.575	1.775	1345601636.614496
-2.575	1.825	1747111802.378499
-2.575	1.875	1530079280.343902
-2.575	1.925	1530079280.343902
-2.575	1.975	1226233749.495468
-2.575	2.025	1367304888.817955
-2.575	2.075	1204530497.292008
-2.575	2.125	835575209.8331949
-2.575	2.175	727058948.8158969
-2.575	2.225	412361791.8657325
-2.575	2.275	347252035.2553537
-2.575	2.325	195329269.8311364
-2.575	2.375	108516261.017298
-2.575	2.425	86813008.81383842
-2.575	2.475	21703252.20345961
-2.575	2.525	0
-2.575	2.575	0
-2.575	2.625	0
-2.525	-1.975	0
-2.525	-1.925	0
-2.525	-1.875	0
-2.525	-1.825	0
-2.525	-1.775	0
-2.525	-1.725	0
-2.525	-1.675	0
-2.525	-1.625	0
-2.525	-1.575	0
-2.525	-1.525	0
-2.525	-1.475	0
-2.525	-1.425	0
-2.525	-1.375	0
-2.525	-1.325	0
-2.525	-1.275	0
-2.525	-1.225	10851626.1017298
-2.525	-1.175	0
-2.525	-1.125	0
-2.525	-1.075	0
-2.525	-1.025	0
-2.525	-0.975	0
-2.525	-0.925	0
-2.525	-0.875	0
-2.525	-0.825	10851626.1017298
-2.525	-0.775	0
-2.525	-0.725	0
-2.525	-0.675	0
-2.525	-0.625	0
-2.525	-0.575	0
-2.525	-0.525	21703252.20345961
-2.525	-0.475	10851626.1017298
-2.525	-0.425	0
-2.525	-0.375	21703252.20345961
-2.525	-0.325	10851626.1017298
-2.525	-0.275	21703252.20345961
-2.525	-0.225	21703252.20345961
-2.525	-0.175	43406504.40691921
-2.525	-0.125	54258130.50864901
-2.525	-0.0749999999999999	32554878.30518941
-2.525	-0.0249999999999999	43406504.40691921
-2.525	0.0250000000000001	21703252.20345961
-2.525	0.0750000000000001	86813008.81383842
-2.525	0.125	97664634.91556822
-2.525	0.175	86813008.81383842
-2.525	0.225	86813008.81383842
-2.525	0.275	151922765.4242173
-2.525	0.325	130219513.2207576
-2.525	0.375	195329269.8311364
-2.525	0.425	141071139.3224874
-2.525	0.475	217032522.0345961
-2.525	0.525	303845530.8484345
-2.525	0.575	358103661.3570835
-2.525	0.625	249587400.3397855
-2.525	0.675	368955287.4588133
-2.525	0.725	368955287.4588133
-2.525	0.775	488323174.5778412
-2.525	0.825	585987809.4934094
-2.525	0.875	651097566.1037883
-2.525	0.925	672800818.3072478
-2.525	0.975	759613827.1210862
-2.525	1.025	824723583.731465
-2.525	1.075	770465453.2228161
-2.525	1.125	868130088.1383842
-2.525	1.175	1215382123.393738
-2.525	1.225	1237085375.597198
-2.525	1.275	1334750010.512766
-2.525	1.325	1486672775.936983
-2.525	1.375	1454117897.631794
-2.525	1.425	1736260176.276768
-2.525	1.475	1823073185.090607
-2.525	1.525	1823073185.090607
-2.525	1.575	2040105707.125203
-2.525	1.625	1920737820.006175
-2.525	1.675	1736260176.276768
-2.525	1.725	1888182941.700986
-2.525	1.775	1736260176.276768
-2.525	1.825	2159473594.244231
-2.525	1.875	1877331315.599256
-2.525	1.925	1389008141.021415
-2.525	1.975	1323898384.411036
-2.525	2.025	1356453262.716225
-2.525	2.075	1226233749.495468
-2.525	2.125	1020052853.562602
-2.525	2.175	781317079.3245457
-2.525	2.225	585987809.4934094
-2.525	2.275	412361791.8657325
-2.525	2.325	151922765.4242173
-2.525	2.375	130219513.2207576
-2.525	2.425	32554878.30518941
-2.525	2.475	21703252.20345961
-2.525	2.525	10851626.1017298
-2.525	2.575	0
-2.525	2.625	0
-2.475	-1.975	0
-2.475	-1.925	0
-2.475	-1.875	0
-2.475	-1.825	0
-2.475	-1.775	0
-2.475	-1.725	0
-2.475	-1.675	0
-2.475	-1.625	0
-2.475	-1.575	0
-2.475	-1.525	0
-2.475	-1.475	0
-2.475	-1.425	0
-2.475	-1.375	0
-2.475	-1.325	0
-2.475	-1.275	10851626.1017298
-2.475	-1.225	0
-2.475	-1.175	0
-2.475	-1.125	0
-2.475	-1.075	0
-2.475	-1.025	0
-2.475	-0.975	0
-2.475	-0.925	0
-2.475	-0.875	0
-2.475	-0.825	10851626.1017298
-2.475	-0.775	10851626.1017298
-2.475	-0.725	10851626.1017298
-2.475	-0.675	43406504.40691921
-2.475	-0.625	0
-2.475	-0.575	10851626.1017298
-2.475	-0.525	0
-2.475	-0.475	0
-2.475	-0.425	21703252.20345961
-2.475	-0.375	10851626.1017298
-2.475	-0.325	21703252.20345961
-2.475	-0.275	65109756.61037882
-2.475	-0.225	21703252.20345961
-2.475	-0.175	54258130.50864901
-2.475	-0.125	65109756.61037882
-2.475	-0.0749999999999999	21703252.20345961
-2.475	-0.0249999999999999	54258130.50864901
-2.475	0.0250000000000001	54258130.50864901
-2.475	0.0750000000000001	86813008.81383842
-2.475	0.125	119367887.1190278
-2.475	0.175	75961382.71210863
-2.475	0.225	75961382.71210863
-2.475	0.275	86813008.81383842
-2.475	0.325	162774391.5259471
-2.475	0.375	130219513.2207576
-2.475	0.425	238735774.2380557
-2.475	0.475	282142278.6449749
-2.475	0.525	314697156.9501643
-2.475	0.575	325548783.0518941
-2.475	0.625	401510165.7640027
-2.475	0.675	444916670.170922
-2.475	0.725	379806913.5605431
-2.475	0.775	575136183.3916796
-2.475	0.825	575136183.3916796
-2.475	0.875	607691061.696869
-2.475	0.925	803020331.5280055
-2.475	0.975	954943096.9522227
-2.475	1.025	792168705.4262756
-2.475	1.075	998349601.3591418
-2.475	1.125	1106865862.37644
-2.475	1.175	1215382123.393738
-2.475	1.225	1389008141.021415
-2.475	1.275	1638595541.3612
-2.475	1.325	1855628063.395796
-2.475	1.375	1660298793.56466
-2.475	1.425	1985847576.616554
-2.475	1.475	2224583350.854609
-2.475	1.525	1996699202.718284
-2.475	1.575	2213731724.75288
-2.475	1.625	2213731724.75288
-2.475	1.675	3005900430.179156
-2.475	1.725	2398209368.482286
-2.475	1.775	2365654490.177097
-2.475	1.825	2137770342.040771
-2.475	1.875	2116067089.837312
-2.475	1.925	2029254081.023473
-2.475	1.975	1682002045.76812
-2.475	2.025	1323898384.411036
-2.475	2.075	1280491880.004117
-2.475	2.125	976646349.1556823
-2.475	2.175	857278462.0366545
-2.475	2.225	585987809.4934094
-2.475	2.275	238735774.2380557
-2.475	2.325	206180895.9328662
-2.475	2.375	162774391.5259471
-2.475	2.425	75961382.71210863
-2.475	2.475	10851626.1017298
-2.475	2.525	0
-2.475	2.575	0
-2.475	2.625	0
-2.425	-1.975	0
-2.425	-1.925	0
-2.425	-1.875	0
-2.425	-1.825	0
-2.425	-1.775	0
-2.425	-1.725	0
-2.425	-1.675	0
-2.425	-1.625	0
-2.425	-1.575	0
-2.425	-1.525	0
-2.425	-1.475	0
-2.425	-1.425	0
-2.425	-1.375	0
-2.425	-1.325	0
-2.425	-1.275	0
-2.425	-1.225	0
-2.425	-1.175	0
-2.425	-1.125	0
-2.425	-1.075	0
-2.425	-1.025	0
-2.425	-0.975	0
-2.425	-0.925	0
-2.425	-0.875	0
-2.425	-0.825	0
-2.425	-0.775	10851626.1017298
-2.425	-0.725	10851626.1017298
-2.425	-0.675	0
-2.425	-0.625	21703252.20345961
-2.425	-0.575	10851626.1017298
-2.425	-0.525	10851626.1017298
-2.425	-0.475	21703252.20345961
-2.425	-0.425	21703252.20345961
-2.425	-0.375	21703252.20345961
-2.425	-0.325	10851626.1017298
-2.425	-0.275	43406504.40691921
-2.425	-0.225	21703252.20345961
-2.425	-0.175	10851626.1017298
-2.425	-0.125	75961382.71210863
-2.425	-0.0749999999999999	97664634.91556822
-2.425	-0.0249999999999999	97664634.91556822
-2.425	0.0250000000000001	86813008.81383842
-2.425	0.0750000000000001	108516261.017298
-2.425	0.125	184477643.7294067
-2.425	0.175	141071139.3224874
-2.425	0.225	249587400.3397855
-2.425	0.275	217032522.0345961
-2.425	0.325	238735774.2380557
-2.425	0.375	336400409.1536239
-2.425	0.425	249587400.3397855
-2.425	0.475	292993904.7467047
-2.425	0.525	336400409.1536239
-2.425	0.575	347252035.2553537
-2.425	0.625	390658539.6622729
-2.425	0.675	564284557.2899498
-2.425	0.725	770465453.2228161
-2.425	0.775	705355696.6124371
-2.425	0.825	770465453.2228161
-2.425	0.875	792168705.4262756
-2.425	0.925	933239844.7487631
-2.425	0.975	857278462.0366545
-2.425	1.025	933239844.7487631
-2.425	1.075	1280491880.004117
-2.425	1.125	1833924811.192337
-2.425	1.175	1931589446.107905
-2.425	1.225	1866479689.497526
-2.425	1.275	2029254081.023473
-2.425	1.325	2116067089.837312
-2.425	1.375	2495874003.397855
-2.425	1.425	2571835386.109963
-2.425	1.475	2604390264.415153
-2.425	1.525	2560983760.008234
-2.425	1.575	2962493925.772236
-2.425	1.625	2560983760.008234
-2.425	1.675	2767164655.9411
-2.425	1.725	2984197177.975696
-2.425	1.775	2756313029.83937
-2.425	1.825	2528428881.703044
-2.425	1.875	2267989855.261529
-2.425	1.925	2192028472.54942
-2.425	1.975	1964144324.413094
-2.425	2.025	1714556924.073309
-2.425	2.075	1464969523.733523
-2.425	2.125	1020052853.562602
-2.425	2.175	813871957.6297354
-2.425	2.225	661949192.205518
-2.425	2.275	292993904.7467047
-2.425	2.325	227884148.1363259
-2.425	2.375	65109756.61037882
-2.425	2.425	10851626.1017298
-2.425	2.475	0
-2.425	2.525	0
-2.425	2.575	0
-2.425	2.625	0
-2.375	-1.975	0
-2.375	-1.925	0
-2.375	-1.875	0
-2.375	-1.825	0
-2.375	-1.775	0
-2.375	-1.725	0
-2.375	-1.675	0
-2.375	-1.625	0
-2.375	-1.575	0
-2.375	-1.525	0
-2.375	-1.475	0
-2.375	-1.425	0
-2.375	-1.375	0
-2.375	-1.325	0
-2.375	-1.275	0
-2.375	-1.225	0
-2.375	-1.175	0
-2.375	-1.125	0
-2.375	-1.075	0
-2.375	-1.025	0
-2.375	-0.975	0
-2.375	-0.925	0
-2.375	-0.875	0
-2.375	-0.825	10851626.1017298
-2.375	-0.775	10851626.1017298
-2.375	-0.725	0
-2.375	-0.675	0
-2.375	-0.625	0
-2.375	-0.575	21703252.20345961
-2.375	-0.525	21703252.20345961
-2.375	-0.475	43406504.40691921
-2.375	-0.425	32554878.30518941
-2.375	-0.375	10851626.1017298
-2.375	-0.325	43406504.40691921
-2.375	-0.275	65109756.61037882
-2.375	-0.225	65109756.61037882
-2.375	-0.175	97664634.91556822
-2.375	-0.125	86813008.81383842
-2.375	-0.0749999999999999	97664634.91556822
-2.375	-0.0249999999999999	75961382.71210863
-2.375	0.0250000000000001	75961382.71210863
-2.375	0.0750000000000001	108516261.017298
-2.375	0.125	162774391.5259471
-2.375	0.175	217032522.0345961
-2.375	0.225	238735774.2380557
-2.375	0.275	206180895.9328662
-2.375	0.325	347252035.2553537
-2.375	0.375	249587400.3397855
-2.375	0.425	390658539.6622729
-2.375	0.475	466619922.3743815
-2.375	0.525	379806913.5605431
-2.375	0.575	661949192.205518
-2.375	0.625	488323174.5778412
-2.375	0.675	531729678.9847604
-2.375	0.725	694504070.5107074
-2.375	0.775	878981714.2401141
-2.375	0.825	824723583.731465
-2.375	0.875	1052607731.867791
-2.375	0.925	1182827245.088549
-2.375	0.975	1291343506.105847
-2.375	1.025	1519227654.242172
-2.375	1.075	1757963428.480228
-2.375	1.125	1779666680.683688
-2.375	1.175	2137770342.040771
-2.375	1.225	2181176846.44769
-2.375	1.275	2354802864.075367
-2.375	1.325	2669500021.025532
-2.375	1.375	2712906525.432451
-2.375	1.425	3146971569.501643
-2.375	1.475	3081861812.891264
-2.375	1.525	3439965474.248347
-2.375	1.575	3016752056.280886
-2.375	1.625	3689552874.588133
-2.375	1.675	3526778483.062186
-2.375	1.725	3331449213.23105
-2.375	1.775	3407410595.943158
-2.375	1.825	3092713438.992994
-2.375	1.875	2712906525.432451
-2.375	1.925	2539280507.804774
-2.375	1.975	1996699202.718284
-2.375	2.025	1584337410.852551
-2.375	2.075	1389008141.021415
-2.375	2.125	900684966.4435737
-2.375	2.175	705355696.6124371
-2.375	2.225	499174800.6795709
-2.375	2.275	292993904.7467047
-2.375	2.325	141071139.3224874
-2.375	2.375	10851626.1017298
-2.375	2.425	21703252.20345961
-2.375	2.475	10851626.1017298
-2.375	2.525	0
-2.375	2.575	0
-2.375	2.625	0
-2.325	-1.975	0
-2.325	-1.925	0
-2.325	-1.875	0
-2.325	-1.825	0
-2.325	-1.775	0
-2.325	-1.725	0
-2.325	-1.675	0
-2.325	-1.625	0
-2.325	-1.575	0
-2.325	-1.525	0
-2.325	-1.475	0
-2.325	-1.425	0
-2.325	-1.375	0
-2.325	-1.325	0
-2.325	-1.275	0
-2.325	-1.225	0
-2.325	-1.175	0
-2.325	-1.125	0
-2.325	-1.075	0
-2.325	-1.025	0
-2.325	-0.975	0
-2.325	-0.925	0
-2.325	-0.875	0
-2.325	-0.825	10851626.1017298
-2.325	-0.775	10851626.1017298
-2.325	-0.725	0
-2.325	-0.675	32554878.30518941
-2.325	-0.625	21703252.20345961
-2.325	-0.575	10851626.1017298
-2.325	-0.525	10851626.1017298
-2.325	-0.475	43406504.40691921
-2.325	-0.425	0
-2.325	-0.375	86813008.81383842
-2.325	-0.325	54258130.50864901
-2.325	-0.275	43406504.40691921
-2.325	-0.225	43406504.40691921
-2.325	-0.175	119367887.1190278
-2.325	-0.125	86813008.81383842
-2.325	-0.0749999999999999	130219513.2207576
-2.325	-0.0249999999999999	184477643.7294067
-2.325	0.0250000000000001	108516261.017298
-2.325	0.0750000000000001	86813008.81383842
-2.325	0.125	195329269.8311364
-2.325	0.175	282142278.6449749
-2.325	0.225	217032522.0345961
-2.325	0.275	325548783.0518941
-2.325	0.325	444916670.170922
-2.325	0.375	347252035.2553537
-2.325	0.425	434065044.0691921
-2.325	0.475	347252035.2553537
-2.325	0.525	499174800.6795709
-2.325	0.575	607691061.696869
-2.325	0.625	878981714.2401141
-2.325	0.675	868130088.1383842
-2.325	0.725	1063459357.969521
-2.325	0.775	1085162610.17298
-2.325	0.825	1237085375.597198
-2.325	0.875	1226233749.495468
-2.325	0.925	1258788627.800657
-2.325	0.975	1768815054.581958
-2.325	1.025	1866479689.497526
-2.325	1.075	2029254081.023473
-2.325	1.125	2593538638.313423
-2.325	1.175	2485022377.296125
-2.325	1.225	2929939047.467047
-2.325	1.275	2962493925.772236
-2.325	1.325	3146971569.501643
-2.325	1.375	3179526447.806832
-2.325	1.425	3646146370.181214
-2.325	1.475	3884882144.41927
-2.325	1.525	3906585396.622729
-2.325	1.575	4318947188.488461
-2.325	1.625	4167024423.064244
-2.325	1.675	4134469544.759055
-2.325	1.725	4091063040.352136
-2.325	1.775	3624443117.977755
-2.325	1.825	3559333361.367376
-2.325	1.875	2875680916.958398
-2.325	1.925	2864829290.856668
-2.325	1.975	2029254081.023473
-2.325	2.025	1638595541.3612
-2.325	2.075	1302195132.207577
-2.325	2.125	1063459357.969521
-2.325	2.175	661949192.205518
-2.325	2.225	347252035.2553537
-2.325	2.275	282142278.6449749
-2.325	2.325	162774391.5259471
-2.325	2.375	86813008.81383842
-2.325	2.425	10851626.1017298
-2.325	2.475	10851626.1017298
-2.325	2.525	0
-2.325	2.575	0
-2.325	2.625	0
-2.275	-1.975	0
-2.275	-1.925	0
-2.275	-1.875	0
-2.275	-1.825	0
-2.275	-1.775	0
-2.275	-1.725	0
-2.275	-1.675	0
-2.275	-1.625	0
-2.275	-1.575	0
-2.275	-1.525	0
-2.275	-1.475	0
-2.275	-1.425	0
-2.275	-1.375	0
-2.275	-1.325	0
-2.275	-1.275	0
-2.275	-1.225	0
-2.275	-1.175	0
-2.275	-1.125	0
-2.275	-1.075	0
-2.275	-1.025	0
-2.275	-0.975	0
-2.275	-0.925	0
-2.275	-0.875	21703252.20345961
-2.275	-0.825	0
-2.275	-0.775	0
-2.275	-0.725	10851626.1017298
-2.275	-0.675	10851626.1017298
-2.275	-0.625	21703252.20345961
-2.275	-0.575	32554878.30518941
-2.275	-0.525	43406504.40691921
-2.275	-0.475	32554878.30518941
-2.275	-0.425	21703252.20345961
-2.275	-0.375	86813008.81383842
-2.275	-0.325	75961382.71210863
-2.275	-0.275	65109756.61037882
-2.275	-0.225	86813008.81383842
-2.275	-0.175	173626017.6276768
-2.275	-0.125	108516261.017298
-2.275	-0.0749999999999999	130219513.2207576
-2.275	-0.0249999999999999	227884148.1363259
-2.275	0.0250000000000001	227884148.1363259
-2.275	0.0750000000000001	303845530.8484345
-2.275	0.125	227884148.1363259
-2.275	0.175	184477643.7294067
-2.275	0.225	314697156.9501643
-2.275	0.275	455768296.2726517
-2.275	0.325	368955287.4588133
-2.275	0.375	542581305.0864902
-2.275	0.425	510026426.7813008
-2.275	0.475	770465453.2228161
-2.275	0.525	737910574.9176266
-2.275	0.575	878981714.2401141
-2.275	0.625	954943096.9522227
-2.275	0.675	1171975618.986819
-2.275	0.725	1063459357.969521
-2.275	0.775	1237085375.597198
-2.275	0.825	1367304888.817955
-2.275	0.875	1540930906.445632
-2.275	0.925	1920737820.006175
-2.275	0.975	2246286603.058069
-2.275	1.025	2452467498.990936
-2.275	1.075	2723758151.534181
-2.275	1.125	3060158560.687804
-2.275	1.175	3201229700.010292
-2.275	1.225	3537630109.163916
-2.275	1.275	3830624013.910621
-2.275	1.325	3732959378.995052
-2.275	1.375	4340650440.691921
-2.275	1.425	4438315075.60749
-2.275	1.475	5143670772.219927
-2.275	1.525	4850676867.473222
-2.275	1.575	4774715484.761114
-2.275	1.625	4742160606.455924
-2.275	1.675	4351502066.793652
-2.275	1.725	4449166701.709219
-2.275	1.775	4199579301.369434
-2.275	1.825	3624443117.977755
-2.275	1.875	3418262222.044888
-2.275	1.925	2756313029.83937
-2.275	1.975	2235434976.956339
-2.275	2.025	1779666680.683688
-2.275	2.075	1399859767.123145
-2.275	2.125	965794723.0539525
-2.275	2.175	564284557.2899498
-2.275	2.225	368955287.4588133
-2.275	2.275	173626017.6276768
-2.275	2.325	97664634.91556822
-2.275	2.375	21703252.20345961
-2.275	2.425	32554878.30518941
-2.275	2.475	0
-2.275	2.525	0
-2.275	2.575	0
-2.275	2.625	0
-2.225	-1.975	0
-2.225	-1.925	0
-2.225	-1.875	0
-2.225	-1.825	0
-2.225	-1.775	0
-2.225	-1.725	0
-2.225	-1.675	0
-2.225	-1.625	0
-2.225	-1.575	0
-2.225	-1.525	0
-2.225	-1.475	0
-2.225	-1.425	0
-2.225	-1.375	0
-2.225	-1.325	0
-2.225	-1.275	0
-2.225	-1.225	0
-2.225	-1.175	0
-2.225	-1.125	0
-2.225	-1.075	0
-2.225	-1.025	0
-2.225	-0.975	0
-2.225	-0.925	0
-2.225	-0.875	0
-2.225	-0.825	10851626.1017298
-2.225	-0.775	0
-2.225	-0.725	32554878.30518941
-2.225	-0.675	21703252.20345961
-2.225	-0.625	10851626.1017298
-2.225	-0.575	65109756.61037882
-2.225	-0.525	32554878.30518941
-2.225	-0.475	43406504.40691921
-2.225	-0.425	21703252.20345961
-2.225	-0.375	86813008.81383842
-2.225	-0.325	65109756.61037882
-2.225	-0.275	119367887.1190278
-2.225	-0.225	151922765.4242173
-2.225	-0.175	130219513.2207576
-2.225	-0.125	97664634.91556822
-2.225	-0.0749999999999999	282142278.6449749
-2.225	-0.0249999999999999	195329269.8311364
-2.225	0.0250000000000001	227884148.1363259
-2.225	0.0750000000000001	303845530.8484345
-2.225	0.125	347252035.2553537
-2.225	0.175	379806913.5605431
-2.225	0.225	325548783.0518941
-2.225	0.275	444916670.170922
-2.225	0.325	661949192.205518
-2.225	0.375	607691061.696869
-2.225	0.425	629394313.9003286
-2.225	0.475	770465453.2228161
-2.225	0.525	911536592.5453035
-2.225	0.575	1041756105.766061
-2.225	0.625	1171975618.986819
-2.225	0.675	1258788627.800657
-2.225	0.725	1378156514.919685
-2.225	0.775	1823073185.090607
-2.225	0.825	1942441072.209635
-2.225	0.875	2181176846.44769
-2.225	0.925	2235434976.956339
-2.225	0.975	2669500021.025532
-2.225	1.025	2940790673.568777
-2.225	1.075	3244636204.417211
-2.225	1.125	3374855717.637969
-2.225	1.175	3874030518.31754
-2.225	1.225	4069359788.148676
-2.225	1.275	4492573206.116138
-2.225	1.325	4828973615.269762
-2.225	1.375	5458367929.170092
-2.225	1.425	5165374024.423387
-2.225	1.475	5599439068.492579
-2.225	1.525	5480071181.37355
-2.225	1.575	5469219555.271821
-2.225	1.625	5306445163.745873
-2.225	1.675	5067709389.507818
-2.225	1.725	4633644345.438626
-2.225	1.775	4687902475.947275
-2.225	1.825	4297243936.285002
-2.225	1.875	3624443117.977755
-2.225	1.925	2604390264.415153
-2.225	1.975	2083512211.532122
-2.225	2.025	1486672775.936983
-2.225	2.075	1204530497.292008
-2.225	2.125	846426835.9349247
-2.225	2.175	520878052.8830305
-2.225	2.225	271290652.5432451
-2.225	2.275	130219513.2207576
-2.225	2.325	65109756.61037882
-2.225	2.375	43406504.40691921
-2.225	2.425	0
-2.225	2.475	10851626.1017298
-2.225	2.525	0
-2.225	2.575	0
-2.225	2.625	0
-2.175	-1.975	0
-2.175	-1.925	0
-2.175	-1.875	0
-2.175	-1.825	0
-2.175	-1.775	0
-2.175	-1.725	0
-2.175	-1.675	0
-2.175	-1.625	0
-2.175	-1.575	0
-2.175	-1.525	0
-2.175	-1.475	0
-2.175	-1.425	0
-2.175	-1.375	0
-2.175	-1.325	0
-2.175	-1.275	0
-2.175	-1.225	0
-2.175	-1.175	0
-2.175	-1.125	0
-2.175	-1.075	0
-2.175	-1.025	0
-2.175	-0.975	0
-2.175	-0.925	0
-2.175	-0.875	0
-2.175	-0.825	10851626.1017298
-2.175	-0.775	21703252.20345961
-2.175	-0.725	0
-2.175	-0.675	43406504.40691921
-2.175	-0.625	21703252.20345961
-2.175	-0.575	10851626.1017298
-2.175	-0.525	21703252.20345961
-2.175	-0.475	54258130.50864901
-2.175	-0.425	54258130.50864901
-2.175	-0.375	75961382.71210863
-2.175	-0.325	97664634.91556822
-2.175	-0.275	75961382.71210863
-2.175	-0.225	130219513.2207576
-2.175	-0.175	184477643.7294067
-2.175	-0.125	260439026.4415153
-2.175	-0.0749999999999999	227884148.1363259
-2.175	-0.0249999999999999	303845530.8484345
-2.175	0.0250000000000001	379806913.5605431
-2.175	0.0750000000000001	347252035.2553537
-2.175	0.125	390658539.6622729
-2.175	0.175	488323174.5778412
-2.175	0.225	596839435.5951393
-2.175	0.275	520878052.8830305
-2.175	0.325	640245940.0020584
-2.175	0.375	651097566.1037883
-2.175	0.425	944091470.850493
-2.175	0.475	868130088.1383842
-2.175	0.525	1150272366.783359
-2.175	0.575	1497524402.038713
-2.175	0.625	1291343506.105847
-2.175	0.675	1801369932.887147
-2.175	0.725	1964144324.413094
-2.175	0.775	1953292698.311365
-2.175	0.825	2267989855.261529
-2.175	0.875	2409060994.584016
-2.175	0.925	2995048804.077425
-2.175	0.975	3396558969.841429
-2.175	1.025	3559333361.367376
-2.175	1.075	3874030518.31754
-2.175	1.125	4601089467.133437
-2.175	1.175	4709605728.150735
-2.175	1.225	4959193128.49052
-2.175	1.275	5729658581.713336
-2.175	1.325	6359052895.613665
-2.175	1.375	6163723625.782529
-2.175	1.425	6315646391.206745
-2.175	1.475	6217981756.291178
-2.175	1.525	6630343548.15691
-2.175	1.575	6055207364.76523
-2.175	1.625	5805619964.425445
-2.175	1.675	5165374024.423387
-2.175	1.725	5490922807.475281
-2.175	1.775	4655347597.642086
-2.175	1.825	4091063040.352136
-2.175	1.875	3244636204.417211
-2.175	1.925	2864829290.856668
-2.175	1.975	2050957333.226933
-2.175	2.025	1193678871.190279
-2.175	2.075	933239844.7487631
-2.175	2.125	640245940.0020584
-2.175	2.175	358103661.3570835
-2.175	2.225	206180895.9328662
-2.175	2.275	162774391.5259471
-2.175	2.325	43406504.40691921
-2.175	2.375	0
-2.175	2.425	10851626.1017298
-2.175	2.475	10851626.1017298
-2.175	2.525	0
-2.175	2.575	0
-2.175	2.625	0
-2.125	-1.975	0
-2.125	-1.925	0
-2.125	-1.875	0
-2.125	-1.825	0
-2.125	-1.775	0
-2.125	-1.725	0
-2.125	-1.675	0
-2.125	-1.625	10851626.1017298
-2.125	-1.575	0
-2.125	-1.525	0
-2.125	-1.475	0
-2.125	-1.425	0
-2.125	-1.375	0
-2.125	-1.325	0
-2.125	-1.275	0
-2.125	-1.225	0
-2.125	-1.175	0
-2.125	-1.125	0
-2.125	-1.075	0
-2.125	-1.025	0
-2.125	-0.975	10851626.1017298
-2.125	-0.925	10851626.1017298
-2.125	-0.875	10851626.1017298
-2.125	-0.825	21703252.20345961
-2.125	-0.775	32554878.30518941
-2.125	-0.725	10851626.1017298
-2.125	-0.675	10851626.1017298
-2.125	-0.625	32554878.30518941
-2.125	-0.575	43406504.40691921
-2.125	-0.525	43406504.40691921
-2.125	-0.475	86813008.81383842
-2.125	-0.425	65109756.61037882
-2.125	-0.375	141071139.3224874
-2.125	-0.325	173626017.6276768
-2.125	-0.275	217032522.0345961
-2.125	-0.225	217032522.0345961
-2.125	-0.175	260439026.4415153
-2.125	-0.125	282142278.6449749
-2.125	-0.0749999999999999	314697156.9501643
-2.125	-0.0249999999999999	325548783.0518941
-2.125	0.0250000000000001	390658539.6622729
-2.125	0.0750000000000001	444916670.170922
-2.125	0.125	510026426.7813008
-2.125	0.175	542581305.0864902
-2.125	0.225	629394313.9003286
-2.125	0.275	727058948.8158969
-2.125	0.325	868130088.1383842
-2.125	0.375	781317079.3245457
-2.125	0.425	954943096.9522227
-2.125	0.475	1161123992.885089
-2.125	0.525	1443266271.530064
-2.125	0.575	1606040663.056011
-2.125	0.625	1888182941.700986
-2.125	0.675	1996699202.718284
-2.125	0.725	2485022377.296125
-2.125	0.775	2539280507.804774
-2.125	0.825	2723758151.534181
-2.125	0.875	3472520352.553537
-2.125	0.925	3364004091.536239
-2.125	0.975	3895733770.520999
-2.125	1.025	4731308980.354195
-2.125	1.075	4948341502.388791
-2.125	1.125	5078561015.609549
-2.125	1.175	5621142320.696038
-2.125	1.225	6087762243.07042
-2.125	1.275	6912485826.801885
-2.125	1.325	6717156556.970749
-2.125	1.375	7151221601.03994
-2.125	1.425	7096963470.531291
-2.125	1.475	7672099653.922972
-2.125	1.525	7411660627.481456
-2.125	1.575	7129518348.836481
-2.125	1.625	6673750052.563828
-2.125	1.675	6087762243.07042
-2.125	1.725	5924987851.544473
-2.125	1.775	4590237841.031707
-2.125	1.825	4025953283.741757
-2.125	1.875	3320597587.12932
-2.125	1.925	2387357742.380557
-2.125	1.975	1899034567.802716
-2.125	2.025	1302195132.207577
-2.125	2.075	716207322.714167
-2.125	2.125	542581305.0864902
-2.125	2.175	303845530.8484345
-2.125	2.225	130219513.2207576
-2.125	2.275	21703252.20345961
-2.125	2.325	32554878.30518941
-2.125	2.375	0
-2.125	2.425	0
-2.125	2.475	0
-2.125	2.525	0
-2.125	2.575	0
-2.125	2.625	0
-2.075	-1.975	0
-2.075	-1.925	0
-2.075	-1.875	0
-2.075	-1.825	0
-2.075	-1.775	0
-2.075	-1.725	0
-2.075	-1.675	0
-2.075	-1.625	0
-2.075	-1.575	0
-2.075	-1.525	10851626.1017298
-2.075	-1.475	0
-2.075	-1.425	10851626.1017298
-2.075	-1.375	0
-2.075	-1.325	0
-2.075	-1.275	0
-2.075	-1.225	10851626.1017298
-2.075	-1.175	0
-2.075	-1.125	10851626.1017298
-2.075	-1.075	10851626.1017298
-2.075	-1.025	21703252.20345961
-2.075	-0.975	0
-2.075	-0.925	10851626.1017298
-2.075	-0.875	0
-2.075	-0.825	54258130.50864901
-2.075	-0.775	32554878.30518941
-2.075	-0.725	10851626.1017298
-2.075	-0.675	21703252.20345961
-2.075	-0.625	32554878.30518941
-2.075	-0.575	32554878.30518941
-2.075	-0.525	54258130.50864901
-2.075	-0.475	75961382.71210863
-2.075	-0.425	173626017.6276768
-2.075	-0.375	151922765.4242173
-2.075	-0.325	217032522.0345961
-2.075	-0.275	238735774.2380557
-2.075	-0.225	227884148.1363259
-2.075	-0.175	292993904.7467047
-2.075	-0.125	379806913.5605431
-2.075	-0.0749999999999999	292993904.7467047
-2.075	-0.0249999999999999	444916670.170922
-2.075	0.0250000000000001	477471548.4761114
-2.075	0.0750000000000001	466619922.3743815
-2.075	0.125	618542687.7985989
-2.075	0.175	727058948.8158969
-2.075	0.225	933239844.7487631
-2.075	0.275	965794723.0539525
-2.075	0.325	1193678871.190279
-2.075	0.375	1226233749.495468
-2.075	0.425	1258788627.800657
-2.075	0.475	1497524402.038713
-2.075	0.525	1454117897.631794
-2.075	0.575	2083512211.532122
-2.075	0.625	2528428881.703044
-2.075	0.675	2409060994.584016
-2.075	0.725	2919087421.365317
-2.075	0.775	3092713438.992994
-2.075	0.825	3439965474.248347
-2.075	0.875	3906585396.622729
-2.075	0.925	4568534588.828247
-2.075	0.975	4568534588.828247
-2.075	1.025	5501774433.57701
-2.075	1.075	5957542729.849663
-2.075	1.125	6521827287.139612
-2.075	1.175	6673750052.563828
-2.075	1.225	6966743957.310534
-2.075	1.275	7617841523.414323
-2.075	1.325	7910835428.161026
-2.075	1.375	7650396401.719511
-2.075	1.425	8138719576.297353
-2.075	1.475	7845725671.550648
-2.075	1.525	8203829332.907731
-2.075	1.575	7704654532.22816
-2.075	1.625	7162073227.14167
-2.075	1.675	5794768338.323715
-2.075	1.725	5480071181.37355
-2.075	1.775	4677050849.845545
-2.075	1.825	3830624013.910621
-2.075	1.875	2864829290.856668
-2.075	1.925	2398209368.482286
-2.075	1.975	1530079280.343902
-2.075	2.025	1204530497.292008
-2.075	2.075	564284557.2899498
-2.075	2.125	325548783.0518941
-2.075	2.175	97664634.91556822
-2.075	2.225	130219513.2207576
-2.075	2.275	54258130.50864901
-2.075	2.325	21703252.20345961
-2.075	2.375	21703252.20345961
-2.075	2.425	0
-2.075	2.475	0
-2.075	2.525	0
-2.075	2.575	0
-2.075	2.625	0
-2.025	-1.975	0
-2.025	-1.925	0
-2.025	-1.875	0
-2.025	-1.825	0
-2.025	-1.775	0
-2.025	-1.725	0
-2.025	-1.675	0
-2.025	-1.625	0
-2.025	-1.575	0
-2.025	-1.525	0
-2.025	-1.475	0
-2.025	-1.425	0
-2.025	-1.375	0
-2.025	-1.325	0
-2.025	-1.275	0
-2.025	-1.225	0
-2.025	-1.175	0
-2.025	-1.125	0
-2.025	-1.075	10851626.1017298
-2.025	-1.025	10851626.1017298
-2.025	-0.975	10851626.1017298
-2.025	-0.925	54258130.50864901
-2.025	-0.875	10851626.1017298
-2.025	-0.825	32554878.30518941
-2.025	-0.775	10851626.1017298
-2.025	-0.725	21703252.20345961
-2.025	-0.675	65109756.61037882
-2.025	-0.625	32554878.30518941
-2.025	-0.575	119367887.1190278
-2.025	-0.525	54258130.50864901
-2.025	-0.475	141071139.3224874
-2.025	-0.425	151922765.4242173
-2.025	-0.375	97664634.91556822
-2.025	-0.325	184477643.7294067
-2.025	-0.275	336400409.1536239
-2.025	-0.225	368955287.4588133
-2.025	-0.175	303845530.8484345
-2.025	-0.125	238735774.2380557
-2.025	-0.0749999999999999	466619922.3743815
-2.025	-0.0249999999999999	672800818.3072478
-2.025	0.0250000000000001	564284557.2899498
-2.025	0.0750000000000001	683652444.4089776
-2.025	0.125	987497975.2574122
-2.025	0.175	1096014236.27471
-2.025	0.225	965794723.0539525
-2.025	0.275	1128569114.5799
-2.025	0.325	1475821149.835253
-2.025	0.375	1367304888.817955
-2.025	0.425	1682002045.76812
-2.025	0.475	1779666680.683688
-2.025	0.525	2148621968.142501
-2.025	0.575	2322247985.770178
-2.025	0.625	2897384169.161858
-2.025	0.675	3255487830.518941
-2.025	0.725	3298894334.92586
-2.025	0.775	4069359788.148676
-2.025	0.825	4568534588.828247
-2.025	0.875	5197928902.728576
-2.025	0.925	5501774433.57701
-2.025	0.975	6217981756.291178
-2.025	1.025	6966743957.310534
-2.025	1.075	7042705340.022642
-2.025	1.125	7845725671.550648
-2.025	1.175	8410010228.840597
-2.025	1.225	8692152507.485573
-2.025	1.275	8963443160.028818
-2.025	1.325	9267288690.877253
-2.025	1.375	8496823237.654436
-2.025	1.425	8659597629.180384
-2.025	1.475	8529378115.959625
-2.025	1.525	8930888281.723629
-2.025	1.575	7889132175.957567
-2.025	1.625	7346550870.871078
-2.025	1.675	6803969565.784586
-2.025	1.725	5458367929.170092
-2.025	1.775	4492573206.116138
-2.025	1.825	3505075230.858726
-2.025	1.875	2669500021.025532
-2.025	1.925	1779666680.683688
-2.025	1.975	1432414645.428334
-2.025	2.025	618542687.7985989
-2.025	2.075	347252035.2553537
-2.025	2.125	227884148.1363259
-2.025	2.175	119367887.1190278
-2.025	2.225	54258130.50864901
-2.025	2.275	21703252.20345961
-2.025	2.325	10851626.1017298
-2.025	2.375	10851626.1017298
-2.025	2.425	0
-2.025	2.475	0
-2.025	2.525	0
-2.025	2.575	0
-2.025	2.625	0
-1.975	-1.975	0
-1.975	-1.925	0
-1.975	-1.875	0
-1.975	-1.825	0
-1.975	-1.775	0
-1.975	-1.725	0
-1.975	-1.675	0
-1.975	-1.625	0
-1.975	-1.575	0
-1.975	-1.525	0
-1.975	-1.475	0
-1.975	-1.425	0
-1.975	-1.375	0
-1.975	-1.325	0
-1.975	-1.275	0
-1.975	-1.225	10851626.1017298
-1.975	-1.175	0
-1.975	-1.125	21703252.20345961
-1.975	-1.075	0
-1.975	-1.025	10851626.1017298
-1.975	-0.975	21703252.20345961
-1.975	-0.925	0
-1.975	-0.875	21703252.20345961
-1.975	-0.825	65109756.61037882
-1.975	-0.775	0
-1.975	-0.725	54258130.50864901
-1.975	-0.675	0
-1.975	-0.625	130219513.2207576
-1.975	-0.575	65109756.61037882
-1.975	-0.525	130219513.2207576
-1.975	-0.475	141071139.3224874
-1.975	-0.425	162774391.5259471
-1.975	-0.375	314697156.9501643
-1.975	-0.325	347252035.2553537
-1.975	-0.275	314697156.9501643
-1.975	-0.225	358103661.3570835
-1.975	-0.175	651097566.1037883
-1.975	-0.125	531729678.9847604
-1.975	-0.0749999999999999	531729678.9847604
-1.975	-0.0249999999999999	585987809.4934094
-1.975	0.0250000000000001	824723583.731465
-1.975	0.0750000000000001	965794723.0539525
-1.975	0.125	1030904479.664331
-1.975	0.175	1421563019.326604
-1.975	0.225	1334750010.512766
-1.975	0.275	1313046758.309306
-1.975	0.325	1475821149.835253
-1.975	0.375	1909886193.904445
-1.975	0.425	2050957333.226933
-1.975	0.475	2853977664.754938
-1.975	0.525	2680351647.127262
-1.975	0.575	2843126038.653209
-1.975	0.625	3505075230.858726
-1.975	0.675	3754662631.198512
-1.975	0.725	4362353692.895381
-1.975	0.775	5263038659.338954
-1.975	0.825	5241335407.135495
-1.975	0.875	5957542729.849663
-1.975	0.925	6749711435.275937
-1.975	0.975	6988447209.513994
-1.975	1.025	7715506158.32989
-1.975	1.075	7878280549.855838
-1.975	1.125	9234733812.572063
-1.975	1.175	9549430969.522228
-1.975	1.225	9679650482.742985
-1.975	1.275	10895032606.13672
-1.975	1.325	10352451301.05023
-1.975	1.375	10417561057.66061
-1.975	1.425	10102863900.71045
-1.975	1.475	9375804951.89455
-1.975	1.525	9278140316.978983
-1.975	1.575	7845725671.550648
-1.975	1.625	7400809001.379726
-1.975	1.675	6185426877.985988
-1.975	1.725	4861528493.574952
-1.975	1.775	4080211414.250406
-1.975	1.825	3342300839.332779
-1.975	1.875	2257138229.159799
-1.975	1.925	1237085375.597198
-1.975	1.975	835575209.8331949
-1.975	2.025	379806913.5605431
-1.975	2.075	238735774.2380557
-1.975	2.125	141071139.3224874
-1.975	2.175	75961382.71210863
-1.975	2.225	43406504.40691921
-1.975	2.275	0
-1.975	2.325	0
-1.975	2.375	0
-1.975	2.425	0
-1.975	2.475	0
-1.975	2.525	0
-1.975	2.575	0
-1.975	2.625	0
-1.925	-1.975	0
-1.925	-1.925	0
-1.925	-1.875	0
-1.925	-1.825	0
-1.925	-1.775	0
-1.925	-1.725	0
-1.925	-1.675	0
-1.925	-1.625	0
-1.925	-1.575	0
-1.925	-1.525	0
-1.925	-1.475	0
-1.925	-1.425	0
-1.925	-1.375	0
-1.925	-1.325	0
-1.925	-1.275	0
-1.925	-1.225	10851626.1017298
-1.925	-1.175	0
-1.925	-1.125	21703252.20345961
-1.925	-1.075	10851626.1017298
-1.925	-1.025	10851626.1017298
-1.925	-0.975	0
-1.925	-0.925	21703252.20345961
-1.925	-0.875	10851626.1017298
-1.925	-0.825	21703252.20345961
-1.925	-0.775	65109756.61037882
-1.925	-0.725	43406504.40691921
-1.925	-0.675	86813008.81383842
-1.925	-0.625	108516261.017298
-1.925	-0.575	54258130.50864901
-1.925	-0.525	173626017.6276768
-1.925	-0.475	238735774.2380557
-1.925	-0.425	227884148.1363259
-1.925	-0.375	358103661.3570835
-1.925	-0.325	260439026.4415153
-1.925	-0.275	510026426.7813008
-1.925	-0.225	531729678.9847604
-1.925	-0.175	629394313.9003286
-1.925	-0.125	651097566.1037883
-1.925	-0.0749999999999999	900684966.4435737
-1.925	-0.0249999999999999	954943096.9522227
-1.925	0.0250000000000001	987497975.2574122
-1.925	0.0750000000000001	1150272366.783359
-1.925	0.125	1226233749.495468
-1.925	0.175	1421563019.326604
-1.925	0.225	1258788627.800657
-1.925	0.275	1725408550.175039
-1.925	0.325	2441615872.889205
-1.925	0.375	2419912620.685746
-1.925	0.425	2485022377.296125
-1.925	0.475	2897384169.161858
-1.925	0.525	3288042708.824131
-1.925	0.575	4025953283.741757
-1.925	0.625	4546831336.624787
-1.925	0.675	4839825241.371492
-1.925	0.725	5219632154.932035
-1.925	0.775	6196278504.087717
-1.925	0.825	7031853713.920913
-1.925	0.875	7303144366.464157
-1.925	0.925	8735559011.89249
-1.925	0.975	9169624055.961683
-1.925	1.025	9104514299.351305
-1.925	1.075	9983496013.591419
-1.925	1.125	11057806997.66267
-1.925	1.175	10732258214.61078
-1.925	1.225	11307394398.00245
-1.925	1.275	11708904563.76646
-1.925	1.325	11622091554.95262
-1.925	1.375	11133768380.37478
-1.925	1.425	10808219597.32288
-1.925	1.475	9831573248.167202
-1.925	1.525	9647095604.437796
-1.925	1.575	8008500063.076595
-1.925	1.625	7444215505.786645
-1.925	1.675	5924987851.544473
-1.925	1.725	4753012232.557653
-1.925	1.775	3515926856.960456
-1.925	1.825	3005900430.179156
-1.925	1.875	1551782532.547362
-1.925	1.925	1161123992.885089
-1.925	1.975	542581305.0864902
-1.925	2.025	303845530.8484345
-1.925	2.075	141071139.3224874
-1.925	2.125	65109756.61037882
-1.925	2.175	65109756.61037882
-1.925	2.225	32554878.30518941
-1.925	2.275	10851626.1017298
-1.925	2.325	0
-1.925	2.375	0
-1.925	2.425	0
-1.925	2.475	0
-1.925	2.525	0
-1.925	2.575	0
-1.925	2.625	0
-1.875	-1.975	0
-1.875	-1.925	0
-1.875	-1.875	0
-1.875	-1.825	0
-1.875	-1.775	0
-1.875	-1.725	0
-1.875	-1.675	0
-1.875	-1.625	0
-1.875	-1.575	0
-1.875	-1.525	0
-1.875	-1.475	0
-1.875	-1.425	0
-1.875	-1.375	0
-1.875	-1.325	0
-1.875	-1.275	21703252.20345961
-1.875	-1.225	0
-1.875	-1.175	10851626.1017298
-1.875	-1.125	0
-1.875	-1.075	0
-1.875	-1.025	10851626.1017298
-1.875	-0.975	10851626.1017298
-1.875	-0.925	32554878.30518941
-1.875	-0.875	0
-1.875	-0.825	43406504.40691921
-1.875	-0.775	86813008.81383842
-1.875	-0.725	75961382.71210863
-1.875	-0.675	75961382.71210863
-1.875	-0.625	173626017.6276768
-1.875	-0.575	108516261.017298
-1.875	-0.525	195329269.8311364
-1.875	-0.475	130219513.2207576
-1.875	-0.425	303845530.8484345
-1.875	-0.375	347252035.2553537
-1.875	-0.325	455768296.2726517
-1.875	-0.275	661949192.205518
-1.875	-0.225	585987809.4934094
-1.875	-0.175	770465453.2228161
-1.875	-0.125	824723583.731465
-1.875	-0.0749999999999999	1041756105.766061
-1.875	-0.0249999999999999	954943096.9522227
-1.875	0.0250000000000001	1096014236.27471
-1.875	0.0750000000000001	1508376028.140443
-1.875	0.125	1573485784.750822
-1.875	0.175	2116067089.837312
-1.875	0.225	1931589446.107905
-1.875	0.275	2343951237.973638
-1.875	0.325	2463319125.092665
-1.875	0.375	3049306934.586075
-1.875	0.425	3656997996.282944
-1.875	0.475	4069359788.148676
-1.875	0.525	4470869953.912679
-1.875	0.575	5241335407.135495
-1.875	0.625	5794768338.323715
-1.875	0.675	6109465495.273879
-1.875	0.725	7107815096.633021
-1.875	0.775	7715506158.32989
-1.875	0.825	8594487872.570004
-1.875	0.875	8475119985.450976
-1.875	0.925	9918386256.981039
-1.875	0.975	11003548867.15402
-1.875	1.025	11133768380.37478
-1.875	1.075	11936788711.90278
-1.875	1.125	12208079364.44603
-1.875	1.175	13510274496.6536
-1.875	1.225	13000248069.8723
-1.875	1.275	13087061078.68614
-1.875	1.325	12360002129.87024
-1.875	1.375	11231433015.29035
-1.875	1.425	11329097650.20592
-1.875	1.475	10363302927.15196
-1.875	1.525	9256437064.775522
-1.875	1.575	7552731766.803944
-1.875	1.625	6326498017.308475
-1.875	1.675	5349851668.152793
-1.875	1.725	4199579301.369434
-1.875	1.775	2680351647.127262
-1.875	1.825	1595189036.954281
-1.875	1.875	1030904479.664331
-1.875	1.925	748762201.0193564
-1.875	1.975	292993904.7467047
-1.875	2.025	227884148.1363259
-1.875	2.075	32554878.30518941
-1.875	2.125	43406504.40691921
-1.875	2.175	21703252.20345961
-1.875	2.225	0
-1.875	2.275	0
-1.875	2.325	0
-1.875	2.375	0
-1.875	2.425	0
-1.875	2.475	0
-1.875	2.525	0
-1.875	2.575	0
-1.875	2.625	0
-1.825	-1.975	0
-1.825	-1.925	0
-1.825	-1.875	0
-1.825	-1.825	0
-1.825	-1.775	0
-1.825	-1.725	0
-1.825	-1.675	0
-1.825	-1.625	0
-1.825	-1.575	0
-1.825	-1.525	0
-1.825	-1.475	0
-1.825	-1.425	0
-1.825	-1.375	0
-1.825	-1.325	0
-1.825	-1.275	0
-1.825	-1.225	10851626.1017298
-1.825	-1.175	10851626.1017298
-1.825	-1.125	0
-1.825	-1.075	32554878.30518941
-1.825	-1.025	0
-1.825	-0.975	43406504.40691921
-1.825	-0.925	65109756.61037882
-1.825	-0.875	32554878.30518941
-1.825	-0.825	86813008.81383842
-1.825	-0.775	54258130.50864901
-1.825	-0.725	108516261.017298
-1.825	-0.675	108516261.017298
-1.825	-0.625	75961382.71210863
-1.825	-0.575	119367887.1190278
-1.825	-0.525	206180895.9328662
-1.825	-0.475	325548783.0518941
-1.825	-0.425	347252035.2553537
-1.825	-0.375	477471548.4761114
-1.825	-0.325	488323174.5778412
-1.825	-0.275	607691061.696869
-1.825	-0.225	705355696.6124371
-1.825	-0.175	889833340.341844
-1.825	-0.125	1085162610.17298
-1.825	-0.0749999999999999	1291343506.105847
-1.825	-0.0249999999999999	1302195132.207577
-1.825	0.0250000000000001	1660298793.56466
-1.825	0.0750000000000001	1768815054.581958
-1.825	0.125	1812221558.988877
-1.825	0.175	2040105707.125203
-1.825	0.225	2669500021.025532
-1.825	0.275	3049306934.586075
-1.825	0.325	3266339456.620671
-1.825	0.375	3505075230.858726
-1.825	0.425	4492573206.116138
-1.825	0.475	4611941093.235167
-1.825	0.525	5089412641.711278
-1.825	0.575	5881581347.137554
-1.825	0.625	6684601678.665559
-1.825	0.675	7487622010.193565
-1.825	0.725	8420861854.942327
-1.825	0.775	9495172839.013578
-1.825	0.825	10124567152.91391
-1.825	0.875	10243935040.03293
-1.825	0.925	12110414729.53046
-1.825	0.975	12294892373.25987
-1.825	1.025	13293241974.61901
-1.825	1.075	13890081410.21415
-1.825	1.125	13238983844.11036
-1.825	1.175	14910134263.77675
-1.825	1.225	14573733854.62313
-1.825	1.275	14367552958.69026
-1.825	1.325	13976894419.02799
-1.825	1.375	11980195216.3097
-1.825	1.425	11925937085.80106
-1.825	1.475	10374154553.25369
-1.825	1.525	9278140316.978983
-1.825	1.575	7324847618.667618
-1.825	1.625	5425813050.864902
-1.825	1.675	4503424832.217869
-1.825	1.725	3385707343.739699
-1.825	1.775	2235434976.956339
-1.825	1.825	1313046758.309306
-1.825	1.875	900684966.4435737
-1.825	1.925	412361791.8657325
-1.825	1.975	271290652.5432451
-1.825	2.025	151922765.4242173
-1.825	2.075	54258130.50864901
-1.825	2.125	21703252.20345961
-1.825	2.175	10851626.1017298
-1.825	2.225	0
-1.825	2.275	0
-1.825	2.325	0
-1.825	2.375	0
-1.825	2.425	0
-1.825	2.475	0
-1.825	2.525	0
-1.825	2.575	0
-1.825	2.625	0
-1.775	-1.975	0
-1.775	-1.925	0
-1.775	-1.875	0
-1.775	-1.825	0
-1.775	-1.775	0
-1.775	-1.725	0
-1.775	-1.675	0
-1.775	-1.625	0
-1.775	-1.575	0
-1.775	-1.525	10851626.1017298
-1.775	-1.475	0
-1.775	-1.425	0
-1.775	-1.375	0
-1.775	-1.325	0
-1.775	-1.275	10851626.1017298
-1.775	-1.225	0
-1.775	-1.175	0
-1.775	-1.125	0
-1.775	-1.075	43406504.40691921
-1.775	-1.025	32554878.30518941
-1.775	-0.975	43406504.40691921
-1.775	-0.925	10851626.1017298
-1.775	-0.875	108516261.017298
-1.775	-0.825	43406504.40691921
-1.775	-0.775	108516261.017298
-1.775	-0.725	141071139.3224874
-1.775	-0.675	65109756.61037882
-1.775	-0.625	173626017.6276768
-1.775	-0.575	206180895.9328662
-1.775	-0.525	249587400.3397855
-1.775	-0.475	325548783.0518941
-1.775	-0.425	607691061.696869
-1.775	-0.375	542581305.0864902
-1.775	-0.325	651097566.1037883
-1.775	-0.275	781317079.3245457
-1.775	-0.225	1074310984.07125
-1.775	-0.175	1291343506.105847
-1.775	-0.125	1302195132.207577
-1.775	-0.0749999999999999	1595189036.954281
-1.775	-0.0249999999999999	1627743915.259471
-1.775	0.0250000000000001	1747111802.378499
-1.775	0.0750000000000001	2246286603.058069
-1.775	0.125	2691203273.228991
-1.775	0.175	2951642299.670506
-1.775	0.225	3418262222.044888
-1.775	0.275	3808920761.707161
-1.775	0.325	4546831336.624787
-1.775	0.375	4644495971.540356
-1.775	0.425	4828973615.269762
-1.775	0.475	6391607773.918854
-1.775	0.525	6912485826.801885
-1.775	0.575	7986796810.873135
-1.775	0.625	8627042750.875195
-1.775	0.675	9571134221.725687
-1.775	0.725	10450115935.9658
-1.775	0.775	11068658623.7644
-1.775	0.825	12229782616.64949
-1.775	0.875	12696402539.02387
-1.775	0.925	13510274496.6536
-1.775	0.975	14693101741.74216
-1.775	1.025	15007798898.69232
-1.775	1.075	15246534672.93037
-1.775	1.125	15854225734.62724
-1.775	1.175	16027851752.25492
-1.775	1.225	15843374108.52551
-1.775	1.275	14682250115.64042
-1.775	1.325	14334998080.38507
-1.775	1.375	12978544817.66884
-1.775	1.425	11079510249.86613
-1.775	1.475	10352451301.05023
-1.775	1.525	8681300881.383842
-1.775	1.575	6217981756.291178
-1.775	1.625	5078561015.609549
-1.775	1.675	3852327266.11408
-1.775	1.725	2539280507.804774
-1.775	1.775	1519227654.242172
-1.775	1.825	868130088.1383842
-1.775	1.875	564284557.2899498
-1.775	1.925	260439026.4415153
-1.775	1.975	86813008.81383842
-1.775	2.025	21703252.20345961
-1.775	2.075	0
-1.775	2.125	0
-1.775	2.175	0
-1.775	2.225	0
-1.775	2.275	0
-1.775	2.325	0
-1.775	2.375	0
-1.775	2.425	0
-1.775	2.475	0
-1.775	2.525	0
-1.775	2.575	0
-1.775	2.625	0
-1.725	-1.975	0
-1.725	-1.925	0
-1.725	-1.875	0
-1.725	-1.825	0
-1.725	-1.775	0
-1.725	-1.725	0
-1.725	-1.675	0
-1.725	-1.625	0
-1.725	-1.575	0
-1.725	-1.525	0
-1.725	-1.475	0
-1.725	-1.425	0
-1.725	-1.375	0
-1.725	-1.325	0
-1.725	-1.275	10851626.1017298
-1.725	-1.225	0
-1.725	-1.175	10851626.1017298
-1.725	-1.125	0
-1.725	-1.075	32554878.30518941
-1.725	-1.025	21703252.20345961
-1.725	-0.975	32554878.30518941
-1.725	-0.925	43406504.40691921
-1.725	-0.875	54258130.50864901
-1.725	-0.825	65109756.61037882
-1.725	-0.775	151922765.4242173
-1.725	-0.725	206180895.9328662
-1.725	-0.675	162774391.5259471
-1.725	-0.625	227884148.1363259
-1.725	-0.575	260439026.4415153
-1.725	-0.525	303845530.8484345
-1.725	-0.475	520878052.8830305
-1.725	-0.425	575136183.3916796
-1.725	-0.375	727058948.8158969
-1.725	-0.325	705355696.6124371
-1.725	-0.275	1052607731.867791
-1.725	-0.225	1117717488.47817
-1.725	-0.175	1562634158.649091
-1.725	-0.125	1953292698.311365
-1.725	-0.0749999999999999	1855628063.395796
-1.725	-0.0249999999999999	2452467498.990936
-1.725	0.0250000000000001	2083512211.532122
-1.725	0.0750000000000001	2897384169.161858
-1.725	0.125	3277191082.722401
-1.725	0.175	3353152465.434509
-1.725	0.225	4167024423.064244
-1.725	0.275	4709605728.150735
-1.725	0.325	5523477685.78047
-1.725	0.375	5783916712.221985
-1.725	0.425	6554382165.444801
-1.725	0.475	6890782574.598425
-1.725	0.525	7899983802.059298
-1.725	0.575	9581985847.827415
-1.725	0.625	10092012274.60872
-1.725	0.675	11481020415.63013
-1.725	0.725	11795717572.5803
-1.725	0.775	13380054983.43285
-1.725	0.825	14302443202.07988
-1.725	0.875	15865077360.72897
-1.725	0.925	16299142404.79816
-1.725	0.975	16429361918.01892
-1.725	1.025	17796666806.83688
-1.725	1.075	18360951364.12683
-1.725	1.125	18133067215.9905
-1.725	1.175	16830872083.78292
-1.725	1.225	16841723709.88465
-1.725	1.275	15789115978.01686
-1.725	1.325	14552030602.41967
-1.725	1.375	12685550912.92214
-1.725	1.425	11036103745.45921
-1.725	1.475	9169624055.961683
-1.725	1.525	7270589488.158969
-1.725	1.575	5458367929.170092
-1.725	1.625	3776365883.401972
-1.725	1.675	2875680916.958398
-1.725	1.725	1682002045.76812
-1.725	1.775	1237085375.597198
-1.725	1.825	651097566.1037883
-1.725	1.875	347252035.2553537
-1.725	1.925	184477643.7294067
-1.725	1.975	54258130.50864901
-1.725	2.025	32554878.30518941
-1.725	2.075	32554878.30518941
-1.725	2.125	0
-1.725	2.175	0
-1.725	2.225	0
-1.725	2.275	0
-1.725	2.325	0
-1.725	2.375	0
-1.725	2.425	0
-1.725	2.475	0
-1.725	2.525	0
-1.725	2.575	0
-1.725	2.625	0
-1.675	-1.975	0
-1.675	-1.925	0
-1.675	-1.875	0
-1.675	-1.825	0
-1.675	-1.775	0
-1.675	-1.725	0
-1.675	-1.675	0
-1.675	-1.625	0
-1.675	-1.575	0
-1.675	-1.525	0
-1.675	-1.475	0
-1.675	-1.425	0
-1.675	-1.375	0
-1.675	-1.325	10851626.1017298
-1.675	-1.275	21703252.20345961
-1.675	-1.225	0
-1.675	-1.175	43406504.40691921
-1.675	-1.125	0
-1.675	-1.075	21703252.20345961
-1.675	-1.025	54258130.50864901
-1.675	-0.975	32554878.30518941
-1.675	-0.925	43406504.40691921
-1.675	-0.875	32554878.30518941
-1.675	-0.825	119367887.1190278
-1.675	-0.775	97664634.91556822
-1.675	-0.725	206180895.9328662
-1.675	-0.675	227884148.1363259
-1.675	-0.625	325548783.0518941
-1.675	-0.575	325548783.0518941
-1.675	-0.525	390658539.6622729
-1.675	-0.475	651097566.1037883
-1.675	-0.425	857278462.0366545
-1.675	-0.375	1074310984.07125
-1.675	-0.325	1247937001.698927
-1.675	-0.275	1280491880.004117
-1.675	-0.225	1649447167.46293
-1.675	-0.175	1964144324.413094
-1.675	-0.125	2040105707.125203
-1.675	-0.0749999999999999	2354802864.075367
-1.675	-0.0249999999999999	2821422786.449749
-1.675	0.0250000000000001	3136119943.399913
-1.675	0.0750000000000001	3776365883.401972
-1.675	0.125	3960843527.131378
-1.675	0.175	4384056945.098841
-1.675	0.225	5121967520.016467
-1.675	0.275	5675400451.204687
-1.675	0.325	6359052895.613665
-1.675	0.375	6728008183.072478
-1.675	0.425	8127867950.195622
-1.675	0.475	9158772429.859953
-1.675	0.525	10753961466.81424
-1.675	0.575	11339949276.30765
-1.675	0.625	12956841565.46539
-1.675	0.675	13759861896.99339
-1.675	0.725	14606288732.92831
-1.675	0.775	15821670856.32205
-1.675	0.825	17178124119.03828
-1.675	0.875	18328396485.82164
-1.675	0.925	18610538764.46661
-1.675	0.975	19359300965.48597
-1.675	1.025	19337597713.28251
-1.675	1.075	19782514383.45343
-1.675	1.125	19055455434.63754
-1.675	1.175	17991996076.66801
-1.675	1.225	17471118023.78498
-1.675	1.275	16244884274.28951
-1.675	1.325	13597087505.46744
-1.675	1.375	11947640338.00451
-1.675	1.425	10081160648.50699
-1.675	1.475	8095313071.890433
-1.675	1.525	6196278504.087717
-1.675	1.575	4394908571.200571
-1.675	1.625	3060158560.687804
-1.675	1.675	2083512211.532122
-1.675	1.725	1291343506.105847
-1.675	1.775	542581305.0864902
-1.675	1.825	314697156.9501643
-1.675	1.875	151922765.4242173
-1.675	1.925	21703252.20345961
-1.675	1.975	21703252.20345961
-1.675	2.025	0
-1.675	2.075	10851626.1017298
-1.675	2.125	0
-1.675	2.175	0
-1.675	2.225	0
-1.675	2.275	0
-1.675	2.325	0
-1.675	2.375	0
-1.675	2.425	0
-1.675	2.475	0
-1.675	2.525	0
-1.675	2.575	0
-1.675	2.625	0
-1.625	-1.975	0
-1.625	-1.925	0
-1.625	-1.875	0
-1.625	-1.825	0
-1.625	-1.775	0
-1.625	-1.725	0
-1.625	-1.675	0
-1.625	-1.625	0
-1.625	-1.575	0
-1.625	-1.525	0
-1.625	-1.475	0
-1.625	-1.425	0
-1.625	-1.375	10851626.1017298
-1.625	-1.325	0
-1.625	-1.275	10851626.1017298
-1.625	-1.225	21703252.20345961
-1.625	-1.175	21703252.20345961
-1.625	-1.125	10851626.1017298
-1.625	-1.075	54258130.50864901
-1.625	-1.025	10851626.1017298
-1.625	-0.975	86813008.81383842
-1.625	-0.925	43406504.40691921
-1.625	-0.875	130219513.2207576
-1.625	-0.825	130219513.2207576
-1.625	-0.775	184477643.7294067
-1.625	-0.725	249587400.3397855
-1.625	-0.675	368955287.4588133
-1.625	-0.625	292993904.7467047
-1.625	-0.575	412361791.8657325
-1.625	-0.525	564284557.2899498
-1.625	-0.475	727058948.8158969
-1.625	-0.425	911536592.5453035
-1.625	-0.375	1269640253.902387
-1.625	-0.325	1323898384.411036
-1.625	-0.275	1714556924.073309
-1.625	-0.225	1985847576.616554
-1.625	-0.175	2311396359.668448
-1.625	-0.125	2550132133.906504
-1.625	-0.0749999999999999	3016752056.280886
-1.625	-0.0249999999999999	3407410595.943158
-1.625	0.0250000000000001	3646146370.181214
-1.625	0.0750000000000001	4384056945.098841
-1.625	0.125	4807270363.066303
-1.625	0.175	5501774433.57701
-1.625	0.225	6044355738.6635
-1.625	0.275	6836524444.089776
-1.625	0.325	8149571202.399082
-1.625	0.375	8692152507.485573
-1.625	0.425	9603689100.030876
-1.625	0.475	11242284641.39208
-1.625	0.525	13097912704.78787
-1.625	0.575	13868378158.01069
-1.625	0.625	15344199307.84594
-1.625	0.675	16244884274.28951
-1.625	0.725	17297492006.15731
-1.625	0.775	18881829417.00986
-1.625	0.825	19532926983.11364
-1.625	0.875	20780863984.81257
-1.625	0.925	21356000168.20425
-1.625	0.975	21876878221.08728
-1.625	1.025	22820969691.93777
-1.625	1.075	21866026594.98555
-1.625	1.125	21551329438.03539
-1.625	1.175	18903532669.21332
-1.625	1.225	17188975745.14001
-1.625	1.275	16483620048.52757
-1.625	1.325	13423461487.83977
-1.625	1.375	11893382207.49586
-1.625	1.425	8930888281.723629
-1.625	1.475	6500124034.936152
-1.625	1.525	4991748006.79571
-1.625	1.575	3298894334.92586
-1.625	1.625	2658648394.923802
-1.625	1.675	1345601636.614496
-1.625	1.725	661949192.205518
-1.625	1.775	455768296.2726517
-1.625	1.825	249587400.3397855
-1.625	1.875	141071139.3224874
-1.625	1.925	21703252.20345961
-1.625	1.975	21703252.20345961
-1.625	2.025	10851626.1017298
-1.625	2.075	0
-1.625	2.125	0
-1.625	2.175	0
-1.625	2.225	0
-1.625	2.275	0
-1.625	2.325	0
-1.625	2.375	0
-1.625	2.425	0
-1.625	2.475	0
-1.625	2.525	0
-1.625	2.575	0
-1.625	2.625	0
-1.575	-1.975	0
-1.575	-1.925	0
-1.575	-1.875	0
-1.575	-1.825	0
-1.575	-1.775	0
-1.575	-1.725	0
-1.575	-1.675	0
-1.575	-1.625	0
-1.575	-1.575	0
-1.575	-1.525	0
-1.575	-1.475	0
-1.575	-1.425	0
-1.575	-1.375	0
-1.575	-1.325	0
-1.575	-1.275	10851626.1017298
-1.575	-1.225	10851626.1017298
-1.575	-1.175	0
-1.575	-1.125	43406504.40691921
-1.575	-1.075	10851626.1017298
-1.575	-1.025	65109756.61037882
-1.575	-0.975	54258130.50864901
-1.575	-0.925	108516261.017298
-1.575	-0.875	130219513.2207576
-1.575	-0.825	108516261.017298
-1.575	-0.775	184477643.7294067
-1.575	-0.725	238735774.2380557
-1.575	-0.675	325548783.0518941
-1.575	-0.625	434065044.0691921
-1.575	-0.575	499174800.6795709
-1.575	-0.525	618542687.7985989
-1.575	-0.475	835575209.8331949
-1.575	-0.425	1237085375.597198
-1.575	-0.375	1389008141.021415
-1.575	-0.325	1313046758.309306
-1.575	-0.275	2029254081.023473
-1.575	-0.225	2495874003.397855
-1.575	-0.175	2593538638.313423
-1.575	-0.125	3266339456.620671
-1.575	-0.0749999999999999	3852327266.11408
-1.575	-0.0249999999999999	4318947188.488461
-1.575	0.0250000000000001	4720457354.252464
-1.575	0.0750000000000001	5697103703.408146
-1.575	0.125	6424162652.224044
-1.575	0.175	7183776479.34513
-1.575	0.225	7552731766.803944
-1.575	0.275	8366603724.433679
-1.575	0.325	9679650482.742985
-1.575	0.375	11491872041.73186
-1.575	0.425	12718105791.22733
-1.575	0.475	13976894419.02799
-1.575	0.525	15224831420.72692
-1.575	0.575	16494471674.6293
-1.575	0.625	17601337537.00574
-1.575	0.675	19478668852.605
-1.575	0.725	20444463575.65895
-1.575	0.775	22104762369.22361
-1.575	0.825	23330996118.71907
-1.575	0.875	24383603850.58687
-1.575	0.925	23906132302.11076
-1.575	0.975	23862725797.70384
-1.575	1.025	23851874171.60211
-1.575	1.075	23472067258.04156
-1.575	1.125	21844323342.7821
-1.575	1.175	19413559095.99462
-1.575	1.225	17384305014.97115
-1.575	1.275	14193926941.06258
-1.575	1.325	12034453346.81835
-1.575	1.375	9874979752.574121
-1.575	1.425	7498473636.295294
-1.575	1.475	5219632154.932035
-1.575	1.525	4112766292.555595
-1.575	1.575	2571835386.109963
-1.575	1.625	1606040663.056011
-1.575	1.675	792168705.4262756
-1.575	1.725	499174800.6795709
-1.575	1.775	238735774.2380557
-1.575	1.825	162774391.5259471
-1.575	1.875	65109756.61037882
-1.575	1.925	32554878.30518941
-1.575	1.975	0
-1.575	2.025	0
-1.575	2.075	0
-1.575	2.125	0
-1.575	2.175	0
-1.575	2.225	0
-1.575	2.275	0
-1.575	2.325	0
-1.575	2.375	0
-1.575	2.425	0
-1.575	2.475	0
-1.575	2.525	0
-1.575	2.575	0
-1.575	2.625	0
-1.525	-1.975	0
-1.525	-1.925	0
-1.525	-1.875	0
-1.525	-1.825	0
-1.525	-1.775	0
-1.525	-1.725	0
-1.525	-1.675	0
-1.525	-1.625	0
-1.525	-1.575	0
-1.525	-1.525	10851626.1017298
-1.525	-1.475	0
-1.525	-1.425	0
-1.525	-1.375	10851626.1017298
-1.525	-1.325	0
-1.525	-1.275	21703252.20345961
-1.525	-1.225	32554878.30518941
-1.525	-1.175	10851626.1017298
-1.525	-1.125	65109756.61037882
-1.525	-1.075	43406504.40691921
-1.525	-1.025	65109756.61037882
-1.525	-0.975	75961382.71210863
-1.525	-0.925	151922765.4242173
-1.525	-0.875	184477643.7294067
-1.525	-0.825	173626017.6276768
-1.525	-0.775	271290652.5432451
-1.525	-0.725	401510165.7640027
-1.525	-0.675	477471548.4761114
-1.525	-0.625	510026426.7813008
-1.525	-0.575	575136183.3916796
-1.525	-0.525	911536592.5453035
-1.525	-0.475	1269640253.902387
-1.525	-0.425	1269640253.902387
-1.525	-0.375	1584337410.852551
-1.525	-0.325	2105215463.735582
-1.525	-0.275	2560983760.008234
-1.525	-0.225	3190378073.908563
-1.525	-0.175	3353152465.434509
-1.525	-0.125	3874030518.31754
-1.525	-0.0749999999999999	4622792719.336896
-1.525	-0.0249999999999999	4894083371.880141
-1.525	0.0250000000000001	6098613869.17215
-1.525	0.0750000000000001	7238034609.853779
-1.525	0.125	7824022419.347189
-1.525	0.175	8952591533.927088
-1.525	0.225	10189676909.52428
-1.525	0.275	11481020415.63013
-1.525	0.325	12739809043.43079
-1.525	0.375	14324146454.28334
-1.525	0.425	15029502150.89578
-1.525	0.475	16700652570.56217
-1.525	0.525	17720705424.12477
-1.525	0.575	20618089593.28663
-1.525	0.625	22137317247.5288
-1.525	0.675	23504622136.34676
-1.525	0.725	25696650608.89618
-1.525	0.775	26532225818.72937
-1.525	0.825	26619038827.54321
-1.525	0.875	26119864026.86364
-1.525	0.925	27324394524.15564
-1.525	0.975	26814368097.37434
-1.525	1.025	25436211582.45466
-1.525	1.075	22918634326.85334
-1.525	1.125	21106412767.86447
-1.525	1.175	19489520478.70673
-1.525	1.225	16830872083.78292
-1.525	1.275	14595437106.82659
-1.525	1.325	11036103745.45921
-1.525	1.375	8572784620.366545
-1.525	1.425	5642845572.899497
-1.525	1.475	4709605728.150735
-1.525	1.525	2745461403.73764
-1.525	1.575	1866479689.497526
-1.525	1.625	1052607731.867791
-1.525	1.675	542581305.0864902
-1.525	1.725	227884148.1363259
-1.525	1.775	54258130.50864901
-1.525	1.825	43406504.40691921
-1.525	1.875	21703252.20345961
-1.525	1.925	21703252.20345961
-1.525	1.975	0
-1.525	2.025	0
-1.525	2.075	0
-1.525	2.125	0
-1.525	2.175	0
-1.525	2.225	0
-1.525	2.275	0
-1.525	2.325	0
-1.525	2.375	0
-1.525	2.425	0
-1.525	2.475	0
-1.525	2.525	0
-1.525	2.575	0
-1.525	2.625	0
-1.475	-1.975	0
-1.475	-1.925	0
-1.475	-1.875	0
-1.475	-1.825	0
-1.475	-1.775	0
-1.475	-1.725	0
-1.475	-1.675	0
-1.475	-1.625	0
-1.475	-1.575	0
-1.475	-1.525	0
-1.475	-1.475	0
-1.475	-1.425	0
-1.475	-1.375	10851626.1017298
-1.475	-1.325	21703252.20345961
-1.475	-1.275	0
-1.475	-1.225	10851626.1017298
-1.475	-1.175	54258130.50864901
-1.475	-1.125	54258130.50864901
-1.475	-1.075	54258130.50864901
-1.475	-1.025	54258130.50864901
-1.475	-0.975	97664634.91556822
-1.475	-0.925	151922765.4242173
-1.475	-0.875	217032522.0345961
-1.475	-0.825	206180895.9328662
-1.475	-0.775	347252035.2553537
-1.475	-0.725	260439026.4415153
-1.475	-0.675	575136183.3916796
-1.475	-0.625	618542687.7985989
-1.475	-0.575	737910574.9176266
-1.475	-0.525	846426835.9349247
-1.475	-0.475	1486672775.936983
-1.475	-0.425	1899034567.802716
-1.475	-0.375	2343951237.973638
-1.475	-0.325	2951642299.670506
-1.475	-0.275	3298894334.92586
-1.475	-0.225	3646146370.181214
-1.475	-0.175	4655347597.642086
-1.475	-0.125	5056857763.406088
-1.475	-0.0749999999999999	6239685008.494637
-1.475	-0.0249999999999999	7021002087.819182
-1.475	0.0250000000000001	8084461445.788704
-1.475	0.0750000000000001	9093662673.249575
-1.475	0.125	9831573248.167202
-1.475	0.175	11263987893.59554
-1.475	0.225	12674699286.82041
-1.475	0.275	14183075314.96085
-1.475	0.325	14877579385.47156
-1.475	0.375	16678949318.35871
-1.475	0.425	18512874129.55104
-1.475	0.475	20987044880.74544
-1.475	0.525	22441162778.37723
-1.475	0.575	23699951406.17789
-1.475	0.625	25729205487.20137
-1.475	0.675	27270136393.647
-1.475	0.725	28290189247.2096
-1.475	0.775	29733455518.73966
-1.475	0.825	29809416901.45177
-1.475	0.875	29440461613.99295
-1.475	0.925	29917933162.46907
-1.475	0.975	28854473804.49955
-1.475	1.025	25859425000.42212
-1.475	1.075	22842672944.14124
-1.475	1.125	21562181064.13712
-1.475	1.175	18317544859.71991
-1.475	1.225	15333347681.74421
-1.475	1.275	11535278546.13878
-1.475	1.325	9126217551.554766
-1.475	1.375	6478420782.732693
-1.475	1.425	4926638250.18533
-1.475	1.475	2919087421.365317
-1.475	1.525	1909886193.904445
-1.475	1.575	835575209.8331949
-1.475	1.625	651097566.1037883
-1.475	1.675	271290652.5432451
-1.475	1.725	97664634.91556822
-1.475	1.775	75961382.71210863
-1.475	1.825	10851626.1017298
-1.475	1.875	0
-1.475	1.925	0
-1.475	1.975	0
-1.475	2.025	0
-1.475	2.075	0
-1.475	2.125	0
-1.475	2.175	0
-1.475	2.225	0
-1.475	2.275	0
-1.475	2.325	0
-1.475	2.375	0
-1.475	2.425	0
-1.475	2.475	0
-1.475	2.525	0
-1.475	2.575	0
-1.475	2.625	0
-1.425	-1.975	0
-1.425	-1.925	0
-1.425	-1.875	0
-1.425	-1.825	0
-1.425	-1.775	0
-1.425	-1.725	10851626.1017298
-1.425	-1.675	0
-1.425	-1.625	0
-1.425	-1.575	10851626.1017298
-1.425	-1.525	10851626.1017298
-1.425	-1.475	0
-1.425	-1.425	10851626.1017298
-1.425	-1.375	32554878.30518941
-1.425	-1.325	10851626.1017298
-1.425	-1.275	10851626.1017298
-1.425	-1.225	32554878.30518941
-1.425	-1.175	97664634.91556822
-1.425	-1.125	65109756.61037882
-1.425	-1.075	65109756.61037882
-1.425	-1.025	130219513.2207576
-1.425	-0.975	75961382.71210863
-1.425	-0.925	227884148.1363259
-1.425	-0.875	238735774.2380557
-1.425	-0.825	314697156.9501643
-1.425	-0.775	358103661.3570835
-1.425	-0.725	542581305.0864902
-1.425	-0.675	510026426.7813008
-1.425	-0.625	889833340.341844
-1.425	-0.575	1020052853.562602
-1.425	-0.525	1269640253.902387
-1.425	-0.475	1530079280.343902
-1.425	-0.425	2213731724.75288
-1.425	-0.375	3190378073.908563
-1.425	-0.325	3114416691.196454
-1.425	-0.275	3906585396.622729
-1.425	-0.225	4622792719.336896
-1.425	-0.175	5892432973.239284
-1.425	-0.125	6673750052.563828
-1.425	-0.0749999999999999	7368254123.074536
-1.425	-0.0249999999999999	8410010228.840597
-1.425	0.0250000000000001	9603689100.030876
-1.425	0.0750000000000001	10287341544.43985
-1.425	0.125	11784865946.47857
-1.425	0.175	13976894419.02799
-1.425	0.225	15159721664.11654
-1.425	0.275	17481969649.88671
-1.425	0.325	18458615999.0424
-1.425	0.375	20216579427.52262
-1.425	0.425	22734156683.12394
-1.425	0.475	24893630277.36817
-1.425	0.525	24839372146.85952
-1.425	0.575	27443762411.27467
-1.425	0.625	29473016492.29815
-1.425	0.675	31936335617.39081
-1.425	0.725	32294439278.74789
-1.425	0.775	34280286855.36445
-1.425	0.825	32088258382.81503
-1.425	0.875	31654193338.74583
-1.425	0.925	31730154721.45795
-1.425	0.975	28941286813.31339
-1.425	1.025	27107362002.12105
-1.425	1.075	22788414813.63258
-1.425	1.125	19587185113.6223
-1.425	1.175	17123865988.52963
-1.425	1.225	13488571244.45015
-1.425	1.275	10395857805.45715
-1.425	1.325	7813170793.245459
-1.425	1.375	5219632154.932035
-1.425	1.425	3374855717.637969
-1.425	1.475	2116067089.837312
-1.425	1.525	1226233749.495468
-1.425	1.575	542581305.0864902
-1.425	1.625	390658539.6622729
-1.425	1.675	151922765.4242173
-1.425	1.725	54258130.50864901
-1.425	1.775	10851626.1017298
-1.425	1.825	0
-1.425	1.875	0
-1.425	1.925	0
-1.425	1.975	0
-1.425	2.025	0
-1.425	2.075	0
-1.425	2.125	0
-1.425	2.175	0
-1.425	2.225	0
-1.425	2.275	0
-1.425	2.325	0
-1.425	2.375	0
-1.425	2.425	0
-1.425	2.475	0
-1.425	2.525	0
-1.425	2.575	0
-1.425	2.625	0
-1.375	-1.975	0
-1.375	-1.925	0
-1.375	-1.875	0
-1.375	-1.825	0
-1.375	-1.775	0
-1.375	-1.725	0
-1.375	-1.675	0
-1.375	-1.625	0
-1.375	-1.575	0
-1.375	-1.525	0
-1.375	-1.475	0
-1.375	-1.425	10851626.1017298
-1.375	-1.375	10851626.1017298
-1.375	-1.325	10851626.1017298
-1.375	-1.275	54258130.50864901
-1.375	-1.225	43406504.40691921
-1.375	-1.175	10851626.1017298
-1.375	-1.125	75961382.71210863
-1.375	-1.075	151922765.4242173
-1.375	-1.025	227884148.1363259
-1.375	-0.975	227884148.1363259
-1.375	-0.925	249587400.3397855
-1.375	-0.875	390658539.6622729
-1.375	-0.825	477471548.4761114
-1.375	-0.775	444916670.170922
-1.375	-0.725	672800818.3072478
-1.375	-0.675	889833340.341844
-1.375	-0.625	933239844.7487631
-1.375	-0.575	1443266271.530064
-1.375	-0.525	1725408550.175039
-1.375	-0.475	2061808959.328663
-1.375	-0.425	2702054899.330721
-1.375	-0.375	3722107752.893322
-1.375	-0.325	4427463449.50576
-1.375	-0.275	4904934997.981872
-1.375	-0.225	6315646391.206745
-1.375	-0.175	7216331357.650319
-1.375	-0.125	7921687054.262756
-1.375	-0.0749999999999999	9397508204.098009
-1.375	-0.0249999999999999	10439264309.86407
-1.375	0.0250000000000001	12305743999.3616
-1.375	0.0750000000000001	13325796852.9242
-1.375	0.125	16331697283.10336
-1.375	0.175	17623040789.2092
-1.375	0.225	19446113974.29981
-1.375	0.275	19999546905.48803
-1.375	0.325	22365201395.66513
-1.375	0.375	24448713607.19725
-1.375	0.425	28311892499.41306
-1.375	0.475	29972191292.97771
-1.375	0.525	31784412851.96659
-1.375	0.575	33032349853.66552
-1.375	0.625	35180971821.80802
-1.375	0.675	35929734022.82738
-1.375	0.725	36190173049.2689
-1.375	0.775	35994843779.43776
-1.375	0.825	35636740118.08067
-1.375	0.875	33596634410.95547
-1.375	0.925	32077406756.7133
-1.375	0.975	28897880308.90646
-1.375	1.025	25881128252.62558
-1.375	1.075	22994595709.56546
-1.375	1.125	18523725755.65277
-1.375	1.175	15376754186.15113
-1.375	1.225	10547780570.88137
-1.375	1.275	8431713481.044058
-1.375	1.325	5664548825.102958
-1.375	1.375	3895733770.520999
-1.375	1.425	2322247985.770178
-1.375	1.475	1193678871.190279
-1.375	1.525	683652444.4089776
-1.375	1.575	423213417.9674624
-1.375	1.625	206180895.9328662
-1.375	1.675	54258130.50864901
-1.375	1.725	10851626.1017298
-1.375	1.775	10851626.1017298
-1.375	1.825	0
-1.375	1.875	10851626.1017298
-1.375	1.925	0
-1.375	1.975	0
-1.375	2.025	0
-1.375	2.075	0
-1.375	2.125	0
-1.375	2.175	0
-1.375	2.225	0
-1.375	2.275	0
-1.375	2.325	0
-1.375	2.375	0
-1.375	2.425	0
-1.375	2.475	0
-1.375	2.525	0
-1.375	2.575	0
-1.375	2.625	0
-1.325	-1.975	0
-1.325	-1.925	0
-1.325	-1.875	0
-1.325	-1.825	0
-1.325	-1.775	0
-1.325	-1.725	10851626.1017298
-1.325	-1.675	0
-1.325	-1.625	10851626.1017298
-1.325	-1.575	0
-1.325	-1.525	21703252.20345961
-1.325	-1.475	10851626.1017298
-1.325	-1.425	10851626.1017298
-1.325	-1.375	10851626.1017298
-1.325	-1.325	21703252.20345961
-1.325	-1.275	21703252.20345961
-1.325	-1.225	32554878.30518941
-1.325	-1.175	32554878.30518941
-1.325	-1.125	108516261.017298
-1.325	-1.075	206180895.9328662
-1.325	-1.025	195329269.8311364
-1.325	-0.975	238735774.2380557
-1.325	-0.925	282142278.6449749
-1.325	-0.875	379806913.5605431
-1.325	-0.825	499174800.6795709
-1.325	-0.775	640245940.0020584
-1.325	-0.725	759613827.1210862
-1.325	-0.675	944091470.850493
-1.325	-0.625	1215382123.393738
-1.325	-0.575	1584337410.852551
-1.325	-0.525	2192028472.54942
-1.325	-0.475	2723758151.534181
-1.325	-0.425	3711256126.791593
-1.325	-0.375	4644495971.540356
-1.325	-0.325	5197928902.728576
-1.325	-0.275	6174575251.884259
-1.325	-0.225	7606989897.312593
-1.325	-0.175	9147920803.758224
-1.325	-0.125	10471819188.16926
-1.325	-0.0749999999999999	11763162694.27511
-1.325	-0.0249999999999999	13011099695.97404
-1.325	0.0250000000000001	14758211498.35253
-1.325	0.0750000000000001	16798317205.47774
-1.325	0.125	19305042834.97732
-1.325	0.175	21475368055.32328
-1.325	0.225	23027150587.87064
-1.325	0.275	25240882312.62352
-1.325	0.325	26912032732.28991
-1.325	0.375	30482217719.75902
-1.325	0.425	32934685218.74995
-1.325	0.475	35539075483.16511
-1.325	0.525	36743605980.45712
-1.325	0.575	37275335659.44187
-1.325	0.625	39456512505.88956
-1.325	0.675	41583431221.82861
-1.325	0.725	39858022671.65357
-1.325	0.775	39206925105.54978
-1.325	0.825	37687697451.3076
-1.325	0.875	35636740118.08067
-1.325	0.925	32348697409.25655
-1.325	0.975	28550628273.65112
-1.325	1.025	25544727843.47195
-1.325	1.075	20878528619.72814
-1.325	1.125	17156420866.83482
-1.325	1.175	12186376112.24257
-1.325	1.225	9126217551.554766
-1.325	1.275	6586937043.749991
-1.325	1.325	4156172796.962515
-1.325	1.375	2593538638.313423
-1.325	1.425	1573485784.750822
-1.325	1.475	792168705.4262756
-1.325	1.525	368955287.4588133
-1.325	1.575	97664634.91556822
-1.325	1.625	119367887.1190278
-1.325	1.675	10851626.1017298
-1.325	1.725	0
-1.325	1.775	0
-1.325	1.825	0
-1.325	1.875	0
-1.325	1.925	0
-1.325	1.975	0
-1.325	2.025	0
-1.325	2.075	0
-1.325	2.125	0
-1.325	2.175	0
-1.325	2.225	0
-1.325	2.275	0
-1.325	2.325	0
-1.325	2.375	0
-1.325	2.425	0
-1.325	2.475	0
-1.325	2.525	0
-1.325	2.575	0
-1.325	2.625	0
-1.275	-1.975	0
-1.275	-1.925	0
-1.275	-1.875	0
-1.275	-1.825	10851626.1017298
-1.275	-1.775	0
-1.275	-1.725	0
-1.275	-1.675	0
-1.275	-1.625	0
-1.275	-1.575	0
-1.275	-1.525	0
-1.275	-1.475	21703252.20345961
-1.275	-1.425	0
-1.275	-1.375	43406504.40691921
-1.275	-1.325	10851626.1017298
-1.275	-1.275	65109756.61037882
-1.275	-1.225	43406504.40691921
-1.275	-1.175	32554878.30518941
-1.275	-1.125	130219513.2207576
-1.275	-1.075	173626017.6276768
-1.275	-1.025	292993904.7467047
-1.275	-0.975	347252035.2553537
-1.275	-0.925	564284557.2899498
-1.275	-0.875	358103661.3570835
-1.275	-0.825	705355696.6124371
-1.275	-0.775	737910574.9176266
-1.275	-0.725	1030904479.664331
-1.275	-0.675	1475821149.835253
-1.275	-0.625	1508376028.140443
-1.275	-0.575	2050957333.226933
-1.275	-0.525	2419912620.685746
-1.275	-0.475	3450817100.350078
-1.275	-0.425	4416611823.40403
-1.275	-0.375	5111115893.914738
-1.275	-0.325	7129518348.836481
-1.275	-0.275	8225532585.111191
-1.275	-0.225	9777315117.658552
-1.275	-0.175	11882530581.39413
-1.275	-0.125	12229782616.64949
-1.275	-0.0749999999999999	14606288732.92831
-1.275	-0.0249999999999999	16331697283.10336
-1.275	0.0250000000000001	17970292824.46455
-1.275	0.0750000000000001	20932786750.23679
-1.275	0.125	22940337579.0568
-1.275	0.175	26022199391.94807
-1.275	0.225	27791014446.53003
-1.275	0.275	30579882354.67458
-1.275	0.325	33455563271.63298
-1.275	0.375	35766959631.30143
-1.275	0.425	39272034862.16016
-1.275	0.475	40172719828.60373
-1.275	0.525	42147715779.11855
-1.275	0.575	43710349937.76765
-1.275	0.625	44589331652.00776
-1.275	0.675	43992492216.41263
-1.275	0.725	43232878389.29153
-1.275	0.775	41930683257.08396
-1.275	0.825	39065853966.22729
-1.275	0.875	35886327518.42046
-1.275	0.925	31578231956.03373
-1.275	0.975	27660794933.30927
-1.275	1.025	22625640422.10664
-1.275	1.075	17991996076.66801
-1.275	1.125	14302443202.07988
-1.275	1.175	10178825283.42256
-1.275	1.225	6641195174.25864
-1.275	1.275	4297243936.285002
-1.275	1.325	2626093516.618612
-1.275	1.375	1389008141.021415
-1.275	1.425	857278462.0366545
-1.275	1.475	368955287.4588133
-1.275	1.525	238735774.2380557
-1.275	1.575	65109756.61037882
-1.275	1.625	0
-1.275	1.675	0
-1.275	1.725	10851626.1017298
-1.275	1.775	10851626.1017298
-1.275	1.825	0
-1.275	1.875	0
-1.275	1.925	0
-1.275	1.975	0
-1.275	2.025	0
-1.275	2.075	0
-1.275	2.125	0
-1.275	2.175	0
-1.275	2.225	0
-1.275	2.275	0
-1.275	2.325	0
-1.275	2.375	0
-1.275	2.425	0
-1.275	2.475	0
-1.275	2.525	0
-1.275	2.575	0
-1.275	2.625	0
-1.225	-1.975	0
-1.225	-1.925	0
-1.225	-1.875	0
-1.225	-1.825	0
-1.225	-1.775	0
-1.225	-1.725	0
-1.225	-1.675	0
-1.225	-1.625	0
-1.225	-1.575	0
-1.225	-1.525	0
-1.225	-1.475	10851626.1017298
-1.225	-1.425	21703252.20345961
-1.225	-1.375	21703252.20345961
-1.225	-1.325	32554878.30518941
-1.225	-1.275	54258130.50864901
-1.225	-1.225	54258130.50864901
-1.225	-1.175	97664634.91556822
-1.225	-1.125	184477643.7294067
-1.225	-1.075	184477643.7294067
-1.225	-1.025	358103661.3570835
-1.225	-0.975	292993904.7467047
-1.225	-0.925	466619922.3743815
-1.225	-0.875	803020331.5280055
-1.225	-0.825	748762201.0193564
-1.225	-0.775	1009201227.460872
-1.225	-0.725	1182827245.088549
-1.225	-0.675	1790518306.785418
-1.225	-0.625	1866479689.497526
-1.225	-0.575	2626093516.618612
-1.225	-0.525	3298894334.92586
-1.225	-0.475	4329798814.590192
-1.225	-0.425	5349851668.152793
-1.225	-0.375	7086111844.429562
-1.225	-0.325	8887481777.31671
-1.225	-0.275	9918386256.981039
-1.225	-0.225	12218930990.54776
-1.225	-0.175	14107113932.24874
-1.225	-0.125	16548729805.13795
-1.225	-0.0749999999999999	17829221685.14207
-1.225	-0.0249999999999999	20607237967.1849
-1.225	0.0250000000000001	23255034736.00697
-1.225	0.0750000000000001	25273437190.92871
-1.225	0.125	27877827455.34386
-1.225	0.175	31697599843.15276
-1.225	0.225	34519022629.60251
-1.225	0.275	36569979962.82944
-1.225	0.325	39196073479.44805
-1.225	0.375	41268734064.87845
-1.225	0.425	44600183278.10949
-1.225	0.475	46325591828.28453
-1.225	0.525	48289736152.69763
-1.225	0.575	48604433309.64779
-1.225	0.625	49624486163.21039
-1.225	0.675	48116110135.06995
-1.225	0.725	45142764583.19598
-1.225	0.775	42918181232.34138
-1.225	0.825	39196073479.44805
-1.225	0.875	35202675074.01148
-1.225	0.925	29169170961.44971
-1.225	0.975	25740057113.3031
-1.225	1.025	19630591618.02922
-1.225	1.075	15799967604.1186
-1.225	1.125	10873329353.93326
-1.225	1.175	7585286645.109133
-1.225	1.225	5219632154.932035
-1.225	1.275	2886532543.060128
-1.225	1.325	1573485784.750822
-1.225	1.375	922388218.6470333
-1.225	1.425	542581305.0864902
-1.225	1.475	184477643.7294067
-1.225	1.525	43406504.40691921
-1.225	1.575	32554878.30518941
-1.225	1.625	0
-1.225	1.675	10851626.1017298
-1.225	1.725	10851626.1017298
-1.225	1.775	0
-1.225	1.825	0
-1.225	1.875	0
-1.225	1.925	0
-1.225	1.975	0
-1.225	2.025	0
-1.225	2.075	0
-1.225	2.125	0
-1.225	2.175	0
-1.225	2.225	0
-1.225	2.275	0
-1.225	2.325	0
-1.225	2.375	0
-1.225	2.425	0
-1.225	2.475	0
-1.225	2.525	0
-1.225	2.575	0
-1.225	2.625	0
-1.175	-1.975	0
-1.175	-1.925	0
-1.175	-1.875	0
-1.175	-1.825	0
-1.175	-1.775	0
-1.175	-1.725	10851626.1017298
-1.175	-1.675	0
-1.175	-1.625	10851626.1017298
-1.175	-1.575	0
-1.175	-1.525	0
-1.175	-1.475	0
-1.175	-1.425	21703252.20345961
-1.175	-1.375	54258130.50864901
-1.175	-1.325	32554878.30518941
-1.175	-1.275	43406504.40691921
-1.175	-1.225	86813008.81383842
-1.175	-1.175	119367887.1190278
-1.175	-1.125	141071139.3224874
-1.175	-1.075	238735774.2380557
-1.175	-1.025	379806913.5605431
-1.175	-0.975	488323174.5778412
-1.175	-0.925	510026426.7813008
-1.175	-0.875	661949192.205518
-1.175	-0.825	922388218.6470333
-1.175	-0.775	1486672775.936983
-1.175	-0.725	1736260176.276768
-1.175	-0.675	2061808959.328663
-1.175	-0.625	2973345551.873966
-1.175	-0.575	3429113848.146618
-1.175	-0.525	4047656535.945217
-1.175	-0.475	5306445163.745873
-1.175	-0.425	6738859809.174208
-1.175	-0.375	8735559011.89249
-1.175	-0.325	11101213502.06959
-1.175	-0.275	13260687096.31382
-1.175	-0.225	15213979794.62519
-1.175	-0.175	17340898510.56422
-1.175	-0.125	19771662757.3517
-1.175	-0.0749999999999999	23363550997.02427
-1.175	-0.0249999999999999	25099811173.30104
-1.175	0.0250000000000001	27953788838.05598
-1.175	0.0750000000000001	30536475850.26767
-1.175	0.125	33596634410.95547
-1.175	0.175	37155967772.32285
-1.175	0.225	39792912915.04319
-1.175	0.275	43699498311.66592
-1.175	0.325	46965837768.28659
-1.175	0.375	49461711771.68444
-1.175	0.425	52348244314.74457
-1.175	0.475	53965136603.90231
-1.175	0.525	53704697577.4608
-1.175	0.575	53824065464.57983
-1.175	0.625	53498516681.52793
-1.175	0.675	49874073563.55018
-1.175	0.725	47486715821.16962
-1.175	0.775	42874774727.93446
-1.175	0.825	39120112096.73594
-1.175	0.875	32576581557.39287
-1.175	0.925	28225079490.59922
-1.175	0.975	21659845699.05269
-1.175	1.025	17113014362.4279
-1.175	1.075	12273189121.05641
-1.175	1.125	8659597629.180384
-1.175	1.175	5436664676.966631
-1.175	1.225	3385707343.739699
-1.175	1.275	2137770342.040771
-1.175	1.325	1085162610.17298
-1.175	1.375	531729678.9847604
-1.175	1.425	249587400.3397855
-1.175	1.475	86813008.81383842
-1.175	1.525	54258130.50864901
-1.175	1.575	10851626.1017298
-1.175	1.625	10851626.1017298
-1.175	1.675	0
-1.175	1.725	0
-1.175	1.775	0
-1.175	1.825	0
-1.175	1.875	0
-1.175	1.925	0
-1.175	1.975	0
-1.175	2.025	0
-1.175	2.075	0
-1.175	2.125	0
-1.175	2.175	0
-1.175	2.225	0
-1.175	2.275	0
-1.175	2.325	0
-1.175	2.375	0
-1.175	2.425	0
-1.175	2.475	0
-1.175	2.525	0
-1.175	2.575	0
-1.175	2.625	0
-1.125	-1.975	0
-1.125	-1.925	0
-1.125	-1.875	0
-1.125	-1.825	0
-1.125	-1.775	21703252.20345961
-1.125	-1.725	0
-1.125	-1.675	0
-1.125	-1.625	10851626.1017298
-1.125	-1.575	0
-1.125	-1.525	21703252.20345961
-1.125	-1.475	0
-1.125	-1.425	0
-1.125	-1.375	21703252.20345961
-1.125	-1.325	54258130.50864901
-1.125	-1.275	75961382.71210863
-1.125	-1.225	130219513.2207576
-1.125	-1.175	184477643.7294067
-1.125	-1.125	314697156.9501643
-1.125	-1.075	336400409.1536239
-1.125	-1.025	531729678.9847604
-1.125	-0.975	542581305.0864902
-1.125	-0.925	792168705.4262756
-1.125	-0.875	1041756105.766061
-1.125	-0.825	1150272366.783359
-1.125	-0.775	1714556924.073309
-1.125	-0.725	2181176846.44769
-1.125	-0.675	2604390264.415153
-1.125	-0.625	3320597587.12932
-1.125	-0.575	4557682962.726518
-1.125	-0.525	5111115893.914738
-1.125	-0.475	6445865904.427504
-1.125	-0.425	9267288690.877253
-1.125	-0.375	10851626101.7298
-1.125	-0.325	13966042792.92626
-1.125	-0.275	15431012316.65978
-1.125	-0.225	18968642425.8237
-1.125	-0.175	21952839603.79939
-1.125	-0.125	24633191250.92665
-1.125	-0.0749999999999999	27009697367.20548
-1.125	-0.0249999999999999	30438811215.3521
-1.125	0.0250000000000001	34084957585.53331
-1.125	0.0750000000000001	36721902728.25365
-1.125	0.125	41550876343.52341
-1.125	0.175	45294687348.6202
-1.125	0.225	48018445500.15438
-1.125	0.275	51349894713.38543
-1.125	0.325	54616234170.0061
-1.125	0.375	56547823616.11401
-1.125	0.425	58956884610.69802
-1.125	0.475	58880923227.98591
-1.125	0.525	59369246402.56375
-1.125	0.575	58783258593.07035
-1.125	0.625	55831616293.39984
-1.125	0.675	51436707722.19927
-1.125	0.725	47573528829.98346
-1.125	0.775	43070103997.76559
-1.125	0.825	36732754354.35538
-1.125	0.875	29950488040.77426
-1.125	0.925	24253384337.36611
-1.125	0.975	18795016408.19602
-1.125	1.025	13510274496.6536
-1.125	1.075	8941739907.825357
-1.125	1.125	6478420782.732693
-1.125	1.175	3852327266.11408
-1.125	1.225	2050957333.226933
-1.125	1.275	1074310984.07125
-1.125	1.325	390658539.6622729
-1.125	1.375	260439026.4415153
-1.125	1.425	97664634.91556822
-1.125	1.475	21703252.20345961
-1.125	1.525	0
-1.125	1.575	10851626.1017298
-1.125	1.625	0
-1.125	1.675	0
-1.125	1.725	0
-1.125	1.775	0
-1.125	1.825	0
-1.125	1.875	0
-1.125	1.925	0
-1.125	1.975	0
-1.125	2.025	0
-1.125	2.075	0
-1.125	2.125	0
-1.125	2.175	0
-1.125	2.225	0
-1.125	2.275	0
-1.125	2.325	0
-1.125	2.375	0
-1.125	2.425	0
-1.125	2.475	0
-1.125	2.525	0
-1.125	2.575	0
-1.125	2.625	0
-1.075	-1.975	0
-1.075	-1.925	0
-1.075	-1.875	0
-1.075	-1.825	0
-1.075	-1.775	0
-1.075	-1.725	0
-1.075	-1.675	10851626.1017298
-1.075	-1.625	10851626.1017298
-1.075	-1.575	32554878.30518941
-1.075	-1.525	10851626.1017298
-1.075	-1.475	21703252.20345961
-1.075	-1.425	21703252.20345961
-1.075	-1.375	32554878.30518941
-1.075	-1.325	75961382.71210863
-1.075	-1.275	119367887.1190278
-1.075	-1.225	162774391.5259471
-1.075	-1.175	217032522.0345961
-1.075	-1.125	227884148.1363259
-1.075	-1.075	325548783.0518941
-1.075	-1.025	651097566.1037883
-1.075	-0.975	813871957.6297354
-1.075	-0.925	954943096.9522227
-1.075	-0.875	1182827245.088549
-1.075	-0.825	1486672775.936983
-1.075	-0.775	1974995950.514824
-1.075	-0.725	2604390264.415153
-1.075	-0.675	3212081326.112022
-1.075	-0.625	4091063040.352136
-1.075	-0.575	5317296789.847604
-1.075	-0.525	6879930948.496695
-1.075	-0.475	8475119985.450976
-1.075	-0.425	10591187075.28829
-1.075	-0.375	13640494009.87436
-1.075	-0.325	16885130214.29157
-1.075	-0.275	20346798940.74338
-1.075	-0.225	23949538806.51767
-1.075	-0.175	26662445331.95013
-1.075	-0.125	29983042919.07944
-1.075	-0.0749999999999999	33650892541.46412
-1.075	-0.0249999999999999	37318742163.84879
-1.075	0.0250000000000001	41496618213.01477
-1.075	0.0750000000000001	45446610114.04442
-1.075	0.125	50514319503.55224
-1.075	0.175	53531071559.83312
-1.075	0.225	56515268737.80882
-1.075	0.275	60834215926.29728
-1.075	0.325	61919378536.47026
-1.075	0.375	62570476102.57405
-1.075	0.425	65782557428.68607
-1.075	0.475	64556323679.1906
-1.075	0.525	63134760659.864
-1.075	0.575	60888474056.80593
-1.075	0.625	56005242311.02752
-1.075	0.675	52478463827.96533
-1.075	0.725	47649490212.69557
-1.075	0.775	40954036907.92828
-1.075	0.825	33336195384.51395
-1.075	0.875	27042252245.51067
-1.075	0.925	20335947314.64165
-1.075	0.975	15279089551.23556
-1.075	1.025	9809869995.963743
-1.075	1.075	6413311026.122313
-1.075	1.125	4492573206.116138
-1.075	1.175	2116067089.837312
-1.075	1.225	1096014236.27471
-1.075	1.275	672800818.3072478
-1.075	1.325	249587400.3397855
-1.075	1.375	97664634.91556822
-1.075	1.425	32554878.30518941
-1.075	1.475	10851626.1017298
-1.075	1.525	0
-1.075	1.575	0
-1.075	1.625	0
-1.075	1.675	0
-1.075	1.725	0
-1.075	1.775	0
-1.075	1.825	0
-1.075	1.875	0
-1.075	1.925	0
-1.075	1.975	0
-1.075	2.025	0
-1.075	2.075	0
-1.075	2.125	0
-1.075	2.175	0
-1.075	2.225	0
-1.075	2.275	0
-1.075	2.325	0
-1.075	2.375	0
-1.075	2.425	0
-1.075	2.475	0
-1.075	2.525	0
-1.075	2.575	0
-1.075	2.625	0
-1.025	-1.975	0
-1.025	-1.925	0
-1.025	-1.875	10851626.1017298
-1.025	-1.825	0
-1.025	-1.775	0
-1.025	-1.725	0
-1.025	-1.675	21703252.20345961
-1.025	-1.625	10851626.1017298
-1.025	-1.575	10851626.1017298
-1.025	-1.525	21703252.20345961
-1.025	-1.475	43406504.40691921
-1.025	-1.425	65109756.61037882
-1.025	-1.375	54258130.50864901
-1.025	-1.325	32554878.30518941
-1.025	-1.275	108516261.017298
-1.025	-1.225	217032522.0345961
-1.025	-1.175	271290652.5432451
-1.025	-1.125	368955287.4588133
-1.025	-1.075	412361791.8657325
-1.025	-1.025	835575209.8331949
-1.025	-0.975	672800818.3072478
-1.025	-0.925	1280491880.004117
-1.025	-0.875	1595189036.954281
-1.025	-0.825	2105215463.735582
-1.025	-0.775	2539280507.804774
-1.025	-0.725	2973345551.873966
-1.025	-0.675	4503424832.217869
-1.025	-0.625	5046006137.304358
-1.025	-0.575	6228833382.392907
-1.025	-0.525	8312345593.92503
-1.025	-0.475	10287341544.43985
-1.025	-0.425	13814120027.50204
-1.025	-0.375	17438563145.47979
-1.025	-0.325	20770012358.71085
-1.025	-0.275	24806817268.55433
-1.025	-0.225	29180022587.55144
-1.025	-0.175	33368750262.81915
-1.025	-0.125	36928083624.18652
-1.025	-0.0749999999999999	40324642594.02795
-1.025	-0.0249999999999999	44686996286.92333
-1.025	0.0250000000000001	49689595919.82077
-1.025	0.0750000000000001	54149614247.63172
-1.025	0.125	59510317541.88624
-1.025	0.175	65511266776.14282
-1.025	0.225	67453707848.35246
-1.025	0.275	70340240391.41258
-1.025	0.325	70915376574.80428
-1.025	0.375	71078150966.33022
-1.025	0.425	71599029019.21324
-1.025	0.475	70079801364.97107
-1.025	0.525	68810161111.06868
-1.025	0.575	62820063502.91383
-1.025	0.625	58859219975.78245
-1.025	0.675	51046049182.537
-1.025	0.725	44133563355.73511
-1.025	0.775	37481516555.37474
-1.025	0.825	29375351857.38258
-1.025	0.875	22994595709.56546
-1.025	0.925	16559581431.23968
-1.025	0.975	11329097650.20592
-1.025	1.025	7541880140.702213
-1.025	1.075	4177876049.165974
-1.025	1.125	2322247985.770178
-1.025	1.175	1247937001.698927
-1.025	1.225	748762201.0193564
-1.025	1.275	347252035.2553537
-1.025	1.325	184477643.7294067
-1.025	1.375	65109756.61037882
-1.025	1.425	0
-1.025	1.475	10851626.1017298
-1.025	1.525	0
-1.025	1.575	0
-1.025	1.625	0
-1.025	1.675	0
-1.025	1.725	0
-1.025	1.775	0
-1.025	1.825	0
-1.025	1.875	0
-1.025	1.925	0
-1.025	1.975	0
-1.025	2.025	0
-1.025	2.075	0
-1.025	2.125	0
-1.025	2.175	0
-1.025	2.225	0
-1.025	2.275	0
-1.025	2.325	0
-1.025	2.375	0
-1.025	2.425	0
-1.025	2.475	0
-1.025	2.525	0
-1.025	2.575	0
-1.025	2.625	0
-0.974999999999999	-1.975	0
-0.974999999999999	-1.925	0
-0.974999999999999	-1.875	0
-0.974999999999999	-1.825	0
-0.974999999999999	-1.775	10851626.1017298
-0.974999999999999	-1.725	32554878.30518941
-0.974999999999999	-1.675	0
-0.974999999999999	-1.625	0
-0.974999999999999	-1.575	10851626.1017298
-0.974999999999999	-1.525	32554878.30518941
-0.974999999999999	-1.475	32554878.30518941
-0.974999999999999	-1.425	43406504.40691921
-0.974999999999999	-1.375	65109756.61037882
-0.974999999999999	-1.325	141071139.3224874
-0.974999999999999	-1.275	119367887.1190278
-0.974999999999999	-1.225	303845530.8484345
-0.974999999999999	-1.175	401510165.7640027
-0.974999999999999	-1.125	412361791.8657325
-0.974999999999999	-1.075	585987809.4934094
-0.974999999999999	-1.025	1106865862.37644
-0.974999999999999	-0.975	998349601.3591418
-0.974999999999999	-0.925	1584337410.852551
-0.974999999999999	-0.875	1812221558.988877
-0.974999999999999	-0.825	2832274412.551479
-0.974999999999999	-0.775	3060158560.687804
-0.974999999999999	-0.725	3613591491.876024
-0.974999999999999	-0.675	5393258172.559712
-0.974999999999999	-0.625	6120317121.375608
-0.974999999999999	-0.575	8388306976.637137
-0.974999999999999	-0.525	10135418779.01564
-0.974999999999999	-0.475	12891731808.85501
-0.974999999999999	-0.425	16917685092.59676
-0.974999999999999	-0.375	20889380245.82987
-0.974999999999999	-0.325	25056404668.89412
-0.974999999999999	-0.275	30449662841.45383
-0.974999999999999	-0.225	35799514509.60662
-0.974999999999999	-0.175	40031648689.28124
-0.974999999999999	-0.125	44795512547.94063
-0.974999999999999	-0.0749999999999999	50644539016.77299
-0.974999999999999	-0.0249999999999999	54062801238.81788
-0.974999999999999	0.0250000000000001	60009492342.56581
-0.974999999999999	0.0750000000000001	65218272871.39612
-0.974999999999999	0.125	70546421287.34544
-0.974999999999999	0.175	72890372525.31909
-0.974999999999999	0.225	74225122535.83186
-0.974999999999999	0.275	77165913209.40063
-0.974999999999999	0.325	80117555509.07114
-0.974999999999999	0.375	78424701837.20129
-0.974999999999999	0.425	79227722168.72929
-0.974999999999999	0.475	73422102204.30385
-0.974999999999999	0.525	68484612328.01679
-0.974999999999999	0.575	63037096024.94843
-0.974999999999999	0.625	57361695573.74374
-0.974999999999999	0.675	48202923143.88379
-0.974999999999999	0.725	41442360082.50612
-0.974999999999999	0.775	32598284809.59633
-0.974999999999999	0.825	25631540852.28579
-0.974999999999999	0.875	17731557050.2265
-0.974999999999999	0.925	12132117981.73392
-0.974999999999999	0.975	8084461445.788704
-0.974999999999999	1.025	4731308980.354195
-0.974999999999999	1.075	3038455308.484345
-0.974999999999999	1.125	1399859767.123145
-0.974999999999999	1.175	661949192.205518
-0.974999999999999	1.225	282142278.6449749
-0.974999999999999	1.275	130219513.2207576
-0.974999999999999	1.325	75961382.71210863
-0.974999999999999	1.375	43406504.40691921
-0.974999999999999	1.425	0
-0.974999999999999	1.475	0
-0.974999999999999	1.525	0
-0.974999999999999	1.575	0
-0.974999999999999	1.625	0
-0.974999999999999	1.675	0
-0.974999999999999	1.725	0
-0.974999999999999	1.775	0
-0.974999999999999	1.825	0
-0.974999999999999	1.875	0
-0.974999999999999	1.925	0
-0.974999999999999	1.975	0
-0.974999999999999	2.025	0
-0.974999999999999	2.075	0
-0.974999999999999	2.125	0
-0.974999999999999	2.175	0
-0.974999999999999	2.225	0
-0.974999999999999	2.275	0
-0.974999999999999	2.325	0
-0.974999999999999	2.375	0
-0.974999999999999	2.425	0
-0.974999999999999	2.475	0
-0.974999999999999	2.525	0
-0.974999999999999	2.575	0
-0.974999999999999	2.625	0
-0.924999999999999	-1.975	21703252.20345961
-0.924999999999999	-1.925	0
-0.924999999999999	-1.875	0
-0.924999999999999	-1.825	0
-0.924999999999999	-1.775	0
-0.924999999999999	-1.725	21703252.20345961
-0.924999999999999	-1.675	10851626.1017298
-0.924999999999999	-1.625	0
-0.924999999999999	-1.575	54258130.50864901
-0.924999999999999	-1.525	65109756.61037882
-0.924999999999999	-1.475	54258130.50864901
-0.924999999999999	-1.425	141071139.3224874
-0.924999999999999	-1.375	86813008.81383842
-0.924999999999999	-1.325	141071139.3224874
-0.924999999999999	-1.275	260439026.4415153
-0.924999999999999	-1.225	227884148.1363259
-0.924999999999999	-1.175	303845530.8484345
-0.924999999999999	-1.125	477471548.4761114
-0.924999999999999	-1.075	640245940.0020584
-0.924999999999999	-1.025	1313046758.309306
-0.924999999999999	-0.975	1258788627.800657
-0.924999999999999	-0.925	1909886193.904445
-0.924999999999999	-0.875	2669500021.025532
-0.924999999999999	-0.825	3288042708.824131
-0.924999999999999	-0.775	3993398405.436567
-0.924999999999999	-0.725	4937489876.287061
-0.924999999999999	-0.675	6630343548.15691
-0.924999999999999	-0.625	7639544775.617782
-0.924999999999999	-0.575	9733908613.251635
-0.924999999999999	-0.525	12728957417.32906
-0.924999999999999	-0.475	16754910701.07082
-0.924999999999999	-0.425	20976193254.64371
-0.924999999999999	-0.375	25740057113.3031
-0.924999999999999	-0.325	33086607984.17417
-0.924999999999999	-0.275	38534124287.24253
-0.924999999999999	-0.225	44578480025.90604
-0.924999999999999	-0.175	49776408928.63461
-0.924999999999999	-0.125	55712248406.28081
-0.924999999999999	-0.0749999999999999	60801661047.99209
-0.924999999999999	-0.0249999999999999	63926929365.29027
-0.924999999999999	0.0250000000000001	71414551375.48384
-0.924999999999999	0.0750000000000001	75907124581.59998
-0.924999999999999	0.125	80638433561.95416
-0.924999999999999	0.175	85402297420.61356
-0.924999999999999	0.225	86422350274.17615
-0.924999999999999	0.275	86585124665.7021
-0.924999999999999	0.325	88017539311.13045
-0.924999999999999	0.375	85055045385.3582
-0.924999999999999	0.425	80920575840.59914
-0.924999999999999	0.475	75983085964.31207
-0.924999999999999	0.525	69808510712.42783
-0.924999999999999	0.575	62787508624.60864
-0.924999999999999	0.625	53303187411.69679
-0.924999999999999	0.675	45338093853.02712
-0.924999999999999	0.725	34627538890.6198
-0.924999999999999	0.775	28409557134.32862
-0.924999999999999	0.825	20129766418.70879
-0.924999999999999	0.875	13260687096.31382
-0.924999999999999	0.925	8485971611.552707
-0.924999999999999	0.975	5458367929.170092
-0.924999999999999	1.025	3071010186.789535
-0.924999999999999	1.075	1464969523.733523
-0.924999999999999	1.125	813871957.6297354
-0.924999999999999	1.175	314697156.9501643
-0.924999999999999	1.225	108516261.017298
-0.924999999999999	1.275	32554878.30518941
-0.924999999999999	1.325	21703252.20345961
-0.924999999999999	1.375	10851626.1017298
-0.924999999999999	1.425	0
-0.924999999999999	1.475	0
-0.924999999999999	1.525	0
-0.924999999999999	1.575	0
-0.924999999999999	1.625	0
-0.924999999999999	1.675	0
-0.924999999999999	1.725	0
-0.924999999999999	1.775	0
-0.924999999999999	1.825	0
-0.924999999999999	1.875	0
-0.924999999999999	1.925	0
-0.924999999999999	1.975	0
-0.924999999999999	2.025	0
-0.924999999999999	2.075	0
-0.924999999999999	2.125	0
-0.924999999999999	2.175	0
-0.924999999999999	2.225	0
-0.924999999999999	2.275	0
-0.924999999999999	2.325	0
-0.924999999999999	2.375	0
-0.924999999999999	2.425	0
-0.924999999999999	2.475	0
-0.924999999999999	2.525	0
-0.924999999999999	2.575	0
-0.924999999999999	2.625	0
-0.874999999999999	-1.975	0
-0.874999999999999	-1.925	0
-0.874999999999999	-1.875	0
-0.874999999999999	-1.825	0
-0.874999999999999	-1.775	10851626.1017298
-0.874999999999999	-1.725	21703252.20345961
-0.874999999999999	-1.675	32554878.30518941
-0.874999999999999	-1.625	21703252.20345961
-0.874999999999999	-1.575	21703252.20345961
-0.874999999999999	-1.525	75961382.71210863
-0.874999999999999	-1.475	75961382.71210863
-0.874999999999999	-1.425	130219513.2207576
-0.874999999999999	-1.375	130219513.2207576
-0.874999999999999	-1.325	162774391.5259471
-0.874999999999999	-1.275	249587400.3397855
-0.874999999999999	-1.225	347252035.2553537
-0.874999999999999	-1.175	510026426.7813008
-0.874999999999999	-1.125	835575209.8331949
-0.874999999999999	-1.075	857278462.0366545
-0.874999999999999	-1.025	1703705297.971579
-0.874999999999999	-0.975	2061808959.328663
-0.874999999999999	-0.925	2875680916.958398
-0.874999999999999	-0.875	3364004091.536239
-0.874999999999999	-0.825	4036804909.843487
-0.874999999999999	-0.775	4807270363.066303
-0.874999999999999	-0.725	6435014278.325774
-0.874999999999999	-0.675	8073609819.686974
-0.874999999999999	-0.625	9375804951.89455
-0.874999999999999	-0.575	12924286687.16019
-0.874999999999999	-0.525	15376754186.15113
-0.874999999999999	-0.475	20889380245.82987
-0.874999999999999	-0.425	26695000210.25531
-0.874999999999999	-0.375	34150067342.14369
-0.874999999999999	-0.325	40509120237.75735
-0.874999999999999	-0.275	45772158897.09631
-0.874999999999999	-0.225	53726400829.66426
-0.874999999999999	-0.175	60703996413.07652
-0.874999999999999	-0.125	66954533047.67289
-0.874999999999999	-0.0749999999999999	73801909117.8644
-0.874999999999999	-0.0249999999999999	77892972158.21654
-0.874999999999999	0.0250000000000001	83492411226.70911
-0.874999999999999	0.0750000000000001	89200366556.21898
-0.874999999999999	0.125	92607777152.16214
-0.874999999999999	0.175	94669586111.4908
-0.874999999999999	0.225	95374941808.10324
-0.874999999999999	0.275	93638681631.82648
-0.874999999999999	0.325	92586073899.95868
-0.874999999999999	0.375	87073447840.27994
-0.874999999999999	0.425	83123455939.25029
-0.874999999999999	0.475	77274429470.41792
-0.874999999999999	0.525	67312636709.02997
-0.874999999999999	0.575	57687244356.79564
-0.874999999999999	0.625	50004293076.77093
-0.874999999999999	0.675	38718601930.97194
-0.874999999999999	0.725	30145817310.6054
-0.874999999999999	0.775	20921935124.13506
-0.874999999999999	0.825	14486920845.80929
-0.874999999999999	0.875	9809869995.963743
-0.874999999999999	0.925	5458367929.170092
-0.874999999999999	0.975	3288042708.824131
-0.874999999999999	1.025	1540930906.445632
-0.874999999999999	1.075	564284557.2899498
-0.874999999999999	1.125	368955287.4588133
-0.874999999999999	1.175	195329269.8311364
-0.874999999999999	1.225	65109756.61037882
-0.874999999999999	1.275	32554878.30518941
-0.874999999999999	1.325	0
-0.874999999999999	1.375	10851626.1017298
-0.874999999999999	1.425	0
-0.874999999999999	1.475	0
-0.874999999999999	1.525	0
-0.874999999999999	1.575	0
-0.874999999999999	1.625	0
-0.874999999999999	1.675	0
-0.874999999999999	1.725	0
-0.874999999999999	1.775	0
-0.874999999999999	1.825	0
-0.874999999999999	1.875	0
-0.874999999999999	1.925	0
-0.874999999999999	1.975	0
-0.874999999999999	2.025	0
-0.874999999999999	2.075	0
-0.874999999999999	2.125	0
-0.874999999999999	2.175	0
-0.874999999999999	2.225	0
-0.874999999999999	2.275	0
-0.874999999999999	2.325	0
-0.874999999999999	2.375	0
-0.874999999999999	2.425	0
-0.874999999999999	2.475	0
-0.874999999999999	2.525	0
-0.874999999999999	2.575	0
-0.874999999999999	2.625	0
-0.825	-1.975	10851626.1017298
-0.825	-1.925	0
-0.825	-1.875	0
-0.825	-1.825	0
-0.825	-1.775	0
-0.825	-1.725	32554878.30518941
-0.825	-1.675	65109756.61037882
-0.825	-1.625	32554878.30518941
-0.825	-1.575	10851626.1017298
-0.825	-1.525	65109756.61037882
-0.825	-1.475	43406504.40691921
-0.825	-1.425	108516261.017298
-0.825	-1.375	173626017.6276768
-0.825	-1.325	130219513.2207576
-0.825	-1.275	314697156.9501643
-0.825	-1.225	347252035.2553537
-0.825	-1.175	596839435.5951393
-0.825	-1.125	835575209.8331949
-0.825	-1.075	1171975618.986819
-0.825	-1.025	1985847576.616554
-0.825	-0.975	2430764246.787476
-0.825	-0.925	2756313029.83937
-0.825	-0.875	3852327266.11408
-0.825	-0.825	5024302885.100899
-0.825	-0.775	6641195174.25864
-0.825	-0.725	8106164697.992164
-0.825	-0.675	10178825283.42256
-0.825	-0.625	12685550912.92214
-0.825	-0.575	15409309064.45632
-0.825	-0.525	19001197304.12888
-0.825	-0.475	24893630277.36817
-0.825	-0.425	33368750262.81915
-0.825	-0.375	40769559264.19887
-0.825	-0.325	47627786960.49211
-0.825	-0.275	56547823616.11401
-0.825	-0.225	65413602141.22726
-0.825	-0.175	72901224151.42082
-0.825	-0.125	78837063629.06702
-0.825	-0.0749999999999999	85521665307.73257
-0.825	-0.0249999999999999	91435801533.17532
-0.825	0.0250000000000001	98109551585.73917
-0.825	0.0750000000000001	101137155268.1218
-0.825	0.125	104739895133.8961
-0.825	0.175	105097998795.2531
-0.825	0.225	102971080079.3141
-0.825	0.275	101115452015.9183
-0.825	0.325	95081947903.35654
-0.825	0.375	88603527120.62386
-0.825	0.425	83959031149.0835
-0.825	0.475	72868669273.11563
-0.825	0.525	63731600095.45914
-0.825	0.575	52174618297.1169
-0.825	0.625	43015845867.25694
-0.825	0.675	32478916922.4773
-0.825	0.725	23439512379.73637
-0.825	0.775	16353400535.30681
-0.825	0.825	10026902517.99834
-0.825	0.875	6803969565.784586
-0.825	0.925	4058508162.046946
-0.825	0.975	1899034567.802716
-0.825	1.025	857278462.0366545
-0.825	1.075	390658539.6622729
-0.825	1.125	195329269.8311364
-0.825	1.175	97664634.91556822
-0.825	1.225	21703252.20345961
-0.825	1.275	10851626.1017298
-0.825	1.325	0
-0.825	1.375	0
-0.825	1.425	0
-0.825	1.475	0
-0.825	1.525	0
-0.825	1.575	0
-0.825	1.625	0
-0.825	1.675	0
-0.825	1.725	0
-0.825	1.775	0
-0.825	1.825	0
-0.825	1.875	0
-0.825	1.925	0
-0.825	1.975	0
-0.825	2.025	0
-0.825	2.075	0
-0.825	2.125	0
-0.825	2.175	0
-0.825	2.225	0
-0.825	2.275	0
-0.825	2.325	0
-0.825	2.375	0
-0.825	2.425	0
-0.825	2.475	0
-0.825	2.525	0
-0.825	2.575	0
-0.825	2.625	0
-0.774999999999999	-1.975	0
-0.774999999999999	-1.925	0
-0.774999999999999	-1.875	0
-0.774999999999999	-1.825	10851626.1017298
-0.774999999999999	-1.775	0
-0.774999999999999	-1.725	32554878.30518941
-0.774999999999999	-1.675	10851626.1017298
-0.774999999999999	-1.625	32554878.30518941
-0.774999999999999	-1.575	32554878.30518941
-0.774999999999999	-1.525	65109756.61037882
-0.774999999999999	-1.475	86813008.81383842
-0.774999999999999	-1.425	141071139.3224874
-0.774999999999999	-1.375	206180895.9328662
-0.774999999999999	-1.325	336400409.1536239
-0.774999999999999	-1.275	282142278.6449749
-0.774999999999999	-1.225	575136183.3916796
-0.774999999999999	-1.175	781317079.3245457
-0.774999999999999	-1.125	1454117897.631794
-0.774999999999999	-1.075	1356453262.716225
-0.774999999999999	-1.025	2604390264.415153
-0.774999999999999	-0.975	2897384169.161858
-0.774999999999999	-0.925	3635294744.079484
-0.774999999999999	-0.875	4427463449.50576
-0.774999999999999	-0.825	6435014278.325774
-0.774999999999999	-0.775	7487622010.193565
-0.774999999999999	-0.725	9733908613.251635
-0.774999999999999	-0.675	12663847660.71868
-0.774999999999999	-0.625	15995296873.94973
-0.774999999999999	-0.575	19326746087.18078
-0.774999999999999	-0.525	25067256294.99585
-0.774999999999999	-0.475	32370400661.46001
-0.774999999999999	-0.425	39369699497.07572
-0.774999999999999	-0.375	49461711771.68444
-0.774999999999999	-0.325	59119659002.22397
-0.774999999999999	-0.275	67659888744.28532
-0.774999999999999	-0.225	77849565653.80962
-0.774999999999999	-0.175	86954079953.16092
-0.774999999999999	-0.125	93573571875.21609
-0.774999999999999	-0.0749999999999999	100496909328.1197
-0.774999999999999	-0.0249999999999999	105651431726.4414
-0.774999999999999	0.0250000000000001	109265023218.3174
-0.774999999999999	0.0750000000000001	112585620805.4467
-0.774999999999999	0.125	112227517144.0896
-0.774999999999999	0.175	113866112685.4508
-0.774999999999999	0.225	110144004932.5575
-0.774999999999999	0.275	107094697997.9714
-0.774999999999999	0.325	99997734527.44014
-0.774999999999999	0.375	89862315748.4245
-0.774999999999999	0.425	80367142909.41092
-0.774999999999999	0.475	69114006641.91711
-0.774999999999999	0.525	59021994367.3084
-0.774999999999999	0.575	45565978001.16344
-0.774999999999999	0.625	35810366135.70835
-0.774999999999999	0.675	25403656704.14947
-0.774999999999999	0.725	17818370059.04034
-0.774999999999999	0.775	10905884232.23845
-0.774999999999999	0.825	6999298835.615724
-0.774999999999999	0.875	3461668726.451807
-0.774999999999999	0.925	1855628063.395796
-0.774999999999999	0.975	889833340.341844
-0.774999999999999	1.025	499174800.6795709
-0.774999999999999	1.075	130219513.2207576
-0.774999999999999	1.125	32554878.30518941
-0.774999999999999	1.175	21703252.20345961
-0.774999999999999	1.225	0
-0.774999999999999	1.275	0
-0.774999999999999	1.325	0
-0.774999999999999	1.375	0
-0.774999999999999	1.425	0
-0.774999999999999	1.475	0
-0.774999999999999	1.525	0
-0.774999999999999	1.575	0
-0.774999999999999	1.625	0
-0.774999999999999	1.675	0
-0.774999999999999	1.725	0
-0.774999999999999	1.775	0
-0.774999999999999	1.825	0
-0.774999999999999	1.875	0
-0.774999999999999	1.925	0
-0.774999999999999	1.975	0
-0.774999999999999	2.025	0
-0.774999999999999	2.075	0
-0.774999999999999	2.125	0
-0.774999999999999	2.175	0
-0.774999999999999	2.225	0
-0.774999999999999	2.275	0
-0.774999999999999	2.325	0
-0.774999999999999	2.375	0
-0.774999999999999	2.425	0
-0.774999999999999	2.475	0
-0.774999999999999	2.525	0
-0.774999999999999	2.575	0
-0.774999999999999	2.625	0
-0.724999999999999	-1.975	10851626.1017298
-0.724999999999999	-1.925	0
-0.724999999999999	-1.875	10851626.1017298
-0.724999999999999	-1.825	43406504.40691921
-0.724999999999999	-1.775	0
-0.724999999999999	-1.725	43406504.40691921
-0.724999999999999	-1.675	21703252.20345961
-0.724999999999999	-1.625	75961382.71210863
-0.724999999999999	-1.575	54258130.50864901
-0.724999999999999	-1.525	86813008.81383842
-0.724999999999999	-1.475	108516261.017298
-0.724999999999999	-1.425	195329269.8311364
-0.724999999999999	-1.375	195329269.8311364
-0.724999999999999	-1.325	368955287.4588133
-0.724999999999999	-1.275	499174800.6795709
-0.724999999999999	-1.225	661949192.205518
-0.724999999999999	-1.175	976646349.1556823
-0.724999999999999	-1.125	1421563019.326604
-0.724999999999999	-1.075	1909886193.904445
-0.724999999999999	-1.025	3309745961.02759
-0.724999999999999	-0.975	3635294744.079484
-0.724999999999999	-0.925	4503424832.217869
-0.724999999999999	-0.875	5924987851.544473
-0.724999999999999	-0.825	7379105749.176267
-0.724999999999999	-0.775	8963443160.028818
-0.724999999999999	-0.725	12273189121.05641
-0.724999999999999	-0.675	16114664761.06876
-0.724999999999999	-0.625	19055455434.63754
-0.724999999999999	-0.575	25447063208.55639
-0.724999999999999	-0.525	30286888449.92788
-0.724999999999999	-0.475	39011595835.71864
-0.724999999999999	-0.425	49450860145.58271
-0.724999999999999	-0.375	59890124455.44679
-0.724999999999999	-0.325	70210020878.19183
-0.724999999999999	-0.275	85532516933.8343
-0.724999999999999	-0.225	93139506831.1469
-0.724999999999999	-0.175	102319982513.2103
-0.724999999999999	-0.125	110144004932.5575
-0.724999999999999	-0.0749999999999999	114875313912.9117
-0.724999999999999	-0.0249999999999999	119519809884.4521
-0.724999999999999	0.0250000000000001	123024885115.3108
-0.724999999999999	0.0750000000000001	125032435944.1308
-0.724999999999999	0.125	124815403422.0962
-0.724999999999999	0.175	121635876974.2894
-0.724999999999999	0.225	113714189920.0266
-0.724999999999999	0.275	108364338251.8738
-0.724999999999999	0.325	97610376785.05959
-0.724999999999999	0.375	87496661258.24741
-0.724999999999999	0.425	75386246528.71693
-0.724999999999999	0.475	63916077739.18854
-0.724999999999999	0.525	50536022755.75569
-0.724999999999999	0.575	38696898678.76848
-0.724999999999999	0.625	27552278672.29197
-0.724999999999999	0.675	17883479815.65071
-0.724999999999999	0.725	11752311068.17338
-0.724999999999999	0.775	7259737862.057239
-0.724999999999999	0.825	4156172796.962515
-0.724999999999999	0.875	2040105707.125203
-0.724999999999999	0.925	1085162610.17298
-0.724999999999999	0.975	499174800.6795709
-0.724999999999999	1.025	184477643.7294067
-0.724999999999999	1.075	43406504.40691921
-0.724999999999999	1.125	21703252.20345961
-0.724999999999999	1.175	0
-0.724999999999999	1.225	0
-0.724999999999999	1.275	0
-0.724999999999999	1.325	0
-0.724999999999999	1.375	0
-0.724999999999999	1.425	0
-0.724999999999999	1.475	0
-0.724999999999999	1.525	0
-0.724999999999999	1.575	0
-0.724999999999999	1.625	0
-0.724999999999999	1.675	0
-0.724999999999999	1.725	0
-0.724999999999999	1.775	0
-0.724999999999999	1.825	0
-0.724999999999999	1.875	0
-0.724999999999999	1.925	0
-0.724999999999999	1.975	0
-0.724999999999999	2.025	0
-0.724999999999999	2.075	0
-0.724999999999999	2.125	0
-0.724999999999999	2.175	0
-0.724999999999999	2.225	0
-0.724999999999999	2.275	0
-0.724999999999999	2.325	0
-0.724999999999999	2.375	0
-0.724999999999999	2.425	0
-0.724999999999999	2.475	0
-0.724999999999999	2.525	0
-0.724999999999999	2.575	0
-0.724999999999999	2.625	0
-0.674999999999999	-1.975	10851626.1017298
-0.674999999999999	-1.925	10851626.1017298
-0.674999999999999	-1.875	10851626.1017298
-0.674999999999999	-1.825	10851626.1017298
-0.674999999999999	-1.775	32554878.30518941
-0.674999999999999	-1.725	86813008.81383842
-0.674999999999999	-1.675	119367887.1190278
-0.674999999999999	-1.625	43406504.40691921
-0.674999999999999	-1.575	75961382.71210863
-0.674999999999999	-1.525	162774391.5259471
-0.674999999999999	-1.475	184477643.7294067
-0.674999999999999	-1.425	260439026.4415153
-0.674999999999999	-1.375	303845530.8484345
-0.674999999999999	-1.325	542581305.0864902
-0.674999999999999	-1.275	640245940.0020584
-0.674999999999999	-1.225	857278462.0366545
-0.674999999999999	-1.175	1280491880.004117
-0.674999999999999	-1.125	1616892289.157741
-0.674999999999999	-1.075	2322247985.770178
-0.674999999999999	-1.025	4427463449.50576
-0.674999999999999	-0.975	4199579301.369434
-0.674999999999999	-0.925	6033504112.561771
-0.674999999999999	-0.875	7552731766.803944
-0.674999999999999	-0.825	10233083413.93121
-0.674999999999999	-0.775	12294892373.25987
-0.674999999999999	-0.725	15127166785.81134
-0.674999999999999	-0.675	20303392436.33646
-0.674999999999999	-0.625	23255034736.00697
-0.674999999999999	-0.575	30080707553.99501
-0.674999999999999	-0.525	37731103955.71452
-0.674999999999999	-0.475	48246329648.29071
-0.674999999999999	-0.425	58956884610.69802
-0.674999999999999	-0.375	73422102204.30385
-0.674999999999999	-0.325	85326336037.90144
-0.674999999999999	-0.275	97946777194.2132
-0.674999999999999	-0.225	107279175641.7008
-0.674999999999999	-0.175	118760196057.331
-0.674999999999999	-0.125	124728590413.2824
-0.674999999999999	-0.0749999999999999	132530909580.4261
-0.674999999999999	-0.0249999999999999	131348082335.3375
-0.674999999999999	0.0250000000000001	134419092522.1271
-0.674999999999999	0.0750000000000001	137490102708.9166
-0.674999999999999	0.125	130924868917.3701
-0.674999999999999	0.175	126171856684.8124
-0.674999999999999	0.225	116579019210.8833
-0.674999999999999	0.275	105325882943.3895
-0.674999999999999	0.325	95309832051.49286
-0.674999999999999	0.375	82483209999.24825
-0.674999999999999	0.425	67475411100.55592
-0.674999999999999	0.475	53748104081.86772
-0.674999999999999	0.525	41681095856.74418
-0.674999999999999	0.575	29646642509.92582
-0.674999999999999	0.625	20292540810.23473
-0.674999999999999	0.675	13076209452.58441
-0.674999999999999	0.725	7422512253.583185
-0.674999999999999	0.775	4384056945.098841
-0.674999999999999	0.825	2018402454.921743
-0.674999999999999	0.875	1182827245.088549
-0.674999999999999	0.925	510026426.7813008
-0.674999999999999	0.975	184477643.7294067
-0.674999999999999	1.025	43406504.40691921
-0.674999999999999	1.075	43406504.40691921
-0.674999999999999	1.125	21703252.20345961
-0.674999999999999	1.175	0
-0.674999999999999	1.225	0
-0.674999999999999	1.275	0
-0.674999999999999	1.325	0
-0.674999999999999	1.375	0
-0.674999999999999	1.425	0
-0.674999999999999	1.475	0
-0.674999999999999	1.525	0
-0.674999999999999	1.575	0
-0.674999999999999	1.625	0
-0.674999999999999	1.675	0
-0.674999999999999	1.725	0
-0.674999999999999	1.775	0
-0.674999999999999	1.825	0
-0.674999999999999	1.875	0
-0.674999999999999	1.925	0
-0.674999999999999	1.975	0
-0.674999999999999	2.025	0
-0.674999999999999	2.075	0
-0.674999999999999	2.125	0
-0.674999999999999	2.175	0
-0.674999999999999	2.225	0
-0.674999999999999	2.275	0
-0.674999999999999	2.325	0
-0.674999999999999	2.375	0
-0.674999999999999	2.425	0
-0.674999999999999	2.475	0
-0.674999999999999	2.525	0
-0.674999999999999	2.575	0
-0.674999999999999	2.625	0
-0.624999999999999	-1.975	21703252.20345961
-0.624999999999999	-1.925	0
-0.624999999999999	-1.875	0
-0.624999999999999	-1.825	21703252.20345961
-0.624999999999999	-1.775	32554878.30518941
-0.624999999999999	-1.725	65109756.61037882
-0.624999999999999	-1.675	75961382.71210863
-0.624999999999999	-1.625	119367887.1190278
-0.624999999999999	-1.575	97664634.91556822
-0.624999999999999	-1.525	141071139.3224874
-0.624999999999999	-1.475	260439026.4415153
-0.624999999999999	-1.425	162774391.5259471
-0.624999999999999	-1.375	314697156.9501643
-0.624999999999999	-1.325	661949192.205518
-0.624999999999999	-1.275	824723583.731465
-0.624999999999999	-1.225	1041756105.766061
-0.624999999999999	-1.175	1638595541.3612
-0.624999999999999	-1.125	1703705297.971579
-0.624999999999999	-1.075	2897384169.161858
-0.624999999999999	-1.025	5208780528.830306
-0.624999999999999	-0.975	5707955329.509876
-0.624999999999999	-0.925	7096963470.531291
-0.624999999999999	-0.875	8920036655.621899
-0.624999999999999	-0.825	12208079364.44603
-0.624999999999999	-0.775	15387605812.25286
-0.624999999999999	-0.725	18154770468.19396
-0.624999999999999	-0.675	25316843695.33563
-0.624999999999999	-0.625	28919583561.10992
-0.624999999999999	-0.575	36928083624.18652
-0.624999999999999	-0.525	45262132470.31501
-0.624999999999999	-0.475	57025295164.59012
-0.624999999999999	-0.425	71566474140.90805
-0.624999999999999	-0.375	87811358415.19757
-0.624999999999999	-0.325	101842510964.7342
-0.624999999999999	-0.275	116980529376.6473
-0.624999999999999	-0.225	128287923774.6497
-0.624999999999999	-0.175	136068539689.59
-0.624999999999999	-0.125	144652175936.0583
-0.624999999999999	-0.0749999999999999	146193106842.5039
-0.624999999999999	-0.0249999999999999	148851755237.4277
-0.624999999999999	0.0250000000000001	145748190172.333
-0.624999999999999	0.0750000000000001	141320726722.8272
-0.624999999999999	0.125	136177055950.6073
-0.624999999999999	0.175	125683533510.2346
-0.624999999999999	0.225	113540563902.3989
-0.624999999999999	0.275	101896769095.2429
-0.624999999999999	0.325	87095151092.4834
-0.624999999999999	0.375	73769354239.5592
-0.624999999999999	0.425	58837516723.57899
-0.624999999999999	0.475	44318040999.46452
-0.624999999999999	0.525	32609136435.69806
-0.624999999999999	0.575	21996246108.20631
-0.624999999999999	0.625	14367552958.69026
-0.624999999999999	0.675	8605339498.671734
-0.624999999999999	0.725	4438315075.60749
-0.624999999999999	0.775	2213731724.75288
-0.624999999999999	0.825	1117717488.47817
-0.624999999999999	0.875	564284557.2899498
-0.624999999999999	0.925	151922765.4242173
-0.624999999999999	0.975	97664634.91556822
-0.624999999999999	1.025	32554878.30518941
-0.624999999999999	1.075	32554878.30518941
-0.624999999999999	1.125	0
-0.624999999999999	1.175	0
-0.624999999999999	1.225	0
-0.624999999999999	1.275	0
-0.624999999999999	1.325	0
-0.624999999999999	1.375	0
-0.624999999999999	1.425	0
-0.624999999999999	1.475	0
-0.624999999999999	1.525	0
-0.624999999999999	1.575	0
-0.624999999999999	1.625	0
-0.624999999999999	1.675	0
-0.624999999999999	1.725	0
-0.624999999999999	1.775	0
-0.624999999999999	1.825	0
-0.624999999999999	1.875	0
-0.624999999999999	1.925	0
-0.624999999999999	1.975	0
-0.624999999999999	2.025	0
-0.624999999999999	2.075	0
-0.624999999999999	2.125	0
-0.624999999999999	2.175	0
-0.624999999999999	2.225	0
-0.624999999999999	2.275	0
-0.624999999999999	2.325	0
-0.624999999999999	2.375	0
-0.624999999999999	2.425	0
-0.624999999999999	2.475	0
-0.624999999999999	2.525	0
-0.624999999999999	2.575	0
-0.624999999999999	2.625	0
-0.574999999999999	-1.975	10851626.1017298
-0.574999999999999	-1.925	0
-0.574999999999999	-1.875	21703252.20345961
-0.574999999999999	-1.825	43406504.40691921
-0.574999999999999	-1.775	32554878.30518941
-0.574999999999999	-1.725	86813008.81383842
-0.574999999999999	-1.675	75961382.71210863
-0.574999999999999	-1.625	43406504.40691921
-0.574999999999999	-1.575	162774391.5259471
-0.574999999999999	-1.525	130219513.2207576
-0.574999999999999	-1.475	271290652.5432451
-0.574999999999999	-1.425	336400409.1536239
-0.574999999999999	-1.375	401510165.7640027
-0.574999999999999	-1.325	759613827.1210862
-0.574999999999999	-1.275	976646349.1556823
-0.574999999999999	-1.225	1367304888.817955
-0.574999999999999	-1.175	2050957333.226933
-0.574999999999999	-1.125	2712906525.432451
-0.574999999999999	-1.075	3613591491.876024
-0.574999999999999	-1.025	7151221601.03994
-0.574999999999999	-0.975	7151221601.03994
-0.574999999999999	-0.925	9071959421.046116
-0.574999999999999	-0.875	11676349685.46127
-0.574999999999999	-0.825	14280739949.87642
-0.574999999999999	-0.775	18697351773.28045
-0.574999999999999	-0.725	23374402623.126
-0.574999999999999	-0.675	29592384379.41718
-0.574999999999999	-0.625	36928083624.18652
-0.574999999999999	-0.575	44535073521.49911
-0.574999999999999	-0.525	56645488251.02957
-0.574999999999999	-0.475	68376096066.99949
-0.574999999999999	-0.425	82938978295.52089
-0.574999999999999	-0.375	104566269116.2684
-0.574999999999999	-0.325	118890415570.5517
-0.574999999999999	-0.275	133985027478.0579
-0.574999999999999	-0.225	144283220648.5995
-0.574999999999999	-0.175	151944468676.4207
-0.574999999999999	-0.125	156871106926.606
-0.574999999999999	-0.0749999999999999	156328525621.5195
-0.574999999999999	-0.0249999999999999	156285119117.1126
-0.574999999999999	0.0250000000000001	151608068267.2671
-0.574999999999999	0.0750000000000001	145476899519.7897
-0.574999999999999	0.125	137674580352.646
-0.574999999999999	0.175	125650978631.9294
-0.574999999999999	0.225	110708289489.8475
-0.574999999999999	0.275	93009287317.92615
-0.574999999999999	0.325	77165913209.40063
-0.574999999999999	0.375	61279132596.4682
-0.574999999999999	0.425	47454160942.86443
-0.574999999999999	0.475	35029049056.3838
-0.574999999999999	0.525	23222479857.70178
-0.574999999999999	0.575	15062057029.20097
-0.574999999999999	0.625	9039404542.740927
-0.574999999999999	0.675	5024302885.100899
-0.574999999999999	0.725	2246286603.058069
-0.574999999999999	0.775	1052607731.867791
-0.574999999999999	0.825	379806913.5605431
-0.574999999999999	0.875	119367887.1190278
-0.574999999999999	0.925	86813008.81383842
-0.574999999999999	0.975	43406504.40691921
-0.574999999999999	1.025	0
-0.574999999999999	1.075	0
-0.574999999999999	1.125	0
-0.574999999999999	1.175	0
-0.574999999999999	1.225	0
-0.574999999999999	1.275	0
-0.574999999999999	1.325	0
-0.574999999999999	1.375	0
-0.574999999999999	1.425	0
-0.574999999999999	1.475	0
-0.574999999999999	1.525	0
-0.574999999999999	1.575	0
-0.574999999999999	1.625	0
-0.574999999999999	1.675	0
-0.574999999999999	1.725	0
-0.574999999999999	1.775	0
-0.574999999999999	1.825	0
-0.574999999999999	1.875	0
-0.574999999999999	1.925	0
-0.574999999999999	1.975	0
-0.574999999999999	2.025	0
-0.574999999999999	2.075	0
-0.574999999999999	2.125	0
-0.574999999999999	2.175	0
-0.574999999999999	2.225	0
-0.574999999999999	2.275	0
-0.574999999999999	2.325	0
-0.574999999999999	2.375	0
-0.574999999999999	2.425	0
-0.574999999999999	2.475	0
-0.574999999999999	2.525	0
-0.574999999999999	2.575	0
-0.574999999999999	2.625	0
-0.524999999999999	-1.975	10851626.1017298
-0.524999999999999	-1.925	10851626.1017298
-0.524999999999999	-1.875	21703252.20345961
-0.524999999999999	-1.825	0
-0.524999999999999	-1.775	65109756.61037882
-0.524999999999999	-1.725	86813008.81383842
-0.524999999999999	-1.675	54258130.50864901
-0.524999999999999	-1.625	173626017.6276768
-0.524999999999999	-1.575	195329269.8311364
-0.524999999999999	-1.525	238735774.2380557
-0.524999999999999	-1.475	303845530.8484345
-0.524999999999999	-1.425	466619922.3743815
-0.524999999999999	-1.375	737910574.9176266
-0.524999999999999	-1.325	824723583.731465
-0.524999999999999	-1.275	1280491880.004117
-0.524999999999999	-1.225	1703705297.971579
-0.524999999999999	-1.175	2354802864.075367
-0.524999999999999	-1.125	3038455308.484345
-0.524999999999999	-1.075	4644495971.540356
-0.524999999999999	-1.025	7726357784.43162
-0.524999999999999	-0.975	8963443160.028818
-0.524999999999999	-0.925	11491872041.73186
-0.524999999999999	-0.875	14204778567.16431
-0.524999999999999	-0.825	18621390390.56834
-0.524999999999999	-0.775	23537177014.65194
-0.524999999999999	-0.725	29321093726.87393
-0.524999999999999	-0.675	37600884442.49377
-0.524999999999999	-0.625	43102658876.07078
-0.524999999999999	-0.575	54431756526.27669
-0.524999999999999	-0.525	68571425336.83063
-0.524999999999999	-0.475	82700242521.28284
-0.524999999999999	-0.425	101148006894.2235
-0.524999999999999	-0.375	120767746886.151
-0.524999999999999	-0.325	139530208416.0418
-0.524999999999999	-0.275	153843503244.2234
-0.524999999999999	-0.225	164781942354.7671
-0.524999999999999	-0.175	169654322474.4437
-0.524999999999999	-0.125	170598413945.2943
-0.524999999999999	-0.0749999999999999	169241960682.578
-0.524999999999999	-0.0249999999999999	163816147631.7131
-0.524999999999999	0.0250000000000001	155123995124.2275
-0.524999999999999	0.0750000000000001	147929367018.7807
-0.524999999999999	0.125	132769645354.6641
-0.524999999999999	0.175	118119950117.3289
-0.524999999999999	0.225	101495258929.4789
-0.524999999999999	0.275	83535817731.11603
-0.524999999999999	0.325	66411951742.5864
-0.524999999999999	0.375	50579429260.16261
-0.524999999999999	0.425	37698549077.40933
-0.524999999999999	0.475	25349398573.64082
-0.524999999999999	0.525	16657246066.15525
-0.524999999999999	0.575	9408359830.199739
-0.524999999999999	0.625	5197928902.728576
-0.524999999999999	0.675	2691203273.228991
-0.524999999999999	0.725	1247937001.698927
-0.524999999999999	0.775	499174800.6795709
-0.524999999999999	0.825	195329269.8311364
-0.524999999999999	0.875	54258130.50864901
-0.524999999999999	0.925	21703252.20345961
-0.524999999999999	0.975	0
-0.524999999999999	1.025	10851626.1017298
-0.524999999999999	1.075	0
-0.524999999999999	1.125	0
-0.524999999999999	1.175	0
-0.524999999999999	1.225	0
-0.524999999999999	1.275	0
-0.524999999999999	1.325	0
-0.524999999999999	1.375	0
-0.524999999999999	1.425	0
-0.524999999999999	1.475	0
-0.524999999999999	1.525	0
-0.524999999999999	1.575	0
-0.524999999999999	1.625	0
-0.524999999999999	1.675	0
-0.524999999999999	1.725	0
-0.524999999999999	1.775	0
-0.524999999999999	1.825	0
-0.524999999999999	1.875	0
-0.524999999999999	1.925	0
-0.524999999999999	1.975	0
-0.524999999999999	2.025	0
-0.524999999999999	2.075	0
-0.524999999999999	2.125	0
-0.524999999999999	2.175	0
-0.524999999999999	2.225	0
-0.524999999999999	2.275	0
-0.524999999999999	2.325	0
-0.524999999999999	2.375	0
-0.524999999999999	2.425	0
-0.524999999999999	2.475	0
-0.524999999999999	2.525	0
-0.524999999999999	2.575	0
-0.524999999999999	2.625	0
-0.474999999999999	-1.975	32554878.30518941
-0.474999999999999	-1.925	21703252.20345961
-0.474999999999999	-1.875	10851626.1017298
-0.474999999999999	-1.825	21703252.20345961
-0.474999999999999	-1.775	43406504.40691921
-0.474999999999999	-1.725	151922765.4242173
-0.474999999999999	-1.675	151922765.4242173
-0.474999999999999	-1.625	184477643.7294067
-0.474999999999999	-1.575	151922765.4242173
-0.474999999999999	-1.525	238735774.2380557
-0.474999999999999	-1.475	358103661.3570835
-0.474999999999999	-1.425	542581305.0864902
-0.474999999999999	-1.375	705355696.6124371
-0.474999999999999	-1.325	1139420740.681629
-0.474999999999999	-1.275	1475821149.835253
-0.474999999999999	-1.225	2311396359.668448
-0.474999999999999	-1.175	3092713438.992994
-0.474999999999999	-1.125	3776365883.401972
-0.474999999999999	-1.075	5404109798.661442
-0.474999999999999	-1.025	10547780570.88137
-0.474999999999999	-0.975	10656296831.89867
-0.474999999999999	-0.925	13597087505.46744
-0.474999999999999	-0.875	18024550954.9732
-0.474999999999999	-0.825	23341847744.8208
-0.474999999999999	-0.775	29017248196.02549
-0.474999999999999	-0.725	35983992153.33603
-0.474999999999999	-0.675	44958286939.46658
-0.474999999999999	-0.625	51827366261.86154
-0.474999999999999	-0.575	64979537097.15806
-0.474999999999999	-0.525	80963982345.00606
-0.474999999999999	-0.475	96394994661.66583
-0.474999999999999	-0.425	117772698082.0736
-0.474999999999999	-0.375	139389137276.7193
-0.474999999999999	-0.325	158270966693.7292
-0.474999999999999	-0.275	171846350946.9932
-0.474999999999999	-0.225	181482594925.3293
-0.474999999999999	-0.175	185541103087.3762
-0.474999999999999	-0.125	182839048188.0454
-0.474999999999999	-0.0749999999999999	176664472936.1612
-0.474999999999999	-0.0249999999999999	167494848880.1995
-0.474999999999999	0.0250000000000001	157576462623.2185
-0.474999999999999	0.0750000000000001	142763992994.3573
-0.474999999999999	0.125	125021584318.0291
-0.474999999999999	0.175	108624777278.3153
-0.474999999999999	0.225	87713693780.282
-0.474999999999999	0.275	69189968024.62923
-0.474999999999999	0.325	52869122367.6276
-0.474999999999999	0.375	38675195426.56502
-0.474999999999999	0.425	28018898594.66636
-0.474999999999999	0.475	17427711519.37806
-0.474999999999999	0.525	10113715526.81218
-0.474999999999999	0.575	5360703294.254523
-0.474999999999999	0.625	2919087421.365317
-0.474999999999999	0.675	1063459357.969521
-0.474999999999999	0.725	444916670.170922
-0.474999999999999	0.775	206180895.9328662
-0.474999999999999	0.825	43406504.40691921
-0.474999999999999	0.875	0
-0.474999999999999	0.925	0
-0.474999999999999	0.975	0
-0.474999999999999	1.025	0
-0.474999999999999	1.075	0
-0.474999999999999	1.125	0
-0.474999999999999	1.175	0
-0.474999999999999	1.225	0
-0.474999999999999	1.275	0
-0.474999999999999	1.325	0
-0.474999999999999	1.375	0
-0.474999999999999	1.425	0
-0.474999999999999	1.475	0
-0.474999999999999	1.525	0
-0.474999999999999	1.575	0
-0.474999999999999	1.625	0
-0.474999999999999	1.675	0
-0.474999999999999	1.725	0
-0.474999999999999	1.775	0
-0.474999999999999	1.825	0
-0.474999999999999	1.875	0
-0.474999999999999	1.925	0
-0.474999999999999	1.975	0
-0.474999999999999	2.025	0
-0.474999999999999	2.075	0
-0.474999999999999	2.125	0
-0.474999999999999	2.175	0
-0.474999999999999	2.225	0
-0.474999999999999	2.275	0
-0.474999999999999	2.325	0
-0.474999999999999	2.375	0
-0.474999999999999	2.425	0
-0.474999999999999	2.475	0
-0.474999999999999	2.525	0
-0.474999999999999	2.575	0
-0.474999999999999	2.625	0
-0.424999999999999	-1.975	43406504.40691921
-0.424999999999999	-1.925	43406504.40691921
-0.424999999999999	-1.875	21703252.20345961
-0.424999999999999	-1.825	43406504.40691921
-0.424999999999999	-1.775	75961382.71210863
-0.424999999999999	-1.725	184477643.7294067
-0.424999999999999	-1.675	162774391.5259471
-0.424999999999999	-1.625	151922765.4242173
-0.424999999999999	-1.575	303845530.8484345
-0.424999999999999	-1.525	249587400.3397855
-0.424999999999999	-1.475	531729678.9847604
-0.424999999999999	-1.425	596839435.5951393
-0.424999999999999	-1.375	1204530497.292008
-0.424999999999999	-1.325	1313046758.309306
-0.424999999999999	-1.275	1931589446.107905
-0.424999999999999	-1.225	2723758151.534181
-0.424999999999999	-1.175	4112766292.555595
-0.424999999999999	-1.125	5067709389.507818
-0.424999999999999	-1.075	7021002087.819182
-0.424999999999999	-1.025	13130467583.09306
-0.424999999999999	-0.975	13097912704.78787
-0.424999999999999	-0.925	17427711519.37806
-0.424999999999999	-0.875	22506272534.98761
-0.424999999999999	-0.825	28539776647.54939
-0.424999999999999	-0.775	34822868160.45094
-0.424999999999999	-0.725	43287136519.80019
-0.424999999999999	-0.675	54084504491.02134
-0.424999999999999	-0.625	63850967982.57816
-0.424999999999999	-0.575	76742699791.43317
-0.424999999999999	-0.525	93443352361.99535
-0.424999999999999	-0.475	114018035450.875
-0.424999999999999	-0.425	134929118948.9084
-0.424999999999999	-0.375	156599816274.0628
-0.424999999999999	-0.325	179843999383.968
-0.424999999999999	-0.275	189067881570.4384
-0.424999999999999	-0.225	196707426346.0562
-0.424999999999999	-0.175	194211552342.6583
-0.424999999999999	-0.125	188221454734.5034
-0.424999999999999	-0.0749999999999999	179301418078.8815
-0.424999999999999	-0.0249999999999999	163078237056.7955
-0.424999999999999	0.0250000000000001	149611369064.5488
-0.424999999999999	0.0750000000000001	133670330321.1077
-0.424999999999999	0.125	114430397242.7408
-0.424999999999999	0.175	92770551543.68808
-0.424999999999999	0.225	73715096109.05055
-0.424999999999999	0.275	57155514677.81087
-0.424999999999999	0.325	40140164950.29855
-0.424999999999999	0.375	27758459568.22483
-0.424999999999999	0.425	17774963554.63342
-0.424999999999999	0.475	10927587484.44191
-0.424999999999999	0.525	5751361833.916797
-0.424999999999999	0.575	2908235795.263587
-0.424999999999999	0.625	1302195132.207577
-0.424999999999999	0.675	531729678.9847604
-0.424999999999999	0.725	151922765.4242173
-0.424999999999999	0.775	21703252.20345961
-0.424999999999999	0.825	21703252.20345961
-0.424999999999999	0.875	10851626.1017298
-0.424999999999999	0.925	0
-0.424999999999999	0.975	0
-0.424999999999999	1.025	0
-0.424999999999999	1.075	0
-0.424999999999999	1.125	0
-0.424999999999999	1.175	0
-0.424999999999999	1.225	0
-0.424999999999999	1.275	0
-0.424999999999999	1.325	0
-0.424999999999999	1.375	0
-0.424999999999999	1.425	0
-0.424999999999999	1.475	0
-0.424999999999999	1.525	0
-0.424999999999999	1.575	0
-0.424999999999999	1.625	0
-0.424999999999999	1.675	0
-0.424999999999999	1.725	0
-0.424999999999999	1.775	0
-0.424999999999999	1.825	0
-0.424999999999999	1.875	0
-0.424999999999999	1.925	0
-0.424999999999999	1.975	0
-0.424999999999999	2.025	0
-0.424999999999999	2.075	0
-0.424999999999999	2.125	0
-0.424999999999999	2.175	0
-0.424999999999999	2.225	0
-0.424999999999999	2.275	0
-0.424999999999999	2.325	0
-0.424999999999999	2.375	0
-0.424999999999999	2.425	0
-0.424999999999999	2.475	0
-0.424999999999999	2.525	0
-0.424999999999999	2.575	0
-0.424999999999999	2.625	0
-0.374999999999999	-1.975	43406504.40691921
-0.374999999999999	-1.925	10851626.1017298
-0.374999999999999	-1.875	0
-0.374999999999999	-1.825	21703252.20345961
-0.374999999999999	-1.775	86813008.81383842
-0.374999999999999	-1.725	227884148.1363259
-0.374999999999999	-1.675	195329269.8311364
-0.374999999999999	-1.625	238735774.2380557
-0.374999999999999	-1.575	325548783.0518941
-0.374999999999999	-1.525	390658539.6622729
-0.374999999999999	-1.475	575136183.3916796
-0.374999999999999	-1.425	933239844.7487631
-0.374999999999999	-1.375	1323898384.411036
-0.374999999999999	-1.325	1757963428.480228
-0.374999999999999	-1.275	2550132133.906504
-0.374999999999999	-1.225	3429113848.146618
-0.374999999999999	-1.175	4633644345.438626
-0.374999999999999	-1.125	6749711435.275937
-0.374999999999999	-1.075	9256437064.775522
-0.374999999999999	-1.025	15582935082.084
-0.374999999999999	-0.975	16179774517.67914
-0.374999999999999	-0.925	21616439194.64577
-0.374999999999999	-0.875	28702551039.07533
-0.374999999999999	-0.825	35680146622.48759
-0.374999999999999	-0.775	43026697493.35867
-0.374999999999999	-0.725	51273933330.67332
-0.374999999999999	-0.675	65858518811.39818
-0.374999999999999	-0.625	76362892877.87263
-0.374999999999999	-0.575	91500911289.78571
-0.374999999999999	-0.525	108407744756.2807
-0.374999999999999	-0.475	129850557933.2988
-0.374999999999999	-0.425	151933617050.319
-0.374999999999999	-0.375	177869003433.4532
-0.374999999999999	-0.325	195850147884.0195
-0.374999999999999	-0.275	208448885788.1278
-0.374999999999999	-0.225	206300263819.9853
-0.374999999999999	-0.175	203782686564.384
-0.374999999999999	-0.125	193386828758.9268
-0.374999999999999	-0.0749999999999999	176165298135.4816
-0.374999999999999	-0.0249999999999999	158791844746.6122
-0.374999999999999	0.0250000000000001	140940919809.2667
-0.374999999999999	0.0750000000000001	119964726554.623
-0.374999999999999	0.125	98348287359.9772
-0.374999999999999	0.175	78511514846.01514
-0.374999999999999	0.225	58989439489.00321
-0.374999999999999	0.275	42918181232.34138
-0.374999999999999	0.325	29527274622.80679
-0.374999999999999	0.375	18795016408.19602
-0.374999999999999	0.425	11003548867.15402
-0.374999999999999	0.475	6228833382.392907
-0.374999999999999	0.525	2940790673.568777
-0.374999999999999	0.575	1616892289.157741
-0.374999999999999	0.625	596839435.5951393
-0.374999999999999	0.675	65109756.61037882
-0.374999999999999	0.725	43406504.40691921
-0.374999999999999	0.775	32554878.30518941
-0.374999999999999	0.825	0
-0.374999999999999	0.875	0
-0.374999999999999	0.925	0
-0.374999999999999	0.975	0
-0.374999999999999	1.025	0
-0.374999999999999	1.075	0
-0.374999999999999	1.125	0
-0.374999999999999	1.175	0
-0.374999999999999	1.225	0
-0.374999999999999	1.275	0
-0.374999999999999	1.325	0
-0.374999999999999	1.375	0
-0.374999999999999	1.425	0
-0.374999999999999	1.475	0
-0.374999999999999	1.525	0
-0.374999999999999	1.575	0
-0.374999999999999	1.625	0
-0.374999999999999	1.675	0
-0.374999999999999	1.725	0
-0.374999999999999	1.775	0
-0.374999999999999	1.825	0
-0.374999999999999	1.875	0
-0.374999999999999	1.925	0
-0.374999999999999	1.975	0
-0.374999999999999	2.025	0
-0.374999999999999	2.075	0
-0.374999999999999	2.125	0
-0.374999999999999	2.175	0
-0.374999999999999	2.225	0
-0.374999999999999	2.275	0
-0.374999999999999	2.325	0
-0.374999999999999	2.375	0
-0.374999999999999	2.425	0
-0.374999999999999	2.475	0
-0.374999999999999	2.525	0
-0.374999999999999	2.575	0
-0.374999999999999	2.625	0
-0.324999999999999	-1.975	65109756.61037882
-0.324999999999999	-1.925	21703252.20345961
-0.324999999999999	-1.875	54258130.50864901
-0.324999999999999	-1.825	32554878.30518941
-0.324999999999999	-1.775	119367887.1190278
-0.324999999999999	-1.725	249587400.3397855
-0.324999999999999	-1.675	217032522.0345961
-0.324999999999999	-1.625	184477643.7294067
-0.324999999999999	-1.575	368955287.4588133
-0.324999999999999	-1.525	705355696.6124371
-0.324999999999999	-1.475	770465453.2228161
-0.324999999999999	-1.425	1226233749.495468
-0.324999999999999	-1.375	1595189036.954281
-0.324999999999999	-1.325	2116067089.837312
-0.324999999999999	-1.275	2908235795.263587
-0.324999999999999	-1.225	4232134179.674623
-0.324999999999999	-1.175	6261388260.698096
-0.324999999999999	-1.125	7997648436.974865
-0.324999999999999	-1.075	10471819188.16926
-0.324999999999999	-1.025	19348449339.38424
-0.324999999999999	-0.975	21193225776.67831
-0.324999999999999	-0.925	27172471758.73143
-0.324999999999999	-0.875	33933034820.1091
-0.324999999999999	-0.825	42863923101.83273
-0.324999999999999	-0.775	51089455686.94391
-0.324999999999999	-0.725	62353443580.53945
-0.324999999999999	-0.675	78793657124.6601
-0.324999999999999	-0.625	89243773060.6259
-0.324999999999999	-0.575	104891817899.3203
-0.324999999999999	-0.525	123914718455.6526
-0.324999999999999	-0.475	145780745050.6382
-0.324999999999999	-0.425	173202804209.7094
-0.324999999999999	-0.375	193961964942.3185
-0.324999999999999	-0.325	210033223198.9803
-0.324999999999999	-0.275	218660265949.8555
-0.324999999999999	-0.225	214243654126.4515
-0.324999999999999	-0.175	205464688610.1521
-0.324999999999999	-0.125	190229005563.3234
-0.324999999999999	-0.0749999999999999	170782891589.0237
-0.324999999999999	-0.0249999999999999	148602167837.0879
-0.324999999999999	0.0250000000000001	124674332282.7737
-0.324999999999999	0.0750000000000001	102645531296.2622
-0.324999999999999	0.125	81506563650.09254
-0.324999999999999	0.175	61463610240.19761
-0.324999999999999	0.225	44752106043.53371
-0.324999999999999	0.275	30460514467.55556
-0.324999999999999	0.325	19456965600.40154
-0.324999999999999	0.375	11763162694.27511
-0.324999999999999	0.425	6793117939.682858
-0.324999999999999	0.475	3396558969.841429
-0.324999999999999	0.525	1280491880.004117
-0.324999999999999	0.575	336400409.1536239
-0.324999999999999	0.625	119367887.1190278
-0.324999999999999	0.675	54258130.50864901
-0.324999999999999	0.725	10851626.1017298
-0.324999999999999	0.775	0
-0.324999999999999	0.825	0
-0.324999999999999	0.875	0
-0.324999999999999	0.925	0
-0.324999999999999	0.975	0
-0.324999999999999	1.025	0
-0.324999999999999	1.075	0
-0.324999999999999	1.125	0
-0.324999999999999	1.175	0
-0.324999999999999	1.225	0
-0.324999999999999	1.275	0
-0.324999999999999	1.325	0
-0.324999999999999	1.375	0
-0.324999999999999	1.425	0
-0.324999999999999	1.475	0
-0.324999999999999	1.525	0
-0.324999999999999	1.575	0
-0.324999999999999	1.625	0
-0.324999999999999	1.675	0
-0.324999999999999	1.725	0
-0.324999999999999	1.775	0
-0.324999999999999	1.825	0
-0.324999999999999	1.875	0
-0.324999999999999	1.925	0
-0.324999999999999	1.975	0
-0.324999999999999	2.025	0
-0.324999999999999	2.075	0
-0.324999999999999	2.125	0
-0.324999999999999	2.175	0
-0.324999999999999	2.225	0
-0.324999999999999	2.275	0
-0.324999999999999	2.325	0
-0.324999999999999	2.375	0
-0.324999999999999	2.425	0
-0.324999999999999	2.475	0
-0.324999999999999	2.525	0
-0.324999999999999	2.575	0
-0.324999999999999	2.625	0
-0.274999999999999	-1.975	65109756.61037882
-0.274999999999999	-1.925	10851626.1017298
-0.274999999999999	-1.875	54258130.50864901
-0.274999999999999	-1.825	65109756.61037882
-0.274999999999999	-1.775	86813008.81383842
-0.274999999999999	-1.725	282142278.6449749
-0.274999999999999	-1.675	325548783.0518941
-0.274999999999999	-1.625	390658539.6622729
-0.274999999999999	-1.575	510026426.7813008
-0.274999999999999	-1.525	401510165.7640027
-0.274999999999999	-1.475	1106865862.37644
-0.274999999999999	-1.425	1269640253.902387
-0.274999999999999	-1.375	1974995950.514824
-0.274999999999999	-1.325	2745461403.73764
-0.274999999999999	-1.275	4318947188.488461
-0.274999999999999	-1.225	5035154511.202629
-0.274999999999999	-1.175	7324847618.667618
-0.274999999999999	-1.125	9940089509.1845
-0.274999999999999	-1.075	13163022461.39825
-0.274999999999999	-1.025	24036351815.33152
-0.274999999999999	-0.975	26825219723.47607
-0.274999999999999	-0.925	32001445374.00119
-0.274999999999999	-0.875	42136864153.01682
-0.274999999999999	-0.825	50188770720.50034
-0.274999999999999	-0.775	61951933414.77545
-0.274999999999999	-0.725	75787756694.48096
-0.274999999999999	-0.675	92889919430.80711
-0.274999999999999	-0.625	102471905278.6345
-0.274999999999999	-0.575	120203462328.861
-0.274999999999999	-0.525	138900814102.1415
-0.274999999999999	-0.475	164130844788.6633
-0.274999999999999	-0.425	188297416117.2155
-0.274999999999999	-0.375	207526497569.4808
-0.274999999999999	-0.325	224129485505.1273
-0.274999999999999	-0.275	227102831057.0013
-0.274999999999999	-0.225	218497491558.3296
-0.274999999999999	-0.175	201872800370.4795
-0.274999999999999	-0.125	180950865246.3445
-0.274999999999999	-0.0749999999999999	157066436196.4372
-0.274999999999999	-0.0249999999999999	132010031527.5431
-0.274999999999999	0.0250000000000001	108917771183.062
-0.274999999999999	0.0750000000000001	84751199854.50977
-0.274999999999999	0.125	64436955792.07157
-0.274999999999999	0.175	44882325556.75446
-0.274999999999999	0.225	31144166911.96453
-0.274999999999999	0.275	19977843653.28457
-0.274999999999999	0.325	12381705382.07371
-0.274999999999999	0.375	6673750052.563828
-0.274999999999999	0.425	3266339456.620671
-0.274999999999999	0.475	1443266271.530064
-0.274999999999999	0.525	466619922.3743815
-0.274999999999999	0.575	141071139.3224874
-0.274999999999999	0.625	54258130.50864901
-0.274999999999999	0.675	0
-0.274999999999999	0.725	0
-0.274999999999999	0.775	0
-0.274999999999999	0.825	0
-0.274999999999999	0.875	0
-0.274999999999999	0.925	0
-0.274999999999999	0.975	0
-0.274999999999999	1.025	0
-0.274999999999999	1.075	0
-0.274999999999999	1.125	0
-0.274999999999999	1.175	0
-0.274999999999999	1.225	0
-0.274999999999999	1.275	0
-0.274999999999999	1.325	0
-0.274999999999999	1.375	0
-0.274999999999999	1.425	0
-0.274999999999999	1.475	0
-0.274999999999999	1.525	0
-0.274999999999999	1.575	0
-0.274999999999999	1.625	0
-0.274999999999999	1.675	0
-0.274999999999999	1.725	0
-0.274999999999999	1.775	0
-0.274999999999999	1.825	0
-0.274999999999999	1.875	0
-0.274999999999999	1.925	0
-0.274999999999999	1.975	0
-0.274999999999999	2.025	0
-0.274999999999999	2.075	0
-0.274999999999999	2.125	0
-0.274999999999999	2.175	0
-0.274999999999999	2.225	0
-0.274999999999999	2.275	0
-0.274999999999999	2.325	0
-0.274999999999999	2.375	0
-0.274999999999999	2.425	0
-0.274999999999999	2.475	0
-0.274999999999999	2.525	0
-0.274999999999999	2.575	0
-0.274999999999999	2.625	0
-0.224999999999999	-1.975	75961382.71210863
-0.224999999999999	-1.925	21703252.20345961
-0.224999999999999	-1.875	43406504.40691921
-0.224999999999999	-1.825	97664634.91556822
-0.224999999999999	-1.775	217032522.0345961
-0.224999999999999	-1.725	325548783.0518941
-0.224999999999999	-1.675	455768296.2726517
-0.224999999999999	-1.625	510026426.7813008
-0.224999999999999	-1.575	499174800.6795709
-0.224999999999999	-1.525	878981714.2401141
-0.224999999999999	-1.475	1399859767.123145
-0.224999999999999	-1.425	1877331315.599256
-0.224999999999999	-1.375	2593538638.313423
-0.224999999999999	-1.325	3092713438.992994
-0.224999999999999	-1.275	5024302885.100899
-0.224999999999999	-1.225	6326498017.308475
-0.224999999999999	-1.175	8974294786.130547
-0.224999999999999	-1.125	11405059032.91802
-0.224999999999999	-1.075	16309994030.89989
-0.224999999999999	-1.025	29733455518.73966
-0.224999999999999	-0.975	31448012442.81297
-0.224999999999999	-0.925	39196073479.44805
-0.224999999999999	-0.875	50829016660.5024
-0.224999999999999	-0.825	62071301301.89448
-0.224999999999999	-0.775	73063998542.94678
-0.224999999999999	-0.725	88549268990.1152
-0.224999999999999	-0.675	107214065885.0905
-0.224999999999999	-0.625	117392891168.513
-0.224999999999999	-0.575	136155352698.4038
-0.224999999999999	-0.525	156447893508.6386
-0.224999999999999	-0.475	178042629451.0809
-0.224999999999999	-0.425	202274310536.2435
-0.224999999999999	-0.375	221611908249.526
-0.224999999999999	-0.325	230748977427.1826
-0.224999999999999	-0.275	227276457074.629
-0.224999999999999	-0.225	217010818782.3926
-0.224999999999999	-0.175	197032975129.108
-0.224999999999999	-0.125	168482346855.4569
-0.224999999999999	-0.0749999999999999	139389137276.7193
-0.224999999999999	-0.0249999999999999	113844409433.2474
-0.224999999999999	0.0250000000000001	89384844199.94839
-0.224999999999999	0.0750000000000001	66281732229.36564
-0.224999999999999	0.125	47660341838.7973
-0.224999999999999	0.175	32044851878.40811
-0.224999999999999	0.225	21041303011.25409
-0.224999999999999	0.275	12457666764.78581
-0.224999999999999	0.325	7183776479.34513
-0.224999999999999	0.375	3570184987.469106
-0.224999999999999	0.425	1486672775.936983
-0.224999999999999	0.475	466619922.3743815
-0.224999999999999	0.525	151922765.4242173
-0.224999999999999	0.575	32554878.30518941
-0.224999999999999	0.625	0
-0.224999999999999	0.675	0
-0.224999999999999	0.725	0
-0.224999999999999	0.775	0
-0.224999999999999	0.825	0
-0.224999999999999	0.875	0
-0.224999999999999	0.925	0
-0.224999999999999	0.975	0
-0.224999999999999	1.025	0
-0.224999999999999	1.075	0
-0.224999999999999	1.125	0
-0.224999999999999	1.175	0
-0.224999999999999	1.225	0
-0.224999999999999	1.275	0
-0.224999999999999	1.325	0
-0.224999999999999	1.375	0
-0.224999999999999	1.425	0
-0.224999999999999	1.475	0
-0.224999999999999	1.525	0
-0.224999999999999	1.575	0
-0.224999999999999	1.625	0
-0.224999999999999	1.675	0
-0.224999999999999	1.725	0
-0.224999999999999	1.775	0
-0.224999999999999	1.825	0
-0.224999999999999	1.875	0
-0.224999999999999	1.925	0
-0.224999999999999	1.975	0
-0.224999999999999	2.025	0
-0.224999999999999	2.075	0
-0.224999999999999	2.125	0
-0.224999999999999	2.175	0
-0.224999999999999	2.225	0
-0.224999999999999	2.275	0
-0.224999999999999	2.325	0
-0.224999999999999	2.375	0
-0.224999999999999	2.425	0
-0.224999999999999	2.475	0
-0.224999999999999	2.525	0
-0.224999999999999	2.575	0
-0.224999999999999	2.625	0
-0.174999999999999	-1.975	65109756.61037882
-0.174999999999999	-1.925	54258130.50864901
-0.174999999999999	-1.875	54258130.50864901
-0.174999999999999	-1.825	75961382.71210863
-0.174999999999999	-1.775	173626017.6276768
-0.174999999999999	-1.725	466619922.3743815
-0.174999999999999	-1.675	553432931.18822
-0.174999999999999	-1.625	737910574.9176266
-0.174999999999999	-1.575	737910574.9176266
-0.174999999999999	-1.525	944091470.850493
-0.174999999999999	-1.475	1497524402.038713
-0.174999999999999	-1.425	1985847576.616554
-0.174999999999999	-1.375	3114416691.196454
-0.174999999999999	-1.325	4242985805.776353
-0.174999999999999	-1.275	6196278504.087717
-0.174999999999999	-1.225	7954241932.567946
-0.174999999999999	-1.175	10699703336.30559
-0.174999999999999	-1.125	15051205403.09924
-0.174999999999999	-1.075	20976193254.64371
-0.174999999999999	-1.025	36580831588.93117
-0.174999999999999	-0.975	37828768590.6301
-0.174999999999999	-0.925	47486715821.16962
-0.174999999999999	-0.875	61604681379.52009
-0.174999999999999	-0.825	73378695699.89693
-0.174999999999999	-0.775	85673588073.1568
-0.174999999999999	-0.725	103470254879.9937
-0.174999999999999	-0.675	125292874970.5723
-0.174999999999999	-0.625	135178706349.2482
-0.174999999999999	-0.575	148808348733.0208
-0.174999999999999	-0.525	169925613126.987
-0.174999999999999	-0.475	189784088893.1525
-0.174999999999999	-0.425	212854645985.4301
-0.174999999999999	-0.375	228752278224.4642
-0.174999999999999	-0.325	233624658344.1409
-0.174999999999999	-0.275	229370820912.2628
-0.174999999999999	-0.225	212550800454.5817
-0.174999999999999	-0.175	183544403884.6579
-0.174999999999999	-0.125	153778393487.613
-0.174999999999999	-0.0749999999999999	119975578180.7247
-0.174999999999999	-0.0249999999999999	94018488545.38702
-0.174999999999999	0.0250000000000001	71197518853.44923
-0.174999999999999	0.0750000000000001	49331492258.46369
-0.174999999999999	0.125	33488118149.93818
-0.174999999999999	0.175	21963691229.90112
-0.174999999999999	0.225	13130467583.09306
-0.174999999999999	0.275	7064408592.226103
-0.174999999999999	0.325	3407410595.943158
-0.174999999999999	0.375	1638595541.3612
-0.174999999999999	0.425	499174800.6795709
-0.174999999999999	0.475	86813008.81383842
-0.174999999999999	0.525	21703252.20345961
-0.174999999999999	0.575	0
-0.174999999999999	0.625	0
-0.174999999999999	0.675	0
-0.174999999999999	0.725	0
-0.174999999999999	0.775	0
-0.174999999999999	0.825	0
-0.174999999999999	0.875	0
-0.174999999999999	0.925	0
-0.174999999999999	0.975	0
-0.174999999999999	1.025	0
-0.174999999999999	1.075	0
-0.174999999999999	1.125	0
-0.174999999999999	1.175	0
-0.174999999999999	1.225	0
-0.174999999999999	1.275	0
-0.174999999999999	1.325	0
-0.174999999999999	1.375	0
-0.174999999999999	1.425	0
-0.174999999999999	1.475	0
-0.174999999999999	1.525	0
-0.174999999999999	1.575	0
-0.174999999999999	1.625	0
-0.174999999999999	1.675	0
-0.174999999999999	1.725	0
-0.174999999999999	1.775	0
-0.174999999999999	1.825	0
-0.174999999999999	1.875	0
-0.174999999999999	1.925	0
-0.174999999999999	1.975	0
-0.174999999999999	2.025	0
-0.174999999999999	2.075	0
-0.174999999999999	2.125	0
-0.174999999999999	2.175	0
-0.174999999999999	2.225	0
-0.174999999999999	2.275	0
-0.174999999999999	2.325	0
-0.174999999999999	2.375	0
-0.174999999999999	2.425	0
-0.174999999999999	2.475	0
-0.174999999999999	2.525	0
-0.174999999999999	2.575	0
-0.174999999999999	2.625	0
-0.124999999999999	-1.975	75961382.71210863
-0.124999999999999	-1.925	86813008.81383842
-0.124999999999999	-1.875	86813008.81383842
-0.124999999999999	-1.825	119367887.1190278
-0.124999999999999	-1.775	195329269.8311364
-0.124999999999999	-1.725	499174800.6795709
-0.124999999999999	-1.675	661949192.205518
-0.124999999999999	-1.625	944091470.850493
-0.124999999999999	-1.575	770465453.2228161
-0.124999999999999	-1.525	1378156514.919685
-0.124999999999999	-1.475	1714556924.073309
-0.124999999999999	-1.425	2886532543.060128
-0.124999999999999	-1.375	3678701248.486403
-0.124999999999999	-1.325	5241335407.135495
-0.124999999999999	-1.275	6554382165.444801
-0.124999999999999	-1.225	8963443160.028818
-0.124999999999999	-1.175	13358351731.22939
-0.124999999999999	-1.125	18567132260.05969
-0.124999999999999	-1.075	24947888407.87682
-0.124999999999999	-1.025	44773809295.73717
-0.124999999999999	-0.975	45956636540.82572
-0.124999999999999	-0.925	57676392730.69391
-0.124999999999999	-0.875	72684191629.38622
-0.124999999999999	-0.825	88136907198.24947
-0.124999999999999	-0.775	102189762999.9896
-0.124999999999999	-0.725	118890415570.5517
-0.124999999999999	-0.675	143491051943.1732
-0.124999999999999	-0.625	147343379209.2873
-0.124999999999999	-0.575	164402135441.2065
-0.124999999999999	-0.525	182589460787.7057
-0.124999999999999	-0.475	203077330867.7715
-0.124999999999999	-0.425	219072627741.7213
-0.124999999999999	-0.375	231714772150.2365
-0.124999999999999	-0.325	234666414449.907
-0.124999999999999	-0.275	223272207043.0907
-0.124999999999999	-0.225	201341070691.4948
-0.124999999999999	-0.175	167505700506.3012
-0.124999999999999	-0.125	135428293749.5879
-0.124999999999999	-0.0749999999999999	102960228453.2124
-0.124999999999999	-0.0249999999999999	75277730267.69965
-0.124999999999999	0.0250000000000001	53064451637.45874
-0.124999999999999	0.0750000000000001	36363799066.89657
-0.124999999999999	0.125	22560530665.49626
-0.124999999999999	0.175	13564532627.16225
-0.124999999999999	0.225	7400809001.379726
-0.124999999999999	0.275	3288042708.824131
-0.124999999999999	0.325	1703705297.971579
-0.124999999999999	0.375	434065044.0691921
-0.124999999999999	0.425	184477643.7294067
-0.124999999999999	0.475	21703252.20345961
-0.124999999999999	0.525	32554878.30518941
-0.124999999999999	0.575	0
-0.124999999999999	0.625	0
-0.124999999999999	0.675	0
-0.124999999999999	0.725	0
-0.124999999999999	0.775	0
-0.124999999999999	0.825	0
-0.124999999999999	0.875	0
-0.124999999999999	0.925	0
-0.124999999999999	0.975	0
-0.124999999999999	1.025	0
-0.124999999999999	1.075	0
-0.124999999999999	1.125	0
-0.124999999999999	1.175	0
-0.124999999999999	1.225	0
-0.124999999999999	1.275	0
-0.124999999999999	1.325	0
-0.124999999999999	1.375	0
-0.124999999999999	1.425	0
-0.124999999999999	1.475	0
-0.124999999999999	1.525	0
-0.124999999999999	1.575	0
-0.124999999999999	1.625	0
-0.124999999999999	1.675	0
-0.124999999999999	1.725	0
-0.124999999999999	1.775	0
-0.124999999999999	1.825	0
-0.124999999999999	1.875	0
-0.124999999999999	1.925	0
-0.124999999999999	1.975	0
-0.124999999999999	2.025	0
-0.124999999999999	2.075	0
-0.124999999999999	2.125	0
-0.124999999999999	2.175	0
-0.124999999999999	2.225	0
-0.124999999999999	2.275	0
-0.124999999999999	2.325	0
-0.124999999999999	2.375	0
-0.124999999999999	2.425	0
-0.124999999999999	2.475	0
-0.124999999999999	2.525	0
-0.124999999999999	2.575	0
-0.124999999999999	2.625	0
-0.0749999999999994	-1.975	97664634.91556822
-0.0749999999999994	-1.925	65109756.61037882
-0.0749999999999994	-1.875	97664634.91556822
-0.0749999999999994	-1.825	151922765.4242173
-0.0749999999999994	-1.775	217032522.0345961
-0.0749999999999994	-1.725	683652444.4089776
-0.0749999999999994	-1.675	737910574.9176266
-0.0749999999999994	-1.625	933239844.7487631
-0.0749999999999994	-1.575	1052607731.867791
-0.0749999999999994	-1.525	1454117897.631794
-0.0749999999999994	-1.475	2278841481.363259
-0.0749999999999994	-1.425	3364004091.536239
-0.0749999999999994	-1.375	4449166701.709219
-0.0749999999999994	-1.325	6510975661.037883
-0.0749999999999994	-1.275	8420861854.942327
-0.0749999999999994	-1.225	12218930990.54776
-0.0749999999999994	-1.175	16787465579.37601
-0.0749999999999994	-1.125	22831821318.03951
-0.0749999999999994	-1.075	29180022587.55144
-0.0749999999999994	-1.025	53053600011.35701
-0.0749999999999994	-0.975	55560325640.85659
-0.0749999999999994	-0.925	68441205823.60987
-0.0749999999999994	-0.875	85510813681.63084
-0.0749999999999994	-0.825	103698139028.13
-0.0749999999999994	-0.775	118087395239.0237
-0.0749999999999994	-0.725	135081041714.3326
-0.0749999999999994	-0.675	160441291914.0751
-0.0749999999999994	-0.625	162698430143.235
-0.0749999999999994	-0.575	177445790015.4857
-0.0749999999999994	-0.525	195068830804.6949
-0.0749999999999994	-0.475	210619211008.4738
-0.0749999999999994	-0.425	226581953004.1183
-0.0749999999999994	-0.375	234568749814.9915
-0.0749999999999994	-0.325	229370820912.2628
-0.0749999999999994	-0.275	215231152101.7089
-0.0749999999999994	-0.225	187570357168.3996
-0.0749999999999994	-0.175	150349279639.4664
-0.0749999999999994	-0.125	114745094399.6909
-0.0749999999999994	-0.0749999999999999	83286230330.77625
-0.0749999999999994	-0.0249999999999999	57350843947.64201
-0.0749999999999994	0.0250000000000001	38273685260.80102
-0.0749999999999994	0.0750000000000001	23591435145.16059
-0.0749999999999994	0.125	13662197262.07782
-0.0749999999999994	0.175	7292292740.362428
-0.0749999999999994	0.225	3374855717.637969
-0.0749999999999994	0.275	1475821149.835253
-0.0749999999999994	0.325	455768296.2726517
-0.0749999999999994	0.375	130219513.2207576
-0.0749999999999994	0.425	54258130.50864901
-0.0749999999999994	0.475	10851626.1017298
-0.0749999999999994	0.525	0
-0.0749999999999994	0.575	0
-0.0749999999999994	0.625	0
-0.0749999999999994	0.675	0
-0.0749999999999994	0.725	0
-0.0749999999999994	0.775	0
-0.0749999999999994	0.825	0
-0.0749999999999994	0.875	0
-0.0749999999999994	0.925	0
-0.0749999999999994	0.975	0
-0.0749999999999994	1.025	0
-0.0749999999999994	1.075	0
-0.0749999999999994	1.125	0
-0.0749999999999994	1.175	0
-0.0749999999999994	1.225	0
-0.0749999999999994	1.275	0
-0.0749999999999994	1.325	0
-0.0749999999999994	1.375	0
-0.0749999999999994	1.425	0
-0.0749999999999994	1.475	0
-0.0749999999999994	1.525	0
-0.0749999999999994	1.575	0
-0.0749999999999994	1.625	0
-0.0749999999999994	1.675	0
-0.0749999999999994	1.725	0
-0.0749999999999994	1.775	0
-0.0749999999999994	1.825	0
-0.0749999999999994	1.875	0
-0.0749999999999994	1.925	0
-0.0749999999999994	1.975	0
-0.0749999999999994	2.025	0
-0.0749999999999994	2.075	0
-0.0749999999999994	2.125	0
-0.0749999999999994	2.175	0
-0.0749999999999994	2.225	0
-0.0749999999999994	2.275	0
-0.0749999999999994	2.325	0
-0.0749999999999994	2.375	0
-0.0749999999999994	2.425	0
-0.0749999999999994	2.475	0
-0.0749999999999994	2.525	0
-0.0749999999999994	2.575	0
-0.0749999999999994	2.625	0
-0.0249999999999994	-1.975	97664634.91556822
-0.0249999999999994	-1.925	97664634.91556822
-0.0249999999999994	-1.875	119367887.1190278
-0.0249999999999994	-1.825	130219513.2207576
-0.0249999999999994	-1.775	303845530.8484345
-0.0249999999999994	-1.725	748762201.0193564
-0.0249999999999994	-1.675	889833340.341844
-0.0249999999999994	-1.625	922388218.6470333
-0.0249999999999994	-1.575	1367304888.817955
-0.0249999999999994	-1.525	1931589446.107905
-0.0249999999999994	-1.475	2864829290.856668
-0.0249999999999994	-1.425	3971695153.233108
-0.0249999999999994	-1.375	5382406546.457982
-0.0249999999999994	-1.325	7313995992.565887
-0.0249999999999994	-1.275	10721406588.50905
-0.0249999999999994	-1.225	14476069219.70756
-0.0249999999999994	-1.175	19587185113.6223
-0.0249999999999994	-1.125	24991294912.28373
-0.0249999999999994	-1.075	35842921014.01354
-0.0249999999999994	-1.025	63894374486.98508
-0.0249999999999994	-0.975	64925278966.64941
-0.0249999999999994	-0.925	81506563650.09254
-0.0249999999999994	-0.875	99075346308.79311
-0.0249999999999994	-0.825	117414594420.7165
-0.0249999999999994	-0.775	138748891336.7173
-0.0249999999999994	-0.725	154820149593.3791
-0.0249999999999994	-0.675	183522700632.4544
-0.0249999999999994	-0.625	178194552216.5051
-0.0249999999999994	-0.575	185823245366.0211
-0.0249999999999994	-0.525	202675820702.0075
-0.0249999999999994	-0.475	218638562697.6521
-0.0249999999999994	-0.425	229153788390.2282
-0.0249999999999994	-0.375	231964359550.5763
-0.0249999999999994	-0.325	227102831057.0013
-0.0249999999999994	-0.275	203934609329.8082
-0.0249999999999994	-0.225	166355428139.5179
-0.0249999999999994	-0.175	128472401418.3791
-0.0249999999999994	-0.125	92575222273.85696
-0.0249999999999994	-0.0749999999999999	65142311488.68401
-0.0249999999999994	-0.0249999999999999	42451561309.96699
-0.0249999999999994	0.0250000000000001	25989644513.64288
-0.0249999999999994	0.0750000000000001	14237333445.4695
-0.0249999999999994	0.125	7650396401.719511
-0.0249999999999994	0.175	3472520352.553537
-0.0249999999999994	0.225	1334750010.512766
-0.0249999999999994	0.275	520878052.8830305
-0.0249999999999994	0.325	75961382.71210863
-0.0249999999999994	0.375	10851626.1017298
-0.0249999999999994	0.425	0
-0.0249999999999994	0.475	0
-0.0249999999999994	0.525	0
-0.0249999999999994	0.575	0
-0.0249999999999994	0.625	0
-0.0249999999999994	0.675	0
-0.0249999999999994	0.725	0
-0.0249999999999994	0.775	0
-0.0249999999999994	0.825	0
-0.0249999999999994	0.875	0
-0.0249999999999994	0.925	0
-0.0249999999999994	0.975	0
-0.0249999999999994	1.025	0
-0.0249999999999994	1.075	0
-0.0249999999999994	1.125	0
-0.0249999999999994	1.175	0
-0.0249999999999994	1.225	0
-0.0249999999999994	1.275	0
-0.0249999999999994	1.325	0
-0.0249999999999994	1.375	0
-0.0249999999999994	1.425	0
-0.0249999999999994	1.475	0
-0.0249999999999994	1.525	0
-0.0249999999999994	1.575	0
-0.0249999999999994	1.625	0
-0.0249999999999994	1.675	0
-0.0249999999999994	1.725	0
-0.0249999999999994	1.775	0
-0.0249999999999994	1.825	0
-0.0249999999999994	1.875	0
-0.0249999999999994	1.925	0
-0.0249999999999994	1.975	0
-0.0249999999999994	2.025	0
-0.0249999999999994	2.075	0
-0.0249999999999994	2.125	0
-0.0249999999999994	2.175	0
-0.0249999999999994	2.225	0
-0.0249999999999994	2.275	0
-0.0249999999999994	2.325	0
-0.0249999999999994	2.375	0
-0.0249999999999994	2.425	0
-0.0249999999999994	2.475	0
-0.0249999999999994	2.525	0
-0.0249999999999994	2.575	0
-0.0249999999999994	2.625	0
