# This file contains the cross section for particles into the FORWARD hemisphere only
# Normalization:	3397492209686.177	 pb
# PID:	310
# log10(theta)	log10(p/GeV)	cross-section[pb/bin]
-7.275	-1.975	0
-7.275	-1.925	0
-7.275	-1.875	0
-7.275	-1.825	0
-7.275	-1.775	0
-7.275	-1.725	0
-7.275	-1.675	0
-7.275	-1.625	0
-7.275	-1.575	0
-7.275	-1.525	0
-7.275	-1.475	0
-7.275	-1.425	0
-7.275	-1.375	0
-7.275	-1.325	0
-7.275	-1.275	0
-7.275	-1.225	0
-7.275	-1.175	0
-7.275	-1.125	0
-7.275	-1.075	0
-7.275	-1.025	0
-7.275	-0.975	0
-7.275	-0.925	0
-7.275	-0.875	0
-7.275	-0.825	0
-7.275	-0.775	0
-7.275	-0.725	0
-7.275	-0.675	0
-7.275	-0.625	0
-7.275	-0.575	0
-7.275	-0.525	0
-7.275	-0.475	0
-7.275	-0.425	0
-7.275	-0.375	0
-7.275	-0.325	0
-7.275	-0.275	0
-7.275	-0.225	0
-7.275	-0.175	0
-7.275	-0.125	0
-7.275	-0.0749999999999999	0
-7.275	-0.0249999999999999	0
-7.275	0.0250000000000001	0
-7.275	0.0750000000000001	0
-7.275	0.125	0
-7.275	0.175	0
-7.275	0.225	0
-7.275	0.275	0
-7.275	0.325	0
-7.275	0.375	0
-7.275	0.425	0
-7.275	0.475	0
-7.275	0.525	0
-7.275	0.575	0
-7.275	0.625	0
-7.275	0.675	0
-7.275	0.725	0
-7.275	0.775	0
-7.275	0.825	0
-7.275	0.875	0
-7.275	0.925	0
-7.275	0.975	0
-7.275	1.025	0
-7.275	1.075	0
-7.275	1.125	0
-7.275	1.175	0
-7.275	1.225	0
-7.275	1.275	0
-7.275	1.325	0
-7.275	1.375	0
-7.275	1.425	0
-7.275	1.475	0
-7.275	1.525	0
-7.275	1.575	0
-7.275	1.625	0
-7.275	1.675	0
-7.275	1.725	0
-7.275	1.775	0
-7.275	1.825	0
-7.275	1.875	0
-7.275	1.925	0
-7.275	1.975	0
-7.275	2.025	0
-7.275	2.075	0
-7.275	2.125	0
-7.275	2.175	0
-7.275	2.225	0
-7.275	2.275	0
-7.275	2.325	0
-7.275	2.375	0
-7.275	2.425	0
-7.275	2.475	0
-7.275	2.525	0
-7.275	2.575	0
-7.275	2.625	0
-7.225	-1.975	0
-7.225	-1.925	0
-7.225	-1.875	0
-7.225	-1.825	0
-7.225	-1.775	0
-7.225	-1.725	0
-7.225	-1.675	0
-7.225	-1.625	0
-7.225	-1.575	0
-7.225	-1.525	0
-7.225	-1.475	0
-7.225	-1.425	0
-7.225	-1.375	0
-7.225	-1.325	0
-7.225	-1.275	0
-7.225	-1.225	0
-7.225	-1.175	0
-7.225	-1.125	0
-7.225	-1.075	0
-7.225	-1.025	0
-7.225	-0.975	0
-7.225	-0.925	0
-7.225	-0.875	0
-7.225	-0.825	0
-7.225	-0.775	0
-7.225	-0.725	0
-7.225	-0.675	0
-7.225	-0.625	0
-7.225	-0.575	0
-7.225	-0.525	0
-7.225	-0.475	0
-7.225	-0.425	0
-7.225	-0.375	0
-7.225	-0.325	0
-7.225	-0.275	0
-7.225	-0.225	0
-7.225	-0.175	0
-7.225	-0.125	0
-7.225	-0.0749999999999999	0
-7.225	-0.0249999999999999	0
-7.225	0.0250000000000001	0
-7.225	0.0750000000000001	0
-7.225	0.125	0
-7.225	0.175	0
-7.225	0.225	0
-7.225	0.275	0
-7.225	0.325	0
-7.225	0.375	0
-7.225	0.425	0
-7.225	0.475	0
-7.225	0.525	0
-7.225	0.575	0
-7.225	0.625	0
-7.225	0.675	0
-7.225	0.725	0
-7.225	0.775	0
-7.225	0.825	0
-7.225	0.875	0
-7.225	0.925	0
-7.225	0.975	0
-7.225	1.025	0
-7.225	1.075	0
-7.225	1.125	0
-7.225	1.175	0
-7.225	1.225	0
-7.225	1.275	0
-7.225	1.325	0
-7.225	1.375	0
-7.225	1.425	0
-7.225	1.475	0
-7.225	1.525	0
-7.225	1.575	0
-7.225	1.625	0
-7.225	1.675	0
-7.225	1.725	0
-7.225	1.775	0
-7.225	1.825	0
-7.225	1.875	0
-7.225	1.925	0
-7.225	1.975	0
-7.225	2.025	0
-7.225	2.075	0
-7.225	2.125	0
-7.225	2.175	0
-7.225	2.225	0
-7.225	2.275	0
-7.225	2.325	0
-7.225	2.375	0
-7.225	2.425	0
-7.225	2.475	0
-7.225	2.525	0
-7.225	2.575	0
-7.225	2.625	0
-7.175	-1.975	0
-7.175	-1.925	0
-7.175	-1.875	0
-7.175	-1.825	0
-7.175	-1.775	0
-7.175	-1.725	0
-7.175	-1.675	0
-7.175	-1.625	0
-7.175	-1.575	0
-7.175	-1.525	0
-7.175	-1.475	0
-7.175	-1.425	0
-7.175	-1.375	0
-7.175	-1.325	0
-7.175	-1.275	0
-7.175	-1.225	0
-7.175	-1.175	0
-7.175	-1.125	0
-7.175	-1.075	0
-7.175	-1.025	0
-7.175	-0.975	0
-7.175	-0.925	0
-7.175	-0.875	0
-7.175	-0.825	0
-7.175	-0.775	0
-7.175	-0.725	0
-7.175	-0.675	0
-7.175	-0.625	0
-7.175	-0.575	0
-7.175	-0.525	0
-7.175	-0.475	0
-7.175	-0.425	0
-7.175	-0.375	0
-7.175	-0.325	0
-7.175	-0.275	0
-7.175	-0.225	0
-7.175	-0.175	0
-7.175	-0.125	0
-7.175	-0.0749999999999999	0
-7.175	-0.0249999999999999	0
-7.175	0.0250000000000001	0
-7.175	0.0750000000000001	0
-7.175	0.125	0
-7.175	0.175	0
-7.175	0.225	0
-7.175	0.275	0
-7.175	0.325	0
-7.175	0.375	0
-7.175	0.425	0
-7.175	0.475	0
-7.175	0.525	0
-7.175	0.575	0
-7.175	0.625	0
-7.175	0.675	0
-7.175	0.725	0
-7.175	0.775	0
-7.175	0.825	0
-7.175	0.875	0
-7.175	0.925	0
-7.175	0.975	0
-7.175	1.025	0
-7.175	1.075	0
-7.175	1.125	0
-7.175	1.175	0
-7.175	1.225	0
-7.175	1.275	0
-7.175	1.325	0
-7.175	1.375	0
-7.175	1.425	0
-7.175	1.475	0
-7.175	1.525	0
-7.175	1.575	0
-7.175	1.625	0
-7.175	1.675	0
-7.175	1.725	0
-7.175	1.775	0
-7.175	1.825	0
-7.175	1.875	0
-7.175	1.925	0
-7.175	1.975	0
-7.175	2.025	0
-7.175	2.075	0
-7.175	2.125	0
-7.175	2.175	0
-7.175	2.225	0
-7.175	2.275	0
-7.175	2.325	0
-7.175	2.375	0
-7.175	2.425	0
-7.175	2.475	0
-7.175	2.525	0
-7.175	2.575	0
-7.175	2.625	0
-7.125	-1.975	0
-7.125	-1.925	0
-7.125	-1.875	0
-7.125	-1.825	0
-7.125	-1.775	0
-7.125	-1.725	0
-7.125	-1.675	0
-7.125	-1.625	0
-7.125	-1.575	0
-7.125	-1.525	0
-7.125	-1.475	0
-7.125	-1.425	0
-7.125	-1.375	0
-7.125	-1.325	0
-7.125	-1.275	0
-7.125	-1.225	0
-7.125	-1.175	0
-7.125	-1.125	0
-7.125	-1.075	0
-7.125	-1.025	0
-7.125	-0.975	0
-7.125	-0.925	0
-7.125	-0.875	0
-7.125	-0.825	0
-7.125	-0.775	0
-7.125	-0.725	0
-7.125	-0.675	0
-7.125	-0.625	0
-7.125	-0.575	0
-7.125	-0.525	0
-7.125	-0.475	0
-7.125	-0.425	0
-7.125	-0.375	0
-7.125	-0.325	0
-7.125	-0.275	0
-7.125	-0.225	0
-7.125	-0.175	0
-7.125	-0.125	0
-7.125	-0.0749999999999999	0
-7.125	-0.0249999999999999	0
-7.125	0.0250000000000001	0
-7.125	0.0750000000000001	0
-7.125	0.125	0
-7.125	0.175	0
-7.125	0.225	0
-7.125	0.275	0
-7.125	0.325	0
-7.125	0.375	0
-7.125	0.425	0
-7.125	0.475	0
-7.125	0.525	0
-7.125	0.575	0
-7.125	0.625	0
-7.125	0.675	0
-7.125	0.725	0
-7.125	0.775	0
-7.125	0.825	0
-7.125	0.875	0
-7.125	0.925	0
-7.125	0.975	0
-7.125	1.025	0
-7.125	1.075	0
-7.125	1.125	0
-7.125	1.175	0
-7.125	1.225	0
-7.125	1.275	0
-7.125	1.325	0
-7.125	1.375	0
-7.125	1.425	0
-7.125	1.475	0
-7.125	1.525	0
-7.125	1.575	0
-7.125	1.625	0
-7.125	1.675	0
-7.125	1.725	0
-7.125	1.775	0
-7.125	1.825	0
-7.125	1.875	0
-7.125	1.925	0
-7.125	1.975	0
-7.125	2.025	0
-7.125	2.075	0
-7.125	2.125	0
-7.125	2.175	0
-7.125	2.225	0
-7.125	2.275	0
-7.125	2.325	0
-7.125	2.375	0
-7.125	2.425	0
-7.125	2.475	0
-7.125	2.525	0
-7.125	2.575	0
-7.125	2.625	0
-7.075	-1.975	0
-7.075	-1.925	0
-7.075	-1.875	0
-7.075	-1.825	0
-7.075	-1.775	0
-7.075	-1.725	0
-7.075	-1.675	0
-7.075	-1.625	0
-7.075	-1.575	0
-7.075	-1.525	0
-7.075	-1.475	0
-7.075	-1.425	0
-7.075	-1.375	0
-7.075	-1.325	0
-7.075	-1.275	0
-7.075	-1.225	0
-7.075	-1.175	0
-7.075	-1.125	0
-7.075	-1.075	0
-7.075	-1.025	0
-7.075	-0.975	0
-7.075	-0.925	0
-7.075	-0.875	0
-7.075	-0.825	0
-7.075	-0.775	0
-7.075	-0.725	0
-7.075	-0.675	0
-7.075	-0.625	0
-7.075	-0.575	0
-7.075	-0.525	0
-7.075	-0.475	0
-7.075	-0.425	0
-7.075	-0.375	0
-7.075	-0.325	0
-7.075	-0.275	0
-7.075	-0.225	0
-7.075	-0.175	0
-7.075	-0.125	0
-7.075	-0.0749999999999999	0
-7.075	-0.0249999999999999	0
-7.075	0.0250000000000001	0
-7.075	0.0750000000000001	0
-7.075	0.125	0
-7.075	0.175	0
-7.075	0.225	0
-7.075	0.275	0
-7.075	0.325	0
-7.075	0.375	0
-7.075	0.425	0
-7.075	0.475	0
-7.075	0.525	0
-7.075	0.575	0
-7.075	0.625	0
-7.075	0.675	0
-7.075	0.725	0
-7.075	0.775	0
-7.075	0.825	0
-7.075	0.875	0
-7.075	0.925	0
-7.075	0.975	0
-7.075	1.025	0
-7.075	1.075	0
-7.075	1.125	0
-7.075	1.175	0
-7.075	1.225	0
-7.075	1.275	0
-7.075	1.325	0
-7.075	1.375	0
-7.075	1.425	0
-7.075	1.475	0
-7.075	1.525	0
-7.075	1.575	0
-7.075	1.625	0
-7.075	1.675	0
-7.075	1.725	0
-7.075	1.775	0
-7.075	1.825	0
-7.075	1.875	0
-7.075	1.925	0
-7.075	1.975	0
-7.075	2.025	0
-7.075	2.075	0
-7.075	2.125	0
-7.075	2.175	0
-7.075	2.225	0
-7.075	2.275	0
-7.075	2.325	0
-7.075	2.375	0
-7.075	2.425	0
-7.075	2.475	0
-7.075	2.525	0
-7.075	2.575	0
-7.075	2.625	0
-7.025	-1.975	0
-7.025	-1.925	0
-7.025	-1.875	0
-7.025	-1.825	0
-7.025	-1.775	0
-7.025	-1.725	0
-7.025	-1.675	0
-7.025	-1.625	0
-7.025	-1.575	0
-7.025	-1.525	0
-7.025	-1.475	0
-7.025	-1.425	0
-7.025	-1.375	0
-7.025	-1.325	0
-7.025	-1.275	0
-7.025	-1.225	0
-7.025	-1.175	0
-7.025	-1.125	0
-7.025	-1.075	0
-7.025	-1.025	0
-7.025	-0.975	0
-7.025	-0.925	0
-7.025	-0.875	0
-7.025	-0.825	0
-7.025	-0.775	0
-7.025	-0.725	0
-7.025	-0.675	0
-7.025	-0.625	0
-7.025	-0.575	0
-7.025	-0.525	0
-7.025	-0.475	0
-7.025	-0.425	0
-7.025	-0.375	0
-7.025	-0.325	0
-7.025	-0.275	0
-7.025	-0.225	0
-7.025	-0.175	0
-7.025	-0.125	0
-7.025	-0.0749999999999999	0
-7.025	-0.0249999999999999	0
-7.025	0.0250000000000001	0
-7.025	0.0750000000000001	0
-7.025	0.125	0
-7.025	0.175	0
-7.025	0.225	0
-7.025	0.275	0
-7.025	0.325	0
-7.025	0.375	0
-7.025	0.425	0
-7.025	0.475	0
-7.025	0.525	0
-7.025	0.575	0
-7.025	0.625	0
-7.025	0.675	0
-7.025	0.725	0
-7.025	0.775	0
-7.025	0.825	0
-7.025	0.875	0
-7.025	0.925	0
-7.025	0.975	0
-7.025	1.025	0
-7.025	1.075	0
-7.025	1.125	0
-7.025	1.175	0
-7.025	1.225	0
-7.025	1.275	0
-7.025	1.325	0
-7.025	1.375	0
-7.025	1.425	0
-7.025	1.475	0
-7.025	1.525	0
-7.025	1.575	0
-7.025	1.625	0
-7.025	1.675	0
-7.025	1.725	0
-7.025	1.775	0
-7.025	1.825	0
-7.025	1.875	0
-7.025	1.925	0
-7.025	1.975	0
-7.025	2.025	0
-7.025	2.075	0
-7.025	2.125	0
-7.025	2.175	0
-7.025	2.225	0
-7.025	2.275	0
-7.025	2.325	0
-7.025	2.375	0
-7.025	2.425	0
-7.025	2.475	0
-7.025	2.525	0
-7.025	2.575	0
-7.025	2.625	0
-6.975	-1.975	0
-6.975	-1.925	0
-6.975	-1.875	0
-6.975	-1.825	0
-6.975	-1.775	0
-6.975	-1.725	0
-6.975	-1.675	0
-6.975	-1.625	0
-6.975	-1.575	0
-6.975	-1.525	0
-6.975	-1.475	0
-6.975	-1.425	0
-6.975	-1.375	0
-6.975	-1.325	0
-6.975	-1.275	0
-6.975	-1.225	0
-6.975	-1.175	0
-6.975	-1.125	0
-6.975	-1.075	0
-6.975	-1.025	0
-6.975	-0.975	0
-6.975	-0.925	0
-6.975	-0.875	0
-6.975	-0.825	0
-6.975	-0.775	0
-6.975	-0.725	0
-6.975	-0.675	0
-6.975	-0.625	0
-6.975	-0.575	0
-6.975	-0.525	0
-6.975	-0.475	0
-6.975	-0.425	0
-6.975	-0.375	0
-6.975	-0.325	0
-6.975	-0.275	0
-6.975	-0.225	0
-6.975	-0.175	0
-6.975	-0.125	0
-6.975	-0.0749999999999999	0
-6.975	-0.0249999999999999	0
-6.975	0.0250000000000001	0
-6.975	0.0750000000000001	0
-6.975	0.125	0
-6.975	0.175	0
-6.975	0.225	0
-6.975	0.275	0
-6.975	0.325	0
-6.975	0.375	0
-6.975	0.425	0
-6.975	0.475	0
-6.975	0.525	0
-6.975	0.575	0
-6.975	0.625	0
-6.975	0.675	0
-6.975	0.725	0
-6.975	0.775	0
-6.975	0.825	0
-6.975	0.875	0
-6.975	0.925	0
-6.975	0.975	0
-6.975	1.025	0
-6.975	1.075	0
-6.975	1.125	0
-6.975	1.175	0
-6.975	1.225	0
-6.975	1.275	0
-6.975	1.325	0
-6.975	1.375	0
-6.975	1.425	0
-6.975	1.475	0
-6.975	1.525	0
-6.975	1.575	0
-6.975	1.625	0
-6.975	1.675	0
-6.975	1.725	0
-6.975	1.775	0
-6.975	1.825	0
-6.975	1.875	0
-6.975	1.925	0
-6.975	1.975	0
-6.975	2.025	0
-6.975	2.075	0
-6.975	2.125	0
-6.975	2.175	0
-6.975	2.225	0
-6.975	2.275	0
-6.975	2.325	0
-6.975	2.375	0
-6.975	2.425	0
-6.975	2.475	0
-6.975	2.525	0
-6.975	2.575	0
-6.975	2.625	0
-6.925	-1.975	0
-6.925	-1.925	0
-6.925	-1.875	0
-6.925	-1.825	0
-6.925	-1.775	0
-6.925	-1.725	0
-6.925	-1.675	0
-6.925	-1.625	0
-6.925	-1.575	0
-6.925	-1.525	0
-6.925	-1.475	0
-6.925	-1.425	0
-6.925	-1.375	0
-6.925	-1.325	0
-6.925	-1.275	0
-6.925	-1.225	0
-6.925	-1.175	0
-6.925	-1.125	0
-6.925	-1.075	0
-6.925	-1.025	0
-6.925	-0.975	0
-6.925	-0.925	0
-6.925	-0.875	0
-6.925	-0.825	0
-6.925	-0.775	0
-6.925	-0.725	0
-6.925	-0.675	0
-6.925	-0.625	0
-6.925	-0.575	0
-6.925	-0.525	0
-6.925	-0.475	0
-6.925	-0.425	0
-6.925	-0.375	0
-6.925	-0.325	0
-6.925	-0.275	0
-6.925	-0.225	0
-6.925	-0.175	0
-6.925	-0.125	0
-6.925	-0.0749999999999999	0
-6.925	-0.0249999999999999	0
-6.925	0.0250000000000001	0
-6.925	0.0750000000000001	0
-6.925	0.125	0
-6.925	0.175	0
-6.925	0.225	0
-6.925	0.275	0
-6.925	0.325	0
-6.925	0.375	0
-6.925	0.425	0
-6.925	0.475	0
-6.925	0.525	0
-6.925	0.575	0
-6.925	0.625	0
-6.925	0.675	0
-6.925	0.725	0
-6.925	0.775	0
-6.925	0.825	0
-6.925	0.875	0
-6.925	0.925	0
-6.925	0.975	0
-6.925	1.025	0
-6.925	1.075	0
-6.925	1.125	0
-6.925	1.175	0
-6.925	1.225	0
-6.925	1.275	0
-6.925	1.325	0
-6.925	1.375	0
-6.925	1.425	0
-6.925	1.475	0
-6.925	1.525	0
-6.925	1.575	0
-6.925	1.625	0
-6.925	1.675	0
-6.925	1.725	0
-6.925	1.775	0
-6.925	1.825	0
-6.925	1.875	0
-6.925	1.925	0
-6.925	1.975	0
-6.925	2.025	0
-6.925	2.075	0
-6.925	2.125	0
-6.925	2.175	0
-6.925	2.225	0
-6.925	2.275	0
-6.925	2.325	0
-6.925	2.375	0
-6.925	2.425	0
-6.925	2.475	0
-6.925	2.525	0
-6.925	2.575	0
-6.925	2.625	0
-6.875	-1.975	0
-6.875	-1.925	0
-6.875	-1.875	0
-6.875	-1.825	0
-6.875	-1.775	0
-6.875	-1.725	0
-6.875	-1.675	0
-6.875	-1.625	0
-6.875	-1.575	0
-6.875	-1.525	0
-6.875	-1.475	0
-6.875	-1.425	0
-6.875	-1.375	0
-6.875	-1.325	0
-6.875	-1.275	0
-6.875	-1.225	0
-6.875	-1.175	0
-6.875	-1.125	0
-6.875	-1.075	0
-6.875	-1.025	0
-6.875	-0.975	0
-6.875	-0.925	0
-6.875	-0.875	0
-6.875	-0.825	0
-6.875	-0.775	0
-6.875	-0.725	0
-6.875	-0.675	0
-6.875	-0.625	0
-6.875	-0.575	0
-6.875	-0.525	0
-6.875	-0.475	0
-6.875	-0.425	0
-6.875	-0.375	0
-6.875	-0.325	0
-6.875	-0.275	0
-6.875	-0.225	0
-6.875	-0.175	0
-6.875	-0.125	0
-6.875	-0.0749999999999999	0
-6.875	-0.0249999999999999	0
-6.875	0.0250000000000001	0
-6.875	0.0750000000000001	0
-6.875	0.125	0
-6.875	0.175	0
-6.875	0.225	0
-6.875	0.275	0
-6.875	0.325	0
-6.875	0.375	0
-6.875	0.425	0
-6.875	0.475	0
-6.875	0.525	0
-6.875	0.575	0
-6.875	0.625	0
-6.875	0.675	0
-6.875	0.725	0
-6.875	0.775	0
-6.875	0.825	0
-6.875	0.875	0
-6.875	0.925	0
-6.875	0.975	0
-6.875	1.025	0
-6.875	1.075	0
-6.875	1.125	0
-6.875	1.175	0
-6.875	1.225	0
-6.875	1.275	0
-6.875	1.325	0
-6.875	1.375	0
-6.875	1.425	0
-6.875	1.475	0
-6.875	1.525	0
-6.875	1.575	0
-6.875	1.625	0
-6.875	1.675	0
-6.875	1.725	0
-6.875	1.775	0
-6.875	1.825	0
-6.875	1.875	0
-6.875	1.925	0
-6.875	1.975	0
-6.875	2.025	0
-6.875	2.075	0
-6.875	2.125	0
-6.875	2.175	0
-6.875	2.225	0
-6.875	2.275	0
-6.875	2.325	0
-6.875	2.375	0
-6.875	2.425	0
-6.875	2.475	0
-6.875	2.525	0
-6.875	2.575	0
-6.875	2.625	0
-6.825	-1.975	0
-6.825	-1.925	0
-6.825	-1.875	0
-6.825	-1.825	0
-6.825	-1.775	0
-6.825	-1.725	0
-6.825	-1.675	0
-6.825	-1.625	0
-6.825	-1.575	0
-6.825	-1.525	0
-6.825	-1.475	0
-6.825	-1.425	0
-6.825	-1.375	0
-6.825	-1.325	0
-6.825	-1.275	0
-6.825	-1.225	0
-6.825	-1.175	0
-6.825	-1.125	0
-6.825	-1.075	0
-6.825	-1.025	0
-6.825	-0.975	0
-6.825	-0.925	0
-6.825	-0.875	0
-6.825	-0.825	0
-6.825	-0.775	0
-6.825	-0.725	0
-6.825	-0.675	0
-6.825	-0.625	0
-6.825	-0.575	0
-6.825	-0.525	0
-6.825	-0.475	0
-6.825	-0.425	0
-6.825	-0.375	0
-6.825	-0.325	0
-6.825	-0.275	0
-6.825	-0.225	0
-6.825	-0.175	0
-6.825	-0.125	0
-6.825	-0.0749999999999999	0
-6.825	-0.0249999999999999	0
-6.825	0.0250000000000001	0
-6.825	0.0750000000000001	0
-6.825	0.125	0
-6.825	0.175	0
-6.825	0.225	0
-6.825	0.275	0
-6.825	0.325	0
-6.825	0.375	0
-6.825	0.425	0
-6.825	0.475	0
-6.825	0.525	0
-6.825	0.575	0
-6.825	0.625	0
-6.825	0.675	0
-6.825	0.725	0
-6.825	0.775	0
-6.825	0.825	0
-6.825	0.875	0
-6.825	0.925	0
-6.825	0.975	0
-6.825	1.025	0
-6.825	1.075	0
-6.825	1.125	0
-6.825	1.175	0
-6.825	1.225	0
-6.825	1.275	0
-6.825	1.325	0
-6.825	1.375	0
-6.825	1.425	0
-6.825	1.475	0
-6.825	1.525	0
-6.825	1.575	0
-6.825	1.625	0
-6.825	1.675	0
-6.825	1.725	0
-6.825	1.775	0
-6.825	1.825	0
-6.825	1.875	0
-6.825	1.925	0
-6.825	1.975	0
-6.825	2.025	0
-6.825	2.075	0
-6.825	2.125	0
-6.825	2.175	0
-6.825	2.225	0
-6.825	2.275	0
-6.825	2.325	0
-6.825	2.375	0
-6.825	2.425	0
-6.825	2.475	0
-6.825	2.525	0
-6.825	2.575	0
-6.825	2.625	0
-6.775	-1.975	0
-6.775	-1.925	0
-6.775	-1.875	0
-6.775	-1.825	0
-6.775	-1.775	0
-6.775	-1.725	0
-6.775	-1.675	0
-6.775	-1.625	0
-6.775	-1.575	0
-6.775	-1.525	0
-6.775	-1.475	0
-6.775	-1.425	0
-6.775	-1.375	0
-6.775	-1.325	0
-6.775	-1.275	0
-6.775	-1.225	0
-6.775	-1.175	0
-6.775	-1.125	0
-6.775	-1.075	0
-6.775	-1.025	0
-6.775	-0.975	0
-6.775	-0.925	0
-6.775	-0.875	0
-6.775	-0.825	0
-6.775	-0.775	0
-6.775	-0.725	0
-6.775	-0.675	0
-6.775	-0.625	0
-6.775	-0.575	0
-6.775	-0.525	0
-6.775	-0.475	0
-6.775	-0.425	0
-6.775	-0.375	0
-6.775	-0.325	0
-6.775	-0.275	0
-6.775	-0.225	0
-6.775	-0.175	0
-6.775	-0.125	0
-6.775	-0.0749999999999999	0
-6.775	-0.0249999999999999	0
-6.775	0.0250000000000001	0
-6.775	0.0750000000000001	0
-6.775	0.125	0
-6.775	0.175	0
-6.775	0.225	0
-6.775	0.275	0
-6.775	0.325	0
-6.775	0.375	0
-6.775	0.425	0
-6.775	0.475	0
-6.775	0.525	0
-6.775	0.575	0
-6.775	0.625	0
-6.775	0.675	0
-6.775	0.725	0
-6.775	0.775	0
-6.775	0.825	0
-6.775	0.875	0
-6.775	0.925	0
-6.775	0.975	0
-6.775	1.025	0
-6.775	1.075	0
-6.775	1.125	0
-6.775	1.175	0
-6.775	1.225	0
-6.775	1.275	0
-6.775	1.325	0
-6.775	1.375	0
-6.775	1.425	0
-6.775	1.475	0
-6.775	1.525	0
-6.775	1.575	0
-6.775	1.625	0
-6.775	1.675	0
-6.775	1.725	0
-6.775	1.775	0
-6.775	1.825	0
-6.775	1.875	0
-6.775	1.925	0
-6.775	1.975	0
-6.775	2.025	0
-6.775	2.075	0
-6.775	2.125	0
-6.775	2.175	0
-6.775	2.225	0
-6.775	2.275	0
-6.775	2.325	0
-6.775	2.375	0
-6.775	2.425	0
-6.775	2.475	0
-6.775	2.525	0
-6.775	2.575	0
-6.775	2.625	0
-6.725	-1.975	0
-6.725	-1.925	0
-6.725	-1.875	0
-6.725	-1.825	0
-6.725	-1.775	0
-6.725	-1.725	0
-6.725	-1.675	0
-6.725	-1.625	0
-6.725	-1.575	0
-6.725	-1.525	0
-6.725	-1.475	0
-6.725	-1.425	0
-6.725	-1.375	0
-6.725	-1.325	0
-6.725	-1.275	0
-6.725	-1.225	0
-6.725	-1.175	0
-6.725	-1.125	0
-6.725	-1.075	0
-6.725	-1.025	0
-6.725	-0.975	0
-6.725	-0.925	0
-6.725	-0.875	0
-6.725	-0.825	0
-6.725	-0.775	0
-6.725	-0.725	0
-6.725	-0.675	0
-6.725	-0.625	0
-6.725	-0.575	0
-6.725	-0.525	0
-6.725	-0.475	0
-6.725	-0.425	0
-6.725	-0.375	0
-6.725	-0.325	0
-6.725	-0.275	0
-6.725	-0.225	0
-6.725	-0.175	0
-6.725	-0.125	0
-6.725	-0.0749999999999999	0
-6.725	-0.0249999999999999	0
-6.725	0.0250000000000001	0
-6.725	0.0750000000000001	0
-6.725	0.125	0
-6.725	0.175	0
-6.725	0.225	0
-6.725	0.275	0
-6.725	0.325	0
-6.725	0.375	0
-6.725	0.425	0
-6.725	0.475	0
-6.725	0.525	0
-6.725	0.575	0
-6.725	0.625	0
-6.725	0.675	0
-6.725	0.725	0
-6.725	0.775	0
-6.725	0.825	0
-6.725	0.875	0
-6.725	0.925	0
-6.725	0.975	0
-6.725	1.025	0
-6.725	1.075	0
-6.725	1.125	0
-6.725	1.175	0
-6.725	1.225	0
-6.725	1.275	0
-6.725	1.325	0
-6.725	1.375	0
-6.725	1.425	0
-6.725	1.475	0
-6.725	1.525	0
-6.725	1.575	0
-6.725	1.625	0
-6.725	1.675	0
-6.725	1.725	0
-6.725	1.775	0
-6.725	1.825	0
-6.725	1.875	0
-6.725	1.925	0
-6.725	1.975	0
-6.725	2.025	0
-6.725	2.075	0
-6.725	2.125	0
-6.725	2.175	0
-6.725	2.225	0
-6.725	2.275	0
-6.725	2.325	0
-6.725	2.375	0
-6.725	2.425	0
-6.725	2.475	0
-6.725	2.525	0
-6.725	2.575	0
-6.725	2.625	0
-6.675	-1.975	0
-6.675	-1.925	0
-6.675	-1.875	0
-6.675	-1.825	0
-6.675	-1.775	0
-6.675	-1.725	0
-6.675	-1.675	0
-6.675	-1.625	0
-6.675	-1.575	0
-6.675	-1.525	0
-6.675	-1.475	0
-6.675	-1.425	0
-6.675	-1.375	0
-6.675	-1.325	0
-6.675	-1.275	0
-6.675	-1.225	0
-6.675	-1.175	0
-6.675	-1.125	0
-6.675	-1.075	0
-6.675	-1.025	0
-6.675	-0.975	0
-6.675	-0.925	0
-6.675	-0.875	0
-6.675	-0.825	0
-6.675	-0.775	0
-6.675	-0.725	0
-6.675	-0.675	0
-6.675	-0.625	0
-6.675	-0.575	0
-6.675	-0.525	0
-6.675	-0.475	0
-6.675	-0.425	0
-6.675	-0.375	0
-6.675	-0.325	0
-6.675	-0.275	0
-6.675	-0.225	0
-6.675	-0.175	0
-6.675	-0.125	0
-6.675	-0.0749999999999999	0
-6.675	-0.0249999999999999	0
-6.675	0.0250000000000001	0
-6.675	0.0750000000000001	0
-6.675	0.125	0
-6.675	0.175	0
-6.675	0.225	0
-6.675	0.275	0
-6.675	0.325	0
-6.675	0.375	0
-6.675	0.425	0
-6.675	0.475	0
-6.675	0.525	0
-6.675	0.575	0
-6.675	0.625	0
-6.675	0.675	0
-6.675	0.725	0
-6.675	0.775	0
-6.675	0.825	0
-6.675	0.875	0
-6.675	0.925	0
-6.675	0.975	0
-6.675	1.025	0
-6.675	1.075	0
-6.675	1.125	0
-6.675	1.175	0
-6.675	1.225	0
-6.675	1.275	0
-6.675	1.325	0
-6.675	1.375	0
-6.675	1.425	0
-6.675	1.475	0
-6.675	1.525	0
-6.675	1.575	0
-6.675	1.625	0
-6.675	1.675	0
-6.675	1.725	0
-6.675	1.775	0
-6.675	1.825	0
-6.675	1.875	0
-6.675	1.925	0
-6.675	1.975	0
-6.675	2.025	0
-6.675	2.075	0
-6.675	2.125	0
-6.675	2.175	0
-6.675	2.225	0
-6.675	2.275	0
-6.675	2.325	0
-6.675	2.375	0
-6.675	2.425	0
-6.675	2.475	0
-6.675	2.525	0
-6.675	2.575	0
-6.675	2.625	0
-6.625	-1.975	0
-6.625	-1.925	0
-6.625	-1.875	0
-6.625	-1.825	0
-6.625	-1.775	0
-6.625	-1.725	0
-6.625	-1.675	0
-6.625	-1.625	0
-6.625	-1.575	0
-6.625	-1.525	0
-6.625	-1.475	0
-6.625	-1.425	0
-6.625	-1.375	0
-6.625	-1.325	0
-6.625	-1.275	0
-6.625	-1.225	0
-6.625	-1.175	0
-6.625	-1.125	0
-6.625	-1.075	0
-6.625	-1.025	0
-6.625	-0.975	0
-6.625	-0.925	0
-6.625	-0.875	0
-6.625	-0.825	0
-6.625	-0.775	0
-6.625	-0.725	0
-6.625	-0.675	0
-6.625	-0.625	0
-6.625	-0.575	0
-6.625	-0.525	0
-6.625	-0.475	0
-6.625	-0.425	0
-6.625	-0.375	0
-6.625	-0.325	0
-6.625	-0.275	0
-6.625	-0.225	0
-6.625	-0.175	0
-6.625	-0.125	0
-6.625	-0.0749999999999999	0
-6.625	-0.0249999999999999	0
-6.625	0.0250000000000001	0
-6.625	0.0750000000000001	0
-6.625	0.125	0
-6.625	0.175	0
-6.625	0.225	0
-6.625	0.275	0
-6.625	0.325	0
-6.625	0.375	0
-6.625	0.425	0
-6.625	0.475	0
-6.625	0.525	0
-6.625	0.575	0
-6.625	0.625	0
-6.625	0.675	0
-6.625	0.725	0
-6.625	0.775	0
-6.625	0.825	0
-6.625	0.875	0
-6.625	0.925	0
-6.625	0.975	0
-6.625	1.025	0
-6.625	1.075	0
-6.625	1.125	0
-6.625	1.175	0
-6.625	1.225	0
-6.625	1.275	0
-6.625	1.325	0
-6.625	1.375	0
-6.625	1.425	0
-6.625	1.475	0
-6.625	1.525	0
-6.625	1.575	0
-6.625	1.625	0
-6.625	1.675	0
-6.625	1.725	0
-6.625	1.775	0
-6.625	1.825	0
-6.625	1.875	0
-6.625	1.925	0
-6.625	1.975	0
-6.625	2.025	0
-6.625	2.075	0
-6.625	2.125	0
-6.625	2.175	0
-6.625	2.225	0
-6.625	2.275	0
-6.625	2.325	0
-6.625	2.375	0
-6.625	2.425	0
-6.625	2.475	0
-6.625	2.525	0
-6.625	2.575	0
-6.625	2.625	0
-6.575	-1.975	0
-6.575	-1.925	0
-6.575	-1.875	0
-6.575	-1.825	0
-6.575	-1.775	0
-6.575	-1.725	0
-6.575	-1.675	0
-6.575	-1.625	0
-6.575	-1.575	0
-6.575	-1.525	0
-6.575	-1.475	0
-6.575	-1.425	0
-6.575	-1.375	0
-6.575	-1.325	0
-6.575	-1.275	0
-6.575	-1.225	0
-6.575	-1.175	0
-6.575	-1.125	0
-6.575	-1.075	0
-6.575	-1.025	0
-6.575	-0.975	0
-6.575	-0.925	0
-6.575	-0.875	0
-6.575	-0.825	0
-6.575	-0.775	0
-6.575	-0.725	0
-6.575	-0.675	0
-6.575	-0.625	0
-6.575	-0.575	0
-6.575	-0.525	0
-6.575	-0.475	0
-6.575	-0.425	0
-6.575	-0.375	0
-6.575	-0.325	0
-6.575	-0.275	0
-6.575	-0.225	0
-6.575	-0.175	0
-6.575	-0.125	0
-6.575	-0.0749999999999999	0
-6.575	-0.0249999999999999	0
-6.575	0.0250000000000001	0
-6.575	0.0750000000000001	0
-6.575	0.125	0
-6.575	0.175	0
-6.575	0.225	0
-6.575	0.275	0
-6.575	0.325	0
-6.575	0.375	0
-6.575	0.425	0
-6.575	0.475	0
-6.575	0.525	0
-6.575	0.575	0
-6.575	0.625	0
-6.575	0.675	0
-6.575	0.725	0
-6.575	0.775	0
-6.575	0.825	0
-6.575	0.875	0
-6.575	0.925	0
-6.575	0.975	0
-6.575	1.025	0
-6.575	1.075	0
-6.575	1.125	0
-6.575	1.175	0
-6.575	1.225	0
-6.575	1.275	0
-6.575	1.325	0
-6.575	1.375	0
-6.575	1.425	0
-6.575	1.475	0
-6.575	1.525	0
-6.575	1.575	0
-6.575	1.625	0
-6.575	1.675	0
-6.575	1.725	0
-6.575	1.775	0
-6.575	1.825	0
-6.575	1.875	0
-6.575	1.925	0
-6.575	1.975	0
-6.575	2.025	0
-6.575	2.075	0
-6.575	2.125	0
-6.575	2.175	0
-6.575	2.225	0
-6.575	2.275	0
-6.575	2.325	0
-6.575	2.375	0
-6.575	2.425	0
-6.575	2.475	0
-6.575	2.525	0
-6.575	2.575	0
-6.575	2.625	0
-6.525	-1.975	0
-6.525	-1.925	0
-6.525	-1.875	0
-6.525	-1.825	0
-6.525	-1.775	0
-6.525	-1.725	0
-6.525	-1.675	0
-6.525	-1.625	0
-6.525	-1.575	0
-6.525	-1.525	0
-6.525	-1.475	0
-6.525	-1.425	0
-6.525	-1.375	0
-6.525	-1.325	0
-6.525	-1.275	0
-6.525	-1.225	0
-6.525	-1.175	0
-6.525	-1.125	0
-6.525	-1.075	0
-6.525	-1.025	0
-6.525	-0.975	0
-6.525	-0.925	0
-6.525	-0.875	0
-6.525	-0.825	0
-6.525	-0.775	0
-6.525	-0.725	0
-6.525	-0.675	0
-6.525	-0.625	0
-6.525	-0.575	0
-6.525	-0.525	0
-6.525	-0.475	0
-6.525	-0.425	0
-6.525	-0.375	0
-6.525	-0.325	0
-6.525	-0.275	0
-6.525	-0.225	0
-6.525	-0.175	0
-6.525	-0.125	0
-6.525	-0.0749999999999999	0
-6.525	-0.0249999999999999	0
-6.525	0.0250000000000001	0
-6.525	0.0750000000000001	0
-6.525	0.125	0
-6.525	0.175	0
-6.525	0.225	0
-6.525	0.275	0
-6.525	0.325	0
-6.525	0.375	0
-6.525	0.425	0
-6.525	0.475	0
-6.525	0.525	0
-6.525	0.575	0
-6.525	0.625	0
-6.525	0.675	0
-6.525	0.725	0
-6.525	0.775	0
-6.525	0.825	0
-6.525	0.875	0
-6.525	0.925	0
-6.525	0.975	0
-6.525	1.025	0
-6.525	1.075	0
-6.525	1.125	0
-6.525	1.175	0
-6.525	1.225	0
-6.525	1.275	0
-6.525	1.325	0
-6.525	1.375	0
-6.525	1.425	0
-6.525	1.475	0
-6.525	1.525	0
-6.525	1.575	0
-6.525	1.625	0
-6.525	1.675	0
-6.525	1.725	0
-6.525	1.775	0
-6.525	1.825	0
-6.525	1.875	0
-6.525	1.925	0
-6.525	1.975	0
-6.525	2.025	0
-6.525	2.075	0
-6.525	2.125	0
-6.525	2.175	0
-6.525	2.225	0
-6.525	2.275	0
-6.525	2.325	0
-6.525	2.375	0
-6.525	2.425	0
-6.525	2.475	0
-6.525	2.525	0
-6.525	2.575	0
-6.525	2.625	0
-6.475	-1.975	0
-6.475	-1.925	0
-6.475	-1.875	0
-6.475	-1.825	0
-6.475	-1.775	0
-6.475	-1.725	0
-6.475	-1.675	0
-6.475	-1.625	0
-6.475	-1.575	0
-6.475	-1.525	0
-6.475	-1.475	0
-6.475	-1.425	0
-6.475	-1.375	0
-6.475	-1.325	0
-6.475	-1.275	0
-6.475	-1.225	0
-6.475	-1.175	0
-6.475	-1.125	0
-6.475	-1.075	0
-6.475	-1.025	0
-6.475	-0.975	0
-6.475	-0.925	0
-6.475	-0.875	0
-6.475	-0.825	0
-6.475	-0.775	0
-6.475	-0.725	0
-6.475	-0.675	0
-6.475	-0.625	0
-6.475	-0.575	0
-6.475	-0.525	0
-6.475	-0.475	0
-6.475	-0.425	0
-6.475	-0.375	0
-6.475	-0.325	0
-6.475	-0.275	0
-6.475	-0.225	0
-6.475	-0.175	0
-6.475	-0.125	0
-6.475	-0.0749999999999999	0
-6.475	-0.0249999999999999	0
-6.475	0.0250000000000001	0
-6.475	0.0750000000000001	0
-6.475	0.125	0
-6.475	0.175	0
-6.475	0.225	0
-6.475	0.275	0
-6.475	0.325	0
-6.475	0.375	0
-6.475	0.425	0
-6.475	0.475	0
-6.475	0.525	0
-6.475	0.575	0
-6.475	0.625	0
-6.475	0.675	0
-6.475	0.725	0
-6.475	0.775	0
-6.475	0.825	0
-6.475	0.875	0
-6.475	0.925	0
-6.475	0.975	0
-6.475	1.025	0
-6.475	1.075	0
-6.475	1.125	0
-6.475	1.175	0
-6.475	1.225	0
-6.475	1.275	0
-6.475	1.325	0
-6.475	1.375	0
-6.475	1.425	0
-6.475	1.475	0
-6.475	1.525	0
-6.475	1.575	0
-6.475	1.625	0
-6.475	1.675	0
-6.475	1.725	0
-6.475	1.775	0
-6.475	1.825	0
-6.475	1.875	0
-6.475	1.925	0
-6.475	1.975	0
-6.475	2.025	0
-6.475	2.075	0
-6.475	2.125	0
-6.475	2.175	0
-6.475	2.225	0
-6.475	2.275	0
-6.475	2.325	0
-6.475	2.375	0
-6.475	2.425	0
-6.475	2.475	0
-6.475	2.525	0
-6.475	2.575	0
-6.475	2.625	0
-6.425	-1.975	0
-6.425	-1.925	0
-6.425	-1.875	0
-6.425	-1.825	0
-6.425	-1.775	0
-6.425	-1.725	0
-6.425	-1.675	0
-6.425	-1.625	0
-6.425	-1.575	0
-6.425	-1.525	0
-6.425	-1.475	0
-6.425	-1.425	0
-6.425	-1.375	0
-6.425	-1.325	0
-6.425	-1.275	0
-6.425	-1.225	0
-6.425	-1.175	0
-6.425	-1.125	0
-6.425	-1.075	0
-6.425	-1.025	0
-6.425	-0.975	0
-6.425	-0.925	0
-6.425	-0.875	0
-6.425	-0.825	0
-6.425	-0.775	0
-6.425	-0.725	0
-6.425	-0.675	0
-6.425	-0.625	0
-6.425	-0.575	0
-6.425	-0.525	0
-6.425	-0.475	0
-6.425	-0.425	0
-6.425	-0.375	0
-6.425	-0.325	0
-6.425	-0.275	0
-6.425	-0.225	0
-6.425	-0.175	0
-6.425	-0.125	0
-6.425	-0.0749999999999999	0
-6.425	-0.0249999999999999	0
-6.425	0.0250000000000001	0
-6.425	0.0750000000000001	0
-6.425	0.125	0
-6.425	0.175	0
-6.425	0.225	0
-6.425	0.275	0
-6.425	0.325	0
-6.425	0.375	0
-6.425	0.425	0
-6.425	0.475	0
-6.425	0.525	0
-6.425	0.575	0
-6.425	0.625	0
-6.425	0.675	0
-6.425	0.725	0
-6.425	0.775	0
-6.425	0.825	0
-6.425	0.875	0
-6.425	0.925	0
-6.425	0.975	0
-6.425	1.025	0
-6.425	1.075	0
-6.425	1.125	0
-6.425	1.175	0
-6.425	1.225	0
-6.425	1.275	0
-6.425	1.325	0
-6.425	1.375	0
-6.425	1.425	0
-6.425	1.475	0
-6.425	1.525	0
-6.425	1.575	0
-6.425	1.625	0
-6.425	1.675	0
-6.425	1.725	0
-6.425	1.775	0
-6.425	1.825	0
-6.425	1.875	0
-6.425	1.925	0
-6.425	1.975	0
-6.425	2.025	0
-6.425	2.075	0
-6.425	2.125	0
-6.425	2.175	0
-6.425	2.225	0
-6.425	2.275	0
-6.425	2.325	0
-6.425	2.375	0
-6.425	2.425	0
-6.425	2.475	0
-6.425	2.525	0
-6.425	2.575	0
-6.425	2.625	0
-6.375	-1.975	0
-6.375	-1.925	0
-6.375	-1.875	0
-6.375	-1.825	0
-6.375	-1.775	0
-6.375	-1.725	0
-6.375	-1.675	0
-6.375	-1.625	0
-6.375	-1.575	0
-6.375	-1.525	0
-6.375	-1.475	0
-6.375	-1.425	0
-6.375	-1.375	0
-6.375	-1.325	0
-6.375	-1.275	0
-6.375	-1.225	0
-6.375	-1.175	0
-6.375	-1.125	0
-6.375	-1.075	0
-6.375	-1.025	0
-6.375	-0.975	0
-6.375	-0.925	0
-6.375	-0.875	0
-6.375	-0.825	0
-6.375	-0.775	0
-6.375	-0.725	0
-6.375	-0.675	0
-6.375	-0.625	0
-6.375	-0.575	0
-6.375	-0.525	0
-6.375	-0.475	0
-6.375	-0.425	0
-6.375	-0.375	0
-6.375	-0.325	0
-6.375	-0.275	0
-6.375	-0.225	0
-6.375	-0.175	0
-6.375	-0.125	0
-6.375	-0.0749999999999999	0
-6.375	-0.0249999999999999	0
-6.375	0.0250000000000001	0
-6.375	0.0750000000000001	0
-6.375	0.125	0
-6.375	0.175	0
-6.375	0.225	0
-6.375	0.275	0
-6.375	0.325	0
-6.375	0.375	0
-6.375	0.425	0
-6.375	0.475	0
-6.375	0.525	0
-6.375	0.575	0
-6.375	0.625	0
-6.375	0.675	0
-6.375	0.725	0
-6.375	0.775	0
-6.375	0.825	0
-6.375	0.875	0
-6.375	0.925	0
-6.375	0.975	0
-6.375	1.025	0
-6.375	1.075	0
-6.375	1.125	0
-6.375	1.175	0
-6.375	1.225	0
-6.375	1.275	0
-6.375	1.325	0
-6.375	1.375	0
-6.375	1.425	0
-6.375	1.475	0
-6.375	1.525	0
-6.375	1.575	0
-6.375	1.625	0
-6.375	1.675	0
-6.375	1.725	0
-6.375	1.775	0
-6.375	1.825	0
-6.375	1.875	0
-6.375	1.925	0
-6.375	1.975	0
-6.375	2.025	0
-6.375	2.075	0
-6.375	2.125	0
-6.375	2.175	0
-6.375	2.225	0
-6.375	2.275	0
-6.375	2.325	0
-6.375	2.375	0
-6.375	2.425	0
-6.375	2.475	0
-6.375	2.525	0
-6.375	2.575	0
-6.375	2.625	0
-6.325	-1.975	0
-6.325	-1.925	0
-6.325	-1.875	0
-6.325	-1.825	0
-6.325	-1.775	0
-6.325	-1.725	0
-6.325	-1.675	0
-6.325	-1.625	0
-6.325	-1.575	0
-6.325	-1.525	0
-6.325	-1.475	0
-6.325	-1.425	0
-6.325	-1.375	0
-6.325	-1.325	0
-6.325	-1.275	0
-6.325	-1.225	0
-6.325	-1.175	0
-6.325	-1.125	0
-6.325	-1.075	0
-6.325	-1.025	0
-6.325	-0.975	0
-6.325	-0.925	0
-6.325	-0.875	0
-6.325	-0.825	0
-6.325	-0.775	0
-6.325	-0.725	0
-6.325	-0.675	0
-6.325	-0.625	0
-6.325	-0.575	0
-6.325	-0.525	0
-6.325	-0.475	0
-6.325	-0.425	0
-6.325	-0.375	0
-6.325	-0.325	0
-6.325	-0.275	0
-6.325	-0.225	0
-6.325	-0.175	0
-6.325	-0.125	0
-6.325	-0.0749999999999999	0
-6.325	-0.0249999999999999	0
-6.325	0.0250000000000001	0
-6.325	0.0750000000000001	0
-6.325	0.125	0
-6.325	0.175	0
-6.325	0.225	0
-6.325	0.275	0
-6.325	0.325	0
-6.325	0.375	0
-6.325	0.425	0
-6.325	0.475	0
-6.325	0.525	0
-6.325	0.575	0
-6.325	0.625	0
-6.325	0.675	0
-6.325	0.725	0
-6.325	0.775	0
-6.325	0.825	0
-6.325	0.875	0
-6.325	0.925	0
-6.325	0.975	0
-6.325	1.025	0
-6.325	1.075	0
-6.325	1.125	0
-6.325	1.175	0
-6.325	1.225	0
-6.325	1.275	0
-6.325	1.325	0
-6.325	1.375	0
-6.325	1.425	0
-6.325	1.475	0
-6.325	1.525	0
-6.325	1.575	0
-6.325	1.625	0
-6.325	1.675	0
-6.325	1.725	0
-6.325	1.775	0
-6.325	1.825	0
-6.325	1.875	0
-6.325	1.925	0
-6.325	1.975	0
-6.325	2.025	0
-6.325	2.075	0
-6.325	2.125	0
-6.325	2.175	0
-6.325	2.225	0
-6.325	2.275	0
-6.325	2.325	0
-6.325	2.375	0
-6.325	2.425	0
-6.325	2.475	0
-6.325	2.525	0
-6.325	2.575	0
-6.325	2.625	0
-6.275	-1.975	0
-6.275	-1.925	0
-6.275	-1.875	0
-6.275	-1.825	0
-6.275	-1.775	0
-6.275	-1.725	0
-6.275	-1.675	0
-6.275	-1.625	0
-6.275	-1.575	0
-6.275	-1.525	0
-6.275	-1.475	0
-6.275	-1.425	0
-6.275	-1.375	0
-6.275	-1.325	0
-6.275	-1.275	0
-6.275	-1.225	0
-6.275	-1.175	0
-6.275	-1.125	0
-6.275	-1.075	0
-6.275	-1.025	0
-6.275	-0.975	0
-6.275	-0.925	0
-6.275	-0.875	0
-6.275	-0.825	0
-6.275	-0.775	0
-6.275	-0.725	0
-6.275	-0.675	0
-6.275	-0.625	0
-6.275	-0.575	0
-6.275	-0.525	0
-6.275	-0.475	0
-6.275	-0.425	0
-6.275	-0.375	0
-6.275	-0.325	0
-6.275	-0.275	0
-6.275	-0.225	0
-6.275	-0.175	0
-6.275	-0.125	0
-6.275	-0.0749999999999999	0
-6.275	-0.0249999999999999	0
-6.275	0.0250000000000001	0
-6.275	0.0750000000000001	0
-6.275	0.125	0
-6.275	0.175	0
-6.275	0.225	0
-6.275	0.275	0
-6.275	0.325	0
-6.275	0.375	0
-6.275	0.425	0
-6.275	0.475	0
-6.275	0.525	0
-6.275	0.575	0
-6.275	0.625	0
-6.275	0.675	0
-6.275	0.725	0
-6.275	0.775	0
-6.275	0.825	0
-6.275	0.875	0
-6.275	0.925	0
-6.275	0.975	0
-6.275	1.025	0
-6.275	1.075	0
-6.275	1.125	0
-6.275	1.175	0
-6.275	1.225	0
-6.275	1.275	0
-6.275	1.325	0
-6.275	1.375	0
-6.275	1.425	0
-6.275	1.475	0
-6.275	1.525	0
-6.275	1.575	0
-6.275	1.625	0
-6.275	1.675	0
-6.275	1.725	0
-6.275	1.775	0
-6.275	1.825	0
-6.275	1.875	0
-6.275	1.925	0
-6.275	1.975	0
-6.275	2.025	0
-6.275	2.075	0
-6.275	2.125	0
-6.275	2.175	0
-6.275	2.225	0
-6.275	2.275	0
-6.275	2.325	0
-6.275	2.375	0
-6.275	2.425	0
-6.275	2.475	0
-6.275	2.525	0
-6.275	2.575	0
-6.275	2.625	0
-6.225	-1.975	0
-6.225	-1.925	0
-6.225	-1.875	0
-6.225	-1.825	0
-6.225	-1.775	0
-6.225	-1.725	0
-6.225	-1.675	0
-6.225	-1.625	0
-6.225	-1.575	0
-6.225	-1.525	0
-6.225	-1.475	0
-6.225	-1.425	0
-6.225	-1.375	0
-6.225	-1.325	0
-6.225	-1.275	0
-6.225	-1.225	0
-6.225	-1.175	0
-6.225	-1.125	0
-6.225	-1.075	0
-6.225	-1.025	0
-6.225	-0.975	0
-6.225	-0.925	0
-6.225	-0.875	0
-6.225	-0.825	0
-6.225	-0.775	0
-6.225	-0.725	0
-6.225	-0.675	0
-6.225	-0.625	0
-6.225	-0.575	0
-6.225	-0.525	0
-6.225	-0.475	0
-6.225	-0.425	0
-6.225	-0.375	0
-6.225	-0.325	0
-6.225	-0.275	0
-6.225	-0.225	0
-6.225	-0.175	0
-6.225	-0.125	0
-6.225	-0.0749999999999999	0
-6.225	-0.0249999999999999	0
-6.225	0.0250000000000001	0
-6.225	0.0750000000000001	0
-6.225	0.125	0
-6.225	0.175	0
-6.225	0.225	0
-6.225	0.275	0
-6.225	0.325	0
-6.225	0.375	0
-6.225	0.425	0
-6.225	0.475	0
-6.225	0.525	0
-6.225	0.575	0
-6.225	0.625	0
-6.225	0.675	0
-6.225	0.725	0
-6.225	0.775	0
-6.225	0.825	0
-6.225	0.875	0
-6.225	0.925	0
-6.225	0.975	0
-6.225	1.025	0
-6.225	1.075	0
-6.225	1.125	0
-6.225	1.175	0
-6.225	1.225	0
-6.225	1.275	0
-6.225	1.325	0
-6.225	1.375	0
-6.225	1.425	0
-6.225	1.475	0
-6.225	1.525	0
-6.225	1.575	0
-6.225	1.625	0
-6.225	1.675	0
-6.225	1.725	0
-6.225	1.775	0
-6.225	1.825	0
-6.225	1.875	0
-6.225	1.925	0
-6.225	1.975	0
-6.225	2.025	0
-6.225	2.075	0
-6.225	2.125	0
-6.225	2.175	0
-6.225	2.225	0
-6.225	2.275	0
-6.225	2.325	0
-6.225	2.375	0
-6.225	2.425	0
-6.225	2.475	0
-6.225	2.525	0
-6.225	2.575	0
-6.225	2.625	0
-6.175	-1.975	0
-6.175	-1.925	0
-6.175	-1.875	0
-6.175	-1.825	0
-6.175	-1.775	0
-6.175	-1.725	0
-6.175	-1.675	0
-6.175	-1.625	0
-6.175	-1.575	0
-6.175	-1.525	0
-6.175	-1.475	0
-6.175	-1.425	0
-6.175	-1.375	0
-6.175	-1.325	0
-6.175	-1.275	0
-6.175	-1.225	0
-6.175	-1.175	0
-6.175	-1.125	0
-6.175	-1.075	0
-6.175	-1.025	0
-6.175	-0.975	0
-6.175	-0.925	0
-6.175	-0.875	0
-6.175	-0.825	0
-6.175	-0.775	0
-6.175	-0.725	0
-6.175	-0.675	0
-6.175	-0.625	0
-6.175	-0.575	0
-6.175	-0.525	0
-6.175	-0.475	0
-6.175	-0.425	0
-6.175	-0.375	0
-6.175	-0.325	0
-6.175	-0.275	0
-6.175	-0.225	0
-6.175	-0.175	0
-6.175	-0.125	0
-6.175	-0.0749999999999999	0
-6.175	-0.0249999999999999	0
-6.175	0.0250000000000001	0
-6.175	0.0750000000000001	0
-6.175	0.125	0
-6.175	0.175	0
-6.175	0.225	0
-6.175	0.275	0
-6.175	0.325	0
-6.175	0.375	0
-6.175	0.425	0
-6.175	0.475	0
-6.175	0.525	0
-6.175	0.575	0
-6.175	0.625	0
-6.175	0.675	0
-6.175	0.725	0
-6.175	0.775	0
-6.175	0.825	0
-6.175	0.875	0
-6.175	0.925	0
-6.175	0.975	0
-6.175	1.025	0
-6.175	1.075	0
-6.175	1.125	0
-6.175	1.175	0
-6.175	1.225	0
-6.175	1.275	0
-6.175	1.325	0
-6.175	1.375	0
-6.175	1.425	0
-6.175	1.475	0
-6.175	1.525	0
-6.175	1.575	0
-6.175	1.625	0
-6.175	1.675	0
-6.175	1.725	0
-6.175	1.775	0
-6.175	1.825	0
-6.175	1.875	0
-6.175	1.925	0
-6.175	1.975	0
-6.175	2.025	0
-6.175	2.075	0
-6.175	2.125	0
-6.175	2.175	0
-6.175	2.225	0
-6.175	2.275	0
-6.175	2.325	0
-6.175	2.375	0
-6.175	2.425	0
-6.175	2.475	0
-6.175	2.525	0
-6.175	2.575	0
-6.175	2.625	0
-6.125	-1.975	0
-6.125	-1.925	0
-6.125	-1.875	0
-6.125	-1.825	0
-6.125	-1.775	0
-6.125	-1.725	0
-6.125	-1.675	0
-6.125	-1.625	0
-6.125	-1.575	0
-6.125	-1.525	0
-6.125	-1.475	0
-6.125	-1.425	0
-6.125	-1.375	0
-6.125	-1.325	0
-6.125	-1.275	0
-6.125	-1.225	0
-6.125	-1.175	0
-6.125	-1.125	0
-6.125	-1.075	0
-6.125	-1.025	0
-6.125	-0.975	0
-6.125	-0.925	0
-6.125	-0.875	0
-6.125	-0.825	0
-6.125	-0.775	0
-6.125	-0.725	0
-6.125	-0.675	0
-6.125	-0.625	0
-6.125	-0.575	0
-6.125	-0.525	0
-6.125	-0.475	0
-6.125	-0.425	0
-6.125	-0.375	0
-6.125	-0.325	0
-6.125	-0.275	0
-6.125	-0.225	0
-6.125	-0.175	0
-6.125	-0.125	0
-6.125	-0.0749999999999999	0
-6.125	-0.0249999999999999	0
-6.125	0.0250000000000001	0
-6.125	0.0750000000000001	0
-6.125	0.125	0
-6.125	0.175	0
-6.125	0.225	0
-6.125	0.275	0
-6.125	0.325	0
-6.125	0.375	0
-6.125	0.425	0
-6.125	0.475	0
-6.125	0.525	0
-6.125	0.575	0
-6.125	0.625	0
-6.125	0.675	0
-6.125	0.725	0
-6.125	0.775	0
-6.125	0.825	0
-6.125	0.875	0
-6.125	0.925	0
-6.125	0.975	0
-6.125	1.025	0
-6.125	1.075	0
-6.125	1.125	0
-6.125	1.175	0
-6.125	1.225	0
-6.125	1.275	0
-6.125	1.325	0
-6.125	1.375	0
-6.125	1.425	0
-6.125	1.475	0
-6.125	1.525	0
-6.125	1.575	0
-6.125	1.625	0
-6.125	1.675	0
-6.125	1.725	0
-6.125	1.775	0
-6.125	1.825	0
-6.125	1.875	0
-6.125	1.925	0
-6.125	1.975	0
-6.125	2.025	0
-6.125	2.075	0
-6.125	2.125	0
-6.125	2.175	0
-6.125	2.225	0
-6.125	2.275	0
-6.125	2.325	0
-6.125	2.375	0
-6.125	2.425	0
-6.125	2.475	0
-6.125	2.525	0
-6.125	2.575	0
-6.125	2.625	0
-6.075	-1.975	0
-6.075	-1.925	0
-6.075	-1.875	0
-6.075	-1.825	0
-6.075	-1.775	0
-6.075	-1.725	0
-6.075	-1.675	0
-6.075	-1.625	0
-6.075	-1.575	0
-6.075	-1.525	0
-6.075	-1.475	0
-6.075	-1.425	0
-6.075	-1.375	0
-6.075	-1.325	0
-6.075	-1.275	0
-6.075	-1.225	0
-6.075	-1.175	0
-6.075	-1.125	0
-6.075	-1.075	0
-6.075	-1.025	0
-6.075	-0.975	0
-6.075	-0.925	0
-6.075	-0.875	0
-6.075	-0.825	0
-6.075	-0.775	0
-6.075	-0.725	0
-6.075	-0.675	0
-6.075	-0.625	0
-6.075	-0.575	0
-6.075	-0.525	0
-6.075	-0.475	0
-6.075	-0.425	0
-6.075	-0.375	0
-6.075	-0.325	0
-6.075	-0.275	0
-6.075	-0.225	0
-6.075	-0.175	0
-6.075	-0.125	0
-6.075	-0.0749999999999999	0
-6.075	-0.0249999999999999	0
-6.075	0.0250000000000001	0
-6.075	0.0750000000000001	0
-6.075	0.125	0
-6.075	0.175	0
-6.075	0.225	0
-6.075	0.275	0
-6.075	0.325	0
-6.075	0.375	0
-6.075	0.425	0
-6.075	0.475	0
-6.075	0.525	0
-6.075	0.575	0
-6.075	0.625	0
-6.075	0.675	0
-6.075	0.725	0
-6.075	0.775	0
-6.075	0.825	0
-6.075	0.875	0
-6.075	0.925	0
-6.075	0.975	0
-6.075	1.025	0
-6.075	1.075	0
-6.075	1.125	0
-6.075	1.175	0
-6.075	1.225	0
-6.075	1.275	0
-6.075	1.325	0
-6.075	1.375	0
-6.075	1.425	0
-6.075	1.475	0
-6.075	1.525	0
-6.075	1.575	0
-6.075	1.625	0
-6.075	1.675	0
-6.075	1.725	0
-6.075	1.775	0
-6.075	1.825	0
-6.075	1.875	0
-6.075	1.925	0
-6.075	1.975	0
-6.075	2.025	0
-6.075	2.075	0
-6.075	2.125	0
-6.075	2.175	0
-6.075	2.225	0
-6.075	2.275	0
-6.075	2.325	0
-6.075	2.375	0
-6.075	2.425	0
-6.075	2.475	0
-6.075	2.525	0
-6.075	2.575	0
-6.075	2.625	0
-6.025	-1.975	0
-6.025	-1.925	0
-6.025	-1.875	0
-6.025	-1.825	0
-6.025	-1.775	0
-6.025	-1.725	0
-6.025	-1.675	0
-6.025	-1.625	0
-6.025	-1.575	0
-6.025	-1.525	0
-6.025	-1.475	0
-6.025	-1.425	0
-6.025	-1.375	0
-6.025	-1.325	0
-6.025	-1.275	0
-6.025	-1.225	0
-6.025	-1.175	0
-6.025	-1.125	0
-6.025	-1.075	0
-6.025	-1.025	0
-6.025	-0.975	0
-6.025	-0.925	0
-6.025	-0.875	0
-6.025	-0.825	0
-6.025	-0.775	0
-6.025	-0.725	0
-6.025	-0.675	0
-6.025	-0.625	0
-6.025	-0.575	0
-6.025	-0.525	0
-6.025	-0.475	0
-6.025	-0.425	0
-6.025	-0.375	0
-6.025	-0.325	0
-6.025	-0.275	0
-6.025	-0.225	0
-6.025	-0.175	0
-6.025	-0.125	0
-6.025	-0.0749999999999999	0
-6.025	-0.0249999999999999	0
-6.025	0.0250000000000001	0
-6.025	0.0750000000000001	0
-6.025	0.125	0
-6.025	0.175	0
-6.025	0.225	0
-6.025	0.275	0
-6.025	0.325	0
-6.025	0.375	0
-6.025	0.425	0
-6.025	0.475	0
-6.025	0.525	0
-6.025	0.575	0
-6.025	0.625	0
-6.025	0.675	0
-6.025	0.725	0
-6.025	0.775	0
-6.025	0.825	0
-6.025	0.875	0
-6.025	0.925	0
-6.025	0.975	0
-6.025	1.025	0
-6.025	1.075	0
-6.025	1.125	0
-6.025	1.175	0
-6.025	1.225	0
-6.025	1.275	0
-6.025	1.325	0
-6.025	1.375	0
-6.025	1.425	0
-6.025	1.475	0
-6.025	1.525	0
-6.025	1.575	0
-6.025	1.625	0
-6.025	1.675	0
-6.025	1.725	0
-6.025	1.775	0
-6.025	1.825	0
-6.025	1.875	0
-6.025	1.925	0
-6.025	1.975	0
-6.025	2.025	0
-6.025	2.075	0
-6.025	2.125	0
-6.025	2.175	0
-6.025	2.225	0
-6.025	2.275	0
-6.025	2.325	0
-6.025	2.375	0
-6.025	2.425	0
-6.025	2.475	0
-6.025	2.525	0
-6.025	2.575	0
-6.025	2.625	0
-5.975	-1.975	0
-5.975	-1.925	0
-5.975	-1.875	0
-5.975	-1.825	0
-5.975	-1.775	0
-5.975	-1.725	0
-5.975	-1.675	0
-5.975	-1.625	0
-5.975	-1.575	0
-5.975	-1.525	0
-5.975	-1.475	0
-5.975	-1.425	0
-5.975	-1.375	0
-5.975	-1.325	0
-5.975	-1.275	0
-5.975	-1.225	0
-5.975	-1.175	0
-5.975	-1.125	0
-5.975	-1.075	0
-5.975	-1.025	0
-5.975	-0.975	0
-5.975	-0.925	0
-5.975	-0.875	0
-5.975	-0.825	0
-5.975	-0.775	0
-5.975	-0.725	0
-5.975	-0.675	0
-5.975	-0.625	0
-5.975	-0.575	0
-5.975	-0.525	0
-5.975	-0.475	0
-5.975	-0.425	0
-5.975	-0.375	0
-5.975	-0.325	0
-5.975	-0.275	0
-5.975	-0.225	0
-5.975	-0.175	0
-5.975	-0.125	0
-5.975	-0.0749999999999999	0
-5.975	-0.0249999999999999	0
-5.975	0.0250000000000001	0
-5.975	0.0750000000000001	0
-5.975	0.125	0
-5.975	0.175	0
-5.975	0.225	0
-5.975	0.275	0
-5.975	0.325	0
-5.975	0.375	0
-5.975	0.425	0
-5.975	0.475	0
-5.975	0.525	0
-5.975	0.575	0
-5.975	0.625	0
-5.975	0.675	0
-5.975	0.725	0
-5.975	0.775	0
-5.975	0.825	0
-5.975	0.875	0
-5.975	0.925	0
-5.975	0.975	0
-5.975	1.025	0
-5.975	1.075	0
-5.975	1.125	0
-5.975	1.175	0
-5.975	1.225	0
-5.975	1.275	0
-5.975	1.325	0
-5.975	1.375	0
-5.975	1.425	0
-5.975	1.475	0
-5.975	1.525	0
-5.975	1.575	0
-5.975	1.625	0
-5.975	1.675	0
-5.975	1.725	0
-5.975	1.775	0
-5.975	1.825	0
-5.975	1.875	0
-5.975	1.925	0
-5.975	1.975	0
-5.975	2.025	0
-5.975	2.075	0
-5.975	2.125	0
-5.975	2.175	0
-5.975	2.225	0
-5.975	2.275	0
-5.975	2.325	0
-5.975	2.375	0
-5.975	2.425	0
-5.975	2.475	0
-5.975	2.525	0
-5.975	2.575	0
-5.975	2.625	0
-5.925	-1.975	0
-5.925	-1.925	0
-5.925	-1.875	0
-5.925	-1.825	0
-5.925	-1.775	0
-5.925	-1.725	0
-5.925	-1.675	0
-5.925	-1.625	0
-5.925	-1.575	0
-5.925	-1.525	0
-5.925	-1.475	0
-5.925	-1.425	0
-5.925	-1.375	0
-5.925	-1.325	0
-5.925	-1.275	0
-5.925	-1.225	0
-5.925	-1.175	0
-5.925	-1.125	0
-5.925	-1.075	0
-5.925	-1.025	0
-5.925	-0.975	0
-5.925	-0.925	0
-5.925	-0.875	0
-5.925	-0.825	0
-5.925	-0.775	0
-5.925	-0.725	0
-5.925	-0.675	0
-5.925	-0.625	0
-5.925	-0.575	0
-5.925	-0.525	0
-5.925	-0.475	0
-5.925	-0.425	0
-5.925	-0.375	0
-5.925	-0.325	0
-5.925	-0.275	0
-5.925	-0.225	0
-5.925	-0.175	0
-5.925	-0.125	0
-5.925	-0.0749999999999999	0
-5.925	-0.0249999999999999	0
-5.925	0.0250000000000001	0
-5.925	0.0750000000000001	0
-5.925	0.125	0
-5.925	0.175	0
-5.925	0.225	0
-5.925	0.275	0
-5.925	0.325	0
-5.925	0.375	0
-5.925	0.425	0
-5.925	0.475	0
-5.925	0.525	0
-5.925	0.575	0
-5.925	0.625	0
-5.925	0.675	0
-5.925	0.725	0
-5.925	0.775	0
-5.925	0.825	0
-5.925	0.875	0
-5.925	0.925	0
-5.925	0.975	0
-5.925	1.025	0
-5.925	1.075	0
-5.925	1.125	0
-5.925	1.175	0
-5.925	1.225	0
-5.925	1.275	0
-5.925	1.325	0
-5.925	1.375	0
-5.925	1.425	0
-5.925	1.475	0
-5.925	1.525	0
-5.925	1.575	0
-5.925	1.625	0
-5.925	1.675	0
-5.925	1.725	0
-5.925	1.775	0
-5.925	1.825	0
-5.925	1.875	0
-5.925	1.925	0
-5.925	1.975	0
-5.925	2.025	0
-5.925	2.075	0
-5.925	2.125	0
-5.925	2.175	0
-5.925	2.225	0
-5.925	2.275	0
-5.925	2.325	0
-5.925	2.375	0
-5.925	2.425	0
-5.925	2.475	0
-5.925	2.525	0
-5.925	2.575	0
-5.925	2.625	0
-5.875	-1.975	0
-5.875	-1.925	0
-5.875	-1.875	0
-5.875	-1.825	0
-5.875	-1.775	0
-5.875	-1.725	0
-5.875	-1.675	0
-5.875	-1.625	0
-5.875	-1.575	0
-5.875	-1.525	0
-5.875	-1.475	0
-5.875	-1.425	0
-5.875	-1.375	0
-5.875	-1.325	0
-5.875	-1.275	0
-5.875	-1.225	0
-5.875	-1.175	0
-5.875	-1.125	0
-5.875	-1.075	0
-5.875	-1.025	0
-5.875	-0.975	0
-5.875	-0.925	0
-5.875	-0.875	0
-5.875	-0.825	0
-5.875	-0.775	0
-5.875	-0.725	0
-5.875	-0.675	0
-5.875	-0.625	0
-5.875	-0.575	0
-5.875	-0.525	0
-5.875	-0.475	0
-5.875	-0.425	0
-5.875	-0.375	0
-5.875	-0.325	0
-5.875	-0.275	0
-5.875	-0.225	0
-5.875	-0.175	0
-5.875	-0.125	0
-5.875	-0.0749999999999999	0
-5.875	-0.0249999999999999	0
-5.875	0.0250000000000001	0
-5.875	0.0750000000000001	0
-5.875	0.125	0
-5.875	0.175	0
-5.875	0.225	0
-5.875	0.275	0
-5.875	0.325	0
-5.875	0.375	0
-5.875	0.425	0
-5.875	0.475	0
-5.875	0.525	0
-5.875	0.575	0
-5.875	0.625	0
-5.875	0.675	0
-5.875	0.725	0
-5.875	0.775	0
-5.875	0.825	0
-5.875	0.875	0
-5.875	0.925	0
-5.875	0.975	0
-5.875	1.025	0
-5.875	1.075	0
-5.875	1.125	0
-5.875	1.175	0
-5.875	1.225	0
-5.875	1.275	0
-5.875	1.325	0
-5.875	1.375	0
-5.875	1.425	0
-5.875	1.475	0
-5.875	1.525	0
-5.875	1.575	0
-5.875	1.625	0
-5.875	1.675	0
-5.875	1.725	0
-5.875	1.775	0
-5.875	1.825	0
-5.875	1.875	0
-5.875	1.925	0
-5.875	1.975	0
-5.875	2.025	0
-5.875	2.075	0
-5.875	2.125	0
-5.875	2.175	0
-5.875	2.225	0
-5.875	2.275	0
-5.875	2.325	0
-5.875	2.375	0
-5.875	2.425	0
-5.875	2.475	0
-5.875	2.525	0
-5.875	2.575	0
-5.875	2.625	0
-5.825	-1.975	0
-5.825	-1.925	0
-5.825	-1.875	0
-5.825	-1.825	0
-5.825	-1.775	0
-5.825	-1.725	0
-5.825	-1.675	0
-5.825	-1.625	0
-5.825	-1.575	0
-5.825	-1.525	0
-5.825	-1.475	0
-5.825	-1.425	0
-5.825	-1.375	0
-5.825	-1.325	0
-5.825	-1.275	0
-5.825	-1.225	0
-5.825	-1.175	0
-5.825	-1.125	0
-5.825	-1.075	0
-5.825	-1.025	0
-5.825	-0.975	0
-5.825	-0.925	0
-5.825	-0.875	0
-5.825	-0.825	0
-5.825	-0.775	0
-5.825	-0.725	0
-5.825	-0.675	0
-5.825	-0.625	0
-5.825	-0.575	0
-5.825	-0.525	0
-5.825	-0.475	0
-5.825	-0.425	0
-5.825	-0.375	0
-5.825	-0.325	0
-5.825	-0.275	0
-5.825	-0.225	0
-5.825	-0.175	0
-5.825	-0.125	0
-5.825	-0.0749999999999999	0
-5.825	-0.0249999999999999	0
-5.825	0.0250000000000001	0
-5.825	0.0750000000000001	0
-5.825	0.125	0
-5.825	0.175	0
-5.825	0.225	0
-5.825	0.275	0
-5.825	0.325	0
-5.825	0.375	0
-5.825	0.425	0
-5.825	0.475	0
-5.825	0.525	0
-5.825	0.575	0
-5.825	0.625	0
-5.825	0.675	0
-5.825	0.725	0
-5.825	0.775	0
-5.825	0.825	0
-5.825	0.875	0
-5.825	0.925	0
-5.825	0.975	0
-5.825	1.025	0
-5.825	1.075	0
-5.825	1.125	0
-5.825	1.175	0
-5.825	1.225	0
-5.825	1.275	0
-5.825	1.325	0
-5.825	1.375	0
-5.825	1.425	0
-5.825	1.475	0
-5.825	1.525	0
-5.825	1.575	0
-5.825	1.625	0
-5.825	1.675	0
-5.825	1.725	0
-5.825	1.775	0
-5.825	1.825	0
-5.825	1.875	0
-5.825	1.925	0
-5.825	1.975	0
-5.825	2.025	0
-5.825	2.075	0
-5.825	2.125	0
-5.825	2.175	0
-5.825	2.225	0
-5.825	2.275	0
-5.825	2.325	0
-5.825	2.375	0
-5.825	2.425	0
-5.825	2.475	0
-5.825	2.525	0
-5.825	2.575	0
-5.825	2.625	0
-5.775	-1.975	0
-5.775	-1.925	0
-5.775	-1.875	0
-5.775	-1.825	0
-5.775	-1.775	0
-5.775	-1.725	0
-5.775	-1.675	0
-5.775	-1.625	0
-5.775	-1.575	0
-5.775	-1.525	0
-5.775	-1.475	0
-5.775	-1.425	0
-5.775	-1.375	0
-5.775	-1.325	0
-5.775	-1.275	0
-5.775	-1.225	0
-5.775	-1.175	0
-5.775	-1.125	0
-5.775	-1.075	0
-5.775	-1.025	0
-5.775	-0.975	0
-5.775	-0.925	0
-5.775	-0.875	0
-5.775	-0.825	0
-5.775	-0.775	0
-5.775	-0.725	0
-5.775	-0.675	0
-5.775	-0.625	0
-5.775	-0.575	0
-5.775	-0.525	0
-5.775	-0.475	0
-5.775	-0.425	0
-5.775	-0.375	0
-5.775	-0.325	0
-5.775	-0.275	0
-5.775	-0.225	0
-5.775	-0.175	0
-5.775	-0.125	0
-5.775	-0.0749999999999999	0
-5.775	-0.0249999999999999	0
-5.775	0.0250000000000001	0
-5.775	0.0750000000000001	0
-5.775	0.125	0
-5.775	0.175	0
-5.775	0.225	0
-5.775	0.275	0
-5.775	0.325	0
-5.775	0.375	0
-5.775	0.425	0
-5.775	0.475	0
-5.775	0.525	0
-5.775	0.575	0
-5.775	0.625	0
-5.775	0.675	0
-5.775	0.725	0
-5.775	0.775	0
-5.775	0.825	0
-5.775	0.875	0
-5.775	0.925	0
-5.775	0.975	0
-5.775	1.025	0
-5.775	1.075	0
-5.775	1.125	0
-5.775	1.175	0
-5.775	1.225	0
-5.775	1.275	0
-5.775	1.325	0
-5.775	1.375	0
-5.775	1.425	0
-5.775	1.475	0
-5.775	1.525	0
-5.775	1.575	0
-5.775	1.625	0
-5.775	1.675	0
-5.775	1.725	0
-5.775	1.775	0
-5.775	1.825	0
-5.775	1.875	0
-5.775	1.925	0
-5.775	1.975	0
-5.775	2.025	0
-5.775	2.075	0
-5.775	2.125	0
-5.775	2.175	0
-5.775	2.225	0
-5.775	2.275	0
-5.775	2.325	0
-5.775	2.375	0
-5.775	2.425	0
-5.775	2.475	0
-5.775	2.525	0
-5.775	2.575	0
-5.775	2.625	0
-5.725	-1.975	0
-5.725	-1.925	0
-5.725	-1.875	0
-5.725	-1.825	0
-5.725	-1.775	0
-5.725	-1.725	0
-5.725	-1.675	0
-5.725	-1.625	0
-5.725	-1.575	0
-5.725	-1.525	0
-5.725	-1.475	0
-5.725	-1.425	0
-5.725	-1.375	0
-5.725	-1.325	0
-5.725	-1.275	0
-5.725	-1.225	0
-5.725	-1.175	0
-5.725	-1.125	0
-5.725	-1.075	0
-5.725	-1.025	0
-5.725	-0.975	0
-5.725	-0.925	0
-5.725	-0.875	0
-5.725	-0.825	0
-5.725	-0.775	0
-5.725	-0.725	0
-5.725	-0.675	0
-5.725	-0.625	0
-5.725	-0.575	0
-5.725	-0.525	0
-5.725	-0.475	0
-5.725	-0.425	0
-5.725	-0.375	0
-5.725	-0.325	0
-5.725	-0.275	0
-5.725	-0.225	0
-5.725	-0.175	0
-5.725	-0.125	0
-5.725	-0.0749999999999999	0
-5.725	-0.0249999999999999	0
-5.725	0.0250000000000001	0
-5.725	0.0750000000000001	0
-5.725	0.125	0
-5.725	0.175	0
-5.725	0.225	0
-5.725	0.275	0
-5.725	0.325	0
-5.725	0.375	0
-5.725	0.425	0
-5.725	0.475	0
-5.725	0.525	0
-5.725	0.575	0
-5.725	0.625	0
-5.725	0.675	0
-5.725	0.725	0
-5.725	0.775	0
-5.725	0.825	0
-5.725	0.875	0
-5.725	0.925	0
-5.725	0.975	0
-5.725	1.025	0
-5.725	1.075	0
-5.725	1.125	0
-5.725	1.175	0
-5.725	1.225	0
-5.725	1.275	0
-5.725	1.325	0
-5.725	1.375	0
-5.725	1.425	0
-5.725	1.475	0
-5.725	1.525	0
-5.725	1.575	0
-5.725	1.625	0
-5.725	1.675	0
-5.725	1.725	0
-5.725	1.775	0
-5.725	1.825	0
-5.725	1.875	0
-5.725	1.925	0
-5.725	1.975	0
-5.725	2.025	0
-5.725	2.075	0
-5.725	2.125	0
-5.725	2.175	0
-5.725	2.225	0
-5.725	2.275	0
-5.725	2.325	0
-5.725	2.375	0
-5.725	2.425	0
-5.725	2.475	0
-5.725	2.525	0
-5.725	2.575	0
-5.725	2.625	0
-5.675	-1.975	0
-5.675	-1.925	0
-5.675	-1.875	0
-5.675	-1.825	0
-5.675	-1.775	0
-5.675	-1.725	0
-5.675	-1.675	0
-5.675	-1.625	0
-5.675	-1.575	0
-5.675	-1.525	0
-5.675	-1.475	0
-5.675	-1.425	0
-5.675	-1.375	0
-5.675	-1.325	0
-5.675	-1.275	0
-5.675	-1.225	0
-5.675	-1.175	0
-5.675	-1.125	0
-5.675	-1.075	0
-5.675	-1.025	0
-5.675	-0.975	0
-5.675	-0.925	0
-5.675	-0.875	0
-5.675	-0.825	0
-5.675	-0.775	0
-5.675	-0.725	0
-5.675	-0.675	0
-5.675	-0.625	0
-5.675	-0.575	0
-5.675	-0.525	0
-5.675	-0.475	0
-5.675	-0.425	0
-5.675	-0.375	0
-5.675	-0.325	0
-5.675	-0.275	0
-5.675	-0.225	0
-5.675	-0.175	0
-5.675	-0.125	0
-5.675	-0.0749999999999999	0
-5.675	-0.0249999999999999	0
-5.675	0.0250000000000001	0
-5.675	0.0750000000000001	0
-5.675	0.125	0
-5.675	0.175	0
-5.675	0.225	0
-5.675	0.275	0
-5.675	0.325	0
-5.675	0.375	0
-5.675	0.425	0
-5.675	0.475	0
-5.675	0.525	0
-5.675	0.575	0
-5.675	0.625	0
-5.675	0.675	0
-5.675	0.725	0
-5.675	0.775	0
-5.675	0.825	0
-5.675	0.875	0
-5.675	0.925	0
-5.675	0.975	0
-5.675	1.025	0
-5.675	1.075	0
-5.675	1.125	0
-5.675	1.175	0
-5.675	1.225	0
-5.675	1.275	0
-5.675	1.325	0
-5.675	1.375	0
-5.675	1.425	0
-5.675	1.475	0
-5.675	1.525	0
-5.675	1.575	0
-5.675	1.625	0
-5.675	1.675	0
-5.675	1.725	0
-5.675	1.775	0
-5.675	1.825	0
-5.675	1.875	0
-5.675	1.925	0
-5.675	1.975	0
-5.675	2.025	0
-5.675	2.075	0
-5.675	2.125	0
-5.675	2.175	0
-5.675	2.225	0
-5.675	2.275	0
-5.675	2.325	0
-5.675	2.375	0
-5.675	2.425	0
-5.675	2.475	0
-5.675	2.525	0
-5.675	2.575	0
-5.675	2.625	0
-5.625	-1.975	0
-5.625	-1.925	0
-5.625	-1.875	0
-5.625	-1.825	0
-5.625	-1.775	0
-5.625	-1.725	0
-5.625	-1.675	0
-5.625	-1.625	0
-5.625	-1.575	0
-5.625	-1.525	0
-5.625	-1.475	0
-5.625	-1.425	0
-5.625	-1.375	0
-5.625	-1.325	0
-5.625	-1.275	0
-5.625	-1.225	0
-5.625	-1.175	0
-5.625	-1.125	0
-5.625	-1.075	0
-5.625	-1.025	0
-5.625	-0.975	0
-5.625	-0.925	0
-5.625	-0.875	0
-5.625	-0.825	0
-5.625	-0.775	0
-5.625	-0.725	0
-5.625	-0.675	0
-5.625	-0.625	0
-5.625	-0.575	0
-5.625	-0.525	0
-5.625	-0.475	0
-5.625	-0.425	0
-5.625	-0.375	0
-5.625	-0.325	0
-5.625	-0.275	0
-5.625	-0.225	0
-5.625	-0.175	0
-5.625	-0.125	0
-5.625	-0.0749999999999999	0
-5.625	-0.0249999999999999	0
-5.625	0.0250000000000001	0
-5.625	0.0750000000000001	0
-5.625	0.125	0
-5.625	0.175	0
-5.625	0.225	0
-5.625	0.275	0
-5.625	0.325	0
-5.625	0.375	0
-5.625	0.425	0
-5.625	0.475	0
-5.625	0.525	0
-5.625	0.575	0
-5.625	0.625	0
-5.625	0.675	0
-5.625	0.725	0
-5.625	0.775	0
-5.625	0.825	0
-5.625	0.875	0
-5.625	0.925	0
-5.625	0.975	0
-5.625	1.025	0
-5.625	1.075	0
-5.625	1.125	0
-5.625	1.175	0
-5.625	1.225	0
-5.625	1.275	0
-5.625	1.325	0
-5.625	1.375	0
-5.625	1.425	0
-5.625	1.475	0
-5.625	1.525	0
-5.625	1.575	0
-5.625	1.625	0
-5.625	1.675	0
-5.625	1.725	0
-5.625	1.775	0
-5.625	1.825	0
-5.625	1.875	0
-5.625	1.925	0
-5.625	1.975	0
-5.625	2.025	0
-5.625	2.075	0
-5.625	2.125	0
-5.625	2.175	0
-5.625	2.225	0
-5.625	2.275	0
-5.625	2.325	0
-5.625	2.375	0
-5.625	2.425	0
-5.625	2.475	0
-5.625	2.525	0
-5.625	2.575	0
-5.625	2.625	0
-5.575	-1.975	0
-5.575	-1.925	0
-5.575	-1.875	0
-5.575	-1.825	0
-5.575	-1.775	0
-5.575	-1.725	0
-5.575	-1.675	0
-5.575	-1.625	0
-5.575	-1.575	0
-5.575	-1.525	0
-5.575	-1.475	0
-5.575	-1.425	0
-5.575	-1.375	0
-5.575	-1.325	0
-5.575	-1.275	0
-5.575	-1.225	0
-5.575	-1.175	0
-5.575	-1.125	0
-5.575	-1.075	0
-5.575	-1.025	0
-5.575	-0.975	0
-5.575	-0.925	0
-5.575	-0.875	0
-5.575	-0.825	0
-5.575	-0.775	0
-5.575	-0.725	0
-5.575	-0.675	0
-5.575	-0.625	0
-5.575	-0.575	0
-5.575	-0.525	0
-5.575	-0.475	0
-5.575	-0.425	0
-5.575	-0.375	0
-5.575	-0.325	0
-5.575	-0.275	0
-5.575	-0.225	0
-5.575	-0.175	0
-5.575	-0.125	0
-5.575	-0.0749999999999999	0
-5.575	-0.0249999999999999	0
-5.575	0.0250000000000001	0
-5.575	0.0750000000000001	0
-5.575	0.125	0
-5.575	0.175	0
-5.575	0.225	0
-5.575	0.275	0
-5.575	0.325	0
-5.575	0.375	0
-5.575	0.425	0
-5.575	0.475	0
-5.575	0.525	0
-5.575	0.575	0
-5.575	0.625	0
-5.575	0.675	0
-5.575	0.725	0
-5.575	0.775	0
-5.575	0.825	0
-5.575	0.875	0
-5.575	0.925	0
-5.575	0.975	0
-5.575	1.025	0
-5.575	1.075	0
-5.575	1.125	0
-5.575	1.175	0
-5.575	1.225	0
-5.575	1.275	0
-5.575	1.325	0
-5.575	1.375	0
-5.575	1.425	0
-5.575	1.475	0
-5.575	1.525	0
-5.575	1.575	0
-5.575	1.625	0
-5.575	1.675	0
-5.575	1.725	0
-5.575	1.775	0
-5.575	1.825	0
-5.575	1.875	0
-5.575	1.925	0
-5.575	1.975	0
-5.575	2.025	0
-5.575	2.075	0
-5.575	2.125	0
-5.575	2.175	0
-5.575	2.225	0
-5.575	2.275	0
-5.575	2.325	0
-5.575	2.375	0
-5.575	2.425	0
-5.575	2.475	0
-5.575	2.525	0
-5.575	2.575	0
-5.575	2.625	0
-5.525	-1.975	0
-5.525	-1.925	0
-5.525	-1.875	0
-5.525	-1.825	0
-5.525	-1.775	0
-5.525	-1.725	0
-5.525	-1.675	0
-5.525	-1.625	0
-5.525	-1.575	0
-5.525	-1.525	0
-5.525	-1.475	0
-5.525	-1.425	0
-5.525	-1.375	0
-5.525	-1.325	0
-5.525	-1.275	0
-5.525	-1.225	0
-5.525	-1.175	0
-5.525	-1.125	0
-5.525	-1.075	0
-5.525	-1.025	0
-5.525	-0.975	0
-5.525	-0.925	0
-5.525	-0.875	0
-5.525	-0.825	0
-5.525	-0.775	0
-5.525	-0.725	0
-5.525	-0.675	0
-5.525	-0.625	0
-5.525	-0.575	0
-5.525	-0.525	0
-5.525	-0.475	0
-5.525	-0.425	0
-5.525	-0.375	0
-5.525	-0.325	0
-5.525	-0.275	0
-5.525	-0.225	0
-5.525	-0.175	0
-5.525	-0.125	0
-5.525	-0.0749999999999999	0
-5.525	-0.0249999999999999	0
-5.525	0.0250000000000001	0
-5.525	0.0750000000000001	0
-5.525	0.125	0
-5.525	0.175	0
-5.525	0.225	0
-5.525	0.275	0
-5.525	0.325	0
-5.525	0.375	0
-5.525	0.425	0
-5.525	0.475	0
-5.525	0.525	0
-5.525	0.575	0
-5.525	0.625	0
-5.525	0.675	0
-5.525	0.725	0
-5.525	0.775	0
-5.525	0.825	0
-5.525	0.875	0
-5.525	0.925	0
-5.525	0.975	0
-5.525	1.025	0
-5.525	1.075	0
-5.525	1.125	0
-5.525	1.175	0
-5.525	1.225	0
-5.525	1.275	0
-5.525	1.325	0
-5.525	1.375	0
-5.525	1.425	0
-5.525	1.475	0
-5.525	1.525	0
-5.525	1.575	0
-5.525	1.625	0
-5.525	1.675	0
-5.525	1.725	0
-5.525	1.775	0
-5.525	1.825	0
-5.525	1.875	0
-5.525	1.925	0
-5.525	1.975	0
-5.525	2.025	0
-5.525	2.075	0
-5.525	2.125	0
-5.525	2.175	0
-5.525	2.225	0
-5.525	2.275	0
-5.525	2.325	0
-5.525	2.375	0
-5.525	2.425	0
-5.525	2.475	0
-5.525	2.525	0
-5.525	2.575	0
-5.525	2.625	0
-5.475	-1.975	0
-5.475	-1.925	0
-5.475	-1.875	0
-5.475	-1.825	0
-5.475	-1.775	0
-5.475	-1.725	0
-5.475	-1.675	0
-5.475	-1.625	0
-5.475	-1.575	0
-5.475	-1.525	0
-5.475	-1.475	0
-5.475	-1.425	0
-5.475	-1.375	0
-5.475	-1.325	0
-5.475	-1.275	0
-5.475	-1.225	0
-5.475	-1.175	0
-5.475	-1.125	0
-5.475	-1.075	0
-5.475	-1.025	0
-5.475	-0.975	0
-5.475	-0.925	0
-5.475	-0.875	0
-5.475	-0.825	0
-5.475	-0.775	0
-5.475	-0.725	0
-5.475	-0.675	0
-5.475	-0.625	0
-5.475	-0.575	0
-5.475	-0.525	0
-5.475	-0.475	0
-5.475	-0.425	0
-5.475	-0.375	0
-5.475	-0.325	0
-5.475	-0.275	0
-5.475	-0.225	0
-5.475	-0.175	0
-5.475	-0.125	0
-5.475	-0.0749999999999999	0
-5.475	-0.0249999999999999	0
-5.475	0.0250000000000001	0
-5.475	0.0750000000000001	0
-5.475	0.125	0
-5.475	0.175	0
-5.475	0.225	0
-5.475	0.275	0
-5.475	0.325	0
-5.475	0.375	0
-5.475	0.425	0
-5.475	0.475	0
-5.475	0.525	0
-5.475	0.575	0
-5.475	0.625	0
-5.475	0.675	0
-5.475	0.725	0
-5.475	0.775	0
-5.475	0.825	0
-5.475	0.875	0
-5.475	0.925	0
-5.475	0.975	0
-5.475	1.025	0
-5.475	1.075	0
-5.475	1.125	0
-5.475	1.175	0
-5.475	1.225	0
-5.475	1.275	0
-5.475	1.325	0
-5.475	1.375	0
-5.475	1.425	0
-5.475	1.475	0
-5.475	1.525	0
-5.475	1.575	0
-5.475	1.625	0
-5.475	1.675	0
-5.475	1.725	0
-5.475	1.775	0
-5.475	1.825	0
-5.475	1.875	0
-5.475	1.925	0
-5.475	1.975	0
-5.475	2.025	0
-5.475	2.075	0
-5.475	2.125	0
-5.475	2.175	0
-5.475	2.225	0
-5.475	2.275	0
-5.475	2.325	0
-5.475	2.375	0
-5.475	2.425	0
-5.475	2.475	0
-5.475	2.525	0
-5.475	2.575	0
-5.475	2.625	0
-5.425	-1.975	0
-5.425	-1.925	0
-5.425	-1.875	0
-5.425	-1.825	0
-5.425	-1.775	0
-5.425	-1.725	0
-5.425	-1.675	0
-5.425	-1.625	0
-5.425	-1.575	0
-5.425	-1.525	0
-5.425	-1.475	0
-5.425	-1.425	0
-5.425	-1.375	0
-5.425	-1.325	0
-5.425	-1.275	0
-5.425	-1.225	0
-5.425	-1.175	0
-5.425	-1.125	0
-5.425	-1.075	0
-5.425	-1.025	0
-5.425	-0.975	0
-5.425	-0.925	0
-5.425	-0.875	0
-5.425	-0.825	0
-5.425	-0.775	0
-5.425	-0.725	0
-5.425	-0.675	0
-5.425	-0.625	0
-5.425	-0.575	0
-5.425	-0.525	0
-5.425	-0.475	0
-5.425	-0.425	0
-5.425	-0.375	0
-5.425	-0.325	0
-5.425	-0.275	0
-5.425	-0.225	0
-5.425	-0.175	0
-5.425	-0.125	0
-5.425	-0.0749999999999999	0
-5.425	-0.0249999999999999	0
-5.425	0.0250000000000001	0
-5.425	0.0750000000000001	0
-5.425	0.125	0
-5.425	0.175	0
-5.425	0.225	0
-5.425	0.275	0
-5.425	0.325	0
-5.425	0.375	0
-5.425	0.425	0
-5.425	0.475	0
-5.425	0.525	0
-5.425	0.575	0
-5.425	0.625	0
-5.425	0.675	0
-5.425	0.725	0
-5.425	0.775	0
-5.425	0.825	0
-5.425	0.875	0
-5.425	0.925	0
-5.425	0.975	0
-5.425	1.025	0
-5.425	1.075	0
-5.425	1.125	0
-5.425	1.175	0
-5.425	1.225	0
-5.425	1.275	0
-5.425	1.325	0
-5.425	1.375	0
-5.425	1.425	0
-5.425	1.475	0
-5.425	1.525	0
-5.425	1.575	0
-5.425	1.625	0
-5.425	1.675	0
-5.425	1.725	0
-5.425	1.775	0
-5.425	1.825	0
-5.425	1.875	0
-5.425	1.925	0
-5.425	1.975	0
-5.425	2.025	0
-5.425	2.075	0
-5.425	2.125	0
-5.425	2.175	0
-5.425	2.225	0
-5.425	2.275	0
-5.425	2.325	0
-5.425	2.375	0
-5.425	2.425	0
-5.425	2.475	0
-5.425	2.525	0
-5.425	2.575	0
-5.425	2.625	0
-5.375	-1.975	0
-5.375	-1.925	0
-5.375	-1.875	0
-5.375	-1.825	0
-5.375	-1.775	0
-5.375	-1.725	0
-5.375	-1.675	0
-5.375	-1.625	0
-5.375	-1.575	0
-5.375	-1.525	0
-5.375	-1.475	0
-5.375	-1.425	0
-5.375	-1.375	0
-5.375	-1.325	0
-5.375	-1.275	0
-5.375	-1.225	0
-5.375	-1.175	0
-5.375	-1.125	0
-5.375	-1.075	0
-5.375	-1.025	0
-5.375	-0.975	0
-5.375	-0.925	0
-5.375	-0.875	0
-5.375	-0.825	0
-5.375	-0.775	0
-5.375	-0.725	0
-5.375	-0.675	0
-5.375	-0.625	0
-5.375	-0.575	0
-5.375	-0.525	0
-5.375	-0.475	0
-5.375	-0.425	0
-5.375	-0.375	0
-5.375	-0.325	0
-5.375	-0.275	0
-5.375	-0.225	0
-5.375	-0.175	0
-5.375	-0.125	0
-5.375	-0.0749999999999999	0
-5.375	-0.0249999999999999	0
-5.375	0.0250000000000001	0
-5.375	0.0750000000000001	0
-5.375	0.125	0
-5.375	0.175	0
-5.375	0.225	0
-5.375	0.275	0
-5.375	0.325	0
-5.375	0.375	0
-5.375	0.425	0
-5.375	0.475	0
-5.375	0.525	0
-5.375	0.575	0
-5.375	0.625	0
-5.375	0.675	0
-5.375	0.725	0
-5.375	0.775	0
-5.375	0.825	0
-5.375	0.875	0
-5.375	0.925	0
-5.375	0.975	0
-5.375	1.025	0
-5.375	1.075	0
-5.375	1.125	0
-5.375	1.175	0
-5.375	1.225	0
-5.375	1.275	0
-5.375	1.325	0
-5.375	1.375	0
-5.375	1.425	0
-5.375	1.475	0
-5.375	1.525	0
-5.375	1.575	0
-5.375	1.625	0
-5.375	1.675	0
-5.375	1.725	0
-5.375	1.775	0
-5.375	1.825	0
-5.375	1.875	0
-5.375	1.925	0
-5.375	1.975	0
-5.375	2.025	0
-5.375	2.075	0
-5.375	2.125	0
-5.375	2.175	0
-5.375	2.225	0
-5.375	2.275	0
-5.375	2.325	0
-5.375	2.375	0
-5.375	2.425	0
-5.375	2.475	0
-5.375	2.525	0
-5.375	2.575	0
-5.375	2.625	0
-5.325	-1.975	0
-5.325	-1.925	0
-5.325	-1.875	0
-5.325	-1.825	0
-5.325	-1.775	0
-5.325	-1.725	0
-5.325	-1.675	0
-5.325	-1.625	0
-5.325	-1.575	0
-5.325	-1.525	0
-5.325	-1.475	0
-5.325	-1.425	0
-5.325	-1.375	0
-5.325	-1.325	0
-5.325	-1.275	0
-5.325	-1.225	0
-5.325	-1.175	0
-5.325	-1.125	0
-5.325	-1.075	0
-5.325	-1.025	0
-5.325	-0.975	0
-5.325	-0.925	0
-5.325	-0.875	0
-5.325	-0.825	0
-5.325	-0.775	0
-5.325	-0.725	0
-5.325	-0.675	0
-5.325	-0.625	0
-5.325	-0.575	0
-5.325	-0.525	0
-5.325	-0.475	0
-5.325	-0.425	0
-5.325	-0.375	0
-5.325	-0.325	0
-5.325	-0.275	0
-5.325	-0.225	0
-5.325	-0.175	0
-5.325	-0.125	0
-5.325	-0.0749999999999999	0
-5.325	-0.0249999999999999	0
-5.325	0.0250000000000001	0
-5.325	0.0750000000000001	0
-5.325	0.125	0
-5.325	0.175	0
-5.325	0.225	0
-5.325	0.275	0
-5.325	0.325	0
-5.325	0.375	0
-5.325	0.425	0
-5.325	0.475	0
-5.325	0.525	0
-5.325	0.575	0
-5.325	0.625	0
-5.325	0.675	0
-5.325	0.725	0
-5.325	0.775	0
-5.325	0.825	0
-5.325	0.875	0
-5.325	0.925	0
-5.325	0.975	0
-5.325	1.025	0
-5.325	1.075	0
-5.325	1.125	0
-5.325	1.175	0
-5.325	1.225	0
-5.325	1.275	0
-5.325	1.325	0
-5.325	1.375	0
-5.325	1.425	0
-5.325	1.475	0
-5.325	1.525	0
-5.325	1.575	0
-5.325	1.625	0
-5.325	1.675	0
-5.325	1.725	0
-5.325	1.775	0
-5.325	1.825	0
-5.325	1.875	0
-5.325	1.925	0
-5.325	1.975	0
-5.325	2.025	0
-5.325	2.075	0
-5.325	2.125	0
-5.325	2.175	0
-5.325	2.225	0
-5.325	2.275	0
-5.325	2.325	0
-5.325	2.375	0
-5.325	2.425	0
-5.325	2.475	0
-5.325	2.525	0
-5.325	2.575	0
-5.325	2.625	0
-5.275	-1.975	0
-5.275	-1.925	0
-5.275	-1.875	0
-5.275	-1.825	0
-5.275	-1.775	0
-5.275	-1.725	0
-5.275	-1.675	0
-5.275	-1.625	0
-5.275	-1.575	0
-5.275	-1.525	0
-5.275	-1.475	0
-5.275	-1.425	0
-5.275	-1.375	0
-5.275	-1.325	0
-5.275	-1.275	0
-5.275	-1.225	0
-5.275	-1.175	0
-5.275	-1.125	0
-5.275	-1.075	0
-5.275	-1.025	0
-5.275	-0.975	0
-5.275	-0.925	0
-5.275	-0.875	0
-5.275	-0.825	0
-5.275	-0.775	0
-5.275	-0.725	0
-5.275	-0.675	0
-5.275	-0.625	0
-5.275	-0.575	0
-5.275	-0.525	0
-5.275	-0.475	0
-5.275	-0.425	0
-5.275	-0.375	0
-5.275	-0.325	0
-5.275	-0.275	0
-5.275	-0.225	0
-5.275	-0.175	0
-5.275	-0.125	0
-5.275	-0.0749999999999999	0
-5.275	-0.0249999999999999	0
-5.275	0.0250000000000001	0
-5.275	0.0750000000000001	0
-5.275	0.125	0
-5.275	0.175	0
-5.275	0.225	0
-5.275	0.275	0
-5.275	0.325	0
-5.275	0.375	0
-5.275	0.425	0
-5.275	0.475	0
-5.275	0.525	0
-5.275	0.575	0
-5.275	0.625	0
-5.275	0.675	0
-5.275	0.725	0
-5.275	0.775	0
-5.275	0.825	0
-5.275	0.875	0
-5.275	0.925	0
-5.275	0.975	0
-5.275	1.025	0
-5.275	1.075	0
-5.275	1.125	0
-5.275	1.175	0
-5.275	1.225	0
-5.275	1.275	0
-5.275	1.325	0
-5.275	1.375	0
-5.275	1.425	0
-5.275	1.475	0
-5.275	1.525	0
-5.275	1.575	0
-5.275	1.625	0
-5.275	1.675	0
-5.275	1.725	0
-5.275	1.775	0
-5.275	1.825	0
-5.275	1.875	0
-5.275	1.925	0
-5.275	1.975	0
-5.275	2.025	0
-5.275	2.075	0
-5.275	2.125	0
-5.275	2.175	0
-5.275	2.225	0
-5.275	2.275	0
-5.275	2.325	0
-5.275	2.375	0
-5.275	2.425	0
-5.275	2.475	0
-5.275	2.525	0
-5.275	2.575	0
-5.275	2.625	0
-5.225	-1.975	0
-5.225	-1.925	0
-5.225	-1.875	0
-5.225	-1.825	0
-5.225	-1.775	0
-5.225	-1.725	0
-5.225	-1.675	0
-5.225	-1.625	0
-5.225	-1.575	0
-5.225	-1.525	0
-5.225	-1.475	0
-5.225	-1.425	0
-5.225	-1.375	0
-5.225	-1.325	0
-5.225	-1.275	0
-5.225	-1.225	0
-5.225	-1.175	0
-5.225	-1.125	0
-5.225	-1.075	0
-5.225	-1.025	0
-5.225	-0.975	0
-5.225	-0.925	0
-5.225	-0.875	0
-5.225	-0.825	0
-5.225	-0.775	0
-5.225	-0.725	0
-5.225	-0.675	0
-5.225	-0.625	0
-5.225	-0.575	0
-5.225	-0.525	0
-5.225	-0.475	0
-5.225	-0.425	0
-5.225	-0.375	0
-5.225	-0.325	0
-5.225	-0.275	0
-5.225	-0.225	0
-5.225	-0.175	0
-5.225	-0.125	0
-5.225	-0.0749999999999999	0
-5.225	-0.0249999999999999	0
-5.225	0.0250000000000001	0
-5.225	0.0750000000000001	0
-5.225	0.125	0
-5.225	0.175	0
-5.225	0.225	0
-5.225	0.275	0
-5.225	0.325	0
-5.225	0.375	0
-5.225	0.425	0
-5.225	0.475	0
-5.225	0.525	0
-5.225	0.575	0
-5.225	0.625	0
-5.225	0.675	0
-5.225	0.725	0
-5.225	0.775	0
-5.225	0.825	0
-5.225	0.875	0
-5.225	0.925	0
-5.225	0.975	0
-5.225	1.025	0
-5.225	1.075	0
-5.225	1.125	0
-5.225	1.175	0
-5.225	1.225	0
-5.225	1.275	0
-5.225	1.325	0
-5.225	1.375	0
-5.225	1.425	0
-5.225	1.475	0
-5.225	1.525	0
-5.225	1.575	0
-5.225	1.625	0
-5.225	1.675	0
-5.225	1.725	0
-5.225	1.775	0
-5.225	1.825	0
-5.225	1.875	0
-5.225	1.925	0
-5.225	1.975	0
-5.225	2.025	0
-5.225	2.075	0
-5.225	2.125	0
-5.225	2.175	0
-5.225	2.225	0
-5.225	2.275	0
-5.225	2.325	0
-5.225	2.375	0
-5.225	2.425	0
-5.225	2.475	0
-5.225	2.525	0
-5.225	2.575	0
-5.225	2.625	0
-5.175	-1.975	0
-5.175	-1.925	0
-5.175	-1.875	0
-5.175	-1.825	0
-5.175	-1.775	0
-5.175	-1.725	0
-5.175	-1.675	0
-5.175	-1.625	0
-5.175	-1.575	0
-5.175	-1.525	0
-5.175	-1.475	0
-5.175	-1.425	0
-5.175	-1.375	0
-5.175	-1.325	0
-5.175	-1.275	0
-5.175	-1.225	0
-5.175	-1.175	0
-5.175	-1.125	0
-5.175	-1.075	0
-5.175	-1.025	0
-5.175	-0.975	0
-5.175	-0.925	0
-5.175	-0.875	0
-5.175	-0.825	0
-5.175	-0.775	0
-5.175	-0.725	0
-5.175	-0.675	0
-5.175	-0.625	0
-5.175	-0.575	0
-5.175	-0.525	0
-5.175	-0.475	0
-5.175	-0.425	0
-5.175	-0.375	0
-5.175	-0.325	0
-5.175	-0.275	0
-5.175	-0.225	0
-5.175	-0.175	0
-5.175	-0.125	0
-5.175	-0.0749999999999999	0
-5.175	-0.0249999999999999	0
-5.175	0.0250000000000001	0
-5.175	0.0750000000000001	0
-5.175	0.125	0
-5.175	0.175	0
-5.175	0.225	0
-5.175	0.275	0
-5.175	0.325	0
-5.175	0.375	0
-5.175	0.425	0
-5.175	0.475	0
-5.175	0.525	0
-5.175	0.575	0
-5.175	0.625	0
-5.175	0.675	0
-5.175	0.725	0
-5.175	0.775	0
-5.175	0.825	0
-5.175	0.875	0
-5.175	0.925	0
-5.175	0.975	0
-5.175	1.025	0
-5.175	1.075	0
-5.175	1.125	0
-5.175	1.175	0
-5.175	1.225	0
-5.175	1.275	0
-5.175	1.325	0
-5.175	1.375	0
-5.175	1.425	0
-5.175	1.475	0
-5.175	1.525	0
-5.175	1.575	0
-5.175	1.625	0
-5.175	1.675	0
-5.175	1.725	0
-5.175	1.775	0
-5.175	1.825	0
-5.175	1.875	0
-5.175	1.925	0
-5.175	1.975	0
-5.175	2.025	0
-5.175	2.075	0
-5.175	2.125	0
-5.175	2.175	0
-5.175	2.225	0
-5.175	2.275	0
-5.175	2.325	0
-5.175	2.375	0
-5.175	2.425	0
-5.175	2.475	0
-5.175	2.525	0
-5.175	2.575	0
-5.175	2.625	0
-5.125	-1.975	0
-5.125	-1.925	0
-5.125	-1.875	0
-5.125	-1.825	0
-5.125	-1.775	0
-5.125	-1.725	0
-5.125	-1.675	0
-5.125	-1.625	0
-5.125	-1.575	0
-5.125	-1.525	0
-5.125	-1.475	0
-5.125	-1.425	0
-5.125	-1.375	0
-5.125	-1.325	0
-5.125	-1.275	0
-5.125	-1.225	0
-5.125	-1.175	0
-5.125	-1.125	0
-5.125	-1.075	0
-5.125	-1.025	0
-5.125	-0.975	0
-5.125	-0.925	0
-5.125	-0.875	0
-5.125	-0.825	0
-5.125	-0.775	0
-5.125	-0.725	0
-5.125	-0.675	0
-5.125	-0.625	0
-5.125	-0.575	0
-5.125	-0.525	0
-5.125	-0.475	0
-5.125	-0.425	0
-5.125	-0.375	0
-5.125	-0.325	0
-5.125	-0.275	0
-5.125	-0.225	0
-5.125	-0.175	0
-5.125	-0.125	0
-5.125	-0.0749999999999999	0
-5.125	-0.0249999999999999	0
-5.125	0.0250000000000001	0
-5.125	0.0750000000000001	0
-5.125	0.125	0
-5.125	0.175	0
-5.125	0.225	0
-5.125	0.275	0
-5.125	0.325	0
-5.125	0.375	0
-5.125	0.425	0
-5.125	0.475	0
-5.125	0.525	0
-5.125	0.575	0
-5.125	0.625	0
-5.125	0.675	0
-5.125	0.725	0
-5.125	0.775	0
-5.125	0.825	0
-5.125	0.875	0
-5.125	0.925	0
-5.125	0.975	0
-5.125	1.025	0
-5.125	1.075	0
-5.125	1.125	0
-5.125	1.175	0
-5.125	1.225	0
-5.125	1.275	0
-5.125	1.325	0
-5.125	1.375	0
-5.125	1.425	0
-5.125	1.475	0
-5.125	1.525	0
-5.125	1.575	0
-5.125	1.625	0
-5.125	1.675	0
-5.125	1.725	0
-5.125	1.775	0
-5.125	1.825	0
-5.125	1.875	0
-5.125	1.925	0
-5.125	1.975	0
-5.125	2.025	0
-5.125	2.075	0
-5.125	2.125	0
-5.125	2.175	0
-5.125	2.225	0
-5.125	2.275	0
-5.125	2.325	0
-5.125	2.375	0
-5.125	2.425	0
-5.125	2.475	0
-5.125	2.525	0
-5.125	2.575	0
-5.125	2.625	0
-5.075	-1.975	0
-5.075	-1.925	0
-5.075	-1.875	0
-5.075	-1.825	0
-5.075	-1.775	0
-5.075	-1.725	0
-5.075	-1.675	0
-5.075	-1.625	0
-5.075	-1.575	0
-5.075	-1.525	0
-5.075	-1.475	0
-5.075	-1.425	0
-5.075	-1.375	0
-5.075	-1.325	0
-5.075	-1.275	0
-5.075	-1.225	0
-5.075	-1.175	0
-5.075	-1.125	0
-5.075	-1.075	0
-5.075	-1.025	0
-5.075	-0.975	0
-5.075	-0.925	0
-5.075	-0.875	0
-5.075	-0.825	0
-5.075	-0.775	0
-5.075	-0.725	0
-5.075	-0.675	0
-5.075	-0.625	0
-5.075	-0.575	0
-5.075	-0.525	0
-5.075	-0.475	0
-5.075	-0.425	0
-5.075	-0.375	0
-5.075	-0.325	0
-5.075	-0.275	0
-5.075	-0.225	0
-5.075	-0.175	0
-5.075	-0.125	0
-5.075	-0.0749999999999999	0
-5.075	-0.0249999999999999	0
-5.075	0.0250000000000001	0
-5.075	0.0750000000000001	0
-5.075	0.125	0
-5.075	0.175	0
-5.075	0.225	0
-5.075	0.275	0
-5.075	0.325	0
-5.075	0.375	0
-5.075	0.425	0
-5.075	0.475	0
-5.075	0.525	0
-5.075	0.575	0
-5.075	0.625	0
-5.075	0.675	0
-5.075	0.725	0
-5.075	0.775	0
-5.075	0.825	0
-5.075	0.875	0
-5.075	0.925	0
-5.075	0.975	0
-5.075	1.025	0
-5.075	1.075	0
-5.075	1.125	0
-5.075	1.175	0
-5.075	1.225	0
-5.075	1.275	0
-5.075	1.325	0
-5.075	1.375	0
-5.075	1.425	0
-5.075	1.475	0
-5.075	1.525	0
-5.075	1.575	0
-5.075	1.625	0
-5.075	1.675	0
-5.075	1.725	0
-5.075	1.775	0
-5.075	1.825	0
-5.075	1.875	0
-5.075	1.925	0
-5.075	1.975	0
-5.075	2.025	0
-5.075	2.075	0
-5.075	2.125	0
-5.075	2.175	0
-5.075	2.225	0
-5.075	2.275	0
-5.075	2.325	0
-5.075	2.375	0
-5.075	2.425	0
-5.075	2.475	0
-5.075	2.525	0
-5.075	2.575	0
-5.075	2.625	0
-5.025	-1.975	0
-5.025	-1.925	0
-5.025	-1.875	0
-5.025	-1.825	0
-5.025	-1.775	0
-5.025	-1.725	0
-5.025	-1.675	0
-5.025	-1.625	0
-5.025	-1.575	0
-5.025	-1.525	0
-5.025	-1.475	0
-5.025	-1.425	0
-5.025	-1.375	0
-5.025	-1.325	0
-5.025	-1.275	0
-5.025	-1.225	0
-5.025	-1.175	0
-5.025	-1.125	0
-5.025	-1.075	0
-5.025	-1.025	0
-5.025	-0.975	0
-5.025	-0.925	0
-5.025	-0.875	0
-5.025	-0.825	0
-5.025	-0.775	0
-5.025	-0.725	0
-5.025	-0.675	0
-5.025	-0.625	0
-5.025	-0.575	0
-5.025	-0.525	0
-5.025	-0.475	0
-5.025	-0.425	0
-5.025	-0.375	0
-5.025	-0.325	0
-5.025	-0.275	0
-5.025	-0.225	0
-5.025	-0.175	0
-5.025	-0.125	0
-5.025	-0.0749999999999999	0
-5.025	-0.0249999999999999	0
-5.025	0.0250000000000001	0
-5.025	0.0750000000000001	0
-5.025	0.125	0
-5.025	0.175	0
-5.025	0.225	0
-5.025	0.275	0
-5.025	0.325	0
-5.025	0.375	0
-5.025	0.425	0
-5.025	0.475	0
-5.025	0.525	0
-5.025	0.575	0
-5.025	0.625	0
-5.025	0.675	0
-5.025	0.725	0
-5.025	0.775	0
-5.025	0.825	0
-5.025	0.875	0
-5.025	0.925	0
-5.025	0.975	0
-5.025	1.025	0
-5.025	1.075	0
-5.025	1.125	0
-5.025	1.175	0
-5.025	1.225	0
-5.025	1.275	0
-5.025	1.325	0
-5.025	1.375	0
-5.025	1.425	0
-5.025	1.475	0
-5.025	1.525	0
-5.025	1.575	0
-5.025	1.625	0
-5.025	1.675	0
-5.025	1.725	0
-5.025	1.775	0
-5.025	1.825	0
-5.025	1.875	0
-5.025	1.925	0
-5.025	1.975	0
-5.025	2.025	0
-5.025	2.075	0
-5.025	2.125	0
-5.025	2.175	0
-5.025	2.225	0
-5.025	2.275	0
-5.025	2.325	0
-5.025	2.375	0
-5.025	2.425	0
-5.025	2.475	0
-5.025	2.525	0
-5.025	2.575	0
-5.025	2.625	0
-4.975	-1.975	0
-4.975	-1.925	0
-4.975	-1.875	0
-4.975	-1.825	0
-4.975	-1.775	0
-4.975	-1.725	0
-4.975	-1.675	0
-4.975	-1.625	0
-4.975	-1.575	0
-4.975	-1.525	0
-4.975	-1.475	0
-4.975	-1.425	0
-4.975	-1.375	0
-4.975	-1.325	0
-4.975	-1.275	0
-4.975	-1.225	0
-4.975	-1.175	0
-4.975	-1.125	0
-4.975	-1.075	0
-4.975	-1.025	0
-4.975	-0.975	0
-4.975	-0.925	0
-4.975	-0.875	0
-4.975	-0.825	0
-4.975	-0.775	0
-4.975	-0.725	0
-4.975	-0.675	0
-4.975	-0.625	0
-4.975	-0.575	0
-4.975	-0.525	0
-4.975	-0.475	0
-4.975	-0.425	0
-4.975	-0.375	0
-4.975	-0.325	0
-4.975	-0.275	0
-4.975	-0.225	0
-4.975	-0.175	0
-4.975	-0.125	0
-4.975	-0.0749999999999999	0
-4.975	-0.0249999999999999	0
-4.975	0.0250000000000001	0
-4.975	0.0750000000000001	0
-4.975	0.125	0
-4.975	0.175	0
-4.975	0.225	0
-4.975	0.275	0
-4.975	0.325	0
-4.975	0.375	0
-4.975	0.425	0
-4.975	0.475	0
-4.975	0.525	0
-4.975	0.575	0
-4.975	0.625	0
-4.975	0.675	0
-4.975	0.725	0
-4.975	0.775	0
-4.975	0.825	0
-4.975	0.875	0
-4.975	0.925	0
-4.975	0.975	0
-4.975	1.025	0
-4.975	1.075	0
-4.975	1.125	0
-4.975	1.175	0
-4.975	1.225	0
-4.975	1.275	0
-4.975	1.325	0
-4.975	1.375	0
-4.975	1.425	0
-4.975	1.475	0
-4.975	1.525	0
-4.975	1.575	0
-4.975	1.625	0
-4.975	1.675	0
-4.975	1.725	0
-4.975	1.775	0
-4.975	1.825	0
-4.975	1.875	0
-4.975	1.925	0
-4.975	1.975	0
-4.975	2.025	0
-4.975	2.075	0
-4.975	2.125	0
-4.975	2.175	0
-4.975	2.225	0
-4.975	2.275	0
-4.975	2.325	0
-4.975	2.375	0
-4.975	2.425	0
-4.975	2.475	0
-4.975	2.525	0
-4.975	2.575	0
-4.975	2.625	0
-4.925	-1.975	0
-4.925	-1.925	0
-4.925	-1.875	0
-4.925	-1.825	0
-4.925	-1.775	0
-4.925	-1.725	0
-4.925	-1.675	0
-4.925	-1.625	0
-4.925	-1.575	0
-4.925	-1.525	0
-4.925	-1.475	0
-4.925	-1.425	0
-4.925	-1.375	0
-4.925	-1.325	0
-4.925	-1.275	0
-4.925	-1.225	0
-4.925	-1.175	0
-4.925	-1.125	0
-4.925	-1.075	0
-4.925	-1.025	0
-4.925	-0.975	0
-4.925	-0.925	0
-4.925	-0.875	0
-4.925	-0.825	0
-4.925	-0.775	0
-4.925	-0.725	0
-4.925	-0.675	0
-4.925	-0.625	0
-4.925	-0.575	0
-4.925	-0.525	0
-4.925	-0.475	0
-4.925	-0.425	0
-4.925	-0.375	0
-4.925	-0.325	0
-4.925	-0.275	0
-4.925	-0.225	0
-4.925	-0.175	0
-4.925	-0.125	0
-4.925	-0.0749999999999999	0
-4.925	-0.0249999999999999	0
-4.925	0.0250000000000001	0
-4.925	0.0750000000000001	0
-4.925	0.125	0
-4.925	0.175	0
-4.925	0.225	0
-4.925	0.275	0
-4.925	0.325	0
-4.925	0.375	0
-4.925	0.425	0
-4.925	0.475	0
-4.925	0.525	0
-4.925	0.575	0
-4.925	0.625	0
-4.925	0.675	0
-4.925	0.725	0
-4.925	0.775	0
-4.925	0.825	0
-4.925	0.875	0
-4.925	0.925	0
-4.925	0.975	0
-4.925	1.025	0
-4.925	1.075	0
-4.925	1.125	0
-4.925	1.175	0
-4.925	1.225	0
-4.925	1.275	0
-4.925	1.325	0
-4.925	1.375	0
-4.925	1.425	0
-4.925	1.475	0
-4.925	1.525	0
-4.925	1.575	0
-4.925	1.625	0
-4.925	1.675	0
-4.925	1.725	0
-4.925	1.775	0
-4.925	1.825	0
-4.925	1.875	0
-4.925	1.925	0
-4.925	1.975	0
-4.925	2.025	0
-4.925	2.075	0
-4.925	2.125	0
-4.925	2.175	0
-4.925	2.225	0
-4.925	2.275	0
-4.925	2.325	0
-4.925	2.375	0
-4.925	2.425	0
-4.925	2.475	0
-4.925	2.525	0
-4.925	2.575	0
-4.925	2.625	0
-4.875	-1.975	0
-4.875	-1.925	0
-4.875	-1.875	0
-4.875	-1.825	0
-4.875	-1.775	0
-4.875	-1.725	0
-4.875	-1.675	0
-4.875	-1.625	0
-4.875	-1.575	0
-4.875	-1.525	0
-4.875	-1.475	0
-4.875	-1.425	0
-4.875	-1.375	0
-4.875	-1.325	0
-4.875	-1.275	0
-4.875	-1.225	0
-4.875	-1.175	0
-4.875	-1.125	0
-4.875	-1.075	0
-4.875	-1.025	0
-4.875	-0.975	0
-4.875	-0.925	0
-4.875	-0.875	0
-4.875	-0.825	0
-4.875	-0.775	0
-4.875	-0.725	0
-4.875	-0.675	0
-4.875	-0.625	0
-4.875	-0.575	0
-4.875	-0.525	0
-4.875	-0.475	0
-4.875	-0.425	0
-4.875	-0.375	0
-4.875	-0.325	0
-4.875	-0.275	0
-4.875	-0.225	0
-4.875	-0.175	0
-4.875	-0.125	0
-4.875	-0.0749999999999999	0
-4.875	-0.0249999999999999	0
-4.875	0.0250000000000001	0
-4.875	0.0750000000000001	0
-4.875	0.125	0
-4.875	0.175	0
-4.875	0.225	0
-4.875	0.275	0
-4.875	0.325	0
-4.875	0.375	0
-4.875	0.425	0
-4.875	0.475	0
-4.875	0.525	0
-4.875	0.575	0
-4.875	0.625	0
-4.875	0.675	0
-4.875	0.725	0
-4.875	0.775	0
-4.875	0.825	0
-4.875	0.875	0
-4.875	0.925	0
-4.875	0.975	0
-4.875	1.025	0
-4.875	1.075	0
-4.875	1.125	0
-4.875	1.175	0
-4.875	1.225	0
-4.875	1.275	0
-4.875	1.325	0
-4.875	1.375	0
-4.875	1.425	0
-4.875	1.475	0
-4.875	1.525	0
-4.875	1.575	0
-4.875	1.625	0
-4.875	1.675	0
-4.875	1.725	0
-4.875	1.775	0
-4.875	1.825	0
-4.875	1.875	0
-4.875	1.925	0
-4.875	1.975	0
-4.875	2.025	0
-4.875	2.075	0
-4.875	2.125	0
-4.875	2.175	0
-4.875	2.225	0
-4.875	2.275	0
-4.875	2.325	0
-4.875	2.375	0
-4.875	2.425	0
-4.875	2.475	0
-4.875	2.525	0
-4.875	2.575	0
-4.875	2.625	0
-4.825	-1.975	0
-4.825	-1.925	0
-4.825	-1.875	0
-4.825	-1.825	0
-4.825	-1.775	0
-4.825	-1.725	0
-4.825	-1.675	0
-4.825	-1.625	0
-4.825	-1.575	0
-4.825	-1.525	0
-4.825	-1.475	0
-4.825	-1.425	0
-4.825	-1.375	0
-4.825	-1.325	0
-4.825	-1.275	0
-4.825	-1.225	0
-4.825	-1.175	0
-4.825	-1.125	0
-4.825	-1.075	0
-4.825	-1.025	0
-4.825	-0.975	0
-4.825	-0.925	0
-4.825	-0.875	0
-4.825	-0.825	0
-4.825	-0.775	0
-4.825	-0.725	0
-4.825	-0.675	0
-4.825	-0.625	0
-4.825	-0.575	0
-4.825	-0.525	0
-4.825	-0.475	0
-4.825	-0.425	0
-4.825	-0.375	0
-4.825	-0.325	0
-4.825	-0.275	0
-4.825	-0.225	0
-4.825	-0.175	0
-4.825	-0.125	0
-4.825	-0.0749999999999999	0
-4.825	-0.0249999999999999	0
-4.825	0.0250000000000001	0
-4.825	0.0750000000000001	0
-4.825	0.125	0
-4.825	0.175	0
-4.825	0.225	0
-4.825	0.275	0
-4.825	0.325	0
-4.825	0.375	0
-4.825	0.425	0
-4.825	0.475	0
-4.825	0.525	0
-4.825	0.575	0
-4.825	0.625	0
-4.825	0.675	0
-4.825	0.725	0
-4.825	0.775	0
-4.825	0.825	0
-4.825	0.875	0
-4.825	0.925	0
-4.825	0.975	0
-4.825	1.025	0
-4.825	1.075	0
-4.825	1.125	0
-4.825	1.175	0
-4.825	1.225	0
-4.825	1.275	0
-4.825	1.325	0
-4.825	1.375	0
-4.825	1.425	0
-4.825	1.475	0
-4.825	1.525	0
-4.825	1.575	0
-4.825	1.625	0
-4.825	1.675	0
-4.825	1.725	0
-4.825	1.775	0
-4.825	1.825	0
-4.825	1.875	0
-4.825	1.925	0
-4.825	1.975	0
-4.825	2.025	0
-4.825	2.075	0
-4.825	2.125	0
-4.825	2.175	0
-4.825	2.225	0
-4.825	2.275	0
-4.825	2.325	0
-4.825	2.375	0
-4.825	2.425	0
-4.825	2.475	0
-4.825	2.525	0
-4.825	2.575	0
-4.825	2.625	0
-4.775	-1.975	0
-4.775	-1.925	0
-4.775	-1.875	0
-4.775	-1.825	0
-4.775	-1.775	0
-4.775	-1.725	0
-4.775	-1.675	0
-4.775	-1.625	0
-4.775	-1.575	0
-4.775	-1.525	0
-4.775	-1.475	0
-4.775	-1.425	0
-4.775	-1.375	0
-4.775	-1.325	0
-4.775	-1.275	0
-4.775	-1.225	0
-4.775	-1.175	0
-4.775	-1.125	0
-4.775	-1.075	0
-4.775	-1.025	0
-4.775	-0.975	0
-4.775	-0.925	0
-4.775	-0.875	0
-4.775	-0.825	0
-4.775	-0.775	0
-4.775	-0.725	0
-4.775	-0.675	0
-4.775	-0.625	0
-4.775	-0.575	0
-4.775	-0.525	0
-4.775	-0.475	0
-4.775	-0.425	0
-4.775	-0.375	0
-4.775	-0.325	0
-4.775	-0.275	0
-4.775	-0.225	0
-4.775	-0.175	0
-4.775	-0.125	0
-4.775	-0.0749999999999999	0
-4.775	-0.0249999999999999	0
-4.775	0.0250000000000001	0
-4.775	0.0750000000000001	0
-4.775	0.125	0
-4.775	0.175	0
-4.775	0.225	0
-4.775	0.275	0
-4.775	0.325	0
-4.775	0.375	0
-4.775	0.425	0
-4.775	0.475	0
-4.775	0.525	0
-4.775	0.575	0
-4.775	0.625	0
-4.775	0.675	0
-4.775	0.725	0
-4.775	0.775	0
-4.775	0.825	0
-4.775	0.875	0
-4.775	0.925	0
-4.775	0.975	0
-4.775	1.025	0
-4.775	1.075	0
-4.775	1.125	0
-4.775	1.175	0
-4.775	1.225	0
-4.775	1.275	0
-4.775	1.325	0
-4.775	1.375	0
-4.775	1.425	0
-4.775	1.475	0
-4.775	1.525	0
-4.775	1.575	0
-4.775	1.625	0
-4.775	1.675	0
-4.775	1.725	0
-4.775	1.775	0
-4.775	1.825	0
-4.775	1.875	0
-4.775	1.925	0
-4.775	1.975	0
-4.775	2.025	0
-4.775	2.075	0
-4.775	2.125	0
-4.775	2.175	0
-4.775	2.225	0
-4.775	2.275	0
-4.775	2.325	0
-4.775	2.375	0
-4.775	2.425	0
-4.775	2.475	0
-4.775	2.525	0
-4.775	2.575	0
-4.775	2.625	0
-4.725	-1.975	0
-4.725	-1.925	0
-4.725	-1.875	0
-4.725	-1.825	0
-4.725	-1.775	0
-4.725	-1.725	0
-4.725	-1.675	0
-4.725	-1.625	0
-4.725	-1.575	0
-4.725	-1.525	0
-4.725	-1.475	0
-4.725	-1.425	0
-4.725	-1.375	0
-4.725	-1.325	0
-4.725	-1.275	0
-4.725	-1.225	0
-4.725	-1.175	0
-4.725	-1.125	0
-4.725	-1.075	0
-4.725	-1.025	0
-4.725	-0.975	0
-4.725	-0.925	0
-4.725	-0.875	0
-4.725	-0.825	0
-4.725	-0.775	0
-4.725	-0.725	0
-4.725	-0.675	0
-4.725	-0.625	0
-4.725	-0.575	0
-4.725	-0.525	0
-4.725	-0.475	0
-4.725	-0.425	0
-4.725	-0.375	0
-4.725	-0.325	0
-4.725	-0.275	0
-4.725	-0.225	0
-4.725	-0.175	0
-4.725	-0.125	0
-4.725	-0.0749999999999999	0
-4.725	-0.0249999999999999	0
-4.725	0.0250000000000001	0
-4.725	0.0750000000000001	0
-4.725	0.125	0
-4.725	0.175	0
-4.725	0.225	0
-4.725	0.275	0
-4.725	0.325	0
-4.725	0.375	0
-4.725	0.425	0
-4.725	0.475	0
-4.725	0.525	0
-4.725	0.575	0
-4.725	0.625	0
-4.725	0.675	0
-4.725	0.725	0
-4.725	0.775	0
-4.725	0.825	0
-4.725	0.875	0
-4.725	0.925	0
-4.725	0.975	0
-4.725	1.025	0
-4.725	1.075	0
-4.725	1.125	0
-4.725	1.175	0
-4.725	1.225	0
-4.725	1.275	0
-4.725	1.325	0
-4.725	1.375	0
-4.725	1.425	0
-4.725	1.475	0
-4.725	1.525	0
-4.725	1.575	0
-4.725	1.625	0
-4.725	1.675	0
-4.725	1.725	0
-4.725	1.775	0
-4.725	1.825	0
-4.725	1.875	0
-4.725	1.925	0
-4.725	1.975	0
-4.725	2.025	0
-4.725	2.075	0
-4.725	2.125	0
-4.725	2.175	0
-4.725	2.225	0
-4.725	2.275	0
-4.725	2.325	0
-4.725	2.375	0
-4.725	2.425	0
-4.725	2.475	0
-4.725	2.525	0
-4.725	2.575	0
-4.725	2.625	0
-4.675	-1.975	0
-4.675	-1.925	0
-4.675	-1.875	0
-4.675	-1.825	0
-4.675	-1.775	0
-4.675	-1.725	0
-4.675	-1.675	0
-4.675	-1.625	0
-4.675	-1.575	0
-4.675	-1.525	0
-4.675	-1.475	0
-4.675	-1.425	0
-4.675	-1.375	0
-4.675	-1.325	0
-4.675	-1.275	0
-4.675	-1.225	0
-4.675	-1.175	0
-4.675	-1.125	0
-4.675	-1.075	0
-4.675	-1.025	0
-4.675	-0.975	0
-4.675	-0.925	0
-4.675	-0.875	0
-4.675	-0.825	0
-4.675	-0.775	0
-4.675	-0.725	0
-4.675	-0.675	0
-4.675	-0.625	0
-4.675	-0.575	0
-4.675	-0.525	0
-4.675	-0.475	0
-4.675	-0.425	0
-4.675	-0.375	0
-4.675	-0.325	0
-4.675	-0.275	0
-4.675	-0.225	0
-4.675	-0.175	0
-4.675	-0.125	0
-4.675	-0.0749999999999999	0
-4.675	-0.0249999999999999	0
-4.675	0.0250000000000001	0
-4.675	0.0750000000000001	0
-4.675	0.125	0
-4.675	0.175	0
-4.675	0.225	0
-4.675	0.275	0
-4.675	0.325	0
-4.675	0.375	0
-4.675	0.425	0
-4.675	0.475	0
-4.675	0.525	0
-4.675	0.575	0
-4.675	0.625	0
-4.675	0.675	0
-4.675	0.725	0
-4.675	0.775	0
-4.675	0.825	0
-4.675	0.875	0
-4.675	0.925	0
-4.675	0.975	0
-4.675	1.025	0
-4.675	1.075	0
-4.675	1.125	0
-4.675	1.175	0
-4.675	1.225	0
-4.675	1.275	0
-4.675	1.325	0
-4.675	1.375	0
-4.675	1.425	0
-4.675	1.475	0
-4.675	1.525	0
-4.675	1.575	0
-4.675	1.625	0
-4.675	1.675	0
-4.675	1.725	0
-4.675	1.775	0
-4.675	1.825	0
-4.675	1.875	0
-4.675	1.925	0
-4.675	1.975	0
-4.675	2.025	0
-4.675	2.075	0
-4.675	2.125	0
-4.675	2.175	0
-4.675	2.225	0
-4.675	2.275	0
-4.675	2.325	0
-4.675	2.375	0
-4.675	2.425	0
-4.675	2.475	0
-4.675	2.525	0
-4.675	2.575	0
-4.675	2.625	0
-4.625	-1.975	0
-4.625	-1.925	0
-4.625	-1.875	0
-4.625	-1.825	0
-4.625	-1.775	0
-4.625	-1.725	0
-4.625	-1.675	0
-4.625	-1.625	0
-4.625	-1.575	0
-4.625	-1.525	0
-4.625	-1.475	0
-4.625	-1.425	0
-4.625	-1.375	0
-4.625	-1.325	0
-4.625	-1.275	0
-4.625	-1.225	0
-4.625	-1.175	0
-4.625	-1.125	0
-4.625	-1.075	0
-4.625	-1.025	0
-4.625	-0.975	0
-4.625	-0.925	0
-4.625	-0.875	0
-4.625	-0.825	0
-4.625	-0.775	0
-4.625	-0.725	0
-4.625	-0.675	0
-4.625	-0.625	0
-4.625	-0.575	0
-4.625	-0.525	0
-4.625	-0.475	0
-4.625	-0.425	0
-4.625	-0.375	0
-4.625	-0.325	0
-4.625	-0.275	0
-4.625	-0.225	0
-4.625	-0.175	0
-4.625	-0.125	0
-4.625	-0.0749999999999999	0
-4.625	-0.0249999999999999	0
-4.625	0.0250000000000001	0
-4.625	0.0750000000000001	0
-4.625	0.125	0
-4.625	0.175	0
-4.625	0.225	0
-4.625	0.275	0
-4.625	0.325	0
-4.625	0.375	0
-4.625	0.425	0
-4.625	0.475	0
-4.625	0.525	0
-4.625	0.575	0
-4.625	0.625	0
-4.625	0.675	0
-4.625	0.725	0
-4.625	0.775	0
-4.625	0.825	0
-4.625	0.875	0
-4.625	0.925	0
-4.625	0.975	0
-4.625	1.025	0
-4.625	1.075	0
-4.625	1.125	0
-4.625	1.175	0
-4.625	1.225	0
-4.625	1.275	0
-4.625	1.325	0
-4.625	1.375	0
-4.625	1.425	0
-4.625	1.475	0
-4.625	1.525	0
-4.625	1.575	0
-4.625	1.625	0
-4.625	1.675	0
-4.625	1.725	0
-4.625	1.775	0
-4.625	1.825	0
-4.625	1.875	0
-4.625	1.925	0
-4.625	1.975	0
-4.625	2.025	0
-4.625	2.075	0
-4.625	2.125	0
-4.625	2.175	0
-4.625	2.225	0
-4.625	2.275	0
-4.625	2.325	0
-4.625	2.375	0
-4.625	2.425	0
-4.625	2.475	0
-4.625	2.525	0
-4.625	2.575	0
-4.625	2.625	0
-4.575	-1.975	0
-4.575	-1.925	0
-4.575	-1.875	0
-4.575	-1.825	0
-4.575	-1.775	0
-4.575	-1.725	0
-4.575	-1.675	0
-4.575	-1.625	0
-4.575	-1.575	0
-4.575	-1.525	0
-4.575	-1.475	0
-4.575	-1.425	0
-4.575	-1.375	0
-4.575	-1.325	0
-4.575	-1.275	0
-4.575	-1.225	0
-4.575	-1.175	0
-4.575	-1.125	0
-4.575	-1.075	0
-4.575	-1.025	0
-4.575	-0.975	0
-4.575	-0.925	0
-4.575	-0.875	0
-4.575	-0.825	0
-4.575	-0.775	0
-4.575	-0.725	0
-4.575	-0.675	0
-4.575	-0.625	0
-4.575	-0.575	0
-4.575	-0.525	0
-4.575	-0.475	0
-4.575	-0.425	0
-4.575	-0.375	0
-4.575	-0.325	0
-4.575	-0.275	0
-4.575	-0.225	0
-4.575	-0.175	0
-4.575	-0.125	0
-4.575	-0.0749999999999999	0
-4.575	-0.0249999999999999	0
-4.575	0.0250000000000001	0
-4.575	0.0750000000000001	0
-4.575	0.125	0
-4.575	0.175	0
-4.575	0.225	0
-4.575	0.275	0
-4.575	0.325	0
-4.575	0.375	0
-4.575	0.425	0
-4.575	0.475	0
-4.575	0.525	0
-4.575	0.575	0
-4.575	0.625	0
-4.575	0.675	0
-4.575	0.725	0
-4.575	0.775	0
-4.575	0.825	0
-4.575	0.875	0
-4.575	0.925	0
-4.575	0.975	0
-4.575	1.025	0
-4.575	1.075	0
-4.575	1.125	0
-4.575	1.175	0
-4.575	1.225	0
-4.575	1.275	0
-4.575	1.325	0
-4.575	1.375	0
-4.575	1.425	0
-4.575	1.475	0
-4.575	1.525	0
-4.575	1.575	0
-4.575	1.625	0
-4.575	1.675	0
-4.575	1.725	0
-4.575	1.775	0
-4.575	1.825	0
-4.575	1.875	0
-4.575	1.925	0
-4.575	1.975	0
-4.575	2.025	0
-4.575	2.075	0
-4.575	2.125	0
-4.575	2.175	0
-4.575	2.225	0
-4.575	2.275	0
-4.575	2.325	0
-4.575	2.375	0
-4.575	2.425	0
-4.575	2.475	0
-4.575	2.525	0
-4.575	2.575	0
-4.575	2.625	0
-4.525	-1.975	0
-4.525	-1.925	0
-4.525	-1.875	0
-4.525	-1.825	0
-4.525	-1.775	0
-4.525	-1.725	0
-4.525	-1.675	0
-4.525	-1.625	0
-4.525	-1.575	0
-4.525	-1.525	0
-4.525	-1.475	0
-4.525	-1.425	0
-4.525	-1.375	0
-4.525	-1.325	0
-4.525	-1.275	0
-4.525	-1.225	0
-4.525	-1.175	0
-4.525	-1.125	0
-4.525	-1.075	0
-4.525	-1.025	0
-4.525	-0.975	0
-4.525	-0.925	0
-4.525	-0.875	0
-4.525	-0.825	0
-4.525	-0.775	0
-4.525	-0.725	0
-4.525	-0.675	0
-4.525	-0.625	0
-4.525	-0.575	0
-4.525	-0.525	0
-4.525	-0.475	0
-4.525	-0.425	0
-4.525	-0.375	0
-4.525	-0.325	0
-4.525	-0.275	0
-4.525	-0.225	0
-4.525	-0.175	0
-4.525	-0.125	0
-4.525	-0.0749999999999999	0
-4.525	-0.0249999999999999	0
-4.525	0.0250000000000001	0
-4.525	0.0750000000000001	0
-4.525	0.125	0
-4.525	0.175	0
-4.525	0.225	0
-4.525	0.275	0
-4.525	0.325	0
-4.525	0.375	0
-4.525	0.425	0
-4.525	0.475	0
-4.525	0.525	0
-4.525	0.575	0
-4.525	0.625	0
-4.525	0.675	0
-4.525	0.725	0
-4.525	0.775	0
-4.525	0.825	0
-4.525	0.875	0
-4.525	0.925	0
-4.525	0.975	0
-4.525	1.025	0
-4.525	1.075	0
-4.525	1.125	0
-4.525	1.175	0
-4.525	1.225	0
-4.525	1.275	0
-4.525	1.325	0
-4.525	1.375	0
-4.525	1.425	0
-4.525	1.475	0
-4.525	1.525	0
-4.525	1.575	0
-4.525	1.625	0
-4.525	1.675	0
-4.525	1.725	0
-4.525	1.775	0
-4.525	1.825	0
-4.525	1.875	0
-4.525	1.925	0
-4.525	1.975	0
-4.525	2.025	0
-4.525	2.075	0
-4.525	2.125	0
-4.525	2.175	0
-4.525	2.225	0
-4.525	2.275	0
-4.525	2.325	0
-4.525	2.375	0
-4.525	2.425	0
-4.525	2.475	0
-4.525	2.525	0
-4.525	2.575	0
-4.525	2.625	0
-4.475	-1.975	0
-4.475	-1.925	0
-4.475	-1.875	0
-4.475	-1.825	0
-4.475	-1.775	0
-4.475	-1.725	0
-4.475	-1.675	0
-4.475	-1.625	0
-4.475	-1.575	0
-4.475	-1.525	0
-4.475	-1.475	0
-4.475	-1.425	0
-4.475	-1.375	0
-4.475	-1.325	0
-4.475	-1.275	0
-4.475	-1.225	0
-4.475	-1.175	0
-4.475	-1.125	0
-4.475	-1.075	0
-4.475	-1.025	0
-4.475	-0.975	0
-4.475	-0.925	0
-4.475	-0.875	0
-4.475	-0.825	0
-4.475	-0.775	0
-4.475	-0.725	0
-4.475	-0.675	0
-4.475	-0.625	0
-4.475	-0.575	0
-4.475	-0.525	0
-4.475	-0.475	0
-4.475	-0.425	0
-4.475	-0.375	0
-4.475	-0.325	0
-4.475	-0.275	0
-4.475	-0.225	0
-4.475	-0.175	0
-4.475	-0.125	0
-4.475	-0.0749999999999999	0
-4.475	-0.0249999999999999	0
-4.475	0.0250000000000001	0
-4.475	0.0750000000000001	0
-4.475	0.125	0
-4.475	0.175	0
-4.475	0.225	0
-4.475	0.275	0
-4.475	0.325	0
-4.475	0.375	0
-4.475	0.425	0
-4.475	0.475	0
-4.475	0.525	0
-4.475	0.575	0
-4.475	0.625	0
-4.475	0.675	0
-4.475	0.725	0
-4.475	0.775	0
-4.475	0.825	0
-4.475	0.875	0
-4.475	0.925	0
-4.475	0.975	0
-4.475	1.025	0
-4.475	1.075	0
-4.475	1.125	0
-4.475	1.175	0
-4.475	1.225	0
-4.475	1.275	0
-4.475	1.325	0
-4.475	1.375	0
-4.475	1.425	0
-4.475	1.475	0
-4.475	1.525	0
-4.475	1.575	0
-4.475	1.625	0
-4.475	1.675	0
-4.475	1.725	0
-4.475	1.775	0
-4.475	1.825	0
-4.475	1.875	0
-4.475	1.925	0
-4.475	1.975	0
-4.475	2.025	0
-4.475	2.075	0
-4.475	2.125	0
-4.475	2.175	0
-4.475	2.225	0
-4.475	2.275	0
-4.475	2.325	0
-4.475	2.375	0
-4.475	2.425	0
-4.475	2.475	0
-4.475	2.525	0
-4.475	2.575	0
-4.475	2.625	0
-4.425	-1.975	0
-4.425	-1.925	0
-4.425	-1.875	0
-4.425	-1.825	0
-4.425	-1.775	0
-4.425	-1.725	0
-4.425	-1.675	0
-4.425	-1.625	0
-4.425	-1.575	0
-4.425	-1.525	0
-4.425	-1.475	0
-4.425	-1.425	0
-4.425	-1.375	0
-4.425	-1.325	0
-4.425	-1.275	0
-4.425	-1.225	0
-4.425	-1.175	0
-4.425	-1.125	0
-4.425	-1.075	0
-4.425	-1.025	0
-4.425	-0.975	0
-4.425	-0.925	0
-4.425	-0.875	0
-4.425	-0.825	0
-4.425	-0.775	0
-4.425	-0.725	0
-4.425	-0.675	0
-4.425	-0.625	0
-4.425	-0.575	0
-4.425	-0.525	0
-4.425	-0.475	0
-4.425	-0.425	0
-4.425	-0.375	0
-4.425	-0.325	0
-4.425	-0.275	0
-4.425	-0.225	0
-4.425	-0.175	0
-4.425	-0.125	0
-4.425	-0.0749999999999999	0
-4.425	-0.0249999999999999	0
-4.425	0.0250000000000001	0
-4.425	0.0750000000000001	0
-4.425	0.125	0
-4.425	0.175	0
-4.425	0.225	0
-4.425	0.275	0
-4.425	0.325	0
-4.425	0.375	0
-4.425	0.425	0
-4.425	0.475	0
-4.425	0.525	0
-4.425	0.575	0
-4.425	0.625	0
-4.425	0.675	0
-4.425	0.725	0
-4.425	0.775	0
-4.425	0.825	0
-4.425	0.875	0
-4.425	0.925	0
-4.425	0.975	0
-4.425	1.025	0
-4.425	1.075	0
-4.425	1.125	0
-4.425	1.175	0
-4.425	1.225	0
-4.425	1.275	0
-4.425	1.325	0
-4.425	1.375	0
-4.425	1.425	0
-4.425	1.475	0
-4.425	1.525	0
-4.425	1.575	0
-4.425	1.625	0
-4.425	1.675	0
-4.425	1.725	0
-4.425	1.775	0
-4.425	1.825	0
-4.425	1.875	0
-4.425	1.925	0
-4.425	1.975	0
-4.425	2.025	0
-4.425	2.075	0
-4.425	2.125	0
-4.425	2.175	0
-4.425	2.225	0
-4.425	2.275	0
-4.425	2.325	0
-4.425	2.375	0
-4.425	2.425	0
-4.425	2.475	0
-4.425	2.525	0
-4.425	2.575	0
-4.425	2.625	0
-4.375	-1.975	0
-4.375	-1.925	0
-4.375	-1.875	0
-4.375	-1.825	0
-4.375	-1.775	0
-4.375	-1.725	0
-4.375	-1.675	0
-4.375	-1.625	0
-4.375	-1.575	0
-4.375	-1.525	0
-4.375	-1.475	0
-4.375	-1.425	0
-4.375	-1.375	0
-4.375	-1.325	0
-4.375	-1.275	0
-4.375	-1.225	0
-4.375	-1.175	0
-4.375	-1.125	0
-4.375	-1.075	0
-4.375	-1.025	0
-4.375	-0.975	0
-4.375	-0.925	0
-4.375	-0.875	0
-4.375	-0.825	0
-4.375	-0.775	0
-4.375	-0.725	0
-4.375	-0.675	0
-4.375	-0.625	0
-4.375	-0.575	0
-4.375	-0.525	0
-4.375	-0.475	0
-4.375	-0.425	0
-4.375	-0.375	0
-4.375	-0.325	0
-4.375	-0.275	0
-4.375	-0.225	0
-4.375	-0.175	0
-4.375	-0.125	0
-4.375	-0.0749999999999999	0
-4.375	-0.0249999999999999	0
-4.375	0.0250000000000001	0
-4.375	0.0750000000000001	0
-4.375	0.125	0
-4.375	0.175	0
-4.375	0.225	0
-4.375	0.275	0
-4.375	0.325	0
-4.375	0.375	0
-4.375	0.425	0
-4.375	0.475	0
-4.375	0.525	0
-4.375	0.575	0
-4.375	0.625	0
-4.375	0.675	0
-4.375	0.725	0
-4.375	0.775	0
-4.375	0.825	0
-4.375	0.875	0
-4.375	0.925	0
-4.375	0.975	0
-4.375	1.025	0
-4.375	1.075	0
-4.375	1.125	0
-4.375	1.175	0
-4.375	1.225	0
-4.375	1.275	0
-4.375	1.325	0
-4.375	1.375	0
-4.375	1.425	0
-4.375	1.475	0
-4.375	1.525	0
-4.375	1.575	0
-4.375	1.625	0
-4.375	1.675	0
-4.375	1.725	0
-4.375	1.775	0
-4.375	1.825	0
-4.375	1.875	0
-4.375	1.925	0
-4.375	1.975	0
-4.375	2.025	0
-4.375	2.075	0
-4.375	2.125	0
-4.375	2.175	0
-4.375	2.225	0
-4.375	2.275	0
-4.375	2.325	0
-4.375	2.375	0
-4.375	2.425	0
-4.375	2.475	0
-4.375	2.525	0
-4.375	2.575	0
-4.375	2.625	0
-4.325	-1.975	0
-4.325	-1.925	0
-4.325	-1.875	0
-4.325	-1.825	0
-4.325	-1.775	0
-4.325	-1.725	0
-4.325	-1.675	0
-4.325	-1.625	0
-4.325	-1.575	0
-4.325	-1.525	0
-4.325	-1.475	0
-4.325	-1.425	0
-4.325	-1.375	0
-4.325	-1.325	0
-4.325	-1.275	0
-4.325	-1.225	0
-4.325	-1.175	0
-4.325	-1.125	0
-4.325	-1.075	0
-4.325	-1.025	0
-4.325	-0.975	0
-4.325	-0.925	0
-4.325	-0.875	0
-4.325	-0.825	0
-4.325	-0.775	0
-4.325	-0.725	0
-4.325	-0.675	0
-4.325	-0.625	0
-4.325	-0.575	0
-4.325	-0.525	0
-4.325	-0.475	0
-4.325	-0.425	0
-4.325	-0.375	0
-4.325	-0.325	0
-4.325	-0.275	0
-4.325	-0.225	0
-4.325	-0.175	0
-4.325	-0.125	0
-4.325	-0.0749999999999999	0
-4.325	-0.0249999999999999	0
-4.325	0.0250000000000001	0
-4.325	0.0750000000000001	0
-4.325	0.125	0
-4.325	0.175	0
-4.325	0.225	0
-4.325	0.275	0
-4.325	0.325	0
-4.325	0.375	0
-4.325	0.425	0
-4.325	0.475	0
-4.325	0.525	0
-4.325	0.575	0
-4.325	0.625	0
-4.325	0.675	0
-4.325	0.725	0
-4.325	0.775	0
-4.325	0.825	0
-4.325	0.875	0
-4.325	0.925	0
-4.325	0.975	0
-4.325	1.025	0
-4.325	1.075	0
-4.325	1.125	0
-4.325	1.175	0
-4.325	1.225	0
-4.325	1.275	0
-4.325	1.325	0
-4.325	1.375	0
-4.325	1.425	0
-4.325	1.475	0
-4.325	1.525	0
-4.325	1.575	0
-4.325	1.625	0
-4.325	1.675	0
-4.325	1.725	0
-4.325	1.775	0
-4.325	1.825	0
-4.325	1.875	0
-4.325	1.925	0
-4.325	1.975	0
-4.325	2.025	0
-4.325	2.075	0
-4.325	2.125	0
-4.325	2.175	0
-4.325	2.225	0
-4.325	2.275	0
-4.325	2.325	0
-4.325	2.375	0
-4.325	2.425	0
-4.325	2.475	0
-4.325	2.525	0
-4.325	2.575	0
-4.325	2.625	0
-4.275	-1.975	0
-4.275	-1.925	0
-4.275	-1.875	0
-4.275	-1.825	0
-4.275	-1.775	0
-4.275	-1.725	0
-4.275	-1.675	0
-4.275	-1.625	0
-4.275	-1.575	0
-4.275	-1.525	0
-4.275	-1.475	0
-4.275	-1.425	0
-4.275	-1.375	0
-4.275	-1.325	0
-4.275	-1.275	0
-4.275	-1.225	0
-4.275	-1.175	0
-4.275	-1.125	0
-4.275	-1.075	0
-4.275	-1.025	0
-4.275	-0.975	0
-4.275	-0.925	0
-4.275	-0.875	0
-4.275	-0.825	0
-4.275	-0.775	0
-4.275	-0.725	0
-4.275	-0.675	0
-4.275	-0.625	0
-4.275	-0.575	0
-4.275	-0.525	0
-4.275	-0.475	0
-4.275	-0.425	0
-4.275	-0.375	0
-4.275	-0.325	0
-4.275	-0.275	0
-4.275	-0.225	0
-4.275	-0.175	0
-4.275	-0.125	0
-4.275	-0.0749999999999999	0
-4.275	-0.0249999999999999	0
-4.275	0.0250000000000001	0
-4.275	0.0750000000000001	0
-4.275	0.125	0
-4.275	0.175	0
-4.275	0.225	0
-4.275	0.275	0
-4.275	0.325	0
-4.275	0.375	0
-4.275	0.425	0
-4.275	0.475	0
-4.275	0.525	0
-4.275	0.575	0
-4.275	0.625	0
-4.275	0.675	0
-4.275	0.725	0
-4.275	0.775	0
-4.275	0.825	0
-4.275	0.875	0
-4.275	0.925	0
-4.275	0.975	0
-4.275	1.025	0
-4.275	1.075	0
-4.275	1.125	0
-4.275	1.175	0
-4.275	1.225	0
-4.275	1.275	0
-4.275	1.325	0
-4.275	1.375	0
-4.275	1.425	0
-4.275	1.475	0
-4.275	1.525	0
-4.275	1.575	0
-4.275	1.625	0
-4.275	1.675	0
-4.275	1.725	0
-4.275	1.775	0
-4.275	1.825	0
-4.275	1.875	0
-4.275	1.925	0
-4.275	1.975	0
-4.275	2.025	0
-4.275	2.075	0
-4.275	2.125	0
-4.275	2.175	0
-4.275	2.225	0
-4.275	2.275	0
-4.275	2.325	0
-4.275	2.375	0
-4.275	2.425	0
-4.275	2.475	0
-4.275	2.525	0
-4.275	2.575	0
-4.275	2.625	0
-4.225	-1.975	0
-4.225	-1.925	0
-4.225	-1.875	0
-4.225	-1.825	0
-4.225	-1.775	0
-4.225	-1.725	0
-4.225	-1.675	0
-4.225	-1.625	0
-4.225	-1.575	0
-4.225	-1.525	0
-4.225	-1.475	0
-4.225	-1.425	0
-4.225	-1.375	0
-4.225	-1.325	0
-4.225	-1.275	0
-4.225	-1.225	0
-4.225	-1.175	0
-4.225	-1.125	0
-4.225	-1.075	0
-4.225	-1.025	0
-4.225	-0.975	0
-4.225	-0.925	0
-4.225	-0.875	0
-4.225	-0.825	0
-4.225	-0.775	0
-4.225	-0.725	0
-4.225	-0.675	0
-4.225	-0.625	0
-4.225	-0.575	0
-4.225	-0.525	0
-4.225	-0.475	0
-4.225	-0.425	0
-4.225	-0.375	0
-4.225	-0.325	0
-4.225	-0.275	0
-4.225	-0.225	0
-4.225	-0.175	0
-4.225	-0.125	0
-4.225	-0.0749999999999999	0
-4.225	-0.0249999999999999	0
-4.225	0.0250000000000001	0
-4.225	0.0750000000000001	0
-4.225	0.125	0
-4.225	0.175	0
-4.225	0.225	0
-4.225	0.275	0
-4.225	0.325	0
-4.225	0.375	0
-4.225	0.425	0
-4.225	0.475	0
-4.225	0.525	0
-4.225	0.575	0
-4.225	0.625	0
-4.225	0.675	0
-4.225	0.725	0
-4.225	0.775	0
-4.225	0.825	0
-4.225	0.875	0
-4.225	0.925	0
-4.225	0.975	0
-4.225	1.025	0
-4.225	1.075	0
-4.225	1.125	0
-4.225	1.175	0
-4.225	1.225	0
-4.225	1.275	0
-4.225	1.325	0
-4.225	1.375	0
-4.225	1.425	0
-4.225	1.475	0
-4.225	1.525	0
-4.225	1.575	0
-4.225	1.625	0
-4.225	1.675	0
-4.225	1.725	0
-4.225	1.775	0
-4.225	1.825	0
-4.225	1.875	0
-4.225	1.925	0
-4.225	1.975	0
-4.225	2.025	0
-4.225	2.075	0
-4.225	2.125	0
-4.225	2.175	0
-4.225	2.225	0
-4.225	2.275	0
-4.225	2.325	0
-4.225	2.375	0
-4.225	2.425	0
-4.225	2.475	0
-4.225	2.525	0
-4.225	2.575	0
-4.225	2.625	0
-4.175	-1.975	0
-4.175	-1.925	0
-4.175	-1.875	0
-4.175	-1.825	0
-4.175	-1.775	0
-4.175	-1.725	0
-4.175	-1.675	0
-4.175	-1.625	0
-4.175	-1.575	0
-4.175	-1.525	0
-4.175	-1.475	0
-4.175	-1.425	0
-4.175	-1.375	0
-4.175	-1.325	0
-4.175	-1.275	0
-4.175	-1.225	0
-4.175	-1.175	0
-4.175	-1.125	0
-4.175	-1.075	0
-4.175	-1.025	0
-4.175	-0.975	0
-4.175	-0.925	0
-4.175	-0.875	0
-4.175	-0.825	0
-4.175	-0.775	0
-4.175	-0.725	0
-4.175	-0.675	0
-4.175	-0.625	0
-4.175	-0.575	0
-4.175	-0.525	0
-4.175	-0.475	0
-4.175	-0.425	0
-4.175	-0.375	0
-4.175	-0.325	0
-4.175	-0.275	0
-4.175	-0.225	0
-4.175	-0.175	0
-4.175	-0.125	0
-4.175	-0.0749999999999999	0
-4.175	-0.0249999999999999	0
-4.175	0.0250000000000001	0
-4.175	0.0750000000000001	0
-4.175	0.125	0
-4.175	0.175	0
-4.175	0.225	0
-4.175	0.275	0
-4.175	0.325	0
-4.175	0.375	0
-4.175	0.425	0
-4.175	0.475	0
-4.175	0.525	0
-4.175	0.575	0
-4.175	0.625	0
-4.175	0.675	0
-4.175	0.725	0
-4.175	0.775	0
-4.175	0.825	0
-4.175	0.875	0
-4.175	0.925	0
-4.175	0.975	0
-4.175	1.025	0
-4.175	1.075	0
-4.175	1.125	0
-4.175	1.175	0
-4.175	1.225	0
-4.175	1.275	0
-4.175	1.325	0
-4.175	1.375	0
-4.175	1.425	0
-4.175	1.475	0
-4.175	1.525	0
-4.175	1.575	0
-4.175	1.625	0
-4.175	1.675	0
-4.175	1.725	0
-4.175	1.775	0
-4.175	1.825	0
-4.175	1.875	0
-4.175	1.925	0
-4.175	1.975	0
-4.175	2.025	0
-4.175	2.075	0
-4.175	2.125	0
-4.175	2.175	0
-4.175	2.225	0
-4.175	2.275	0
-4.175	2.325	0
-4.175	2.375	0
-4.175	2.425	0
-4.175	2.475	0
-4.175	2.525	0
-4.175	2.575	0
-4.175	2.625	0
-4.125	-1.975	0
-4.125	-1.925	0
-4.125	-1.875	0
-4.125	-1.825	0
-4.125	-1.775	0
-4.125	-1.725	0
-4.125	-1.675	0
-4.125	-1.625	0
-4.125	-1.575	0
-4.125	-1.525	0
-4.125	-1.475	0
-4.125	-1.425	0
-4.125	-1.375	0
-4.125	-1.325	0
-4.125	-1.275	0
-4.125	-1.225	0
-4.125	-1.175	0
-4.125	-1.125	0
-4.125	-1.075	0
-4.125	-1.025	0
-4.125	-0.975	0
-4.125	-0.925	0
-4.125	-0.875	0
-4.125	-0.825	0
-4.125	-0.775	0
-4.125	-0.725	0
-4.125	-0.675	0
-4.125	-0.625	0
-4.125	-0.575	0
-4.125	-0.525	0
-4.125	-0.475	0
-4.125	-0.425	0
-4.125	-0.375	0
-4.125	-0.325	0
-4.125	-0.275	0
-4.125	-0.225	0
-4.125	-0.175	0
-4.125	-0.125	0
-4.125	-0.0749999999999999	0
-4.125	-0.0249999999999999	0
-4.125	0.0250000000000001	0
-4.125	0.0750000000000001	0
-4.125	0.125	0
-4.125	0.175	0
-4.125	0.225	0
-4.125	0.275	0
-4.125	0.325	0
-4.125	0.375	0
-4.125	0.425	0
-4.125	0.475	0
-4.125	0.525	0
-4.125	0.575	0
-4.125	0.625	0
-4.125	0.675	0
-4.125	0.725	0
-4.125	0.775	0
-4.125	0.825	0
-4.125	0.875	0
-4.125	0.925	0
-4.125	0.975	0
-4.125	1.025	0
-4.125	1.075	0
-4.125	1.125	0
-4.125	1.175	0
-4.125	1.225	0
-4.125	1.275	0
-4.125	1.325	0
-4.125	1.375	0
-4.125	1.425	0
-4.125	1.475	0
-4.125	1.525	0
-4.125	1.575	0
-4.125	1.625	0
-4.125	1.675	0
-4.125	1.725	0
-4.125	1.775	0
-4.125	1.825	0
-4.125	1.875	0
-4.125	1.925	0
-4.125	1.975	0
-4.125	2.025	0
-4.125	2.075	0
-4.125	2.125	0
-4.125	2.175	0
-4.125	2.225	0
-4.125	2.275	0
-4.125	2.325	0
-4.125	2.375	0
-4.125	2.425	0
-4.125	2.475	0
-4.125	2.525	0
-4.125	2.575	0
-4.125	2.625	0
-4.075	-1.975	0
-4.075	-1.925	0
-4.075	-1.875	0
-4.075	-1.825	0
-4.075	-1.775	0
-4.075	-1.725	0
-4.075	-1.675	0
-4.075	-1.625	0
-4.075	-1.575	0
-4.075	-1.525	0
-4.075	-1.475	0
-4.075	-1.425	0
-4.075	-1.375	0
-4.075	-1.325	0
-4.075	-1.275	0
-4.075	-1.225	0
-4.075	-1.175	0
-4.075	-1.125	0
-4.075	-1.075	0
-4.075	-1.025	0
-4.075	-0.975	0
-4.075	-0.925	0
-4.075	-0.875	0
-4.075	-0.825	0
-4.075	-0.775	0
-4.075	-0.725	0
-4.075	-0.675	0
-4.075	-0.625	0
-4.075	-0.575	0
-4.075	-0.525	0
-4.075	-0.475	0
-4.075	-0.425	0
-4.075	-0.375	0
-4.075	-0.325	0
-4.075	-0.275	0
-4.075	-0.225	0
-4.075	-0.175	0
-4.075	-0.125	0
-4.075	-0.0749999999999999	0
-4.075	-0.0249999999999999	0
-4.075	0.0250000000000001	0
-4.075	0.0750000000000001	0
-4.075	0.125	0
-4.075	0.175	0
-4.075	0.225	0
-4.075	0.275	0
-4.075	0.325	0
-4.075	0.375	0
-4.075	0.425	0
-4.075	0.475	0
-4.075	0.525	0
-4.075	0.575	0
-4.075	0.625	0
-4.075	0.675	0
-4.075	0.725	0
-4.075	0.775	0
-4.075	0.825	0
-4.075	0.875	0
-4.075	0.925	0
-4.075	0.975	0
-4.075	1.025	0
-4.075	1.075	0
-4.075	1.125	0
-4.075	1.175	0
-4.075	1.225	0
-4.075	1.275	0
-4.075	1.325	0
-4.075	1.375	0
-4.075	1.425	0
-4.075	1.475	0
-4.075	1.525	0
-4.075	1.575	0
-4.075	1.625	0
-4.075	1.675	0
-4.075	1.725	0
-4.075	1.775	0
-4.075	1.825	0
-4.075	1.875	0
-4.075	1.925	0
-4.075	1.975	0
-4.075	2.025	0
-4.075	2.075	0
-4.075	2.125	0
-4.075	2.175	0
-4.075	2.225	0
-4.075	2.275	0
-4.075	2.325	0
-4.075	2.375	0
-4.075	2.425	0
-4.075	2.475	0
-4.075	2.525	0
-4.075	2.575	0
-4.075	2.625	0
-4.025	-1.975	0
-4.025	-1.925	0
-4.025	-1.875	0
-4.025	-1.825	0
-4.025	-1.775	0
-4.025	-1.725	0
-4.025	-1.675	0
-4.025	-1.625	0
-4.025	-1.575	0
-4.025	-1.525	0
-4.025	-1.475	0
-4.025	-1.425	0
-4.025	-1.375	0
-4.025	-1.325	0
-4.025	-1.275	0
-4.025	-1.225	0
-4.025	-1.175	0
-4.025	-1.125	0
-4.025	-1.075	0
-4.025	-1.025	0
-4.025	-0.975	0
-4.025	-0.925	0
-4.025	-0.875	0
-4.025	-0.825	0
-4.025	-0.775	0
-4.025	-0.725	0
-4.025	-0.675	0
-4.025	-0.625	0
-4.025	-0.575	0
-4.025	-0.525	0
-4.025	-0.475	0
-4.025	-0.425	0
-4.025	-0.375	0
-4.025	-0.325	0
-4.025	-0.275	0
-4.025	-0.225	0
-4.025	-0.175	0
-4.025	-0.125	0
-4.025	-0.0749999999999999	0
-4.025	-0.0249999999999999	0
-4.025	0.0250000000000001	0
-4.025	0.0750000000000001	0
-4.025	0.125	0
-4.025	0.175	0
-4.025	0.225	0
-4.025	0.275	0
-4.025	0.325	0
-4.025	0.375	0
-4.025	0.425	0
-4.025	0.475	0
-4.025	0.525	0
-4.025	0.575	0
-4.025	0.625	0
-4.025	0.675	0
-4.025	0.725	0
-4.025	0.775	0
-4.025	0.825	0
-4.025	0.875	0
-4.025	0.925	0
-4.025	0.975	0
-4.025	1.025	0
-4.025	1.075	0
-4.025	1.125	0
-4.025	1.175	0
-4.025	1.225	0
-4.025	1.275	0
-4.025	1.325	0
-4.025	1.375	0
-4.025	1.425	0
-4.025	1.475	0
-4.025	1.525	0
-4.025	1.575	0
-4.025	1.625	0
-4.025	1.675	0
-4.025	1.725	0
-4.025	1.775	0
-4.025	1.825	0
-4.025	1.875	0
-4.025	1.925	0
-4.025	1.975	0
-4.025	2.025	0
-4.025	2.075	0
-4.025	2.125	0
-4.025	2.175	0
-4.025	2.225	0
-4.025	2.275	0
-4.025	2.325	0
-4.025	2.375	0
-4.025	2.425	0
-4.025	2.475	0
-4.025	2.525	0
-4.025	2.575	0
-4.025	2.625	0
-3.975	-1.975	0
-3.975	-1.925	0
-3.975	-1.875	0
-3.975	-1.825	0
-3.975	-1.775	0
-3.975	-1.725	0
-3.975	-1.675	0
-3.975	-1.625	0
-3.975	-1.575	0
-3.975	-1.525	0
-3.975	-1.475	0
-3.975	-1.425	0
-3.975	-1.375	0
-3.975	-1.325	0
-3.975	-1.275	0
-3.975	-1.225	0
-3.975	-1.175	0
-3.975	-1.125	0
-3.975	-1.075	0
-3.975	-1.025	0
-3.975	-0.975	0
-3.975	-0.925	0
-3.975	-0.875	0
-3.975	-0.825	0
-3.975	-0.775	0
-3.975	-0.725	0
-3.975	-0.675	0
-3.975	-0.625	0
-3.975	-0.575	0
-3.975	-0.525	0
-3.975	-0.475	0
-3.975	-0.425	0
-3.975	-0.375	0
-3.975	-0.325	0
-3.975	-0.275	0
-3.975	-0.225	0
-3.975	-0.175	0
-3.975	-0.125	0
-3.975	-0.0749999999999999	0
-3.975	-0.0249999999999999	0
-3.975	0.0250000000000001	0
-3.975	0.0750000000000001	0
-3.975	0.125	0
-3.975	0.175	0
-3.975	0.225	0
-3.975	0.275	0
-3.975	0.325	0
-3.975	0.375	0
-3.975	0.425	0
-3.975	0.475	0
-3.975	0.525	0
-3.975	0.575	0
-3.975	0.625	0
-3.975	0.675	0
-3.975	0.725	0
-3.975	0.775	0
-3.975	0.825	0
-3.975	0.875	0
-3.975	0.925	0
-3.975	0.975	0
-3.975	1.025	0
-3.975	1.075	0
-3.975	1.125	0
-3.975	1.175	0
-3.975	1.225	0
-3.975	1.275	0
-3.975	1.325	0
-3.975	1.375	0
-3.975	1.425	0
-3.975	1.475	0
-3.975	1.525	0
-3.975	1.575	0
-3.975	1.625	0
-3.975	1.675	0
-3.975	1.725	10851626.1017298
-3.975	1.775	0
-3.975	1.825	0
-3.975	1.875	0
-3.975	1.925	0
-3.975	1.975	0
-3.975	2.025	0
-3.975	2.075	0
-3.975	2.125	0
-3.975	2.175	0
-3.975	2.225	0
-3.975	2.275	0
-3.975	2.325	0
-3.975	2.375	0
-3.975	2.425	0
-3.975	2.475	0
-3.975	2.525	0
-3.975	2.575	0
-3.975	2.625	0
-3.925	-1.975	0
-3.925	-1.925	0
-3.925	-1.875	0
-3.925	-1.825	0
-3.925	-1.775	0
-3.925	-1.725	0
-3.925	-1.675	0
-3.925	-1.625	0
-3.925	-1.575	0
-3.925	-1.525	0
-3.925	-1.475	0
-3.925	-1.425	0
-3.925	-1.375	0
-3.925	-1.325	0
-3.925	-1.275	0
-3.925	-1.225	0
-3.925	-1.175	0
-3.925	-1.125	0
-3.925	-1.075	0
-3.925	-1.025	0
-3.925	-0.975	0
-3.925	-0.925	0
-3.925	-0.875	0
-3.925	-0.825	0
-3.925	-0.775	0
-3.925	-0.725	0
-3.925	-0.675	0
-3.925	-0.625	0
-3.925	-0.575	0
-3.925	-0.525	0
-3.925	-0.475	0
-3.925	-0.425	0
-3.925	-0.375	0
-3.925	-0.325	0
-3.925	-0.275	0
-3.925	-0.225	0
-3.925	-0.175	0
-3.925	-0.125	0
-3.925	-0.0749999999999999	0
-3.925	-0.0249999999999999	0
-3.925	0.0250000000000001	0
-3.925	0.0750000000000001	0
-3.925	0.125	0
-3.925	0.175	0
-3.925	0.225	0
-3.925	0.275	0
-3.925	0.325	0
-3.925	0.375	0
-3.925	0.425	0
-3.925	0.475	0
-3.925	0.525	0
-3.925	0.575	0
-3.925	0.625	0
-3.925	0.675	0
-3.925	0.725	0
-3.925	0.775	0
-3.925	0.825	0
-3.925	0.875	0
-3.925	0.925	0
-3.925	0.975	0
-3.925	1.025	0
-3.925	1.075	0
-3.925	1.125	0
-3.925	1.175	0
-3.925	1.225	0
-3.925	1.275	0
-3.925	1.325	0
-3.925	1.375	0
-3.925	1.425	0
-3.925	1.475	0
-3.925	1.525	0
-3.925	1.575	0
-3.925	1.625	0
-3.925	1.675	0
-3.925	1.725	0
-3.925	1.775	10851626.1017298
-3.925	1.825	0
-3.925	1.875	0
-3.925	1.925	0
-3.925	1.975	0
-3.925	2.025	0
-3.925	2.075	0
-3.925	2.125	0
-3.925	2.175	0
-3.925	2.225	0
-3.925	2.275	0
-3.925	2.325	10851626.1017298
-3.925	2.375	0
-3.925	2.425	0
-3.925	2.475	0
-3.925	2.525	0
-3.925	2.575	0
-3.925	2.625	0
-3.875	-1.975	0
-3.875	-1.925	0
-3.875	-1.875	0
-3.875	-1.825	0
-3.875	-1.775	0
-3.875	-1.725	0
-3.875	-1.675	0
-3.875	-1.625	0
-3.875	-1.575	0
-3.875	-1.525	0
-3.875	-1.475	0
-3.875	-1.425	0
-3.875	-1.375	0
-3.875	-1.325	0
-3.875	-1.275	0
-3.875	-1.225	0
-3.875	-1.175	0
-3.875	-1.125	0
-3.875	-1.075	0
-3.875	-1.025	0
-3.875	-0.975	0
-3.875	-0.925	0
-3.875	-0.875	0
-3.875	-0.825	0
-3.875	-0.775	0
-3.875	-0.725	0
-3.875	-0.675	0
-3.875	-0.625	0
-3.875	-0.575	0
-3.875	-0.525	0
-3.875	-0.475	0
-3.875	-0.425	0
-3.875	-0.375	0
-3.875	-0.325	0
-3.875	-0.275	0
-3.875	-0.225	0
-3.875	-0.175	0
-3.875	-0.125	0
-3.875	-0.0749999999999999	0
-3.875	-0.0249999999999999	0
-3.875	0.0250000000000001	0
-3.875	0.0750000000000001	0
-3.875	0.125	0
-3.875	0.175	0
-3.875	0.225	0
-3.875	0.275	0
-3.875	0.325	0
-3.875	0.375	0
-3.875	0.425	0
-3.875	0.475	0
-3.875	0.525	0
-3.875	0.575	0
-3.875	0.625	0
-3.875	0.675	0
-3.875	0.725	0
-3.875	0.775	0
-3.875	0.825	0
-3.875	0.875	0
-3.875	0.925	0
-3.875	0.975	0
-3.875	1.025	0
-3.875	1.075	0
-3.875	1.125	0
-3.875	1.175	0
-3.875	1.225	0
-3.875	1.275	0
-3.875	1.325	0
-3.875	1.375	0
-3.875	1.425	0
-3.875	1.475	10851626.1017298
-3.875	1.525	0
-3.875	1.575	0
-3.875	1.625	0
-3.875	1.675	0
-3.875	1.725	0
-3.875	1.775	0
-3.875	1.825	0
-3.875	1.875	0
-3.875	1.925	0
-3.875	1.975	0
-3.875	2.025	0
-3.875	2.075	0
-3.875	2.125	0
-3.875	2.175	0
-3.875	2.225	0
-3.875	2.275	0
-3.875	2.325	0
-3.875	2.375	0
-3.875	2.425	0
-3.875	2.475	0
-3.875	2.525	0
-3.875	2.575	0
-3.875	2.625	0
-3.825	-1.975	0
-3.825	-1.925	0
-3.825	-1.875	0
-3.825	-1.825	0
-3.825	-1.775	0
-3.825	-1.725	0
-3.825	-1.675	0
-3.825	-1.625	0
-3.825	-1.575	0
-3.825	-1.525	0
-3.825	-1.475	0
-3.825	-1.425	0
-3.825	-1.375	0
-3.825	-1.325	0
-3.825	-1.275	0
-3.825	-1.225	0
-3.825	-1.175	0
-3.825	-1.125	0
-3.825	-1.075	0
-3.825	-1.025	0
-3.825	-0.975	0
-3.825	-0.925	0
-3.825	-0.875	0
-3.825	-0.825	0
-3.825	-0.775	0
-3.825	-0.725	0
-3.825	-0.675	0
-3.825	-0.625	0
-3.825	-0.575	0
-3.825	-0.525	0
-3.825	-0.475	0
-3.825	-0.425	0
-3.825	-0.375	0
-3.825	-0.325	0
-3.825	-0.275	0
-3.825	-0.225	0
-3.825	-0.175	0
-3.825	-0.125	0
-3.825	-0.0749999999999999	0
-3.825	-0.0249999999999999	0
-3.825	0.0250000000000001	0
-3.825	0.0750000000000001	0
-3.825	0.125	0
-3.825	0.175	0
-3.825	0.225	0
-3.825	0.275	0
-3.825	0.325	0
-3.825	0.375	0
-3.825	0.425	0
-3.825	0.475	0
-3.825	0.525	0
-3.825	0.575	0
-3.825	0.625	0
-3.825	0.675	0
-3.825	0.725	0
-3.825	0.775	0
-3.825	0.825	0
-3.825	0.875	0
-3.825	0.925	0
-3.825	0.975	0
-3.825	1.025	0
-3.825	1.075	0
-3.825	1.125	0
-3.825	1.175	0
-3.825	1.225	0
-3.825	1.275	0
-3.825	1.325	0
-3.825	1.375	0
-3.825	1.425	0
-3.825	1.475	0
-3.825	1.525	0
-3.825	1.575	0
-3.825	1.625	0
-3.825	1.675	0
-3.825	1.725	0
-3.825	1.775	0
-3.825	1.825	0
-3.825	1.875	0
-3.825	1.925	0
-3.825	1.975	0
-3.825	2.025	0
-3.825	2.075	0
-3.825	2.125	0
-3.825	2.175	0
-3.825	2.225	0
-3.825	2.275	0
-3.825	2.325	0
-3.825	2.375	0
-3.825	2.425	0
-3.825	2.475	0
-3.825	2.525	0
-3.825	2.575	0
-3.825	2.625	0
-3.775	-1.975	0
-3.775	-1.925	0
-3.775	-1.875	0
-3.775	-1.825	0
-3.775	-1.775	0
-3.775	-1.725	0
-3.775	-1.675	0
-3.775	-1.625	0
-3.775	-1.575	0
-3.775	-1.525	0
-3.775	-1.475	0
-3.775	-1.425	0
-3.775	-1.375	0
-3.775	-1.325	0
-3.775	-1.275	0
-3.775	-1.225	0
-3.775	-1.175	0
-3.775	-1.125	0
-3.775	-1.075	0
-3.775	-1.025	0
-3.775	-0.975	0
-3.775	-0.925	0
-3.775	-0.875	0
-3.775	-0.825	0
-3.775	-0.775	0
-3.775	-0.725	0
-3.775	-0.675	0
-3.775	-0.625	0
-3.775	-0.575	0
-3.775	-0.525	0
-3.775	-0.475	0
-3.775	-0.425	0
-3.775	-0.375	0
-3.775	-0.325	0
-3.775	-0.275	0
-3.775	-0.225	0
-3.775	-0.175	0
-3.775	-0.125	0
-3.775	-0.0749999999999999	0
-3.775	-0.0249999999999999	0
-3.775	0.0250000000000001	0
-3.775	0.0750000000000001	0
-3.775	0.125	0
-3.775	0.175	0
-3.775	0.225	0
-3.775	0.275	0
-3.775	0.325	0
-3.775	0.375	0
-3.775	0.425	0
-3.775	0.475	0
-3.775	0.525	0
-3.775	0.575	0
-3.775	0.625	0
-3.775	0.675	0
-3.775	0.725	0
-3.775	0.775	0
-3.775	0.825	0
-3.775	0.875	0
-3.775	0.925	0
-3.775	0.975	0
-3.775	1.025	0
-3.775	1.075	0
-3.775	1.125	0
-3.775	1.175	0
-3.775	1.225	0
-3.775	1.275	0
-3.775	1.325	0
-3.775	1.375	0
-3.775	1.425	0
-3.775	1.475	0
-3.775	1.525	0
-3.775	1.575	0
-3.775	1.625	0
-3.775	1.675	0
-3.775	1.725	0
-3.775	1.775	0
-3.775	1.825	0
-3.775	1.875	0
-3.775	1.925	0
-3.775	1.975	0
-3.775	2.025	0
-3.775	2.075	0
-3.775	2.125	0
-3.775	2.175	0
-3.775	2.225	0
-3.775	2.275	0
-3.775	2.325	0
-3.775	2.375	0
-3.775	2.425	0
-3.775	2.475	0
-3.775	2.525	0
-3.775	2.575	0
-3.775	2.625	0
-3.725	-1.975	0
-3.725	-1.925	0
-3.725	-1.875	0
-3.725	-1.825	0
-3.725	-1.775	0
-3.725	-1.725	0
-3.725	-1.675	0
-3.725	-1.625	0
-3.725	-1.575	0
-3.725	-1.525	0
-3.725	-1.475	0
-3.725	-1.425	0
-3.725	-1.375	0
-3.725	-1.325	0
-3.725	-1.275	0
-3.725	-1.225	0
-3.725	-1.175	0
-3.725	-1.125	0
-3.725	-1.075	0
-3.725	-1.025	0
-3.725	-0.975	0
-3.725	-0.925	0
-3.725	-0.875	0
-3.725	-0.825	0
-3.725	-0.775	0
-3.725	-0.725	0
-3.725	-0.675	0
-3.725	-0.625	0
-3.725	-0.575	0
-3.725	-0.525	0
-3.725	-0.475	0
-3.725	-0.425	0
-3.725	-0.375	0
-3.725	-0.325	0
-3.725	-0.275	0
-3.725	-0.225	0
-3.725	-0.175	0
-3.725	-0.125	0
-3.725	-0.0749999999999999	0
-3.725	-0.0249999999999999	0
-3.725	0.0250000000000001	0
-3.725	0.0750000000000001	0
-3.725	0.125	0
-3.725	0.175	0
-3.725	0.225	0
-3.725	0.275	0
-3.725	0.325	0
-3.725	0.375	0
-3.725	0.425	0
-3.725	0.475	0
-3.725	0.525	0
-3.725	0.575	0
-3.725	0.625	0
-3.725	0.675	0
-3.725	0.725	0
-3.725	0.775	0
-3.725	0.825	0
-3.725	0.875	0
-3.725	0.925	0
-3.725	0.975	0
-3.725	1.025	0
-3.725	1.075	0
-3.725	1.125	0
-3.725	1.175	0
-3.725	1.225	0
-3.725	1.275	0
-3.725	1.325	0
-3.725	1.375	0
-3.725	1.425	0
-3.725	1.475	0
-3.725	1.525	0
-3.725	1.575	0
-3.725	1.625	0
-3.725	1.675	0
-3.725	1.725	0
-3.725	1.775	0
-3.725	1.825	0
-3.725	1.875	0
-3.725	1.925	0
-3.725	1.975	0
-3.725	2.025	0
-3.725	2.075	0
-3.725	2.125	0
-3.725	2.175	21703252.20345961
-3.725	2.225	0
-3.725	2.275	0
-3.725	2.325	0
-3.725	2.375	0
-3.725	2.425	0
-3.725	2.475	0
-3.725	2.525	0
-3.725	2.575	0
-3.725	2.625	0
-3.675	-1.975	0
-3.675	-1.925	0
-3.675	-1.875	0
-3.675	-1.825	0
-3.675	-1.775	0
-3.675	-1.725	0
-3.675	-1.675	0
-3.675	-1.625	0
-3.675	-1.575	0
-3.675	-1.525	0
-3.675	-1.475	0
-3.675	-1.425	0
-3.675	-1.375	0
-3.675	-1.325	0
-3.675	-1.275	0
-3.675	-1.225	0
-3.675	-1.175	0
-3.675	-1.125	0
-3.675	-1.075	0
-3.675	-1.025	0
-3.675	-0.975	0
-3.675	-0.925	0
-3.675	-0.875	0
-3.675	-0.825	0
-3.675	-0.775	0
-3.675	-0.725	0
-3.675	-0.675	0
-3.675	-0.625	0
-3.675	-0.575	0
-3.675	-0.525	0
-3.675	-0.475	0
-3.675	-0.425	0
-3.675	-0.375	0
-3.675	-0.325	0
-3.675	-0.275	0
-3.675	-0.225	0
-3.675	-0.175	0
-3.675	-0.125	0
-3.675	-0.0749999999999999	0
-3.675	-0.0249999999999999	0
-3.675	0.0250000000000001	0
-3.675	0.0750000000000001	0
-3.675	0.125	0
-3.675	0.175	0
-3.675	0.225	0
-3.675	0.275	0
-3.675	0.325	0
-3.675	0.375	0
-3.675	0.425	0
-3.675	0.475	0
-3.675	0.525	0
-3.675	0.575	0
-3.675	0.625	0
-3.675	0.675	0
-3.675	0.725	0
-3.675	0.775	0
-3.675	0.825	0
-3.675	0.875	0
-3.675	0.925	0
-3.675	0.975	0
-3.675	1.025	0
-3.675	1.075	0
-3.675	1.125	0
-3.675	1.175	0
-3.675	1.225	0
-3.675	1.275	0
-3.675	1.325	0
-3.675	1.375	0
-3.675	1.425	0
-3.675	1.475	0
-3.675	1.525	0
-3.675	1.575	0
-3.675	1.625	0
-3.675	1.675	10851626.1017298
-3.675	1.725	0
-3.675	1.775	0
-3.675	1.825	0
-3.675	1.875	0
-3.675	1.925	0
-3.675	1.975	0
-3.675	2.025	0
-3.675	2.075	0
-3.675	2.125	0
-3.675	2.175	0
-3.675	2.225	0
-3.675	2.275	0
-3.675	2.325	0
-3.675	2.375	0
-3.675	2.425	0
-3.675	2.475	0
-3.675	2.525	0
-3.675	2.575	0
-3.675	2.625	0
-3.625	-1.975	0
-3.625	-1.925	0
-3.625	-1.875	0
-3.625	-1.825	0
-3.625	-1.775	0
-3.625	-1.725	0
-3.625	-1.675	0
-3.625	-1.625	0
-3.625	-1.575	0
-3.625	-1.525	0
-3.625	-1.475	0
-3.625	-1.425	0
-3.625	-1.375	0
-3.625	-1.325	0
-3.625	-1.275	0
-3.625	-1.225	0
-3.625	-1.175	0
-3.625	-1.125	0
-3.625	-1.075	0
-3.625	-1.025	0
-3.625	-0.975	0
-3.625	-0.925	0
-3.625	-0.875	0
-3.625	-0.825	0
-3.625	-0.775	0
-3.625	-0.725	0
-3.625	-0.675	0
-3.625	-0.625	0
-3.625	-0.575	0
-3.625	-0.525	0
-3.625	-0.475	0
-3.625	-0.425	0
-3.625	-0.375	0
-3.625	-0.325	0
-3.625	-0.275	0
-3.625	-0.225	0
-3.625	-0.175	0
-3.625	-0.125	0
-3.625	-0.0749999999999999	0
-3.625	-0.0249999999999999	0
-3.625	0.0250000000000001	0
-3.625	0.0750000000000001	0
-3.625	0.125	0
-3.625	0.175	0
-3.625	0.225	0
-3.625	0.275	0
-3.625	0.325	0
-3.625	0.375	0
-3.625	0.425	0
-3.625	0.475	0
-3.625	0.525	0
-3.625	0.575	0
-3.625	0.625	0
-3.625	0.675	0
-3.625	0.725	0
-3.625	0.775	0
-3.625	0.825	0
-3.625	0.875	0
-3.625	0.925	0
-3.625	0.975	0
-3.625	1.025	0
-3.625	1.075	0
-3.625	1.125	0
-3.625	1.175	0
-3.625	1.225	0
-3.625	1.275	0
-3.625	1.325	0
-3.625	1.375	0
-3.625	1.425	0
-3.625	1.475	0
-3.625	1.525	0
-3.625	1.575	0
-3.625	1.625	0
-3.625	1.675	0
-3.625	1.725	0
-3.625	1.775	0
-3.625	1.825	10851626.1017298
-3.625	1.875	0
-3.625	1.925	0
-3.625	1.975	0
-3.625	2.025	10851626.1017298
-3.625	2.075	0
-3.625	2.125	0
-3.625	2.175	0
-3.625	2.225	0
-3.625	2.275	0
-3.625	2.325	0
-3.625	2.375	0
-3.625	2.425	0
-3.625	2.475	0
-3.625	2.525	0
-3.625	2.575	0
-3.625	2.625	0
-3.575	-1.975	0
-3.575	-1.925	0
-3.575	-1.875	0
-3.575	-1.825	0
-3.575	-1.775	0
-3.575	-1.725	0
-3.575	-1.675	0
-3.575	-1.625	0
-3.575	-1.575	0
-3.575	-1.525	0
-3.575	-1.475	0
-3.575	-1.425	0
-3.575	-1.375	0
-3.575	-1.325	0
-3.575	-1.275	0
-3.575	-1.225	0
-3.575	-1.175	0
-3.575	-1.125	0
-3.575	-1.075	0
-3.575	-1.025	0
-3.575	-0.975	0
-3.575	-0.925	0
-3.575	-0.875	0
-3.575	-0.825	0
-3.575	-0.775	0
-3.575	-0.725	0
-3.575	-0.675	0
-3.575	-0.625	0
-3.575	-0.575	0
-3.575	-0.525	0
-3.575	-0.475	0
-3.575	-0.425	0
-3.575	-0.375	0
-3.575	-0.325	0
-3.575	-0.275	0
-3.575	-0.225	0
-3.575	-0.175	0
-3.575	-0.125	0
-3.575	-0.0749999999999999	0
-3.575	-0.0249999999999999	0
-3.575	0.0250000000000001	0
-3.575	0.0750000000000001	0
-3.575	0.125	0
-3.575	0.175	0
-3.575	0.225	0
-3.575	0.275	0
-3.575	0.325	0
-3.575	0.375	0
-3.575	0.425	0
-3.575	0.475	0
-3.575	0.525	0
-3.575	0.575	0
-3.575	0.625	0
-3.575	0.675	0
-3.575	0.725	0
-3.575	0.775	0
-3.575	0.825	0
-3.575	0.875	0
-3.575	0.925	0
-3.575	0.975	0
-3.575	1.025	0
-3.575	1.075	0
-3.575	1.125	0
-3.575	1.175	0
-3.575	1.225	0
-3.575	1.275	0
-3.575	1.325	0
-3.575	1.375	0
-3.575	1.425	0
-3.575	1.475	0
-3.575	1.525	0
-3.575	1.575	0
-3.575	1.625	0
-3.575	1.675	0
-3.575	1.725	0
-3.575	1.775	0
-3.575	1.825	0
-3.575	1.875	0
-3.575	1.925	0
-3.575	1.975	0
-3.575	2.025	10851626.1017298
-3.575	2.075	0
-3.575	2.125	0
-3.575	2.175	0
-3.575	2.225	0
-3.575	2.275	0
-3.575	2.325	10851626.1017298
-3.575	2.375	0
-3.575	2.425	0
-3.575	2.475	0
-3.575	2.525	0
-3.575	2.575	0
-3.575	2.625	0
-3.525	-1.975	0
-3.525	-1.925	0
-3.525	-1.875	0
-3.525	-1.825	0
-3.525	-1.775	0
-3.525	-1.725	0
-3.525	-1.675	0
-3.525	-1.625	0
-3.525	-1.575	0
-3.525	-1.525	0
-3.525	-1.475	0
-3.525	-1.425	0
-3.525	-1.375	0
-3.525	-1.325	0
-3.525	-1.275	0
-3.525	-1.225	0
-3.525	-1.175	0
-3.525	-1.125	0
-3.525	-1.075	0
-3.525	-1.025	0
-3.525	-0.975	0
-3.525	-0.925	0
-3.525	-0.875	0
-3.525	-0.825	0
-3.525	-0.775	0
-3.525	-0.725	0
-3.525	-0.675	0
-3.525	-0.625	0
-3.525	-0.575	0
-3.525	-0.525	0
-3.525	-0.475	0
-3.525	-0.425	0
-3.525	-0.375	0
-3.525	-0.325	0
-3.525	-0.275	0
-3.525	-0.225	0
-3.525	-0.175	0
-3.525	-0.125	0
-3.525	-0.0749999999999999	0
-3.525	-0.0249999999999999	0
-3.525	0.0250000000000001	0
-3.525	0.0750000000000001	0
-3.525	0.125	0
-3.525	0.175	0
-3.525	0.225	0
-3.525	0.275	0
-3.525	0.325	0
-3.525	0.375	0
-3.525	0.425	0
-3.525	0.475	0
-3.525	0.525	0
-3.525	0.575	0
-3.525	0.625	0
-3.525	0.675	0
-3.525	0.725	0
-3.525	0.775	0
-3.525	0.825	0
-3.525	0.875	0
-3.525	0.925	0
-3.525	0.975	0
-3.525	1.025	0
-3.525	1.075	0
-3.525	1.125	0
-3.525	1.175	0
-3.525	1.225	0
-3.525	1.275	0
-3.525	1.325	0
-3.525	1.375	0
-3.525	1.425	0
-3.525	1.475	0
-3.525	1.525	0
-3.525	1.575	10851626.1017298
-3.525	1.625	0
-3.525	1.675	0
-3.525	1.725	0
-3.525	1.775	0
-3.525	1.825	0
-3.525	1.875	0
-3.525	1.925	0
-3.525	1.975	10851626.1017298
-3.525	2.025	0
-3.525	2.075	0
-3.525	2.125	0
-3.525	2.175	0
-3.525	2.225	10851626.1017298
-3.525	2.275	0
-3.525	2.325	0
-3.525	2.375	10851626.1017298
-3.525	2.425	0
-3.525	2.475	0
-3.525	2.525	0
-3.525	2.575	0
-3.525	2.625	0
-3.475	-1.975	0
-3.475	-1.925	0
-3.475	-1.875	0
-3.475	-1.825	0
-3.475	-1.775	0
-3.475	-1.725	0
-3.475	-1.675	0
-3.475	-1.625	0
-3.475	-1.575	0
-3.475	-1.525	0
-3.475	-1.475	0
-3.475	-1.425	0
-3.475	-1.375	0
-3.475	-1.325	0
-3.475	-1.275	0
-3.475	-1.225	0
-3.475	-1.175	0
-3.475	-1.125	0
-3.475	-1.075	0
-3.475	-1.025	0
-3.475	-0.975	0
-3.475	-0.925	0
-3.475	-0.875	0
-3.475	-0.825	0
-3.475	-0.775	0
-3.475	-0.725	0
-3.475	-0.675	0
-3.475	-0.625	0
-3.475	-0.575	0
-3.475	-0.525	0
-3.475	-0.475	0
-3.475	-0.425	0
-3.475	-0.375	0
-3.475	-0.325	0
-3.475	-0.275	0
-3.475	-0.225	0
-3.475	-0.175	0
-3.475	-0.125	0
-3.475	-0.0749999999999999	0
-3.475	-0.0249999999999999	0
-3.475	0.0250000000000001	0
-3.475	0.0750000000000001	0
-3.475	0.125	0
-3.475	0.175	0
-3.475	0.225	0
-3.475	0.275	0
-3.475	0.325	0
-3.475	0.375	0
-3.475	0.425	0
-3.475	0.475	0
-3.475	0.525	0
-3.475	0.575	0
-3.475	0.625	0
-3.475	0.675	0
-3.475	0.725	0
-3.475	0.775	0
-3.475	0.825	0
-3.475	0.875	0
-3.475	0.925	0
-3.475	0.975	0
-3.475	1.025	0
-3.475	1.075	0
-3.475	1.125	0
-3.475	1.175	0
-3.475	1.225	0
-3.475	1.275	0
-3.475	1.325	10851626.1017298
-3.475	1.375	0
-3.475	1.425	0
-3.475	1.475	0
-3.475	1.525	0
-3.475	1.575	0
-3.475	1.625	0
-3.475	1.675	0
-3.475	1.725	0
-3.475	1.775	0
-3.475	1.825	10851626.1017298
-3.475	1.875	0
-3.475	1.925	0
-3.475	1.975	0
-3.475	2.025	10851626.1017298
-3.475	2.075	0
-3.475	2.125	0
-3.475	2.175	0
-3.475	2.225	0
-3.475	2.275	0
-3.475	2.325	0
-3.475	2.375	0
-3.475	2.425	0
-3.475	2.475	0
-3.475	2.525	0
-3.475	2.575	0
-3.475	2.625	0
-3.425	-1.975	0
-3.425	-1.925	0
-3.425	-1.875	0
-3.425	-1.825	0
-3.425	-1.775	0
-3.425	-1.725	0
-3.425	-1.675	0
-3.425	-1.625	0
-3.425	-1.575	0
-3.425	-1.525	0
-3.425	-1.475	0
-3.425	-1.425	0
-3.425	-1.375	0
-3.425	-1.325	0
-3.425	-1.275	0
-3.425	-1.225	0
-3.425	-1.175	0
-3.425	-1.125	0
-3.425	-1.075	0
-3.425	-1.025	0
-3.425	-0.975	0
-3.425	-0.925	0
-3.425	-0.875	0
-3.425	-0.825	0
-3.425	-0.775	0
-3.425	-0.725	0
-3.425	-0.675	0
-3.425	-0.625	0
-3.425	-0.575	0
-3.425	-0.525	0
-3.425	-0.475	0
-3.425	-0.425	0
-3.425	-0.375	0
-3.425	-0.325	0
-3.425	-0.275	0
-3.425	-0.225	0
-3.425	-0.175	0
-3.425	-0.125	0
-3.425	-0.0749999999999999	0
-3.425	-0.0249999999999999	0
-3.425	0.0250000000000001	0
-3.425	0.0750000000000001	0
-3.425	0.125	0
-3.425	0.175	0
-3.425	0.225	0
-3.425	0.275	0
-3.425	0.325	0
-3.425	0.375	0
-3.425	0.425	0
-3.425	0.475	0
-3.425	0.525	0
-3.425	0.575	0
-3.425	0.625	0
-3.425	0.675	0
-3.425	0.725	0
-3.425	0.775	0
-3.425	0.825	0
-3.425	0.875	0
-3.425	0.925	0
-3.425	0.975	0
-3.425	1.025	0
-3.425	1.075	0
-3.425	1.125	0
-3.425	1.175	0
-3.425	1.225	0
-3.425	1.275	0
-3.425	1.325	10851626.1017298
-3.425	1.375	0
-3.425	1.425	0
-3.425	1.475	0
-3.425	1.525	10851626.1017298
-3.425	1.575	0
-3.425	1.625	0
-3.425	1.675	0
-3.425	1.725	10851626.1017298
-3.425	1.775	0
-3.425	1.825	0
-3.425	1.875	0
-3.425	1.925	0
-3.425	1.975	0
-3.425	2.025	0
-3.425	2.075	10851626.1017298
-3.425	2.125	0
-3.425	2.175	0
-3.425	2.225	0
-3.425	2.275	0
-3.425	2.325	0
-3.425	2.375	0
-3.425	2.425	0
-3.425	2.475	0
-3.425	2.525	0
-3.425	2.575	0
-3.425	2.625	0
-3.375	-1.975	0
-3.375	-1.925	0
-3.375	-1.875	0
-3.375	-1.825	0
-3.375	-1.775	0
-3.375	-1.725	0
-3.375	-1.675	0
-3.375	-1.625	0
-3.375	-1.575	0
-3.375	-1.525	0
-3.375	-1.475	0
-3.375	-1.425	0
-3.375	-1.375	0
-3.375	-1.325	0
-3.375	-1.275	0
-3.375	-1.225	0
-3.375	-1.175	0
-3.375	-1.125	0
-3.375	-1.075	0
-3.375	-1.025	0
-3.375	-0.975	0
-3.375	-0.925	0
-3.375	-0.875	0
-3.375	-0.825	0
-3.375	-0.775	0
-3.375	-0.725	0
-3.375	-0.675	0
-3.375	-0.625	0
-3.375	-0.575	0
-3.375	-0.525	0
-3.375	-0.475	0
-3.375	-0.425	0
-3.375	-0.375	0
-3.375	-0.325	0
-3.375	-0.275	0
-3.375	-0.225	0
-3.375	-0.175	0
-3.375	-0.125	0
-3.375	-0.0749999999999999	0
-3.375	-0.0249999999999999	0
-3.375	0.0250000000000001	0
-3.375	0.0750000000000001	0
-3.375	0.125	0
-3.375	0.175	0
-3.375	0.225	0
-3.375	0.275	0
-3.375	0.325	0
-3.375	0.375	0
-3.375	0.425	0
-3.375	0.475	0
-3.375	0.525	0
-3.375	0.575	0
-3.375	0.625	0
-3.375	0.675	0
-3.375	0.725	0
-3.375	0.775	0
-3.375	0.825	0
-3.375	0.875	0
-3.375	0.925	0
-3.375	0.975	0
-3.375	1.025	0
-3.375	1.075	0
-3.375	1.125	0
-3.375	1.175	0
-3.375	1.225	0
-3.375	1.275	0
-3.375	1.325	0
-3.375	1.375	0
-3.375	1.425	10851626.1017298
-3.375	1.475	0
-3.375	1.525	0
-3.375	1.575	0
-3.375	1.625	0
-3.375	1.675	0
-3.375	1.725	0
-3.375	1.775	10851626.1017298
-3.375	1.825	0
-3.375	1.875	0
-3.375	1.925	10851626.1017298
-3.375	1.975	0
-3.375	2.025	0
-3.375	2.075	0
-3.375	2.125	0
-3.375	2.175	0
-3.375	2.225	10851626.1017298
-3.375	2.275	0
-3.375	2.325	0
-3.375	2.375	10851626.1017298
-3.375	2.425	0
-3.375	2.475	0
-3.375	2.525	0
-3.375	2.575	0
-3.375	2.625	0
-3.325	-1.975	0
-3.325	-1.925	0
-3.325	-1.875	0
-3.325	-1.825	0
-3.325	-1.775	0
-3.325	-1.725	0
-3.325	-1.675	0
-3.325	-1.625	0
-3.325	-1.575	0
-3.325	-1.525	0
-3.325	-1.475	0
-3.325	-1.425	0
-3.325	-1.375	0
-3.325	-1.325	0
-3.325	-1.275	0
-3.325	-1.225	0
-3.325	-1.175	0
-3.325	-1.125	0
-3.325	-1.075	0
-3.325	-1.025	0
-3.325	-0.975	0
-3.325	-0.925	0
-3.325	-0.875	0
-3.325	-0.825	0
-3.325	-0.775	0
-3.325	-0.725	0
-3.325	-0.675	0
-3.325	-0.625	0
-3.325	-0.575	0
-3.325	-0.525	0
-3.325	-0.475	0
-3.325	-0.425	0
-3.325	-0.375	0
-3.325	-0.325	0
-3.325	-0.275	0
-3.325	-0.225	0
-3.325	-0.175	0
-3.325	-0.125	0
-3.325	-0.0749999999999999	0
-3.325	-0.0249999999999999	0
-3.325	0.0250000000000001	0
-3.325	0.0750000000000001	0
-3.325	0.125	0
-3.325	0.175	0
-3.325	0.225	0
-3.325	0.275	0
-3.325	0.325	0
-3.325	0.375	0
-3.325	0.425	0
-3.325	0.475	0
-3.325	0.525	0
-3.325	0.575	0
-3.325	0.625	0
-3.325	0.675	10851626.1017298
-3.325	0.725	0
-3.325	0.775	0
-3.325	0.825	0
-3.325	0.875	0
-3.325	0.925	0
-3.325	0.975	0
-3.325	1.025	0
-3.325	1.075	0
-3.325	1.125	10851626.1017298
-3.325	1.175	0
-3.325	1.225	10851626.1017298
-3.325	1.275	0
-3.325	1.325	0
-3.325	1.375	0
-3.325	1.425	0
-3.325	1.475	0
-3.325	1.525	0
-3.325	1.575	0
-3.325	1.625	0
-3.325	1.675	32554878.30518941
-3.325	1.725	32554878.30518941
-3.325	1.775	10851626.1017298
-3.325	1.825	0
-3.325	1.875	32554878.30518941
-3.325	1.925	0
-3.325	1.975	0
-3.325	2.025	10851626.1017298
-3.325	2.075	0
-3.325	2.125	0
-3.325	2.175	10851626.1017298
-3.325	2.225	0
-3.325	2.275	0
-3.325	2.325	0
-3.325	2.375	0
-3.325	2.425	0
-3.325	2.475	0
-3.325	2.525	0
-3.325	2.575	0
-3.325	2.625	0
-3.275	-1.975	0
-3.275	-1.925	0
-3.275	-1.875	0
-3.275	-1.825	0
-3.275	-1.775	0
-3.275	-1.725	0
-3.275	-1.675	0
-3.275	-1.625	0
-3.275	-1.575	0
-3.275	-1.525	0
-3.275	-1.475	0
-3.275	-1.425	0
-3.275	-1.375	0
-3.275	-1.325	0
-3.275	-1.275	0
-3.275	-1.225	0
-3.275	-1.175	0
-3.275	-1.125	0
-3.275	-1.075	0
-3.275	-1.025	0
-3.275	-0.975	0
-3.275	-0.925	0
-3.275	-0.875	0
-3.275	-0.825	0
-3.275	-0.775	0
-3.275	-0.725	0
-3.275	-0.675	0
-3.275	-0.625	0
-3.275	-0.575	0
-3.275	-0.525	0
-3.275	-0.475	0
-3.275	-0.425	0
-3.275	-0.375	0
-3.275	-0.325	0
-3.275	-0.275	0
-3.275	-0.225	0
-3.275	-0.175	0
-3.275	-0.125	0
-3.275	-0.0749999999999999	0
-3.275	-0.0249999999999999	0
-3.275	0.0250000000000001	0
-3.275	0.0750000000000001	0
-3.275	0.125	0
-3.275	0.175	0
-3.275	0.225	0
-3.275	0.275	0
-3.275	0.325	0
-3.275	0.375	0
-3.275	0.425	0
-3.275	0.475	0
-3.275	0.525	0
-3.275	0.575	0
-3.275	0.625	0
-3.275	0.675	0
-3.275	0.725	0
-3.275	0.775	0
-3.275	0.825	0
-3.275	0.875	0
-3.275	0.925	10851626.1017298
-3.275	0.975	0
-3.275	1.025	0
-3.275	1.075	0
-3.275	1.125	0
-3.275	1.175	0
-3.275	1.225	21703252.20345961
-3.275	1.275	0
-3.275	1.325	10851626.1017298
-3.275	1.375	0
-3.275	1.425	0
-3.275	1.475	10851626.1017298
-3.275	1.525	10851626.1017298
-3.275	1.575	10851626.1017298
-3.275	1.625	0
-3.275	1.675	10851626.1017298
-3.275	1.725	10851626.1017298
-3.275	1.775	0
-3.275	1.825	0
-3.275	1.875	10851626.1017298
-3.275	1.925	10851626.1017298
-3.275	1.975	10851626.1017298
-3.275	2.025	10851626.1017298
-3.275	2.075	10851626.1017298
-3.275	2.125	0
-3.275	2.175	0
-3.275	2.225	10851626.1017298
-3.275	2.275	10851626.1017298
-3.275	2.325	0
-3.275	2.375	0
-3.275	2.425	10851626.1017298
-3.275	2.475	10851626.1017298
-3.275	2.525	0
-3.275	2.575	0
-3.275	2.625	0
-3.225	-1.975	0
-3.225	-1.925	0
-3.225	-1.875	0
-3.225	-1.825	0
-3.225	-1.775	0
-3.225	-1.725	0
-3.225	-1.675	0
-3.225	-1.625	0
-3.225	-1.575	0
-3.225	-1.525	0
-3.225	-1.475	0
-3.225	-1.425	0
-3.225	-1.375	0
-3.225	-1.325	0
-3.225	-1.275	0
-3.225	-1.225	0
-3.225	-1.175	0
-3.225	-1.125	0
-3.225	-1.075	0
-3.225	-1.025	0
-3.225	-0.975	0
-3.225	-0.925	0
-3.225	-0.875	0
-3.225	-0.825	0
-3.225	-0.775	0
-3.225	-0.725	0
-3.225	-0.675	0
-3.225	-0.625	0
-3.225	-0.575	0
-3.225	-0.525	0
-3.225	-0.475	0
-3.225	-0.425	0
-3.225	-0.375	0
-3.225	-0.325	0
-3.225	-0.275	0
-3.225	-0.225	0
-3.225	-0.175	0
-3.225	-0.125	0
-3.225	-0.0749999999999999	0
-3.225	-0.0249999999999999	0
-3.225	0.0250000000000001	0
-3.225	0.0750000000000001	0
-3.225	0.125	0
-3.225	0.175	0
-3.225	0.225	0
-3.225	0.275	0
-3.225	0.325	0
-3.225	0.375	0
-3.225	0.425	0
-3.225	0.475	0
-3.225	0.525	0
-3.225	0.575	0
-3.225	0.625	10851626.1017298
-3.225	0.675	0
-3.225	0.725	0
-3.225	0.775	0
-3.225	0.825	0
-3.225	0.875	0
-3.225	0.925	0
-3.225	0.975	10851626.1017298
-3.225	1.025	0
-3.225	1.075	0
-3.225	1.125	0
-3.225	1.175	0
-3.225	1.225	0
-3.225	1.275	0
-3.225	1.325	0
-3.225	1.375	0
-3.225	1.425	0
-3.225	1.475	0
-3.225	1.525	0
-3.225	1.575	0
-3.225	1.625	21703252.20345961
-3.225	1.675	0
-3.225	1.725	10851626.1017298
-3.225	1.775	0
-3.225	1.825	0
-3.225	1.875	21703252.20345961
-3.225	1.925	10851626.1017298
-3.225	1.975	0
-3.225	2.025	0
-3.225	2.075	10851626.1017298
-3.225	2.125	32554878.30518941
-3.225	2.175	10851626.1017298
-3.225	2.225	0
-3.225	2.275	0
-3.225	2.325	0
-3.225	2.375	0
-3.225	2.425	10851626.1017298
-3.225	2.475	0
-3.225	2.525	0
-3.225	2.575	0
-3.225	2.625	0
-3.175	-1.975	0
-3.175	-1.925	0
-3.175	-1.875	0
-3.175	-1.825	0
-3.175	-1.775	0
-3.175	-1.725	0
-3.175	-1.675	0
-3.175	-1.625	0
-3.175	-1.575	0
-3.175	-1.525	0
-3.175	-1.475	0
-3.175	-1.425	0
-3.175	-1.375	0
-3.175	-1.325	0
-3.175	-1.275	0
-3.175	-1.225	0
-3.175	-1.175	0
-3.175	-1.125	0
-3.175	-1.075	0
-3.175	-1.025	0
-3.175	-0.975	0
-3.175	-0.925	0
-3.175	-0.875	0
-3.175	-0.825	0
-3.175	-0.775	0
-3.175	-0.725	0
-3.175	-0.675	0
-3.175	-0.625	0
-3.175	-0.575	0
-3.175	-0.525	0
-3.175	-0.475	0
-3.175	-0.425	0
-3.175	-0.375	0
-3.175	-0.325	0
-3.175	-0.275	0
-3.175	-0.225	0
-3.175	-0.175	0
-3.175	-0.125	0
-3.175	-0.0749999999999999	0
-3.175	-0.0249999999999999	0
-3.175	0.0250000000000001	0
-3.175	0.0750000000000001	0
-3.175	0.125	0
-3.175	0.175	0
-3.175	0.225	0
-3.175	0.275	0
-3.175	0.325	0
-3.175	0.375	0
-3.175	0.425	10851626.1017298
-3.175	0.475	0
-3.175	0.525	0
-3.175	0.575	0
-3.175	0.625	0
-3.175	0.675	0
-3.175	0.725	0
-3.175	0.775	0
-3.175	0.825	0
-3.175	0.875	0
-3.175	0.925	0
-3.175	0.975	0
-3.175	1.025	0
-3.175	1.075	0
-3.175	1.125	0
-3.175	1.175	21703252.20345961
-3.175	1.225	0
-3.175	1.275	10851626.1017298
-3.175	1.325	0
-3.175	1.375	0
-3.175	1.425	10851626.1017298
-3.175	1.475	21703252.20345961
-3.175	1.525	0
-3.175	1.575	10851626.1017298
-3.175	1.625	10851626.1017298
-3.175	1.675	0
-3.175	1.725	10851626.1017298
-3.175	1.775	0
-3.175	1.825	0
-3.175	1.875	0
-3.175	1.925	32554878.30518941
-3.175	1.975	0
-3.175	2.025	21703252.20345961
-3.175	2.075	10851626.1017298
-3.175	2.125	21703252.20345961
-3.175	2.175	10851626.1017298
-3.175	2.225	21703252.20345961
-3.175	2.275	0
-3.175	2.325	10851626.1017298
-3.175	2.375	0
-3.175	2.425	0
-3.175	2.475	0
-3.175	2.525	0
-3.175	2.575	0
-3.175	2.625	0
-3.125	-1.975	0
-3.125	-1.925	0
-3.125	-1.875	0
-3.125	-1.825	0
-3.125	-1.775	0
-3.125	-1.725	0
-3.125	-1.675	0
-3.125	-1.625	0
-3.125	-1.575	0
-3.125	-1.525	0
-3.125	-1.475	0
-3.125	-1.425	0
-3.125	-1.375	0
-3.125	-1.325	0
-3.125	-1.275	0
-3.125	-1.225	0
-3.125	-1.175	0
-3.125	-1.125	0
-3.125	-1.075	0
-3.125	-1.025	0
-3.125	-0.975	0
-3.125	-0.925	0
-3.125	-0.875	0
-3.125	-0.825	0
-3.125	-0.775	0
-3.125	-0.725	0
-3.125	-0.675	0
-3.125	-0.625	0
-3.125	-0.575	0
-3.125	-0.525	0
-3.125	-0.475	0
-3.125	-0.425	0
-3.125	-0.375	0
-3.125	-0.325	0
-3.125	-0.275	0
-3.125	-0.225	0
-3.125	-0.175	0
-3.125	-0.125	0
-3.125	-0.0749999999999999	0
-3.125	-0.0249999999999999	0
-3.125	0.0250000000000001	0
-3.125	0.0750000000000001	0
-3.125	0.125	0
-3.125	0.175	0
-3.125	0.225	0
-3.125	0.275	0
-3.125	0.325	0
-3.125	0.375	0
-3.125	0.425	0
-3.125	0.475	0
-3.125	0.525	0
-3.125	0.575	0
-3.125	0.625	0
-3.125	0.675	0
-3.125	0.725	0
-3.125	0.775	0
-3.125	0.825	0
-3.125	0.875	10851626.1017298
-3.125	0.925	10851626.1017298
-3.125	0.975	32554878.30518941
-3.125	1.025	0
-3.125	1.075	0
-3.125	1.125	21703252.20345961
-3.125	1.175	21703252.20345961
-3.125	1.225	0
-3.125	1.275	0
-3.125	1.325	0
-3.125	1.375	0
-3.125	1.425	10851626.1017298
-3.125	1.475	0
-3.125	1.525	0
-3.125	1.575	21703252.20345961
-3.125	1.625	0
-3.125	1.675	0
-3.125	1.725	0
-3.125	1.775	10851626.1017298
-3.125	1.825	32554878.30518941
-3.125	1.875	21703252.20345961
-3.125	1.925	0
-3.125	1.975	43406504.40691921
-3.125	2.025	21703252.20345961
-3.125	2.075	0
-3.125	2.125	21703252.20345961
-3.125	2.175	0
-3.125	2.225	0
-3.125	2.275	0
-3.125	2.325	10851626.1017298
-3.125	2.375	0
-3.125	2.425	0
-3.125	2.475	0
-3.125	2.525	0
-3.125	2.575	0
-3.125	2.625	0
-3.075	-1.975	0
-3.075	-1.925	0
-3.075	-1.875	0
-3.075	-1.825	0
-3.075	-1.775	0
-3.075	-1.725	0
-3.075	-1.675	0
-3.075	-1.625	0
-3.075	-1.575	0
-3.075	-1.525	0
-3.075	-1.475	0
-3.075	-1.425	0
-3.075	-1.375	0
-3.075	-1.325	0
-3.075	-1.275	0
-3.075	-1.225	0
-3.075	-1.175	0
-3.075	-1.125	0
-3.075	-1.075	0
-3.075	-1.025	0
-3.075	-0.975	0
-3.075	-0.925	0
-3.075	-0.875	0
-3.075	-0.825	0
-3.075	-0.775	0
-3.075	-0.725	0
-3.075	-0.675	0
-3.075	-0.625	0
-3.075	-0.575	0
-3.075	-0.525	0
-3.075	-0.475	0
-3.075	-0.425	0
-3.075	-0.375	0
-3.075	-0.325	0
-3.075	-0.275	0
-3.075	-0.225	0
-3.075	-0.175	0
-3.075	-0.125	0
-3.075	-0.0749999999999999	0
-3.075	-0.0249999999999999	0
-3.075	0.0250000000000001	0
-3.075	0.0750000000000001	0
-3.075	0.125	0
-3.075	0.175	0
-3.075	0.225	0
-3.075	0.275	0
-3.075	0.325	0
-3.075	0.375	0
-3.075	0.425	0
-3.075	0.475	0
-3.075	0.525	0
-3.075	0.575	0
-3.075	0.625	0
-3.075	0.675	0
-3.075	0.725	0
-3.075	0.775	0
-3.075	0.825	0
-3.075	0.875	0
-3.075	0.925	0
-3.075	0.975	0
-3.075	1.025	0
-3.075	1.075	10851626.1017298
-3.075	1.125	0
-3.075	1.175	0
-3.075	1.225	0
-3.075	1.275	0
-3.075	1.325	21703252.20345961
-3.075	1.375	21703252.20345961
-3.075	1.425	10851626.1017298
-3.075	1.475	10851626.1017298
-3.075	1.525	10851626.1017298
-3.075	1.575	32554878.30518941
-3.075	1.625	21703252.20345961
-3.075	1.675	10851626.1017298
-3.075	1.725	10851626.1017298
-3.075	1.775	10851626.1017298
-3.075	1.825	10851626.1017298
-3.075	1.875	21703252.20345961
-3.075	1.925	21703252.20345961
-3.075	1.975	0
-3.075	2.025	10851626.1017298
-3.075	2.075	43406504.40691921
-3.075	2.125	21703252.20345961
-3.075	2.175	10851626.1017298
-3.075	2.225	0
-3.075	2.275	21703252.20345961
-3.075	2.325	0
-3.075	2.375	0
-3.075	2.425	0
-3.075	2.475	0
-3.075	2.525	0
-3.075	2.575	0
-3.075	2.625	0
-3.025	-1.975	0
-3.025	-1.925	0
-3.025	-1.875	0
-3.025	-1.825	0
-3.025	-1.775	0
-3.025	-1.725	0
-3.025	-1.675	0
-3.025	-1.625	0
-3.025	-1.575	0
-3.025	-1.525	0
-3.025	-1.475	0
-3.025	-1.425	0
-3.025	-1.375	0
-3.025	-1.325	0
-3.025	-1.275	0
-3.025	-1.225	0
-3.025	-1.175	0
-3.025	-1.125	0
-3.025	-1.075	0
-3.025	-1.025	0
-3.025	-0.975	0
-3.025	-0.925	0
-3.025	-0.875	0
-3.025	-0.825	0
-3.025	-0.775	0
-3.025	-0.725	0
-3.025	-0.675	0
-3.025	-0.625	0
-3.025	-0.575	0
-3.025	-0.525	0
-3.025	-0.475	0
-3.025	-0.425	0
-3.025	-0.375	0
-3.025	-0.325	0
-3.025	-0.275	0
-3.025	-0.225	0
-3.025	-0.175	0
-3.025	-0.125	0
-3.025	-0.0749999999999999	0
-3.025	-0.0249999999999999	0
-3.025	0.0250000000000001	0
-3.025	0.0750000000000001	0
-3.025	0.125	0
-3.025	0.175	0
-3.025	0.225	0
-3.025	0.275	0
-3.025	0.325	0
-3.025	0.375	0
-3.025	0.425	0
-3.025	0.475	0
-3.025	0.525	0
-3.025	0.575	0
-3.025	0.625	0
-3.025	0.675	0
-3.025	0.725	0
-3.025	0.775	0
-3.025	0.825	0
-3.025	0.875	10851626.1017298
-3.025	0.925	0
-3.025	0.975	0
-3.025	1.025	0
-3.025	1.075	10851626.1017298
-3.025	1.125	10851626.1017298
-3.025	1.175	0
-3.025	1.225	0
-3.025	1.275	10851626.1017298
-3.025	1.325	10851626.1017298
-3.025	1.375	10851626.1017298
-3.025	1.425	21703252.20345961
-3.025	1.475	0
-3.025	1.525	21703252.20345961
-3.025	1.575	10851626.1017298
-3.025	1.625	0
-3.025	1.675	0
-3.025	1.725	10851626.1017298
-3.025	1.775	10851626.1017298
-3.025	1.825	21703252.20345961
-3.025	1.875	43406504.40691921
-3.025	1.925	21703252.20345961
-3.025	1.975	10851626.1017298
-3.025	2.025	10851626.1017298
-3.025	2.075	21703252.20345961
-3.025	2.125	10851626.1017298
-3.025	2.175	43406504.40691921
-3.025	2.225	10851626.1017298
-3.025	2.275	21703252.20345961
-3.025	2.325	10851626.1017298
-3.025	2.375	21703252.20345961
-3.025	2.425	0
-3.025	2.475	0
-3.025	2.525	0
-3.025	2.575	0
-3.025	2.625	0
-2.975	-1.975	0
-2.975	-1.925	0
-2.975	-1.875	0
-2.975	-1.825	0
-2.975	-1.775	0
-2.975	-1.725	0
-2.975	-1.675	0
-2.975	-1.625	0
-2.975	-1.575	0
-2.975	-1.525	0
-2.975	-1.475	0
-2.975	-1.425	0
-2.975	-1.375	0
-2.975	-1.325	0
-2.975	-1.275	0
-2.975	-1.225	0
-2.975	-1.175	0
-2.975	-1.125	0
-2.975	-1.075	0
-2.975	-1.025	0
-2.975	-0.975	0
-2.975	-0.925	0
-2.975	-0.875	0
-2.975	-0.825	0
-2.975	-0.775	0
-2.975	-0.725	0
-2.975	-0.675	0
-2.975	-0.625	0
-2.975	-0.575	0
-2.975	-0.525	0
-2.975	-0.475	0
-2.975	-0.425	0
-2.975	-0.375	0
-2.975	-0.325	0
-2.975	-0.275	0
-2.975	-0.225	0
-2.975	-0.175	0
-2.975	-0.125	0
-2.975	-0.0749999999999999	0
-2.975	-0.0249999999999999	0
-2.975	0.0250000000000001	0
-2.975	0.0750000000000001	0
-2.975	0.125	0
-2.975	0.175	0
-2.975	0.225	0
-2.975	0.275	0
-2.975	0.325	0
-2.975	0.375	0
-2.975	0.425	0
-2.975	0.475	0
-2.975	0.525	0
-2.975	0.575	10851626.1017298
-2.975	0.625	0
-2.975	0.675	0
-2.975	0.725	0
-2.975	0.775	21703252.20345961
-2.975	0.825	0
-2.975	0.875	0
-2.975	0.925	21703252.20345961
-2.975	0.975	10851626.1017298
-2.975	1.025	21703252.20345961
-2.975	1.075	0
-2.975	1.125	10851626.1017298
-2.975	1.175	21703252.20345961
-2.975	1.225	10851626.1017298
-2.975	1.275	21703252.20345961
-2.975	1.325	10851626.1017298
-2.975	1.375	10851626.1017298
-2.975	1.425	10851626.1017298
-2.975	1.475	21703252.20345961
-2.975	1.525	10851626.1017298
-2.975	1.575	32554878.30518941
-2.975	1.625	10851626.1017298
-2.975	1.675	21703252.20345961
-2.975	1.725	43406504.40691921
-2.975	1.775	43406504.40691921
-2.975	1.825	54258130.50864901
-2.975	1.875	54258130.50864901
-2.975	1.925	54258130.50864901
-2.975	1.975	21703252.20345961
-2.975	2.025	10851626.1017298
-2.975	2.075	32554878.30518941
-2.975	2.125	21703252.20345961
-2.975	2.175	21703252.20345961
-2.975	2.225	10851626.1017298
-2.975	2.275	0
-2.975	2.325	32554878.30518941
-2.975	2.375	21703252.20345961
-2.975	2.425	0
-2.975	2.475	0
-2.975	2.525	0
-2.975	2.575	10851626.1017298
-2.975	2.625	0
-2.925	-1.975	0
-2.925	-1.925	0
-2.925	-1.875	0
-2.925	-1.825	0
-2.925	-1.775	0
-2.925	-1.725	0
-2.925	-1.675	0
-2.925	-1.625	0
-2.925	-1.575	0
-2.925	-1.525	0
-2.925	-1.475	0
-2.925	-1.425	0
-2.925	-1.375	0
-2.925	-1.325	0
-2.925	-1.275	0
-2.925	-1.225	0
-2.925	-1.175	0
-2.925	-1.125	0
-2.925	-1.075	0
-2.925	-1.025	0
-2.925	-0.975	0
-2.925	-0.925	0
-2.925	-0.875	0
-2.925	-0.825	0
-2.925	-0.775	0
-2.925	-0.725	0
-2.925	-0.675	0
-2.925	-0.625	0
-2.925	-0.575	0
-2.925	-0.525	0
-2.925	-0.475	0
-2.925	-0.425	0
-2.925	-0.375	0
-2.925	-0.325	0
-2.925	-0.275	0
-2.925	-0.225	0
-2.925	-0.175	0
-2.925	-0.125	0
-2.925	-0.0749999999999999	0
-2.925	-0.0249999999999999	0
-2.925	0.0250000000000001	0
-2.925	0.0750000000000001	0
-2.925	0.125	0
-2.925	0.175	0
-2.925	0.225	0
-2.925	0.275	0
-2.925	0.325	0
-2.925	0.375	10851626.1017298
-2.925	0.425	0
-2.925	0.475	0
-2.925	0.525	0
-2.925	0.575	0
-2.925	0.625	0
-2.925	0.675	0
-2.925	0.725	0
-2.925	0.775	0
-2.925	0.825	0
-2.925	0.875	0
-2.925	0.925	10851626.1017298
-2.925	0.975	21703252.20345961
-2.925	1.025	10851626.1017298
-2.925	1.075	0
-2.925	1.125	0
-2.925	1.175	21703252.20345961
-2.925	1.225	21703252.20345961
-2.925	1.275	0
-2.925	1.325	0
-2.925	1.375	0
-2.925	1.425	32554878.30518941
-2.925	1.475	43406504.40691921
-2.925	1.525	43406504.40691921
-2.925	1.575	21703252.20345961
-2.925	1.625	10851626.1017298
-2.925	1.675	21703252.20345961
-2.925	1.725	43406504.40691921
-2.925	1.775	32554878.30518941
-2.925	1.825	43406504.40691921
-2.925	1.875	32554878.30518941
-2.925	1.925	54258130.50864901
-2.925	1.975	43406504.40691921
-2.925	2.025	75961382.71210863
-2.925	2.075	21703252.20345961
-2.925	2.125	65109756.61037882
-2.925	2.175	21703252.20345961
-2.925	2.225	21703252.20345961
-2.925	2.275	21703252.20345961
-2.925	2.325	10851626.1017298
-2.925	2.375	0
-2.925	2.425	10851626.1017298
-2.925	2.475	0
-2.925	2.525	0
-2.925	2.575	0
-2.925	2.625	0
-2.875	-1.975	0
-2.875	-1.925	0
-2.875	-1.875	0
-2.875	-1.825	0
-2.875	-1.775	0
-2.875	-1.725	0
-2.875	-1.675	0
-2.875	-1.625	0
-2.875	-1.575	0
-2.875	-1.525	0
-2.875	-1.475	0
-2.875	-1.425	0
-2.875	-1.375	0
-2.875	-1.325	0
-2.875	-1.275	0
-2.875	-1.225	0
-2.875	-1.175	0
-2.875	-1.125	0
-2.875	-1.075	0
-2.875	-1.025	0
-2.875	-0.975	0
-2.875	-0.925	0
-2.875	-0.875	0
-2.875	-0.825	0
-2.875	-0.775	0
-2.875	-0.725	0
-2.875	-0.675	0
-2.875	-0.625	0
-2.875	-0.575	0
-2.875	-0.525	0
-2.875	-0.475	0
-2.875	-0.425	0
-2.875	-0.375	0
-2.875	-0.325	0
-2.875	-0.275	0
-2.875	-0.225	0
-2.875	-0.175	0
-2.875	-0.125	0
-2.875	-0.0749999999999999	0
-2.875	-0.0249999999999999	0
-2.875	0.0250000000000001	0
-2.875	0.0750000000000001	0
-2.875	0.125	0
-2.875	0.175	0
-2.875	0.225	0
-2.875	0.275	0
-2.875	0.325	0
-2.875	0.375	10851626.1017298
-2.875	0.425	0
-2.875	0.475	0
-2.875	0.525	0
-2.875	0.575	10851626.1017298
-2.875	0.625	21703252.20345961
-2.875	0.675	10851626.1017298
-2.875	0.725	10851626.1017298
-2.875	0.775	0
-2.875	0.825	0
-2.875	0.875	0
-2.875	0.925	0
-2.875	0.975	0
-2.875	1.025	0
-2.875	1.075	21703252.20345961
-2.875	1.125	0
-2.875	1.175	10851626.1017298
-2.875	1.225	21703252.20345961
-2.875	1.275	10851626.1017298
-2.875	1.325	21703252.20345961
-2.875	1.375	43406504.40691921
-2.875	1.425	32554878.30518941
-2.875	1.475	54258130.50864901
-2.875	1.525	43406504.40691921
-2.875	1.575	43406504.40691921
-2.875	1.625	10851626.1017298
-2.875	1.675	21703252.20345961
-2.875	1.725	75961382.71210863
-2.875	1.775	10851626.1017298
-2.875	1.825	43406504.40691921
-2.875	1.875	54258130.50864901
-2.875	1.925	21703252.20345961
-2.875	1.975	54258130.50864901
-2.875	2.025	32554878.30518941
-2.875	2.075	0
-2.875	2.125	65109756.61037882
-2.875	2.175	54258130.50864901
-2.875	2.225	21703252.20345961
-2.875	2.275	32554878.30518941
-2.875	2.325	32554878.30518941
-2.875	2.375	0
-2.875	2.425	0
-2.875	2.475	21703252.20345961
-2.875	2.525	0
-2.875	2.575	0
-2.875	2.625	0
-2.825	-1.975	0
-2.825	-1.925	0
-2.825	-1.875	0
-2.825	-1.825	0
-2.825	-1.775	0
-2.825	-1.725	0
-2.825	-1.675	0
-2.825	-1.625	0
-2.825	-1.575	0
-2.825	-1.525	0
-2.825	-1.475	0
-2.825	-1.425	0
-2.825	-1.375	0
-2.825	-1.325	0
-2.825	-1.275	0
-2.825	-1.225	0
-2.825	-1.175	0
-2.825	-1.125	0
-2.825	-1.075	0
-2.825	-1.025	0
-2.825	-0.975	0
-2.825	-0.925	0
-2.825	-0.875	0
-2.825	-0.825	0
-2.825	-0.775	0
-2.825	-0.725	0
-2.825	-0.675	0
-2.825	-0.625	0
-2.825	-0.575	0
-2.825	-0.525	0
-2.825	-0.475	0
-2.825	-0.425	0
-2.825	-0.375	0
-2.825	-0.325	0
-2.825	-0.275	0
-2.825	-0.225	0
-2.825	-0.175	0
-2.825	-0.125	0
-2.825	-0.0749999999999999	0
-2.825	-0.0249999999999999	0
-2.825	0.0250000000000001	0
-2.825	0.0750000000000001	0
-2.825	0.125	0
-2.825	0.175	0
-2.825	0.225	0
-2.825	0.275	0
-2.825	0.325	0
-2.825	0.375	0
-2.825	0.425	10851626.1017298
-2.825	0.475	0
-2.825	0.525	0
-2.825	0.575	0
-2.825	0.625	10851626.1017298
-2.825	0.675	0
-2.825	0.725	0
-2.825	0.775	0
-2.825	0.825	0
-2.825	0.875	0
-2.825	0.925	10851626.1017298
-2.825	0.975	32554878.30518941
-2.825	1.025	21703252.20345961
-2.825	1.075	21703252.20345961
-2.825	1.125	0
-2.825	1.175	21703252.20345961
-2.825	1.225	21703252.20345961
-2.825	1.275	21703252.20345961
-2.825	1.325	10851626.1017298
-2.825	1.375	21703252.20345961
-2.825	1.425	32554878.30518941
-2.825	1.475	21703252.20345961
-2.825	1.525	21703252.20345961
-2.825	1.575	21703252.20345961
-2.825	1.625	21703252.20345961
-2.825	1.675	75961382.71210863
-2.825	1.725	32554878.30518941
-2.825	1.775	21703252.20345961
-2.825	1.825	21703252.20345961
-2.825	1.875	75961382.71210863
-2.825	1.925	43406504.40691921
-2.825	1.975	86813008.81383842
-2.825	2.025	54258130.50864901
-2.825	2.075	75961382.71210863
-2.825	2.125	43406504.40691921
-2.825	2.175	54258130.50864901
-2.825	2.225	21703252.20345961
-2.825	2.275	21703252.20345961
-2.825	2.325	65109756.61037882
-2.825	2.375	10851626.1017298
-2.825	2.425	0
-2.825	2.475	0
-2.825	2.525	10851626.1017298
-2.825	2.575	0
-2.825	2.625	0
-2.775	-1.975	0
-2.775	-1.925	0
-2.775	-1.875	0
-2.775	-1.825	0
-2.775	-1.775	0
-2.775	-1.725	0
-2.775	-1.675	0
-2.775	-1.625	0
-2.775	-1.575	0
-2.775	-1.525	0
-2.775	-1.475	0
-2.775	-1.425	0
-2.775	-1.375	0
-2.775	-1.325	0
-2.775	-1.275	0
-2.775	-1.225	0
-2.775	-1.175	0
-2.775	-1.125	0
-2.775	-1.075	0
-2.775	-1.025	0
-2.775	-0.975	0
-2.775	-0.925	0
-2.775	-0.875	0
-2.775	-0.825	0
-2.775	-0.775	0
-2.775	-0.725	0
-2.775	-0.675	0
-2.775	-0.625	0
-2.775	-0.575	0
-2.775	-0.525	0
-2.775	-0.475	0
-2.775	-0.425	0
-2.775	-0.375	0
-2.775	-0.325	0
-2.775	-0.275	0
-2.775	-0.225	0
-2.775	-0.175	0
-2.775	-0.125	0
-2.775	-0.0749999999999999	0
-2.775	-0.0249999999999999	0
-2.775	0.0250000000000001	0
-2.775	0.0750000000000001	0
-2.775	0.125	0
-2.775	0.175	0
-2.775	0.225	0
-2.775	0.275	0
-2.775	0.325	0
-2.775	0.375	0
-2.775	0.425	0
-2.775	0.475	0
-2.775	0.525	0
-2.775	0.575	0
-2.775	0.625	10851626.1017298
-2.775	0.675	10851626.1017298
-2.775	0.725	0
-2.775	0.775	0
-2.775	0.825	21703252.20345961
-2.775	0.875	10851626.1017298
-2.775	0.925	10851626.1017298
-2.775	0.975	10851626.1017298
-2.775	1.025	0
-2.775	1.075	43406504.40691921
-2.775	1.125	32554878.30518941
-2.775	1.175	32554878.30518941
-2.775	1.225	21703252.20345961
-2.775	1.275	0
-2.775	1.325	32554878.30518941
-2.775	1.375	32554878.30518941
-2.775	1.425	65109756.61037882
-2.775	1.475	21703252.20345961
-2.775	1.525	54258130.50864901
-2.775	1.575	54258130.50864901
-2.775	1.625	54258130.50864901
-2.775	1.675	54258130.50864901
-2.775	1.725	65109756.61037882
-2.775	1.775	65109756.61037882
-2.775	1.825	86813008.81383842
-2.775	1.875	21703252.20345961
-2.775	1.925	75961382.71210863
-2.775	1.975	54258130.50864901
-2.775	2.025	65109756.61037882
-2.775	2.075	43406504.40691921
-2.775	2.125	54258130.50864901
-2.775	2.175	32554878.30518941
-2.775	2.225	54258130.50864901
-2.775	2.275	75961382.71210863
-2.775	2.325	43406504.40691921
-2.775	2.375	32554878.30518941
-2.775	2.425	0
-2.775	2.475	21703252.20345961
-2.775	2.525	0
-2.775	2.575	0
-2.775	2.625	0
-2.725	-1.975	0
-2.725	-1.925	0
-2.725	-1.875	0
-2.725	-1.825	0
-2.725	-1.775	0
-2.725	-1.725	0
-2.725	-1.675	0
-2.725	-1.625	0
-2.725	-1.575	0
-2.725	-1.525	0
-2.725	-1.475	0
-2.725	-1.425	0
-2.725	-1.375	0
-2.725	-1.325	0
-2.725	-1.275	0
-2.725	-1.225	0
-2.725	-1.175	0
-2.725	-1.125	0
-2.725	-1.075	0
-2.725	-1.025	0
-2.725	-0.975	0
-2.725	-0.925	0
-2.725	-0.875	0
-2.725	-0.825	0
-2.725	-0.775	0
-2.725	-0.725	10851626.1017298
-2.725	-0.675	0
-2.725	-0.625	0
-2.725	-0.575	0
-2.725	-0.525	0
-2.725	-0.475	0
-2.725	-0.425	0
-2.725	-0.375	0
-2.725	-0.325	0
-2.725	-0.275	0
-2.725	-0.225	0
-2.725	-0.175	0
-2.725	-0.125	0
-2.725	-0.0749999999999999	0
-2.725	-0.0249999999999999	0
-2.725	0.0250000000000001	0
-2.725	0.0750000000000001	10851626.1017298
-2.725	0.125	0
-2.725	0.175	0
-2.725	0.225	10851626.1017298
-2.725	0.275	0
-2.725	0.325	0
-2.725	0.375	0
-2.725	0.425	10851626.1017298
-2.725	0.475	0
-2.725	0.525	0
-2.725	0.575	0
-2.725	0.625	10851626.1017298
-2.725	0.675	10851626.1017298
-2.725	0.725	21703252.20345961
-2.725	0.775	10851626.1017298
-2.725	0.825	0
-2.725	0.875	10851626.1017298
-2.725	0.925	10851626.1017298
-2.725	0.975	10851626.1017298
-2.725	1.025	10851626.1017298
-2.725	1.075	21703252.20345961
-2.725	1.125	10851626.1017298
-2.725	1.175	32554878.30518941
-2.725	1.225	43406504.40691921
-2.725	1.275	10851626.1017298
-2.725	1.325	10851626.1017298
-2.725	1.375	10851626.1017298
-2.725	1.425	65109756.61037882
-2.725	1.475	43406504.40691921
-2.725	1.525	54258130.50864901
-2.725	1.575	10851626.1017298
-2.725	1.625	32554878.30518941
-2.725	1.675	65109756.61037882
-2.725	1.725	65109756.61037882
-2.725	1.775	54258130.50864901
-2.725	1.825	43406504.40691921
-2.725	1.875	119367887.1190278
-2.725	1.925	130219513.2207576
-2.725	1.975	108516261.017298
-2.725	2.025	43406504.40691921
-2.725	2.075	65109756.61037882
-2.725	2.125	86813008.81383842
-2.725	2.175	54258130.50864901
-2.725	2.225	86813008.81383842
-2.725	2.275	32554878.30518941
-2.725	2.325	54258130.50864901
-2.725	2.375	10851626.1017298
-2.725	2.425	0
-2.725	2.475	10851626.1017298
-2.725	2.525	0
-2.725	2.575	0
-2.725	2.625	0
-2.675	-1.975	0
-2.675	-1.925	0
-2.675	-1.875	0
-2.675	-1.825	0
-2.675	-1.775	0
-2.675	-1.725	0
-2.675	-1.675	0
-2.675	-1.625	0
-2.675	-1.575	0
-2.675	-1.525	0
-2.675	-1.475	0
-2.675	-1.425	0
-2.675	-1.375	0
-2.675	-1.325	0
-2.675	-1.275	0
-2.675	-1.225	0
-2.675	-1.175	0
-2.675	-1.125	0
-2.675	-1.075	0
-2.675	-1.025	0
-2.675	-0.975	0
-2.675	-0.925	0
-2.675	-0.875	0
-2.675	-0.825	0
-2.675	-0.775	0
-2.675	-0.725	0
-2.675	-0.675	0
-2.675	-0.625	0
-2.675	-0.575	0
-2.675	-0.525	0
-2.675	-0.475	0
-2.675	-0.425	0
-2.675	-0.375	0
-2.675	-0.325	0
-2.675	-0.275	0
-2.675	-0.225	0
-2.675	-0.175	0
-2.675	-0.125	0
-2.675	-0.0749999999999999	0
-2.675	-0.0249999999999999	0
-2.675	0.0250000000000001	0
-2.675	0.0750000000000001	0
-2.675	0.125	0
-2.675	0.175	0
-2.675	0.225	0
-2.675	0.275	10851626.1017298
-2.675	0.325	0
-2.675	0.375	10851626.1017298
-2.675	0.425	0
-2.675	0.475	0
-2.675	0.525	0
-2.675	0.575	10851626.1017298
-2.675	0.625	10851626.1017298
-2.675	0.675	21703252.20345961
-2.675	0.725	21703252.20345961
-2.675	0.775	0
-2.675	0.825	0
-2.675	0.875	10851626.1017298
-2.675	0.925	54258130.50864901
-2.675	0.975	21703252.20345961
-2.675	1.025	43406504.40691921
-2.675	1.075	32554878.30518941
-2.675	1.125	0
-2.675	1.175	10851626.1017298
-2.675	1.225	43406504.40691921
-2.675	1.275	32554878.30518941
-2.675	1.325	54258130.50864901
-2.675	1.375	43406504.40691921
-2.675	1.425	65109756.61037882
-2.675	1.475	86813008.81383842
-2.675	1.525	108516261.017298
-2.675	1.575	97664634.91556822
-2.675	1.625	86813008.81383842
-2.675	1.675	43406504.40691921
-2.675	1.725	119367887.1190278
-2.675	1.775	97664634.91556822
-2.675	1.825	97664634.91556822
-2.675	1.875	75961382.71210863
-2.675	1.925	65109756.61037882
-2.675	1.975	119367887.1190278
-2.675	2.025	108516261.017298
-2.675	2.075	75961382.71210863
-2.675	2.125	54258130.50864901
-2.675	2.175	43406504.40691921
-2.675	2.225	21703252.20345961
-2.675	2.275	43406504.40691921
-2.675	2.325	32554878.30518941
-2.675	2.375	43406504.40691921
-2.675	2.425	10851626.1017298
-2.675	2.475	32554878.30518941
-2.675	2.525	0
-2.675	2.575	0
-2.675	2.625	0
-2.625	-1.975	0
-2.625	-1.925	0
-2.625	-1.875	0
-2.625	-1.825	0
-2.625	-1.775	0
-2.625	-1.725	0
-2.625	-1.675	0
-2.625	-1.625	0
-2.625	-1.575	0
-2.625	-1.525	0
-2.625	-1.475	0
-2.625	-1.425	0
-2.625	-1.375	0
-2.625	-1.325	0
-2.625	-1.275	0
-2.625	-1.225	0
-2.625	-1.175	0
-2.625	-1.125	0
-2.625	-1.075	0
-2.625	-1.025	0
-2.625	-0.975	0
-2.625	-0.925	0
-2.625	-0.875	0
-2.625	-0.825	0
-2.625	-0.775	0
-2.625	-0.725	0
-2.625	-0.675	0
-2.625	-0.625	0
-2.625	-0.575	0
-2.625	-0.525	0
-2.625	-0.475	0
-2.625	-0.425	0
-2.625	-0.375	0
-2.625	-0.325	0
-2.625	-0.275	0
-2.625	-0.225	0
-2.625	-0.175	0
-2.625	-0.125	0
-2.625	-0.0749999999999999	0
-2.625	-0.0249999999999999	0
-2.625	0.0250000000000001	0
-2.625	0.0750000000000001	0
-2.625	0.125	0
-2.625	0.175	0
-2.625	0.225	0
-2.625	0.275	0
-2.625	0.325	0
-2.625	0.375	0
-2.625	0.425	0
-2.625	0.475	21703252.20345961
-2.625	0.525	10851626.1017298
-2.625	0.575	0
-2.625	0.625	21703252.20345961
-2.625	0.675	0
-2.625	0.725	10851626.1017298
-2.625	0.775	10851626.1017298
-2.625	0.825	0
-2.625	0.875	21703252.20345961
-2.625	0.925	10851626.1017298
-2.625	0.975	21703252.20345961
-2.625	1.025	10851626.1017298
-2.625	1.075	43406504.40691921
-2.625	1.125	75961382.71210863
-2.625	1.175	65109756.61037882
-2.625	1.225	21703252.20345961
-2.625	1.275	65109756.61037882
-2.625	1.325	97664634.91556822
-2.625	1.375	151922765.4242173
-2.625	1.425	54258130.50864901
-2.625	1.475	86813008.81383842
-2.625	1.525	75961382.71210863
-2.625	1.575	97664634.91556822
-2.625	1.625	97664634.91556822
-2.625	1.675	108516261.017298
-2.625	1.725	119367887.1190278
-2.625	1.775	75961382.71210863
-2.625	1.825	227884148.1363259
-2.625	1.875	206180895.9328662
-2.625	1.925	141071139.3224874
-2.625	1.975	195329269.8311364
-2.625	2.025	108516261.017298
-2.625	2.075	162774391.5259471
-2.625	2.125	65109756.61037882
-2.625	2.175	65109756.61037882
-2.625	2.225	75961382.71210863
-2.625	2.275	21703252.20345961
-2.625	2.325	21703252.20345961
-2.625	2.375	32554878.30518941
-2.625	2.425	21703252.20345961
-2.625	2.475	0
-2.625	2.525	0
-2.625	2.575	0
-2.625	2.625	0
-2.575	-1.975	0
-2.575	-1.925	0
-2.575	-1.875	0
-2.575	-1.825	0
-2.575	-1.775	0
-2.575	-1.725	0
-2.575	-1.675	0
-2.575	-1.625	0
-2.575	-1.575	0
-2.575	-1.525	0
-2.575	-1.475	0
-2.575	-1.425	0
-2.575	-1.375	0
-2.575	-1.325	0
-2.575	-1.275	0
-2.575	-1.225	0
-2.575	-1.175	0
-2.575	-1.125	0
-2.575	-1.075	0
-2.575	-1.025	0
-2.575	-0.975	0
-2.575	-0.925	0
-2.575	-0.875	0
-2.575	-0.825	0
-2.575	-0.775	0
-2.575	-0.725	0
-2.575	-0.675	0
-2.575	-0.625	0
-2.575	-0.575	0
-2.575	-0.525	0
-2.575	-0.475	0
-2.575	-0.425	0
-2.575	-0.375	0
-2.575	-0.325	0
-2.575	-0.275	0
-2.575	-0.225	0
-2.575	-0.175	0
-2.575	-0.125	0
-2.575	-0.0749999999999999	0
-2.575	-0.0249999999999999	0
-2.575	0.0250000000000001	0
-2.575	0.0750000000000001	0
-2.575	0.125	0
-2.575	0.175	0
-2.575	0.225	0
-2.575	0.275	0
-2.575	0.325	0
-2.575	0.375	10851626.1017298
-2.575	0.425	0
-2.575	0.475	10851626.1017298
-2.575	0.525	0
-2.575	0.575	32554878.30518941
-2.575	0.625	0
-2.575	0.675	10851626.1017298
-2.575	0.725	32554878.30518941
-2.575	0.775	21703252.20345961
-2.575	0.825	0
-2.575	0.875	21703252.20345961
-2.575	0.925	21703252.20345961
-2.575	0.975	21703252.20345961
-2.575	1.025	32554878.30518941
-2.575	1.075	54258130.50864901
-2.575	1.125	54258130.50864901
-2.575	1.175	43406504.40691921
-2.575	1.225	119367887.1190278
-2.575	1.275	54258130.50864901
-2.575	1.325	86813008.81383842
-2.575	1.375	54258130.50864901
-2.575	1.425	75961382.71210863
-2.575	1.475	32554878.30518941
-2.575	1.525	108516261.017298
-2.575	1.575	86813008.81383842
-2.575	1.625	97664634.91556822
-2.575	1.675	184477643.7294067
-2.575	1.725	173626017.6276768
-2.575	1.775	108516261.017298
-2.575	1.825	162774391.5259471
-2.575	1.875	141071139.3224874
-2.575	1.925	173626017.6276768
-2.575	1.975	75961382.71210863
-2.575	2.025	173626017.6276768
-2.575	2.075	97664634.91556822
-2.575	2.125	162774391.5259471
-2.575	2.175	108516261.017298
-2.575	2.225	108516261.017298
-2.575	2.275	65109756.61037882
-2.575	2.325	10851626.1017298
-2.575	2.375	32554878.30518941
-2.575	2.425	21703252.20345961
-2.575	2.475	0
-2.575	2.525	0
-2.575	2.575	0
-2.575	2.625	0
-2.525	-1.975	0
-2.525	-1.925	0
-2.525	-1.875	0
-2.525	-1.825	0
-2.525	-1.775	0
-2.525	-1.725	0
-2.525	-1.675	0
-2.525	-1.625	0
-2.525	-1.575	0
-2.525	-1.525	0
-2.525	-1.475	0
-2.525	-1.425	0
-2.525	-1.375	0
-2.525	-1.325	0
-2.525	-1.275	0
-2.525	-1.225	0
-2.525	-1.175	0
-2.525	-1.125	0
-2.525	-1.075	0
-2.525	-1.025	0
-2.525	-0.975	0
-2.525	-0.925	0
-2.525	-0.875	0
-2.525	-0.825	0
-2.525	-0.775	0
-2.525	-0.725	0
-2.525	-0.675	0
-2.525	-0.625	0
-2.525	-0.575	0
-2.525	-0.525	0
-2.525	-0.475	0
-2.525	-0.425	0
-2.525	-0.375	0
-2.525	-0.325	0
-2.525	-0.275	0
-2.525	-0.225	0
-2.525	-0.175	0
-2.525	-0.125	0
-2.525	-0.0749999999999999	0
-2.525	-0.0249999999999999	0
-2.525	0.0250000000000001	0
-2.525	0.0750000000000001	0
-2.525	0.125	10851626.1017298
-2.525	0.175	0
-2.525	0.225	0
-2.525	0.275	21703252.20345961
-2.525	0.325	0
-2.525	0.375	0
-2.525	0.425	0
-2.525	0.475	0
-2.525	0.525	21703252.20345961
-2.525	0.575	0
-2.525	0.625	0
-2.525	0.675	21703252.20345961
-2.525	0.725	32554878.30518941
-2.525	0.775	21703252.20345961
-2.525	0.825	32554878.30518941
-2.525	0.875	0
-2.525	0.925	32554878.30518941
-2.525	0.975	32554878.30518941
-2.525	1.025	32554878.30518941
-2.525	1.075	65109756.61037882
-2.525	1.125	75961382.71210863
-2.525	1.175	86813008.81383842
-2.525	1.225	65109756.61037882
-2.525	1.275	75961382.71210863
-2.525	1.325	141071139.3224874
-2.525	1.375	119367887.1190278
-2.525	1.425	75961382.71210863
-2.525	1.475	108516261.017298
-2.525	1.525	108516261.017298
-2.525	1.575	119367887.1190278
-2.525	1.625	141071139.3224874
-2.525	1.675	130219513.2207576
-2.525	1.725	227884148.1363259
-2.525	1.775	217032522.0345961
-2.525	1.825	206180895.9328662
-2.525	1.875	162774391.5259471
-2.525	1.925	184477643.7294067
-2.525	1.975	184477643.7294067
-2.525	2.025	206180895.9328662
-2.525	2.075	141071139.3224874
-2.525	2.125	130219513.2207576
-2.525	2.175	162774391.5259471
-2.525	2.225	86813008.81383842
-2.525	2.275	43406504.40691921
-2.525	2.325	54258130.50864901
-2.525	2.375	10851626.1017298
-2.525	2.425	0
-2.525	2.475	10851626.1017298
-2.525	2.525	0
-2.525	2.575	0
-2.525	2.625	0
-2.475	-1.975	0
-2.475	-1.925	0
-2.475	-1.875	0
-2.475	-1.825	0
-2.475	-1.775	0
-2.475	-1.725	0
-2.475	-1.675	0
-2.475	-1.625	0
-2.475	-1.575	0
-2.475	-1.525	0
-2.475	-1.475	0
-2.475	-1.425	0
-2.475	-1.375	0
-2.475	-1.325	0
-2.475	-1.275	0
-2.475	-1.225	0
-2.475	-1.175	0
-2.475	-1.125	0
-2.475	-1.075	0
-2.475	-1.025	0
-2.475	-0.975	0
-2.475	-0.925	0
-2.475	-0.875	0
-2.475	-0.825	0
-2.475	-0.775	0
-2.475	-0.725	0
-2.475	-0.675	0
-2.475	-0.625	0
-2.475	-0.575	0
-2.475	-0.525	0
-2.475	-0.475	0
-2.475	-0.425	0
-2.475	-0.375	0
-2.475	-0.325	0
-2.475	-0.275	0
-2.475	-0.225	0
-2.475	-0.175	0
-2.475	-0.125	0
-2.475	-0.0749999999999999	0
-2.475	-0.0249999999999999	0
-2.475	0.0250000000000001	0
-2.475	0.0750000000000001	0
-2.475	0.125	10851626.1017298
-2.475	0.175	0
-2.475	0.225	0
-2.475	0.275	21703252.20345961
-2.475	0.325	32554878.30518941
-2.475	0.375	10851626.1017298
-2.475	0.425	10851626.1017298
-2.475	0.475	32554878.30518941
-2.475	0.525	21703252.20345961
-2.475	0.575	10851626.1017298
-2.475	0.625	10851626.1017298
-2.475	0.675	21703252.20345961
-2.475	0.725	21703252.20345961
-2.475	0.775	21703252.20345961
-2.475	0.825	21703252.20345961
-2.475	0.875	10851626.1017298
-2.475	0.925	21703252.20345961
-2.475	0.975	32554878.30518941
-2.475	1.025	86813008.81383842
-2.475	1.075	65109756.61037882
-2.475	1.125	43406504.40691921
-2.475	1.175	108516261.017298
-2.475	1.225	65109756.61037882
-2.475	1.275	65109756.61037882
-2.475	1.325	162774391.5259471
-2.475	1.375	97664634.91556822
-2.475	1.425	195329269.8311364
-2.475	1.475	184477643.7294067
-2.475	1.525	141071139.3224874
-2.475	1.575	119367887.1190278
-2.475	1.625	195329269.8311364
-2.475	1.675	227884148.1363259
-2.475	1.725	217032522.0345961
-2.475	1.775	195329269.8311364
-2.475	1.825	368955287.4588133
-2.475	1.875	195329269.8311364
-2.475	1.925	292993904.7467047
-2.475	1.975	227884148.1363259
-2.475	2.025	227884148.1363259
-2.475	2.075	97664634.91556822
-2.475	2.125	206180895.9328662
-2.475	2.175	119367887.1190278
-2.475	2.225	97664634.91556822
-2.475	2.275	75961382.71210863
-2.475	2.325	43406504.40691921
-2.475	2.375	10851626.1017298
-2.475	2.425	10851626.1017298
-2.475	2.475	10851626.1017298
-2.475	2.525	0
-2.475	2.575	0
-2.475	2.625	0
-2.425	-1.975	0
-2.425	-1.925	0
-2.425	-1.875	0
-2.425	-1.825	0
-2.425	-1.775	0
-2.425	-1.725	0
-2.425	-1.675	0
-2.425	-1.625	0
-2.425	-1.575	0
-2.425	-1.525	0
-2.425	-1.475	0
-2.425	-1.425	0
-2.425	-1.375	0
-2.425	-1.325	0
-2.425	-1.275	0
-2.425	-1.225	0
-2.425	-1.175	0
-2.425	-1.125	0
-2.425	-1.075	0
-2.425	-1.025	0
-2.425	-0.975	0
-2.425	-0.925	0
-2.425	-0.875	0
-2.425	-0.825	0
-2.425	-0.775	0
-2.425	-0.725	0
-2.425	-0.675	0
-2.425	-0.625	0
-2.425	-0.575	0
-2.425	-0.525	0
-2.425	-0.475	0
-2.425	-0.425	0
-2.425	-0.375	0
-2.425	-0.325	0
-2.425	-0.275	0
-2.425	-0.225	0
-2.425	-0.175	0
-2.425	-0.125	0
-2.425	-0.0749999999999999	0
-2.425	-0.0249999999999999	0
-2.425	0.0250000000000001	0
-2.425	0.0750000000000001	0
-2.425	0.125	0
-2.425	0.175	0
-2.425	0.225	0
-2.425	0.275	0
-2.425	0.325	10851626.1017298
-2.425	0.375	10851626.1017298
-2.425	0.425	32554878.30518941
-2.425	0.475	21703252.20345961
-2.425	0.525	0
-2.425	0.575	0
-2.425	0.625	43406504.40691921
-2.425	0.675	32554878.30518941
-2.425	0.725	43406504.40691921
-2.425	0.775	43406504.40691921
-2.425	0.825	43406504.40691921
-2.425	0.875	65109756.61037882
-2.425	0.925	21703252.20345961
-2.425	0.975	32554878.30518941
-2.425	1.025	97664634.91556822
-2.425	1.075	86813008.81383842
-2.425	1.125	97664634.91556822
-2.425	1.175	130219513.2207576
-2.425	1.225	97664634.91556822
-2.425	1.275	119367887.1190278
-2.425	1.325	119367887.1190278
-2.425	1.375	238735774.2380557
-2.425	1.425	141071139.3224874
-2.425	1.475	162774391.5259471
-2.425	1.525	195329269.8311364
-2.425	1.575	184477643.7294067
-2.425	1.625	184477643.7294067
-2.425	1.675	260439026.4415153
-2.425	1.725	282142278.6449749
-2.425	1.775	292993904.7467047
-2.425	1.825	206180895.9328662
-2.425	1.875	260439026.4415153
-2.425	1.925	303845530.8484345
-2.425	1.975	434065044.0691921
-2.425	2.025	260439026.4415153
-2.425	2.075	162774391.5259471
-2.425	2.125	184477643.7294067
-2.425	2.175	162774391.5259471
-2.425	2.225	75961382.71210863
-2.425	2.275	65109756.61037882
-2.425	2.325	86813008.81383842
-2.425	2.375	10851626.1017298
-2.425	2.425	21703252.20345961
-2.425	2.475	0
-2.425	2.525	0
-2.425	2.575	0
-2.425	2.625	0
-2.375	-1.975	0
-2.375	-1.925	0
-2.375	-1.875	0
-2.375	-1.825	0
-2.375	-1.775	0
-2.375	-1.725	0
-2.375	-1.675	0
-2.375	-1.625	0
-2.375	-1.575	0
-2.375	-1.525	0
-2.375	-1.475	0
-2.375	-1.425	0
-2.375	-1.375	0
-2.375	-1.325	0
-2.375	-1.275	0
-2.375	-1.225	0
-2.375	-1.175	0
-2.375	-1.125	0
-2.375	-1.075	0
-2.375	-1.025	0
-2.375	-0.975	0
-2.375	-0.925	0
-2.375	-0.875	0
-2.375	-0.825	0
-2.375	-0.775	0
-2.375	-0.725	0
-2.375	-0.675	0
-2.375	-0.625	0
-2.375	-0.575	0
-2.375	-0.525	0
-2.375	-0.475	0
-2.375	-0.425	0
-2.375	-0.375	0
-2.375	-0.325	0
-2.375	-0.275	0
-2.375	-0.225	10851626.1017298
-2.375	-0.175	0
-2.375	-0.125	0
-2.375	-0.0749999999999999	0
-2.375	-0.0249999999999999	0
-2.375	0.0250000000000001	0
-2.375	0.0750000000000001	0
-2.375	0.125	10851626.1017298
-2.375	0.175	0
-2.375	0.225	21703252.20345961
-2.375	0.275	0
-2.375	0.325	0
-2.375	0.375	0
-2.375	0.425	10851626.1017298
-2.375	0.475	21703252.20345961
-2.375	0.525	10851626.1017298
-2.375	0.575	21703252.20345961
-2.375	0.625	21703252.20345961
-2.375	0.675	54258130.50864901
-2.375	0.725	21703252.20345961
-2.375	0.775	86813008.81383842
-2.375	0.825	10851626.1017298
-2.375	0.875	75961382.71210863
-2.375	0.925	21703252.20345961
-2.375	0.975	119367887.1190278
-2.375	1.025	97664634.91556822
-2.375	1.075	75961382.71210863
-2.375	1.125	130219513.2207576
-2.375	1.175	151922765.4242173
-2.375	1.225	75961382.71210863
-2.375	1.275	97664634.91556822
-2.375	1.325	195329269.8311364
-2.375	1.375	195329269.8311364
-2.375	1.425	238735774.2380557
-2.375	1.475	173626017.6276768
-2.375	1.525	271290652.5432451
-2.375	1.575	217032522.0345961
-2.375	1.625	325548783.0518941
-2.375	1.675	249587400.3397855
-2.375	1.725	379806913.5605431
-2.375	1.775	379806913.5605431
-2.375	1.825	314697156.9501643
-2.375	1.875	423213417.9674624
-2.375	1.925	217032522.0345961
-2.375	1.975	390658539.6622729
-2.375	2.025	271290652.5432451
-2.375	2.075	184477643.7294067
-2.375	2.125	184477643.7294067
-2.375	2.175	97664634.91556822
-2.375	2.225	141071139.3224874
-2.375	2.275	43406504.40691921
-2.375	2.325	65109756.61037882
-2.375	2.375	10851626.1017298
-2.375	2.425	0
-2.375	2.475	0
-2.375	2.525	0
-2.375	2.575	0
-2.375	2.625	0
-2.325	-1.975	0
-2.325	-1.925	0
-2.325	-1.875	0
-2.325	-1.825	0
-2.325	-1.775	0
-2.325	-1.725	0
-2.325	-1.675	0
-2.325	-1.625	0
-2.325	-1.575	0
-2.325	-1.525	0
-2.325	-1.475	0
-2.325	-1.425	0
-2.325	-1.375	0
-2.325	-1.325	0
-2.325	-1.275	0
-2.325	-1.225	0
-2.325	-1.175	0
-2.325	-1.125	0
-2.325	-1.075	0
-2.325	-1.025	0
-2.325	-0.975	0
-2.325	-0.925	0
-2.325	-0.875	0
-2.325	-0.825	0
-2.325	-0.775	0
-2.325	-0.725	0
-2.325	-0.675	0
-2.325	-0.625	0
-2.325	-0.575	0
-2.325	-0.525	0
-2.325	-0.475	0
-2.325	-0.425	0
-2.325	-0.375	0
-2.325	-0.325	0
-2.325	-0.275	0
-2.325	-0.225	0
-2.325	-0.175	0
-2.325	-0.125	0
-2.325	-0.0749999999999999	0
-2.325	-0.0249999999999999	0
-2.325	0.0250000000000001	0
-2.325	0.0750000000000001	0
-2.325	0.125	0
-2.325	0.175	21703252.20345961
-2.325	0.225	10851626.1017298
-2.325	0.275	21703252.20345961
-2.325	0.325	10851626.1017298
-2.325	0.375	10851626.1017298
-2.325	0.425	21703252.20345961
-2.325	0.475	43406504.40691921
-2.325	0.525	10851626.1017298
-2.325	0.575	32554878.30518941
-2.325	0.625	54258130.50864901
-2.325	0.675	21703252.20345961
-2.325	0.725	43406504.40691921
-2.325	0.775	97664634.91556822
-2.325	0.825	43406504.40691921
-2.325	0.875	86813008.81383842
-2.325	0.925	97664634.91556822
-2.325	0.975	75961382.71210863
-2.325	1.025	119367887.1190278
-2.325	1.075	195329269.8311364
-2.325	1.125	184477643.7294067
-2.325	1.175	141071139.3224874
-2.325	1.225	162774391.5259471
-2.325	1.275	217032522.0345961
-2.325	1.325	206180895.9328662
-2.325	1.375	173626017.6276768
-2.325	1.425	260439026.4415153
-2.325	1.475	238735774.2380557
-2.325	1.525	282142278.6449749
-2.325	1.575	314697156.9501643
-2.325	1.625	347252035.2553537
-2.325	1.675	390658539.6622729
-2.325	1.725	412361791.8657325
-2.325	1.775	325548783.0518941
-2.325	1.825	434065044.0691921
-2.325	1.875	368955287.4588133
-2.325	1.925	434065044.0691921
-2.325	1.975	227884148.1363259
-2.325	2.025	227884148.1363259
-2.325	2.075	249587400.3397855
-2.325	2.125	173626017.6276768
-2.325	2.175	151922765.4242173
-2.325	2.225	119367887.1190278
-2.325	2.275	32554878.30518941
-2.325	2.325	10851626.1017298
-2.325	2.375	0
-2.325	2.425	0
-2.325	2.475	10851626.1017298
-2.325	2.525	0
-2.325	2.575	0
-2.325	2.625	0
-2.275	-1.975	0
-2.275	-1.925	0
-2.275	-1.875	0
-2.275	-1.825	0
-2.275	-1.775	0
-2.275	-1.725	0
-2.275	-1.675	0
-2.275	-1.625	0
-2.275	-1.575	0
-2.275	-1.525	0
-2.275	-1.475	0
-2.275	-1.425	0
-2.275	-1.375	0
-2.275	-1.325	0
-2.275	-1.275	0
-2.275	-1.225	0
-2.275	-1.175	0
-2.275	-1.125	0
-2.275	-1.075	0
-2.275	-1.025	0
-2.275	-0.975	0
-2.275	-0.925	0
-2.275	-0.875	0
-2.275	-0.825	0
-2.275	-0.775	0
-2.275	-0.725	0
-2.275	-0.675	0
-2.275	-0.625	0
-2.275	-0.575	0
-2.275	-0.525	0
-2.275	-0.475	0
-2.275	-0.425	0
-2.275	-0.375	0
-2.275	-0.325	10851626.1017298
-2.275	-0.275	0
-2.275	-0.225	0
-2.275	-0.175	0
-2.275	-0.125	0
-2.275	-0.0749999999999999	0
-2.275	-0.0249999999999999	0
-2.275	0.0250000000000001	10851626.1017298
-2.275	0.0750000000000001	10851626.1017298
-2.275	0.125	10851626.1017298
-2.275	0.175	10851626.1017298
-2.275	0.225	10851626.1017298
-2.275	0.275	0
-2.275	0.325	0
-2.275	0.375	10851626.1017298
-2.275	0.425	21703252.20345961
-2.275	0.475	21703252.20345961
-2.275	0.525	0
-2.275	0.575	65109756.61037882
-2.275	0.625	54258130.50864901
-2.275	0.675	86813008.81383842
-2.275	0.725	43406504.40691921
-2.275	0.775	21703252.20345961
-2.275	0.825	65109756.61037882
-2.275	0.875	97664634.91556822
-2.275	0.925	86813008.81383842
-2.275	0.975	97664634.91556822
-2.275	1.025	141071139.3224874
-2.275	1.075	97664634.91556822
-2.275	1.125	151922765.4242173
-2.275	1.175	173626017.6276768
-2.275	1.225	130219513.2207576
-2.275	1.275	282142278.6449749
-2.275	1.325	238735774.2380557
-2.275	1.375	217032522.0345961
-2.275	1.425	412361791.8657325
-2.275	1.475	282142278.6449749
-2.275	1.525	401510165.7640027
-2.275	1.575	423213417.9674624
-2.275	1.625	455768296.2726517
-2.275	1.675	401510165.7640027
-2.275	1.725	423213417.9674624
-2.275	1.775	444916670.170922
-2.275	1.825	347252035.2553537
-2.275	1.875	358103661.3570835
-2.275	1.925	390658539.6622729
-2.275	1.975	336400409.1536239
-2.275	2.025	303845530.8484345
-2.275	2.075	238735774.2380557
-2.275	2.125	141071139.3224874
-2.275	2.175	141071139.3224874
-2.275	2.225	43406504.40691921
-2.275	2.275	32554878.30518941
-2.275	2.325	0
-2.275	2.375	21703252.20345961
-2.275	2.425	10851626.1017298
-2.275	2.475	0
-2.275	2.525	0
-2.275	2.575	0
-2.275	2.625	0
-2.225	-1.975	0
-2.225	-1.925	0
-2.225	-1.875	0
-2.225	-1.825	0
-2.225	-1.775	0
-2.225	-1.725	0
-2.225	-1.675	0
-2.225	-1.625	0
-2.225	-1.575	0
-2.225	-1.525	0
-2.225	-1.475	0
-2.225	-1.425	0
-2.225	-1.375	0
-2.225	-1.325	0
-2.225	-1.275	0
-2.225	-1.225	0
-2.225	-1.175	0
-2.225	-1.125	0
-2.225	-1.075	0
-2.225	-1.025	0
-2.225	-0.975	0
-2.225	-0.925	0
-2.225	-0.875	0
-2.225	-0.825	0
-2.225	-0.775	0
-2.225	-0.725	0
-2.225	-0.675	0
-2.225	-0.625	0
-2.225	-0.575	10851626.1017298
-2.225	-0.525	0
-2.225	-0.475	0
-2.225	-0.425	0
-2.225	-0.375	0
-2.225	-0.325	0
-2.225	-0.275	0
-2.225	-0.225	0
-2.225	-0.175	0
-2.225	-0.125	0
-2.225	-0.0749999999999999	0
-2.225	-0.0249999999999999	10851626.1017298
-2.225	0.0250000000000001	10851626.1017298
-2.225	0.0750000000000001	10851626.1017298
-2.225	0.125	0
-2.225	0.175	10851626.1017298
-2.225	0.225	0
-2.225	0.275	21703252.20345961
-2.225	0.325	32554878.30518941
-2.225	0.375	54258130.50864901
-2.225	0.425	54258130.50864901
-2.225	0.475	0
-2.225	0.525	97664634.91556822
-2.225	0.575	54258130.50864901
-2.225	0.625	54258130.50864901
-2.225	0.675	97664634.91556822
-2.225	0.725	54258130.50864901
-2.225	0.775	108516261.017298
-2.225	0.825	86813008.81383842
-2.225	0.875	184477643.7294067
-2.225	0.925	227884148.1363259
-2.225	0.975	119367887.1190278
-2.225	1.025	260439026.4415153
-2.225	1.075	184477643.7294067
-2.225	1.125	238735774.2380557
-2.225	1.175	217032522.0345961
-2.225	1.225	282142278.6449749
-2.225	1.275	292993904.7467047
-2.225	1.325	358103661.3570835
-2.225	1.375	390658539.6622729
-2.225	1.425	412361791.8657325
-2.225	1.475	520878052.8830305
-2.225	1.525	358103661.3570835
-2.225	1.575	466619922.3743815
-2.225	1.625	455768296.2726517
-2.225	1.675	607691061.696869
-2.225	1.725	564284557.2899498
-2.225	1.775	564284557.2899498
-2.225	1.825	553432931.18822
-2.225	1.875	423213417.9674624
-2.225	1.925	260439026.4415153
-2.225	1.975	282142278.6449749
-2.225	2.025	292993904.7467047
-2.225	2.075	162774391.5259471
-2.225	2.125	184477643.7294067
-2.225	2.175	75961382.71210863
-2.225	2.225	43406504.40691921
-2.225	2.275	10851626.1017298
-2.225	2.325	21703252.20345961
-2.225	2.375	10851626.1017298
-2.225	2.425	0
-2.225	2.475	0
-2.225	2.525	0
-2.225	2.575	0
-2.225	2.625	0
-2.175	-1.975	0
-2.175	-1.925	0
-2.175	-1.875	0
-2.175	-1.825	0
-2.175	-1.775	0
-2.175	-1.725	0
-2.175	-1.675	0
-2.175	-1.625	0
-2.175	-1.575	0
-2.175	-1.525	0
-2.175	-1.475	0
-2.175	-1.425	0
-2.175	-1.375	0
-2.175	-1.325	0
-2.175	-1.275	0
-2.175	-1.225	0
-2.175	-1.175	0
-2.175	-1.125	0
-2.175	-1.075	0
-2.175	-1.025	0
-2.175	-0.975	0
-2.175	-0.925	0
-2.175	-0.875	0
-2.175	-0.825	0
-2.175	-0.775	0
-2.175	-0.725	0
-2.175	-0.675	0
-2.175	-0.625	0
-2.175	-0.575	0
-2.175	-0.525	0
-2.175	-0.475	0
-2.175	-0.425	0
-2.175	-0.375	0
-2.175	-0.325	0
-2.175	-0.275	0
-2.175	-0.225	0
-2.175	-0.175	0
-2.175	-0.125	0
-2.175	-0.0749999999999999	0
-2.175	-0.0249999999999999	10851626.1017298
-2.175	0.0250000000000001	21703252.20345961
-2.175	0.0750000000000001	10851626.1017298
-2.175	0.125	10851626.1017298
-2.175	0.175	10851626.1017298
-2.175	0.225	0
-2.175	0.275	0
-2.175	0.325	43406504.40691921
-2.175	0.375	21703252.20345961
-2.175	0.425	32554878.30518941
-2.175	0.475	65109756.61037882
-2.175	0.525	54258130.50864901
-2.175	0.575	54258130.50864901
-2.175	0.625	75961382.71210863
-2.175	0.675	108516261.017298
-2.175	0.725	86813008.81383842
-2.175	0.775	86813008.81383842
-2.175	0.825	54258130.50864901
-2.175	0.875	141071139.3224874
-2.175	0.925	130219513.2207576
-2.175	0.975	184477643.7294067
-2.175	1.025	162774391.5259471
-2.175	1.075	227884148.1363259
-2.175	1.125	303845530.8484345
-2.175	1.175	325548783.0518941
-2.175	1.225	314697156.9501643
-2.175	1.275	499174800.6795709
-2.175	1.325	510026426.7813008
-2.175	1.375	531729678.9847604
-2.175	1.425	575136183.3916796
-2.175	1.475	607691061.696869
-2.175	1.525	564284557.2899498
-2.175	1.575	640245940.0020584
-2.175	1.625	575136183.3916796
-2.175	1.675	705355696.6124371
-2.175	1.725	596839435.5951393
-2.175	1.775	596839435.5951393
-2.175	1.825	520878052.8830305
-2.175	1.875	423213417.9674624
-2.175	1.925	390658539.6622729
-2.175	1.975	303845530.8484345
-2.175	2.025	325548783.0518941
-2.175	2.075	184477643.7294067
-2.175	2.125	141071139.3224874
-2.175	2.175	119367887.1190278
-2.175	2.225	54258130.50864901
-2.175	2.275	21703252.20345961
-2.175	2.325	0
-2.175	2.375	0
-2.175	2.425	0
-2.175	2.475	0
-2.175	2.525	0
-2.175	2.575	0
-2.175	2.625	0
-2.125	-1.975	0
-2.125	-1.925	0
-2.125	-1.875	0
-2.125	-1.825	0
-2.125	-1.775	0
-2.125	-1.725	0
-2.125	-1.675	0
-2.125	-1.625	0
-2.125	-1.575	0
-2.125	-1.525	0
-2.125	-1.475	0
-2.125	-1.425	0
-2.125	-1.375	0
-2.125	-1.325	0
-2.125	-1.275	0
-2.125	-1.225	0
-2.125	-1.175	0
-2.125	-1.125	0
-2.125	-1.075	0
-2.125	-1.025	0
-2.125	-0.975	0
-2.125	-0.925	0
-2.125	-0.875	0
-2.125	-0.825	0
-2.125	-0.775	0
-2.125	-0.725	0
-2.125	-0.675	0
-2.125	-0.625	0
-2.125	-0.575	0
-2.125	-0.525	10851626.1017298
-2.125	-0.475	0
-2.125	-0.425	0
-2.125	-0.375	0
-2.125	-0.325	10851626.1017298
-2.125	-0.275	0
-2.125	-0.225	0
-2.125	-0.175	0
-2.125	-0.125	0
-2.125	-0.0749999999999999	0
-2.125	-0.0249999999999999	0
-2.125	0.0250000000000001	21703252.20345961
-2.125	0.0750000000000001	10851626.1017298
-2.125	0.125	0
-2.125	0.175	10851626.1017298
-2.125	0.225	21703252.20345961
-2.125	0.275	43406504.40691921
-2.125	0.325	54258130.50864901
-2.125	0.375	54258130.50864901
-2.125	0.425	43406504.40691921
-2.125	0.475	65109756.61037882
-2.125	0.525	97664634.91556822
-2.125	0.575	97664634.91556822
-2.125	0.625	108516261.017298
-2.125	0.675	195329269.8311364
-2.125	0.725	173626017.6276768
-2.125	0.775	151922765.4242173
-2.125	0.825	97664634.91556822
-2.125	0.875	195329269.8311364
-2.125	0.925	227884148.1363259
-2.125	0.975	206180895.9328662
-2.125	1.025	227884148.1363259
-2.125	1.075	368955287.4588133
-2.125	1.125	249587400.3397855
-2.125	1.175	379806913.5605431
-2.125	1.225	423213417.9674624
-2.125	1.275	434065044.0691921
-2.125	1.325	531729678.9847604
-2.125	1.375	542581305.0864902
-2.125	1.425	477471548.4761114
-2.125	1.475	672800818.3072478
-2.125	1.525	531729678.9847604
-2.125	1.575	694504070.5107074
-2.125	1.625	596839435.5951393
-2.125	1.675	607691061.696869
-2.125	1.725	629394313.9003286
-2.125	1.775	575136183.3916796
-2.125	1.825	466619922.3743815
-2.125	1.875	466619922.3743815
-2.125	1.925	455768296.2726517
-2.125	1.975	379806913.5605431
-2.125	2.025	249587400.3397855
-2.125	2.075	162774391.5259471
-2.125	2.125	86813008.81383842
-2.125	2.175	54258130.50864901
-2.125	2.225	32554878.30518941
-2.125	2.275	10851626.1017298
-2.125	2.325	10851626.1017298
-2.125	2.375	0
-2.125	2.425	0
-2.125	2.475	0
-2.125	2.525	0
-2.125	2.575	0
-2.125	2.625	0
-2.075	-1.975	0
-2.075	-1.925	0
-2.075	-1.875	0
-2.075	-1.825	0
-2.075	-1.775	0
-2.075	-1.725	0
-2.075	-1.675	0
-2.075	-1.625	0
-2.075	-1.575	0
-2.075	-1.525	0
-2.075	-1.475	0
-2.075	-1.425	0
-2.075	-1.375	0
-2.075	-1.325	0
-2.075	-1.275	0
-2.075	-1.225	0
-2.075	-1.175	0
-2.075	-1.125	0
-2.075	-1.075	0
-2.075	-1.025	0
-2.075	-0.975	0
-2.075	-0.925	10851626.1017298
-2.075	-0.875	0
-2.075	-0.825	0
-2.075	-0.775	0
-2.075	-0.725	0
-2.075	-0.675	0
-2.075	-0.625	0
-2.075	-0.575	0
-2.075	-0.525	0
-2.075	-0.475	0
-2.075	-0.425	0
-2.075	-0.375	0
-2.075	-0.325	10851626.1017298
-2.075	-0.275	10851626.1017298
-2.075	-0.225	0
-2.075	-0.175	0
-2.075	-0.125	0
-2.075	-0.0749999999999999	10851626.1017298
-2.075	-0.0249999999999999	21703252.20345961
-2.075	0.0250000000000001	21703252.20345961
-2.075	0.0750000000000001	10851626.1017298
-2.075	0.125	10851626.1017298
-2.075	0.175	21703252.20345961
-2.075	0.225	43406504.40691921
-2.075	0.275	21703252.20345961
-2.075	0.325	32554878.30518941
-2.075	0.375	43406504.40691921
-2.075	0.425	32554878.30518941
-2.075	0.475	141071139.3224874
-2.075	0.525	54258130.50864901
-2.075	0.575	75961382.71210863
-2.075	0.625	130219513.2207576
-2.075	0.675	130219513.2207576
-2.075	0.725	54258130.50864901
-2.075	0.775	86813008.81383842
-2.075	0.825	206180895.9328662
-2.075	0.875	173626017.6276768
-2.075	0.925	303845530.8484345
-2.075	0.975	314697156.9501643
-2.075	1.025	325548783.0518941
-2.075	1.075	412361791.8657325
-2.075	1.125	466619922.3743815
-2.075	1.175	412361791.8657325
-2.075	1.225	499174800.6795709
-2.075	1.275	727058948.8158969
-2.075	1.325	607691061.696869
-2.075	1.375	683652444.4089776
-2.075	1.425	781317079.3245457
-2.075	1.475	759613827.1210862
-2.075	1.525	672800818.3072478
-2.075	1.575	878981714.2401141
-2.075	1.625	878981714.2401141
-2.075	1.675	661949192.205518
-2.075	1.725	672800818.3072478
-2.075	1.775	596839435.5951393
-2.075	1.825	477471548.4761114
-2.075	1.875	488323174.5778412
-2.075	1.925	390658539.6622729
-2.075	1.975	217032522.0345961
-2.075	2.025	162774391.5259471
-2.075	2.075	141071139.3224874
-2.075	2.125	65109756.61037882
-2.075	2.175	10851626.1017298
-2.075	2.225	43406504.40691921
-2.075	2.275	0
-2.075	2.325	10851626.1017298
-2.075	2.375	0
-2.075	2.425	0
-2.075	2.475	0
-2.075	2.525	0
-2.075	2.575	0
-2.075	2.625	0
-2.025	-1.975	0
-2.025	-1.925	0
-2.025	-1.875	0
-2.025	-1.825	0
-2.025	-1.775	0
-2.025	-1.725	0
-2.025	-1.675	0
-2.025	-1.625	0
-2.025	-1.575	0
-2.025	-1.525	0
-2.025	-1.475	0
-2.025	-1.425	0
-2.025	-1.375	0
-2.025	-1.325	0
-2.025	-1.275	0
-2.025	-1.225	0
-2.025	-1.175	0
-2.025	-1.125	0
-2.025	-1.075	0
-2.025	-1.025	0
-2.025	-0.975	0
-2.025	-0.925	0
-2.025	-0.875	0
-2.025	-0.825	0
-2.025	-0.775	0
-2.025	-0.725	0
-2.025	-0.675	0
-2.025	-0.625	0
-2.025	-0.575	0
-2.025	-0.525	0
-2.025	-0.475	0
-2.025	-0.425	10851626.1017298
-2.025	-0.375	0
-2.025	-0.325	0
-2.025	-0.275	0
-2.025	-0.225	21703252.20345961
-2.025	-0.175	0
-2.025	-0.125	10851626.1017298
-2.025	-0.0749999999999999	32554878.30518941
-2.025	-0.0249999999999999	0
-2.025	0.0250000000000001	21703252.20345961
-2.025	0.0750000000000001	0
-2.025	0.125	32554878.30518941
-2.025	0.175	10851626.1017298
-2.025	0.225	43406504.40691921
-2.025	0.275	86813008.81383842
-2.025	0.325	86813008.81383842
-2.025	0.375	86813008.81383842
-2.025	0.425	65109756.61037882
-2.025	0.475	97664634.91556822
-2.025	0.525	75961382.71210863
-2.025	0.575	108516261.017298
-2.025	0.625	119367887.1190278
-2.025	0.675	151922765.4242173
-2.025	0.725	206180895.9328662
-2.025	0.775	292993904.7467047
-2.025	0.825	206180895.9328662
-2.025	0.875	206180895.9328662
-2.025	0.925	390658539.6622729
-2.025	0.975	379806913.5605431
-2.025	1.025	303845530.8484345
-2.025	1.075	488323174.5778412
-2.025	1.125	423213417.9674624
-2.025	1.175	488323174.5778412
-2.025	1.225	737910574.9176266
-2.025	1.275	651097566.1037883
-2.025	1.325	661949192.205518
-2.025	1.375	803020331.5280055
-2.025	1.425	889833340.341844
-2.025	1.475	889833340.341844
-2.025	1.525	933239844.7487631
-2.025	1.575	759613827.1210862
-2.025	1.625	792168705.4262756
-2.025	1.675	868130088.1383842
-2.025	1.725	792168705.4262756
-2.025	1.775	683652444.4089776
-2.025	1.825	564284557.2899498
-2.025	1.875	434065044.0691921
-2.025	1.925	249587400.3397855
-2.025	1.975	336400409.1536239
-2.025	2.025	206180895.9328662
-2.025	2.075	75961382.71210863
-2.025	2.125	86813008.81383842
-2.025	2.175	21703252.20345961
-2.025	2.225	10851626.1017298
-2.025	2.275	10851626.1017298
-2.025	2.325	0
-2.025	2.375	0
-2.025	2.425	0
-2.025	2.475	0
-2.025	2.525	0
-2.025	2.575	0
-2.025	2.625	0
-1.975	-1.975	0
-1.975	-1.925	0
-1.975	-1.875	0
-1.975	-1.825	0
-1.975	-1.775	0
-1.975	-1.725	0
-1.975	-1.675	0
-1.975	-1.625	0
-1.975	-1.575	0
-1.975	-1.525	0
-1.975	-1.475	0
-1.975	-1.425	0
-1.975	-1.375	0
-1.975	-1.325	0
-1.975	-1.275	0
-1.975	-1.225	0
-1.975	-1.175	0
-1.975	-1.125	0
-1.975	-1.075	0
-1.975	-1.025	0
-1.975	-0.975	0
-1.975	-0.925	0
-1.975	-0.875	0
-1.975	-0.825	0
-1.975	-0.775	0
-1.975	-0.725	0
-1.975	-0.675	0
-1.975	-0.625	0
-1.975	-0.575	0
-1.975	-0.525	0
-1.975	-0.475	0
-1.975	-0.425	0
-1.975	-0.375	0
-1.975	-0.325	0
-1.975	-0.275	0
-1.975	-0.225	10851626.1017298
-1.975	-0.175	0
-1.975	-0.125	0
-1.975	-0.0749999999999999	10851626.1017298
-1.975	-0.0249999999999999	10851626.1017298
-1.975	0.0250000000000001	21703252.20345961
-1.975	0.0750000000000001	21703252.20345961
-1.975	0.125	0
-1.975	0.175	32554878.30518941
-1.975	0.225	75961382.71210863
-1.975	0.275	54258130.50864901
-1.975	0.325	43406504.40691921
-1.975	0.375	32554878.30518941
-1.975	0.425	86813008.81383842
-1.975	0.475	65109756.61037882
-1.975	0.525	119367887.1190278
-1.975	0.575	75961382.71210863
-1.975	0.625	249587400.3397855
-1.975	0.675	162774391.5259471
-1.975	0.725	260439026.4415153
-1.975	0.775	292993904.7467047
-1.975	0.825	260439026.4415153
-1.975	0.875	368955287.4588133
-1.975	0.925	336400409.1536239
-1.975	0.975	575136183.3916796
-1.975	1.025	477471548.4761114
-1.975	1.075	661949192.205518
-1.975	1.125	585987809.4934094
-1.975	1.175	661949192.205518
-1.975	1.225	857278462.0366545
-1.975	1.275	911536592.5453035
-1.975	1.325	933239844.7487631
-1.975	1.375	922388218.6470333
-1.975	1.425	889833340.341844
-1.975	1.475	965794723.0539525
-1.975	1.525	998349601.3591418
-1.975	1.575	933239844.7487631
-1.975	1.625	1171975618.986819
-1.975	1.675	1128569114.5799
-1.975	1.725	705355696.6124371
-1.975	1.775	553432931.18822
-1.975	1.825	510026426.7813008
-1.975	1.875	303845530.8484345
-1.975	1.925	292993904.7467047
-1.975	1.975	151922765.4242173
-1.975	2.025	130219513.2207576
-1.975	2.075	75961382.71210863
-1.975	2.125	32554878.30518941
-1.975	2.175	43406504.40691921
-1.975	2.225	10851626.1017298
-1.975	2.275	0
-1.975	2.325	0
-1.975	2.375	0
-1.975	2.425	0
-1.975	2.475	0
-1.975	2.525	0
-1.975	2.575	0
-1.975	2.625	0
-1.925	-1.975	0
-1.925	-1.925	0
-1.925	-1.875	0
-1.925	-1.825	0
-1.925	-1.775	0
-1.925	-1.725	0
-1.925	-1.675	0
-1.925	-1.625	0
-1.925	-1.575	0
-1.925	-1.525	0
-1.925	-1.475	0
-1.925	-1.425	0
-1.925	-1.375	0
-1.925	-1.325	0
-1.925	-1.275	0
-1.925	-1.225	0
-1.925	-1.175	0
-1.925	-1.125	0
-1.925	-1.075	0
-1.925	-1.025	0
-1.925	-0.975	0
-1.925	-0.925	0
-1.925	-0.875	0
-1.925	-0.825	0
-1.925	-0.775	0
-1.925	-0.725	0
-1.925	-0.675	0
-1.925	-0.625	10851626.1017298
-1.925	-0.575	0
-1.925	-0.525	0
-1.925	-0.475	0
-1.925	-0.425	0
-1.925	-0.375	10851626.1017298
-1.925	-0.325	0
-1.925	-0.275	0
-1.925	-0.225	0
-1.925	-0.175	21703252.20345961
-1.925	-0.125	32554878.30518941
-1.925	-0.0749999999999999	65109756.61037882
-1.925	-0.0249999999999999	10851626.1017298
-1.925	0.0250000000000001	10851626.1017298
-1.925	0.0750000000000001	21703252.20345961
-1.925	0.125	32554878.30518941
-1.925	0.175	10851626.1017298
-1.925	0.225	21703252.20345961
-1.925	0.275	21703252.20345961
-1.925	0.325	65109756.61037882
-1.925	0.375	97664634.91556822
-1.925	0.425	162774391.5259471
-1.925	0.475	141071139.3224874
-1.925	0.525	195329269.8311364
-1.925	0.575	217032522.0345961
-1.925	0.625	217032522.0345961
-1.925	0.675	292993904.7467047
-1.925	0.725	217032522.0345961
-1.925	0.775	368955287.4588133
-1.925	0.825	412361791.8657325
-1.925	0.875	423213417.9674624
-1.925	0.925	553432931.18822
-1.925	0.975	542581305.0864902
-1.925	1.025	553432931.18822
-1.925	1.075	640245940.0020584
-1.925	1.125	737910574.9176266
-1.925	1.175	803020331.5280055
-1.925	1.225	792168705.4262756
-1.925	1.275	1074310984.07125
-1.925	1.325	1117717488.47817
-1.925	1.375	1063459357.969521
-1.925	1.425	933239844.7487631
-1.925	1.475	1106865862.37644
-1.925	1.525	1074310984.07125
-1.925	1.575	954943096.9522227
-1.925	1.625	813871957.6297354
-1.925	1.675	705355696.6124371
-1.925	1.725	889833340.341844
-1.925	1.775	596839435.5951393
-1.925	1.825	434065044.0691921
-1.925	1.875	260439026.4415153
-1.925	1.925	249587400.3397855
-1.925	1.975	86813008.81383842
-1.925	2.025	65109756.61037882
-1.925	2.075	54258130.50864901
-1.925	2.125	10851626.1017298
-1.925	2.175	0
-1.925	2.225	0
-1.925	2.275	0
-1.925	2.325	0
-1.925	2.375	0
-1.925	2.425	0
-1.925	2.475	0
-1.925	2.525	0
-1.925	2.575	0
-1.925	2.625	0
-1.875	-1.975	0
-1.875	-1.925	0
-1.875	-1.875	0
-1.875	-1.825	0
-1.875	-1.775	0
-1.875	-1.725	0
-1.875	-1.675	0
-1.875	-1.625	0
-1.875	-1.575	0
-1.875	-1.525	0
-1.875	-1.475	0
-1.875	-1.425	0
-1.875	-1.375	0
-1.875	-1.325	0
-1.875	-1.275	0
-1.875	-1.225	0
-1.875	-1.175	0
-1.875	-1.125	0
-1.875	-1.075	0
-1.875	-1.025	0
-1.875	-0.975	0
-1.875	-0.925	0
-1.875	-0.875	0
-1.875	-0.825	0
-1.875	-0.775	0
-1.875	-0.725	0
-1.875	-0.675	0
-1.875	-0.625	0
-1.875	-0.575	0
-1.875	-0.525	10851626.1017298
-1.875	-0.475	0
-1.875	-0.425	0
-1.875	-0.375	0
-1.875	-0.325	0
-1.875	-0.275	10851626.1017298
-1.875	-0.225	10851626.1017298
-1.875	-0.175	10851626.1017298
-1.875	-0.125	0
-1.875	-0.0749999999999999	10851626.1017298
-1.875	-0.0249999999999999	0
-1.875	0.0250000000000001	43406504.40691921
-1.875	0.0750000000000001	43406504.40691921
-1.875	0.125	65109756.61037882
-1.875	0.175	75961382.71210863
-1.875	0.225	108516261.017298
-1.875	0.275	75961382.71210863
-1.875	0.325	108516261.017298
-1.875	0.375	65109756.61037882
-1.875	0.425	119367887.1190278
-1.875	0.475	238735774.2380557
-1.875	0.525	260439026.4415153
-1.875	0.575	249587400.3397855
-1.875	0.625	292993904.7467047
-1.875	0.675	347252035.2553537
-1.875	0.725	336400409.1536239
-1.875	0.775	444916670.170922
-1.875	0.825	618542687.7985989
-1.875	0.875	705355696.6124371
-1.875	0.925	510026426.7813008
-1.875	0.975	770465453.2228161
-1.875	1.025	835575209.8331949
-1.875	1.075	781317079.3245457
-1.875	1.125	922388218.6470333
-1.875	1.175	933239844.7487631
-1.875	1.225	878981714.2401141
-1.875	1.275	1226233749.495468
-1.875	1.325	1052607731.867791
-1.875	1.375	1313046758.309306
-1.875	1.425	1323898384.411036
-1.875	1.475	1237085375.597198
-1.875	1.525	1399859767.123145
-1.875	1.575	1128569114.5799
-1.875	1.625	976646349.1556823
-1.875	1.675	857278462.0366545
-1.875	1.725	727058948.8158969
-1.875	1.775	542581305.0864902
-1.875	1.825	325548783.0518941
-1.875	1.875	292993904.7467047
-1.875	1.925	151922765.4242173
-1.875	1.975	32554878.30518941
-1.875	2.025	65109756.61037882
-1.875	2.075	10851626.1017298
-1.875	2.125	10851626.1017298
-1.875	2.175	0
-1.875	2.225	0
-1.875	2.275	0
-1.875	2.325	0
-1.875	2.375	0
-1.875	2.425	0
-1.875	2.475	0
-1.875	2.525	0
-1.875	2.575	0
-1.875	2.625	0
-1.825	-1.975	0
-1.825	-1.925	0
-1.825	-1.875	0
-1.825	-1.825	0
-1.825	-1.775	0
-1.825	-1.725	0
-1.825	-1.675	0
-1.825	-1.625	0
-1.825	-1.575	0
-1.825	-1.525	0
-1.825	-1.475	0
-1.825	-1.425	0
-1.825	-1.375	0
-1.825	-1.325	0
-1.825	-1.275	0
-1.825	-1.225	0
-1.825	-1.175	0
-1.825	-1.125	0
-1.825	-1.075	0
-1.825	-1.025	0
-1.825	-0.975	0
-1.825	-0.925	0
-1.825	-0.875	0
-1.825	-0.825	0
-1.825	-0.775	0
-1.825	-0.725	0
-1.825	-0.675	0
-1.825	-0.625	10851626.1017298
-1.825	-0.575	0
-1.825	-0.525	0
-1.825	-0.475	0
-1.825	-0.425	0
-1.825	-0.375	0
-1.825	-0.325	10851626.1017298
-1.825	-0.275	10851626.1017298
-1.825	-0.225	10851626.1017298
-1.825	-0.175	10851626.1017298
-1.825	-0.125	0
-1.825	-0.0749999999999999	0
-1.825	-0.0249999999999999	32554878.30518941
-1.825	0.0250000000000001	54258130.50864901
-1.825	0.0750000000000001	32554878.30518941
-1.825	0.125	65109756.61037882
-1.825	0.175	108516261.017298
-1.825	0.225	108516261.017298
-1.825	0.275	119367887.1190278
-1.825	0.325	130219513.2207576
-1.825	0.375	130219513.2207576
-1.825	0.425	238735774.2380557
-1.825	0.475	227884148.1363259
-1.825	0.525	195329269.8311364
-1.825	0.575	314697156.9501643
-1.825	0.625	347252035.2553537
-1.825	0.675	379806913.5605431
-1.825	0.725	510026426.7813008
-1.825	0.775	477471548.4761114
-1.825	0.825	607691061.696869
-1.825	0.875	672800818.3072478
-1.825	0.925	737910574.9176266
-1.825	0.975	835575209.8331949
-1.825	1.025	889833340.341844
-1.825	1.075	1171975618.986819
-1.825	1.125	1074310984.07125
-1.825	1.175	1139420740.681629
-1.825	1.225	1128569114.5799
-1.825	1.275	1367304888.817955
-1.825	1.325	1356453262.716225
-1.825	1.375	1584337410.852551
-1.825	1.425	1334750010.512766
-1.825	1.475	1551782532.547362
-1.825	1.525	1041756105.766061
-1.825	1.575	1052607731.867791
-1.825	1.625	1041756105.766061
-1.825	1.675	716207322.714167
-1.825	1.725	531729678.9847604
-1.825	1.775	444916670.170922
-1.825	1.825	227884148.1363259
-1.825	1.875	195329269.8311364
-1.825	1.925	75961382.71210863
-1.825	1.975	65109756.61037882
-1.825	2.025	54258130.50864901
-1.825	2.075	43406504.40691921
-1.825	2.125	10851626.1017298
-1.825	2.175	0
-1.825	2.225	0
-1.825	2.275	0
-1.825	2.325	0
-1.825	2.375	0
-1.825	2.425	0
-1.825	2.475	0
-1.825	2.525	0
-1.825	2.575	0
-1.825	2.625	0
-1.775	-1.975	0
-1.775	-1.925	0
-1.775	-1.875	0
-1.775	-1.825	0
-1.775	-1.775	0
-1.775	-1.725	0
-1.775	-1.675	0
-1.775	-1.625	0
-1.775	-1.575	0
-1.775	-1.525	0
-1.775	-1.475	0
-1.775	-1.425	0
-1.775	-1.375	0
-1.775	-1.325	0
-1.775	-1.275	0
-1.775	-1.225	0
-1.775	-1.175	0
-1.775	-1.125	0
-1.775	-1.075	0
-1.775	-1.025	0
-1.775	-0.975	0
-1.775	-0.925	0
-1.775	-0.875	0
-1.775	-0.825	0
-1.775	-0.775	0
-1.775	-0.725	0
-1.775	-0.675	0
-1.775	-0.625	10851626.1017298
-1.775	-0.575	0
-1.775	-0.525	10851626.1017298
-1.775	-0.475	10851626.1017298
-1.775	-0.425	0
-1.775	-0.375	10851626.1017298
-1.775	-0.325	0
-1.775	-0.275	10851626.1017298
-1.775	-0.225	32554878.30518941
-1.775	-0.175	21703252.20345961
-1.775	-0.125	0
-1.775	-0.0749999999999999	32554878.30518941
-1.775	-0.0249999999999999	97664634.91556822
-1.775	0.0250000000000001	65109756.61037882
-1.775	0.0750000000000001	43406504.40691921
-1.775	0.125	75961382.71210863
-1.775	0.175	54258130.50864901
-1.775	0.225	162774391.5259471
-1.775	0.275	119367887.1190278
-1.775	0.325	227884148.1363259
-1.775	0.375	260439026.4415153
-1.775	0.425	206180895.9328662
-1.775	0.475	260439026.4415153
-1.775	0.525	303845530.8484345
-1.775	0.575	347252035.2553537
-1.775	0.625	401510165.7640027
-1.775	0.675	499174800.6795709
-1.775	0.725	564284557.2899498
-1.775	0.775	564284557.2899498
-1.775	0.825	651097566.1037883
-1.775	0.875	824723583.731465
-1.775	0.925	1063459357.969521
-1.775	0.975	1063459357.969521
-1.775	1.025	1139420740.681629
-1.775	1.075	1128569114.5799
-1.775	1.125	1389008141.021415
-1.775	1.175	1334750010.512766
-1.775	1.225	1508376028.140443
-1.775	1.275	1486672775.936983
-1.775	1.325	1389008141.021415
-1.775	1.375	1454117897.631794
-1.775	1.425	1573485784.750822
-1.775	1.475	1313046758.309306
-1.775	1.525	1258788627.800657
-1.775	1.575	1258788627.800657
-1.775	1.625	944091470.850493
-1.775	1.675	585987809.4934094
-1.775	1.725	412361791.8657325
-1.775	1.775	336400409.1536239
-1.775	1.825	292993904.7467047
-1.775	1.875	195329269.8311364
-1.775	1.925	86813008.81383842
-1.775	1.975	32554878.30518941
-1.775	2.025	43406504.40691921
-1.775	2.075	0
-1.775	2.125	10851626.1017298
-1.775	2.175	0
-1.775	2.225	0
-1.775	2.275	0
-1.775	2.325	0
-1.775	2.375	0
-1.775	2.425	0
-1.775	2.475	0
-1.775	2.525	0
-1.775	2.575	0
-1.775	2.625	0
-1.725	-1.975	0
-1.725	-1.925	0
-1.725	-1.875	0
-1.725	-1.825	0
-1.725	-1.775	0
-1.725	-1.725	0
-1.725	-1.675	0
-1.725	-1.625	0
-1.725	-1.575	0
-1.725	-1.525	0
-1.725	-1.475	0
-1.725	-1.425	0
-1.725	-1.375	0
-1.725	-1.325	0
-1.725	-1.275	0
-1.725	-1.225	0
-1.725	-1.175	0
-1.725	-1.125	0
-1.725	-1.075	0
-1.725	-1.025	0
-1.725	-0.975	0
-1.725	-0.925	10851626.1017298
-1.725	-0.875	0
-1.725	-0.825	0
-1.725	-0.775	0
-1.725	-0.725	0
-1.725	-0.675	0
-1.725	-0.625	0
-1.725	-0.575	0
-1.725	-0.525	21703252.20345961
-1.725	-0.475	0
-1.725	-0.425	0
-1.725	-0.375	0
-1.725	-0.325	0
-1.725	-0.275	10851626.1017298
-1.725	-0.225	0
-1.725	-0.175	21703252.20345961
-1.725	-0.125	21703252.20345961
-1.725	-0.0749999999999999	32554878.30518941
-1.725	-0.0249999999999999	75961382.71210863
-1.725	0.0250000000000001	43406504.40691921
-1.725	0.0750000000000001	65109756.61037882
-1.725	0.125	54258130.50864901
-1.725	0.175	141071139.3224874
-1.725	0.225	130219513.2207576
-1.725	0.275	151922765.4242173
-1.725	0.325	206180895.9328662
-1.725	0.375	260439026.4415153
-1.725	0.425	336400409.1536239
-1.725	0.475	314697156.9501643
-1.725	0.525	564284557.2899498
-1.725	0.575	434065044.0691921
-1.725	0.625	683652444.4089776
-1.725	0.675	694504070.5107074
-1.725	0.725	661949192.205518
-1.725	0.775	803020331.5280055
-1.725	0.825	1052607731.867791
-1.725	0.875	1009201227.460872
-1.725	0.925	1193678871.190279
-1.725	0.975	1378156514.919685
-1.725	1.025	1313046758.309306
-1.725	1.075	1616892289.157741
-1.725	1.125	1725408550.175039
-1.725	1.175	1692853671.869849
-1.725	1.225	1747111802.378499
-1.725	1.275	1953292698.311365
-1.725	1.325	1616892289.157741
-1.725	1.375	1519227654.242172
-1.725	1.425	1399859767.123145
-1.725	1.475	1269640253.902387
-1.725	1.525	1269640253.902387
-1.725	1.575	976646349.1556823
-1.725	1.625	705355696.6124371
-1.725	1.675	585987809.4934094
-1.725	1.725	325548783.0518941
-1.725	1.775	195329269.8311364
-1.725	1.825	151922765.4242173
-1.725	1.875	43406504.40691921
-1.725	1.925	75961382.71210863
-1.725	1.975	21703252.20345961
-1.725	2.025	10851626.1017298
-1.725	2.075	0
-1.725	2.125	0
-1.725	2.175	0
-1.725	2.225	0
-1.725	2.275	0
-1.725	2.325	0
-1.725	2.375	0
-1.725	2.425	0
-1.725	2.475	0
-1.725	2.525	0
-1.725	2.575	0
-1.725	2.625	0
-1.675	-1.975	0
-1.675	-1.925	0
-1.675	-1.875	0
-1.675	-1.825	0
-1.675	-1.775	0
-1.675	-1.725	0
-1.675	-1.675	0
-1.675	-1.625	0
-1.675	-1.575	0
-1.675	-1.525	0
-1.675	-1.475	0
-1.675	-1.425	0
-1.675	-1.375	0
-1.675	-1.325	0
-1.675	-1.275	0
-1.675	-1.225	0
-1.675	-1.175	0
-1.675	-1.125	0
-1.675	-1.075	0
-1.675	-1.025	0
-1.675	-0.975	0
-1.675	-0.925	0
-1.675	-0.875	0
-1.675	-0.825	0
-1.675	-0.775	0
-1.675	-0.725	0
-1.675	-0.675	0
-1.675	-0.625	0
-1.675	-0.575	10851626.1017298
-1.675	-0.525	0
-1.675	-0.475	0
-1.675	-0.425	0
-1.675	-0.375	21703252.20345961
-1.675	-0.325	10851626.1017298
-1.675	-0.275	21703252.20345961
-1.675	-0.225	21703252.20345961
-1.675	-0.175	54258130.50864901
-1.675	-0.125	21703252.20345961
-1.675	-0.0749999999999999	75961382.71210863
-1.675	-0.0249999999999999	65109756.61037882
-1.675	0.0250000000000001	119367887.1190278
-1.675	0.0750000000000001	75961382.71210863
-1.675	0.125	173626017.6276768
-1.675	0.175	119367887.1190278
-1.675	0.225	141071139.3224874
-1.675	0.275	260439026.4415153
-1.675	0.325	336400409.1536239
-1.675	0.375	358103661.3570835
-1.675	0.425	412361791.8657325
-1.675	0.475	488323174.5778412
-1.675	0.525	542581305.0864902
-1.675	0.575	564284557.2899498
-1.675	0.625	575136183.3916796
-1.675	0.675	748762201.0193564
-1.675	0.725	727058948.8158969
-1.675	0.775	944091470.850493
-1.675	0.825	1096014236.27471
-1.675	0.875	1280491880.004117
-1.675	0.925	1182827245.088549
-1.675	0.975	1389008141.021415
-1.675	1.025	1584337410.852551
-1.675	1.075	1432414645.428334
-1.675	1.125	1909886193.904445
-1.675	1.175	2072660585.430393
-1.675	1.225	1866479689.497526
-1.675	1.275	2072660585.430393
-1.675	1.325	1833924811.192337
-1.675	1.375	1551782532.547362
-1.675	1.425	1486672775.936983
-1.675	1.475	1345601636.614496
-1.675	1.525	1150272366.783359
-1.675	1.575	813871957.6297354
-1.675	1.625	748762201.0193564
-1.675	1.675	325548783.0518941
-1.675	1.725	249587400.3397855
-1.675	1.775	227884148.1363259
-1.675	1.825	75961382.71210863
-1.675	1.875	65109756.61037882
-1.675	1.925	54258130.50864901
-1.675	1.975	10851626.1017298
-1.675	2.025	0
-1.675	2.075	0
-1.675	2.125	0
-1.675	2.175	0
-1.675	2.225	0
-1.675	2.275	0
-1.675	2.325	0
-1.675	2.375	0
-1.675	2.425	0
-1.675	2.475	0
-1.675	2.525	0
-1.675	2.575	0
-1.675	2.625	0
-1.625	-1.975	0
-1.625	-1.925	0
-1.625	-1.875	0
-1.625	-1.825	0
-1.625	-1.775	0
-1.625	-1.725	0
-1.625	-1.675	0
-1.625	-1.625	0
-1.625	-1.575	0
-1.625	-1.525	0
-1.625	-1.475	0
-1.625	-1.425	0
-1.625	-1.375	0
-1.625	-1.325	0
-1.625	-1.275	10851626.1017298
-1.625	-1.225	0
-1.625	-1.175	0
-1.625	-1.125	0
-1.625	-1.075	0
-1.625	-1.025	0
-1.625	-0.975	0
-1.625	-0.925	10851626.1017298
-1.625	-0.875	0
-1.625	-0.825	0
-1.625	-0.775	0
-1.625	-0.725	0
-1.625	-0.675	10851626.1017298
-1.625	-0.625	0
-1.625	-0.575	0
-1.625	-0.525	0
-1.625	-0.475	0
-1.625	-0.425	0
-1.625	-0.375	10851626.1017298
-1.625	-0.325	0
-1.625	-0.275	21703252.20345961
-1.625	-0.225	32554878.30518941
-1.625	-0.175	43406504.40691921
-1.625	-0.125	21703252.20345961
-1.625	-0.0749999999999999	75961382.71210863
-1.625	-0.0249999999999999	86813008.81383842
-1.625	0.0250000000000001	86813008.81383842
-1.625	0.0750000000000001	108516261.017298
-1.625	0.125	151922765.4242173
-1.625	0.175	86813008.81383842
-1.625	0.225	227884148.1363259
-1.625	0.275	358103661.3570835
-1.625	0.325	368955287.4588133
-1.625	0.375	434065044.0691921
-1.625	0.425	640245940.0020584
-1.625	0.475	542581305.0864902
-1.625	0.525	651097566.1037883
-1.625	0.575	661949192.205518
-1.625	0.625	813871957.6297354
-1.625	0.675	987497975.2574122
-1.625	0.725	1085162610.17298
-1.625	0.775	1161123992.885089
-1.625	0.825	1313046758.309306
-1.625	0.875	1584337410.852551
-1.625	0.925	1692853671.869849
-1.625	0.975	1877331315.599256
-1.625	1.025	2072660585.430393
-1.625	1.075	2202880098.65115
-1.625	1.125	2159473594.244231
-1.625	1.175	2181176846.44769
-1.625	1.225	2040105707.125203
-1.625	1.275	1953292698.311365
-1.625	1.325	1909886193.904445
-1.625	1.375	1660298793.56466
-1.625	1.425	1497524402.038713
-1.625	1.475	1367304888.817955
-1.625	1.525	1117717488.47817
-1.625	1.575	651097566.1037883
-1.625	1.625	444916670.170922
-1.625	1.675	195329269.8311364
-1.625	1.725	217032522.0345961
-1.625	1.775	162774391.5259471
-1.625	1.825	86813008.81383842
-1.625	1.875	32554878.30518941
-1.625	1.925	10851626.1017298
-1.625	1.975	0
-1.625	2.025	0
-1.625	2.075	0
-1.625	2.125	0
-1.625	2.175	0
-1.625	2.225	0
-1.625	2.275	0
-1.625	2.325	0
-1.625	2.375	0
-1.625	2.425	0
-1.625	2.475	0
-1.625	2.525	0
-1.625	2.575	0
-1.625	2.625	0
-1.575	-1.975	0
-1.575	-1.925	0
-1.575	-1.875	0
-1.575	-1.825	0
-1.575	-1.775	0
-1.575	-1.725	0
-1.575	-1.675	10851626.1017298
-1.575	-1.625	0
-1.575	-1.575	0
-1.575	-1.525	0
-1.575	-1.475	0
-1.575	-1.425	0
-1.575	-1.375	0
-1.575	-1.325	0
-1.575	-1.275	0
-1.575	-1.225	0
-1.575	-1.175	0
-1.575	-1.125	0
-1.575	-1.075	0
-1.575	-1.025	0
-1.575	-0.975	0
-1.575	-0.925	0
-1.575	-0.875	0
-1.575	-0.825	0
-1.575	-0.775	0
-1.575	-0.725	10851626.1017298
-1.575	-0.675	10851626.1017298
-1.575	-0.625	10851626.1017298
-1.575	-0.575	0
-1.575	-0.525	10851626.1017298
-1.575	-0.475	10851626.1017298
-1.575	-0.425	10851626.1017298
-1.575	-0.375	43406504.40691921
-1.575	-0.325	43406504.40691921
-1.575	-0.275	32554878.30518941
-1.575	-0.225	54258130.50864901
-1.575	-0.175	32554878.30518941
-1.575	-0.125	119367887.1190278
-1.575	-0.0749999999999999	119367887.1190278
-1.575	-0.0249999999999999	151922765.4242173
-1.575	0.0250000000000001	141071139.3224874
-1.575	0.0750000000000001	86813008.81383842
-1.575	0.125	217032522.0345961
-1.575	0.175	184477643.7294067
-1.575	0.225	206180895.9328662
-1.575	0.275	423213417.9674624
-1.575	0.325	412361791.8657325
-1.575	0.375	737910574.9176266
-1.575	0.425	499174800.6795709
-1.575	0.475	770465453.2228161
-1.575	0.525	813871957.6297354
-1.575	0.575	1063459357.969521
-1.575	0.625	1150272366.783359
-1.575	0.675	1258788627.800657
-1.575	0.725	1410711393.224874
-1.575	0.775	1464969523.733523
-1.575	0.825	1703705297.971579
-1.575	0.875	1964144324.413094
-1.575	0.925	1996699202.718284
-1.575	0.975	2257138229.159799
-1.575	1.025	2170325220.345961
-1.575	1.075	2376506116.278827
-1.575	1.125	2224583350.854609
-1.575	1.175	2300544733.566719
-1.575	1.225	2365654490.177097
-1.575	1.275	1899034567.802716
-1.575	1.325	1844776437.294067
-1.575	1.375	1540930906.445632
-1.575	1.425	1334750010.512766
-1.575	1.475	1150272366.783359
-1.575	1.525	911536592.5453035
-1.575	1.575	510026426.7813008
-1.575	1.625	412361791.8657325
-1.575	1.675	227884148.1363259
-1.575	1.725	151922765.4242173
-1.575	1.775	108516261.017298
-1.575	1.825	43406504.40691921
-1.575	1.875	32554878.30518941
-1.575	1.925	10851626.1017298
-1.575	1.975	0
-1.575	2.025	0
-1.575	2.075	0
-1.575	2.125	0
-1.575	2.175	0
-1.575	2.225	0
-1.575	2.275	0
-1.575	2.325	0
-1.575	2.375	0
-1.575	2.425	0
-1.575	2.475	0
-1.575	2.525	0
-1.575	2.575	0
-1.575	2.625	0
-1.525	-1.975	0
-1.525	-1.925	0
-1.525	-1.875	0
-1.525	-1.825	0
-1.525	-1.775	0
-1.525	-1.725	0
-1.525	-1.675	0
-1.525	-1.625	0
-1.525	-1.575	0
-1.525	-1.525	0
-1.525	-1.475	0
-1.525	-1.425	0
-1.525	-1.375	10851626.1017298
-1.525	-1.325	10851626.1017298
-1.525	-1.275	10851626.1017298
-1.525	-1.225	0
-1.525	-1.175	0
-1.525	-1.125	0
-1.525	-1.075	0
-1.525	-1.025	0
-1.525	-0.975	0
-1.525	-0.925	0
-1.525	-0.875	0
-1.525	-0.825	0
-1.525	-0.775	0
-1.525	-0.725	0
-1.525	-0.675	10851626.1017298
-1.525	-0.625	0
-1.525	-0.575	21703252.20345961
-1.525	-0.525	10851626.1017298
-1.525	-0.475	10851626.1017298
-1.525	-0.425	10851626.1017298
-1.525	-0.375	10851626.1017298
-1.525	-0.325	21703252.20345961
-1.525	-0.275	32554878.30518941
-1.525	-0.225	65109756.61037882
-1.525	-0.175	75961382.71210863
-1.525	-0.125	21703252.20345961
-1.525	-0.0749999999999999	75961382.71210863
-1.525	-0.0249999999999999	86813008.81383842
-1.525	0.0250000000000001	162774391.5259471
-1.525	0.0750000000000001	217032522.0345961
-1.525	0.125	195329269.8311364
-1.525	0.175	358103661.3570835
-1.525	0.225	358103661.3570835
-1.525	0.275	390658539.6622729
-1.525	0.325	651097566.1037883
-1.525	0.375	585987809.4934094
-1.525	0.425	618542687.7985989
-1.525	0.475	1182827245.088549
-1.525	0.525	987497975.2574122
-1.525	0.575	1247937001.698927
-1.525	0.625	1291343506.105847
-1.525	0.675	1345601636.614496
-1.525	0.725	1768815054.581958
-1.525	0.775	2202880098.65115
-1.525	0.825	1953292698.311365
-1.525	0.875	2040105707.125203
-1.525	0.925	2387357742.380557
-1.525	0.975	2409060994.584016
-1.525	1.025	2691203273.228991
-1.525	1.075	2474170751.194396
-1.525	1.125	2919087421.365317
-1.525	1.175	2105215463.735582
-1.525	1.225	2463319125.092665
-1.525	1.275	2116067089.837312
-1.525	1.325	1671150419.66639
-1.525	1.375	1421563019.326604
-1.525	1.425	1106865862.37644
-1.525	1.475	857278462.0366545
-1.525	1.525	629394313.9003286
-1.525	1.575	347252035.2553537
-1.525	1.625	206180895.9328662
-1.525	1.675	162774391.5259471
-1.525	1.725	97664634.91556822
-1.525	1.775	65109756.61037882
-1.525	1.825	10851626.1017298
-1.525	1.875	10851626.1017298
-1.525	1.925	0
-1.525	1.975	0
-1.525	2.025	0
-1.525	2.075	0
-1.525	2.125	0
-1.525	2.175	0
-1.525	2.225	0
-1.525	2.275	0
-1.525	2.325	0
-1.525	2.375	0
-1.525	2.425	0
-1.525	2.475	0
-1.525	2.525	0
-1.525	2.575	0
-1.525	2.625	0
-1.475	-1.975	0
-1.475	-1.925	0
-1.475	-1.875	0
-1.475	-1.825	0
-1.475	-1.775	0
-1.475	-1.725	0
-1.475	-1.675	0
-1.475	-1.625	0
-1.475	-1.575	0
-1.475	-1.525	0
-1.475	-1.475	0
-1.475	-1.425	0
-1.475	-1.375	0
-1.475	-1.325	0
-1.475	-1.275	0
-1.475	-1.225	0
-1.475	-1.175	10851626.1017298
-1.475	-1.125	0
-1.475	-1.075	0
-1.475	-1.025	0
-1.475	-0.975	0
-1.475	-0.925	10851626.1017298
-1.475	-0.875	10851626.1017298
-1.475	-0.825	21703252.20345961
-1.475	-0.775	0
-1.475	-0.725	10851626.1017298
-1.475	-0.675	32554878.30518941
-1.475	-0.625	10851626.1017298
-1.475	-0.575	10851626.1017298
-1.475	-0.525	21703252.20345961
-1.475	-0.475	10851626.1017298
-1.475	-0.425	32554878.30518941
-1.475	-0.375	32554878.30518941
-1.475	-0.325	10851626.1017298
-1.475	-0.275	141071139.3224874
-1.475	-0.225	65109756.61037882
-1.475	-0.175	54258130.50864901
-1.475	-0.125	162774391.5259471
-1.475	-0.0749999999999999	162774391.5259471
-1.475	-0.0249999999999999	184477643.7294067
-1.475	0.0250000000000001	217032522.0345961
-1.475	0.0750000000000001	238735774.2380557
-1.475	0.125	303845530.8484345
-1.475	0.175	325548783.0518941
-1.475	0.225	466619922.3743815
-1.475	0.275	575136183.3916796
-1.475	0.325	607691061.696869
-1.475	0.375	792168705.4262756
-1.475	0.425	954943096.9522227
-1.475	0.475	1139420740.681629
-1.475	0.525	1117717488.47817
-1.475	0.575	1399859767.123145
-1.475	0.625	1671150419.66639
-1.475	0.675	1812221558.988877
-1.475	0.725	2278841481.363259
-1.475	0.775	2409060994.584016
-1.475	0.825	2192028472.54942
-1.475	0.875	2853977664.754938
-1.475	0.925	2528428881.703044
-1.475	0.975	2919087421.365317
-1.475	1.025	2897384169.161858
-1.475	1.075	2582687012.211693
-1.475	1.125	2702054899.330721
-1.475	1.175	2333099611.871908
-1.475	1.225	2300544733.566719
-1.475	1.275	2159473594.244231
-1.475	1.325	1964144324.413094
-1.475	1.375	1139420740.681629
-1.475	1.425	954943096.9522227
-1.475	1.475	781317079.3245457
-1.475	1.525	510026426.7813008
-1.475	1.575	249587400.3397855
-1.475	1.625	130219513.2207576
-1.475	1.675	97664634.91556822
-1.475	1.725	65109756.61037882
-1.475	1.775	21703252.20345961
-1.475	1.825	10851626.1017298
-1.475	1.875	0
-1.475	1.925	0
-1.475	1.975	0
-1.475	2.025	0
-1.475	2.075	0
-1.475	2.125	0
-1.475	2.175	0
-1.475	2.225	0
-1.475	2.275	0
-1.475	2.325	0
-1.475	2.375	0
-1.475	2.425	0
-1.475	2.475	0
-1.475	2.525	0
-1.475	2.575	0
-1.475	2.625	0
-1.425	-1.975	0
-1.425	-1.925	0
-1.425	-1.875	0
-1.425	-1.825	0
-1.425	-1.775	0
-1.425	-1.725	0
-1.425	-1.675	0
-1.425	-1.625	0
-1.425	-1.575	0
-1.425	-1.525	0
-1.425	-1.475	0
-1.425	-1.425	0
-1.425	-1.375	0
-1.425	-1.325	0
-1.425	-1.275	0
-1.425	-1.225	0
-1.425	-1.175	0
-1.425	-1.125	0
-1.425	-1.075	0
-1.425	-1.025	0
-1.425	-0.975	0
-1.425	-0.925	10851626.1017298
-1.425	-0.875	0
-1.425	-0.825	10851626.1017298
-1.425	-0.775	0
-1.425	-0.725	21703252.20345961
-1.425	-0.675	0
-1.425	-0.625	0
-1.425	-0.575	10851626.1017298
-1.425	-0.525	10851626.1017298
-1.425	-0.475	0
-1.425	-0.425	75961382.71210863
-1.425	-0.375	43406504.40691921
-1.425	-0.325	32554878.30518941
-1.425	-0.275	75961382.71210863
-1.425	-0.225	54258130.50864901
-1.425	-0.175	32554878.30518941
-1.425	-0.125	162774391.5259471
-1.425	-0.0749999999999999	86813008.81383842
-1.425	-0.0249999999999999	238735774.2380557
-1.425	0.0250000000000001	206180895.9328662
-1.425	0.0750000000000001	368955287.4588133
-1.425	0.125	401510165.7640027
-1.425	0.175	412361791.8657325
-1.425	0.225	640245940.0020584
-1.425	0.275	737910574.9176266
-1.425	0.325	705355696.6124371
-1.425	0.375	846426835.9349247
-1.425	0.425	1085162610.17298
-1.425	0.475	1323898384.411036
-1.425	0.525	1540930906.445632
-1.425	0.575	1909886193.904445
-1.425	0.625	1920737820.006175
-1.425	0.675	2398209368.482286
-1.425	0.725	2647796768.822072
-1.425	0.775	2495874003.397855
-1.425	0.825	2973345551.873966
-1.425	0.875	3081861812.891264
-1.425	0.925	3016752056.280886
-1.425	0.975	3038455308.484345
-1.425	1.025	3005900430.179156
-1.425	1.075	2908235795.263587
-1.425	1.125	2474170751.194396
-1.425	1.175	2702054899.330721
-1.425	1.225	2495874003.397855
-1.425	1.275	2050957333.226933
-1.425	1.325	1540930906.445632
-1.425	1.375	954943096.9522227
-1.425	1.425	640245940.0020584
-1.425	1.475	455768296.2726517
-1.425	1.525	249587400.3397855
-1.425	1.575	173626017.6276768
-1.425	1.625	108516261.017298
-1.425	1.675	65109756.61037882
-1.425	1.725	32554878.30518941
-1.425	1.775	0
-1.425	1.825	0
-1.425	1.875	0
-1.425	1.925	0
-1.425	1.975	0
-1.425	2.025	0
-1.425	2.075	0
-1.425	2.125	0
-1.425	2.175	0
-1.425	2.225	0
-1.425	2.275	0
-1.425	2.325	0
-1.425	2.375	0
-1.425	2.425	0
-1.425	2.475	0
-1.425	2.525	0
-1.425	2.575	0
-1.425	2.625	0
-1.375	-1.975	0
-1.375	-1.925	0
-1.375	-1.875	0
-1.375	-1.825	0
-1.375	-1.775	0
-1.375	-1.725	0
-1.375	-1.675	0
-1.375	-1.625	0
-1.375	-1.575	0
-1.375	-1.525	0
-1.375	-1.475	0
-1.375	-1.425	0
-1.375	-1.375	0
-1.375	-1.325	10851626.1017298
-1.375	-1.275	0
-1.375	-1.225	10851626.1017298
-1.375	-1.175	10851626.1017298
-1.375	-1.125	0
-1.375	-1.075	0
-1.375	-1.025	0
-1.375	-0.975	0
-1.375	-0.925	10851626.1017298
-1.375	-0.875	0
-1.375	-0.825	10851626.1017298
-1.375	-0.775	0
-1.375	-0.725	0
-1.375	-0.675	0
-1.375	-0.625	10851626.1017298
-1.375	-0.575	10851626.1017298
-1.375	-0.525	0
-1.375	-0.475	10851626.1017298
-1.375	-0.425	32554878.30518941
-1.375	-0.375	54258130.50864901
-1.375	-0.325	54258130.50864901
-1.375	-0.275	54258130.50864901
-1.375	-0.225	141071139.3224874
-1.375	-0.175	119367887.1190278
-1.375	-0.125	217032522.0345961
-1.375	-0.0749999999999999	173626017.6276768
-1.375	-0.0249999999999999	195329269.8311364
-1.375	0.0250000000000001	423213417.9674624
-1.375	0.0750000000000001	412361791.8657325
-1.375	0.125	510026426.7813008
-1.375	0.175	607691061.696869
-1.375	0.225	618542687.7985989
-1.375	0.275	716207322.714167
-1.375	0.325	1041756105.766061
-1.375	0.375	1215382123.393738
-1.375	0.425	1345601636.614496
-1.375	0.475	1888182941.700986
-1.375	0.525	1768815054.581958
-1.375	0.575	2159473594.244231
-1.375	0.625	2593538638.313423
-1.375	0.675	2474170751.194396
-1.375	0.725	3179526447.806832
-1.375	0.775	3212081326.112022
-1.375	0.825	3656997996.282944
-1.375	0.875	3331449213.23105
-1.375	0.925	3385707343.739699
-1.375	0.975	3266339456.620671
-1.375	1.025	3222932952.213752
-1.375	1.075	3233784578.315481
-1.375	1.125	2821422786.449749
-1.375	1.175	2192028472.54942
-1.375	1.225	1964144324.413094
-1.375	1.275	1584337410.852551
-1.375	1.325	1280491880.004117
-1.375	1.375	835575209.8331949
-1.375	1.425	640245940.0020584
-1.375	1.475	303845530.8484345
-1.375	1.525	195329269.8311364
-1.375	1.575	108516261.017298
-1.375	1.625	43406504.40691921
-1.375	1.675	32554878.30518941
-1.375	1.725	0
-1.375	1.775	0
-1.375	1.825	10851626.1017298
-1.375	1.875	0
-1.375	1.925	10851626.1017298
-1.375	1.975	0
-1.375	2.025	0
-1.375	2.075	0
-1.375	2.125	0
-1.375	2.175	0
-1.375	2.225	0
-1.375	2.275	0
-1.375	2.325	0
-1.375	2.375	0
-1.375	2.425	0
-1.375	2.475	0
-1.375	2.525	0
-1.375	2.575	0
-1.375	2.625	0
-1.325	-1.975	0
-1.325	-1.925	0
-1.325	-1.875	0
-1.325	-1.825	10851626.1017298
-1.325	-1.775	0
-1.325	-1.725	0
-1.325	-1.675	0
-1.325	-1.625	0
-1.325	-1.575	0
-1.325	-1.525	0
-1.325	-1.475	0
-1.325	-1.425	0
-1.325	-1.375	21703252.20345961
-1.325	-1.325	0
-1.325	-1.275	0
-1.325	-1.225	0
-1.325	-1.175	10851626.1017298
-1.325	-1.125	0
-1.325	-1.075	0
-1.325	-1.025	0
-1.325	-0.975	0
-1.325	-0.925	10851626.1017298
-1.325	-0.875	0
-1.325	-0.825	0
-1.325	-0.775	10851626.1017298
-1.325	-0.725	0
-1.325	-0.675	10851626.1017298
-1.325	-0.625	10851626.1017298
-1.325	-0.575	10851626.1017298
-1.325	-0.525	10851626.1017298
-1.325	-0.475	10851626.1017298
-1.325	-0.425	43406504.40691921
-1.325	-0.375	54258130.50864901
-1.325	-0.325	32554878.30518941
-1.325	-0.275	65109756.61037882
-1.325	-0.225	108516261.017298
-1.325	-0.175	195329269.8311364
-1.325	-0.125	217032522.0345961
-1.325	-0.0749999999999999	238735774.2380557
-1.325	-0.0249999999999999	292993904.7467047
-1.325	0.0250000000000001	488323174.5778412
-1.325	0.0750000000000001	510026426.7813008
-1.325	0.125	596839435.5951393
-1.325	0.175	759613827.1210862
-1.325	0.225	889833340.341844
-1.325	0.275	944091470.850493
-1.325	0.325	1117717488.47817
-1.325	0.375	1812221558.988877
-1.325	0.425	1801369932.887147
-1.325	0.475	2202880098.65115
-1.325	0.525	2604390264.415153
-1.325	0.575	2647796768.822072
-1.325	0.625	2864829290.856668
-1.325	0.675	2995048804.077425
-1.325	0.725	3483371978.655267
-1.325	0.775	3407410595.943158
-1.325	0.825	3819772387.808891
-1.325	0.875	3884882144.41927
-1.325	0.925	3439965474.248347
-1.325	0.975	3635294744.079484
-1.325	1.025	3613591491.876024
-1.325	1.075	3255487830.518941
-1.325	1.125	2376506116.278827
-1.325	1.175	2202880098.65115
-1.325	1.225	1757963428.480228
-1.325	1.275	1074310984.07125
-1.325	1.325	813871957.6297354
-1.325	1.375	564284557.2899498
-1.325	1.425	358103661.3570835
-1.325	1.475	227884148.1363259
-1.325	1.525	54258130.50864901
-1.325	1.575	21703252.20345961
-1.325	1.625	43406504.40691921
-1.325	1.675	10851626.1017298
-1.325	1.725	0
-1.325	1.775	10851626.1017298
-1.325	1.825	0
-1.325	1.875	0
-1.325	1.925	0
-1.325	1.975	0
-1.325	2.025	0
-1.325	2.075	0
-1.325	2.125	0
-1.325	2.175	0
-1.325	2.225	0
-1.325	2.275	0
-1.325	2.325	0
-1.325	2.375	0
-1.325	2.425	0
-1.325	2.475	0
-1.325	2.525	0
-1.325	2.575	0
-1.325	2.625	0
-1.275	-1.975	0
-1.275	-1.925	0
-1.275	-1.875	0
-1.275	-1.825	0
-1.275	-1.775	0
-1.275	-1.725	0
-1.275	-1.675	0
-1.275	-1.625	0
-1.275	-1.575	0
-1.275	-1.525	0
-1.275	-1.475	0
-1.275	-1.425	0
-1.275	-1.375	0
-1.275	-1.325	10851626.1017298
-1.275	-1.275	10851626.1017298
-1.275	-1.225	0
-1.275	-1.175	0
-1.275	-1.125	10851626.1017298
-1.275	-1.075	0
-1.275	-1.025	0
-1.275	-0.975	0
-1.275	-0.925	0
-1.275	-0.875	10851626.1017298
-1.275	-0.825	0
-1.275	-0.775	21703252.20345961
-1.275	-0.725	10851626.1017298
-1.275	-0.675	0
-1.275	-0.625	0
-1.275	-0.575	21703252.20345961
-1.275	-0.525	21703252.20345961
-1.275	-0.475	43406504.40691921
-1.275	-0.425	21703252.20345961
-1.275	-0.375	97664634.91556822
-1.275	-0.325	21703252.20345961
-1.275	-0.275	119367887.1190278
-1.275	-0.225	151922765.4242173
-1.275	-0.175	238735774.2380557
-1.275	-0.125	314697156.9501643
-1.275	-0.0749999999999999	303845530.8484345
-1.275	-0.0249999999999999	466619922.3743815
-1.275	0.0250000000000001	510026426.7813008
-1.275	0.0750000000000001	575136183.3916796
-1.275	0.125	716207322.714167
-1.275	0.175	954943096.9522227
-1.275	0.225	933239844.7487631
-1.275	0.275	1193678871.190279
-1.275	0.325	1855628063.395796
-1.275	0.375	1953292698.311365
-1.275	0.425	2289693107.464988
-1.275	0.475	2409060994.584016
-1.275	0.525	2908235795.263587
-1.275	0.575	3092713438.992994
-1.275	0.625	3201229700.010292
-1.275	0.675	3841475640.012351
-1.275	0.725	3722107752.893322
-1.275	0.775	3982546779.334838
-1.275	0.825	3819772387.808891
-1.275	0.875	4112766292.555595
-1.275	0.925	3765514257.300242
-1.275	0.975	3722107752.893322
-1.275	1.025	3222932952.213752
-1.275	1.075	2973345551.873966
-1.275	1.125	2539280507.804774
-1.275	1.175	1855628063.395796
-1.275	1.225	1464969523.733523
-1.275	1.275	1063459357.969521
-1.275	1.325	694504070.5107074
-1.275	1.375	292993904.7467047
-1.275	1.425	173626017.6276768
-1.275	1.475	97664634.91556822
-1.275	1.525	54258130.50864901
-1.275	1.575	0
-1.275	1.625	21703252.20345961
-1.275	1.675	0
-1.275	1.725	0
-1.275	1.775	0
-1.275	1.825	0
-1.275	1.875	0
-1.275	1.925	0
-1.275	1.975	0
-1.275	2.025	0
-1.275	2.075	0
-1.275	2.125	0
-1.275	2.175	0
-1.275	2.225	0
-1.275	2.275	0
-1.275	2.325	0
-1.275	2.375	0
-1.275	2.425	0
-1.275	2.475	0
-1.275	2.525	0
-1.275	2.575	0
-1.275	2.625	0
-1.225	-1.975	10851626.1017298
-1.225	-1.925	0
-1.225	-1.875	0
-1.225	-1.825	0
-1.225	-1.775	0
-1.225	-1.725	10851626.1017298
-1.225	-1.675	0
-1.225	-1.625	0
-1.225	-1.575	0
-1.225	-1.525	0
-1.225	-1.475	0
-1.225	-1.425	0
-1.225	-1.375	0
-1.225	-1.325	0
-1.225	-1.275	0
-1.225	-1.225	0
-1.225	-1.175	0
-1.225	-1.125	10851626.1017298
-1.225	-1.075	0
-1.225	-1.025	10851626.1017298
-1.225	-0.975	10851626.1017298
-1.225	-0.925	0
-1.225	-0.875	0
-1.225	-0.825	10851626.1017298
-1.225	-0.775	10851626.1017298
-1.225	-0.725	10851626.1017298
-1.225	-0.675	0
-1.225	-0.625	21703252.20345961
-1.225	-0.575	0
-1.225	-0.525	0
-1.225	-0.475	54258130.50864901
-1.225	-0.425	75961382.71210863
-1.225	-0.375	97664634.91556822
-1.225	-0.325	130219513.2207576
-1.225	-0.275	173626017.6276768
-1.225	-0.225	282142278.6449749
-1.225	-0.175	260439026.4415153
-1.225	-0.125	292993904.7467047
-1.225	-0.0749999999999999	368955287.4588133
-1.225	-0.0249999999999999	575136183.3916796
-1.225	0.0250000000000001	640245940.0020584
-1.225	0.0750000000000001	781317079.3245457
-1.225	0.125	911536592.5453035
-1.225	0.175	998349601.3591418
-1.225	0.225	1280491880.004117
-1.225	0.275	1540930906.445632
-1.225	0.325	1909886193.904445
-1.225	0.375	2419912620.685746
-1.225	0.425	2387357742.380557
-1.225	0.475	2995048804.077425
-1.225	0.525	3190378073.908563
-1.225	0.575	3949991901.029649
-1.225	0.625	4058508162.046946
-1.225	0.675	4286392310.183272
-1.225	0.725	4264689057.979813
-1.225	0.775	4633644345.438626
-1.225	0.825	4557682962.726518
-1.225	0.875	4394908571.200571
-1.225	0.925	3852327266.11408
-1.225	0.975	3841475640.012351
-1.225	1.025	2767164655.9411
-1.225	1.075	2463319125.092665
-1.225	1.125	2202880098.65115
-1.225	1.175	1595189036.954281
-1.225	1.225	1204530497.292008
-1.225	1.275	748762201.0193564
-1.225	1.325	444916670.170922
-1.225	1.375	227884148.1363259
-1.225	1.425	130219513.2207576
-1.225	1.475	86813008.81383842
-1.225	1.525	0
-1.225	1.575	0
-1.225	1.625	0
-1.225	1.675	0
-1.225	1.725	0
-1.225	1.775	0
-1.225	1.825	0
-1.225	1.875	0
-1.225	1.925	0
-1.225	1.975	0
-1.225	2.025	0
-1.225	2.075	0
-1.225	2.125	0
-1.225	2.175	0
-1.225	2.225	0
-1.225	2.275	0
-1.225	2.325	0
-1.225	2.375	0
-1.225	2.425	0
-1.225	2.475	0
-1.225	2.525	0
-1.225	2.575	0
-1.225	2.625	0
-1.175	-1.975	0
-1.175	-1.925	0
-1.175	-1.875	0
-1.175	-1.825	0
-1.175	-1.775	0
-1.175	-1.725	0
-1.175	-1.675	0
-1.175	-1.625	0
-1.175	-1.575	0
-1.175	-1.525	10851626.1017298
-1.175	-1.475	0
-1.175	-1.425	0
-1.175	-1.375	0
-1.175	-1.325	10851626.1017298
-1.175	-1.275	21703252.20345961
-1.175	-1.225	0
-1.175	-1.175	0
-1.175	-1.125	0
-1.175	-1.075	0
-1.175	-1.025	0
-1.175	-0.975	10851626.1017298
-1.175	-0.925	0
-1.175	-0.875	21703252.20345961
-1.175	-0.825	0
-1.175	-0.775	10851626.1017298
-1.175	-0.725	0
-1.175	-0.675	32554878.30518941
-1.175	-0.625	10851626.1017298
-1.175	-0.575	32554878.30518941
-1.175	-0.525	10851626.1017298
-1.175	-0.475	54258130.50864901
-1.175	-0.425	54258130.50864901
-1.175	-0.375	97664634.91556822
-1.175	-0.325	162774391.5259471
-1.175	-0.275	141071139.3224874
-1.175	-0.225	206180895.9328662
-1.175	-0.175	249587400.3397855
-1.175	-0.125	379806913.5605431
-1.175	-0.0749999999999999	510026426.7813008
-1.175	-0.0249999999999999	618542687.7985989
-1.175	0.0250000000000001	835575209.8331949
-1.175	0.0750000000000001	1009201227.460872
-1.175	0.125	1063459357.969521
-1.175	0.175	1508376028.140443
-1.175	0.225	1573485784.750822
-1.175	0.275	2126918715.939042
-1.175	0.325	2517577255.601315
-1.175	0.375	2550132133.906504
-1.175	0.425	3179526447.806832
-1.175	0.475	3591888239.672565
-1.175	0.525	4253837431.878083
-1.175	0.575	4036804909.843487
-1.175	0.625	4590237841.031707
-1.175	0.675	4742160606.455924
-1.175	0.725	4926638250.18533
-1.175	0.775	4894083371.880141
-1.175	0.825	4709605728.150735
-1.175	0.875	4232134179.674623
-1.175	0.925	4091063040.352136
-1.175	0.975	3678701248.486403
-1.175	1.025	2843126038.653209
-1.175	1.075	2213731724.75288
-1.175	1.125	1660298793.56466
-1.175	1.175	1204530497.292008
-1.175	1.225	803020331.5280055
-1.175	1.275	488323174.5778412
-1.175	1.325	347252035.2553537
-1.175	1.375	130219513.2207576
-1.175	1.425	54258130.50864901
-1.175	1.475	54258130.50864901
-1.175	1.525	32554878.30518941
-1.175	1.575	0
-1.175	1.625	0
-1.175	1.675	0
-1.175	1.725	0
-1.175	1.775	0
-1.175	1.825	0
-1.175	1.875	0
-1.175	1.925	0
-1.175	1.975	0
-1.175	2.025	0
-1.175	2.075	0
-1.175	2.125	0
-1.175	2.175	0
-1.175	2.225	0
-1.175	2.275	0
-1.175	2.325	0
-1.175	2.375	0
-1.175	2.425	0
-1.175	2.475	0
-1.175	2.525	0
-1.175	2.575	0
-1.175	2.625	0
-1.125	-1.975	0
-1.125	-1.925	0
-1.125	-1.875	0
-1.125	-1.825	0
-1.125	-1.775	0
-1.125	-1.725	0
-1.125	-1.675	0
-1.125	-1.625	0
-1.125	-1.575	0
-1.125	-1.525	0
-1.125	-1.475	10851626.1017298
-1.125	-1.425	10851626.1017298
-1.125	-1.375	10851626.1017298
-1.125	-1.325	21703252.20345961
-1.125	-1.275	10851626.1017298
-1.125	-1.225	10851626.1017298
-1.125	-1.175	0
-1.125	-1.125	21703252.20345961
-1.125	-1.075	10851626.1017298
-1.125	-1.025	10851626.1017298
-1.125	-0.975	0
-1.125	-0.925	10851626.1017298
-1.125	-0.875	10851626.1017298
-1.125	-0.825	32554878.30518941
-1.125	-0.775	10851626.1017298
-1.125	-0.725	0
-1.125	-0.675	21703252.20345961
-1.125	-0.625	32554878.30518941
-1.125	-0.575	54258130.50864901
-1.125	-0.525	43406504.40691921
-1.125	-0.475	65109756.61037882
-1.125	-0.425	130219513.2207576
-1.125	-0.375	195329269.8311364
-1.125	-0.325	130219513.2207576
-1.125	-0.275	292993904.7467047
-1.125	-0.225	292993904.7467047
-1.125	-0.175	282142278.6449749
-1.125	-0.125	466619922.3743815
-1.125	-0.0749999999999999	477471548.4761114
-1.125	-0.0249999999999999	965794723.0539525
-1.125	0.0250000000000001	1063459357.969521
-1.125	0.0750000000000001	1193678871.190279
-1.125	0.125	1464969523.733523
-1.125	0.175	1519227654.242172
-1.125	0.225	2192028472.54942
-1.125	0.275	2593538638.313423
-1.125	0.325	2908235795.263587
-1.125	0.375	3320597587.12932
-1.125	0.425	3613591491.876024
-1.125	0.475	3982546779.334838
-1.125	0.525	4644495971.540356
-1.125	0.575	4991748006.79571
-1.125	0.625	4904934997.981872
-1.125	0.675	5642845572.899497
-1.125	0.725	5382406546.457982
-1.125	0.775	5686252077.306417
-1.125	0.825	4883231745.778411
-1.125	0.875	4286392310.183272
-1.125	0.925	3537630109.163916
-1.125	0.975	3103565065.094724
-1.125	1.025	2452467498.990936
-1.125	1.075	1747111802.378499
-1.125	1.125	1030904479.664331
-1.125	1.175	835575209.8331949
-1.125	1.225	358103661.3570835
-1.125	1.275	358103661.3570835
-1.125	1.325	151922765.4242173
-1.125	1.375	108516261.017298
-1.125	1.425	65109756.61037882
-1.125	1.475	10851626.1017298
-1.125	1.525	0
-1.125	1.575	0
-1.125	1.625	0
-1.125	1.675	0
-1.125	1.725	0
-1.125	1.775	0
-1.125	1.825	0
-1.125	1.875	0
-1.125	1.925	0
-1.125	1.975	0
-1.125	2.025	0
-1.125	2.075	0
-1.125	2.125	0
-1.125	2.175	0
-1.125	2.225	0
-1.125	2.275	0
-1.125	2.325	0
-1.125	2.375	0
-1.125	2.425	0
-1.125	2.475	0
-1.125	2.525	0
-1.125	2.575	0
-1.125	2.625	0
-1.075	-1.975	0
-1.075	-1.925	0
-1.075	-1.875	0
-1.075	-1.825	0
-1.075	-1.775	0
-1.075	-1.725	0
-1.075	-1.675	0
-1.075	-1.625	10851626.1017298
-1.075	-1.575	0
-1.075	-1.525	0
-1.075	-1.475	10851626.1017298
-1.075	-1.425	0
-1.075	-1.375	21703252.20345961
-1.075	-1.325	21703252.20345961
-1.075	-1.275	0
-1.075	-1.225	0
-1.075	-1.175	10851626.1017298
-1.075	-1.125	0
-1.075	-1.075	0
-1.075	-1.025	21703252.20345961
-1.075	-0.975	10851626.1017298
-1.075	-0.925	10851626.1017298
-1.075	-0.875	21703252.20345961
-1.075	-0.825	10851626.1017298
-1.075	-0.775	54258130.50864901
-1.075	-0.725	21703252.20345961
-1.075	-0.675	10851626.1017298
-1.075	-0.625	65109756.61037882
-1.075	-0.575	54258130.50864901
-1.075	-0.525	86813008.81383842
-1.075	-0.475	108516261.017298
-1.075	-0.425	130219513.2207576
-1.075	-0.375	141071139.3224874
-1.075	-0.325	162774391.5259471
-1.075	-0.275	249587400.3397855
-1.075	-0.225	488323174.5778412
-1.075	-0.175	314697156.9501643
-1.075	-0.125	770465453.2228161
-1.075	-0.0749999999999999	781317079.3245457
-1.075	-0.0249999999999999	846426835.9349247
-1.075	0.0250000000000001	1291343506.105847
-1.075	0.0750000000000001	1573485784.750822
-1.075	0.125	1725408550.175039
-1.075	0.175	1899034567.802716
-1.075	0.225	2376506116.278827
-1.075	0.275	3125268317.298183
-1.075	0.325	3494223604.756997
-1.075	0.375	3895733770.520999
-1.075	0.425	4449166701.709219
-1.075	0.475	4904934997.981872
-1.075	0.525	5339000042.051064
-1.075	0.575	5914136225.442742
-1.075	0.625	5512626059.67874
-1.075	0.675	5339000042.051064
-1.075	0.725	5805619964.425445
-1.075	0.775	5035154511.202629
-1.075	0.825	4145321170.860785
-1.075	0.875	4025953283.741757
-1.075	0.925	3537630109.163916
-1.075	0.975	2615241890.516882
-1.075	1.025	2257138229.159799
-1.075	1.075	1410711393.224874
-1.075	1.125	878981714.2401141
-1.075	1.175	510026426.7813008
-1.075	1.225	314697156.9501643
-1.075	1.275	141071139.3224874
-1.075	1.325	119367887.1190278
-1.075	1.375	21703252.20345961
-1.075	1.425	21703252.20345961
-1.075	1.475	0
-1.075	1.525	0
-1.075	1.575	0
-1.075	1.625	0
-1.075	1.675	0
-1.075	1.725	0
-1.075	1.775	0
-1.075	1.825	0
-1.075	1.875	0
-1.075	1.925	0
-1.075	1.975	0
-1.075	2.025	0
-1.075	2.075	0
-1.075	2.125	0
-1.075	2.175	0
-1.075	2.225	0
-1.075	2.275	0
-1.075	2.325	0
-1.075	2.375	0
-1.075	2.425	0
-1.075	2.475	0
-1.075	2.525	0
-1.075	2.575	0
-1.075	2.625	0
-1.025	-1.975	0
-1.025	-1.925	0
-1.025	-1.875	0
-1.025	-1.825	0
-1.025	-1.775	0
-1.025	-1.725	0
-1.025	-1.675	0
-1.025	-1.625	0
-1.025	-1.575	0
-1.025	-1.525	0
-1.025	-1.475	0
-1.025	-1.425	21703252.20345961
-1.025	-1.375	0
-1.025	-1.325	21703252.20345961
-1.025	-1.275	0
-1.025	-1.225	0
-1.025	-1.175	32554878.30518941
-1.025	-1.125	21703252.20345961
-1.025	-1.075	21703252.20345961
-1.025	-1.025	10851626.1017298
-1.025	-0.975	0
-1.025	-0.925	21703252.20345961
-1.025	-0.875	10851626.1017298
-1.025	-0.825	54258130.50864901
-1.025	-0.775	21703252.20345961
-1.025	-0.725	32554878.30518941
-1.025	-0.675	21703252.20345961
-1.025	-0.625	43406504.40691921
-1.025	-0.575	54258130.50864901
-1.025	-0.525	75961382.71210863
-1.025	-0.475	130219513.2207576
-1.025	-0.425	130219513.2207576
-1.025	-0.375	119367887.1190278
-1.025	-0.325	195329269.8311364
-1.025	-0.275	336400409.1536239
-1.025	-0.225	488323174.5778412
-1.025	-0.175	629394313.9003286
-1.025	-0.125	748762201.0193564
-1.025	-0.0749999999999999	857278462.0366545
-1.025	-0.0249999999999999	1204530497.292008
-1.025	0.0250000000000001	1595189036.954281
-1.025	0.0750000000000001	1497524402.038713
-1.025	0.125	2126918715.939042
-1.025	0.175	2832274412.551479
-1.025	0.225	3005900430.179156
-1.025	0.275	3732959378.995052
-1.025	0.325	4036804909.843487
-1.025	0.375	4427463449.50576
-1.025	0.425	5078561015.609549
-1.025	0.475	5718806955.611607
-1.025	0.525	5642845572.899497
-1.025	0.575	6076910616.96869
-1.025	0.625	6272239886.799827
-1.025	0.675	6467569156.630962
-1.025	0.725	5892432973.239284
-1.025	0.775	5078561015.609549
-1.025	0.825	4644495971.540356
-1.025	0.875	3765514257.300242
-1.025	0.925	2452467498.990936
-1.025	0.975	1768815054.581958
-1.025	1.025	1519227654.242172
-1.025	1.075	900684966.4435737
-1.025	1.125	596839435.5951393
-1.025	1.175	368955287.4588133
-1.025	1.225	217032522.0345961
-1.025	1.275	86813008.81383842
-1.025	1.325	54258130.50864901
-1.025	1.375	10851626.1017298
-1.025	1.425	0
-1.025	1.475	0
-1.025	1.525	0
-1.025	1.575	0
-1.025	1.625	0
-1.025	1.675	0
-1.025	1.725	0
-1.025	1.775	0
-1.025	1.825	0
-1.025	1.875	0
-1.025	1.925	0
-1.025	1.975	0
-1.025	2.025	0
-1.025	2.075	0
-1.025	2.125	0
-1.025	2.175	0
-1.025	2.225	0
-1.025	2.275	0
-1.025	2.325	0
-1.025	2.375	0
-1.025	2.425	0
-1.025	2.475	0
-1.025	2.525	0
-1.025	2.575	0
-1.025	2.625	0
-0.974999999999999	-1.975	10851626.1017298
-0.974999999999999	-1.925	0
-0.974999999999999	-1.875	0
-0.974999999999999	-1.825	0
-0.974999999999999	-1.775	0
-0.974999999999999	-1.725	0
-0.974999999999999	-1.675	0
-0.974999999999999	-1.625	0
-0.974999999999999	-1.575	10851626.1017298
-0.974999999999999	-1.525	0
-0.974999999999999	-1.475	0
-0.974999999999999	-1.425	10851626.1017298
-0.974999999999999	-1.375	21703252.20345961
-0.974999999999999	-1.325	0
-0.974999999999999	-1.275	32554878.30518941
-0.974999999999999	-1.225	0
-0.974999999999999	-1.175	21703252.20345961
-0.974999999999999	-1.125	0
-0.974999999999999	-1.075	0
-0.974999999999999	-1.025	0
-0.974999999999999	-0.975	21703252.20345961
-0.974999999999999	-0.925	10851626.1017298
-0.974999999999999	-0.875	10851626.1017298
-0.974999999999999	-0.825	21703252.20345961
-0.974999999999999	-0.775	21703252.20345961
-0.974999999999999	-0.725	43406504.40691921
-0.974999999999999	-0.675	54258130.50864901
-0.974999999999999	-0.625	97664634.91556822
-0.974999999999999	-0.575	75961382.71210863
-0.974999999999999	-0.525	97664634.91556822
-0.974999999999999	-0.475	119367887.1190278
-0.974999999999999	-0.425	162774391.5259471
-0.974999999999999	-0.375	368955287.4588133
-0.974999999999999	-0.325	314697156.9501643
-0.974999999999999	-0.275	434065044.0691921
-0.974999999999999	-0.225	596839435.5951393
-0.974999999999999	-0.175	737910574.9176266
-0.974999999999999	-0.125	965794723.0539525
-0.974999999999999	-0.0749999999999999	1052607731.867791
-0.974999999999999	-0.0249999999999999	1443266271.530064
-0.974999999999999	0.0250000000000001	1682002045.76812
-0.974999999999999	0.0750000000000001	1964144324.413094
-0.974999999999999	0.125	2441615872.889205
-0.974999999999999	0.175	3201229700.010292
-0.974999999999999	0.225	3483371978.655267
-0.974999999999999	0.275	4167024423.064244
-0.974999999999999	0.325	4948341502.388791
-0.974999999999999	0.375	5187077276.626846
-0.974999999999999	0.425	5859878094.934093
-0.974999999999999	0.475	6576085417.648261
-0.974999999999999	0.525	6619491922.05518
-0.974999999999999	0.575	6435014278.325774
-0.974999999999999	0.625	6945040705.107074
-0.974999999999999	0.675	5783916712.221985
-0.974999999999999	0.725	5740510207.815066
-0.974999999999999	0.775	4525128084.421329
-0.974999999999999	0.825	3852327266.11408
-0.974999999999999	0.875	2919087421.365317
-0.974999999999999	0.925	2354802864.075367
-0.974999999999999	0.975	1464969523.733523
-0.974999999999999	1.025	1150272366.783359
-0.974999999999999	1.075	824723583.731465
-0.974999999999999	1.125	292993904.7467047
-0.974999999999999	1.175	217032522.0345961
-0.974999999999999	1.225	130219513.2207576
-0.974999999999999	1.275	65109756.61037882
-0.974999999999999	1.325	10851626.1017298
-0.974999999999999	1.375	10851626.1017298
-0.974999999999999	1.425	0
-0.974999999999999	1.475	0
-0.974999999999999	1.525	0
-0.974999999999999	1.575	0
-0.974999999999999	1.625	0
-0.974999999999999	1.675	0
-0.974999999999999	1.725	0
-0.974999999999999	1.775	0
-0.974999999999999	1.825	0
-0.974999999999999	1.875	0
-0.974999999999999	1.925	0
-0.974999999999999	1.975	0
-0.974999999999999	2.025	0
-0.974999999999999	2.075	0
-0.974999999999999	2.125	0
-0.974999999999999	2.175	0
-0.974999999999999	2.225	0
-0.974999999999999	2.275	0
-0.974999999999999	2.325	0
-0.974999999999999	2.375	0
-0.974999999999999	2.425	0
-0.974999999999999	2.475	0
-0.974999999999999	2.525	0
-0.974999999999999	2.575	0
-0.974999999999999	2.625	0
-0.924999999999999	-1.975	0
-0.924999999999999	-1.925	0
-0.924999999999999	-1.875	0
-0.924999999999999	-1.825	0
-0.924999999999999	-1.775	0
-0.924999999999999	-1.725	0
-0.924999999999999	-1.675	0
-0.924999999999999	-1.625	10851626.1017298
-0.924999999999999	-1.575	32554878.30518941
-0.924999999999999	-1.525	21703252.20345961
-0.924999999999999	-1.475	0
-0.924999999999999	-1.425	32554878.30518941
-0.924999999999999	-1.375	10851626.1017298
-0.924999999999999	-1.325	21703252.20345961
-0.924999999999999	-1.275	10851626.1017298
-0.924999999999999	-1.225	21703252.20345961
-0.924999999999999	-1.175	0
-0.924999999999999	-1.125	21703252.20345961
-0.924999999999999	-1.075	10851626.1017298
-0.924999999999999	-1.025	0
-0.924999999999999	-0.975	10851626.1017298
-0.924999999999999	-0.925	32554878.30518941
-0.924999999999999	-0.875	54258130.50864901
-0.924999999999999	-0.825	43406504.40691921
-0.924999999999999	-0.775	10851626.1017298
-0.924999999999999	-0.725	21703252.20345961
-0.924999999999999	-0.675	65109756.61037882
-0.924999999999999	-0.625	97664634.91556822
-0.924999999999999	-0.575	65109756.61037882
-0.924999999999999	-0.525	108516261.017298
-0.924999999999999	-0.475	173626017.6276768
-0.924999999999999	-0.425	108516261.017298
-0.924999999999999	-0.375	303845530.8484345
-0.924999999999999	-0.325	336400409.1536239
-0.924999999999999	-0.275	488323174.5778412
-0.924999999999999	-0.225	911536592.5453035
-0.924999999999999	-0.175	1052607731.867791
-0.924999999999999	-0.125	1334750010.512766
-0.924999999999999	-0.0749999999999999	1595189036.954281
-0.924999999999999	-0.0249999999999999	1866479689.497526
-0.924999999999999	0.0250000000000001	2148621968.142501
-0.924999999999999	0.0750000000000001	2485022377.296125
-0.924999999999999	0.125	3125268317.298183
-0.924999999999999	0.175	4091063040.352136
-0.924999999999999	0.225	4264689057.979813
-0.924999999999999	0.275	4959193128.49052
-0.924999999999999	0.325	5773065086.120255
-0.924999999999999	0.375	6402459400.020584
-0.924999999999999	0.425	6836524444.089776
-0.924999999999999	0.475	6630343548.15691
-0.924999999999999	0.525	7238034609.853779
-0.924999999999999	0.575	7053556966.124372
-0.924999999999999	0.625	6619491922.05518
-0.924999999999999	0.675	5968394355.951392
-0.924999999999999	0.725	5252187033.237225
-0.924999999999999	0.775	4438315075.60749
-0.924999999999999	0.825	3298894334.92586
-0.924999999999999	0.875	2485022377.296125
-0.924999999999999	0.925	1812221558.988877
-0.924999999999999	0.975	1074310984.07125
-0.924999999999999	1.025	716207322.714167
-0.924999999999999	1.075	358103661.3570835
-0.924999999999999	1.125	206180895.9328662
-0.924999999999999	1.175	75961382.71210863
-0.924999999999999	1.225	21703252.20345961
-0.924999999999999	1.275	0
-0.924999999999999	1.325	10851626.1017298
-0.924999999999999	1.375	0
-0.924999999999999	1.425	0
-0.924999999999999	1.475	0
-0.924999999999999	1.525	0
-0.924999999999999	1.575	0
-0.924999999999999	1.625	0
-0.924999999999999	1.675	0
-0.924999999999999	1.725	0
-0.924999999999999	1.775	0
-0.924999999999999	1.825	0
-0.924999999999999	1.875	0
-0.924999999999999	1.925	0
-0.924999999999999	1.975	0
-0.924999999999999	2.025	0
-0.924999999999999	2.075	0
-0.924999999999999	2.125	0
-0.924999999999999	2.175	0
-0.924999999999999	2.225	0
-0.924999999999999	2.275	0
-0.924999999999999	2.325	0
-0.924999999999999	2.375	0
-0.924999999999999	2.425	0
-0.924999999999999	2.475	0
-0.924999999999999	2.525	0
-0.924999999999999	2.575	0
-0.924999999999999	2.625	0
-0.874999999999999	-1.975	0
-0.874999999999999	-1.925	10851626.1017298
-0.874999999999999	-1.875	0
-0.874999999999999	-1.825	0
-0.874999999999999	-1.775	0
-0.874999999999999	-1.725	0
-0.874999999999999	-1.675	0
-0.874999999999999	-1.625	0
-0.874999999999999	-1.575	10851626.1017298
-0.874999999999999	-1.525	21703252.20345961
-0.874999999999999	-1.475	0
-0.874999999999999	-1.425	10851626.1017298
-0.874999999999999	-1.375	10851626.1017298
-0.874999999999999	-1.325	0
-0.874999999999999	-1.275	21703252.20345961
-0.874999999999999	-1.225	10851626.1017298
-0.874999999999999	-1.175	21703252.20345961
-0.874999999999999	-1.125	10851626.1017298
-0.874999999999999	-1.075	10851626.1017298
-0.874999999999999	-1.025	10851626.1017298
-0.874999999999999	-0.975	32554878.30518941
-0.874999999999999	-0.925	32554878.30518941
-0.874999999999999	-0.875	54258130.50864901
-0.874999999999999	-0.825	43406504.40691921
-0.874999999999999	-0.775	10851626.1017298
-0.874999999999999	-0.725	86813008.81383842
-0.874999999999999	-0.675	54258130.50864901
-0.874999999999999	-0.625	65109756.61037882
-0.874999999999999	-0.575	141071139.3224874
-0.874999999999999	-0.525	162774391.5259471
-0.874999999999999	-0.475	184477643.7294067
-0.874999999999999	-0.425	292993904.7467047
-0.874999999999999	-0.375	444916670.170922
-0.874999999999999	-0.325	542581305.0864902
-0.874999999999999	-0.275	716207322.714167
-0.874999999999999	-0.225	878981714.2401141
-0.874999999999999	-0.175	1117717488.47817
-0.874999999999999	-0.125	1432414645.428334
-0.874999999999999	-0.0749999999999999	1877331315.599256
-0.874999999999999	-0.0249999999999999	2246286603.058069
-0.874999999999999	0.0250000000000001	2810571160.348019
-0.874999999999999	0.0750000000000001	3201229700.010292
-0.874999999999999	0.125	3678701248.486403
-0.874999999999999	0.175	4297243936.285002
-0.874999999999999	0.225	4991748006.79571
-0.874999999999999	0.275	5773065086.120255
-0.874999999999999	0.325	6304794765.105017
-0.874999999999999	0.375	7216331357.650319
-0.874999999999999	0.425	7270589488.158969
-0.874999999999999	0.475	7096963470.531291
-0.874999999999999	0.525	7596138271.210862
-0.874999999999999	0.575	7129518348.836481
-0.874999999999999	0.625	6337349643.410205
-0.874999999999999	0.675	5360703294.254523
-0.874999999999999	0.725	4633644345.438626
-0.874999999999999	0.775	3190378073.908563
-0.874999999999999	0.825	2615241890.516882
-0.874999999999999	0.875	1660298793.56466
-0.874999999999999	0.925	1269640253.902387
-0.874999999999999	0.975	694504070.5107074
-0.874999999999999	1.025	401510165.7640027
-0.874999999999999	1.075	173626017.6276768
-0.874999999999999	1.125	108516261.017298
-0.874999999999999	1.175	10851626.1017298
-0.874999999999999	1.225	21703252.20345961
-0.874999999999999	1.275	0
-0.874999999999999	1.325	0
-0.874999999999999	1.375	0
-0.874999999999999	1.425	0
-0.874999999999999	1.475	0
-0.874999999999999	1.525	0
-0.874999999999999	1.575	0
-0.874999999999999	1.625	0
-0.874999999999999	1.675	0
-0.874999999999999	1.725	0
-0.874999999999999	1.775	0
-0.874999999999999	1.825	0
-0.874999999999999	1.875	0
-0.874999999999999	1.925	0
-0.874999999999999	1.975	0
-0.874999999999999	2.025	0
-0.874999999999999	2.075	0
-0.874999999999999	2.125	0
-0.874999999999999	2.175	0
-0.874999999999999	2.225	0
-0.874999999999999	2.275	0
-0.874999999999999	2.325	0
-0.874999999999999	2.375	0
-0.874999999999999	2.425	0
-0.874999999999999	2.475	0
-0.874999999999999	2.525	0
-0.874999999999999	2.575	0
-0.874999999999999	2.625	0
-0.825	-1.975	0
-0.825	-1.925	0
-0.825	-1.875	0
-0.825	-1.825	0
-0.825	-1.775	10851626.1017298
-0.825	-1.725	10851626.1017298
-0.825	-1.675	0
-0.825	-1.625	10851626.1017298
-0.825	-1.575	10851626.1017298
-0.825	-1.525	0
-0.825	-1.475	21703252.20345961
-0.825	-1.425	54258130.50864901
-0.825	-1.375	10851626.1017298
-0.825	-1.325	10851626.1017298
-0.825	-1.275	21703252.20345961
-0.825	-1.225	10851626.1017298
-0.825	-1.175	32554878.30518941
-0.825	-1.125	32554878.30518941
-0.825	-1.075	32554878.30518941
-0.825	-1.025	10851626.1017298
-0.825	-0.975	43406504.40691921
-0.825	-0.925	32554878.30518941
-0.825	-0.875	32554878.30518941
-0.825	-0.825	54258130.50864901
-0.825	-0.775	21703252.20345961
-0.825	-0.725	75961382.71210863
-0.825	-0.675	119367887.1190278
-0.825	-0.625	86813008.81383842
-0.825	-0.575	130219513.2207576
-0.825	-0.525	184477643.7294067
-0.825	-0.475	249587400.3397855
-0.825	-0.425	434065044.0691921
-0.825	-0.375	542581305.0864902
-0.825	-0.325	694504070.5107074
-0.825	-0.275	781317079.3245457
-0.825	-0.225	1139420740.681629
-0.825	-0.175	1486672775.936983
-0.825	-0.125	1638595541.3612
-0.825	-0.0749999999999999	2354802864.075367
-0.825	-0.0249999999999999	3146971569.501643
-0.825	0.0250000000000001	3201229700.010292
-0.825	0.0750000000000001	3798069135.605431
-0.825	0.125	4535979710.523058
-0.825	0.175	5176225650.525116
-0.825	0.225	5436664676.966631
-0.825	0.275	6435014278.325774
-0.825	0.325	6793117939.682858
-0.825	0.375	7596138271.210862
-0.825	0.425	7531028514.600484
-0.825	0.475	7617841523.414323
-0.825	0.525	7400809001.379726
-0.825	0.575	6966743957.310534
-0.825	0.625	6142020373.579069
-0.825	0.675	4872380119.676682
-0.825	0.725	3852327266.11408
-0.825	0.775	2756313029.83937
-0.825	0.825	2137770342.040771
-0.825	0.875	1226233749.495468
-0.825	0.925	651097566.1037883
-0.825	0.975	455768296.2726517
-0.825	1.025	227884148.1363259
-0.825	1.075	97664634.91556822
-0.825	1.125	21703252.20345961
-0.825	1.175	21703252.20345961
-0.825	1.225	0
-0.825	1.275	0
-0.825	1.325	0
-0.825	1.375	0
-0.825	1.425	0
-0.825	1.475	0
-0.825	1.525	0
-0.825	1.575	0
-0.825	1.625	0
-0.825	1.675	0
-0.825	1.725	0
-0.825	1.775	0
-0.825	1.825	0
-0.825	1.875	0
-0.825	1.925	0
-0.825	1.975	0
-0.825	2.025	0
-0.825	2.075	0
-0.825	2.125	0
-0.825	2.175	0
-0.825	2.225	0
-0.825	2.275	0
-0.825	2.325	0
-0.825	2.375	0
-0.825	2.425	0
-0.825	2.475	0
-0.825	2.525	0
-0.825	2.575	0
-0.825	2.625	0
-0.774999999999999	-1.975	0
-0.774999999999999	-1.925	0
-0.774999999999999	-1.875	0
-0.774999999999999	-1.825	0
-0.774999999999999	-1.775	10851626.1017298
-0.774999999999999	-1.725	10851626.1017298
-0.774999999999999	-1.675	0
-0.774999999999999	-1.625	10851626.1017298
-0.774999999999999	-1.575	21703252.20345961
-0.774999999999999	-1.525	43406504.40691921
-0.774999999999999	-1.475	21703252.20345961
-0.774999999999999	-1.425	21703252.20345961
-0.774999999999999	-1.375	10851626.1017298
-0.774999999999999	-1.325	10851626.1017298
-0.774999999999999	-1.275	32554878.30518941
-0.774999999999999	-1.225	0
-0.774999999999999	-1.175	21703252.20345961
-0.774999999999999	-1.125	43406504.40691921
-0.774999999999999	-1.075	21703252.20345961
-0.774999999999999	-1.025	43406504.40691921
-0.774999999999999	-0.975	32554878.30518941
-0.774999999999999	-0.925	10851626.1017298
-0.774999999999999	-0.875	10851626.1017298
-0.774999999999999	-0.825	86813008.81383842
-0.774999999999999	-0.775	108516261.017298
-0.774999999999999	-0.725	119367887.1190278
-0.774999999999999	-0.675	65109756.61037882
-0.774999999999999	-0.625	173626017.6276768
-0.774999999999999	-0.575	173626017.6276768
-0.774999999999999	-0.525	249587400.3397855
-0.774999999999999	-0.475	401510165.7640027
-0.774999999999999	-0.425	477471548.4761114
-0.774999999999999	-0.375	651097566.1037883
-0.774999999999999	-0.325	803020331.5280055
-0.774999999999999	-0.275	1041756105.766061
-0.774999999999999	-0.225	1247937001.698927
-0.774999999999999	-0.175	1801369932.887147
-0.774999999999999	-0.125	2181176846.44769
-0.774999999999999	-0.0749999999999999	2984197177.975696
-0.774999999999999	-0.0249999999999999	3233784578.315481
-0.774999999999999	0.0250000000000001	3960843527.131378
-0.774999999999999	0.0750000000000001	4427463449.50576
-0.774999999999999	0.125	5414961424.763172
-0.774999999999999	0.175	6207130130.189447
-0.774999999999999	0.225	6825672817.988047
-0.774999999999999	0.275	7303144366.464157
-0.774999999999999	0.325	7617841523.414323
-0.774999999999999	0.375	7704654532.22816
-0.774999999999999	0.425	8258087463.41638
-0.774999999999999	0.475	8214680959.009461
-0.774999999999999	0.525	7096963470.531291
-0.774999999999999	0.575	6131168747.477339
-0.774999999999999	0.625	5078561015.609549
-0.774999999999999	0.675	3743811005.096783
-0.774999999999999	0.725	3060158560.687804
-0.774999999999999	0.775	2202880098.65115
-0.774999999999999	0.825	1497524402.038713
-0.774999999999999	0.875	781317079.3245457
-0.774999999999999	0.925	390658539.6622729
-0.774999999999999	0.975	303845530.8484345
-0.774999999999999	1.025	65109756.61037882
-0.774999999999999	1.075	21703252.20345961
-0.774999999999999	1.125	21703252.20345961
-0.774999999999999	1.175	10851626.1017298
-0.774999999999999	1.225	0
-0.774999999999999	1.275	0
-0.774999999999999	1.325	0
-0.774999999999999	1.375	0
-0.774999999999999	1.425	0
-0.774999999999999	1.475	0
-0.774999999999999	1.525	0
-0.774999999999999	1.575	0
-0.774999999999999	1.625	0
-0.774999999999999	1.675	0
-0.774999999999999	1.725	0
-0.774999999999999	1.775	0
-0.774999999999999	1.825	0
-0.774999999999999	1.875	0
-0.774999999999999	1.925	0
-0.774999999999999	1.975	0
-0.774999999999999	2.025	0
-0.774999999999999	2.075	0
-0.774999999999999	2.125	0
-0.774999999999999	2.175	0
-0.774999999999999	2.225	0
-0.774999999999999	2.275	0
-0.774999999999999	2.325	0
-0.774999999999999	2.375	0
-0.774999999999999	2.425	0
-0.774999999999999	2.475	0
-0.774999999999999	2.525	0
-0.774999999999999	2.575	0
-0.774999999999999	2.625	0
-0.724999999999999	-1.975	10851626.1017298
-0.724999999999999	-1.925	0
-0.724999999999999	-1.875	0
-0.724999999999999	-1.825	21703252.20345961
-0.724999999999999	-1.775	0
-0.724999999999999	-1.725	0
-0.724999999999999	-1.675	21703252.20345961
-0.724999999999999	-1.625	0
-0.724999999999999	-1.575	21703252.20345961
-0.724999999999999	-1.525	32554878.30518941
-0.724999999999999	-1.475	21703252.20345961
-0.724999999999999	-1.425	32554878.30518941
-0.724999999999999	-1.375	65109756.61037882
-0.724999999999999	-1.325	65109756.61037882
-0.724999999999999	-1.275	75961382.71210863
-0.724999999999999	-1.225	10851626.1017298
-0.724999999999999	-1.175	21703252.20345961
-0.724999999999999	-1.125	32554878.30518941
-0.724999999999999	-1.075	43406504.40691921
-0.724999999999999	-1.025	32554878.30518941
-0.724999999999999	-0.975	32554878.30518941
-0.724999999999999	-0.925	10851626.1017298
-0.724999999999999	-0.875	32554878.30518941
-0.724999999999999	-0.825	65109756.61037882
-0.724999999999999	-0.775	130219513.2207576
-0.724999999999999	-0.725	86813008.81383842
-0.724999999999999	-0.675	141071139.3224874
-0.724999999999999	-0.625	162774391.5259471
-0.724999999999999	-0.575	162774391.5259471
-0.724999999999999	-0.525	303845530.8484345
-0.724999999999999	-0.475	347252035.2553537
-0.724999999999999	-0.425	575136183.3916796
-0.724999999999999	-0.375	824723583.731465
-0.724999999999999	-0.325	1041756105.766061
-0.724999999999999	-0.275	1508376028.140443
-0.724999999999999	-0.225	1606040663.056011
-0.724999999999999	-0.175	2235434976.956339
-0.724999999999999	-0.125	2843126038.653209
-0.724999999999999	-0.0749999999999999	3222932952.213752
-0.724999999999999	-0.0249999999999999	4384056945.098841
-0.724999999999999	0.0250000000000001	4731308980.354195
-0.724999999999999	0.0750000000000001	4970044754.59225
-0.724999999999999	0.125	6120317121.375608
-0.724999999999999	0.175	6630343548.15691
-0.724999999999999	0.225	7585286645.109133
-0.724999999999999	0.275	7726357784.43162
-0.724999999999999	0.325	7834874045.448917
-0.724999999999999	0.375	8258087463.41638
-0.724999999999999	0.425	7465918757.990105
-0.724999999999999	0.475	7335699244.769347
-0.724999999999999	0.525	6424162652.224044
-0.724999999999999	0.575	5490922807.475281
-0.724999999999999	0.625	3982546779.334838
-0.724999999999999	0.675	3309745961.02759
-0.724999999999999	0.725	1953292698.311365
-0.724999999999999	0.775	1389008141.021415
-0.724999999999999	0.825	1063459357.969521
-0.724999999999999	0.875	488323174.5778412
-0.724999999999999	0.925	206180895.9328662
-0.724999999999999	0.975	108516261.017298
-0.724999999999999	1.025	43406504.40691921
-0.724999999999999	1.075	10851626.1017298
-0.724999999999999	1.125	10851626.1017298
-0.724999999999999	1.175	10851626.1017298
-0.724999999999999	1.225	0
-0.724999999999999	1.275	0
-0.724999999999999	1.325	0
-0.724999999999999	1.375	0
-0.724999999999999	1.425	0
-0.724999999999999	1.475	0
-0.724999999999999	1.525	0
-0.724999999999999	1.575	0
-0.724999999999999	1.625	0
-0.724999999999999	1.675	0
-0.724999999999999	1.725	0
-0.724999999999999	1.775	0
-0.724999999999999	1.825	0
-0.724999999999999	1.875	0
-0.724999999999999	1.925	0
-0.724999999999999	1.975	0
-0.724999999999999	2.025	0
-0.724999999999999	2.075	0
-0.724999999999999	2.125	0
-0.724999999999999	2.175	0
-0.724999999999999	2.225	0
-0.724999999999999	2.275	0
-0.724999999999999	2.325	0
-0.724999999999999	2.375	0
-0.724999999999999	2.425	0
-0.724999999999999	2.475	0
-0.724999999999999	2.525	0
-0.724999999999999	2.575	0
-0.724999999999999	2.625	0
-0.674999999999999	-1.975	0
-0.674999999999999	-1.925	0
-0.674999999999999	-1.875	0
-0.674999999999999	-1.825	0
-0.674999999999999	-1.775	0
-0.674999999999999	-1.725	32554878.30518941
-0.674999999999999	-1.675	10851626.1017298
-0.674999999999999	-1.625	21703252.20345961
-0.674999999999999	-1.575	21703252.20345961
-0.674999999999999	-1.525	10851626.1017298
-0.674999999999999	-1.475	21703252.20345961
-0.674999999999999	-1.425	10851626.1017298
-0.674999999999999	-1.375	54258130.50864901
-0.674999999999999	-1.325	65109756.61037882
-0.674999999999999	-1.275	54258130.50864901
-0.674999999999999	-1.225	75961382.71210863
-0.674999999999999	-1.175	21703252.20345961
-0.674999999999999	-1.125	43406504.40691921
-0.674999999999999	-1.075	21703252.20345961
-0.674999999999999	-1.025	86813008.81383842
-0.674999999999999	-0.975	65109756.61037882
-0.674999999999999	-0.925	65109756.61037882
-0.674999999999999	-0.875	32554878.30518941
-0.674999999999999	-0.825	97664634.91556822
-0.674999999999999	-0.775	119367887.1190278
-0.674999999999999	-0.725	141071139.3224874
-0.674999999999999	-0.675	227884148.1363259
-0.674999999999999	-0.625	206180895.9328662
-0.674999999999999	-0.575	325548783.0518941
-0.674999999999999	-0.525	390658539.6622729
-0.674999999999999	-0.475	607691061.696869
-0.674999999999999	-0.425	824723583.731465
-0.674999999999999	-0.375	933239844.7487631
-0.674999999999999	-0.325	1226233749.495468
-0.674999999999999	-0.275	1725408550.175039
-0.674999999999999	-0.225	2267989855.261529
-0.674999999999999	-0.175	2615241890.516882
-0.674999999999999	-0.125	3461668726.451807
-0.674999999999999	-0.0749999999999999	3971695153.233108
-0.674999999999999	-0.0249999999999999	4449166701.709219
-0.674999999999999	0.0250000000000001	5219632154.932035
-0.674999999999999	0.0750000000000001	6337349643.410205
-0.674999999999999	0.125	7259737862.057239
-0.674999999999999	0.175	7498473636.295294
-0.674999999999999	0.225	8247235837.314651
-0.674999999999999	0.275	7813170793.245459
-0.674999999999999	0.325	8551081368.163085
-0.674999999999999	0.375	8789817142.401142
-0.674999999999999	0.425	7954241932.567946
-0.674999999999999	0.475	7010150461.717452
-0.674999999999999	0.525	5816471590.527175
-0.674999999999999	0.575	4112766292.555595
-0.674999999999999	0.625	3396558969.841429
-0.674999999999999	0.675	2495874003.397855
-0.674999999999999	0.725	1226233749.495468
-0.674999999999999	0.775	1020052853.562602
-0.674999999999999	0.825	390658539.6622729
-0.674999999999999	0.875	238735774.2380557
-0.674999999999999	0.925	173626017.6276768
-0.674999999999999	0.975	21703252.20345961
-0.674999999999999	1.025	32554878.30518941
-0.674999999999999	1.075	0
-0.674999999999999	1.125	0
-0.674999999999999	1.175	0
-0.674999999999999	1.225	0
-0.674999999999999	1.275	0
-0.674999999999999	1.325	0
-0.674999999999999	1.375	0
-0.674999999999999	1.425	0
-0.674999999999999	1.475	0
-0.674999999999999	1.525	0
-0.674999999999999	1.575	0
-0.674999999999999	1.625	0
-0.674999999999999	1.675	0
-0.674999999999999	1.725	0
-0.674999999999999	1.775	0
-0.674999999999999	1.825	0
-0.674999999999999	1.875	0
-0.674999999999999	1.925	0
-0.674999999999999	1.975	0
-0.674999999999999	2.025	0
-0.674999999999999	2.075	0
-0.674999999999999	2.125	0
-0.674999999999999	2.175	0
-0.674999999999999	2.225	0
-0.674999999999999	2.275	0
-0.674999999999999	2.325	0
-0.674999999999999	2.375	0
-0.674999999999999	2.425	0
-0.674999999999999	2.475	0
-0.674999999999999	2.525	0
-0.674999999999999	2.575	0
-0.674999999999999	2.625	0
-0.624999999999999	-1.975	0
-0.624999999999999	-1.925	0
-0.624999999999999	-1.875	0
-0.624999999999999	-1.825	0
-0.624999999999999	-1.775	21703252.20345961
-0.624999999999999	-1.725	0
-0.624999999999999	-1.675	0
-0.624999999999999	-1.625	0
-0.624999999999999	-1.575	43406504.40691921
-0.624999999999999	-1.525	54258130.50864901
-0.624999999999999	-1.475	75961382.71210863
-0.624999999999999	-1.425	43406504.40691921
-0.624999999999999	-1.375	65109756.61037882
-0.624999999999999	-1.325	54258130.50864901
-0.624999999999999	-1.275	75961382.71210863
-0.624999999999999	-1.225	65109756.61037882
-0.624999999999999	-1.175	65109756.61037882
-0.624999999999999	-1.125	75961382.71210863
-0.624999999999999	-1.075	32554878.30518941
-0.624999999999999	-1.025	108516261.017298
-0.624999999999999	-0.975	65109756.61037882
-0.624999999999999	-0.925	54258130.50864901
-0.624999999999999	-0.875	86813008.81383842
-0.624999999999999	-0.825	119367887.1190278
-0.624999999999999	-0.775	162774391.5259471
-0.624999999999999	-0.725	184477643.7294067
-0.624999999999999	-0.675	206180895.9328662
-0.624999999999999	-0.625	303845530.8484345
-0.624999999999999	-0.575	325548783.0518941
-0.624999999999999	-0.525	488323174.5778412
-0.624999999999999	-0.475	542581305.0864902
-0.624999999999999	-0.425	824723583.731465
-0.624999999999999	-0.375	1291343506.105847
-0.624999999999999	-0.325	1508376028.140443
-0.624999999999999	-0.275	1996699202.718284
-0.624999999999999	-0.225	2593538638.313423
-0.624999999999999	-0.175	3233784578.315481
-0.624999999999999	-0.125	4123617918.657326
-0.624999999999999	-0.0749999999999999	4915786624.083601
-0.624999999999999	-0.0249999999999999	5566884190.187389
-0.624999999999999	0.0250000000000001	5957542729.849663
-0.624999999999999	0.0750000000000001	7194628105.44686
-0.624999999999999	0.125	7281441114.260698
-0.624999999999999	0.175	8149571202.399082
-0.624999999999999	0.225	8496823237.654436
-0.624999999999999	0.275	8464268359.349246
-0.624999999999999	0.325	7672099653.922972
-0.624999999999999	0.375	7758912662.73681
-0.624999999999999	0.425	6847376070.191506
-0.624999999999999	0.475	5382406546.457982
-0.624999999999999	0.525	4416611823.40403
-0.624999999999999	0.575	3526778483.062186
-0.624999999999999	0.625	2376506116.278827
-0.624999999999999	0.675	1671150419.66639
-0.624999999999999	0.725	889833340.341844
-0.624999999999999	0.775	488323174.5778412
-0.624999999999999	0.825	358103661.3570835
-0.624999999999999	0.875	108516261.017298
-0.624999999999999	0.925	54258130.50864901
-0.624999999999999	0.975	21703252.20345961
-0.624999999999999	1.025	0
-0.624999999999999	1.075	0
-0.624999999999999	1.125	0
-0.624999999999999	1.175	0
-0.624999999999999	1.225	0
-0.624999999999999	1.275	0
-0.624999999999999	1.325	0
-0.624999999999999	1.375	0
-0.624999999999999	1.425	0
-0.624999999999999	1.475	0
-0.624999999999999	1.525	0
-0.624999999999999	1.575	0
-0.624999999999999	1.625	0
-0.624999999999999	1.675	0
-0.624999999999999	1.725	0
-0.624999999999999	1.775	0
-0.624999999999999	1.825	0
-0.624999999999999	1.875	0
-0.624999999999999	1.925	0
-0.624999999999999	1.975	0
-0.624999999999999	2.025	0
-0.624999999999999	2.075	0
-0.624999999999999	2.125	0
-0.624999999999999	2.175	0
-0.624999999999999	2.225	0
-0.624999999999999	2.275	0
-0.624999999999999	2.325	0
-0.624999999999999	2.375	0
-0.624999999999999	2.425	0
-0.624999999999999	2.475	0
-0.624999999999999	2.525	0
-0.624999999999999	2.575	0
-0.624999999999999	2.625	0
-0.574999999999999	-1.975	21703252.20345961
-0.574999999999999	-1.925	0
-0.574999999999999	-1.875	0
-0.574999999999999	-1.825	0
-0.574999999999999	-1.775	10851626.1017298
-0.574999999999999	-1.725	10851626.1017298
-0.574999999999999	-1.675	0
-0.574999999999999	-1.625	54258130.50864901
-0.574999999999999	-1.575	10851626.1017298
-0.574999999999999	-1.525	65109756.61037882
-0.574999999999999	-1.475	54258130.50864901
-0.574999999999999	-1.425	21703252.20345961
-0.574999999999999	-1.375	54258130.50864901
-0.574999999999999	-1.325	43406504.40691921
-0.574999999999999	-1.275	10851626.1017298
-0.574999999999999	-1.225	97664634.91556822
-0.574999999999999	-1.175	119367887.1190278
-0.574999999999999	-1.125	75961382.71210863
-0.574999999999999	-1.075	65109756.61037882
-0.574999999999999	-1.025	43406504.40691921
-0.574999999999999	-0.975	86813008.81383842
-0.574999999999999	-0.925	65109756.61037882
-0.574999999999999	-0.875	184477643.7294067
-0.574999999999999	-0.825	184477643.7294067
-0.574999999999999	-0.775	195329269.8311364
-0.574999999999999	-0.725	173626017.6276768
-0.574999999999999	-0.675	314697156.9501643
-0.574999999999999	-0.625	412361791.8657325
-0.574999999999999	-0.575	412361791.8657325
-0.574999999999999	-0.525	596839435.5951393
-0.574999999999999	-0.475	727058948.8158969
-0.574999999999999	-0.425	1096014236.27471
-0.574999999999999	-0.375	1302195132.207577
-0.574999999999999	-0.325	2094363837.633852
-0.574999999999999	-0.275	2539280507.804774
-0.574999999999999	-0.225	3472520352.553537
-0.574999999999999	-0.175	3960843527.131378
-0.574999999999999	-0.125	4590237841.031707
-0.574999999999999	-0.0749999999999999	5349851668.152793
-0.574999999999999	-0.0249999999999999	6272239886.799827
-0.574999999999999	0.0250000000000001	7400809001.379726
-0.574999999999999	0.0750000000000001	7162073227.14167
-0.574999999999999	0.125	7910835428.161026
-0.574999999999999	0.175	7975945184.771405
-0.574999999999999	0.225	8952591533.927088
-0.574999999999999	0.275	8258087463.41638
-0.574999999999999	0.325	7704654532.22816
-0.574999999999999	0.375	7064408592.226103
-0.574999999999999	0.425	5762213460.018526
-0.574999999999999	0.475	4557682962.726518
-0.574999999999999	0.525	3591888239.672565
-0.574999999999999	0.575	2680351647.127262
-0.574999999999999	0.625	1790518306.785418
-0.574999999999999	0.675	965794723.0539525
-0.574999999999999	0.725	444916670.170922
-0.574999999999999	0.775	358103661.3570835
-0.574999999999999	0.825	130219513.2207576
-0.574999999999999	0.875	32554878.30518941
-0.574999999999999	0.925	32554878.30518941
-0.574999999999999	0.975	0
-0.574999999999999	1.025	0
-0.574999999999999	1.075	0
-0.574999999999999	1.125	0
-0.574999999999999	1.175	0
-0.574999999999999	1.225	0
-0.574999999999999	1.275	0
-0.574999999999999	1.325	0
-0.574999999999999	1.375	0
-0.574999999999999	1.425	0
-0.574999999999999	1.475	0
-0.574999999999999	1.525	0
-0.574999999999999	1.575	0
-0.574999999999999	1.625	0
-0.574999999999999	1.675	0
-0.574999999999999	1.725	0
-0.574999999999999	1.775	0
-0.574999999999999	1.825	0
-0.574999999999999	1.875	0
-0.574999999999999	1.925	0
-0.574999999999999	1.975	0
-0.574999999999999	2.025	0
-0.574999999999999	2.075	0
-0.574999999999999	2.125	0
-0.574999999999999	2.175	0
-0.574999999999999	2.225	0
-0.574999999999999	2.275	0
-0.574999999999999	2.325	0
-0.574999999999999	2.375	0
-0.574999999999999	2.425	0
-0.574999999999999	2.475	0
-0.574999999999999	2.525	0
-0.574999999999999	2.575	0
-0.574999999999999	2.625	0
-0.524999999999999	-1.975	0
-0.524999999999999	-1.925	10851626.1017298
-0.524999999999999	-1.875	10851626.1017298
-0.524999999999999	-1.825	10851626.1017298
-0.524999999999999	-1.775	0
-0.524999999999999	-1.725	10851626.1017298
-0.524999999999999	-1.675	21703252.20345961
-0.524999999999999	-1.625	10851626.1017298
-0.524999999999999	-1.575	21703252.20345961
-0.524999999999999	-1.525	43406504.40691921
-0.524999999999999	-1.475	21703252.20345961
-0.524999999999999	-1.425	65109756.61037882
-0.524999999999999	-1.375	43406504.40691921
-0.524999999999999	-1.325	75961382.71210863
-0.524999999999999	-1.275	195329269.8311364
-0.524999999999999	-1.225	54258130.50864901
-0.524999999999999	-1.175	86813008.81383842
-0.524999999999999	-1.125	86813008.81383842
-0.524999999999999	-1.075	119367887.1190278
-0.524999999999999	-1.025	151922765.4242173
-0.524999999999999	-0.975	54258130.50864901
-0.524999999999999	-0.925	119367887.1190278
-0.524999999999999	-0.875	162774391.5259471
-0.524999999999999	-0.825	227884148.1363259
-0.524999999999999	-0.775	162774391.5259471
-0.524999999999999	-0.725	292993904.7467047
-0.524999999999999	-0.675	368955287.4588133
-0.524999999999999	-0.625	455768296.2726517
-0.524999999999999	-0.575	672800818.3072478
-0.524999999999999	-0.525	813871957.6297354
-0.524999999999999	-0.475	911536592.5453035
-0.524999999999999	-0.425	1150272366.783359
-0.524999999999999	-0.375	1953292698.311365
-0.524999999999999	-0.325	2398209368.482286
-0.524999999999999	-0.275	3266339456.620671
-0.524999999999999	-0.225	4167024423.064244
-0.524999999999999	-0.175	4514276458.319598
-0.524999999999999	-0.125	5859878094.934093
-0.524999999999999	-0.0749999999999999	6532678913.241342
-0.524999999999999	-0.0249999999999999	7172924853.2434
-0.524999999999999	0.0250000000000001	7552731766.803944
-0.524999999999999	0.0750000000000001	7889132175.957567
-0.524999999999999	0.125	8572784620.366545
-0.524999999999999	0.175	7878280549.855838
-0.524999999999999	0.225	8475119985.450976
-0.524999999999999	0.275	8073609819.686974
-0.524999999999999	0.325	7064408592.226103
-0.524999999999999	0.375	5849026468.832364
-0.524999999999999	0.425	5067709389.507818
-0.524999999999999	0.475	3646146370.181214
-0.524999999999999	0.525	2778016282.04283
-0.524999999999999	0.575	1801369932.887147
-0.524999999999999	0.625	835575209.8331949
-0.524999999999999	0.675	499174800.6795709
-0.524999999999999	0.725	314697156.9501643
-0.524999999999999	0.775	86813008.81383842
-0.524999999999999	0.825	65109756.61037882
-0.524999999999999	0.875	10851626.1017298
-0.524999999999999	0.925	0
-0.524999999999999	0.975	0
-0.524999999999999	1.025	0
-0.524999999999999	1.075	0
-0.524999999999999	1.125	0
-0.524999999999999	1.175	0
-0.524999999999999	1.225	0
-0.524999999999999	1.275	0
-0.524999999999999	1.325	0
-0.524999999999999	1.375	0
-0.524999999999999	1.425	0
-0.524999999999999	1.475	0
-0.524999999999999	1.525	0
-0.524999999999999	1.575	0
-0.524999999999999	1.625	0
-0.524999999999999	1.675	0
-0.524999999999999	1.725	0
-0.524999999999999	1.775	0
-0.524999999999999	1.825	0
-0.524999999999999	1.875	0
-0.524999999999999	1.925	0
-0.524999999999999	1.975	0
-0.524999999999999	2.025	0
-0.524999999999999	2.075	0
-0.524999999999999	2.125	0
-0.524999999999999	2.175	0
-0.524999999999999	2.225	0
-0.524999999999999	2.275	0
-0.524999999999999	2.325	0
-0.524999999999999	2.375	0
-0.524999999999999	2.425	0
-0.524999999999999	2.475	0
-0.524999999999999	2.525	0
-0.524999999999999	2.575	0
-0.524999999999999	2.625	0
-0.474999999999999	-1.975	43406504.40691921
-0.474999999999999	-1.925	0
-0.474999999999999	-1.875	10851626.1017298
-0.474999999999999	-1.825	10851626.1017298
-0.474999999999999	-1.775	10851626.1017298
-0.474999999999999	-1.725	32554878.30518941
-0.474999999999999	-1.675	43406504.40691921
-0.474999999999999	-1.625	21703252.20345961
-0.474999999999999	-1.575	43406504.40691921
-0.474999999999999	-1.525	54258130.50864901
-0.474999999999999	-1.475	75961382.71210863
-0.474999999999999	-1.425	75961382.71210863
-0.474999999999999	-1.375	151922765.4242173
-0.474999999999999	-1.325	108516261.017298
-0.474999999999999	-1.275	141071139.3224874
-0.474999999999999	-1.225	130219513.2207576
-0.474999999999999	-1.175	75961382.71210863
-0.474999999999999	-1.125	184477643.7294067
-0.474999999999999	-1.075	141071139.3224874
-0.474999999999999	-1.025	141071139.3224874
-0.474999999999999	-0.975	141071139.3224874
-0.474999999999999	-0.925	195329269.8311364
-0.474999999999999	-0.875	173626017.6276768
-0.474999999999999	-0.825	282142278.6449749
-0.474999999999999	-0.775	314697156.9501643
-0.474999999999999	-0.725	434065044.0691921
-0.474999999999999	-0.675	629394313.9003286
-0.474999999999999	-0.625	499174800.6795709
-0.474999999999999	-0.575	683652444.4089776
-0.474999999999999	-0.525	976646349.1556823
-0.474999999999999	-0.475	1291343506.105847
-0.474999999999999	-0.425	1551782532.547362
-0.474999999999999	-0.375	2267989855.261529
-0.474999999999999	-0.325	3244636204.417211
-0.474999999999999	-0.275	3602739865.774295
-0.474999999999999	-0.225	4883231745.778411
-0.474999999999999	-0.175	5523477685.78047
-0.474999999999999	-0.125	6402459400.020584
-0.474999999999999	-0.0749999999999999	7628693149.516051
-0.474999999999999	-0.0249999999999999	7303144366.464157
-0.474999999999999	0.0250000000000001	8073609819.686974
-0.474999999999999	0.0750000000000001	8605339498.671734
-0.474999999999999	0.125	8518526489.857896
-0.474999999999999	0.175	8366603724.433679
-0.474999999999999	0.225	7455067131.888375
-0.474999999999999	0.275	7433363879.684915
-0.474999999999999	0.325	6380756147.817125
-0.474999999999999	0.375	4644495971.540356
-0.474999999999999	0.425	3396558969.841429
-0.474999999999999	0.475	2843126038.653209
-0.474999999999999	0.525	1833924811.192337
-0.474999999999999	0.575	1009201227.460872
-0.474999999999999	0.625	477471548.4761114
-0.474999999999999	0.675	325548783.0518941
-0.474999999999999	0.725	119367887.1190278
-0.474999999999999	0.775	54258130.50864901
-0.474999999999999	0.825	0
-0.474999999999999	0.875	0
-0.474999999999999	0.925	0
-0.474999999999999	0.975	0
-0.474999999999999	1.025	0
-0.474999999999999	1.075	0
-0.474999999999999	1.125	0
-0.474999999999999	1.175	0
-0.474999999999999	1.225	0
-0.474999999999999	1.275	0
-0.474999999999999	1.325	0
-0.474999999999999	1.375	0
-0.474999999999999	1.425	0
-0.474999999999999	1.475	0
-0.474999999999999	1.525	0
-0.474999999999999	1.575	0
-0.474999999999999	1.625	0
-0.474999999999999	1.675	0
-0.474999999999999	1.725	0
-0.474999999999999	1.775	0
-0.474999999999999	1.825	0
-0.474999999999999	1.875	0
-0.474999999999999	1.925	0
-0.474999999999999	1.975	0
-0.474999999999999	2.025	0
-0.474999999999999	2.075	0
-0.474999999999999	2.125	0
-0.474999999999999	2.175	0
-0.474999999999999	2.225	0
-0.474999999999999	2.275	0
-0.474999999999999	2.325	0
-0.474999999999999	2.375	0
-0.474999999999999	2.425	0
-0.474999999999999	2.475	0
-0.474999999999999	2.525	0
-0.474999999999999	2.575	0
-0.474999999999999	2.625	0
-0.424999999999999	-1.975	32554878.30518941
-0.424999999999999	-1.925	0
-0.424999999999999	-1.875	32554878.30518941
-0.424999999999999	-1.825	43406504.40691921
-0.424999999999999	-1.775	10851626.1017298
-0.424999999999999	-1.725	21703252.20345961
-0.424999999999999	-1.675	75961382.71210863
-0.424999999999999	-1.625	21703252.20345961
-0.424999999999999	-1.575	65109756.61037882
-0.424999999999999	-1.525	54258130.50864901
-0.424999999999999	-1.475	75961382.71210863
-0.424999999999999	-1.425	97664634.91556822
-0.424999999999999	-1.375	119367887.1190278
-0.424999999999999	-1.325	151922765.4242173
-0.424999999999999	-1.275	206180895.9328662
-0.424999999999999	-1.225	173626017.6276768
-0.424999999999999	-1.175	217032522.0345961
-0.424999999999999	-1.125	108516261.017298
-0.424999999999999	-1.075	195329269.8311364
-0.424999999999999	-1.025	151922765.4242173
-0.424999999999999	-0.975	130219513.2207576
-0.424999999999999	-0.925	260439026.4415153
-0.424999999999999	-0.875	217032522.0345961
-0.424999999999999	-0.825	368955287.4588133
-0.424999999999999	-0.775	282142278.6449749
-0.424999999999999	-0.725	575136183.3916796
-0.424999999999999	-0.675	585987809.4934094
-0.424999999999999	-0.625	705355696.6124371
-0.424999999999999	-0.575	813871957.6297354
-0.424999999999999	-0.525	1237085375.597198
-0.424999999999999	-0.475	1627743915.259471
-0.424999999999999	-0.425	2126918715.939042
-0.424999999999999	-0.375	2691203273.228991
-0.424999999999999	-0.325	3266339456.620671
-0.424999999999999	-0.275	4677050849.845545
-0.424999999999999	-0.225	5653697199.001227
-0.424999999999999	-0.175	6272239886.799827
-0.424999999999999	-0.125	7129518348.836481
-0.424999999999999	-0.0749999999999999	8757262264.095951
-0.424999999999999	-0.0249999999999999	8410010228.840597
-0.424999999999999	0.0250000000000001	9386656577.996281
-0.424999999999999	0.0750000000000001	8399158602.738868
-0.424999999999999	0.125	8290642341.72157
-0.424999999999999	0.175	7531028514.600484
-0.424999999999999	0.225	6955892331.208804
-0.424999999999999	0.275	6022652486.460041
-0.424999999999999	0.325	5100264267.813007
-0.424999999999999	0.375	4047656535.945217
-0.424999999999999	0.425	2626093516.618612
-0.424999999999999	0.475	1823073185.090607
-0.424999999999999	0.525	748762201.0193564
-0.424999999999999	0.575	640245940.0020584
-0.424999999999999	0.625	227884148.1363259
-0.424999999999999	0.675	108516261.017298
-0.424999999999999	0.725	43406504.40691921
-0.424999999999999	0.775	10851626.1017298
-0.424999999999999	0.825	0
-0.424999999999999	0.875	0
-0.424999999999999	0.925	0
-0.424999999999999	0.975	0
-0.424999999999999	1.025	0
-0.424999999999999	1.075	0
-0.424999999999999	1.125	0
-0.424999999999999	1.175	0
-0.424999999999999	1.225	0
-0.424999999999999	1.275	0
-0.424999999999999	1.325	0
-0.424999999999999	1.375	0
-0.424999999999999	1.425	0
-0.424999999999999	1.475	0
-0.424999999999999	1.525	0
-0.424999999999999	1.575	0
-0.424999999999999	1.625	0
-0.424999999999999	1.675	0
-0.424999999999999	1.725	0
-0.424999999999999	1.775	0
-0.424999999999999	1.825	0
-0.424999999999999	1.875	0
-0.424999999999999	1.925	0
-0.424999999999999	1.975	0
-0.424999999999999	2.025	0
-0.424999999999999	2.075	0
-0.424999999999999	2.125	0
-0.424999999999999	2.175	0
-0.424999999999999	2.225	0
-0.424999999999999	2.275	0
-0.424999999999999	2.325	0
-0.424999999999999	2.375	0
-0.424999999999999	2.425	0
-0.424999999999999	2.475	0
-0.424999999999999	2.525	0
-0.424999999999999	2.575	0
-0.424999999999999	2.625	0
-0.374999999999999	-1.975	21703252.20345961
-0.374999999999999	-1.925	0
-0.374999999999999	-1.875	0
-0.374999999999999	-1.825	0
-0.374999999999999	-1.775	10851626.1017298
-0.374999999999999	-1.725	65109756.61037882
-0.374999999999999	-1.675	21703252.20345961
-0.374999999999999	-1.625	130219513.2207576
-0.374999999999999	-1.575	43406504.40691921
-0.374999999999999	-1.525	75961382.71210863
-0.374999999999999	-1.475	65109756.61037882
-0.374999999999999	-1.425	206180895.9328662
-0.374999999999999	-1.375	141071139.3224874
-0.374999999999999	-1.325	195329269.8311364
-0.374999999999999	-1.275	206180895.9328662
-0.374999999999999	-1.225	173626017.6276768
-0.374999999999999	-1.175	97664634.91556822
-0.374999999999999	-1.125	173626017.6276768
-0.374999999999999	-1.075	173626017.6276768
-0.374999999999999	-1.025	141071139.3224874
-0.374999999999999	-0.975	195329269.8311364
-0.374999999999999	-0.925	282142278.6449749
-0.374999999999999	-0.875	368955287.4588133
-0.374999999999999	-0.825	477471548.4761114
-0.374999999999999	-0.775	347252035.2553537
-0.374999999999999	-0.725	575136183.3916796
-0.374999999999999	-0.675	813871957.6297354
-0.374999999999999	-0.625	1041756105.766061
-0.374999999999999	-0.575	1128569114.5799
-0.374999999999999	-0.525	1356453262.716225
-0.374999999999999	-0.475	1475821149.835253
-0.374999999999999	-0.425	2430764246.787476
-0.374999999999999	-0.375	3266339456.620671
-0.374999999999999	-0.325	4264689057.979813
-0.374999999999999	-0.275	5078561015.609549
-0.374999999999999	-0.225	6771414687.479398
-0.374999999999999	-0.175	7780615914.940269
-0.374999999999999	-0.125	8171274454.602543
-0.374999999999999	-0.0749999999999999	8561932994.264815
-0.374999999999999	-0.0249999999999999	8995998038.334007
-0.374999999999999	0.0250000000000001	8724707385.790762
-0.374999999999999	0.0750000000000001	8410010228.840597
-0.374999999999999	0.125	7433363879.684915
-0.374999999999999	0.175	6717156556.970749
-0.374999999999999	0.225	5849026468.832364
-0.374999999999999	0.275	4601089467.133437
-0.374999999999999	0.325	3949991901.029649
-0.374999999999999	0.375	3103565065.094724
-0.374999999999999	0.425	1703705297.971579
-0.374999999999999	0.475	1041756105.766061
-0.374999999999999	0.525	640245940.0020584
-0.374999999999999	0.575	314697156.9501643
-0.374999999999999	0.625	130219513.2207576
-0.374999999999999	0.675	97664634.91556822
-0.374999999999999	0.725	10851626.1017298
-0.374999999999999	0.775	10851626.1017298
-0.374999999999999	0.825	0
-0.374999999999999	0.875	0
-0.374999999999999	0.925	0
-0.374999999999999	0.975	0
-0.374999999999999	1.025	0
-0.374999999999999	1.075	0
-0.374999999999999	1.125	0
-0.374999999999999	1.175	0
-0.374999999999999	1.225	0
-0.374999999999999	1.275	0
-0.374999999999999	1.325	0
-0.374999999999999	1.375	0
-0.374999999999999	1.425	0
-0.374999999999999	1.475	0
-0.374999999999999	1.525	0
-0.374999999999999	1.575	0
-0.374999999999999	1.625	0
-0.374999999999999	1.675	0
-0.374999999999999	1.725	0
-0.374999999999999	1.775	0
-0.374999999999999	1.825	0
-0.374999999999999	1.875	0
-0.374999999999999	1.925	0
-0.374999999999999	1.975	0
-0.374999999999999	2.025	0
-0.374999999999999	2.075	0
-0.374999999999999	2.125	0
-0.374999999999999	2.175	0
-0.374999999999999	2.225	0
-0.374999999999999	2.275	0
-0.374999999999999	2.325	0
-0.374999999999999	2.375	0
-0.374999999999999	2.425	0
-0.374999999999999	2.475	0
-0.374999999999999	2.525	0
-0.374999999999999	2.575	0
-0.374999999999999	2.625	0
-0.324999999999999	-1.975	21703252.20345961
-0.324999999999999	-1.925	21703252.20345961
-0.324999999999999	-1.875	32554878.30518941
-0.324999999999999	-1.825	65109756.61037882
-0.324999999999999	-1.775	32554878.30518941
-0.324999999999999	-1.725	32554878.30518941
-0.324999999999999	-1.675	86813008.81383842
-0.324999999999999	-1.625	75961382.71210863
-0.324999999999999	-1.575	86813008.81383842
-0.324999999999999	-1.525	130219513.2207576
-0.324999999999999	-1.475	119367887.1190278
-0.324999999999999	-1.425	217032522.0345961
-0.324999999999999	-1.375	130219513.2207576
-0.324999999999999	-1.325	271290652.5432451
-0.324999999999999	-1.275	195329269.8311364
-0.324999999999999	-1.225	336400409.1536239
-0.324999999999999	-1.175	260439026.4415153
-0.324999999999999	-1.125	227884148.1363259
-0.324999999999999	-1.075	184477643.7294067
-0.324999999999999	-1.025	303845530.8484345
-0.324999999999999	-0.975	162774391.5259471
-0.324999999999999	-0.925	292993904.7467047
-0.324999999999999	-0.875	466619922.3743815
-0.324999999999999	-0.825	661949192.205518
-0.324999999999999	-0.775	716207322.714167
-0.324999999999999	-0.725	716207322.714167
-0.324999999999999	-0.675	954943096.9522227
-0.324999999999999	-0.625	1313046758.309306
-0.324999999999999	-0.575	1237085375.597198
-0.324999999999999	-0.525	1920737820.006175
-0.324999999999999	-0.475	2148621968.142501
-0.324999999999999	-0.425	2756313029.83937
-0.324999999999999	-0.375	4503424832.217869
-0.324999999999999	-0.325	5013451258.999169
-0.324999999999999	-0.275	6402459400.020584
-0.324999999999999	-0.225	7227182983.752048
-0.324999999999999	-0.175	8344900472.230219
-0.324999999999999	-0.125	9332398447.487631
-0.324999999999999	-0.0749999999999999	8757262264.095951
-0.324999999999999	-0.0249999999999999	8963443160.028818
-0.324999999999999	0.0250000000000001	9354101699.69109
-0.324999999999999	0.0750000000000001	7498473636.295294
-0.324999999999999	0.125	6630343548.15691
-0.324999999999999	0.175	5718806955.611607
-0.324999999999999	0.225	4568534588.828247
-0.324999999999999	0.275	3635294744.079484
-0.324999999999999	0.325	2376506116.278827
-0.324999999999999	0.375	1996699202.718284
-0.324999999999999	0.425	1074310984.07125
-0.324999999999999	0.475	531729678.9847604
-0.324999999999999	0.525	282142278.6449749
-0.324999999999999	0.575	108516261.017298
-0.324999999999999	0.625	54258130.50864901
-0.324999999999999	0.675	21703252.20345961
-0.324999999999999	0.725	10851626.1017298
-0.324999999999999	0.775	0
-0.324999999999999	0.825	0
-0.324999999999999	0.875	0
-0.324999999999999	0.925	0
-0.324999999999999	0.975	0
-0.324999999999999	1.025	0
-0.324999999999999	1.075	0
-0.324999999999999	1.125	0
-0.324999999999999	1.175	0
-0.324999999999999	1.225	0
-0.324999999999999	1.275	0
-0.324999999999999	1.325	0
-0.324999999999999	1.375	0
-0.324999999999999	1.425	0
-0.324999999999999	1.475	0
-0.324999999999999	1.525	0
-0.324999999999999	1.575	0
-0.324999999999999	1.625	0
-0.324999999999999	1.675	0
-0.324999999999999	1.725	0
-0.324999999999999	1.775	0
-0.324999999999999	1.825	0
-0.324999999999999	1.875	0
-0.324999999999999	1.925	0
-0.324999999999999	1.975	0
-0.324999999999999	2.025	0
-0.324999999999999	2.075	0
-0.324999999999999	2.125	0
-0.324999999999999	2.175	0
-0.324999999999999	2.225	0
-0.324999999999999	2.275	0
-0.324999999999999	2.325	0
-0.324999999999999	2.375	0
-0.324999999999999	2.425	0
-0.324999999999999	2.475	0
-0.324999999999999	2.525	0
-0.324999999999999	2.575	0
-0.324999999999999	2.625	0
-0.274999999999999	-1.975	43406504.40691921
-0.274999999999999	-1.925	10851626.1017298
-0.274999999999999	-1.875	21703252.20345961
-0.274999999999999	-1.825	10851626.1017298
-0.274999999999999	-1.775	43406504.40691921
-0.274999999999999	-1.725	54258130.50864901
-0.274999999999999	-1.675	43406504.40691921
-0.274999999999999	-1.625	141071139.3224874
-0.274999999999999	-1.575	119367887.1190278
-0.274999999999999	-1.525	97664634.91556822
-0.274999999999999	-1.475	108516261.017298
-0.274999999999999	-1.425	206180895.9328662
-0.274999999999999	-1.375	325548783.0518941
-0.274999999999999	-1.325	217032522.0345961
-0.274999999999999	-1.275	401510165.7640027
-0.274999999999999	-1.225	358103661.3570835
-0.274999999999999	-1.175	206180895.9328662
-0.274999999999999	-1.125	282142278.6449749
-0.274999999999999	-1.075	292993904.7467047
-0.274999999999999	-1.025	292993904.7467047
-0.274999999999999	-0.975	434065044.0691921
-0.274999999999999	-0.925	358103661.3570835
-0.274999999999999	-0.875	412361791.8657325
-0.274999999999999	-0.825	716207322.714167
-0.274999999999999	-0.775	835575209.8331949
-0.274999999999999	-0.725	987497975.2574122
-0.274999999999999	-0.675	1085162610.17298
-0.274999999999999	-0.625	1302195132.207577
-0.274999999999999	-0.575	1595189036.954281
-0.274999999999999	-0.525	2170325220.345961
-0.274999999999999	-0.475	2745461403.73764
-0.274999999999999	-0.425	3776365883.401972
-0.274999999999999	-0.375	5490922807.475281
-0.274999999999999	-0.325	5870729721.035824
-0.274999999999999	-0.275	7313995992.565887
-0.274999999999999	-0.225	8768113890.197681
-0.274999999999999	-0.175	9495172839.013578
-0.274999999999999	-0.125	9831573248.167202
-0.274999999999999	-0.0749999999999999	9983496013.591419
-0.274999999999999	-0.0249999999999999	9278140316.978983
-0.274999999999999	0.0250000000000001	7824022419.347189
-0.274999999999999	0.0750000000000001	7042705340.022642
-0.274999999999999	0.125	5642845572.899497
-0.274999999999999	0.175	4427463449.50576
-0.274999999999999	0.225	3624443117.977755
-0.274999999999999	0.275	2571835386.109963
-0.274999999999999	0.325	1595189036.954281
-0.274999999999999	0.375	1009201227.460872
-0.274999999999999	0.425	455768296.2726517
-0.274999999999999	0.475	260439026.4415153
-0.274999999999999	0.525	65109756.61037882
-0.274999999999999	0.575	43406504.40691921
-0.274999999999999	0.625	21703252.20345961
-0.274999999999999	0.675	0
-0.274999999999999	0.725	0
-0.274999999999999	0.775	0
-0.274999999999999	0.825	0
-0.274999999999999	0.875	0
-0.274999999999999	0.925	0
-0.274999999999999	0.975	0
-0.274999999999999	1.025	0
-0.274999999999999	1.075	0
-0.274999999999999	1.125	0
-0.274999999999999	1.175	0
-0.274999999999999	1.225	0
-0.274999999999999	1.275	0
-0.274999999999999	1.325	0
-0.274999999999999	1.375	0
-0.274999999999999	1.425	0
-0.274999999999999	1.475	0
-0.274999999999999	1.525	0
-0.274999999999999	1.575	0
-0.274999999999999	1.625	0
-0.274999999999999	1.675	0
-0.274999999999999	1.725	0
-0.274999999999999	1.775	0
-0.274999999999999	1.825	0
-0.274999999999999	1.875	0
-0.274999999999999	1.925	0
-0.274999999999999	1.975	0
-0.274999999999999	2.025	0
-0.274999999999999	2.075	0
-0.274999999999999	2.125	0
-0.274999999999999	2.175	0
-0.274999999999999	2.225	0
-0.274999999999999	2.275	0
-0.274999999999999	2.325	0
-0.274999999999999	2.375	0
-0.274999999999999	2.425	0
-0.274999999999999	2.475	0
-0.274999999999999	2.525	0
-0.274999999999999	2.575	0
-0.274999999999999	2.625	0
-0.224999999999999	-1.975	86813008.81383842
-0.224999999999999	-1.925	10851626.1017298
-0.224999999999999	-1.875	97664634.91556822
-0.224999999999999	-1.825	21703252.20345961
-0.224999999999999	-1.775	43406504.40691921
-0.224999999999999	-1.725	54258130.50864901
-0.224999999999999	-1.675	86813008.81383842
-0.224999999999999	-1.625	227884148.1363259
-0.224999999999999	-1.575	173626017.6276768
-0.224999999999999	-1.525	162774391.5259471
-0.224999999999999	-1.475	184477643.7294067
-0.224999999999999	-1.425	271290652.5432451
-0.224999999999999	-1.375	292993904.7467047
-0.224999999999999	-1.325	368955287.4588133
-0.224999999999999	-1.275	358103661.3570835
-0.224999999999999	-1.225	347252035.2553537
-0.224999999999999	-1.175	488323174.5778412
-0.224999999999999	-1.125	423213417.9674624
-0.224999999999999	-1.075	347252035.2553537
-0.224999999999999	-1.025	368955287.4588133
-0.224999999999999	-0.975	412361791.8657325
-0.224999999999999	-0.925	661949192.205518
-0.224999999999999	-0.875	737910574.9176266
-0.224999999999999	-0.825	607691061.696869
-0.224999999999999	-0.775	1096014236.27471
-0.224999999999999	-0.725	1193678871.190279
-0.224999999999999	-0.675	1258788627.800657
-0.224999999999999	-0.625	1660298793.56466
-0.224999999999999	-0.575	2192028472.54942
-0.224999999999999	-0.525	2908235795.263587
-0.224999999999999	-0.475	3494223604.756997
-0.224999999999999	-0.425	4405760197.3023
-0.224999999999999	-0.375	5349851668.152793
-0.224999999999999	-0.325	7042705340.022642
-0.224999999999999	-0.275	7921687054.262756
-0.224999999999999	-0.225	9126217551.554766
-0.224999999999999	-0.175	9495172839.013578
-0.224999999999999	-0.125	9799018369.862013
-0.224999999999999	-0.0749999999999999	9538579343.420498
-0.224999999999999	-0.0249999999999999	8442565107.145787
-0.224999999999999	0.0250000000000001	7281441114.260698
-0.224999999999999	0.0750000000000001	5729658581.713336
-0.224999999999999	0.125	4557682962.726518
-0.224999999999999	0.175	3613591491.876024
-0.224999999999999	0.225	2376506116.278827
-0.224999999999999	0.275	1595189036.954281
-0.224999999999999	0.325	792168705.4262756
-0.224999999999999	0.375	499174800.6795709
-0.224999999999999	0.425	282142278.6449749
-0.224999999999999	0.475	65109756.61037882
-0.224999999999999	0.525	21703252.20345961
-0.224999999999999	0.575	0
-0.224999999999999	0.625	0
-0.224999999999999	0.675	0
-0.224999999999999	0.725	0
-0.224999999999999	0.775	0
-0.224999999999999	0.825	0
-0.224999999999999	0.875	0
-0.224999999999999	0.925	0
-0.224999999999999	0.975	0
-0.224999999999999	1.025	0
-0.224999999999999	1.075	0
-0.224999999999999	1.125	0
-0.224999999999999	1.175	0
-0.224999999999999	1.225	0
-0.224999999999999	1.275	0
-0.224999999999999	1.325	0
-0.224999999999999	1.375	0
-0.224999999999999	1.425	0
-0.224999999999999	1.475	0
-0.224999999999999	1.525	0
-0.224999999999999	1.575	0
-0.224999999999999	1.625	0
-0.224999999999999	1.675	0
-0.224999999999999	1.725	0
-0.224999999999999	1.775	0
-0.224999999999999	1.825	0
-0.224999999999999	1.875	0
-0.224999999999999	1.925	0
-0.224999999999999	1.975	0
-0.224999999999999	2.025	0
-0.224999999999999	2.075	0
-0.224999999999999	2.125	0
-0.224999999999999	2.175	0
-0.224999999999999	2.225	0
-0.224999999999999	2.275	0
-0.224999999999999	2.325	0
-0.224999999999999	2.375	0
-0.224999999999999	2.425	0
-0.224999999999999	2.475	0
-0.224999999999999	2.525	0
-0.224999999999999	2.575	0
-0.224999999999999	2.625	0
-0.174999999999999	-1.975	86813008.81383842
-0.174999999999999	-1.925	86813008.81383842
-0.174999999999999	-1.875	54258130.50864901
-0.174999999999999	-1.825	21703252.20345961
-0.174999999999999	-1.775	54258130.50864901
-0.174999999999999	-1.725	86813008.81383842
-0.174999999999999	-1.675	86813008.81383842
-0.174999999999999	-1.625	162774391.5259471
-0.174999999999999	-1.575	173626017.6276768
-0.174999999999999	-1.525	217032522.0345961
-0.174999999999999	-1.475	358103661.3570835
-0.174999999999999	-1.425	423213417.9674624
-0.174999999999999	-1.375	368955287.4588133
-0.174999999999999	-1.325	379806913.5605431
-0.174999999999999	-1.275	629394313.9003286
-0.174999999999999	-1.225	553432931.18822
-0.174999999999999	-1.175	542581305.0864902
-0.174999999999999	-1.125	379806913.5605431
-0.174999999999999	-1.075	455768296.2726517
-0.174999999999999	-1.025	423213417.9674624
-0.174999999999999	-0.975	564284557.2899498
-0.174999999999999	-0.925	596839435.5951393
-0.174999999999999	-0.875	694504070.5107074
-0.174999999999999	-0.825	911536592.5453035
-0.174999999999999	-0.775	1161123992.885089
-0.174999999999999	-0.725	1399859767.123145
-0.174999999999999	-0.675	1692853671.869849
-0.174999999999999	-0.625	1985847576.616554
-0.174999999999999	-0.575	2485022377.296125
-0.174999999999999	-0.525	3071010186.789535
-0.174999999999999	-0.475	4308095562.386732
-0.174999999999999	-0.425	5273890285.440684
-0.174999999999999	-0.375	6521827287.139612
-0.174999999999999	-0.325	7780615914.940269
-0.174999999999999	-0.275	9744760239.353363
-0.174999999999999	-0.225	9245585438.673792
-0.174999999999999	-0.175	10623741953.59348
-0.174999999999999	-0.125	10851626101.7298
-0.174999999999999	-0.0749999999999999	8431713481.044058
-0.174999999999999	-0.0249999999999999	7487622010.193565
-0.174999999999999	0.0250000000000001	6467569156.630962
-0.174999999999999	0.0750000000000001	4481721580.014409
-0.174999999999999	0.125	3526778483.062186
-0.174999999999999	0.175	2289693107.464988
-0.174999999999999	0.225	1378156514.919685
-0.174999999999999	0.275	1052607731.867791
-0.174999999999999	0.325	531729678.9847604
-0.174999999999999	0.375	184477643.7294067
-0.174999999999999	0.425	65109756.61037882
-0.174999999999999	0.475	43406504.40691921
-0.174999999999999	0.525	0
-0.174999999999999	0.575	0
-0.174999999999999	0.625	0
-0.174999999999999	0.675	0
-0.174999999999999	0.725	0
-0.174999999999999	0.775	0
-0.174999999999999	0.825	0
-0.174999999999999	0.875	0
-0.174999999999999	0.925	0
-0.174999999999999	0.975	0
-0.174999999999999	1.025	0
-0.174999999999999	1.075	0
-0.174999999999999	1.125	0
-0.174999999999999	1.175	0
-0.174999999999999	1.225	0
-0.174999999999999	1.275	0
-0.174999999999999	1.325	0
-0.174999999999999	1.375	0
-0.174999999999999	1.425	0
-0.174999999999999	1.475	0
-0.174999999999999	1.525	0
-0.174999999999999	1.575	0
-0.174999999999999	1.625	0
-0.174999999999999	1.675	0
-0.174999999999999	1.725	0
-0.174999999999999	1.775	0
-0.174999999999999	1.825	0
-0.174999999999999	1.875	0
-0.174999999999999	1.925	0
-0.174999999999999	1.975	0
-0.174999999999999	2.025	0
-0.174999999999999	2.075	0
-0.174999999999999	2.125	0
-0.174999999999999	2.175	0
-0.174999999999999	2.225	0
-0.174999999999999	2.275	0
-0.174999999999999	2.325	0
-0.174999999999999	2.375	0
-0.174999999999999	2.425	0
-0.174999999999999	2.475	0
-0.174999999999999	2.525	0
-0.174999999999999	2.575	0
-0.174999999999999	2.625	0
-0.124999999999999	-1.975	75961382.71210863
-0.124999999999999	-1.925	54258130.50864901
-0.124999999999999	-1.875	75961382.71210863
-0.124999999999999	-1.825	43406504.40691921
-0.124999999999999	-1.775	97664634.91556822
-0.124999999999999	-1.725	97664634.91556822
-0.124999999999999	-1.675	141071139.3224874
-0.124999999999999	-1.625	195329269.8311364
-0.124999999999999	-1.575	173626017.6276768
-0.124999999999999	-1.525	292993904.7467047
-0.124999999999999	-1.475	314697156.9501643
-0.124999999999999	-1.425	423213417.9674624
-0.124999999999999	-1.375	466619922.3743815
-0.124999999999999	-1.325	607691061.696869
-0.124999999999999	-1.275	575136183.3916796
-0.124999999999999	-1.225	542581305.0864902
-0.124999999999999	-1.175	575136183.3916796
-0.124999999999999	-1.125	564284557.2899498
-0.124999999999999	-1.075	444916670.170922
-0.124999999999999	-1.025	466619922.3743815
-0.124999999999999	-0.975	607691061.696869
-0.124999999999999	-0.925	889833340.341844
-0.124999999999999	-0.875	954943096.9522227
-0.124999999999999	-0.825	1161123992.885089
-0.124999999999999	-0.775	1291343506.105847
-0.124999999999999	-0.725	1649447167.46293
-0.124999999999999	-0.675	1909886193.904445
-0.124999999999999	-0.625	2311396359.668448
-0.124999999999999	-0.575	2788867908.144559
-0.124999999999999	-0.525	4112766292.555595
-0.124999999999999	-0.475	4677050849.845545
-0.124999999999999	-0.425	5480071181.37355
-0.124999999999999	-0.375	6803969565.784586
-0.124999999999999	-0.325	8540229742.061355
-0.124999999999999	-0.275	9451766334.606659
-0.124999999999999	-0.225	10189676909.52428
-0.124999999999999	-0.175	10309044796.64331
-0.124999999999999	-0.125	9614540726.132607
-0.124999999999999	-0.0749999999999999	8203829332.907731
-0.124999999999999	-0.0249999999999999	6066058990.86696
-0.124999999999999	0.0250000000000001	5067709389.507818
-0.124999999999999	0.0750000000000001	3526778483.062186
-0.124999999999999	0.125	2354802864.075367
-0.124999999999999	0.175	1323898384.411036
-0.124999999999999	0.225	857278462.0366545
-0.124999999999999	0.275	499174800.6795709
-0.124999999999999	0.325	282142278.6449749
-0.124999999999999	0.375	75961382.71210863
-0.124999999999999	0.425	32554878.30518941
-0.124999999999999	0.475	21703252.20345961
-0.124999999999999	0.525	0
-0.124999999999999	0.575	0
-0.124999999999999	0.625	0
-0.124999999999999	0.675	0
-0.124999999999999	0.725	0
-0.124999999999999	0.775	0
-0.124999999999999	0.825	0
-0.124999999999999	0.875	0
-0.124999999999999	0.925	0
-0.124999999999999	0.975	0
-0.124999999999999	1.025	0
-0.124999999999999	1.075	0
-0.124999999999999	1.125	0
-0.124999999999999	1.175	0
-0.124999999999999	1.225	0
-0.124999999999999	1.275	0
-0.124999999999999	1.325	0
-0.124999999999999	1.375	0
-0.124999999999999	1.425	0
-0.124999999999999	1.475	0
-0.124999999999999	1.525	0
-0.124999999999999	1.575	0
-0.124999999999999	1.625	0
-0.124999999999999	1.675	0
-0.124999999999999	1.725	0
-0.124999999999999	1.775	0
-0.124999999999999	1.825	0
-0.124999999999999	1.875	0
-0.124999999999999	1.925	0
-0.124999999999999	1.975	0
-0.124999999999999	2.025	0
-0.124999999999999	2.075	0
-0.124999999999999	2.125	0
-0.124999999999999	2.175	0
-0.124999999999999	2.225	0
-0.124999999999999	2.275	0
-0.124999999999999	2.325	0
-0.124999999999999	2.375	0
-0.124999999999999	2.425	0
-0.124999999999999	2.475	0
-0.124999999999999	2.525	0
-0.124999999999999	2.575	0
-0.124999999999999	2.625	0
-0.0749999999999994	-1.975	119367887.1190278
-0.0749999999999994	-1.925	54258130.50864901
-0.0749999999999994	-1.875	54258130.50864901
-0.0749999999999994	-1.825	75961382.71210863
-0.0749999999999994	-1.775	151922765.4242173
-0.0749999999999994	-1.725	119367887.1190278
-0.0749999999999994	-1.675	141071139.3224874
-0.0749999999999994	-1.625	227884148.1363259
-0.0749999999999994	-1.575	249587400.3397855
-0.0749999999999994	-1.525	260439026.4415153
-0.0749999999999994	-1.475	379806913.5605431
-0.0749999999999994	-1.425	466619922.3743815
-0.0749999999999994	-1.375	705355696.6124371
-0.0749999999999994	-1.325	651097566.1037883
-0.0749999999999994	-1.275	846426835.9349247
-0.0749999999999994	-1.225	878981714.2401141
-0.0749999999999994	-1.175	542581305.0864902
-0.0749999999999994	-1.125	737910574.9176266
-0.0749999999999994	-1.075	672800818.3072478
-0.0749999999999994	-1.025	618542687.7985989
-0.0749999999999994	-0.975	846426835.9349247
-0.0749999999999994	-0.925	857278462.0366545
-0.0749999999999994	-0.875	1117717488.47817
-0.0749999999999994	-0.825	1182827245.088549
-0.0749999999999994	-0.775	1519227654.242172
-0.0749999999999994	-0.725	2159473594.244231
-0.0749999999999994	-0.675	2680351647.127262
-0.0749999999999994	-0.625	2875680916.958398
-0.0749999999999994	-0.575	3114416691.196454
-0.0749999999999994	-0.525	4112766292.555595
-0.0749999999999994	-0.475	5599439068.492579
-0.0749999999999994	-0.425	6391607773.918854
-0.0749999999999994	-0.375	7324847618.667618
-0.0749999999999994	-0.325	8898333403.418438
-0.0749999999999994	-0.275	9603689100.030876
-0.0749999999999994	-0.225	10591187075.28829
-0.0749999999999994	-0.175	10081160648.50699
-0.0749999999999994	-0.125	8822372020.706329
-0.0749999999999994	-0.0749999999999999	7053556966.124372
-0.0749999999999994	-0.0249999999999999	5339000042.051064
-0.0749999999999994	0.0250000000000001	3656997996.282944
-0.0749999999999994	0.0750000000000001	2550132133.906504
-0.0749999999999994	0.125	1584337410.852551
-0.0749999999999994	0.175	824723583.731465
-0.0749999999999994	0.225	444916670.170922
-0.0749999999999994	0.275	151922765.4242173
-0.0749999999999994	0.325	86813008.81383842
-0.0749999999999994	0.375	32554878.30518941
-0.0749999999999994	0.425	21703252.20345961
-0.0749999999999994	0.475	0
-0.0749999999999994	0.525	0
-0.0749999999999994	0.575	0
-0.0749999999999994	0.625	0
-0.0749999999999994	0.675	0
-0.0749999999999994	0.725	0
-0.0749999999999994	0.775	0
-0.0749999999999994	0.825	0
-0.0749999999999994	0.875	0
-0.0749999999999994	0.925	0
-0.0749999999999994	0.975	0
-0.0749999999999994	1.025	0
-0.0749999999999994	1.075	0
-0.0749999999999994	1.125	0
-0.0749999999999994	1.175	0
-0.0749999999999994	1.225	0
-0.0749999999999994	1.275	0
-0.0749999999999994	1.325	0
-0.0749999999999994	1.375	0
-0.0749999999999994	1.425	0
-0.0749999999999994	1.475	0
-0.0749999999999994	1.525	0
-0.0749999999999994	1.575	0
-0.0749999999999994	1.625	0
-0.0749999999999994	1.675	0
-0.0749999999999994	1.725	0
-0.0749999999999994	1.775	0
-0.0749999999999994	1.825	0
-0.0749999999999994	1.875	0
-0.0749999999999994	1.925	0
-0.0749999999999994	1.975	0
-0.0749999999999994	2.025	0
-0.0749999999999994	2.075	0
-0.0749999999999994	2.125	0
-0.0749999999999994	2.175	0
-0.0749999999999994	2.225	0
-0.0749999999999994	2.275	0
-0.0749999999999994	2.325	0
-0.0749999999999994	2.375	0
-0.0749999999999994	2.425	0
-0.0749999999999994	2.475	0
-0.0749999999999994	2.525	0
-0.0749999999999994	2.575	0
-0.0749999999999994	2.625	0
-0.0249999999999994	-1.975	173626017.6276768
-0.0249999999999994	-1.925	43406504.40691921
-0.0249999999999994	-1.875	86813008.81383842
-0.0249999999999994	-1.825	108516261.017298
-0.0249999999999994	-1.775	130219513.2207576
-0.0249999999999994	-1.725	130219513.2207576
-0.0249999999999994	-1.675	206180895.9328662
-0.0249999999999994	-1.625	238735774.2380557
-0.0249999999999994	-1.575	303845530.8484345
-0.0249999999999994	-1.525	466619922.3743815
-0.0249999999999994	-1.475	434065044.0691921
-0.0249999999999994	-1.425	759613827.1210862
-0.0249999999999994	-1.375	803020331.5280055
-0.0249999999999994	-1.325	672800818.3072478
-0.0249999999999994	-1.275	998349601.3591418
-0.0249999999999994	-1.225	998349601.3591418
-0.0249999999999994	-1.175	889833340.341844
-0.0249999999999994	-1.125	965794723.0539525
-0.0249999999999994	-1.075	781317079.3245457
-0.0249999999999994	-1.025	727058948.8158969
-0.0249999999999994	-0.975	748762201.0193564
-0.0249999999999994	-0.925	1171975618.986819
-0.0249999999999994	-0.875	1378156514.919685
-0.0249999999999994	-0.825	1823073185.090607
-0.0249999999999994	-0.775	2365654490.177097
-0.0249999999999994	-0.725	2604390264.415153
-0.0249999999999994	-0.675	3016752056.280886
-0.0249999999999994	-0.625	3353152465.434509
-0.0249999999999994	-0.575	3993398405.436567
-0.0249999999999994	-0.525	4438315075.60749
-0.0249999999999994	-0.475	5382406546.457982
-0.0249999999999994	-0.425	7021002087.819182
-0.0249999999999994	-0.375	7910835428.161026
-0.0249999999999994	-0.325	9430063082.403198
-0.0249999999999994	-0.275	9809869995.963743
-0.0249999999999994	-0.225	9994347639.69315
-0.0249999999999994	-0.175	9354101699.69109
-0.0249999999999994	-0.125	7813170793.245459
-0.0249999999999994	-0.0749999999999999	5751361833.916797
-0.0249999999999994	-0.0249999999999999	4253837431.878083
-0.0249999999999994	0.0250000000000001	2539280507.804774
-0.0249999999999994	0.0750000000000001	1584337410.852551
-0.0249999999999994	0.125	737910574.9176266
-0.0249999999999994	0.175	314697156.9501643
-0.0249999999999994	0.225	130219513.2207576
-0.0249999999999994	0.275	65109756.61037882
-0.0249999999999994	0.325	0
-0.0249999999999994	0.375	0
-0.0249999999999994	0.425	0
-0.0249999999999994	0.475	0
-0.0249999999999994	0.525	0
-0.0249999999999994	0.575	0
-0.0249999999999994	0.625	0
-0.0249999999999994	0.675	0
-0.0249999999999994	0.725	0
-0.0249999999999994	0.775	0
-0.0249999999999994	0.825	0
-0.0249999999999994	0.875	0
-0.0249999999999994	0.925	0
-0.0249999999999994	0.975	0
-0.0249999999999994	1.025	0
-0.0249999999999994	1.075	0
-0.0249999999999994	1.125	0
-0.0249999999999994	1.175	0
-0.0249999999999994	1.225	0
-0.0249999999999994	1.275	0
-0.0249999999999994	1.325	0
-0.0249999999999994	1.375	0
-0.0249999999999994	1.425	0
-0.0249999999999994	1.475	0
-0.0249999999999994	1.525	0
-0.0249999999999994	1.575	0
-0.0249999999999994	1.625	0
-0.0249999999999994	1.675	0
-0.0249999999999994	1.725	0
-0.0249999999999994	1.775	0
-0.0249999999999994	1.825	0
-0.0249999999999994	1.875	0
-0.0249999999999994	1.925	0
-0.0249999999999994	1.975	0
-0.0249999999999994	2.025	0
-0.0249999999999994	2.075	0
-0.0249999999999994	2.125	0
-0.0249999999999994	2.175	0
-0.0249999999999994	2.225	0
-0.0249999999999994	2.275	0
-0.0249999999999994	2.325	0
-0.0249999999999994	2.375	0
-0.0249999999999994	2.425	0
-0.0249999999999994	2.475	0
-0.0249999999999994	2.525	0
-0.0249999999999994	2.575	0
-0.0249999999999994	2.625	0
