# This file contains the cross section for particles into the FORWARD hemisphere only
# Normalization:	4511672068055.184	 pb
# PID:	321
# log10(theta)	log10(p/GeV)	cross-section[pb/bin]
-7.275	-1.975	0
-7.275	-1.925	0
-7.275	-1.875	0
-7.275	-1.825	0
-7.275	-1.775	0
-7.275	-1.725	0
-7.275	-1.675	0
-7.275	-1.625	0
-7.275	-1.575	0
-7.275	-1.525	0
-7.275	-1.475	0
-7.275	-1.425	0
-7.275	-1.375	0
-7.275	-1.325	0
-7.275	-1.275	0
-7.275	-1.225	0
-7.275	-1.175	0
-7.275	-1.125	0
-7.275	-1.075	0
-7.275	-1.025	0
-7.275	-0.975	0
-7.275	-0.925	0
-7.275	-0.875	0
-7.275	-0.825	0
-7.275	-0.775	0
-7.275	-0.725	0
-7.275	-0.675	0
-7.275	-0.625	0
-7.275	-0.575	0
-7.275	-0.525	0
-7.275	-0.475	0
-7.275	-0.425	0
-7.275	-0.375	0
-7.275	-0.325	0
-7.275	-0.275	0
-7.275	-0.225	0
-7.275	-0.175	0
-7.275	-0.125	0
-7.275	-0.0749999999999999	0
-7.275	-0.0249999999999999	0
-7.275	0.0250000000000001	0
-7.275	0.0750000000000001	0
-7.275	0.125	0
-7.275	0.175	0
-7.275	0.225	0
-7.275	0.275	0
-7.275	0.325	0
-7.275	0.375	0
-7.275	0.425	0
-7.275	0.475	0
-7.275	0.525	0
-7.275	0.575	0
-7.275	0.625	0
-7.275	0.675	0
-7.275	0.725	0
-7.275	0.775	0
-7.275	0.825	0
-7.275	0.875	0
-7.275	0.925	0
-7.275	0.975	0
-7.275	1.025	0
-7.275	1.075	0
-7.275	1.125	0
-7.275	1.175	0
-7.275	1.225	0
-7.275	1.275	0
-7.275	1.325	0
-7.275	1.375	0
-7.275	1.425	0
-7.275	1.475	0
-7.275	1.525	0
-7.275	1.575	0
-7.275	1.625	0
-7.275	1.675	0
-7.275	1.725	0
-7.275	1.775	0
-7.275	1.825	0
-7.275	1.875	0
-7.275	1.925	0
-7.275	1.975	0
-7.275	2.025	0
-7.275	2.075	0
-7.275	2.125	0
-7.275	2.175	0
-7.275	2.225	0
-7.275	2.275	0
-7.275	2.325	0
-7.275	2.375	0
-7.275	2.425	0
-7.275	2.475	0
-7.275	2.525	0
-7.275	2.575	0
-7.275	2.625	0
-7.225	-1.975	0
-7.225	-1.925	0
-7.225	-1.875	0
-7.225	-1.825	0
-7.225	-1.775	0
-7.225	-1.725	0
-7.225	-1.675	0
-7.225	-1.625	0
-7.225	-1.575	0
-7.225	-1.525	0
-7.225	-1.475	0
-7.225	-1.425	0
-7.225	-1.375	0
-7.225	-1.325	0
-7.225	-1.275	0
-7.225	-1.225	0
-7.225	-1.175	0
-7.225	-1.125	0
-7.225	-1.075	0
-7.225	-1.025	0
-7.225	-0.975	0
-7.225	-0.925	0
-7.225	-0.875	0
-7.225	-0.825	0
-7.225	-0.775	0
-7.225	-0.725	0
-7.225	-0.675	0
-7.225	-0.625	0
-7.225	-0.575	0
-7.225	-0.525	0
-7.225	-0.475	0
-7.225	-0.425	0
-7.225	-0.375	0
-7.225	-0.325	0
-7.225	-0.275	0
-7.225	-0.225	0
-7.225	-0.175	0
-7.225	-0.125	0
-7.225	-0.0749999999999999	0
-7.225	-0.0249999999999999	0
-7.225	0.0250000000000001	0
-7.225	0.0750000000000001	0
-7.225	0.125	0
-7.225	0.175	0
-7.225	0.225	0
-7.225	0.275	0
-7.225	0.325	0
-7.225	0.375	0
-7.225	0.425	0
-7.225	0.475	0
-7.225	0.525	0
-7.225	0.575	0
-7.225	0.625	0
-7.225	0.675	0
-7.225	0.725	0
-7.225	0.775	0
-7.225	0.825	0
-7.225	0.875	0
-7.225	0.925	0
-7.225	0.975	0
-7.225	1.025	0
-7.225	1.075	0
-7.225	1.125	0
-7.225	1.175	0
-7.225	1.225	0
-7.225	1.275	0
-7.225	1.325	0
-7.225	1.375	0
-7.225	1.425	0
-7.225	1.475	0
-7.225	1.525	0
-7.225	1.575	0
-7.225	1.625	0
-7.225	1.675	0
-7.225	1.725	0
-7.225	1.775	0
-7.225	1.825	0
-7.225	1.875	0
-7.225	1.925	0
-7.225	1.975	0
-7.225	2.025	0
-7.225	2.075	0
-7.225	2.125	0
-7.225	2.175	0
-7.225	2.225	0
-7.225	2.275	0
-7.225	2.325	0
-7.225	2.375	0
-7.225	2.425	0
-7.225	2.475	0
-7.225	2.525	0
-7.225	2.575	0
-7.225	2.625	0
-7.175	-1.975	0
-7.175	-1.925	0
-7.175	-1.875	0
-7.175	-1.825	0
-7.175	-1.775	0
-7.175	-1.725	0
-7.175	-1.675	0
-7.175	-1.625	0
-7.175	-1.575	0
-7.175	-1.525	0
-7.175	-1.475	0
-7.175	-1.425	0
-7.175	-1.375	0
-7.175	-1.325	0
-7.175	-1.275	0
-7.175	-1.225	0
-7.175	-1.175	0
-7.175	-1.125	0
-7.175	-1.075	0
-7.175	-1.025	0
-7.175	-0.975	0
-7.175	-0.925	0
-7.175	-0.875	0
-7.175	-0.825	0
-7.175	-0.775	0
-7.175	-0.725	0
-7.175	-0.675	0
-7.175	-0.625	0
-7.175	-0.575	0
-7.175	-0.525	0
-7.175	-0.475	0
-7.175	-0.425	0
-7.175	-0.375	0
-7.175	-0.325	0
-7.175	-0.275	0
-7.175	-0.225	0
-7.175	-0.175	0
-7.175	-0.125	0
-7.175	-0.0749999999999999	0
-7.175	-0.0249999999999999	0
-7.175	0.0250000000000001	0
-7.175	0.0750000000000001	0
-7.175	0.125	0
-7.175	0.175	0
-7.175	0.225	0
-7.175	0.275	0
-7.175	0.325	0
-7.175	0.375	0
-7.175	0.425	0
-7.175	0.475	0
-7.175	0.525	0
-7.175	0.575	0
-7.175	0.625	0
-7.175	0.675	0
-7.175	0.725	0
-7.175	0.775	0
-7.175	0.825	0
-7.175	0.875	0
-7.175	0.925	0
-7.175	0.975	0
-7.175	1.025	0
-7.175	1.075	0
-7.175	1.125	0
-7.175	1.175	0
-7.175	1.225	0
-7.175	1.275	0
-7.175	1.325	0
-7.175	1.375	0
-7.175	1.425	0
-7.175	1.475	0
-7.175	1.525	0
-7.175	1.575	0
-7.175	1.625	0
-7.175	1.675	0
-7.175	1.725	0
-7.175	1.775	0
-7.175	1.825	0
-7.175	1.875	0
-7.175	1.925	0
-7.175	1.975	0
-7.175	2.025	0
-7.175	2.075	0
-7.175	2.125	0
-7.175	2.175	0
-7.175	2.225	0
-7.175	2.275	0
-7.175	2.325	0
-7.175	2.375	0
-7.175	2.425	0
-7.175	2.475	0
-7.175	2.525	0
-7.175	2.575	0
-7.175	2.625	0
-7.125	-1.975	0
-7.125	-1.925	0
-7.125	-1.875	0
-7.125	-1.825	0
-7.125	-1.775	0
-7.125	-1.725	0
-7.125	-1.675	0
-7.125	-1.625	0
-7.125	-1.575	0
-7.125	-1.525	0
-7.125	-1.475	0
-7.125	-1.425	0
-7.125	-1.375	0
-7.125	-1.325	0
-7.125	-1.275	0
-7.125	-1.225	0
-7.125	-1.175	0
-7.125	-1.125	0
-7.125	-1.075	0
-7.125	-1.025	0
-7.125	-0.975	0
-7.125	-0.925	0
-7.125	-0.875	0
-7.125	-0.825	0
-7.125	-0.775	0
-7.125	-0.725	0
-7.125	-0.675	0
-7.125	-0.625	0
-7.125	-0.575	0
-7.125	-0.525	0
-7.125	-0.475	0
-7.125	-0.425	0
-7.125	-0.375	0
-7.125	-0.325	0
-7.125	-0.275	0
-7.125	-0.225	0
-7.125	-0.175	0
-7.125	-0.125	0
-7.125	-0.0749999999999999	0
-7.125	-0.0249999999999999	0
-7.125	0.0250000000000001	0
-7.125	0.0750000000000001	0
-7.125	0.125	0
-7.125	0.175	0
-7.125	0.225	0
-7.125	0.275	0
-7.125	0.325	0
-7.125	0.375	0
-7.125	0.425	0
-7.125	0.475	0
-7.125	0.525	0
-7.125	0.575	0
-7.125	0.625	0
-7.125	0.675	0
-7.125	0.725	0
-7.125	0.775	0
-7.125	0.825	0
-7.125	0.875	0
-7.125	0.925	0
-7.125	0.975	0
-7.125	1.025	0
-7.125	1.075	0
-7.125	1.125	0
-7.125	1.175	0
-7.125	1.225	0
-7.125	1.275	0
-7.125	1.325	0
-7.125	1.375	0
-7.125	1.425	0
-7.125	1.475	0
-7.125	1.525	0
-7.125	1.575	0
-7.125	1.625	0
-7.125	1.675	0
-7.125	1.725	0
-7.125	1.775	0
-7.125	1.825	0
-7.125	1.875	0
-7.125	1.925	0
-7.125	1.975	0
-7.125	2.025	0
-7.125	2.075	0
-7.125	2.125	0
-7.125	2.175	0
-7.125	2.225	0
-7.125	2.275	0
-7.125	2.325	0
-7.125	2.375	0
-7.125	2.425	0
-7.125	2.475	0
-7.125	2.525	0
-7.125	2.575	0
-7.125	2.625	0
-7.075	-1.975	0
-7.075	-1.925	0
-7.075	-1.875	0
-7.075	-1.825	0
-7.075	-1.775	0
-7.075	-1.725	0
-7.075	-1.675	0
-7.075	-1.625	0
-7.075	-1.575	0
-7.075	-1.525	0
-7.075	-1.475	0
-7.075	-1.425	0
-7.075	-1.375	0
-7.075	-1.325	0
-7.075	-1.275	0
-7.075	-1.225	0
-7.075	-1.175	0
-7.075	-1.125	0
-7.075	-1.075	0
-7.075	-1.025	0
-7.075	-0.975	0
-7.075	-0.925	0
-7.075	-0.875	0
-7.075	-0.825	0
-7.075	-0.775	0
-7.075	-0.725	0
-7.075	-0.675	0
-7.075	-0.625	0
-7.075	-0.575	0
-7.075	-0.525	0
-7.075	-0.475	0
-7.075	-0.425	0
-7.075	-0.375	0
-7.075	-0.325	0
-7.075	-0.275	0
-7.075	-0.225	0
-7.075	-0.175	0
-7.075	-0.125	0
-7.075	-0.0749999999999999	0
-7.075	-0.0249999999999999	0
-7.075	0.0250000000000001	0
-7.075	0.0750000000000001	0
-7.075	0.125	0
-7.075	0.175	0
-7.075	0.225	0
-7.075	0.275	0
-7.075	0.325	0
-7.075	0.375	0
-7.075	0.425	0
-7.075	0.475	0
-7.075	0.525	0
-7.075	0.575	0
-7.075	0.625	0
-7.075	0.675	0
-7.075	0.725	0
-7.075	0.775	0
-7.075	0.825	0
-7.075	0.875	0
-7.075	0.925	0
-7.075	0.975	0
-7.075	1.025	0
-7.075	1.075	0
-7.075	1.125	0
-7.075	1.175	0
-7.075	1.225	0
-7.075	1.275	0
-7.075	1.325	0
-7.075	1.375	0
-7.075	1.425	0
-7.075	1.475	0
-7.075	1.525	0
-7.075	1.575	0
-7.075	1.625	0
-7.075	1.675	0
-7.075	1.725	0
-7.075	1.775	0
-7.075	1.825	0
-7.075	1.875	0
-7.075	1.925	0
-7.075	1.975	0
-7.075	2.025	0
-7.075	2.075	0
-7.075	2.125	0
-7.075	2.175	0
-7.075	2.225	0
-7.075	2.275	0
-7.075	2.325	0
-7.075	2.375	0
-7.075	2.425	0
-7.075	2.475	0
-7.075	2.525	0
-7.075	2.575	0
-7.075	2.625	0
-7.025	-1.975	0
-7.025	-1.925	0
-7.025	-1.875	0
-7.025	-1.825	0
-7.025	-1.775	0
-7.025	-1.725	0
-7.025	-1.675	0
-7.025	-1.625	0
-7.025	-1.575	0
-7.025	-1.525	0
-7.025	-1.475	0
-7.025	-1.425	0
-7.025	-1.375	0
-7.025	-1.325	0
-7.025	-1.275	0
-7.025	-1.225	0
-7.025	-1.175	0
-7.025	-1.125	0
-7.025	-1.075	0
-7.025	-1.025	0
-7.025	-0.975	0
-7.025	-0.925	0
-7.025	-0.875	0
-7.025	-0.825	0
-7.025	-0.775	0
-7.025	-0.725	0
-7.025	-0.675	0
-7.025	-0.625	0
-7.025	-0.575	0
-7.025	-0.525	0
-7.025	-0.475	0
-7.025	-0.425	0
-7.025	-0.375	0
-7.025	-0.325	0
-7.025	-0.275	0
-7.025	-0.225	0
-7.025	-0.175	0
-7.025	-0.125	0
-7.025	-0.0749999999999999	0
-7.025	-0.0249999999999999	0
-7.025	0.0250000000000001	0
-7.025	0.0750000000000001	0
-7.025	0.125	0
-7.025	0.175	0
-7.025	0.225	0
-7.025	0.275	0
-7.025	0.325	0
-7.025	0.375	0
-7.025	0.425	0
-7.025	0.475	0
-7.025	0.525	0
-7.025	0.575	0
-7.025	0.625	0
-7.025	0.675	0
-7.025	0.725	0
-7.025	0.775	0
-7.025	0.825	0
-7.025	0.875	0
-7.025	0.925	0
-7.025	0.975	0
-7.025	1.025	0
-7.025	1.075	0
-7.025	1.125	0
-7.025	1.175	0
-7.025	1.225	0
-7.025	1.275	0
-7.025	1.325	0
-7.025	1.375	0
-7.025	1.425	0
-7.025	1.475	0
-7.025	1.525	0
-7.025	1.575	0
-7.025	1.625	0
-7.025	1.675	0
-7.025	1.725	0
-7.025	1.775	0
-7.025	1.825	0
-7.025	1.875	0
-7.025	1.925	0
-7.025	1.975	0
-7.025	2.025	0
-7.025	2.075	0
-7.025	2.125	0
-7.025	2.175	0
-7.025	2.225	0
-7.025	2.275	0
-7.025	2.325	0
-7.025	2.375	0
-7.025	2.425	0
-7.025	2.475	0
-7.025	2.525	0
-7.025	2.575	0
-7.025	2.625	0
-6.975	-1.975	0
-6.975	-1.925	0
-6.975	-1.875	0
-6.975	-1.825	0
-6.975	-1.775	0
-6.975	-1.725	0
-6.975	-1.675	0
-6.975	-1.625	0
-6.975	-1.575	0
-6.975	-1.525	0
-6.975	-1.475	0
-6.975	-1.425	0
-6.975	-1.375	0
-6.975	-1.325	0
-6.975	-1.275	0
-6.975	-1.225	0
-6.975	-1.175	0
-6.975	-1.125	0
-6.975	-1.075	0
-6.975	-1.025	0
-6.975	-0.975	0
-6.975	-0.925	0
-6.975	-0.875	0
-6.975	-0.825	0
-6.975	-0.775	0
-6.975	-0.725	0
-6.975	-0.675	0
-6.975	-0.625	0
-6.975	-0.575	0
-6.975	-0.525	0
-6.975	-0.475	0
-6.975	-0.425	0
-6.975	-0.375	0
-6.975	-0.325	0
-6.975	-0.275	0
-6.975	-0.225	0
-6.975	-0.175	0
-6.975	-0.125	0
-6.975	-0.0749999999999999	0
-6.975	-0.0249999999999999	0
-6.975	0.0250000000000001	0
-6.975	0.0750000000000001	0
-6.975	0.125	0
-6.975	0.175	0
-6.975	0.225	0
-6.975	0.275	0
-6.975	0.325	0
-6.975	0.375	0
-6.975	0.425	0
-6.975	0.475	0
-6.975	0.525	0
-6.975	0.575	0
-6.975	0.625	0
-6.975	0.675	0
-6.975	0.725	0
-6.975	0.775	0
-6.975	0.825	0
-6.975	0.875	0
-6.975	0.925	0
-6.975	0.975	0
-6.975	1.025	0
-6.975	1.075	0
-6.975	1.125	0
-6.975	1.175	0
-6.975	1.225	0
-6.975	1.275	0
-6.975	1.325	0
-6.975	1.375	0
-6.975	1.425	0
-6.975	1.475	0
-6.975	1.525	0
-6.975	1.575	0
-6.975	1.625	0
-6.975	1.675	0
-6.975	1.725	0
-6.975	1.775	0
-6.975	1.825	0
-6.975	1.875	0
-6.975	1.925	0
-6.975	1.975	0
-6.975	2.025	0
-6.975	2.075	0
-6.975	2.125	0
-6.975	2.175	0
-6.975	2.225	0
-6.975	2.275	0
-6.975	2.325	0
-6.975	2.375	0
-6.975	2.425	0
-6.975	2.475	0
-6.975	2.525	0
-6.975	2.575	0
-6.975	2.625	0
-6.925	-1.975	0
-6.925	-1.925	0
-6.925	-1.875	0
-6.925	-1.825	0
-6.925	-1.775	0
-6.925	-1.725	0
-6.925	-1.675	0
-6.925	-1.625	0
-6.925	-1.575	0
-6.925	-1.525	0
-6.925	-1.475	0
-6.925	-1.425	0
-6.925	-1.375	0
-6.925	-1.325	0
-6.925	-1.275	0
-6.925	-1.225	0
-6.925	-1.175	0
-6.925	-1.125	0
-6.925	-1.075	0
-6.925	-1.025	0
-6.925	-0.975	0
-6.925	-0.925	0
-6.925	-0.875	0
-6.925	-0.825	0
-6.925	-0.775	0
-6.925	-0.725	0
-6.925	-0.675	0
-6.925	-0.625	0
-6.925	-0.575	0
-6.925	-0.525	0
-6.925	-0.475	0
-6.925	-0.425	0
-6.925	-0.375	0
-6.925	-0.325	0
-6.925	-0.275	0
-6.925	-0.225	0
-6.925	-0.175	0
-6.925	-0.125	0
-6.925	-0.0749999999999999	0
-6.925	-0.0249999999999999	0
-6.925	0.0250000000000001	0
-6.925	0.0750000000000001	0
-6.925	0.125	0
-6.925	0.175	0
-6.925	0.225	0
-6.925	0.275	0
-6.925	0.325	0
-6.925	0.375	0
-6.925	0.425	0
-6.925	0.475	0
-6.925	0.525	0
-6.925	0.575	0
-6.925	0.625	0
-6.925	0.675	0
-6.925	0.725	0
-6.925	0.775	0
-6.925	0.825	0
-6.925	0.875	0
-6.925	0.925	0
-6.925	0.975	0
-6.925	1.025	0
-6.925	1.075	0
-6.925	1.125	0
-6.925	1.175	0
-6.925	1.225	0
-6.925	1.275	0
-6.925	1.325	0
-6.925	1.375	0
-6.925	1.425	0
-6.925	1.475	0
-6.925	1.525	0
-6.925	1.575	0
-6.925	1.625	0
-6.925	1.675	0
-6.925	1.725	0
-6.925	1.775	0
-6.925	1.825	0
-6.925	1.875	0
-6.925	1.925	0
-6.925	1.975	0
-6.925	2.025	0
-6.925	2.075	0
-6.925	2.125	0
-6.925	2.175	0
-6.925	2.225	0
-6.925	2.275	0
-6.925	2.325	0
-6.925	2.375	0
-6.925	2.425	0
-6.925	2.475	0
-6.925	2.525	0
-6.925	2.575	0
-6.925	2.625	0
-6.875	-1.975	0
-6.875	-1.925	0
-6.875	-1.875	0
-6.875	-1.825	0
-6.875	-1.775	0
-6.875	-1.725	0
-6.875	-1.675	0
-6.875	-1.625	0
-6.875	-1.575	0
-6.875	-1.525	0
-6.875	-1.475	0
-6.875	-1.425	0
-6.875	-1.375	0
-6.875	-1.325	0
-6.875	-1.275	0
-6.875	-1.225	0
-6.875	-1.175	0
-6.875	-1.125	0
-6.875	-1.075	0
-6.875	-1.025	0
-6.875	-0.975	0
-6.875	-0.925	0
-6.875	-0.875	0
-6.875	-0.825	0
-6.875	-0.775	0
-6.875	-0.725	0
-6.875	-0.675	0
-6.875	-0.625	0
-6.875	-0.575	0
-6.875	-0.525	0
-6.875	-0.475	0
-6.875	-0.425	0
-6.875	-0.375	0
-6.875	-0.325	0
-6.875	-0.275	0
-6.875	-0.225	0
-6.875	-0.175	0
-6.875	-0.125	0
-6.875	-0.0749999999999999	0
-6.875	-0.0249999999999999	0
-6.875	0.0250000000000001	0
-6.875	0.0750000000000001	0
-6.875	0.125	0
-6.875	0.175	0
-6.875	0.225	0
-6.875	0.275	0
-6.875	0.325	0
-6.875	0.375	0
-6.875	0.425	0
-6.875	0.475	0
-6.875	0.525	0
-6.875	0.575	0
-6.875	0.625	0
-6.875	0.675	0
-6.875	0.725	0
-6.875	0.775	0
-6.875	0.825	0
-6.875	0.875	0
-6.875	0.925	0
-6.875	0.975	0
-6.875	1.025	0
-6.875	1.075	0
-6.875	1.125	0
-6.875	1.175	0
-6.875	1.225	0
-6.875	1.275	0
-6.875	1.325	0
-6.875	1.375	0
-6.875	1.425	0
-6.875	1.475	0
-6.875	1.525	0
-6.875	1.575	0
-6.875	1.625	0
-6.875	1.675	0
-6.875	1.725	0
-6.875	1.775	0
-6.875	1.825	0
-6.875	1.875	0
-6.875	1.925	0
-6.875	1.975	0
-6.875	2.025	0
-6.875	2.075	0
-6.875	2.125	0
-6.875	2.175	0
-6.875	2.225	0
-6.875	2.275	0
-6.875	2.325	0
-6.875	2.375	0
-6.875	2.425	0
-6.875	2.475	0
-6.875	2.525	0
-6.875	2.575	0
-6.875	2.625	0
-6.825	-1.975	0
-6.825	-1.925	0
-6.825	-1.875	0
-6.825	-1.825	0
-6.825	-1.775	0
-6.825	-1.725	0
-6.825	-1.675	0
-6.825	-1.625	0
-6.825	-1.575	0
-6.825	-1.525	0
-6.825	-1.475	0
-6.825	-1.425	0
-6.825	-1.375	0
-6.825	-1.325	0
-6.825	-1.275	0
-6.825	-1.225	0
-6.825	-1.175	0
-6.825	-1.125	0
-6.825	-1.075	0
-6.825	-1.025	0
-6.825	-0.975	0
-6.825	-0.925	0
-6.825	-0.875	0
-6.825	-0.825	0
-6.825	-0.775	0
-6.825	-0.725	0
-6.825	-0.675	0
-6.825	-0.625	0
-6.825	-0.575	0
-6.825	-0.525	0
-6.825	-0.475	0
-6.825	-0.425	0
-6.825	-0.375	0
-6.825	-0.325	0
-6.825	-0.275	0
-6.825	-0.225	0
-6.825	-0.175	0
-6.825	-0.125	0
-6.825	-0.0749999999999999	0
-6.825	-0.0249999999999999	0
-6.825	0.0250000000000001	0
-6.825	0.0750000000000001	0
-6.825	0.125	0
-6.825	0.175	0
-6.825	0.225	0
-6.825	0.275	0
-6.825	0.325	0
-6.825	0.375	0
-6.825	0.425	0
-6.825	0.475	0
-6.825	0.525	0
-6.825	0.575	0
-6.825	0.625	0
-6.825	0.675	0
-6.825	0.725	0
-6.825	0.775	0
-6.825	0.825	0
-6.825	0.875	0
-6.825	0.925	0
-6.825	0.975	0
-6.825	1.025	0
-6.825	1.075	0
-6.825	1.125	0
-6.825	1.175	0
-6.825	1.225	0
-6.825	1.275	0
-6.825	1.325	0
-6.825	1.375	0
-6.825	1.425	0
-6.825	1.475	0
-6.825	1.525	0
-6.825	1.575	0
-6.825	1.625	0
-6.825	1.675	0
-6.825	1.725	0
-6.825	1.775	0
-6.825	1.825	0
-6.825	1.875	0
-6.825	1.925	0
-6.825	1.975	0
-6.825	2.025	0
-6.825	2.075	0
-6.825	2.125	0
-6.825	2.175	0
-6.825	2.225	0
-6.825	2.275	0
-6.825	2.325	0
-6.825	2.375	0
-6.825	2.425	0
-6.825	2.475	0
-6.825	2.525	0
-6.825	2.575	0
-6.825	2.625	0
-6.775	-1.975	0
-6.775	-1.925	0
-6.775	-1.875	0
-6.775	-1.825	0
-6.775	-1.775	0
-6.775	-1.725	0
-6.775	-1.675	0
-6.775	-1.625	0
-6.775	-1.575	0
-6.775	-1.525	0
-6.775	-1.475	0
-6.775	-1.425	0
-6.775	-1.375	0
-6.775	-1.325	0
-6.775	-1.275	0
-6.775	-1.225	0
-6.775	-1.175	0
-6.775	-1.125	0
-6.775	-1.075	0
-6.775	-1.025	0
-6.775	-0.975	0
-6.775	-0.925	0
-6.775	-0.875	0
-6.775	-0.825	0
-6.775	-0.775	0
-6.775	-0.725	0
-6.775	-0.675	0
-6.775	-0.625	0
-6.775	-0.575	0
-6.775	-0.525	0
-6.775	-0.475	0
-6.775	-0.425	0
-6.775	-0.375	0
-6.775	-0.325	0
-6.775	-0.275	0
-6.775	-0.225	0
-6.775	-0.175	0
-6.775	-0.125	0
-6.775	-0.0749999999999999	0
-6.775	-0.0249999999999999	0
-6.775	0.0250000000000001	0
-6.775	0.0750000000000001	0
-6.775	0.125	0
-6.775	0.175	0
-6.775	0.225	0
-6.775	0.275	0
-6.775	0.325	0
-6.775	0.375	0
-6.775	0.425	0
-6.775	0.475	0
-6.775	0.525	0
-6.775	0.575	0
-6.775	0.625	0
-6.775	0.675	0
-6.775	0.725	0
-6.775	0.775	0
-6.775	0.825	0
-6.775	0.875	0
-6.775	0.925	0
-6.775	0.975	0
-6.775	1.025	0
-6.775	1.075	0
-6.775	1.125	0
-6.775	1.175	0
-6.775	1.225	0
-6.775	1.275	0
-6.775	1.325	0
-6.775	1.375	0
-6.775	1.425	0
-6.775	1.475	0
-6.775	1.525	0
-6.775	1.575	0
-6.775	1.625	0
-6.775	1.675	0
-6.775	1.725	0
-6.775	1.775	0
-6.775	1.825	0
-6.775	1.875	0
-6.775	1.925	0
-6.775	1.975	0
-6.775	2.025	0
-6.775	2.075	0
-6.775	2.125	0
-6.775	2.175	0
-6.775	2.225	0
-6.775	2.275	0
-6.775	2.325	0
-6.775	2.375	0
-6.775	2.425	0
-6.775	2.475	0
-6.775	2.525	0
-6.775	2.575	0
-6.775	2.625	0
-6.725	-1.975	0
-6.725	-1.925	0
-6.725	-1.875	0
-6.725	-1.825	0
-6.725	-1.775	0
-6.725	-1.725	0
-6.725	-1.675	0
-6.725	-1.625	0
-6.725	-1.575	0
-6.725	-1.525	0
-6.725	-1.475	0
-6.725	-1.425	0
-6.725	-1.375	0
-6.725	-1.325	0
-6.725	-1.275	0
-6.725	-1.225	0
-6.725	-1.175	0
-6.725	-1.125	0
-6.725	-1.075	0
-6.725	-1.025	0
-6.725	-0.975	0
-6.725	-0.925	0
-6.725	-0.875	0
-6.725	-0.825	0
-6.725	-0.775	0
-6.725	-0.725	0
-6.725	-0.675	0
-6.725	-0.625	0
-6.725	-0.575	0
-6.725	-0.525	0
-6.725	-0.475	0
-6.725	-0.425	0
-6.725	-0.375	0
-6.725	-0.325	0
-6.725	-0.275	0
-6.725	-0.225	0
-6.725	-0.175	0
-6.725	-0.125	0
-6.725	-0.0749999999999999	0
-6.725	-0.0249999999999999	0
-6.725	0.0250000000000001	0
-6.725	0.0750000000000001	0
-6.725	0.125	0
-6.725	0.175	0
-6.725	0.225	0
-6.725	0.275	0
-6.725	0.325	0
-6.725	0.375	0
-6.725	0.425	0
-6.725	0.475	0
-6.725	0.525	0
-6.725	0.575	0
-6.725	0.625	0
-6.725	0.675	0
-6.725	0.725	0
-6.725	0.775	0
-6.725	0.825	0
-6.725	0.875	0
-6.725	0.925	0
-6.725	0.975	0
-6.725	1.025	0
-6.725	1.075	0
-6.725	1.125	0
-6.725	1.175	0
-6.725	1.225	0
-6.725	1.275	0
-6.725	1.325	0
-6.725	1.375	0
-6.725	1.425	0
-6.725	1.475	0
-6.725	1.525	0
-6.725	1.575	0
-6.725	1.625	0
-6.725	1.675	0
-6.725	1.725	0
-6.725	1.775	0
-6.725	1.825	0
-6.725	1.875	0
-6.725	1.925	0
-6.725	1.975	0
-6.725	2.025	0
-6.725	2.075	0
-6.725	2.125	0
-6.725	2.175	0
-6.725	2.225	0
-6.725	2.275	0
-6.725	2.325	0
-6.725	2.375	0
-6.725	2.425	0
-6.725	2.475	0
-6.725	2.525	0
-6.725	2.575	0
-6.725	2.625	0
-6.675	-1.975	0
-6.675	-1.925	0
-6.675	-1.875	0
-6.675	-1.825	0
-6.675	-1.775	0
-6.675	-1.725	0
-6.675	-1.675	0
-6.675	-1.625	0
-6.675	-1.575	0
-6.675	-1.525	0
-6.675	-1.475	0
-6.675	-1.425	0
-6.675	-1.375	0
-6.675	-1.325	0
-6.675	-1.275	0
-6.675	-1.225	0
-6.675	-1.175	0
-6.675	-1.125	0
-6.675	-1.075	0
-6.675	-1.025	0
-6.675	-0.975	0
-6.675	-0.925	0
-6.675	-0.875	0
-6.675	-0.825	0
-6.675	-0.775	0
-6.675	-0.725	0
-6.675	-0.675	0
-6.675	-0.625	0
-6.675	-0.575	0
-6.675	-0.525	0
-6.675	-0.475	0
-6.675	-0.425	0
-6.675	-0.375	0
-6.675	-0.325	0
-6.675	-0.275	0
-6.675	-0.225	0
-6.675	-0.175	0
-6.675	-0.125	0
-6.675	-0.0749999999999999	0
-6.675	-0.0249999999999999	0
-6.675	0.0250000000000001	0
-6.675	0.0750000000000001	0
-6.675	0.125	0
-6.675	0.175	0
-6.675	0.225	0
-6.675	0.275	0
-6.675	0.325	0
-6.675	0.375	0
-6.675	0.425	0
-6.675	0.475	0
-6.675	0.525	0
-6.675	0.575	0
-6.675	0.625	0
-6.675	0.675	0
-6.675	0.725	0
-6.675	0.775	0
-6.675	0.825	0
-6.675	0.875	0
-6.675	0.925	0
-6.675	0.975	0
-6.675	1.025	0
-6.675	1.075	0
-6.675	1.125	0
-6.675	1.175	0
-6.675	1.225	0
-6.675	1.275	0
-6.675	1.325	0
-6.675	1.375	0
-6.675	1.425	0
-6.675	1.475	0
-6.675	1.525	0
-6.675	1.575	0
-6.675	1.625	0
-6.675	1.675	0
-6.675	1.725	0
-6.675	1.775	0
-6.675	1.825	0
-6.675	1.875	0
-6.675	1.925	0
-6.675	1.975	0
-6.675	2.025	0
-6.675	2.075	0
-6.675	2.125	0
-6.675	2.175	0
-6.675	2.225	0
-6.675	2.275	0
-6.675	2.325	0
-6.675	2.375	0
-6.675	2.425	0
-6.675	2.475	0
-6.675	2.525	0
-6.675	2.575	0
-6.675	2.625	0
-6.625	-1.975	0
-6.625	-1.925	0
-6.625	-1.875	0
-6.625	-1.825	0
-6.625	-1.775	0
-6.625	-1.725	0
-6.625	-1.675	0
-6.625	-1.625	0
-6.625	-1.575	0
-6.625	-1.525	0
-6.625	-1.475	0
-6.625	-1.425	0
-6.625	-1.375	0
-6.625	-1.325	0
-6.625	-1.275	0
-6.625	-1.225	0
-6.625	-1.175	0
-6.625	-1.125	0
-6.625	-1.075	0
-6.625	-1.025	0
-6.625	-0.975	0
-6.625	-0.925	0
-6.625	-0.875	0
-6.625	-0.825	0
-6.625	-0.775	0
-6.625	-0.725	0
-6.625	-0.675	0
-6.625	-0.625	0
-6.625	-0.575	0
-6.625	-0.525	0
-6.625	-0.475	0
-6.625	-0.425	0
-6.625	-0.375	0
-6.625	-0.325	0
-6.625	-0.275	0
-6.625	-0.225	0
-6.625	-0.175	0
-6.625	-0.125	0
-6.625	-0.0749999999999999	0
-6.625	-0.0249999999999999	0
-6.625	0.0250000000000001	0
-6.625	0.0750000000000001	0
-6.625	0.125	0
-6.625	0.175	0
-6.625	0.225	0
-6.625	0.275	0
-6.625	0.325	0
-6.625	0.375	0
-6.625	0.425	0
-6.625	0.475	0
-6.625	0.525	0
-6.625	0.575	0
-6.625	0.625	0
-6.625	0.675	0
-6.625	0.725	0
-6.625	0.775	0
-6.625	0.825	0
-6.625	0.875	0
-6.625	0.925	0
-6.625	0.975	0
-6.625	1.025	0
-6.625	1.075	0
-6.625	1.125	0
-6.625	1.175	0
-6.625	1.225	0
-6.625	1.275	0
-6.625	1.325	0
-6.625	1.375	0
-6.625	1.425	0
-6.625	1.475	0
-6.625	1.525	0
-6.625	1.575	0
-6.625	1.625	0
-6.625	1.675	0
-6.625	1.725	0
-6.625	1.775	0
-6.625	1.825	0
-6.625	1.875	0
-6.625	1.925	0
-6.625	1.975	0
-6.625	2.025	0
-6.625	2.075	0
-6.625	2.125	0
-6.625	2.175	0
-6.625	2.225	0
-6.625	2.275	0
-6.625	2.325	0
-6.625	2.375	0
-6.625	2.425	0
-6.625	2.475	0
-6.625	2.525	0
-6.625	2.575	0
-6.625	2.625	0
-6.575	-1.975	0
-6.575	-1.925	0
-6.575	-1.875	0
-6.575	-1.825	0
-6.575	-1.775	0
-6.575	-1.725	0
-6.575	-1.675	0
-6.575	-1.625	0
-6.575	-1.575	0
-6.575	-1.525	0
-6.575	-1.475	0
-6.575	-1.425	0
-6.575	-1.375	0
-6.575	-1.325	0
-6.575	-1.275	0
-6.575	-1.225	0
-6.575	-1.175	0
-6.575	-1.125	0
-6.575	-1.075	0
-6.575	-1.025	0
-6.575	-0.975	0
-6.575	-0.925	0
-6.575	-0.875	0
-6.575	-0.825	0
-6.575	-0.775	0
-6.575	-0.725	0
-6.575	-0.675	0
-6.575	-0.625	0
-6.575	-0.575	0
-6.575	-0.525	0
-6.575	-0.475	0
-6.575	-0.425	0
-6.575	-0.375	0
-6.575	-0.325	0
-6.575	-0.275	0
-6.575	-0.225	0
-6.575	-0.175	0
-6.575	-0.125	0
-6.575	-0.0749999999999999	0
-6.575	-0.0249999999999999	0
-6.575	0.0250000000000001	0
-6.575	0.0750000000000001	0
-6.575	0.125	0
-6.575	0.175	0
-6.575	0.225	0
-6.575	0.275	0
-6.575	0.325	0
-6.575	0.375	0
-6.575	0.425	0
-6.575	0.475	0
-6.575	0.525	0
-6.575	0.575	0
-6.575	0.625	0
-6.575	0.675	0
-6.575	0.725	0
-6.575	0.775	0
-6.575	0.825	0
-6.575	0.875	0
-6.575	0.925	0
-6.575	0.975	0
-6.575	1.025	0
-6.575	1.075	0
-6.575	1.125	0
-6.575	1.175	0
-6.575	1.225	0
-6.575	1.275	0
-6.575	1.325	0
-6.575	1.375	0
-6.575	1.425	0
-6.575	1.475	0
-6.575	1.525	0
-6.575	1.575	0
-6.575	1.625	0
-6.575	1.675	0
-6.575	1.725	0
-6.575	1.775	0
-6.575	1.825	0
-6.575	1.875	0
-6.575	1.925	0
-6.575	1.975	0
-6.575	2.025	0
-6.575	2.075	0
-6.575	2.125	0
-6.575	2.175	0
-6.575	2.225	0
-6.575	2.275	0
-6.575	2.325	0
-6.575	2.375	0
-6.575	2.425	0
-6.575	2.475	0
-6.575	2.525	0
-6.575	2.575	0
-6.575	2.625	0
-6.525	-1.975	0
-6.525	-1.925	0
-6.525	-1.875	0
-6.525	-1.825	0
-6.525	-1.775	0
-6.525	-1.725	0
-6.525	-1.675	0
-6.525	-1.625	0
-6.525	-1.575	0
-6.525	-1.525	0
-6.525	-1.475	0
-6.525	-1.425	0
-6.525	-1.375	0
-6.525	-1.325	0
-6.525	-1.275	0
-6.525	-1.225	0
-6.525	-1.175	0
-6.525	-1.125	0
-6.525	-1.075	0
-6.525	-1.025	0
-6.525	-0.975	0
-6.525	-0.925	0
-6.525	-0.875	0
-6.525	-0.825	0
-6.525	-0.775	0
-6.525	-0.725	0
-6.525	-0.675	0
-6.525	-0.625	0
-6.525	-0.575	0
-6.525	-0.525	0
-6.525	-0.475	0
-6.525	-0.425	0
-6.525	-0.375	0
-6.525	-0.325	0
-6.525	-0.275	0
-6.525	-0.225	0
-6.525	-0.175	0
-6.525	-0.125	0
-6.525	-0.0749999999999999	0
-6.525	-0.0249999999999999	0
-6.525	0.0250000000000001	0
-6.525	0.0750000000000001	0
-6.525	0.125	0
-6.525	0.175	0
-6.525	0.225	0
-6.525	0.275	0
-6.525	0.325	0
-6.525	0.375	0
-6.525	0.425	0
-6.525	0.475	0
-6.525	0.525	0
-6.525	0.575	0
-6.525	0.625	0
-6.525	0.675	0
-6.525	0.725	0
-6.525	0.775	0
-6.525	0.825	0
-6.525	0.875	0
-6.525	0.925	0
-6.525	0.975	0
-6.525	1.025	0
-6.525	1.075	0
-6.525	1.125	0
-6.525	1.175	0
-6.525	1.225	0
-6.525	1.275	0
-6.525	1.325	0
-6.525	1.375	0
-6.525	1.425	0
-6.525	1.475	0
-6.525	1.525	0
-6.525	1.575	0
-6.525	1.625	0
-6.525	1.675	0
-6.525	1.725	0
-6.525	1.775	0
-6.525	1.825	0
-6.525	1.875	0
-6.525	1.925	0
-6.525	1.975	0
-6.525	2.025	0
-6.525	2.075	0
-6.525	2.125	0
-6.525	2.175	0
-6.525	2.225	0
-6.525	2.275	0
-6.525	2.325	0
-6.525	2.375	0
-6.525	2.425	0
-6.525	2.475	0
-6.525	2.525	0
-6.525	2.575	0
-6.525	2.625	0
-6.475	-1.975	0
-6.475	-1.925	0
-6.475	-1.875	0
-6.475	-1.825	0
-6.475	-1.775	0
-6.475	-1.725	0
-6.475	-1.675	0
-6.475	-1.625	0
-6.475	-1.575	0
-6.475	-1.525	0
-6.475	-1.475	0
-6.475	-1.425	0
-6.475	-1.375	0
-6.475	-1.325	0
-6.475	-1.275	0
-6.475	-1.225	0
-6.475	-1.175	0
-6.475	-1.125	0
-6.475	-1.075	0
-6.475	-1.025	0
-6.475	-0.975	0
-6.475	-0.925	0
-6.475	-0.875	0
-6.475	-0.825	0
-6.475	-0.775	0
-6.475	-0.725	0
-6.475	-0.675	0
-6.475	-0.625	0
-6.475	-0.575	0
-6.475	-0.525	0
-6.475	-0.475	0
-6.475	-0.425	0
-6.475	-0.375	0
-6.475	-0.325	0
-6.475	-0.275	0
-6.475	-0.225	0
-6.475	-0.175	0
-6.475	-0.125	0
-6.475	-0.0749999999999999	0
-6.475	-0.0249999999999999	0
-6.475	0.0250000000000001	0
-6.475	0.0750000000000001	0
-6.475	0.125	0
-6.475	0.175	0
-6.475	0.225	0
-6.475	0.275	0
-6.475	0.325	0
-6.475	0.375	0
-6.475	0.425	0
-6.475	0.475	0
-6.475	0.525	0
-6.475	0.575	0
-6.475	0.625	0
-6.475	0.675	0
-6.475	0.725	0
-6.475	0.775	0
-6.475	0.825	0
-6.475	0.875	0
-6.475	0.925	0
-6.475	0.975	0
-6.475	1.025	0
-6.475	1.075	0
-6.475	1.125	0
-6.475	1.175	0
-6.475	1.225	0
-6.475	1.275	0
-6.475	1.325	0
-6.475	1.375	0
-6.475	1.425	0
-6.475	1.475	0
-6.475	1.525	0
-6.475	1.575	0
-6.475	1.625	0
-6.475	1.675	0
-6.475	1.725	0
-6.475	1.775	0
-6.475	1.825	0
-6.475	1.875	0
-6.475	1.925	0
-6.475	1.975	0
-6.475	2.025	0
-6.475	2.075	0
-6.475	2.125	0
-6.475	2.175	0
-6.475	2.225	0
-6.475	2.275	0
-6.475	2.325	0
-6.475	2.375	0
-6.475	2.425	0
-6.475	2.475	0
-6.475	2.525	0
-6.475	2.575	0
-6.475	2.625	0
-6.425	-1.975	0
-6.425	-1.925	0
-6.425	-1.875	0
-6.425	-1.825	0
-6.425	-1.775	0
-6.425	-1.725	0
-6.425	-1.675	0
-6.425	-1.625	0
-6.425	-1.575	0
-6.425	-1.525	0
-6.425	-1.475	0
-6.425	-1.425	0
-6.425	-1.375	0
-6.425	-1.325	0
-6.425	-1.275	0
-6.425	-1.225	0
-6.425	-1.175	0
-6.425	-1.125	0
-6.425	-1.075	0
-6.425	-1.025	0
-6.425	-0.975	0
-6.425	-0.925	0
-6.425	-0.875	0
-6.425	-0.825	0
-6.425	-0.775	0
-6.425	-0.725	0
-6.425	-0.675	0
-6.425	-0.625	0
-6.425	-0.575	0
-6.425	-0.525	0
-6.425	-0.475	0
-6.425	-0.425	0
-6.425	-0.375	0
-6.425	-0.325	0
-6.425	-0.275	0
-6.425	-0.225	0
-6.425	-0.175	0
-6.425	-0.125	0
-6.425	-0.0749999999999999	0
-6.425	-0.0249999999999999	0
-6.425	0.0250000000000001	0
-6.425	0.0750000000000001	0
-6.425	0.125	0
-6.425	0.175	0
-6.425	0.225	0
-6.425	0.275	0
-6.425	0.325	0
-6.425	0.375	0
-6.425	0.425	0
-6.425	0.475	0
-6.425	0.525	0
-6.425	0.575	0
-6.425	0.625	0
-6.425	0.675	0
-6.425	0.725	0
-6.425	0.775	0
-6.425	0.825	0
-6.425	0.875	0
-6.425	0.925	0
-6.425	0.975	0
-6.425	1.025	0
-6.425	1.075	0
-6.425	1.125	0
-6.425	1.175	0
-6.425	1.225	0
-6.425	1.275	0
-6.425	1.325	0
-6.425	1.375	0
-6.425	1.425	0
-6.425	1.475	0
-6.425	1.525	0
-6.425	1.575	0
-6.425	1.625	0
-6.425	1.675	0
-6.425	1.725	0
-6.425	1.775	0
-6.425	1.825	0
-6.425	1.875	0
-6.425	1.925	0
-6.425	1.975	0
-6.425	2.025	0
-6.425	2.075	0
-6.425	2.125	0
-6.425	2.175	0
-6.425	2.225	0
-6.425	2.275	0
-6.425	2.325	0
-6.425	2.375	0
-6.425	2.425	0
-6.425	2.475	0
-6.425	2.525	0
-6.425	2.575	0
-6.425	2.625	0
-6.375	-1.975	0
-6.375	-1.925	0
-6.375	-1.875	0
-6.375	-1.825	0
-6.375	-1.775	0
-6.375	-1.725	0
-6.375	-1.675	0
-6.375	-1.625	0
-6.375	-1.575	0
-6.375	-1.525	0
-6.375	-1.475	0
-6.375	-1.425	0
-6.375	-1.375	0
-6.375	-1.325	0
-6.375	-1.275	0
-6.375	-1.225	0
-6.375	-1.175	0
-6.375	-1.125	0
-6.375	-1.075	0
-6.375	-1.025	0
-6.375	-0.975	0
-6.375	-0.925	0
-6.375	-0.875	0
-6.375	-0.825	0
-6.375	-0.775	0
-6.375	-0.725	0
-6.375	-0.675	0
-6.375	-0.625	0
-6.375	-0.575	0
-6.375	-0.525	0
-6.375	-0.475	0
-6.375	-0.425	0
-6.375	-0.375	0
-6.375	-0.325	0
-6.375	-0.275	0
-6.375	-0.225	0
-6.375	-0.175	0
-6.375	-0.125	0
-6.375	-0.0749999999999999	0
-6.375	-0.0249999999999999	0
-6.375	0.0250000000000001	0
-6.375	0.0750000000000001	0
-6.375	0.125	0
-6.375	0.175	0
-6.375	0.225	0
-6.375	0.275	0
-6.375	0.325	0
-6.375	0.375	0
-6.375	0.425	0
-6.375	0.475	0
-6.375	0.525	0
-6.375	0.575	0
-6.375	0.625	0
-6.375	0.675	0
-6.375	0.725	0
-6.375	0.775	0
-6.375	0.825	0
-6.375	0.875	0
-6.375	0.925	0
-6.375	0.975	0
-6.375	1.025	0
-6.375	1.075	0
-6.375	1.125	0
-6.375	1.175	0
-6.375	1.225	0
-6.375	1.275	0
-6.375	1.325	0
-6.375	1.375	0
-6.375	1.425	0
-6.375	1.475	0
-6.375	1.525	0
-6.375	1.575	0
-6.375	1.625	0
-6.375	1.675	0
-6.375	1.725	0
-6.375	1.775	0
-6.375	1.825	0
-6.375	1.875	0
-6.375	1.925	0
-6.375	1.975	0
-6.375	2.025	0
-6.375	2.075	0
-6.375	2.125	0
-6.375	2.175	0
-6.375	2.225	0
-6.375	2.275	0
-6.375	2.325	0
-6.375	2.375	0
-6.375	2.425	0
-6.375	2.475	0
-6.375	2.525	0
-6.375	2.575	0
-6.375	2.625	0
-6.325	-1.975	0
-6.325	-1.925	0
-6.325	-1.875	0
-6.325	-1.825	0
-6.325	-1.775	0
-6.325	-1.725	0
-6.325	-1.675	0
-6.325	-1.625	0
-6.325	-1.575	0
-6.325	-1.525	0
-6.325	-1.475	0
-6.325	-1.425	0
-6.325	-1.375	0
-6.325	-1.325	0
-6.325	-1.275	0
-6.325	-1.225	0
-6.325	-1.175	0
-6.325	-1.125	0
-6.325	-1.075	0
-6.325	-1.025	0
-6.325	-0.975	0
-6.325	-0.925	0
-6.325	-0.875	0
-6.325	-0.825	0
-6.325	-0.775	0
-6.325	-0.725	0
-6.325	-0.675	0
-6.325	-0.625	0
-6.325	-0.575	0
-6.325	-0.525	0
-6.325	-0.475	0
-6.325	-0.425	0
-6.325	-0.375	0
-6.325	-0.325	0
-6.325	-0.275	0
-6.325	-0.225	0
-6.325	-0.175	0
-6.325	-0.125	0
-6.325	-0.0749999999999999	0
-6.325	-0.0249999999999999	0
-6.325	0.0250000000000001	0
-6.325	0.0750000000000001	0
-6.325	0.125	0
-6.325	0.175	0
-6.325	0.225	0
-6.325	0.275	0
-6.325	0.325	0
-6.325	0.375	0
-6.325	0.425	0
-6.325	0.475	0
-6.325	0.525	0
-6.325	0.575	0
-6.325	0.625	0
-6.325	0.675	0
-6.325	0.725	0
-6.325	0.775	0
-6.325	0.825	0
-6.325	0.875	0
-6.325	0.925	0
-6.325	0.975	0
-6.325	1.025	0
-6.325	1.075	0
-6.325	1.125	0
-6.325	1.175	0
-6.325	1.225	0
-6.325	1.275	0
-6.325	1.325	0
-6.325	1.375	0
-6.325	1.425	0
-6.325	1.475	0
-6.325	1.525	0
-6.325	1.575	0
-6.325	1.625	0
-6.325	1.675	0
-6.325	1.725	0
-6.325	1.775	0
-6.325	1.825	0
-6.325	1.875	0
-6.325	1.925	0
-6.325	1.975	0
-6.325	2.025	0
-6.325	2.075	0
-6.325	2.125	0
-6.325	2.175	0
-6.325	2.225	0
-6.325	2.275	0
-6.325	2.325	0
-6.325	2.375	0
-6.325	2.425	0
-6.325	2.475	0
-6.325	2.525	0
-6.325	2.575	0
-6.325	2.625	0
-6.275	-1.975	0
-6.275	-1.925	0
-6.275	-1.875	0
-6.275	-1.825	0
-6.275	-1.775	0
-6.275	-1.725	0
-6.275	-1.675	0
-6.275	-1.625	0
-6.275	-1.575	0
-6.275	-1.525	0
-6.275	-1.475	0
-6.275	-1.425	0
-6.275	-1.375	0
-6.275	-1.325	0
-6.275	-1.275	0
-6.275	-1.225	0
-6.275	-1.175	0
-6.275	-1.125	0
-6.275	-1.075	0
-6.275	-1.025	0
-6.275	-0.975	0
-6.275	-0.925	0
-6.275	-0.875	0
-6.275	-0.825	0
-6.275	-0.775	0
-6.275	-0.725	0
-6.275	-0.675	0
-6.275	-0.625	0
-6.275	-0.575	0
-6.275	-0.525	0
-6.275	-0.475	0
-6.275	-0.425	0
-6.275	-0.375	0
-6.275	-0.325	0
-6.275	-0.275	0
-6.275	-0.225	0
-6.275	-0.175	0
-6.275	-0.125	0
-6.275	-0.0749999999999999	0
-6.275	-0.0249999999999999	0
-6.275	0.0250000000000001	0
-6.275	0.0750000000000001	0
-6.275	0.125	0
-6.275	0.175	0
-6.275	0.225	0
-6.275	0.275	0
-6.275	0.325	0
-6.275	0.375	0
-6.275	0.425	0
-6.275	0.475	0
-6.275	0.525	0
-6.275	0.575	0
-6.275	0.625	0
-6.275	0.675	0
-6.275	0.725	0
-6.275	0.775	0
-6.275	0.825	0
-6.275	0.875	0
-6.275	0.925	0
-6.275	0.975	0
-6.275	1.025	0
-6.275	1.075	0
-6.275	1.125	0
-6.275	1.175	0
-6.275	1.225	0
-6.275	1.275	0
-6.275	1.325	0
-6.275	1.375	0
-6.275	1.425	0
-6.275	1.475	0
-6.275	1.525	0
-6.275	1.575	0
-6.275	1.625	0
-6.275	1.675	0
-6.275	1.725	0
-6.275	1.775	0
-6.275	1.825	0
-6.275	1.875	0
-6.275	1.925	0
-6.275	1.975	0
-6.275	2.025	0
-6.275	2.075	0
-6.275	2.125	0
-6.275	2.175	0
-6.275	2.225	0
-6.275	2.275	0
-6.275	2.325	0
-6.275	2.375	0
-6.275	2.425	0
-6.275	2.475	0
-6.275	2.525	0
-6.275	2.575	0
-6.275	2.625	0
-6.225	-1.975	0
-6.225	-1.925	0
-6.225	-1.875	0
-6.225	-1.825	0
-6.225	-1.775	0
-6.225	-1.725	0
-6.225	-1.675	0
-6.225	-1.625	0
-6.225	-1.575	0
-6.225	-1.525	0
-6.225	-1.475	0
-6.225	-1.425	0
-6.225	-1.375	0
-6.225	-1.325	0
-6.225	-1.275	0
-6.225	-1.225	0
-6.225	-1.175	0
-6.225	-1.125	0
-6.225	-1.075	0
-6.225	-1.025	0
-6.225	-0.975	0
-6.225	-0.925	0
-6.225	-0.875	0
-6.225	-0.825	0
-6.225	-0.775	0
-6.225	-0.725	0
-6.225	-0.675	0
-6.225	-0.625	0
-6.225	-0.575	0
-6.225	-0.525	0
-6.225	-0.475	0
-6.225	-0.425	0
-6.225	-0.375	0
-6.225	-0.325	0
-6.225	-0.275	0
-6.225	-0.225	0
-6.225	-0.175	0
-6.225	-0.125	0
-6.225	-0.0749999999999999	0
-6.225	-0.0249999999999999	0
-6.225	0.0250000000000001	0
-6.225	0.0750000000000001	0
-6.225	0.125	0
-6.225	0.175	0
-6.225	0.225	0
-6.225	0.275	0
-6.225	0.325	0
-6.225	0.375	0
-6.225	0.425	0
-6.225	0.475	0
-6.225	0.525	0
-6.225	0.575	0
-6.225	0.625	0
-6.225	0.675	0
-6.225	0.725	0
-6.225	0.775	0
-6.225	0.825	0
-6.225	0.875	0
-6.225	0.925	0
-6.225	0.975	0
-6.225	1.025	0
-6.225	1.075	0
-6.225	1.125	0
-6.225	1.175	0
-6.225	1.225	0
-6.225	1.275	0
-6.225	1.325	0
-6.225	1.375	0
-6.225	1.425	0
-6.225	1.475	0
-6.225	1.525	0
-6.225	1.575	0
-6.225	1.625	0
-6.225	1.675	0
-6.225	1.725	0
-6.225	1.775	0
-6.225	1.825	0
-6.225	1.875	0
-6.225	1.925	0
-6.225	1.975	0
-6.225	2.025	0
-6.225	2.075	0
-6.225	2.125	0
-6.225	2.175	0
-6.225	2.225	0
-6.225	2.275	0
-6.225	2.325	0
-6.225	2.375	0
-6.225	2.425	0
-6.225	2.475	0
-6.225	2.525	0
-6.225	2.575	0
-6.225	2.625	0
-6.175	-1.975	0
-6.175	-1.925	0
-6.175	-1.875	0
-6.175	-1.825	0
-6.175	-1.775	0
-6.175	-1.725	0
-6.175	-1.675	0
-6.175	-1.625	0
-6.175	-1.575	0
-6.175	-1.525	0
-6.175	-1.475	0
-6.175	-1.425	0
-6.175	-1.375	0
-6.175	-1.325	0
-6.175	-1.275	0
-6.175	-1.225	0
-6.175	-1.175	0
-6.175	-1.125	0
-6.175	-1.075	0
-6.175	-1.025	0
-6.175	-0.975	0
-6.175	-0.925	0
-6.175	-0.875	0
-6.175	-0.825	0
-6.175	-0.775	0
-6.175	-0.725	0
-6.175	-0.675	0
-6.175	-0.625	0
-6.175	-0.575	0
-6.175	-0.525	0
-6.175	-0.475	0
-6.175	-0.425	0
-6.175	-0.375	0
-6.175	-0.325	0
-6.175	-0.275	0
-6.175	-0.225	0
-6.175	-0.175	0
-6.175	-0.125	0
-6.175	-0.0749999999999999	0
-6.175	-0.0249999999999999	0
-6.175	0.0250000000000001	0
-6.175	0.0750000000000001	0
-6.175	0.125	0
-6.175	0.175	0
-6.175	0.225	0
-6.175	0.275	0
-6.175	0.325	0
-6.175	0.375	0
-6.175	0.425	0
-6.175	0.475	0
-6.175	0.525	0
-6.175	0.575	0
-6.175	0.625	0
-6.175	0.675	0
-6.175	0.725	0
-6.175	0.775	0
-6.175	0.825	0
-6.175	0.875	0
-6.175	0.925	0
-6.175	0.975	0
-6.175	1.025	0
-6.175	1.075	0
-6.175	1.125	0
-6.175	1.175	0
-6.175	1.225	0
-6.175	1.275	0
-6.175	1.325	0
-6.175	1.375	0
-6.175	1.425	0
-6.175	1.475	0
-6.175	1.525	0
-6.175	1.575	0
-6.175	1.625	0
-6.175	1.675	0
-6.175	1.725	0
-6.175	1.775	0
-6.175	1.825	0
-6.175	1.875	0
-6.175	1.925	0
-6.175	1.975	0
-6.175	2.025	0
-6.175	2.075	0
-6.175	2.125	0
-6.175	2.175	0
-6.175	2.225	0
-6.175	2.275	0
-6.175	2.325	0
-6.175	2.375	0
-6.175	2.425	0
-6.175	2.475	0
-6.175	2.525	0
-6.175	2.575	0
-6.175	2.625	0
-6.125	-1.975	0
-6.125	-1.925	0
-6.125	-1.875	0
-6.125	-1.825	0
-6.125	-1.775	0
-6.125	-1.725	0
-6.125	-1.675	0
-6.125	-1.625	0
-6.125	-1.575	0
-6.125	-1.525	0
-6.125	-1.475	0
-6.125	-1.425	0
-6.125	-1.375	0
-6.125	-1.325	0
-6.125	-1.275	0
-6.125	-1.225	0
-6.125	-1.175	0
-6.125	-1.125	0
-6.125	-1.075	0
-6.125	-1.025	0
-6.125	-0.975	0
-6.125	-0.925	0
-6.125	-0.875	0
-6.125	-0.825	0
-6.125	-0.775	0
-6.125	-0.725	0
-6.125	-0.675	0
-6.125	-0.625	0
-6.125	-0.575	0
-6.125	-0.525	0
-6.125	-0.475	0
-6.125	-0.425	0
-6.125	-0.375	0
-6.125	-0.325	0
-6.125	-0.275	0
-6.125	-0.225	0
-6.125	-0.175	0
-6.125	-0.125	0
-6.125	-0.0749999999999999	0
-6.125	-0.0249999999999999	0
-6.125	0.0250000000000001	0
-6.125	0.0750000000000001	0
-6.125	0.125	0
-6.125	0.175	0
-6.125	0.225	0
-6.125	0.275	0
-6.125	0.325	0
-6.125	0.375	0
-6.125	0.425	0
-6.125	0.475	0
-6.125	0.525	0
-6.125	0.575	0
-6.125	0.625	0
-6.125	0.675	0
-6.125	0.725	0
-6.125	0.775	0
-6.125	0.825	0
-6.125	0.875	0
-6.125	0.925	0
-6.125	0.975	0
-6.125	1.025	0
-6.125	1.075	0
-6.125	1.125	0
-6.125	1.175	0
-6.125	1.225	0
-6.125	1.275	0
-6.125	1.325	0
-6.125	1.375	0
-6.125	1.425	0
-6.125	1.475	0
-6.125	1.525	0
-6.125	1.575	0
-6.125	1.625	0
-6.125	1.675	0
-6.125	1.725	0
-6.125	1.775	0
-6.125	1.825	0
-6.125	1.875	0
-6.125	1.925	0
-6.125	1.975	0
-6.125	2.025	0
-6.125	2.075	0
-6.125	2.125	0
-6.125	2.175	0
-6.125	2.225	0
-6.125	2.275	0
-6.125	2.325	0
-6.125	2.375	0
-6.125	2.425	0
-6.125	2.475	0
-6.125	2.525	0
-6.125	2.575	0
-6.125	2.625	0
-6.075	-1.975	0
-6.075	-1.925	0
-6.075	-1.875	0
-6.075	-1.825	0
-6.075	-1.775	0
-6.075	-1.725	0
-6.075	-1.675	0
-6.075	-1.625	0
-6.075	-1.575	0
-6.075	-1.525	0
-6.075	-1.475	0
-6.075	-1.425	0
-6.075	-1.375	0
-6.075	-1.325	0
-6.075	-1.275	0
-6.075	-1.225	0
-6.075	-1.175	0
-6.075	-1.125	0
-6.075	-1.075	0
-6.075	-1.025	0
-6.075	-0.975	0
-6.075	-0.925	0
-6.075	-0.875	0
-6.075	-0.825	0
-6.075	-0.775	0
-6.075	-0.725	0
-6.075	-0.675	0
-6.075	-0.625	0
-6.075	-0.575	0
-6.075	-0.525	0
-6.075	-0.475	0
-6.075	-0.425	0
-6.075	-0.375	0
-6.075	-0.325	0
-6.075	-0.275	0
-6.075	-0.225	0
-6.075	-0.175	0
-6.075	-0.125	0
-6.075	-0.0749999999999999	0
-6.075	-0.0249999999999999	0
-6.075	0.0250000000000001	0
-6.075	0.0750000000000001	0
-6.075	0.125	0
-6.075	0.175	0
-6.075	0.225	0
-6.075	0.275	0
-6.075	0.325	0
-6.075	0.375	0
-6.075	0.425	0
-6.075	0.475	0
-6.075	0.525	0
-6.075	0.575	0
-6.075	0.625	0
-6.075	0.675	0
-6.075	0.725	0
-6.075	0.775	0
-6.075	0.825	0
-6.075	0.875	0
-6.075	0.925	0
-6.075	0.975	0
-6.075	1.025	0
-6.075	1.075	0
-6.075	1.125	0
-6.075	1.175	0
-6.075	1.225	0
-6.075	1.275	0
-6.075	1.325	0
-6.075	1.375	0
-6.075	1.425	0
-6.075	1.475	0
-6.075	1.525	0
-6.075	1.575	0
-6.075	1.625	0
-6.075	1.675	0
-6.075	1.725	0
-6.075	1.775	0
-6.075	1.825	0
-6.075	1.875	0
-6.075	1.925	0
-6.075	1.975	0
-6.075	2.025	0
-6.075	2.075	0
-6.075	2.125	0
-6.075	2.175	0
-6.075	2.225	0
-6.075	2.275	0
-6.075	2.325	0
-6.075	2.375	0
-6.075	2.425	0
-6.075	2.475	0
-6.075	2.525	0
-6.075	2.575	0
-6.075	2.625	0
-6.025	-1.975	0
-6.025	-1.925	0
-6.025	-1.875	0
-6.025	-1.825	0
-6.025	-1.775	0
-6.025	-1.725	0
-6.025	-1.675	0
-6.025	-1.625	0
-6.025	-1.575	0
-6.025	-1.525	0
-6.025	-1.475	0
-6.025	-1.425	0
-6.025	-1.375	0
-6.025	-1.325	0
-6.025	-1.275	0
-6.025	-1.225	0
-6.025	-1.175	0
-6.025	-1.125	0
-6.025	-1.075	0
-6.025	-1.025	0
-6.025	-0.975	0
-6.025	-0.925	0
-6.025	-0.875	0
-6.025	-0.825	0
-6.025	-0.775	0
-6.025	-0.725	0
-6.025	-0.675	0
-6.025	-0.625	0
-6.025	-0.575	0
-6.025	-0.525	0
-6.025	-0.475	0
-6.025	-0.425	0
-6.025	-0.375	0
-6.025	-0.325	0
-6.025	-0.275	0
-6.025	-0.225	0
-6.025	-0.175	0
-6.025	-0.125	0
-6.025	-0.0749999999999999	0
-6.025	-0.0249999999999999	0
-6.025	0.0250000000000001	0
-6.025	0.0750000000000001	0
-6.025	0.125	0
-6.025	0.175	0
-6.025	0.225	0
-6.025	0.275	0
-6.025	0.325	0
-6.025	0.375	0
-6.025	0.425	0
-6.025	0.475	0
-6.025	0.525	0
-6.025	0.575	0
-6.025	0.625	0
-6.025	0.675	0
-6.025	0.725	0
-6.025	0.775	0
-6.025	0.825	0
-6.025	0.875	0
-6.025	0.925	0
-6.025	0.975	0
-6.025	1.025	0
-6.025	1.075	0
-6.025	1.125	0
-6.025	1.175	0
-6.025	1.225	0
-6.025	1.275	0
-6.025	1.325	0
-6.025	1.375	0
-6.025	1.425	0
-6.025	1.475	0
-6.025	1.525	0
-6.025	1.575	0
-6.025	1.625	0
-6.025	1.675	0
-6.025	1.725	0
-6.025	1.775	0
-6.025	1.825	0
-6.025	1.875	0
-6.025	1.925	0
-6.025	1.975	0
-6.025	2.025	0
-6.025	2.075	0
-6.025	2.125	0
-6.025	2.175	0
-6.025	2.225	0
-6.025	2.275	0
-6.025	2.325	0
-6.025	2.375	0
-6.025	2.425	0
-6.025	2.475	0
-6.025	2.525	0
-6.025	2.575	0
-6.025	2.625	0
-5.975	-1.975	0
-5.975	-1.925	0
-5.975	-1.875	0
-5.975	-1.825	0
-5.975	-1.775	0
-5.975	-1.725	0
-5.975	-1.675	0
-5.975	-1.625	0
-5.975	-1.575	0
-5.975	-1.525	0
-5.975	-1.475	0
-5.975	-1.425	0
-5.975	-1.375	0
-5.975	-1.325	0
-5.975	-1.275	0
-5.975	-1.225	0
-5.975	-1.175	0
-5.975	-1.125	0
-5.975	-1.075	0
-5.975	-1.025	0
-5.975	-0.975	0
-5.975	-0.925	0
-5.975	-0.875	0
-5.975	-0.825	0
-5.975	-0.775	0
-5.975	-0.725	0
-5.975	-0.675	0
-5.975	-0.625	0
-5.975	-0.575	0
-5.975	-0.525	0
-5.975	-0.475	0
-5.975	-0.425	0
-5.975	-0.375	0
-5.975	-0.325	0
-5.975	-0.275	0
-5.975	-0.225	0
-5.975	-0.175	0
-5.975	-0.125	0
-5.975	-0.0749999999999999	0
-5.975	-0.0249999999999999	0
-5.975	0.0250000000000001	0
-5.975	0.0750000000000001	0
-5.975	0.125	0
-5.975	0.175	0
-5.975	0.225	0
-5.975	0.275	0
-5.975	0.325	0
-5.975	0.375	0
-5.975	0.425	0
-5.975	0.475	0
-5.975	0.525	0
-5.975	0.575	0
-5.975	0.625	0
-5.975	0.675	0
-5.975	0.725	0
-5.975	0.775	0
-5.975	0.825	0
-5.975	0.875	0
-5.975	0.925	0
-5.975	0.975	0
-5.975	1.025	0
-5.975	1.075	0
-5.975	1.125	0
-5.975	1.175	0
-5.975	1.225	0
-5.975	1.275	0
-5.975	1.325	0
-5.975	1.375	0
-5.975	1.425	0
-5.975	1.475	0
-5.975	1.525	0
-5.975	1.575	0
-5.975	1.625	0
-5.975	1.675	0
-5.975	1.725	0
-5.975	1.775	0
-5.975	1.825	0
-5.975	1.875	0
-5.975	1.925	0
-5.975	1.975	0
-5.975	2.025	0
-5.975	2.075	0
-5.975	2.125	0
-5.975	2.175	0
-5.975	2.225	0
-5.975	2.275	0
-5.975	2.325	0
-5.975	2.375	0
-5.975	2.425	0
-5.975	2.475	0
-5.975	2.525	0
-5.975	2.575	0
-5.975	2.625	0
-5.925	-1.975	0
-5.925	-1.925	0
-5.925	-1.875	0
-5.925	-1.825	0
-5.925	-1.775	0
-5.925	-1.725	0
-5.925	-1.675	0
-5.925	-1.625	0
-5.925	-1.575	0
-5.925	-1.525	0
-5.925	-1.475	0
-5.925	-1.425	0
-5.925	-1.375	0
-5.925	-1.325	0
-5.925	-1.275	0
-5.925	-1.225	0
-5.925	-1.175	0
-5.925	-1.125	0
-5.925	-1.075	0
-5.925	-1.025	0
-5.925	-0.975	0
-5.925	-0.925	0
-5.925	-0.875	0
-5.925	-0.825	0
-5.925	-0.775	0
-5.925	-0.725	0
-5.925	-0.675	0
-5.925	-0.625	0
-5.925	-0.575	0
-5.925	-0.525	0
-5.925	-0.475	0
-5.925	-0.425	0
-5.925	-0.375	0
-5.925	-0.325	0
-5.925	-0.275	0
-5.925	-0.225	0
-5.925	-0.175	0
-5.925	-0.125	0
-5.925	-0.0749999999999999	0
-5.925	-0.0249999999999999	0
-5.925	0.0250000000000001	0
-5.925	0.0750000000000001	0
-5.925	0.125	0
-5.925	0.175	0
-5.925	0.225	0
-5.925	0.275	0
-5.925	0.325	0
-5.925	0.375	0
-5.925	0.425	0
-5.925	0.475	0
-5.925	0.525	0
-5.925	0.575	0
-5.925	0.625	0
-5.925	0.675	0
-5.925	0.725	0
-5.925	0.775	0
-5.925	0.825	0
-5.925	0.875	0
-5.925	0.925	0
-5.925	0.975	0
-5.925	1.025	0
-5.925	1.075	0
-5.925	1.125	0
-5.925	1.175	0
-5.925	1.225	0
-5.925	1.275	0
-5.925	1.325	0
-5.925	1.375	0
-5.925	1.425	0
-5.925	1.475	0
-5.925	1.525	0
-5.925	1.575	0
-5.925	1.625	0
-5.925	1.675	0
-5.925	1.725	0
-5.925	1.775	0
-5.925	1.825	0
-5.925	1.875	0
-5.925	1.925	0
-5.925	1.975	0
-5.925	2.025	0
-5.925	2.075	0
-5.925	2.125	0
-5.925	2.175	0
-5.925	2.225	0
-5.925	2.275	0
-5.925	2.325	0
-5.925	2.375	0
-5.925	2.425	0
-5.925	2.475	0
-5.925	2.525	0
-5.925	2.575	0
-5.925	2.625	0
-5.875	-1.975	0
-5.875	-1.925	0
-5.875	-1.875	0
-5.875	-1.825	0
-5.875	-1.775	0
-5.875	-1.725	0
-5.875	-1.675	0
-5.875	-1.625	0
-5.875	-1.575	0
-5.875	-1.525	0
-5.875	-1.475	0
-5.875	-1.425	0
-5.875	-1.375	0
-5.875	-1.325	0
-5.875	-1.275	0
-5.875	-1.225	0
-5.875	-1.175	0
-5.875	-1.125	0
-5.875	-1.075	0
-5.875	-1.025	0
-5.875	-0.975	0
-5.875	-0.925	0
-5.875	-0.875	0
-5.875	-0.825	0
-5.875	-0.775	0
-5.875	-0.725	0
-5.875	-0.675	0
-5.875	-0.625	0
-5.875	-0.575	0
-5.875	-0.525	0
-5.875	-0.475	0
-5.875	-0.425	0
-5.875	-0.375	0
-5.875	-0.325	0
-5.875	-0.275	0
-5.875	-0.225	0
-5.875	-0.175	0
-5.875	-0.125	0
-5.875	-0.0749999999999999	0
-5.875	-0.0249999999999999	0
-5.875	0.0250000000000001	0
-5.875	0.0750000000000001	0
-5.875	0.125	0
-5.875	0.175	0
-5.875	0.225	0
-5.875	0.275	0
-5.875	0.325	0
-5.875	0.375	0
-5.875	0.425	0
-5.875	0.475	0
-5.875	0.525	0
-5.875	0.575	0
-5.875	0.625	0
-5.875	0.675	0
-5.875	0.725	0
-5.875	0.775	0
-5.875	0.825	0
-5.875	0.875	0
-5.875	0.925	0
-5.875	0.975	0
-5.875	1.025	0
-5.875	1.075	0
-5.875	1.125	0
-5.875	1.175	0
-5.875	1.225	0
-5.875	1.275	0
-5.875	1.325	0
-5.875	1.375	0
-5.875	1.425	0
-5.875	1.475	0
-5.875	1.525	0
-5.875	1.575	0
-5.875	1.625	0
-5.875	1.675	0
-5.875	1.725	0
-5.875	1.775	0
-5.875	1.825	0
-5.875	1.875	0
-5.875	1.925	0
-5.875	1.975	0
-5.875	2.025	0
-5.875	2.075	0
-5.875	2.125	0
-5.875	2.175	0
-5.875	2.225	0
-5.875	2.275	0
-5.875	2.325	0
-5.875	2.375	0
-5.875	2.425	0
-5.875	2.475	0
-5.875	2.525	0
-5.875	2.575	0
-5.875	2.625	0
-5.825	-1.975	0
-5.825	-1.925	0
-5.825	-1.875	0
-5.825	-1.825	0
-5.825	-1.775	0
-5.825	-1.725	0
-5.825	-1.675	0
-5.825	-1.625	0
-5.825	-1.575	0
-5.825	-1.525	0
-5.825	-1.475	0
-5.825	-1.425	0
-5.825	-1.375	0
-5.825	-1.325	0
-5.825	-1.275	0
-5.825	-1.225	0
-5.825	-1.175	0
-5.825	-1.125	0
-5.825	-1.075	0
-5.825	-1.025	0
-5.825	-0.975	0
-5.825	-0.925	0
-5.825	-0.875	0
-5.825	-0.825	0
-5.825	-0.775	0
-5.825	-0.725	0
-5.825	-0.675	0
-5.825	-0.625	0
-5.825	-0.575	0
-5.825	-0.525	0
-5.825	-0.475	0
-5.825	-0.425	0
-5.825	-0.375	0
-5.825	-0.325	0
-5.825	-0.275	0
-5.825	-0.225	0
-5.825	-0.175	0
-5.825	-0.125	0
-5.825	-0.0749999999999999	0
-5.825	-0.0249999999999999	0
-5.825	0.0250000000000001	0
-5.825	0.0750000000000001	0
-5.825	0.125	0
-5.825	0.175	0
-5.825	0.225	0
-5.825	0.275	0
-5.825	0.325	0
-5.825	0.375	0
-5.825	0.425	0
-5.825	0.475	0
-5.825	0.525	0
-5.825	0.575	0
-5.825	0.625	0
-5.825	0.675	0
-5.825	0.725	0
-5.825	0.775	0
-5.825	0.825	0
-5.825	0.875	0
-5.825	0.925	0
-5.825	0.975	0
-5.825	1.025	0
-5.825	1.075	0
-5.825	1.125	0
-5.825	1.175	0
-5.825	1.225	0
-5.825	1.275	0
-5.825	1.325	0
-5.825	1.375	0
-5.825	1.425	0
-5.825	1.475	0
-5.825	1.525	0
-5.825	1.575	0
-5.825	1.625	0
-5.825	1.675	0
-5.825	1.725	0
-5.825	1.775	0
-5.825	1.825	0
-5.825	1.875	0
-5.825	1.925	0
-5.825	1.975	0
-5.825	2.025	0
-5.825	2.075	0
-5.825	2.125	0
-5.825	2.175	0
-5.825	2.225	0
-5.825	2.275	0
-5.825	2.325	0
-5.825	2.375	0
-5.825	2.425	0
-5.825	2.475	0
-5.825	2.525	0
-5.825	2.575	0
-5.825	2.625	0
-5.775	-1.975	0
-5.775	-1.925	0
-5.775	-1.875	0
-5.775	-1.825	0
-5.775	-1.775	0
-5.775	-1.725	0
-5.775	-1.675	0
-5.775	-1.625	0
-5.775	-1.575	0
-5.775	-1.525	0
-5.775	-1.475	0
-5.775	-1.425	0
-5.775	-1.375	0
-5.775	-1.325	0
-5.775	-1.275	0
-5.775	-1.225	0
-5.775	-1.175	0
-5.775	-1.125	0
-5.775	-1.075	0
-5.775	-1.025	0
-5.775	-0.975	0
-5.775	-0.925	0
-5.775	-0.875	0
-5.775	-0.825	0
-5.775	-0.775	0
-5.775	-0.725	0
-5.775	-0.675	0
-5.775	-0.625	0
-5.775	-0.575	0
-5.775	-0.525	0
-5.775	-0.475	0
-5.775	-0.425	0
-5.775	-0.375	0
-5.775	-0.325	0
-5.775	-0.275	0
-5.775	-0.225	0
-5.775	-0.175	0
-5.775	-0.125	0
-5.775	-0.0749999999999999	0
-5.775	-0.0249999999999999	0
-5.775	0.0250000000000001	0
-5.775	0.0750000000000001	0
-5.775	0.125	0
-5.775	0.175	0
-5.775	0.225	0
-5.775	0.275	0
-5.775	0.325	0
-5.775	0.375	0
-5.775	0.425	0
-5.775	0.475	0
-5.775	0.525	0
-5.775	0.575	0
-5.775	0.625	0
-5.775	0.675	0
-5.775	0.725	0
-5.775	0.775	0
-5.775	0.825	0
-5.775	0.875	0
-5.775	0.925	0
-5.775	0.975	0
-5.775	1.025	0
-5.775	1.075	0
-5.775	1.125	0
-5.775	1.175	0
-5.775	1.225	0
-5.775	1.275	0
-5.775	1.325	0
-5.775	1.375	0
-5.775	1.425	0
-5.775	1.475	0
-5.775	1.525	0
-5.775	1.575	0
-5.775	1.625	0
-5.775	1.675	0
-5.775	1.725	0
-5.775	1.775	0
-5.775	1.825	0
-5.775	1.875	0
-5.775	1.925	0
-5.775	1.975	0
-5.775	2.025	0
-5.775	2.075	0
-5.775	2.125	0
-5.775	2.175	0
-5.775	2.225	0
-5.775	2.275	0
-5.775	2.325	0
-5.775	2.375	0
-5.775	2.425	0
-5.775	2.475	0
-5.775	2.525	0
-5.775	2.575	0
-5.775	2.625	0
-5.725	-1.975	0
-5.725	-1.925	0
-5.725	-1.875	0
-5.725	-1.825	0
-5.725	-1.775	0
-5.725	-1.725	0
-5.725	-1.675	0
-5.725	-1.625	0
-5.725	-1.575	0
-5.725	-1.525	0
-5.725	-1.475	0
-5.725	-1.425	0
-5.725	-1.375	0
-5.725	-1.325	0
-5.725	-1.275	0
-5.725	-1.225	0
-5.725	-1.175	0
-5.725	-1.125	0
-5.725	-1.075	0
-5.725	-1.025	0
-5.725	-0.975	0
-5.725	-0.925	0
-5.725	-0.875	0
-5.725	-0.825	0
-5.725	-0.775	0
-5.725	-0.725	0
-5.725	-0.675	0
-5.725	-0.625	0
-5.725	-0.575	0
-5.725	-0.525	0
-5.725	-0.475	0
-5.725	-0.425	0
-5.725	-0.375	0
-5.725	-0.325	0
-5.725	-0.275	0
-5.725	-0.225	0
-5.725	-0.175	0
-5.725	-0.125	0
-5.725	-0.0749999999999999	0
-5.725	-0.0249999999999999	0
-5.725	0.0250000000000001	0
-5.725	0.0750000000000001	0
-5.725	0.125	0
-5.725	0.175	0
-5.725	0.225	0
-5.725	0.275	0
-5.725	0.325	0
-5.725	0.375	0
-5.725	0.425	0
-5.725	0.475	0
-5.725	0.525	0
-5.725	0.575	0
-5.725	0.625	0
-5.725	0.675	0
-5.725	0.725	0
-5.725	0.775	0
-5.725	0.825	0
-5.725	0.875	0
-5.725	0.925	0
-5.725	0.975	0
-5.725	1.025	0
-5.725	1.075	0
-5.725	1.125	0
-5.725	1.175	0
-5.725	1.225	0
-5.725	1.275	0
-5.725	1.325	0
-5.725	1.375	0
-5.725	1.425	0
-5.725	1.475	0
-5.725	1.525	0
-5.725	1.575	0
-5.725	1.625	0
-5.725	1.675	0
-5.725	1.725	0
-5.725	1.775	0
-5.725	1.825	0
-5.725	1.875	0
-5.725	1.925	0
-5.725	1.975	0
-5.725	2.025	0
-5.725	2.075	0
-5.725	2.125	0
-5.725	2.175	0
-5.725	2.225	0
-5.725	2.275	0
-5.725	2.325	0
-5.725	2.375	0
-5.725	2.425	0
-5.725	2.475	0
-5.725	2.525	0
-5.725	2.575	0
-5.725	2.625	0
-5.675	-1.975	0
-5.675	-1.925	0
-5.675	-1.875	0
-5.675	-1.825	0
-5.675	-1.775	0
-5.675	-1.725	0
-5.675	-1.675	0
-5.675	-1.625	0
-5.675	-1.575	0
-5.675	-1.525	0
-5.675	-1.475	0
-5.675	-1.425	0
-5.675	-1.375	0
-5.675	-1.325	0
-5.675	-1.275	0
-5.675	-1.225	0
-5.675	-1.175	0
-5.675	-1.125	0
-5.675	-1.075	0
-5.675	-1.025	0
-5.675	-0.975	0
-5.675	-0.925	0
-5.675	-0.875	0
-5.675	-0.825	0
-5.675	-0.775	0
-5.675	-0.725	0
-5.675	-0.675	0
-5.675	-0.625	0
-5.675	-0.575	0
-5.675	-0.525	0
-5.675	-0.475	0
-5.675	-0.425	0
-5.675	-0.375	0
-5.675	-0.325	0
-5.675	-0.275	0
-5.675	-0.225	0
-5.675	-0.175	0
-5.675	-0.125	0
-5.675	-0.0749999999999999	0
-5.675	-0.0249999999999999	0
-5.675	0.0250000000000001	0
-5.675	0.0750000000000001	0
-5.675	0.125	0
-5.675	0.175	0
-5.675	0.225	0
-5.675	0.275	0
-5.675	0.325	0
-5.675	0.375	0
-5.675	0.425	0
-5.675	0.475	0
-5.675	0.525	0
-5.675	0.575	0
-5.675	0.625	0
-5.675	0.675	0
-5.675	0.725	0
-5.675	0.775	0
-5.675	0.825	0
-5.675	0.875	0
-5.675	0.925	0
-5.675	0.975	0
-5.675	1.025	0
-5.675	1.075	0
-5.675	1.125	0
-5.675	1.175	0
-5.675	1.225	0
-5.675	1.275	0
-5.675	1.325	0
-5.675	1.375	0
-5.675	1.425	0
-5.675	1.475	0
-5.675	1.525	0
-5.675	1.575	0
-5.675	1.625	0
-5.675	1.675	0
-5.675	1.725	0
-5.675	1.775	0
-5.675	1.825	0
-5.675	1.875	0
-5.675	1.925	0
-5.675	1.975	0
-5.675	2.025	0
-5.675	2.075	0
-5.675	2.125	0
-5.675	2.175	0
-5.675	2.225	0
-5.675	2.275	0
-5.675	2.325	0
-5.675	2.375	0
-5.675	2.425	0
-5.675	2.475	0
-5.675	2.525	0
-5.675	2.575	0
-5.675	2.625	0
-5.625	-1.975	0
-5.625	-1.925	0
-5.625	-1.875	0
-5.625	-1.825	0
-5.625	-1.775	0
-5.625	-1.725	0
-5.625	-1.675	0
-5.625	-1.625	0
-5.625	-1.575	0
-5.625	-1.525	0
-5.625	-1.475	0
-5.625	-1.425	0
-5.625	-1.375	0
-5.625	-1.325	0
-5.625	-1.275	0
-5.625	-1.225	0
-5.625	-1.175	0
-5.625	-1.125	0
-5.625	-1.075	0
-5.625	-1.025	0
-5.625	-0.975	0
-5.625	-0.925	0
-5.625	-0.875	0
-5.625	-0.825	0
-5.625	-0.775	0
-5.625	-0.725	0
-5.625	-0.675	0
-5.625	-0.625	0
-5.625	-0.575	0
-5.625	-0.525	0
-5.625	-0.475	0
-5.625	-0.425	0
-5.625	-0.375	0
-5.625	-0.325	0
-5.625	-0.275	0
-5.625	-0.225	0
-5.625	-0.175	0
-5.625	-0.125	0
-5.625	-0.0749999999999999	0
-5.625	-0.0249999999999999	0
-5.625	0.0250000000000001	0
-5.625	0.0750000000000001	0
-5.625	0.125	0
-5.625	0.175	0
-5.625	0.225	0
-5.625	0.275	0
-5.625	0.325	0
-5.625	0.375	0
-5.625	0.425	0
-5.625	0.475	0
-5.625	0.525	0
-5.625	0.575	0
-5.625	0.625	0
-5.625	0.675	0
-5.625	0.725	0
-5.625	0.775	0
-5.625	0.825	0
-5.625	0.875	0
-5.625	0.925	0
-5.625	0.975	0
-5.625	1.025	0
-5.625	1.075	0
-5.625	1.125	0
-5.625	1.175	0
-5.625	1.225	0
-5.625	1.275	0
-5.625	1.325	0
-5.625	1.375	0
-5.625	1.425	0
-5.625	1.475	0
-5.625	1.525	0
-5.625	1.575	0
-5.625	1.625	0
-5.625	1.675	0
-5.625	1.725	0
-5.625	1.775	0
-5.625	1.825	0
-5.625	1.875	0
-5.625	1.925	0
-5.625	1.975	0
-5.625	2.025	0
-5.625	2.075	0
-5.625	2.125	0
-5.625	2.175	0
-5.625	2.225	0
-5.625	2.275	0
-5.625	2.325	0
-5.625	2.375	0
-5.625	2.425	0
-5.625	2.475	0
-5.625	2.525	0
-5.625	2.575	0
-5.625	2.625	0
-5.575	-1.975	0
-5.575	-1.925	0
-5.575	-1.875	0
-5.575	-1.825	0
-5.575	-1.775	0
-5.575	-1.725	0
-5.575	-1.675	0
-5.575	-1.625	0
-5.575	-1.575	0
-5.575	-1.525	0
-5.575	-1.475	0
-5.575	-1.425	0
-5.575	-1.375	0
-5.575	-1.325	0
-5.575	-1.275	0
-5.575	-1.225	0
-5.575	-1.175	0
-5.575	-1.125	0
-5.575	-1.075	0
-5.575	-1.025	0
-5.575	-0.975	0
-5.575	-0.925	0
-5.575	-0.875	0
-5.575	-0.825	0
-5.575	-0.775	0
-5.575	-0.725	0
-5.575	-0.675	0
-5.575	-0.625	0
-5.575	-0.575	0
-5.575	-0.525	0
-5.575	-0.475	0
-5.575	-0.425	0
-5.575	-0.375	0
-5.575	-0.325	0
-5.575	-0.275	0
-5.575	-0.225	0
-5.575	-0.175	0
-5.575	-0.125	0
-5.575	-0.0749999999999999	0
-5.575	-0.0249999999999999	0
-5.575	0.0250000000000001	0
-5.575	0.0750000000000001	0
-5.575	0.125	0
-5.575	0.175	0
-5.575	0.225	0
-5.575	0.275	0
-5.575	0.325	0
-5.575	0.375	0
-5.575	0.425	0
-5.575	0.475	0
-5.575	0.525	0
-5.575	0.575	0
-5.575	0.625	0
-5.575	0.675	0
-5.575	0.725	0
-5.575	0.775	0
-5.575	0.825	0
-5.575	0.875	0
-5.575	0.925	0
-5.575	0.975	0
-5.575	1.025	0
-5.575	1.075	0
-5.575	1.125	0
-5.575	1.175	0
-5.575	1.225	0
-5.575	1.275	0
-5.575	1.325	0
-5.575	1.375	0
-5.575	1.425	0
-5.575	1.475	0
-5.575	1.525	0
-5.575	1.575	0
-5.575	1.625	0
-5.575	1.675	0
-5.575	1.725	0
-5.575	1.775	0
-5.575	1.825	0
-5.575	1.875	0
-5.575	1.925	0
-5.575	1.975	0
-5.575	2.025	0
-5.575	2.075	0
-5.575	2.125	0
-5.575	2.175	0
-5.575	2.225	0
-5.575	2.275	0
-5.575	2.325	0
-5.575	2.375	0
-5.575	2.425	0
-5.575	2.475	0
-5.575	2.525	0
-5.575	2.575	0
-5.575	2.625	0
-5.525	-1.975	0
-5.525	-1.925	0
-5.525	-1.875	0
-5.525	-1.825	0
-5.525	-1.775	0
-5.525	-1.725	0
-5.525	-1.675	0
-5.525	-1.625	0
-5.525	-1.575	0
-5.525	-1.525	0
-5.525	-1.475	0
-5.525	-1.425	0
-5.525	-1.375	0
-5.525	-1.325	0
-5.525	-1.275	0
-5.525	-1.225	0
-5.525	-1.175	0
-5.525	-1.125	0
-5.525	-1.075	0
-5.525	-1.025	0
-5.525	-0.975	0
-5.525	-0.925	0
-5.525	-0.875	0
-5.525	-0.825	0
-5.525	-0.775	0
-5.525	-0.725	0
-5.525	-0.675	0
-5.525	-0.625	0
-5.525	-0.575	0
-5.525	-0.525	0
-5.525	-0.475	0
-5.525	-0.425	0
-5.525	-0.375	0
-5.525	-0.325	0
-5.525	-0.275	0
-5.525	-0.225	0
-5.525	-0.175	0
-5.525	-0.125	0
-5.525	-0.0749999999999999	0
-5.525	-0.0249999999999999	0
-5.525	0.0250000000000001	0
-5.525	0.0750000000000001	0
-5.525	0.125	0
-5.525	0.175	0
-5.525	0.225	0
-5.525	0.275	0
-5.525	0.325	0
-5.525	0.375	0
-5.525	0.425	0
-5.525	0.475	0
-5.525	0.525	0
-5.525	0.575	0
-5.525	0.625	0
-5.525	0.675	0
-5.525	0.725	0
-5.525	0.775	0
-5.525	0.825	0
-5.525	0.875	0
-5.525	0.925	0
-5.525	0.975	0
-5.525	1.025	0
-5.525	1.075	0
-5.525	1.125	0
-5.525	1.175	0
-5.525	1.225	0
-5.525	1.275	0
-5.525	1.325	0
-5.525	1.375	0
-5.525	1.425	0
-5.525	1.475	0
-5.525	1.525	0
-5.525	1.575	0
-5.525	1.625	0
-5.525	1.675	0
-5.525	1.725	0
-5.525	1.775	0
-5.525	1.825	0
-5.525	1.875	0
-5.525	1.925	0
-5.525	1.975	0
-5.525	2.025	0
-5.525	2.075	0
-5.525	2.125	0
-5.525	2.175	0
-5.525	2.225	0
-5.525	2.275	0
-5.525	2.325	0
-5.525	2.375	0
-5.525	2.425	0
-5.525	2.475	0
-5.525	2.525	0
-5.525	2.575	0
-5.525	2.625	0
-5.475	-1.975	0
-5.475	-1.925	0
-5.475	-1.875	0
-5.475	-1.825	0
-5.475	-1.775	0
-5.475	-1.725	0
-5.475	-1.675	0
-5.475	-1.625	0
-5.475	-1.575	0
-5.475	-1.525	0
-5.475	-1.475	0
-5.475	-1.425	0
-5.475	-1.375	0
-5.475	-1.325	0
-5.475	-1.275	0
-5.475	-1.225	0
-5.475	-1.175	0
-5.475	-1.125	0
-5.475	-1.075	0
-5.475	-1.025	0
-5.475	-0.975	0
-5.475	-0.925	0
-5.475	-0.875	0
-5.475	-0.825	0
-5.475	-0.775	0
-5.475	-0.725	0
-5.475	-0.675	0
-5.475	-0.625	0
-5.475	-0.575	0
-5.475	-0.525	0
-5.475	-0.475	0
-5.475	-0.425	0
-5.475	-0.375	0
-5.475	-0.325	0
-5.475	-0.275	0
-5.475	-0.225	0
-5.475	-0.175	0
-5.475	-0.125	0
-5.475	-0.0749999999999999	0
-5.475	-0.0249999999999999	0
-5.475	0.0250000000000001	0
-5.475	0.0750000000000001	0
-5.475	0.125	0
-5.475	0.175	0
-5.475	0.225	0
-5.475	0.275	0
-5.475	0.325	0
-5.475	0.375	0
-5.475	0.425	0
-5.475	0.475	0
-5.475	0.525	0
-5.475	0.575	0
-5.475	0.625	0
-5.475	0.675	0
-5.475	0.725	0
-5.475	0.775	0
-5.475	0.825	0
-5.475	0.875	0
-5.475	0.925	0
-5.475	0.975	0
-5.475	1.025	0
-5.475	1.075	0
-5.475	1.125	0
-5.475	1.175	0
-5.475	1.225	0
-5.475	1.275	0
-5.475	1.325	0
-5.475	1.375	0
-5.475	1.425	0
-5.475	1.475	0
-5.475	1.525	0
-5.475	1.575	0
-5.475	1.625	0
-5.475	1.675	0
-5.475	1.725	0
-5.475	1.775	0
-5.475	1.825	0
-5.475	1.875	0
-5.475	1.925	0
-5.475	1.975	0
-5.475	2.025	0
-5.475	2.075	0
-5.475	2.125	0
-5.475	2.175	0
-5.475	2.225	0
-5.475	2.275	0
-5.475	2.325	0
-5.475	2.375	0
-5.475	2.425	0
-5.475	2.475	0
-5.475	2.525	0
-5.475	2.575	0
-5.475	2.625	0
-5.425	-1.975	0
-5.425	-1.925	0
-5.425	-1.875	0
-5.425	-1.825	0
-5.425	-1.775	0
-5.425	-1.725	0
-5.425	-1.675	0
-5.425	-1.625	0
-5.425	-1.575	0
-5.425	-1.525	0
-5.425	-1.475	0
-5.425	-1.425	0
-5.425	-1.375	0
-5.425	-1.325	0
-5.425	-1.275	0
-5.425	-1.225	0
-5.425	-1.175	0
-5.425	-1.125	0
-5.425	-1.075	0
-5.425	-1.025	0
-5.425	-0.975	0
-5.425	-0.925	0
-5.425	-0.875	0
-5.425	-0.825	0
-5.425	-0.775	0
-5.425	-0.725	0
-5.425	-0.675	0
-5.425	-0.625	0
-5.425	-0.575	0
-5.425	-0.525	0
-5.425	-0.475	0
-5.425	-0.425	0
-5.425	-0.375	0
-5.425	-0.325	0
-5.425	-0.275	0
-5.425	-0.225	0
-5.425	-0.175	0
-5.425	-0.125	0
-5.425	-0.0749999999999999	0
-5.425	-0.0249999999999999	0
-5.425	0.0250000000000001	0
-5.425	0.0750000000000001	0
-5.425	0.125	0
-5.425	0.175	0
-5.425	0.225	0
-5.425	0.275	0
-5.425	0.325	0
-5.425	0.375	0
-5.425	0.425	0
-5.425	0.475	0
-5.425	0.525	0
-5.425	0.575	0
-5.425	0.625	0
-5.425	0.675	0
-5.425	0.725	0
-5.425	0.775	0
-5.425	0.825	0
-5.425	0.875	0
-5.425	0.925	0
-5.425	0.975	0
-5.425	1.025	0
-5.425	1.075	0
-5.425	1.125	0
-5.425	1.175	0
-5.425	1.225	0
-5.425	1.275	0
-5.425	1.325	0
-5.425	1.375	0
-5.425	1.425	0
-5.425	1.475	0
-5.425	1.525	0
-5.425	1.575	0
-5.425	1.625	0
-5.425	1.675	0
-5.425	1.725	0
-5.425	1.775	0
-5.425	1.825	0
-5.425	1.875	0
-5.425	1.925	0
-5.425	1.975	0
-5.425	2.025	0
-5.425	2.075	0
-5.425	2.125	0
-5.425	2.175	0
-5.425	2.225	0
-5.425	2.275	0
-5.425	2.325	0
-5.425	2.375	0
-5.425	2.425	0
-5.425	2.475	0
-5.425	2.525	0
-5.425	2.575	0
-5.425	2.625	0
-5.375	-1.975	0
-5.375	-1.925	0
-5.375	-1.875	0
-5.375	-1.825	0
-5.375	-1.775	0
-5.375	-1.725	0
-5.375	-1.675	0
-5.375	-1.625	0
-5.375	-1.575	0
-5.375	-1.525	0
-5.375	-1.475	0
-5.375	-1.425	0
-5.375	-1.375	0
-5.375	-1.325	0
-5.375	-1.275	0
-5.375	-1.225	0
-5.375	-1.175	0
-5.375	-1.125	0
-5.375	-1.075	0
-5.375	-1.025	0
-5.375	-0.975	0
-5.375	-0.925	0
-5.375	-0.875	0
-5.375	-0.825	0
-5.375	-0.775	0
-5.375	-0.725	0
-5.375	-0.675	0
-5.375	-0.625	0
-5.375	-0.575	0
-5.375	-0.525	0
-5.375	-0.475	0
-5.375	-0.425	0
-5.375	-0.375	0
-5.375	-0.325	0
-5.375	-0.275	0
-5.375	-0.225	0
-5.375	-0.175	0
-5.375	-0.125	0
-5.375	-0.0749999999999999	0
-5.375	-0.0249999999999999	0
-5.375	0.0250000000000001	0
-5.375	0.0750000000000001	0
-5.375	0.125	0
-5.375	0.175	0
-5.375	0.225	0
-5.375	0.275	0
-5.375	0.325	0
-5.375	0.375	0
-5.375	0.425	0
-5.375	0.475	0
-5.375	0.525	0
-5.375	0.575	0
-5.375	0.625	0
-5.375	0.675	0
-5.375	0.725	0
-5.375	0.775	0
-5.375	0.825	0
-5.375	0.875	0
-5.375	0.925	0
-5.375	0.975	0
-5.375	1.025	0
-5.375	1.075	0
-5.375	1.125	0
-5.375	1.175	0
-5.375	1.225	0
-5.375	1.275	0
-5.375	1.325	0
-5.375	1.375	0
-5.375	1.425	0
-5.375	1.475	0
-5.375	1.525	0
-5.375	1.575	0
-5.375	1.625	0
-5.375	1.675	0
-5.375	1.725	0
-5.375	1.775	0
-5.375	1.825	0
-5.375	1.875	0
-5.375	1.925	0
-5.375	1.975	0
-5.375	2.025	0
-5.375	2.075	0
-5.375	2.125	0
-5.375	2.175	0
-5.375	2.225	0
-5.375	2.275	0
-5.375	2.325	0
-5.375	2.375	0
-5.375	2.425	0
-5.375	2.475	0
-5.375	2.525	0
-5.375	2.575	0
-5.375	2.625	0
-5.325	-1.975	0
-5.325	-1.925	0
-5.325	-1.875	0
-5.325	-1.825	0
-5.325	-1.775	0
-5.325	-1.725	0
-5.325	-1.675	0
-5.325	-1.625	0
-5.325	-1.575	0
-5.325	-1.525	0
-5.325	-1.475	0
-5.325	-1.425	0
-5.325	-1.375	0
-5.325	-1.325	0
-5.325	-1.275	0
-5.325	-1.225	0
-5.325	-1.175	0
-5.325	-1.125	0
-5.325	-1.075	0
-5.325	-1.025	0
-5.325	-0.975	0
-5.325	-0.925	0
-5.325	-0.875	0
-5.325	-0.825	0
-5.325	-0.775	0
-5.325	-0.725	0
-5.325	-0.675	0
-5.325	-0.625	0
-5.325	-0.575	0
-5.325	-0.525	0
-5.325	-0.475	0
-5.325	-0.425	0
-5.325	-0.375	0
-5.325	-0.325	0
-5.325	-0.275	0
-5.325	-0.225	0
-5.325	-0.175	0
-5.325	-0.125	0
-5.325	-0.0749999999999999	0
-5.325	-0.0249999999999999	0
-5.325	0.0250000000000001	0
-5.325	0.0750000000000001	0
-5.325	0.125	0
-5.325	0.175	0
-5.325	0.225	0
-5.325	0.275	0
-5.325	0.325	0
-5.325	0.375	0
-5.325	0.425	0
-5.325	0.475	0
-5.325	0.525	0
-5.325	0.575	0
-5.325	0.625	0
-5.325	0.675	0
-5.325	0.725	0
-5.325	0.775	0
-5.325	0.825	0
-5.325	0.875	0
-5.325	0.925	0
-5.325	0.975	0
-5.325	1.025	0
-5.325	1.075	0
-5.325	1.125	0
-5.325	1.175	0
-5.325	1.225	0
-5.325	1.275	0
-5.325	1.325	0
-5.325	1.375	0
-5.325	1.425	0
-5.325	1.475	0
-5.325	1.525	0
-5.325	1.575	0
-5.325	1.625	0
-5.325	1.675	0
-5.325	1.725	0
-5.325	1.775	0
-5.325	1.825	0
-5.325	1.875	0
-5.325	1.925	0
-5.325	1.975	0
-5.325	2.025	0
-5.325	2.075	0
-5.325	2.125	0
-5.325	2.175	0
-5.325	2.225	0
-5.325	2.275	0
-5.325	2.325	0
-5.325	2.375	0
-5.325	2.425	0
-5.325	2.475	0
-5.325	2.525	0
-5.325	2.575	0
-5.325	2.625	0
-5.275	-1.975	0
-5.275	-1.925	0
-5.275	-1.875	0
-5.275	-1.825	0
-5.275	-1.775	0
-5.275	-1.725	0
-5.275	-1.675	0
-5.275	-1.625	0
-5.275	-1.575	0
-5.275	-1.525	0
-5.275	-1.475	0
-5.275	-1.425	0
-5.275	-1.375	0
-5.275	-1.325	0
-5.275	-1.275	0
-5.275	-1.225	0
-5.275	-1.175	0
-5.275	-1.125	0
-5.275	-1.075	0
-5.275	-1.025	0
-5.275	-0.975	0
-5.275	-0.925	0
-5.275	-0.875	0
-5.275	-0.825	0
-5.275	-0.775	0
-5.275	-0.725	0
-5.275	-0.675	0
-5.275	-0.625	0
-5.275	-0.575	0
-5.275	-0.525	0
-5.275	-0.475	0
-5.275	-0.425	0
-5.275	-0.375	0
-5.275	-0.325	0
-5.275	-0.275	0
-5.275	-0.225	0
-5.275	-0.175	0
-5.275	-0.125	0
-5.275	-0.0749999999999999	0
-5.275	-0.0249999999999999	0
-5.275	0.0250000000000001	0
-5.275	0.0750000000000001	0
-5.275	0.125	0
-5.275	0.175	0
-5.275	0.225	0
-5.275	0.275	0
-5.275	0.325	0
-5.275	0.375	0
-5.275	0.425	0
-5.275	0.475	0
-5.275	0.525	0
-5.275	0.575	0
-5.275	0.625	0
-5.275	0.675	0
-5.275	0.725	0
-5.275	0.775	0
-5.275	0.825	0
-5.275	0.875	0
-5.275	0.925	0
-5.275	0.975	0
-5.275	1.025	0
-5.275	1.075	0
-5.275	1.125	0
-5.275	1.175	0
-5.275	1.225	0
-5.275	1.275	0
-5.275	1.325	0
-5.275	1.375	0
-5.275	1.425	0
-5.275	1.475	0
-5.275	1.525	0
-5.275	1.575	0
-5.275	1.625	0
-5.275	1.675	0
-5.275	1.725	0
-5.275	1.775	0
-5.275	1.825	0
-5.275	1.875	0
-5.275	1.925	0
-5.275	1.975	0
-5.275	2.025	0
-5.275	2.075	0
-5.275	2.125	0
-5.275	2.175	0
-5.275	2.225	0
-5.275	2.275	0
-5.275	2.325	0
-5.275	2.375	0
-5.275	2.425	0
-5.275	2.475	0
-5.275	2.525	0
-5.275	2.575	0
-5.275	2.625	0
-5.225	-1.975	0
-5.225	-1.925	0
-5.225	-1.875	0
-5.225	-1.825	0
-5.225	-1.775	0
-5.225	-1.725	0
-5.225	-1.675	0
-5.225	-1.625	0
-5.225	-1.575	0
-5.225	-1.525	0
-5.225	-1.475	0
-5.225	-1.425	0
-5.225	-1.375	0
-5.225	-1.325	0
-5.225	-1.275	0
-5.225	-1.225	0
-5.225	-1.175	0
-5.225	-1.125	0
-5.225	-1.075	0
-5.225	-1.025	0
-5.225	-0.975	0
-5.225	-0.925	0
-5.225	-0.875	0
-5.225	-0.825	0
-5.225	-0.775	0
-5.225	-0.725	0
-5.225	-0.675	0
-5.225	-0.625	0
-5.225	-0.575	0
-5.225	-0.525	0
-5.225	-0.475	0
-5.225	-0.425	0
-5.225	-0.375	0
-5.225	-0.325	0
-5.225	-0.275	0
-5.225	-0.225	0
-5.225	-0.175	0
-5.225	-0.125	0
-5.225	-0.0749999999999999	0
-5.225	-0.0249999999999999	0
-5.225	0.0250000000000001	0
-5.225	0.0750000000000001	0
-5.225	0.125	0
-5.225	0.175	0
-5.225	0.225	0
-5.225	0.275	0
-5.225	0.325	0
-5.225	0.375	0
-5.225	0.425	0
-5.225	0.475	0
-5.225	0.525	0
-5.225	0.575	0
-5.225	0.625	0
-5.225	0.675	0
-5.225	0.725	0
-5.225	0.775	0
-5.225	0.825	0
-5.225	0.875	0
-5.225	0.925	0
-5.225	0.975	0
-5.225	1.025	0
-5.225	1.075	0
-5.225	1.125	0
-5.225	1.175	0
-5.225	1.225	0
-5.225	1.275	0
-5.225	1.325	0
-5.225	1.375	0
-5.225	1.425	0
-5.225	1.475	0
-5.225	1.525	0
-5.225	1.575	0
-5.225	1.625	0
-5.225	1.675	0
-5.225	1.725	0
-5.225	1.775	0
-5.225	1.825	0
-5.225	1.875	0
-5.225	1.925	0
-5.225	1.975	0
-5.225	2.025	0
-5.225	2.075	0
-5.225	2.125	0
-5.225	2.175	0
-5.225	2.225	0
-5.225	2.275	0
-5.225	2.325	0
-5.225	2.375	0
-5.225	2.425	0
-5.225	2.475	0
-5.225	2.525	0
-5.225	2.575	0
-5.225	2.625	0
-5.175	-1.975	0
-5.175	-1.925	0
-5.175	-1.875	0
-5.175	-1.825	0
-5.175	-1.775	0
-5.175	-1.725	0
-5.175	-1.675	0
-5.175	-1.625	0
-5.175	-1.575	0
-5.175	-1.525	0
-5.175	-1.475	0
-5.175	-1.425	0
-5.175	-1.375	0
-5.175	-1.325	0
-5.175	-1.275	0
-5.175	-1.225	0
-5.175	-1.175	0
-5.175	-1.125	0
-5.175	-1.075	0
-5.175	-1.025	0
-5.175	-0.975	0
-5.175	-0.925	0
-5.175	-0.875	0
-5.175	-0.825	0
-5.175	-0.775	0
-5.175	-0.725	0
-5.175	-0.675	0
-5.175	-0.625	0
-5.175	-0.575	0
-5.175	-0.525	0
-5.175	-0.475	0
-5.175	-0.425	0
-5.175	-0.375	0
-5.175	-0.325	0
-5.175	-0.275	0
-5.175	-0.225	0
-5.175	-0.175	0
-5.175	-0.125	0
-5.175	-0.0749999999999999	0
-5.175	-0.0249999999999999	0
-5.175	0.0250000000000001	0
-5.175	0.0750000000000001	0
-5.175	0.125	0
-5.175	0.175	0
-5.175	0.225	0
-5.175	0.275	0
-5.175	0.325	0
-5.175	0.375	0
-5.175	0.425	0
-5.175	0.475	0
-5.175	0.525	0
-5.175	0.575	0
-5.175	0.625	0
-5.175	0.675	0
-5.175	0.725	0
-5.175	0.775	0
-5.175	0.825	0
-5.175	0.875	0
-5.175	0.925	0
-5.175	0.975	0
-5.175	1.025	0
-5.175	1.075	0
-5.175	1.125	0
-5.175	1.175	0
-5.175	1.225	0
-5.175	1.275	0
-5.175	1.325	0
-5.175	1.375	0
-5.175	1.425	0
-5.175	1.475	0
-5.175	1.525	0
-5.175	1.575	0
-5.175	1.625	0
-5.175	1.675	0
-5.175	1.725	0
-5.175	1.775	0
-5.175	1.825	0
-5.175	1.875	0
-5.175	1.925	0
-5.175	1.975	0
-5.175	2.025	0
-5.175	2.075	0
-5.175	2.125	0
-5.175	2.175	0
-5.175	2.225	0
-5.175	2.275	0
-5.175	2.325	0
-5.175	2.375	0
-5.175	2.425	0
-5.175	2.475	0
-5.175	2.525	0
-5.175	2.575	0
-5.175	2.625	0
-5.125	-1.975	0
-5.125	-1.925	0
-5.125	-1.875	0
-5.125	-1.825	0
-5.125	-1.775	0
-5.125	-1.725	0
-5.125	-1.675	0
-5.125	-1.625	0
-5.125	-1.575	0
-5.125	-1.525	0
-5.125	-1.475	0
-5.125	-1.425	0
-5.125	-1.375	0
-5.125	-1.325	0
-5.125	-1.275	0
-5.125	-1.225	0
-5.125	-1.175	0
-5.125	-1.125	0
-5.125	-1.075	0
-5.125	-1.025	0
-5.125	-0.975	0
-5.125	-0.925	0
-5.125	-0.875	0
-5.125	-0.825	0
-5.125	-0.775	0
-5.125	-0.725	0
-5.125	-0.675	0
-5.125	-0.625	0
-5.125	-0.575	0
-5.125	-0.525	0
-5.125	-0.475	0
-5.125	-0.425	0
-5.125	-0.375	0
-5.125	-0.325	0
-5.125	-0.275	0
-5.125	-0.225	0
-5.125	-0.175	0
-5.125	-0.125	0
-5.125	-0.0749999999999999	0
-5.125	-0.0249999999999999	0
-5.125	0.0250000000000001	0
-5.125	0.0750000000000001	0
-5.125	0.125	0
-5.125	0.175	0
-5.125	0.225	0
-5.125	0.275	0
-5.125	0.325	0
-5.125	0.375	0
-5.125	0.425	0
-5.125	0.475	0
-5.125	0.525	0
-5.125	0.575	0
-5.125	0.625	0
-5.125	0.675	0
-5.125	0.725	0
-5.125	0.775	0
-5.125	0.825	0
-5.125	0.875	0
-5.125	0.925	0
-5.125	0.975	0
-5.125	1.025	0
-5.125	1.075	0
-5.125	1.125	0
-5.125	1.175	0
-5.125	1.225	0
-5.125	1.275	0
-5.125	1.325	0
-5.125	1.375	0
-5.125	1.425	0
-5.125	1.475	0
-5.125	1.525	0
-5.125	1.575	0
-5.125	1.625	0
-5.125	1.675	0
-5.125	1.725	0
-5.125	1.775	0
-5.125	1.825	0
-5.125	1.875	0
-5.125	1.925	0
-5.125	1.975	0
-5.125	2.025	0
-5.125	2.075	0
-5.125	2.125	0
-5.125	2.175	0
-5.125	2.225	0
-5.125	2.275	0
-5.125	2.325	0
-5.125	2.375	0
-5.125	2.425	0
-5.125	2.475	0
-5.125	2.525	0
-5.125	2.575	0
-5.125	2.625	0
-5.075	-1.975	0
-5.075	-1.925	0
-5.075	-1.875	0
-5.075	-1.825	0
-5.075	-1.775	0
-5.075	-1.725	0
-5.075	-1.675	0
-5.075	-1.625	0
-5.075	-1.575	0
-5.075	-1.525	0
-5.075	-1.475	0
-5.075	-1.425	0
-5.075	-1.375	0
-5.075	-1.325	0
-5.075	-1.275	0
-5.075	-1.225	0
-5.075	-1.175	0
-5.075	-1.125	0
-5.075	-1.075	0
-5.075	-1.025	0
-5.075	-0.975	0
-5.075	-0.925	0
-5.075	-0.875	0
-5.075	-0.825	0
-5.075	-0.775	0
-5.075	-0.725	0
-5.075	-0.675	0
-5.075	-0.625	0
-5.075	-0.575	0
-5.075	-0.525	0
-5.075	-0.475	0
-5.075	-0.425	0
-5.075	-0.375	0
-5.075	-0.325	0
-5.075	-0.275	0
-5.075	-0.225	0
-5.075	-0.175	0
-5.075	-0.125	0
-5.075	-0.0749999999999999	0
-5.075	-0.0249999999999999	0
-5.075	0.0250000000000001	0
-5.075	0.0750000000000001	0
-5.075	0.125	0
-5.075	0.175	0
-5.075	0.225	0
-5.075	0.275	0
-5.075	0.325	0
-5.075	0.375	0
-5.075	0.425	0
-5.075	0.475	0
-5.075	0.525	0
-5.075	0.575	0
-5.075	0.625	0
-5.075	0.675	0
-5.075	0.725	0
-5.075	0.775	0
-5.075	0.825	0
-5.075	0.875	0
-5.075	0.925	0
-5.075	0.975	0
-5.075	1.025	0
-5.075	1.075	0
-5.075	1.125	0
-5.075	1.175	0
-5.075	1.225	0
-5.075	1.275	0
-5.075	1.325	0
-5.075	1.375	0
-5.075	1.425	0
-5.075	1.475	0
-5.075	1.525	0
-5.075	1.575	0
-5.075	1.625	0
-5.075	1.675	0
-5.075	1.725	0
-5.075	1.775	0
-5.075	1.825	0
-5.075	1.875	0
-5.075	1.925	0
-5.075	1.975	0
-5.075	2.025	0
-5.075	2.075	0
-5.075	2.125	0
-5.075	2.175	0
-5.075	2.225	0
-5.075	2.275	0
-5.075	2.325	0
-5.075	2.375	0
-5.075	2.425	0
-5.075	2.475	0
-5.075	2.525	0
-5.075	2.575	0
-5.075	2.625	0
-5.025	-1.975	0
-5.025	-1.925	0
-5.025	-1.875	0
-5.025	-1.825	0
-5.025	-1.775	0
-5.025	-1.725	0
-5.025	-1.675	0
-5.025	-1.625	0
-5.025	-1.575	0
-5.025	-1.525	0
-5.025	-1.475	0
-5.025	-1.425	0
-5.025	-1.375	0
-5.025	-1.325	0
-5.025	-1.275	0
-5.025	-1.225	0
-5.025	-1.175	0
-5.025	-1.125	0
-5.025	-1.075	0
-5.025	-1.025	0
-5.025	-0.975	0
-5.025	-0.925	0
-5.025	-0.875	0
-5.025	-0.825	0
-5.025	-0.775	0
-5.025	-0.725	0
-5.025	-0.675	0
-5.025	-0.625	0
-5.025	-0.575	0
-5.025	-0.525	0
-5.025	-0.475	0
-5.025	-0.425	0
-5.025	-0.375	0
-5.025	-0.325	0
-5.025	-0.275	0
-5.025	-0.225	0
-5.025	-0.175	0
-5.025	-0.125	0
-5.025	-0.0749999999999999	0
-5.025	-0.0249999999999999	0
-5.025	0.0250000000000001	0
-5.025	0.0750000000000001	0
-5.025	0.125	0
-5.025	0.175	0
-5.025	0.225	0
-5.025	0.275	0
-5.025	0.325	0
-5.025	0.375	0
-5.025	0.425	0
-5.025	0.475	0
-5.025	0.525	0
-5.025	0.575	0
-5.025	0.625	0
-5.025	0.675	0
-5.025	0.725	0
-5.025	0.775	0
-5.025	0.825	0
-5.025	0.875	0
-5.025	0.925	0
-5.025	0.975	0
-5.025	1.025	0
-5.025	1.075	0
-5.025	1.125	0
-5.025	1.175	0
-5.025	1.225	0
-5.025	1.275	0
-5.025	1.325	0
-5.025	1.375	0
-5.025	1.425	0
-5.025	1.475	0
-5.025	1.525	0
-5.025	1.575	0
-5.025	1.625	0
-5.025	1.675	0
-5.025	1.725	0
-5.025	1.775	0
-5.025	1.825	0
-5.025	1.875	0
-5.025	1.925	0
-5.025	1.975	0
-5.025	2.025	0
-5.025	2.075	0
-5.025	2.125	0
-5.025	2.175	0
-5.025	2.225	0
-5.025	2.275	0
-5.025	2.325	0
-5.025	2.375	0
-5.025	2.425	0
-5.025	2.475	0
-5.025	2.525	0
-5.025	2.575	0
-5.025	2.625	0
-4.975	-1.975	0
-4.975	-1.925	0
-4.975	-1.875	0
-4.975	-1.825	0
-4.975	-1.775	0
-4.975	-1.725	0
-4.975	-1.675	0
-4.975	-1.625	0
-4.975	-1.575	0
-4.975	-1.525	0
-4.975	-1.475	0
-4.975	-1.425	0
-4.975	-1.375	0
-4.975	-1.325	0
-4.975	-1.275	0
-4.975	-1.225	0
-4.975	-1.175	0
-4.975	-1.125	0
-4.975	-1.075	0
-4.975	-1.025	0
-4.975	-0.975	0
-4.975	-0.925	0
-4.975	-0.875	0
-4.975	-0.825	0
-4.975	-0.775	0
-4.975	-0.725	0
-4.975	-0.675	0
-4.975	-0.625	0
-4.975	-0.575	0
-4.975	-0.525	0
-4.975	-0.475	0
-4.975	-0.425	0
-4.975	-0.375	0
-4.975	-0.325	0
-4.975	-0.275	0
-4.975	-0.225	0
-4.975	-0.175	0
-4.975	-0.125	0
-4.975	-0.0749999999999999	0
-4.975	-0.0249999999999999	0
-4.975	0.0250000000000001	0
-4.975	0.0750000000000001	0
-4.975	0.125	0
-4.975	0.175	0
-4.975	0.225	0
-4.975	0.275	0
-4.975	0.325	0
-4.975	0.375	0
-4.975	0.425	0
-4.975	0.475	0
-4.975	0.525	0
-4.975	0.575	0
-4.975	0.625	0
-4.975	0.675	0
-4.975	0.725	0
-4.975	0.775	0
-4.975	0.825	0
-4.975	0.875	0
-4.975	0.925	0
-4.975	0.975	0
-4.975	1.025	0
-4.975	1.075	0
-4.975	1.125	0
-4.975	1.175	0
-4.975	1.225	0
-4.975	1.275	0
-4.975	1.325	0
-4.975	1.375	0
-4.975	1.425	0
-4.975	1.475	0
-4.975	1.525	0
-4.975	1.575	0
-4.975	1.625	0
-4.975	1.675	0
-4.975	1.725	0
-4.975	1.775	0
-4.975	1.825	0
-4.975	1.875	0
-4.975	1.925	0
-4.975	1.975	0
-4.975	2.025	0
-4.975	2.075	0
-4.975	2.125	0
-4.975	2.175	0
-4.975	2.225	0
-4.975	2.275	0
-4.975	2.325	0
-4.975	2.375	0
-4.975	2.425	0
-4.975	2.475	0
-4.975	2.525	0
-4.975	2.575	0
-4.975	2.625	0
-4.925	-1.975	0
-4.925	-1.925	0
-4.925	-1.875	0
-4.925	-1.825	0
-4.925	-1.775	0
-4.925	-1.725	0
-4.925	-1.675	0
-4.925	-1.625	0
-4.925	-1.575	0
-4.925	-1.525	0
-4.925	-1.475	0
-4.925	-1.425	0
-4.925	-1.375	0
-4.925	-1.325	0
-4.925	-1.275	0
-4.925	-1.225	0
-4.925	-1.175	0
-4.925	-1.125	0
-4.925	-1.075	0
-4.925	-1.025	0
-4.925	-0.975	0
-4.925	-0.925	0
-4.925	-0.875	0
-4.925	-0.825	0
-4.925	-0.775	0
-4.925	-0.725	0
-4.925	-0.675	0
-4.925	-0.625	0
-4.925	-0.575	0
-4.925	-0.525	0
-4.925	-0.475	0
-4.925	-0.425	0
-4.925	-0.375	0
-4.925	-0.325	0
-4.925	-0.275	0
-4.925	-0.225	0
-4.925	-0.175	0
-4.925	-0.125	0
-4.925	-0.0749999999999999	0
-4.925	-0.0249999999999999	0
-4.925	0.0250000000000001	0
-4.925	0.0750000000000001	0
-4.925	0.125	0
-4.925	0.175	0
-4.925	0.225	0
-4.925	0.275	0
-4.925	0.325	0
-4.925	0.375	0
-4.925	0.425	0
-4.925	0.475	0
-4.925	0.525	0
-4.925	0.575	0
-4.925	0.625	0
-4.925	0.675	0
-4.925	0.725	0
-4.925	0.775	0
-4.925	0.825	0
-4.925	0.875	0
-4.925	0.925	0
-4.925	0.975	0
-4.925	1.025	0
-4.925	1.075	0
-4.925	1.125	0
-4.925	1.175	0
-4.925	1.225	0
-4.925	1.275	0
-4.925	1.325	0
-4.925	1.375	0
-4.925	1.425	0
-4.925	1.475	0
-4.925	1.525	0
-4.925	1.575	0
-4.925	1.625	0
-4.925	1.675	0
-4.925	1.725	0
-4.925	1.775	0
-4.925	1.825	0
-4.925	1.875	0
-4.925	1.925	0
-4.925	1.975	0
-4.925	2.025	0
-4.925	2.075	0
-4.925	2.125	0
-4.925	2.175	0
-4.925	2.225	0
-4.925	2.275	0
-4.925	2.325	0
-4.925	2.375	0
-4.925	2.425	0
-4.925	2.475	0
-4.925	2.525	0
-4.925	2.575	0
-4.925	2.625	0
-4.875	-1.975	0
-4.875	-1.925	0
-4.875	-1.875	0
-4.875	-1.825	0
-4.875	-1.775	0
-4.875	-1.725	0
-4.875	-1.675	0
-4.875	-1.625	0
-4.875	-1.575	0
-4.875	-1.525	0
-4.875	-1.475	0
-4.875	-1.425	0
-4.875	-1.375	0
-4.875	-1.325	0
-4.875	-1.275	0
-4.875	-1.225	0
-4.875	-1.175	0
-4.875	-1.125	0
-4.875	-1.075	0
-4.875	-1.025	0
-4.875	-0.975	0
-4.875	-0.925	0
-4.875	-0.875	0
-4.875	-0.825	0
-4.875	-0.775	0
-4.875	-0.725	0
-4.875	-0.675	0
-4.875	-0.625	0
-4.875	-0.575	0
-4.875	-0.525	0
-4.875	-0.475	0
-4.875	-0.425	0
-4.875	-0.375	0
-4.875	-0.325	0
-4.875	-0.275	0
-4.875	-0.225	0
-4.875	-0.175	0
-4.875	-0.125	0
-4.875	-0.0749999999999999	0
-4.875	-0.0249999999999999	0
-4.875	0.0250000000000001	0
-4.875	0.0750000000000001	0
-4.875	0.125	0
-4.875	0.175	0
-4.875	0.225	0
-4.875	0.275	0
-4.875	0.325	0
-4.875	0.375	0
-4.875	0.425	0
-4.875	0.475	0
-4.875	0.525	0
-4.875	0.575	0
-4.875	0.625	0
-4.875	0.675	0
-4.875	0.725	0
-4.875	0.775	0
-4.875	0.825	0
-4.875	0.875	0
-4.875	0.925	0
-4.875	0.975	0
-4.875	1.025	0
-4.875	1.075	0
-4.875	1.125	0
-4.875	1.175	0
-4.875	1.225	0
-4.875	1.275	0
-4.875	1.325	0
-4.875	1.375	0
-4.875	1.425	0
-4.875	1.475	0
-4.875	1.525	0
-4.875	1.575	0
-4.875	1.625	0
-4.875	1.675	0
-4.875	1.725	0
-4.875	1.775	0
-4.875	1.825	0
-4.875	1.875	0
-4.875	1.925	0
-4.875	1.975	0
-4.875	2.025	0
-4.875	2.075	0
-4.875	2.125	0
-4.875	2.175	0
-4.875	2.225	0
-4.875	2.275	0
-4.875	2.325	0
-4.875	2.375	0
-4.875	2.425	0
-4.875	2.475	0
-4.875	2.525	0
-4.875	2.575	0
-4.875	2.625	0
-4.825	-1.975	0
-4.825	-1.925	0
-4.825	-1.875	0
-4.825	-1.825	0
-4.825	-1.775	0
-4.825	-1.725	0
-4.825	-1.675	0
-4.825	-1.625	0
-4.825	-1.575	0
-4.825	-1.525	0
-4.825	-1.475	0
-4.825	-1.425	0
-4.825	-1.375	0
-4.825	-1.325	0
-4.825	-1.275	0
-4.825	-1.225	0
-4.825	-1.175	0
-4.825	-1.125	0
-4.825	-1.075	0
-4.825	-1.025	0
-4.825	-0.975	0
-4.825	-0.925	0
-4.825	-0.875	0
-4.825	-0.825	0
-4.825	-0.775	0
-4.825	-0.725	0
-4.825	-0.675	0
-4.825	-0.625	0
-4.825	-0.575	0
-4.825	-0.525	0
-4.825	-0.475	0
-4.825	-0.425	0
-4.825	-0.375	0
-4.825	-0.325	0
-4.825	-0.275	0
-4.825	-0.225	0
-4.825	-0.175	0
-4.825	-0.125	0
-4.825	-0.0749999999999999	0
-4.825	-0.0249999999999999	0
-4.825	0.0250000000000001	0
-4.825	0.0750000000000001	0
-4.825	0.125	0
-4.825	0.175	0
-4.825	0.225	0
-4.825	0.275	0
-4.825	0.325	0
-4.825	0.375	0
-4.825	0.425	0
-4.825	0.475	0
-4.825	0.525	0
-4.825	0.575	0
-4.825	0.625	0
-4.825	0.675	0
-4.825	0.725	0
-4.825	0.775	0
-4.825	0.825	0
-4.825	0.875	0
-4.825	0.925	0
-4.825	0.975	0
-4.825	1.025	0
-4.825	1.075	0
-4.825	1.125	0
-4.825	1.175	0
-4.825	1.225	0
-4.825	1.275	0
-4.825	1.325	0
-4.825	1.375	0
-4.825	1.425	0
-4.825	1.475	0
-4.825	1.525	0
-4.825	1.575	0
-4.825	1.625	0
-4.825	1.675	0
-4.825	1.725	0
-4.825	1.775	0
-4.825	1.825	0
-4.825	1.875	0
-4.825	1.925	0
-4.825	1.975	0
-4.825	2.025	0
-4.825	2.075	0
-4.825	2.125	0
-4.825	2.175	0
-4.825	2.225	0
-4.825	2.275	0
-4.825	2.325	0
-4.825	2.375	0
-4.825	2.425	0
-4.825	2.475	0
-4.825	2.525	0
-4.825	2.575	0
-4.825	2.625	0
-4.775	-1.975	0
-4.775	-1.925	0
-4.775	-1.875	0
-4.775	-1.825	0
-4.775	-1.775	0
-4.775	-1.725	0
-4.775	-1.675	0
-4.775	-1.625	0
-4.775	-1.575	0
-4.775	-1.525	0
-4.775	-1.475	0
-4.775	-1.425	0
-4.775	-1.375	0
-4.775	-1.325	0
-4.775	-1.275	0
-4.775	-1.225	0
-4.775	-1.175	0
-4.775	-1.125	0
-4.775	-1.075	0
-4.775	-1.025	0
-4.775	-0.975	0
-4.775	-0.925	0
-4.775	-0.875	0
-4.775	-0.825	0
-4.775	-0.775	0
-4.775	-0.725	0
-4.775	-0.675	0
-4.775	-0.625	0
-4.775	-0.575	0
-4.775	-0.525	0
-4.775	-0.475	0
-4.775	-0.425	0
-4.775	-0.375	0
-4.775	-0.325	0
-4.775	-0.275	0
-4.775	-0.225	0
-4.775	-0.175	0
-4.775	-0.125	0
-4.775	-0.0749999999999999	0
-4.775	-0.0249999999999999	0
-4.775	0.0250000000000001	0
-4.775	0.0750000000000001	0
-4.775	0.125	0
-4.775	0.175	0
-4.775	0.225	0
-4.775	0.275	0
-4.775	0.325	0
-4.775	0.375	0
-4.775	0.425	0
-4.775	0.475	0
-4.775	0.525	0
-4.775	0.575	0
-4.775	0.625	0
-4.775	0.675	0
-4.775	0.725	0
-4.775	0.775	0
-4.775	0.825	0
-4.775	0.875	0
-4.775	0.925	0
-4.775	0.975	0
-4.775	1.025	0
-4.775	1.075	0
-4.775	1.125	0
-4.775	1.175	0
-4.775	1.225	0
-4.775	1.275	0
-4.775	1.325	0
-4.775	1.375	0
-4.775	1.425	0
-4.775	1.475	0
-4.775	1.525	0
-4.775	1.575	0
-4.775	1.625	0
-4.775	1.675	0
-4.775	1.725	0
-4.775	1.775	0
-4.775	1.825	0
-4.775	1.875	0
-4.775	1.925	0
-4.775	1.975	0
-4.775	2.025	0
-4.775	2.075	0
-4.775	2.125	0
-4.775	2.175	0
-4.775	2.225	0
-4.775	2.275	0
-4.775	2.325	0
-4.775	2.375	0
-4.775	2.425	0
-4.775	2.475	0
-4.775	2.525	0
-4.775	2.575	0
-4.775	2.625	0
-4.725	-1.975	0
-4.725	-1.925	0
-4.725	-1.875	0
-4.725	-1.825	0
-4.725	-1.775	0
-4.725	-1.725	0
-4.725	-1.675	0
-4.725	-1.625	0
-4.725	-1.575	0
-4.725	-1.525	0
-4.725	-1.475	0
-4.725	-1.425	0
-4.725	-1.375	0
-4.725	-1.325	0
-4.725	-1.275	0
-4.725	-1.225	0
-4.725	-1.175	0
-4.725	-1.125	0
-4.725	-1.075	0
-4.725	-1.025	0
-4.725	-0.975	0
-4.725	-0.925	0
-4.725	-0.875	0
-4.725	-0.825	0
-4.725	-0.775	0
-4.725	-0.725	0
-4.725	-0.675	0
-4.725	-0.625	0
-4.725	-0.575	0
-4.725	-0.525	0
-4.725	-0.475	0
-4.725	-0.425	0
-4.725	-0.375	0
-4.725	-0.325	0
-4.725	-0.275	0
-4.725	-0.225	0
-4.725	-0.175	0
-4.725	-0.125	0
-4.725	-0.0749999999999999	0
-4.725	-0.0249999999999999	0
-4.725	0.0250000000000001	0
-4.725	0.0750000000000001	0
-4.725	0.125	0
-4.725	0.175	0
-4.725	0.225	0
-4.725	0.275	0
-4.725	0.325	0
-4.725	0.375	0
-4.725	0.425	0
-4.725	0.475	0
-4.725	0.525	0
-4.725	0.575	0
-4.725	0.625	0
-4.725	0.675	0
-4.725	0.725	0
-4.725	0.775	0
-4.725	0.825	0
-4.725	0.875	0
-4.725	0.925	0
-4.725	0.975	0
-4.725	1.025	0
-4.725	1.075	0
-4.725	1.125	0
-4.725	1.175	0
-4.725	1.225	0
-4.725	1.275	0
-4.725	1.325	0
-4.725	1.375	0
-4.725	1.425	0
-4.725	1.475	0
-4.725	1.525	0
-4.725	1.575	0
-4.725	1.625	0
-4.725	1.675	0
-4.725	1.725	0
-4.725	1.775	0
-4.725	1.825	0
-4.725	1.875	0
-4.725	1.925	0
-4.725	1.975	0
-4.725	2.025	0
-4.725	2.075	0
-4.725	2.125	0
-4.725	2.175	0
-4.725	2.225	0
-4.725	2.275	0
-4.725	2.325	0
-4.725	2.375	0
-4.725	2.425	0
-4.725	2.475	0
-4.725	2.525	0
-4.725	2.575	0
-4.725	2.625	0
-4.675	-1.975	0
-4.675	-1.925	0
-4.675	-1.875	0
-4.675	-1.825	0
-4.675	-1.775	0
-4.675	-1.725	0
-4.675	-1.675	0
-4.675	-1.625	0
-4.675	-1.575	0
-4.675	-1.525	0
-4.675	-1.475	0
-4.675	-1.425	0
-4.675	-1.375	0
-4.675	-1.325	0
-4.675	-1.275	0
-4.675	-1.225	0
-4.675	-1.175	0
-4.675	-1.125	0
-4.675	-1.075	0
-4.675	-1.025	0
-4.675	-0.975	0
-4.675	-0.925	0
-4.675	-0.875	0
-4.675	-0.825	0
-4.675	-0.775	0
-4.675	-0.725	0
-4.675	-0.675	0
-4.675	-0.625	0
-4.675	-0.575	0
-4.675	-0.525	0
-4.675	-0.475	0
-4.675	-0.425	0
-4.675	-0.375	0
-4.675	-0.325	0
-4.675	-0.275	0
-4.675	-0.225	0
-4.675	-0.175	0
-4.675	-0.125	0
-4.675	-0.0749999999999999	0
-4.675	-0.0249999999999999	0
-4.675	0.0250000000000001	0
-4.675	0.0750000000000001	0
-4.675	0.125	0
-4.675	0.175	0
-4.675	0.225	0
-4.675	0.275	0
-4.675	0.325	0
-4.675	0.375	0
-4.675	0.425	0
-4.675	0.475	0
-4.675	0.525	0
-4.675	0.575	0
-4.675	0.625	0
-4.675	0.675	0
-4.675	0.725	0
-4.675	0.775	0
-4.675	0.825	0
-4.675	0.875	0
-4.675	0.925	0
-4.675	0.975	0
-4.675	1.025	0
-4.675	1.075	0
-4.675	1.125	0
-4.675	1.175	0
-4.675	1.225	0
-4.675	1.275	0
-4.675	1.325	0
-4.675	1.375	0
-4.675	1.425	0
-4.675	1.475	0
-4.675	1.525	0
-4.675	1.575	0
-4.675	1.625	0
-4.675	1.675	0
-4.675	1.725	0
-4.675	1.775	0
-4.675	1.825	0
-4.675	1.875	0
-4.675	1.925	0
-4.675	1.975	0
-4.675	2.025	0
-4.675	2.075	0
-4.675	2.125	0
-4.675	2.175	0
-4.675	2.225	0
-4.675	2.275	0
-4.675	2.325	0
-4.675	2.375	0
-4.675	2.425	0
-4.675	2.475	0
-4.675	2.525	0
-4.675	2.575	0
-4.675	2.625	0
-4.625	-1.975	0
-4.625	-1.925	0
-4.625	-1.875	0
-4.625	-1.825	0
-4.625	-1.775	0
-4.625	-1.725	0
-4.625	-1.675	0
-4.625	-1.625	0
-4.625	-1.575	0
-4.625	-1.525	0
-4.625	-1.475	0
-4.625	-1.425	0
-4.625	-1.375	0
-4.625	-1.325	0
-4.625	-1.275	0
-4.625	-1.225	0
-4.625	-1.175	0
-4.625	-1.125	0
-4.625	-1.075	0
-4.625	-1.025	0
-4.625	-0.975	0
-4.625	-0.925	0
-4.625	-0.875	0
-4.625	-0.825	0
-4.625	-0.775	0
-4.625	-0.725	0
-4.625	-0.675	0
-4.625	-0.625	0
-4.625	-0.575	0
-4.625	-0.525	0
-4.625	-0.475	0
-4.625	-0.425	0
-4.625	-0.375	0
-4.625	-0.325	0
-4.625	-0.275	0
-4.625	-0.225	0
-4.625	-0.175	0
-4.625	-0.125	0
-4.625	-0.0749999999999999	0
-4.625	-0.0249999999999999	0
-4.625	0.0250000000000001	0
-4.625	0.0750000000000001	0
-4.625	0.125	0
-4.625	0.175	0
-4.625	0.225	0
-4.625	0.275	0
-4.625	0.325	0
-4.625	0.375	0
-4.625	0.425	0
-4.625	0.475	0
-4.625	0.525	0
-4.625	0.575	0
-4.625	0.625	0
-4.625	0.675	0
-4.625	0.725	0
-4.625	0.775	0
-4.625	0.825	0
-4.625	0.875	0
-4.625	0.925	0
-4.625	0.975	0
-4.625	1.025	0
-4.625	1.075	0
-4.625	1.125	0
-4.625	1.175	0
-4.625	1.225	0
-4.625	1.275	0
-4.625	1.325	0
-4.625	1.375	0
-4.625	1.425	0
-4.625	1.475	0
-4.625	1.525	0
-4.625	1.575	0
-4.625	1.625	0
-4.625	1.675	0
-4.625	1.725	0
-4.625	1.775	0
-4.625	1.825	0
-4.625	1.875	0
-4.625	1.925	0
-4.625	1.975	0
-4.625	2.025	0
-4.625	2.075	0
-4.625	2.125	0
-4.625	2.175	0
-4.625	2.225	0
-4.625	2.275	0
-4.625	2.325	0
-4.625	2.375	0
-4.625	2.425	0
-4.625	2.475	0
-4.625	2.525	0
-4.625	2.575	0
-4.625	2.625	0
-4.575	-1.975	0
-4.575	-1.925	0
-4.575	-1.875	0
-4.575	-1.825	0
-4.575	-1.775	0
-4.575	-1.725	0
-4.575	-1.675	0
-4.575	-1.625	0
-4.575	-1.575	0
-4.575	-1.525	0
-4.575	-1.475	0
-4.575	-1.425	0
-4.575	-1.375	0
-4.575	-1.325	0
-4.575	-1.275	0
-4.575	-1.225	0
-4.575	-1.175	0
-4.575	-1.125	0
-4.575	-1.075	0
-4.575	-1.025	0
-4.575	-0.975	0
-4.575	-0.925	0
-4.575	-0.875	0
-4.575	-0.825	0
-4.575	-0.775	0
-4.575	-0.725	0
-4.575	-0.675	0
-4.575	-0.625	0
-4.575	-0.575	0
-4.575	-0.525	0
-4.575	-0.475	0
-4.575	-0.425	0
-4.575	-0.375	0
-4.575	-0.325	0
-4.575	-0.275	0
-4.575	-0.225	0
-4.575	-0.175	0
-4.575	-0.125	0
-4.575	-0.0749999999999999	0
-4.575	-0.0249999999999999	0
-4.575	0.0250000000000001	0
-4.575	0.0750000000000001	0
-4.575	0.125	0
-4.575	0.175	0
-4.575	0.225	0
-4.575	0.275	0
-4.575	0.325	0
-4.575	0.375	0
-4.575	0.425	0
-4.575	0.475	0
-4.575	0.525	0
-4.575	0.575	0
-4.575	0.625	0
-4.575	0.675	0
-4.575	0.725	0
-4.575	0.775	0
-4.575	0.825	0
-4.575	0.875	0
-4.575	0.925	0
-4.575	0.975	0
-4.575	1.025	0
-4.575	1.075	0
-4.575	1.125	0
-4.575	1.175	0
-4.575	1.225	0
-4.575	1.275	0
-4.575	1.325	0
-4.575	1.375	0
-4.575	1.425	0
-4.575	1.475	0
-4.575	1.525	0
-4.575	1.575	0
-4.575	1.625	0
-4.575	1.675	0
-4.575	1.725	0
-4.575	1.775	0
-4.575	1.825	0
-4.575	1.875	0
-4.575	1.925	0
-4.575	1.975	0
-4.575	2.025	0
-4.575	2.075	0
-4.575	2.125	0
-4.575	2.175	0
-4.575	2.225	0
-4.575	2.275	0
-4.575	2.325	0
-4.575	2.375	0
-4.575	2.425	0
-4.575	2.475	0
-4.575	2.525	0
-4.575	2.575	0
-4.575	2.625	0
-4.525	-1.975	0
-4.525	-1.925	0
-4.525	-1.875	0
-4.525	-1.825	0
-4.525	-1.775	0
-4.525	-1.725	0
-4.525	-1.675	0
-4.525	-1.625	0
-4.525	-1.575	0
-4.525	-1.525	0
-4.525	-1.475	0
-4.525	-1.425	0
-4.525	-1.375	0
-4.525	-1.325	0
-4.525	-1.275	0
-4.525	-1.225	0
-4.525	-1.175	0
-4.525	-1.125	0
-4.525	-1.075	0
-4.525	-1.025	0
-4.525	-0.975	0
-4.525	-0.925	0
-4.525	-0.875	0
-4.525	-0.825	0
-4.525	-0.775	0
-4.525	-0.725	0
-4.525	-0.675	0
-4.525	-0.625	0
-4.525	-0.575	0
-4.525	-0.525	0
-4.525	-0.475	0
-4.525	-0.425	0
-4.525	-0.375	0
-4.525	-0.325	0
-4.525	-0.275	0
-4.525	-0.225	0
-4.525	-0.175	0
-4.525	-0.125	0
-4.525	-0.0749999999999999	0
-4.525	-0.0249999999999999	0
-4.525	0.0250000000000001	0
-4.525	0.0750000000000001	0
-4.525	0.125	0
-4.525	0.175	0
-4.525	0.225	0
-4.525	0.275	0
-4.525	0.325	0
-4.525	0.375	0
-4.525	0.425	0
-4.525	0.475	0
-4.525	0.525	0
-4.525	0.575	0
-4.525	0.625	0
-4.525	0.675	0
-4.525	0.725	0
-4.525	0.775	0
-4.525	0.825	0
-4.525	0.875	0
-4.525	0.925	0
-4.525	0.975	0
-4.525	1.025	0
-4.525	1.075	0
-4.525	1.125	0
-4.525	1.175	0
-4.525	1.225	0
-4.525	1.275	0
-4.525	1.325	0
-4.525	1.375	0
-4.525	1.425	0
-4.525	1.475	0
-4.525	1.525	0
-4.525	1.575	0
-4.525	1.625	0
-4.525	1.675	0
-4.525	1.725	0
-4.525	1.775	0
-4.525	1.825	0
-4.525	1.875	0
-4.525	1.925	0
-4.525	1.975	0
-4.525	2.025	0
-4.525	2.075	0
-4.525	2.125	0
-4.525	2.175	0
-4.525	2.225	0
-4.525	2.275	0
-4.525	2.325	0
-4.525	2.375	0
-4.525	2.425	0
-4.525	2.475	0
-4.525	2.525	0
-4.525	2.575	0
-4.525	2.625	0
-4.475	-1.975	0
-4.475	-1.925	0
-4.475	-1.875	0
-4.475	-1.825	0
-4.475	-1.775	0
-4.475	-1.725	0
-4.475	-1.675	0
-4.475	-1.625	0
-4.475	-1.575	0
-4.475	-1.525	0
-4.475	-1.475	0
-4.475	-1.425	0
-4.475	-1.375	0
-4.475	-1.325	0
-4.475	-1.275	0
-4.475	-1.225	0
-4.475	-1.175	0
-4.475	-1.125	0
-4.475	-1.075	0
-4.475	-1.025	0
-4.475	-0.975	0
-4.475	-0.925	0
-4.475	-0.875	0
-4.475	-0.825	0
-4.475	-0.775	0
-4.475	-0.725	0
-4.475	-0.675	0
-4.475	-0.625	0
-4.475	-0.575	0
-4.475	-0.525	0
-4.475	-0.475	0
-4.475	-0.425	0
-4.475	-0.375	0
-4.475	-0.325	0
-4.475	-0.275	0
-4.475	-0.225	0
-4.475	-0.175	0
-4.475	-0.125	0
-4.475	-0.0749999999999999	0
-4.475	-0.0249999999999999	0
-4.475	0.0250000000000001	0
-4.475	0.0750000000000001	0
-4.475	0.125	0
-4.475	0.175	0
-4.475	0.225	0
-4.475	0.275	0
-4.475	0.325	0
-4.475	0.375	0
-4.475	0.425	0
-4.475	0.475	0
-4.475	0.525	0
-4.475	0.575	0
-4.475	0.625	0
-4.475	0.675	0
-4.475	0.725	0
-4.475	0.775	0
-4.475	0.825	0
-4.475	0.875	0
-4.475	0.925	0
-4.475	0.975	0
-4.475	1.025	0
-4.475	1.075	0
-4.475	1.125	0
-4.475	1.175	0
-4.475	1.225	0
-4.475	1.275	0
-4.475	1.325	0
-4.475	1.375	0
-4.475	1.425	0
-4.475	1.475	0
-4.475	1.525	0
-4.475	1.575	0
-4.475	1.625	0
-4.475	1.675	0
-4.475	1.725	0
-4.475	1.775	0
-4.475	1.825	0
-4.475	1.875	0
-4.475	1.925	0
-4.475	1.975	0
-4.475	2.025	0
-4.475	2.075	0
-4.475	2.125	0
-4.475	2.175	0
-4.475	2.225	0
-4.475	2.275	0
-4.475	2.325	0
-4.475	2.375	0
-4.475	2.425	0
-4.475	2.475	0
-4.475	2.525	0
-4.475	2.575	0
-4.475	2.625	0
-4.425	-1.975	0
-4.425	-1.925	0
-4.425	-1.875	0
-4.425	-1.825	0
-4.425	-1.775	0
-4.425	-1.725	0
-4.425	-1.675	0
-4.425	-1.625	0
-4.425	-1.575	0
-4.425	-1.525	0
-4.425	-1.475	0
-4.425	-1.425	0
-4.425	-1.375	0
-4.425	-1.325	0
-4.425	-1.275	0
-4.425	-1.225	0
-4.425	-1.175	0
-4.425	-1.125	0
-4.425	-1.075	0
-4.425	-1.025	0
-4.425	-0.975	0
-4.425	-0.925	0
-4.425	-0.875	0
-4.425	-0.825	0
-4.425	-0.775	0
-4.425	-0.725	0
-4.425	-0.675	0
-4.425	-0.625	0
-4.425	-0.575	0
-4.425	-0.525	0
-4.425	-0.475	0
-4.425	-0.425	0
-4.425	-0.375	0
-4.425	-0.325	0
-4.425	-0.275	0
-4.425	-0.225	0
-4.425	-0.175	0
-4.425	-0.125	0
-4.425	-0.0749999999999999	0
-4.425	-0.0249999999999999	0
-4.425	0.0250000000000001	0
-4.425	0.0750000000000001	0
-4.425	0.125	0
-4.425	0.175	0
-4.425	0.225	0
-4.425	0.275	0
-4.425	0.325	0
-4.425	0.375	0
-4.425	0.425	0
-4.425	0.475	0
-4.425	0.525	0
-4.425	0.575	0
-4.425	0.625	0
-4.425	0.675	0
-4.425	0.725	0
-4.425	0.775	0
-4.425	0.825	0
-4.425	0.875	0
-4.425	0.925	0
-4.425	0.975	0
-4.425	1.025	0
-4.425	1.075	0
-4.425	1.125	0
-4.425	1.175	0
-4.425	1.225	0
-4.425	1.275	0
-4.425	1.325	0
-4.425	1.375	0
-4.425	1.425	0
-4.425	1.475	0
-4.425	1.525	0
-4.425	1.575	0
-4.425	1.625	0
-4.425	1.675	0
-4.425	1.725	0
-4.425	1.775	0
-4.425	1.825	0
-4.425	1.875	0
-4.425	1.925	0
-4.425	1.975	0
-4.425	2.025	0
-4.425	2.075	0
-4.425	2.125	0
-4.425	2.175	0
-4.425	2.225	0
-4.425	2.275	0
-4.425	2.325	0
-4.425	2.375	0
-4.425	2.425	0
-4.425	2.475	0
-4.425	2.525	0
-4.425	2.575	0
-4.425	2.625	0
-4.375	-1.975	0
-4.375	-1.925	0
-4.375	-1.875	0
-4.375	-1.825	0
-4.375	-1.775	0
-4.375	-1.725	0
-4.375	-1.675	0
-4.375	-1.625	0
-4.375	-1.575	0
-4.375	-1.525	0
-4.375	-1.475	0
-4.375	-1.425	0
-4.375	-1.375	0
-4.375	-1.325	0
-4.375	-1.275	0
-4.375	-1.225	0
-4.375	-1.175	0
-4.375	-1.125	0
-4.375	-1.075	0
-4.375	-1.025	0
-4.375	-0.975	0
-4.375	-0.925	0
-4.375	-0.875	0
-4.375	-0.825	0
-4.375	-0.775	0
-4.375	-0.725	0
-4.375	-0.675	0
-4.375	-0.625	0
-4.375	-0.575	0
-4.375	-0.525	0
-4.375	-0.475	0
-4.375	-0.425	0
-4.375	-0.375	0
-4.375	-0.325	0
-4.375	-0.275	0
-4.375	-0.225	0
-4.375	-0.175	0
-4.375	-0.125	0
-4.375	-0.0749999999999999	0
-4.375	-0.0249999999999999	0
-4.375	0.0250000000000001	0
-4.375	0.0750000000000001	0
-4.375	0.125	0
-4.375	0.175	0
-4.375	0.225	0
-4.375	0.275	0
-4.375	0.325	0
-4.375	0.375	0
-4.375	0.425	0
-4.375	0.475	0
-4.375	0.525	0
-4.375	0.575	0
-4.375	0.625	0
-4.375	0.675	0
-4.375	0.725	0
-4.375	0.775	0
-4.375	0.825	0
-4.375	0.875	0
-4.375	0.925	0
-4.375	0.975	0
-4.375	1.025	0
-4.375	1.075	0
-4.375	1.125	0
-4.375	1.175	0
-4.375	1.225	0
-4.375	1.275	0
-4.375	1.325	0
-4.375	1.375	0
-4.375	1.425	0
-4.375	1.475	0
-4.375	1.525	0
-4.375	1.575	0
-4.375	1.625	0
-4.375	1.675	0
-4.375	1.725	0
-4.375	1.775	0
-4.375	1.825	0
-4.375	1.875	0
-4.375	1.925	0
-4.375	1.975	0
-4.375	2.025	0
-4.375	2.075	0
-4.375	2.125	0
-4.375	2.175	0
-4.375	2.225	0
-4.375	2.275	0
-4.375	2.325	0
-4.375	2.375	0
-4.375	2.425	0
-4.375	2.475	0
-4.375	2.525	0
-4.375	2.575	0
-4.375	2.625	0
-4.325	-1.975	0
-4.325	-1.925	0
-4.325	-1.875	0
-4.325	-1.825	0
-4.325	-1.775	0
-4.325	-1.725	0
-4.325	-1.675	0
-4.325	-1.625	0
-4.325	-1.575	0
-4.325	-1.525	0
-4.325	-1.475	0
-4.325	-1.425	0
-4.325	-1.375	0
-4.325	-1.325	0
-4.325	-1.275	0
-4.325	-1.225	0
-4.325	-1.175	0
-4.325	-1.125	0
-4.325	-1.075	0
-4.325	-1.025	0
-4.325	-0.975	0
-4.325	-0.925	0
-4.325	-0.875	0
-4.325	-0.825	0
-4.325	-0.775	0
-4.325	-0.725	0
-4.325	-0.675	0
-4.325	-0.625	0
-4.325	-0.575	0
-4.325	-0.525	0
-4.325	-0.475	0
-4.325	-0.425	0
-4.325	-0.375	0
-4.325	-0.325	0
-4.325	-0.275	0
-4.325	-0.225	0
-4.325	-0.175	0
-4.325	-0.125	0
-4.325	-0.0749999999999999	0
-4.325	-0.0249999999999999	0
-4.325	0.0250000000000001	0
-4.325	0.0750000000000001	0
-4.325	0.125	0
-4.325	0.175	0
-4.325	0.225	0
-4.325	0.275	0
-4.325	0.325	0
-4.325	0.375	0
-4.325	0.425	0
-4.325	0.475	0
-4.325	0.525	0
-4.325	0.575	0
-4.325	0.625	0
-4.325	0.675	0
-4.325	0.725	0
-4.325	0.775	0
-4.325	0.825	0
-4.325	0.875	0
-4.325	0.925	0
-4.325	0.975	0
-4.325	1.025	0
-4.325	1.075	0
-4.325	1.125	0
-4.325	1.175	0
-4.325	1.225	0
-4.325	1.275	0
-4.325	1.325	0
-4.325	1.375	0
-4.325	1.425	0
-4.325	1.475	10851626.1017298
-4.325	1.525	0
-4.325	1.575	0
-4.325	1.625	0
-4.325	1.675	0
-4.325	1.725	0
-4.325	1.775	0
-4.325	1.825	0
-4.325	1.875	0
-4.325	1.925	0
-4.325	1.975	0
-4.325	2.025	0
-4.325	2.075	0
-4.325	2.125	0
-4.325	2.175	10851626.1017298
-4.325	2.225	0
-4.325	2.275	0
-4.325	2.325	0
-4.325	2.375	0
-4.325	2.425	0
-4.325	2.475	0
-4.325	2.525	0
-4.325	2.575	0
-4.325	2.625	0
-4.275	-1.975	0
-4.275	-1.925	0
-4.275	-1.875	0
-4.275	-1.825	0
-4.275	-1.775	0
-4.275	-1.725	0
-4.275	-1.675	0
-4.275	-1.625	0
-4.275	-1.575	0
-4.275	-1.525	0
-4.275	-1.475	0
-4.275	-1.425	0
-4.275	-1.375	0
-4.275	-1.325	0
-4.275	-1.275	0
-4.275	-1.225	0
-4.275	-1.175	0
-4.275	-1.125	0
-4.275	-1.075	0
-4.275	-1.025	0
-4.275	-0.975	0
-4.275	-0.925	0
-4.275	-0.875	0
-4.275	-0.825	0
-4.275	-0.775	0
-4.275	-0.725	0
-4.275	-0.675	0
-4.275	-0.625	0
-4.275	-0.575	0
-4.275	-0.525	0
-4.275	-0.475	0
-4.275	-0.425	0
-4.275	-0.375	0
-4.275	-0.325	0
-4.275	-0.275	0
-4.275	-0.225	0
-4.275	-0.175	0
-4.275	-0.125	0
-4.275	-0.0749999999999999	0
-4.275	-0.0249999999999999	0
-4.275	0.0250000000000001	0
-4.275	0.0750000000000001	0
-4.275	0.125	0
-4.275	0.175	0
-4.275	0.225	0
-4.275	0.275	0
-4.275	0.325	0
-4.275	0.375	0
-4.275	0.425	0
-4.275	0.475	0
-4.275	0.525	0
-4.275	0.575	0
-4.275	0.625	0
-4.275	0.675	0
-4.275	0.725	0
-4.275	0.775	0
-4.275	0.825	0
-4.275	0.875	0
-4.275	0.925	0
-4.275	0.975	0
-4.275	1.025	0
-4.275	1.075	0
-4.275	1.125	0
-4.275	1.175	0
-4.275	1.225	0
-4.275	1.275	0
-4.275	1.325	0
-4.275	1.375	0
-4.275	1.425	0
-4.275	1.475	0
-4.275	1.525	0
-4.275	1.575	0
-4.275	1.625	0
-4.275	1.675	0
-4.275	1.725	0
-4.275	1.775	0
-4.275	1.825	0
-4.275	1.875	0
-4.275	1.925	0
-4.275	1.975	0
-4.275	2.025	0
-4.275	2.075	0
-4.275	2.125	10851626.1017298
-4.275	2.175	0
-4.275	2.225	0
-4.275	2.275	0
-4.275	2.325	0
-4.275	2.375	0
-4.275	2.425	0
-4.275	2.475	0
-4.275	2.525	0
-4.275	2.575	0
-4.275	2.625	0
-4.225	-1.975	0
-4.225	-1.925	0
-4.225	-1.875	0
-4.225	-1.825	0
-4.225	-1.775	0
-4.225	-1.725	0
-4.225	-1.675	0
-4.225	-1.625	0
-4.225	-1.575	0
-4.225	-1.525	0
-4.225	-1.475	0
-4.225	-1.425	0
-4.225	-1.375	0
-4.225	-1.325	0
-4.225	-1.275	0
-4.225	-1.225	0
-4.225	-1.175	0
-4.225	-1.125	0
-4.225	-1.075	0
-4.225	-1.025	0
-4.225	-0.975	0
-4.225	-0.925	0
-4.225	-0.875	0
-4.225	-0.825	0
-4.225	-0.775	0
-4.225	-0.725	0
-4.225	-0.675	0
-4.225	-0.625	0
-4.225	-0.575	0
-4.225	-0.525	0
-4.225	-0.475	0
-4.225	-0.425	0
-4.225	-0.375	0
-4.225	-0.325	0
-4.225	-0.275	0
-4.225	-0.225	0
-4.225	-0.175	0
-4.225	-0.125	0
-4.225	-0.0749999999999999	0
-4.225	-0.0249999999999999	0
-4.225	0.0250000000000001	0
-4.225	0.0750000000000001	0
-4.225	0.125	0
-4.225	0.175	0
-4.225	0.225	0
-4.225	0.275	0
-4.225	0.325	0
-4.225	0.375	0
-4.225	0.425	0
-4.225	0.475	0
-4.225	0.525	0
-4.225	0.575	0
-4.225	0.625	0
-4.225	0.675	0
-4.225	0.725	0
-4.225	0.775	0
-4.225	0.825	0
-4.225	0.875	0
-4.225	0.925	0
-4.225	0.975	0
-4.225	1.025	0
-4.225	1.075	0
-4.225	1.125	0
-4.225	1.175	0
-4.225	1.225	0
-4.225	1.275	0
-4.225	1.325	0
-4.225	1.375	0
-4.225	1.425	0
-4.225	1.475	0
-4.225	1.525	0
-4.225	1.575	0
-4.225	1.625	0
-4.225	1.675	0
-4.225	1.725	0
-4.225	1.775	0
-4.225	1.825	0
-4.225	1.875	0
-4.225	1.925	0
-4.225	1.975	0
-4.225	2.025	0
-4.225	2.075	0
-4.225	2.125	0
-4.225	2.175	0
-4.225	2.225	0
-4.225	2.275	0
-4.225	2.325	0
-4.225	2.375	0
-4.225	2.425	0
-4.225	2.475	0
-4.225	2.525	0
-4.225	2.575	0
-4.225	2.625	0
-4.175	-1.975	0
-4.175	-1.925	0
-4.175	-1.875	0
-4.175	-1.825	0
-4.175	-1.775	0
-4.175	-1.725	0
-4.175	-1.675	0
-4.175	-1.625	0
-4.175	-1.575	0
-4.175	-1.525	0
-4.175	-1.475	0
-4.175	-1.425	0
-4.175	-1.375	0
-4.175	-1.325	0
-4.175	-1.275	0
-4.175	-1.225	0
-4.175	-1.175	0
-4.175	-1.125	0
-4.175	-1.075	0
-4.175	-1.025	0
-4.175	-0.975	0
-4.175	-0.925	0
-4.175	-0.875	0
-4.175	-0.825	0
-4.175	-0.775	0
-4.175	-0.725	0
-4.175	-0.675	0
-4.175	-0.625	0
-4.175	-0.575	0
-4.175	-0.525	0
-4.175	-0.475	0
-4.175	-0.425	0
-4.175	-0.375	0
-4.175	-0.325	0
-4.175	-0.275	0
-4.175	-0.225	0
-4.175	-0.175	0
-4.175	-0.125	0
-4.175	-0.0749999999999999	0
-4.175	-0.0249999999999999	0
-4.175	0.0250000000000001	0
-4.175	0.0750000000000001	0
-4.175	0.125	0
-4.175	0.175	0
-4.175	0.225	0
-4.175	0.275	0
-4.175	0.325	0
-4.175	0.375	0
-4.175	0.425	0
-4.175	0.475	0
-4.175	0.525	0
-4.175	0.575	0
-4.175	0.625	0
-4.175	0.675	0
-4.175	0.725	0
-4.175	0.775	0
-4.175	0.825	0
-4.175	0.875	0
-4.175	0.925	0
-4.175	0.975	0
-4.175	1.025	0
-4.175	1.075	0
-4.175	1.125	0
-4.175	1.175	0
-4.175	1.225	0
-4.175	1.275	0
-4.175	1.325	0
-4.175	1.375	0
-4.175	1.425	0
-4.175	1.475	0
-4.175	1.525	0
-4.175	1.575	10851626.1017298
-4.175	1.625	0
-4.175	1.675	0
-4.175	1.725	0
-4.175	1.775	0
-4.175	1.825	0
-4.175	1.875	0
-4.175	1.925	0
-4.175	1.975	0
-4.175	2.025	0
-4.175	2.075	0
-4.175	2.125	0
-4.175	2.175	0
-4.175	2.225	0
-4.175	2.275	0
-4.175	2.325	0
-4.175	2.375	0
-4.175	2.425	0
-4.175	2.475	0
-4.175	2.525	0
-4.175	2.575	0
-4.175	2.625	0
-4.125	-1.975	0
-4.125	-1.925	0
-4.125	-1.875	0
-4.125	-1.825	0
-4.125	-1.775	0
-4.125	-1.725	0
-4.125	-1.675	0
-4.125	-1.625	0
-4.125	-1.575	0
-4.125	-1.525	0
-4.125	-1.475	0
-4.125	-1.425	0
-4.125	-1.375	0
-4.125	-1.325	0
-4.125	-1.275	0
-4.125	-1.225	0
-4.125	-1.175	0
-4.125	-1.125	0
-4.125	-1.075	0
-4.125	-1.025	0
-4.125	-0.975	0
-4.125	-0.925	0
-4.125	-0.875	0
-4.125	-0.825	0
-4.125	-0.775	0
-4.125	-0.725	0
-4.125	-0.675	0
-4.125	-0.625	0
-4.125	-0.575	0
-4.125	-0.525	0
-4.125	-0.475	0
-4.125	-0.425	0
-4.125	-0.375	0
-4.125	-0.325	0
-4.125	-0.275	0
-4.125	-0.225	0
-4.125	-0.175	0
-4.125	-0.125	0
-4.125	-0.0749999999999999	0
-4.125	-0.0249999999999999	0
-4.125	0.0250000000000001	0
-4.125	0.0750000000000001	0
-4.125	0.125	0
-4.125	0.175	0
-4.125	0.225	0
-4.125	0.275	0
-4.125	0.325	0
-4.125	0.375	0
-4.125	0.425	0
-4.125	0.475	0
-4.125	0.525	0
-4.125	0.575	0
-4.125	0.625	0
-4.125	0.675	0
-4.125	0.725	0
-4.125	0.775	0
-4.125	0.825	0
-4.125	0.875	0
-4.125	0.925	0
-4.125	0.975	0
-4.125	1.025	0
-4.125	1.075	0
-4.125	1.125	0
-4.125	1.175	0
-4.125	1.225	0
-4.125	1.275	0
-4.125	1.325	0
-4.125	1.375	0
-4.125	1.425	0
-4.125	1.475	0
-4.125	1.525	0
-4.125	1.575	0
-4.125	1.625	0
-4.125	1.675	0
-4.125	1.725	0
-4.125	1.775	0
-4.125	1.825	0
-4.125	1.875	0
-4.125	1.925	0
-4.125	1.975	0
-4.125	2.025	10851626.1017298
-4.125	2.075	0
-4.125	2.125	0
-4.125	2.175	0
-4.125	2.225	0
-4.125	2.275	0
-4.125	2.325	0
-4.125	2.375	0
-4.125	2.425	0
-4.125	2.475	0
-4.125	2.525	0
-4.125	2.575	0
-4.125	2.625	0
-4.075	-1.975	0
-4.075	-1.925	0
-4.075	-1.875	0
-4.075	-1.825	0
-4.075	-1.775	0
-4.075	-1.725	0
-4.075	-1.675	0
-4.075	-1.625	0
-4.075	-1.575	0
-4.075	-1.525	0
-4.075	-1.475	0
-4.075	-1.425	0
-4.075	-1.375	0
-4.075	-1.325	0
-4.075	-1.275	0
-4.075	-1.225	0
-4.075	-1.175	0
-4.075	-1.125	0
-4.075	-1.075	0
-4.075	-1.025	0
-4.075	-0.975	0
-4.075	-0.925	0
-4.075	-0.875	0
-4.075	-0.825	0
-4.075	-0.775	0
-4.075	-0.725	0
-4.075	-0.675	0
-4.075	-0.625	0
-4.075	-0.575	0
-4.075	-0.525	0
-4.075	-0.475	0
-4.075	-0.425	0
-4.075	-0.375	0
-4.075	-0.325	0
-4.075	-0.275	0
-4.075	-0.225	0
-4.075	-0.175	0
-4.075	-0.125	0
-4.075	-0.0749999999999999	0
-4.075	-0.0249999999999999	0
-4.075	0.0250000000000001	0
-4.075	0.0750000000000001	0
-4.075	0.125	0
-4.075	0.175	0
-4.075	0.225	0
-4.075	0.275	0
-4.075	0.325	0
-4.075	0.375	0
-4.075	0.425	0
-4.075	0.475	0
-4.075	0.525	0
-4.075	0.575	0
-4.075	0.625	0
-4.075	0.675	0
-4.075	0.725	0
-4.075	0.775	0
-4.075	0.825	0
-4.075	0.875	0
-4.075	0.925	0
-4.075	0.975	0
-4.075	1.025	0
-4.075	1.075	0
-4.075	1.125	0
-4.075	1.175	0
-4.075	1.225	0
-4.075	1.275	0
-4.075	1.325	0
-4.075	1.375	0
-4.075	1.425	0
-4.075	1.475	0
-4.075	1.525	0
-4.075	1.575	0
-4.075	1.625	0
-4.075	1.675	0
-4.075	1.725	0
-4.075	1.775	0
-4.075	1.825	0
-4.075	1.875	0
-4.075	1.925	0
-4.075	1.975	0
-4.075	2.025	0
-4.075	2.075	0
-4.075	2.125	0
-4.075	2.175	0
-4.075	2.225	0
-4.075	2.275	0
-4.075	2.325	0
-4.075	2.375	0
-4.075	2.425	0
-4.075	2.475	0
-4.075	2.525	0
-4.075	2.575	0
-4.075	2.625	0
-4.025	-1.975	0
-4.025	-1.925	0
-4.025	-1.875	0
-4.025	-1.825	0
-4.025	-1.775	0
-4.025	-1.725	0
-4.025	-1.675	0
-4.025	-1.625	0
-4.025	-1.575	0
-4.025	-1.525	0
-4.025	-1.475	0
-4.025	-1.425	0
-4.025	-1.375	0
-4.025	-1.325	0
-4.025	-1.275	0
-4.025	-1.225	0
-4.025	-1.175	0
-4.025	-1.125	0
-4.025	-1.075	0
-4.025	-1.025	0
-4.025	-0.975	0
-4.025	-0.925	0
-4.025	-0.875	0
-4.025	-0.825	0
-4.025	-0.775	0
-4.025	-0.725	0
-4.025	-0.675	0
-4.025	-0.625	0
-4.025	-0.575	0
-4.025	-0.525	0
-4.025	-0.475	0
-4.025	-0.425	0
-4.025	-0.375	0
-4.025	-0.325	0
-4.025	-0.275	0
-4.025	-0.225	0
-4.025	-0.175	0
-4.025	-0.125	0
-4.025	-0.0749999999999999	0
-4.025	-0.0249999999999999	0
-4.025	0.0250000000000001	0
-4.025	0.0750000000000001	0
-4.025	0.125	0
-4.025	0.175	0
-4.025	0.225	0
-4.025	0.275	0
-4.025	0.325	0
-4.025	0.375	0
-4.025	0.425	0
-4.025	0.475	0
-4.025	0.525	0
-4.025	0.575	0
-4.025	0.625	0
-4.025	0.675	0
-4.025	0.725	0
-4.025	0.775	0
-4.025	0.825	0
-4.025	0.875	0
-4.025	0.925	0
-4.025	0.975	0
-4.025	1.025	0
-4.025	1.075	0
-4.025	1.125	0
-4.025	1.175	0
-4.025	1.225	0
-4.025	1.275	0
-4.025	1.325	0
-4.025	1.375	0
-4.025	1.425	0
-4.025	1.475	0
-4.025	1.525	0
-4.025	1.575	0
-4.025	1.625	0
-4.025	1.675	0
-4.025	1.725	0
-4.025	1.775	0
-4.025	1.825	0
-4.025	1.875	0
-4.025	1.925	0
-4.025	1.975	0
-4.025	2.025	0
-4.025	2.075	0
-4.025	2.125	0
-4.025	2.175	0
-4.025	2.225	0
-4.025	2.275	0
-4.025	2.325	0
-4.025	2.375	10851626.1017298
-4.025	2.425	0
-4.025	2.475	0
-4.025	2.525	0
-4.025	2.575	0
-4.025	2.625	0
-3.975	-1.975	0
-3.975	-1.925	0
-3.975	-1.875	0
-3.975	-1.825	0
-3.975	-1.775	0
-3.975	-1.725	0
-3.975	-1.675	0
-3.975	-1.625	0
-3.975	-1.575	0
-3.975	-1.525	0
-3.975	-1.475	0
-3.975	-1.425	0
-3.975	-1.375	0
-3.975	-1.325	0
-3.975	-1.275	0
-3.975	-1.225	0
-3.975	-1.175	0
-3.975	-1.125	0
-3.975	-1.075	0
-3.975	-1.025	0
-3.975	-0.975	0
-3.975	-0.925	0
-3.975	-0.875	0
-3.975	-0.825	0
-3.975	-0.775	0
-3.975	-0.725	0
-3.975	-0.675	0
-3.975	-0.625	0
-3.975	-0.575	0
-3.975	-0.525	0
-3.975	-0.475	0
-3.975	-0.425	0
-3.975	-0.375	0
-3.975	-0.325	0
-3.975	-0.275	0
-3.975	-0.225	0
-3.975	-0.175	0
-3.975	-0.125	0
-3.975	-0.0749999999999999	0
-3.975	-0.0249999999999999	0
-3.975	0.0250000000000001	0
-3.975	0.0750000000000001	0
-3.975	0.125	0
-3.975	0.175	0
-3.975	0.225	0
-3.975	0.275	0
-3.975	0.325	0
-3.975	0.375	0
-3.975	0.425	0
-3.975	0.475	0
-3.975	0.525	0
-3.975	0.575	0
-3.975	0.625	0
-3.975	0.675	0
-3.975	0.725	0
-3.975	0.775	0
-3.975	0.825	0
-3.975	0.875	0
-3.975	0.925	0
-3.975	0.975	0
-3.975	1.025	0
-3.975	1.075	0
-3.975	1.125	0
-3.975	1.175	0
-3.975	1.225	0
-3.975	1.275	0
-3.975	1.325	0
-3.975	1.375	0
-3.975	1.425	0
-3.975	1.475	0
-3.975	1.525	0
-3.975	1.575	0
-3.975	1.625	0
-3.975	1.675	0
-3.975	1.725	0
-3.975	1.775	0
-3.975	1.825	0
-3.975	1.875	0
-3.975	1.925	0
-3.975	1.975	0
-3.975	2.025	0
-3.975	2.075	0
-3.975	2.125	0
-3.975	2.175	0
-3.975	2.225	0
-3.975	2.275	0
-3.975	2.325	0
-3.975	2.375	0
-3.975	2.425	0
-3.975	2.475	0
-3.975	2.525	0
-3.975	2.575	0
-3.975	2.625	0
-3.925	-1.975	0
-3.925	-1.925	0
-3.925	-1.875	0
-3.925	-1.825	0
-3.925	-1.775	0
-3.925	-1.725	0
-3.925	-1.675	0
-3.925	-1.625	0
-3.925	-1.575	0
-3.925	-1.525	0
-3.925	-1.475	0
-3.925	-1.425	0
-3.925	-1.375	0
-3.925	-1.325	0
-3.925	-1.275	0
-3.925	-1.225	0
-3.925	-1.175	0
-3.925	-1.125	0
-3.925	-1.075	0
-3.925	-1.025	0
-3.925	-0.975	0
-3.925	-0.925	0
-3.925	-0.875	0
-3.925	-0.825	0
-3.925	-0.775	0
-3.925	-0.725	0
-3.925	-0.675	0
-3.925	-0.625	0
-3.925	-0.575	0
-3.925	-0.525	0
-3.925	-0.475	0
-3.925	-0.425	0
-3.925	-0.375	0
-3.925	-0.325	0
-3.925	-0.275	0
-3.925	-0.225	0
-3.925	-0.175	0
-3.925	-0.125	0
-3.925	-0.0749999999999999	0
-3.925	-0.0249999999999999	0
-3.925	0.0250000000000001	0
-3.925	0.0750000000000001	0
-3.925	0.125	0
-3.925	0.175	0
-3.925	0.225	0
-3.925	0.275	0
-3.925	0.325	0
-3.925	0.375	0
-3.925	0.425	0
-3.925	0.475	0
-3.925	0.525	0
-3.925	0.575	0
-3.925	0.625	0
-3.925	0.675	0
-3.925	0.725	0
-3.925	0.775	0
-3.925	0.825	0
-3.925	0.875	0
-3.925	0.925	0
-3.925	0.975	0
-3.925	1.025	0
-3.925	1.075	0
-3.925	1.125	0
-3.925	1.175	0
-3.925	1.225	0
-3.925	1.275	0
-3.925	1.325	0
-3.925	1.375	0
-3.925	1.425	10851626.1017298
-3.925	1.475	0
-3.925	1.525	0
-3.925	1.575	0
-3.925	1.625	0
-3.925	1.675	0
-3.925	1.725	0
-3.925	1.775	0
-3.925	1.825	0
-3.925	1.875	0
-3.925	1.925	0
-3.925	1.975	0
-3.925	2.025	0
-3.925	2.075	0
-3.925	2.125	0
-3.925	2.175	0
-3.925	2.225	0
-3.925	2.275	0
-3.925	2.325	0
-3.925	2.375	0
-3.925	2.425	0
-3.925	2.475	0
-3.925	2.525	0
-3.925	2.575	0
-3.925	2.625	0
-3.875	-1.975	0
-3.875	-1.925	0
-3.875	-1.875	0
-3.875	-1.825	0
-3.875	-1.775	0
-3.875	-1.725	0
-3.875	-1.675	0
-3.875	-1.625	0
-3.875	-1.575	0
-3.875	-1.525	0
-3.875	-1.475	0
-3.875	-1.425	0
-3.875	-1.375	0
-3.875	-1.325	0
-3.875	-1.275	0
-3.875	-1.225	0
-3.875	-1.175	0
-3.875	-1.125	0
-3.875	-1.075	0
-3.875	-1.025	0
-3.875	-0.975	0
-3.875	-0.925	0
-3.875	-0.875	0
-3.875	-0.825	0
-3.875	-0.775	0
-3.875	-0.725	0
-3.875	-0.675	0
-3.875	-0.625	0
-3.875	-0.575	0
-3.875	-0.525	0
-3.875	-0.475	0
-3.875	-0.425	0
-3.875	-0.375	0
-3.875	-0.325	0
-3.875	-0.275	0
-3.875	-0.225	0
-3.875	-0.175	0
-3.875	-0.125	0
-3.875	-0.0749999999999999	0
-3.875	-0.0249999999999999	0
-3.875	0.0250000000000001	0
-3.875	0.0750000000000001	0
-3.875	0.125	0
-3.875	0.175	0
-3.875	0.225	0
-3.875	0.275	0
-3.875	0.325	0
-3.875	0.375	0
-3.875	0.425	0
-3.875	0.475	0
-3.875	0.525	0
-3.875	0.575	0
-3.875	0.625	0
-3.875	0.675	0
-3.875	0.725	0
-3.875	0.775	0
-3.875	0.825	0
-3.875	0.875	0
-3.875	0.925	0
-3.875	0.975	0
-3.875	1.025	0
-3.875	1.075	0
-3.875	1.125	0
-3.875	1.175	0
-3.875	1.225	0
-3.875	1.275	0
-3.875	1.325	0
-3.875	1.375	0
-3.875	1.425	0
-3.875	1.475	0
-3.875	1.525	0
-3.875	1.575	10851626.1017298
-3.875	1.625	0
-3.875	1.675	0
-3.875	1.725	0
-3.875	1.775	0
-3.875	1.825	0
-3.875	1.875	0
-3.875	1.925	0
-3.875	1.975	0
-3.875	2.025	0
-3.875	2.075	0
-3.875	2.125	0
-3.875	2.175	0
-3.875	2.225	0
-3.875	2.275	0
-3.875	2.325	0
-3.875	2.375	0
-3.875	2.425	0
-3.875	2.475	0
-3.875	2.525	0
-3.875	2.575	0
-3.875	2.625	0
-3.825	-1.975	0
-3.825	-1.925	0
-3.825	-1.875	0
-3.825	-1.825	0
-3.825	-1.775	0
-3.825	-1.725	0
-3.825	-1.675	0
-3.825	-1.625	0
-3.825	-1.575	0
-3.825	-1.525	0
-3.825	-1.475	0
-3.825	-1.425	0
-3.825	-1.375	0
-3.825	-1.325	0
-3.825	-1.275	0
-3.825	-1.225	0
-3.825	-1.175	0
-3.825	-1.125	0
-3.825	-1.075	0
-3.825	-1.025	0
-3.825	-0.975	0
-3.825	-0.925	0
-3.825	-0.875	0
-3.825	-0.825	0
-3.825	-0.775	0
-3.825	-0.725	0
-3.825	-0.675	0
-3.825	-0.625	0
-3.825	-0.575	0
-3.825	-0.525	0
-3.825	-0.475	0
-3.825	-0.425	0
-3.825	-0.375	0
-3.825	-0.325	0
-3.825	-0.275	0
-3.825	-0.225	0
-3.825	-0.175	0
-3.825	-0.125	0
-3.825	-0.0749999999999999	0
-3.825	-0.0249999999999999	0
-3.825	0.0250000000000001	0
-3.825	0.0750000000000001	0
-3.825	0.125	0
-3.825	0.175	0
-3.825	0.225	0
-3.825	0.275	0
-3.825	0.325	0
-3.825	0.375	0
-3.825	0.425	0
-3.825	0.475	0
-3.825	0.525	0
-3.825	0.575	0
-3.825	0.625	0
-3.825	0.675	0
-3.825	0.725	0
-3.825	0.775	0
-3.825	0.825	0
-3.825	0.875	0
-3.825	0.925	0
-3.825	0.975	0
-3.825	1.025	0
-3.825	1.075	0
-3.825	1.125	0
-3.825	1.175	0
-3.825	1.225	0
-3.825	1.275	0
-3.825	1.325	0
-3.825	1.375	0
-3.825	1.425	0
-3.825	1.475	0
-3.825	1.525	0
-3.825	1.575	0
-3.825	1.625	0
-3.825	1.675	0
-3.825	1.725	0
-3.825	1.775	0
-3.825	1.825	0
-3.825	1.875	0
-3.825	1.925	0
-3.825	1.975	0
-3.825	2.025	0
-3.825	2.075	0
-3.825	2.125	0
-3.825	2.175	10851626.1017298
-3.825	2.225	10851626.1017298
-3.825	2.275	0
-3.825	2.325	0
-3.825	2.375	0
-3.825	2.425	0
-3.825	2.475	0
-3.825	2.525	0
-3.825	2.575	0
-3.825	2.625	0
-3.775	-1.975	0
-3.775	-1.925	0
-3.775	-1.875	0
-3.775	-1.825	0
-3.775	-1.775	0
-3.775	-1.725	0
-3.775	-1.675	0
-3.775	-1.625	0
-3.775	-1.575	0
-3.775	-1.525	0
-3.775	-1.475	0
-3.775	-1.425	0
-3.775	-1.375	0
-3.775	-1.325	0
-3.775	-1.275	0
-3.775	-1.225	0
-3.775	-1.175	0
-3.775	-1.125	0
-3.775	-1.075	0
-3.775	-1.025	0
-3.775	-0.975	0
-3.775	-0.925	0
-3.775	-0.875	0
-3.775	-0.825	0
-3.775	-0.775	0
-3.775	-0.725	0
-3.775	-0.675	0
-3.775	-0.625	0
-3.775	-0.575	0
-3.775	-0.525	0
-3.775	-0.475	0
-3.775	-0.425	0
-3.775	-0.375	0
-3.775	-0.325	0
-3.775	-0.275	0
-3.775	-0.225	0
-3.775	-0.175	0
-3.775	-0.125	0
-3.775	-0.0749999999999999	0
-3.775	-0.0249999999999999	0
-3.775	0.0250000000000001	0
-3.775	0.0750000000000001	0
-3.775	0.125	0
-3.775	0.175	0
-3.775	0.225	0
-3.775	0.275	0
-3.775	0.325	0
-3.775	0.375	0
-3.775	0.425	0
-3.775	0.475	0
-3.775	0.525	0
-3.775	0.575	0
-3.775	0.625	0
-3.775	0.675	0
-3.775	0.725	0
-3.775	0.775	0
-3.775	0.825	0
-3.775	0.875	0
-3.775	0.925	0
-3.775	0.975	0
-3.775	1.025	0
-3.775	1.075	0
-3.775	1.125	0
-3.775	1.175	0
-3.775	1.225	0
-3.775	1.275	0
-3.775	1.325	0
-3.775	1.375	0
-3.775	1.425	0
-3.775	1.475	0
-3.775	1.525	0
-3.775	1.575	0
-3.775	1.625	0
-3.775	1.675	0
-3.775	1.725	0
-3.775	1.775	0
-3.775	1.825	10851626.1017298
-3.775	1.875	0
-3.775	1.925	0
-3.775	1.975	0
-3.775	2.025	0
-3.775	2.075	0
-3.775	2.125	0
-3.775	2.175	0
-3.775	2.225	0
-3.775	2.275	0
-3.775	2.325	0
-3.775	2.375	0
-3.775	2.425	0
-3.775	2.475	0
-3.775	2.525	0
-3.775	2.575	0
-3.775	2.625	0
-3.725	-1.975	0
-3.725	-1.925	0
-3.725	-1.875	0
-3.725	-1.825	0
-3.725	-1.775	0
-3.725	-1.725	0
-3.725	-1.675	0
-3.725	-1.625	0
-3.725	-1.575	0
-3.725	-1.525	0
-3.725	-1.475	0
-3.725	-1.425	0
-3.725	-1.375	0
-3.725	-1.325	0
-3.725	-1.275	0
-3.725	-1.225	0
-3.725	-1.175	0
-3.725	-1.125	0
-3.725	-1.075	0
-3.725	-1.025	0
-3.725	-0.975	0
-3.725	-0.925	0
-3.725	-0.875	0
-3.725	-0.825	0
-3.725	-0.775	0
-3.725	-0.725	0
-3.725	-0.675	0
-3.725	-0.625	0
-3.725	-0.575	0
-3.725	-0.525	0
-3.725	-0.475	0
-3.725	-0.425	0
-3.725	-0.375	0
-3.725	-0.325	0
-3.725	-0.275	0
-3.725	-0.225	0
-3.725	-0.175	0
-3.725	-0.125	0
-3.725	-0.0749999999999999	0
-3.725	-0.0249999999999999	0
-3.725	0.0250000000000001	0
-3.725	0.0750000000000001	0
-3.725	0.125	0
-3.725	0.175	0
-3.725	0.225	0
-3.725	0.275	0
-3.725	0.325	0
-3.725	0.375	0
-3.725	0.425	0
-3.725	0.475	0
-3.725	0.525	0
-3.725	0.575	0
-3.725	0.625	0
-3.725	0.675	0
-3.725	0.725	0
-3.725	0.775	0
-3.725	0.825	0
-3.725	0.875	0
-3.725	0.925	0
-3.725	0.975	0
-3.725	1.025	0
-3.725	1.075	0
-3.725	1.125	0
-3.725	1.175	0
-3.725	1.225	0
-3.725	1.275	0
-3.725	1.325	0
-3.725	1.375	0
-3.725	1.425	0
-3.725	1.475	0
-3.725	1.525	0
-3.725	1.575	0
-3.725	1.625	0
-3.725	1.675	0
-3.725	1.725	0
-3.725	1.775	0
-3.725	1.825	0
-3.725	1.875	0
-3.725	1.925	0
-3.725	1.975	0
-3.725	2.025	0
-3.725	2.075	0
-3.725	2.125	0
-3.725	2.175	10851626.1017298
-3.725	2.225	0
-3.725	2.275	10851626.1017298
-3.725	2.325	0
-3.725	2.375	0
-3.725	2.425	0
-3.725	2.475	0
-3.725	2.525	0
-3.725	2.575	0
-3.725	2.625	0
-3.675	-1.975	0
-3.675	-1.925	0
-3.675	-1.875	0
-3.675	-1.825	0
-3.675	-1.775	0
-3.675	-1.725	0
-3.675	-1.675	0
-3.675	-1.625	0
-3.675	-1.575	0
-3.675	-1.525	0
-3.675	-1.475	0
-3.675	-1.425	0
-3.675	-1.375	0
-3.675	-1.325	0
-3.675	-1.275	0
-3.675	-1.225	0
-3.675	-1.175	0
-3.675	-1.125	0
-3.675	-1.075	0
-3.675	-1.025	0
-3.675	-0.975	0
-3.675	-0.925	0
-3.675	-0.875	0
-3.675	-0.825	0
-3.675	-0.775	0
-3.675	-0.725	0
-3.675	-0.675	0
-3.675	-0.625	0
-3.675	-0.575	0
-3.675	-0.525	0
-3.675	-0.475	0
-3.675	-0.425	0
-3.675	-0.375	0
-3.675	-0.325	0
-3.675	-0.275	0
-3.675	-0.225	0
-3.675	-0.175	0
-3.675	-0.125	0
-3.675	-0.0749999999999999	0
-3.675	-0.0249999999999999	0
-3.675	0.0250000000000001	0
-3.675	0.0750000000000001	0
-3.675	0.125	0
-3.675	0.175	0
-3.675	0.225	0
-3.675	0.275	0
-3.675	0.325	0
-3.675	0.375	0
-3.675	0.425	0
-3.675	0.475	0
-3.675	0.525	0
-3.675	0.575	0
-3.675	0.625	0
-3.675	0.675	0
-3.675	0.725	0
-3.675	0.775	0
-3.675	0.825	0
-3.675	0.875	0
-3.675	0.925	0
-3.675	0.975	0
-3.675	1.025	0
-3.675	1.075	0
-3.675	1.125	0
-3.675	1.175	0
-3.675	1.225	0
-3.675	1.275	0
-3.675	1.325	0
-3.675	1.375	0
-3.675	1.425	0
-3.675	1.475	0
-3.675	1.525	0
-3.675	1.575	0
-3.675	1.625	0
-3.675	1.675	0
-3.675	1.725	0
-3.675	1.775	0
-3.675	1.825	0
-3.675	1.875	0
-3.675	1.925	0
-3.675	1.975	0
-3.675	2.025	0
-3.675	2.075	0
-3.675	2.125	0
-3.675	2.175	0
-3.675	2.225	10851626.1017298
-3.675	2.275	0
-3.675	2.325	10851626.1017298
-3.675	2.375	0
-3.675	2.425	0
-3.675	2.475	0
-3.675	2.525	0
-3.675	2.575	0
-3.675	2.625	0
-3.625	-1.975	0
-3.625	-1.925	0
-3.625	-1.875	0
-3.625	-1.825	0
-3.625	-1.775	0
-3.625	-1.725	0
-3.625	-1.675	0
-3.625	-1.625	0
-3.625	-1.575	0
-3.625	-1.525	0
-3.625	-1.475	0
-3.625	-1.425	0
-3.625	-1.375	0
-3.625	-1.325	0
-3.625	-1.275	0
-3.625	-1.225	0
-3.625	-1.175	0
-3.625	-1.125	0
-3.625	-1.075	0
-3.625	-1.025	0
-3.625	-0.975	0
-3.625	-0.925	0
-3.625	-0.875	0
-3.625	-0.825	0
-3.625	-0.775	0
-3.625	-0.725	0
-3.625	-0.675	0
-3.625	-0.625	0
-3.625	-0.575	0
-3.625	-0.525	0
-3.625	-0.475	0
-3.625	-0.425	0
-3.625	-0.375	0
-3.625	-0.325	0
-3.625	-0.275	0
-3.625	-0.225	0
-3.625	-0.175	0
-3.625	-0.125	0
-3.625	-0.0749999999999999	0
-3.625	-0.0249999999999999	0
-3.625	0.0250000000000001	0
-3.625	0.0750000000000001	0
-3.625	0.125	0
-3.625	0.175	0
-3.625	0.225	0
-3.625	0.275	0
-3.625	0.325	0
-3.625	0.375	0
-3.625	0.425	0
-3.625	0.475	0
-3.625	0.525	0
-3.625	0.575	0
-3.625	0.625	0
-3.625	0.675	0
-3.625	0.725	0
-3.625	0.775	0
-3.625	0.825	0
-3.625	0.875	0
-3.625	0.925	0
-3.625	0.975	0
-3.625	1.025	0
-3.625	1.075	0
-3.625	1.125	0
-3.625	1.175	0
-3.625	1.225	0
-3.625	1.275	0
-3.625	1.325	0
-3.625	1.375	0
-3.625	1.425	0
-3.625	1.475	0
-3.625	1.525	0
-3.625	1.575	0
-3.625	1.625	0
-3.625	1.675	10851626.1017298
-3.625	1.725	10851626.1017298
-3.625	1.775	0
-3.625	1.825	0
-3.625	1.875	0
-3.625	1.925	10851626.1017298
-3.625	1.975	0
-3.625	2.025	0
-3.625	2.075	0
-3.625	2.125	0
-3.625	2.175	0
-3.625	2.225	0
-3.625	2.275	0
-3.625	2.325	0
-3.625	2.375	0
-3.625	2.425	0
-3.625	2.475	0
-3.625	2.525	0
-3.625	2.575	0
-3.625	2.625	0
-3.575	-1.975	0
-3.575	-1.925	0
-3.575	-1.875	0
-3.575	-1.825	0
-3.575	-1.775	0
-3.575	-1.725	0
-3.575	-1.675	0
-3.575	-1.625	0
-3.575	-1.575	0
-3.575	-1.525	0
-3.575	-1.475	0
-3.575	-1.425	0
-3.575	-1.375	0
-3.575	-1.325	0
-3.575	-1.275	0
-3.575	-1.225	0
-3.575	-1.175	0
-3.575	-1.125	0
-3.575	-1.075	0
-3.575	-1.025	0
-3.575	-0.975	0
-3.575	-0.925	0
-3.575	-0.875	0
-3.575	-0.825	0
-3.575	-0.775	0
-3.575	-0.725	0
-3.575	-0.675	0
-3.575	-0.625	0
-3.575	-0.575	0
-3.575	-0.525	0
-3.575	-0.475	0
-3.575	-0.425	0
-3.575	-0.375	0
-3.575	-0.325	0
-3.575	-0.275	0
-3.575	-0.225	0
-3.575	-0.175	0
-3.575	-0.125	0
-3.575	-0.0749999999999999	0
-3.575	-0.0249999999999999	0
-3.575	0.0250000000000001	0
-3.575	0.0750000000000001	0
-3.575	0.125	0
-3.575	0.175	0
-3.575	0.225	0
-3.575	0.275	0
-3.575	0.325	0
-3.575	0.375	0
-3.575	0.425	0
-3.575	0.475	0
-3.575	0.525	0
-3.575	0.575	0
-3.575	0.625	0
-3.575	0.675	0
-3.575	0.725	0
-3.575	0.775	0
-3.575	0.825	0
-3.575	0.875	0
-3.575	0.925	0
-3.575	0.975	0
-3.575	1.025	0
-3.575	1.075	0
-3.575	1.125	10851626.1017298
-3.575	1.175	0
-3.575	1.225	0
-3.575	1.275	0
-3.575	1.325	0
-3.575	1.375	0
-3.575	1.425	0
-3.575	1.475	0
-3.575	1.525	0
-3.575	1.575	0
-3.575	1.625	0
-3.575	1.675	0
-3.575	1.725	0
-3.575	1.775	10851626.1017298
-3.575	1.825	0
-3.575	1.875	0
-3.575	1.925	0
-3.575	1.975	0
-3.575	2.025	10851626.1017298
-3.575	2.075	0
-3.575	2.125	0
-3.575	2.175	0
-3.575	2.225	0
-3.575	2.275	0
-3.575	2.325	10851626.1017298
-3.575	2.375	10851626.1017298
-3.575	2.425	0
-3.575	2.475	0
-3.575	2.525	0
-3.575	2.575	0
-3.575	2.625	0
-3.525	-1.975	0
-3.525	-1.925	0
-3.525	-1.875	0
-3.525	-1.825	0
-3.525	-1.775	0
-3.525	-1.725	0
-3.525	-1.675	0
-3.525	-1.625	0
-3.525	-1.575	0
-3.525	-1.525	0
-3.525	-1.475	0
-3.525	-1.425	0
-3.525	-1.375	0
-3.525	-1.325	0
-3.525	-1.275	0
-3.525	-1.225	0
-3.525	-1.175	0
-3.525	-1.125	0
-3.525	-1.075	0
-3.525	-1.025	0
-3.525	-0.975	0
-3.525	-0.925	0
-3.525	-0.875	0
-3.525	-0.825	0
-3.525	-0.775	0
-3.525	-0.725	0
-3.525	-0.675	0
-3.525	-0.625	0
-3.525	-0.575	0
-3.525	-0.525	0
-3.525	-0.475	0
-3.525	-0.425	0
-3.525	-0.375	0
-3.525	-0.325	0
-3.525	-0.275	0
-3.525	-0.225	0
-3.525	-0.175	0
-3.525	-0.125	0
-3.525	-0.0749999999999999	0
-3.525	-0.0249999999999999	0
-3.525	0.0250000000000001	0
-3.525	0.0750000000000001	0
-3.525	0.125	0
-3.525	0.175	0
-3.525	0.225	0
-3.525	0.275	0
-3.525	0.325	0
-3.525	0.375	0
-3.525	0.425	0
-3.525	0.475	0
-3.525	0.525	0
-3.525	0.575	0
-3.525	0.625	0
-3.525	0.675	0
-3.525	0.725	0
-3.525	0.775	0
-3.525	0.825	0
-3.525	0.875	0
-3.525	0.925	0
-3.525	0.975	0
-3.525	1.025	0
-3.525	1.075	0
-3.525	1.125	0
-3.525	1.175	0
-3.525	1.225	0
-3.525	1.275	0
-3.525	1.325	0
-3.525	1.375	0
-3.525	1.425	0
-3.525	1.475	0
-3.525	1.525	0
-3.525	1.575	0
-3.525	1.625	0
-3.525	1.675	10851626.1017298
-3.525	1.725	0
-3.525	1.775	10851626.1017298
-3.525	1.825	0
-3.525	1.875	10851626.1017298
-3.525	1.925	32554878.30518941
-3.525	1.975	0
-3.525	2.025	0
-3.525	2.075	0
-3.525	2.125	0
-3.525	2.175	0
-3.525	2.225	0
-3.525	2.275	0
-3.525	2.325	0
-3.525	2.375	0
-3.525	2.425	0
-3.525	2.475	0
-3.525	2.525	0
-3.525	2.575	0
-3.525	2.625	0
-3.475	-1.975	0
-3.475	-1.925	0
-3.475	-1.875	0
-3.475	-1.825	0
-3.475	-1.775	0
-3.475	-1.725	0
-3.475	-1.675	0
-3.475	-1.625	0
-3.475	-1.575	0
-3.475	-1.525	0
-3.475	-1.475	0
-3.475	-1.425	0
-3.475	-1.375	0
-3.475	-1.325	0
-3.475	-1.275	0
-3.475	-1.225	0
-3.475	-1.175	0
-3.475	-1.125	0
-3.475	-1.075	0
-3.475	-1.025	0
-3.475	-0.975	0
-3.475	-0.925	0
-3.475	-0.875	0
-3.475	-0.825	0
-3.475	-0.775	0
-3.475	-0.725	0
-3.475	-0.675	0
-3.475	-0.625	0
-3.475	-0.575	0
-3.475	-0.525	0
-3.475	-0.475	0
-3.475	-0.425	0
-3.475	-0.375	0
-3.475	-0.325	0
-3.475	-0.275	0
-3.475	-0.225	0
-3.475	-0.175	0
-3.475	-0.125	0
-3.475	-0.0749999999999999	0
-3.475	-0.0249999999999999	0
-3.475	0.0250000000000001	0
-3.475	0.0750000000000001	0
-3.475	0.125	0
-3.475	0.175	0
-3.475	0.225	0
-3.475	0.275	0
-3.475	0.325	0
-3.475	0.375	0
-3.475	0.425	0
-3.475	0.475	0
-3.475	0.525	0
-3.475	0.575	0
-3.475	0.625	0
-3.475	0.675	0
-3.475	0.725	0
-3.475	0.775	0
-3.475	0.825	0
-3.475	0.875	0
-3.475	0.925	0
-3.475	0.975	0
-3.475	1.025	0
-3.475	1.075	0
-3.475	1.125	0
-3.475	1.175	0
-3.475	1.225	0
-3.475	1.275	0
-3.475	1.325	0
-3.475	1.375	0
-3.475	1.425	0
-3.475	1.475	0
-3.475	1.525	0
-3.475	1.575	0
-3.475	1.625	0
-3.475	1.675	0
-3.475	1.725	0
-3.475	1.775	10851626.1017298
-3.475	1.825	0
-3.475	1.875	0
-3.475	1.925	21703252.20345961
-3.475	1.975	0
-3.475	2.025	0
-3.475	2.075	0
-3.475	2.125	21703252.20345961
-3.475	2.175	0
-3.475	2.225	10851626.1017298
-3.475	2.275	0
-3.475	2.325	0
-3.475	2.375	0
-3.475	2.425	0
-3.475	2.475	0
-3.475	2.525	0
-3.475	2.575	0
-3.475	2.625	0
-3.425	-1.975	0
-3.425	-1.925	0
-3.425	-1.875	0
-3.425	-1.825	0
-3.425	-1.775	0
-3.425	-1.725	0
-3.425	-1.675	0
-3.425	-1.625	0
-3.425	-1.575	0
-3.425	-1.525	0
-3.425	-1.475	0
-3.425	-1.425	0
-3.425	-1.375	0
-3.425	-1.325	0
-3.425	-1.275	0
-3.425	-1.225	0
-3.425	-1.175	0
-3.425	-1.125	0
-3.425	-1.075	0
-3.425	-1.025	0
-3.425	-0.975	0
-3.425	-0.925	0
-3.425	-0.875	0
-3.425	-0.825	0
-3.425	-0.775	0
-3.425	-0.725	0
-3.425	-0.675	0
-3.425	-0.625	0
-3.425	-0.575	0
-3.425	-0.525	0
-3.425	-0.475	0
-3.425	-0.425	0
-3.425	-0.375	0
-3.425	-0.325	0
-3.425	-0.275	0
-3.425	-0.225	0
-3.425	-0.175	0
-3.425	-0.125	0
-3.425	-0.0749999999999999	0
-3.425	-0.0249999999999999	0
-3.425	0.0250000000000001	0
-3.425	0.0750000000000001	0
-3.425	0.125	0
-3.425	0.175	0
-3.425	0.225	0
-3.425	0.275	0
-3.425	0.325	0
-3.425	0.375	0
-3.425	0.425	0
-3.425	0.475	0
-3.425	0.525	0
-3.425	0.575	0
-3.425	0.625	0
-3.425	0.675	0
-3.425	0.725	0
-3.425	0.775	0
-3.425	0.825	0
-3.425	0.875	0
-3.425	0.925	10851626.1017298
-3.425	0.975	0
-3.425	1.025	0
-3.425	1.075	0
-3.425	1.125	0
-3.425	1.175	10851626.1017298
-3.425	1.225	10851626.1017298
-3.425	1.275	0
-3.425	1.325	0
-3.425	1.375	0
-3.425	1.425	0
-3.425	1.475	0
-3.425	1.525	0
-3.425	1.575	0
-3.425	1.625	21703252.20345961
-3.425	1.675	10851626.1017298
-3.425	1.725	0
-3.425	1.775	10851626.1017298
-3.425	1.825	0
-3.425	1.875	0
-3.425	1.925	0
-3.425	1.975	0
-3.425	2.025	0
-3.425	2.075	0
-3.425	2.125	10851626.1017298
-3.425	2.175	10851626.1017298
-3.425	2.225	10851626.1017298
-3.425	2.275	0
-3.425	2.325	10851626.1017298
-3.425	2.375	0
-3.425	2.425	0
-3.425	2.475	0
-3.425	2.525	0
-3.425	2.575	0
-3.425	2.625	0
-3.375	-1.975	0
-3.375	-1.925	0
-3.375	-1.875	0
-3.375	-1.825	0
-3.375	-1.775	0
-3.375	-1.725	0
-3.375	-1.675	0
-3.375	-1.625	0
-3.375	-1.575	0
-3.375	-1.525	0
-3.375	-1.475	0
-3.375	-1.425	0
-3.375	-1.375	0
-3.375	-1.325	0
-3.375	-1.275	0
-3.375	-1.225	0
-3.375	-1.175	0
-3.375	-1.125	0
-3.375	-1.075	0
-3.375	-1.025	0
-3.375	-0.975	0
-3.375	-0.925	0
-3.375	-0.875	0
-3.375	-0.825	0
-3.375	-0.775	0
-3.375	-0.725	0
-3.375	-0.675	0
-3.375	-0.625	0
-3.375	-0.575	0
-3.375	-0.525	0
-3.375	-0.475	0
-3.375	-0.425	0
-3.375	-0.375	0
-3.375	-0.325	0
-3.375	-0.275	0
-3.375	-0.225	0
-3.375	-0.175	0
-3.375	-0.125	0
-3.375	-0.0749999999999999	0
-3.375	-0.0249999999999999	0
-3.375	0.0250000000000001	0
-3.375	0.0750000000000001	0
-3.375	0.125	0
-3.375	0.175	0
-3.375	0.225	0
-3.375	0.275	0
-3.375	0.325	0
-3.375	0.375	0
-3.375	0.425	0
-3.375	0.475	0
-3.375	0.525	10851626.1017298
-3.375	0.575	0
-3.375	0.625	0
-3.375	0.675	0
-3.375	0.725	0
-3.375	0.775	0
-3.375	0.825	0
-3.375	0.875	0
-3.375	0.925	0
-3.375	0.975	0
-3.375	1.025	0
-3.375	1.075	0
-3.375	1.125	0
-3.375	1.175	0
-3.375	1.225	0
-3.375	1.275	0
-3.375	1.325	0
-3.375	1.375	0
-3.375	1.425	0
-3.375	1.475	0
-3.375	1.525	0
-3.375	1.575	10851626.1017298
-3.375	1.625	0
-3.375	1.675	0
-3.375	1.725	21703252.20345961
-3.375	1.775	21703252.20345961
-3.375	1.825	0
-3.375	1.875	0
-3.375	1.925	0
-3.375	1.975	0
-3.375	2.025	21703252.20345961
-3.375	2.075	0
-3.375	2.125	0
-3.375	2.175	21703252.20345961
-3.375	2.225	0
-3.375	2.275	0
-3.375	2.325	21703252.20345961
-3.375	2.375	0
-3.375	2.425	0
-3.375	2.475	0
-3.375	2.525	0
-3.375	2.575	0
-3.375	2.625	0
-3.325	-1.975	0
-3.325	-1.925	0
-3.325	-1.875	0
-3.325	-1.825	0
-3.325	-1.775	0
-3.325	-1.725	0
-3.325	-1.675	0
-3.325	-1.625	0
-3.325	-1.575	0
-3.325	-1.525	0
-3.325	-1.475	0
-3.325	-1.425	0
-3.325	-1.375	0
-3.325	-1.325	0
-3.325	-1.275	0
-3.325	-1.225	0
-3.325	-1.175	0
-3.325	-1.125	0
-3.325	-1.075	0
-3.325	-1.025	0
-3.325	-0.975	0
-3.325	-0.925	0
-3.325	-0.875	0
-3.325	-0.825	0
-3.325	-0.775	0
-3.325	-0.725	0
-3.325	-0.675	0
-3.325	-0.625	0
-3.325	-0.575	0
-3.325	-0.525	0
-3.325	-0.475	0
-3.325	-0.425	0
-3.325	-0.375	0
-3.325	-0.325	0
-3.325	-0.275	0
-3.325	-0.225	0
-3.325	-0.175	0
-3.325	-0.125	0
-3.325	-0.0749999999999999	0
-3.325	-0.0249999999999999	0
-3.325	0.0250000000000001	0
-3.325	0.0750000000000001	0
-3.325	0.125	0
-3.325	0.175	0
-3.325	0.225	0
-3.325	0.275	0
-3.325	0.325	0
-3.325	0.375	0
-3.325	0.425	0
-3.325	0.475	0
-3.325	0.525	0
-3.325	0.575	0
-3.325	0.625	0
-3.325	0.675	0
-3.325	0.725	0
-3.325	0.775	0
-3.325	0.825	0
-3.325	0.875	0
-3.325	0.925	0
-3.325	0.975	0
-3.325	1.025	0
-3.325	1.075	0
-3.325	1.125	0
-3.325	1.175	0
-3.325	1.225	0
-3.325	1.275	10851626.1017298
-3.325	1.325	10851626.1017298
-3.325	1.375	10851626.1017298
-3.325	1.425	10851626.1017298
-3.325	1.475	10851626.1017298
-3.325	1.525	0
-3.325	1.575	10851626.1017298
-3.325	1.625	0
-3.325	1.675	0
-3.325	1.725	10851626.1017298
-3.325	1.775	10851626.1017298
-3.325	1.825	10851626.1017298
-3.325	1.875	0
-3.325	1.925	10851626.1017298
-3.325	1.975	0
-3.325	2.025	0
-3.325	2.075	10851626.1017298
-3.325	2.125	10851626.1017298
-3.325	2.175	0
-3.325	2.225	21703252.20345961
-3.325	2.275	10851626.1017298
-3.325	2.325	0
-3.325	2.375	21703252.20345961
-3.325	2.425	21703252.20345961
-3.325	2.475	0
-3.325	2.525	10851626.1017298
-3.325	2.575	0
-3.325	2.625	0
-3.275	-1.975	0
-3.275	-1.925	0
-3.275	-1.875	0
-3.275	-1.825	0
-3.275	-1.775	0
-3.275	-1.725	0
-3.275	-1.675	0
-3.275	-1.625	0
-3.275	-1.575	0
-3.275	-1.525	0
-3.275	-1.475	0
-3.275	-1.425	0
-3.275	-1.375	0
-3.275	-1.325	0
-3.275	-1.275	0
-3.275	-1.225	0
-3.275	-1.175	0
-3.275	-1.125	0
-3.275	-1.075	0
-3.275	-1.025	0
-3.275	-0.975	0
-3.275	-0.925	0
-3.275	-0.875	0
-3.275	-0.825	0
-3.275	-0.775	0
-3.275	-0.725	0
-3.275	-0.675	0
-3.275	-0.625	0
-3.275	-0.575	0
-3.275	-0.525	0
-3.275	-0.475	0
-3.275	-0.425	0
-3.275	-0.375	0
-3.275	-0.325	0
-3.275	-0.275	0
-3.275	-0.225	0
-3.275	-0.175	0
-3.275	-0.125	0
-3.275	-0.0749999999999999	0
-3.275	-0.0249999999999999	0
-3.275	0.0250000000000001	0
-3.275	0.0750000000000001	0
-3.275	0.125	0
-3.275	0.175	0
-3.275	0.225	0
-3.275	0.275	0
-3.275	0.325	0
-3.275	0.375	0
-3.275	0.425	0
-3.275	0.475	0
-3.275	0.525	10851626.1017298
-3.275	0.575	0
-3.275	0.625	0
-3.275	0.675	0
-3.275	0.725	0
-3.275	0.775	0
-3.275	0.825	0
-3.275	0.875	0
-3.275	0.925	0
-3.275	0.975	10851626.1017298
-3.275	1.025	0
-3.275	1.075	0
-3.275	1.125	0
-3.275	1.175	10851626.1017298
-3.275	1.225	0
-3.275	1.275	0
-3.275	1.325	0
-3.275	1.375	0
-3.275	1.425	0
-3.275	1.475	0
-3.275	1.525	21703252.20345961
-3.275	1.575	0
-3.275	1.625	10851626.1017298
-3.275	1.675	0
-3.275	1.725	21703252.20345961
-3.275	1.775	0
-3.275	1.825	0
-3.275	1.875	10851626.1017298
-3.275	1.925	0
-3.275	1.975	0
-3.275	2.025	10851626.1017298
-3.275	2.075	21703252.20345961
-3.275	2.125	32554878.30518941
-3.275	2.175	10851626.1017298
-3.275	2.225	0
-3.275	2.275	0
-3.275	2.325	0
-3.275	2.375	10851626.1017298
-3.275	2.425	0
-3.275	2.475	0
-3.275	2.525	0
-3.275	2.575	0
-3.275	2.625	0
-3.225	-1.975	0
-3.225	-1.925	0
-3.225	-1.875	0
-3.225	-1.825	0
-3.225	-1.775	0
-3.225	-1.725	0
-3.225	-1.675	0
-3.225	-1.625	0
-3.225	-1.575	0
-3.225	-1.525	0
-3.225	-1.475	0
-3.225	-1.425	0
-3.225	-1.375	0
-3.225	-1.325	0
-3.225	-1.275	0
-3.225	-1.225	0
-3.225	-1.175	0
-3.225	-1.125	0
-3.225	-1.075	0
-3.225	-1.025	0
-3.225	-0.975	0
-3.225	-0.925	0
-3.225	-0.875	0
-3.225	-0.825	0
-3.225	-0.775	0
-3.225	-0.725	0
-3.225	-0.675	0
-3.225	-0.625	0
-3.225	-0.575	0
-3.225	-0.525	0
-3.225	-0.475	0
-3.225	-0.425	0
-3.225	-0.375	0
-3.225	-0.325	0
-3.225	-0.275	0
-3.225	-0.225	0
-3.225	-0.175	0
-3.225	-0.125	0
-3.225	-0.0749999999999999	0
-3.225	-0.0249999999999999	0
-3.225	0.0250000000000001	0
-3.225	0.0750000000000001	0
-3.225	0.125	0
-3.225	0.175	0
-3.225	0.225	0
-3.225	0.275	0
-3.225	0.325	0
-3.225	0.375	0
-3.225	0.425	0
-3.225	0.475	0
-3.225	0.525	0
-3.225	0.575	0
-3.225	0.625	0
-3.225	0.675	0
-3.225	0.725	10851626.1017298
-3.225	0.775	0
-3.225	0.825	0
-3.225	0.875	0
-3.225	0.925	0
-3.225	0.975	0
-3.225	1.025	0
-3.225	1.075	0
-3.225	1.125	0
-3.225	1.175	10851626.1017298
-3.225	1.225	0
-3.225	1.275	10851626.1017298
-3.225	1.325	10851626.1017298
-3.225	1.375	0
-3.225	1.425	0
-3.225	1.475	0
-3.225	1.525	10851626.1017298
-3.225	1.575	32554878.30518941
-3.225	1.625	21703252.20345961
-3.225	1.675	0
-3.225	1.725	10851626.1017298
-3.225	1.775	43406504.40691921
-3.225	1.825	32554878.30518941
-3.225	1.875	10851626.1017298
-3.225	1.925	43406504.40691921
-3.225	1.975	21703252.20345961
-3.225	2.025	32554878.30518941
-3.225	2.075	32554878.30518941
-3.225	2.125	10851626.1017298
-3.225	2.175	32554878.30518941
-3.225	2.225	32554878.30518941
-3.225	2.275	32554878.30518941
-3.225	2.325	0
-3.225	2.375	10851626.1017298
-3.225	2.425	0
-3.225	2.475	10851626.1017298
-3.225	2.525	0
-3.225	2.575	0
-3.225	2.625	0
-3.175	-1.975	0
-3.175	-1.925	0
-3.175	-1.875	0
-3.175	-1.825	0
-3.175	-1.775	0
-3.175	-1.725	0
-3.175	-1.675	0
-3.175	-1.625	0
-3.175	-1.575	0
-3.175	-1.525	0
-3.175	-1.475	0
-3.175	-1.425	0
-3.175	-1.375	0
-3.175	-1.325	0
-3.175	-1.275	0
-3.175	-1.225	0
-3.175	-1.175	0
-3.175	-1.125	0
-3.175	-1.075	0
-3.175	-1.025	0
-3.175	-0.975	0
-3.175	-0.925	0
-3.175	-0.875	0
-3.175	-0.825	0
-3.175	-0.775	0
-3.175	-0.725	0
-3.175	-0.675	0
-3.175	-0.625	0
-3.175	-0.575	0
-3.175	-0.525	0
-3.175	-0.475	0
-3.175	-0.425	0
-3.175	-0.375	0
-3.175	-0.325	0
-3.175	-0.275	0
-3.175	-0.225	0
-3.175	-0.175	0
-3.175	-0.125	0
-3.175	-0.0749999999999999	0
-3.175	-0.0249999999999999	10851626.1017298
-3.175	0.0250000000000001	0
-3.175	0.0750000000000001	0
-3.175	0.125	10851626.1017298
-3.175	0.175	0
-3.175	0.225	0
-3.175	0.275	0
-3.175	0.325	0
-3.175	0.375	0
-3.175	0.425	0
-3.175	0.475	0
-3.175	0.525	0
-3.175	0.575	0
-3.175	0.625	0
-3.175	0.675	0
-3.175	0.725	10851626.1017298
-3.175	0.775	0
-3.175	0.825	10851626.1017298
-3.175	0.875	10851626.1017298
-3.175	0.925	0
-3.175	0.975	10851626.1017298
-3.175	1.025	10851626.1017298
-3.175	1.075	0
-3.175	1.125	0
-3.175	1.175	0
-3.175	1.225	10851626.1017298
-3.175	1.275	0
-3.175	1.325	0
-3.175	1.375	10851626.1017298
-3.175	1.425	10851626.1017298
-3.175	1.475	10851626.1017298
-3.175	1.525	0
-3.175	1.575	0
-3.175	1.625	0
-3.175	1.675	10851626.1017298
-3.175	1.725	10851626.1017298
-3.175	1.775	21703252.20345961
-3.175	1.825	10851626.1017298
-3.175	1.875	32554878.30518941
-3.175	1.925	10851626.1017298
-3.175	1.975	43406504.40691921
-3.175	2.025	10851626.1017298
-3.175	2.075	0
-3.175	2.125	21703252.20345961
-3.175	2.175	21703252.20345961
-3.175	2.225	10851626.1017298
-3.175	2.275	32554878.30518941
-3.175	2.325	10851626.1017298
-3.175	2.375	0
-3.175	2.425	0
-3.175	2.475	0
-3.175	2.525	0
-3.175	2.575	0
-3.175	2.625	0
-3.125	-1.975	0
-3.125	-1.925	0
-3.125	-1.875	0
-3.125	-1.825	0
-3.125	-1.775	0
-3.125	-1.725	0
-3.125	-1.675	0
-3.125	-1.625	0
-3.125	-1.575	0
-3.125	-1.525	0
-3.125	-1.475	0
-3.125	-1.425	0
-3.125	-1.375	0
-3.125	-1.325	0
-3.125	-1.275	0
-3.125	-1.225	0
-3.125	-1.175	0
-3.125	-1.125	0
-3.125	-1.075	0
-3.125	-1.025	0
-3.125	-0.975	0
-3.125	-0.925	0
-3.125	-0.875	0
-3.125	-0.825	0
-3.125	-0.775	0
-3.125	-0.725	0
-3.125	-0.675	0
-3.125	-0.625	0
-3.125	-0.575	0
-3.125	-0.525	0
-3.125	-0.475	0
-3.125	-0.425	0
-3.125	-0.375	0
-3.125	-0.325	0
-3.125	-0.275	0
-3.125	-0.225	0
-3.125	-0.175	0
-3.125	-0.125	0
-3.125	-0.0749999999999999	0
-3.125	-0.0249999999999999	0
-3.125	0.0250000000000001	0
-3.125	0.0750000000000001	0
-3.125	0.125	10851626.1017298
-3.125	0.175	0
-3.125	0.225	0
-3.125	0.275	0
-3.125	0.325	0
-3.125	0.375	0
-3.125	0.425	0
-3.125	0.475	0
-3.125	0.525	0
-3.125	0.575	0
-3.125	0.625	0
-3.125	0.675	10851626.1017298
-3.125	0.725	0
-3.125	0.775	0
-3.125	0.825	0
-3.125	0.875	10851626.1017298
-3.125	0.925	10851626.1017298
-3.125	0.975	10851626.1017298
-3.125	1.025	10851626.1017298
-3.125	1.075	0
-3.125	1.125	0
-3.125	1.175	0
-3.125	1.225	10851626.1017298
-3.125	1.275	0
-3.125	1.325	21703252.20345961
-3.125	1.375	21703252.20345961
-3.125	1.425	0
-3.125	1.475	0
-3.125	1.525	10851626.1017298
-3.125	1.575	0
-3.125	1.625	32554878.30518941
-3.125	1.675	10851626.1017298
-3.125	1.725	21703252.20345961
-3.125	1.775	10851626.1017298
-3.125	1.825	21703252.20345961
-3.125	1.875	43406504.40691921
-3.125	1.925	10851626.1017298
-3.125	1.975	10851626.1017298
-3.125	2.025	0
-3.125	2.075	21703252.20345961
-3.125	2.125	0
-3.125	2.175	10851626.1017298
-3.125	2.225	10851626.1017298
-3.125	2.275	21703252.20345961
-3.125	2.325	21703252.20345961
-3.125	2.375	32554878.30518941
-3.125	2.425	21703252.20345961
-3.125	2.475	0
-3.125	2.525	0
-3.125	2.575	0
-3.125	2.625	0
-3.075	-1.975	0
-3.075	-1.925	0
-3.075	-1.875	0
-3.075	-1.825	0
-3.075	-1.775	0
-3.075	-1.725	0
-3.075	-1.675	0
-3.075	-1.625	0
-3.075	-1.575	0
-3.075	-1.525	0
-3.075	-1.475	0
-3.075	-1.425	0
-3.075	-1.375	0
-3.075	-1.325	0
-3.075	-1.275	0
-3.075	-1.225	0
-3.075	-1.175	0
-3.075	-1.125	0
-3.075	-1.075	0
-3.075	-1.025	0
-3.075	-0.975	0
-3.075	-0.925	0
-3.075	-0.875	0
-3.075	-0.825	0
-3.075	-0.775	0
-3.075	-0.725	0
-3.075	-0.675	0
-3.075	-0.625	0
-3.075	-0.575	0
-3.075	-0.525	0
-3.075	-0.475	0
-3.075	-0.425	0
-3.075	-0.375	0
-3.075	-0.325	0
-3.075	-0.275	0
-3.075	-0.225	0
-3.075	-0.175	0
-3.075	-0.125	0
-3.075	-0.0749999999999999	0
-3.075	-0.0249999999999999	10851626.1017298
-3.075	0.0250000000000001	0
-3.075	0.0750000000000001	0
-3.075	0.125	0
-3.075	0.175	0
-3.075	0.225	0
-3.075	0.275	0
-3.075	0.325	0
-3.075	0.375	0
-3.075	0.425	0
-3.075	0.475	0
-3.075	0.525	0
-3.075	0.575	0
-3.075	0.625	0
-3.075	0.675	0
-3.075	0.725	21703252.20345961
-3.075	0.775	10851626.1017298
-3.075	0.825	10851626.1017298
-3.075	0.875	0
-3.075	0.925	0
-3.075	0.975	21703252.20345961
-3.075	1.025	0
-3.075	1.075	0
-3.075	1.125	0
-3.075	1.175	10851626.1017298
-3.075	1.225	0
-3.075	1.275	0
-3.075	1.325	21703252.20345961
-3.075	1.375	0
-3.075	1.425	21703252.20345961
-3.075	1.475	10851626.1017298
-3.075	1.525	0
-3.075	1.575	21703252.20345961
-3.075	1.625	10851626.1017298
-3.075	1.675	21703252.20345961
-3.075	1.725	32554878.30518941
-3.075	1.775	32554878.30518941
-3.075	1.825	54258130.50864901
-3.075	1.875	32554878.30518941
-3.075	1.925	21703252.20345961
-3.075	1.975	10851626.1017298
-3.075	2.025	43406504.40691921
-3.075	2.075	10851626.1017298
-3.075	2.125	21703252.20345961
-3.075	2.175	43406504.40691921
-3.075	2.225	10851626.1017298
-3.075	2.275	43406504.40691921
-3.075	2.325	43406504.40691921
-3.075	2.375	21703252.20345961
-3.075	2.425	10851626.1017298
-3.075	2.475	10851626.1017298
-3.075	2.525	10851626.1017298
-3.075	2.575	0
-3.075	2.625	0
-3.025	-1.975	0
-3.025	-1.925	0
-3.025	-1.875	0
-3.025	-1.825	0
-3.025	-1.775	0
-3.025	-1.725	0
-3.025	-1.675	0
-3.025	-1.625	0
-3.025	-1.575	0
-3.025	-1.525	0
-3.025	-1.475	0
-3.025	-1.425	0
-3.025	-1.375	0
-3.025	-1.325	0
-3.025	-1.275	0
-3.025	-1.225	0
-3.025	-1.175	0
-3.025	-1.125	0
-3.025	-1.075	0
-3.025	-1.025	0
-3.025	-0.975	0
-3.025	-0.925	0
-3.025	-0.875	0
-3.025	-0.825	0
-3.025	-0.775	0
-3.025	-0.725	0
-3.025	-0.675	0
-3.025	-0.625	0
-3.025	-0.575	0
-3.025	-0.525	0
-3.025	-0.475	0
-3.025	-0.425	0
-3.025	-0.375	0
-3.025	-0.325	0
-3.025	-0.275	0
-3.025	-0.225	0
-3.025	-0.175	0
-3.025	-0.125	0
-3.025	-0.0749999999999999	0
-3.025	-0.0249999999999999	0
-3.025	0.0250000000000001	0
-3.025	0.0750000000000001	0
-3.025	0.125	0
-3.025	0.175	0
-3.025	0.225	0
-3.025	0.275	10851626.1017298
-3.025	0.325	0
-3.025	0.375	0
-3.025	0.425	0
-3.025	0.475	0
-3.025	0.525	0
-3.025	0.575	0
-3.025	0.625	0
-3.025	0.675	0
-3.025	0.725	0
-3.025	0.775	10851626.1017298
-3.025	0.825	0
-3.025	0.875	0
-3.025	0.925	10851626.1017298
-3.025	0.975	21703252.20345961
-3.025	1.025	0
-3.025	1.075	0
-3.025	1.125	21703252.20345961
-3.025	1.175	0
-3.025	1.225	10851626.1017298
-3.025	1.275	0
-3.025	1.325	32554878.30518941
-3.025	1.375	10851626.1017298
-3.025	1.425	21703252.20345961
-3.025	1.475	32554878.30518941
-3.025	1.525	32554878.30518941
-3.025	1.575	21703252.20345961
-3.025	1.625	21703252.20345961
-3.025	1.675	86813008.81383842
-3.025	1.725	21703252.20345961
-3.025	1.775	10851626.1017298
-3.025	1.825	32554878.30518941
-3.025	1.875	21703252.20345961
-3.025	1.925	21703252.20345961
-3.025	1.975	21703252.20345961
-3.025	2.025	32554878.30518941
-3.025	2.075	86813008.81383842
-3.025	2.125	32554878.30518941
-3.025	2.175	32554878.30518941
-3.025	2.225	32554878.30518941
-3.025	2.275	43406504.40691921
-3.025	2.325	21703252.20345961
-3.025	2.375	32554878.30518941
-3.025	2.425	10851626.1017298
-3.025	2.475	0
-3.025	2.525	0
-3.025	2.575	0
-3.025	2.625	0
-2.975	-1.975	0
-2.975	-1.925	0
-2.975	-1.875	0
-2.975	-1.825	0
-2.975	-1.775	0
-2.975	-1.725	0
-2.975	-1.675	0
-2.975	-1.625	0
-2.975	-1.575	0
-2.975	-1.525	0
-2.975	-1.475	0
-2.975	-1.425	0
-2.975	-1.375	0
-2.975	-1.325	0
-2.975	-1.275	0
-2.975	-1.225	0
-2.975	-1.175	0
-2.975	-1.125	0
-2.975	-1.075	0
-2.975	-1.025	0
-2.975	-0.975	0
-2.975	-0.925	0
-2.975	-0.875	0
-2.975	-0.825	0
-2.975	-0.775	0
-2.975	-0.725	0
-2.975	-0.675	0
-2.975	-0.625	0
-2.975	-0.575	0
-2.975	-0.525	0
-2.975	-0.475	0
-2.975	-0.425	0
-2.975	-0.375	0
-2.975	-0.325	0
-2.975	-0.275	0
-2.975	-0.225	0
-2.975	-0.175	0
-2.975	-0.125	0
-2.975	-0.0749999999999999	0
-2.975	-0.0249999999999999	0
-2.975	0.0250000000000001	0
-2.975	0.0750000000000001	0
-2.975	0.125	0
-2.975	0.175	0
-2.975	0.225	0
-2.975	0.275	0
-2.975	0.325	0
-2.975	0.375	0
-2.975	0.425	10851626.1017298
-2.975	0.475	0
-2.975	0.525	0
-2.975	0.575	0
-2.975	0.625	0
-2.975	0.675	0
-2.975	0.725	0
-2.975	0.775	0
-2.975	0.825	0
-2.975	0.875	0
-2.975	0.925	0
-2.975	0.975	0
-2.975	1.025	10851626.1017298
-2.975	1.075	0
-2.975	1.125	10851626.1017298
-2.975	1.175	21703252.20345961
-2.975	1.225	10851626.1017298
-2.975	1.275	10851626.1017298
-2.975	1.325	10851626.1017298
-2.975	1.375	21703252.20345961
-2.975	1.425	32554878.30518941
-2.975	1.475	21703252.20345961
-2.975	1.525	32554878.30518941
-2.975	1.575	32554878.30518941
-2.975	1.625	32554878.30518941
-2.975	1.675	54258130.50864901
-2.975	1.725	32554878.30518941
-2.975	1.775	10851626.1017298
-2.975	1.825	21703252.20345961
-2.975	1.875	21703252.20345961
-2.975	1.925	32554878.30518941
-2.975	1.975	75961382.71210863
-2.975	2.025	21703252.20345961
-2.975	2.075	65109756.61037882
-2.975	2.125	43406504.40691921
-2.975	2.175	32554878.30518941
-2.975	2.225	32554878.30518941
-2.975	2.275	43406504.40691921
-2.975	2.325	32554878.30518941
-2.975	2.375	0
-2.975	2.425	10851626.1017298
-2.975	2.475	10851626.1017298
-2.975	2.525	0
-2.975	2.575	10851626.1017298
-2.975	2.625	0
-2.925	-1.975	0
-2.925	-1.925	0
-2.925	-1.875	0
-2.925	-1.825	0
-2.925	-1.775	0
-2.925	-1.725	0
-2.925	-1.675	0
-2.925	-1.625	0
-2.925	-1.575	0
-2.925	-1.525	0
-2.925	-1.475	0
-2.925	-1.425	0
-2.925	-1.375	0
-2.925	-1.325	0
-2.925	-1.275	0
-2.925	-1.225	0
-2.925	-1.175	0
-2.925	-1.125	0
-2.925	-1.075	0
-2.925	-1.025	0
-2.925	-0.975	0
-2.925	-0.925	0
-2.925	-0.875	0
-2.925	-0.825	0
-2.925	-0.775	0
-2.925	-0.725	0
-2.925	-0.675	0
-2.925	-0.625	0
-2.925	-0.575	0
-2.925	-0.525	0
-2.925	-0.475	0
-2.925	-0.425	0
-2.925	-0.375	0
-2.925	-0.325	0
-2.925	-0.275	0
-2.925	-0.225	0
-2.925	-0.175	0
-2.925	-0.125	0
-2.925	-0.0749999999999999	10851626.1017298
-2.925	-0.0249999999999999	0
-2.925	0.0250000000000001	0
-2.925	0.0750000000000001	0
-2.925	0.125	0
-2.925	0.175	0
-2.925	0.225	0
-2.925	0.275	0
-2.925	0.325	0
-2.925	0.375	0
-2.925	0.425	0
-2.925	0.475	10851626.1017298
-2.925	0.525	0
-2.925	0.575	0
-2.925	0.625	0
-2.925	0.675	0
-2.925	0.725	0
-2.925	0.775	0
-2.925	0.825	0
-2.925	0.875	0
-2.925	0.925	0
-2.925	0.975	0
-2.925	1.025	0
-2.925	1.075	0
-2.925	1.125	10851626.1017298
-2.925	1.175	10851626.1017298
-2.925	1.225	32554878.30518941
-2.925	1.275	0
-2.925	1.325	21703252.20345961
-2.925	1.375	21703252.20345961
-2.925	1.425	10851626.1017298
-2.925	1.475	43406504.40691921
-2.925	1.525	54258130.50864901
-2.925	1.575	21703252.20345961
-2.925	1.625	43406504.40691921
-2.925	1.675	32554878.30518941
-2.925	1.725	21703252.20345961
-2.925	1.775	43406504.40691921
-2.925	1.825	54258130.50864901
-2.925	1.875	75961382.71210863
-2.925	1.925	32554878.30518941
-2.925	1.975	54258130.50864901
-2.925	2.025	108516261.017298
-2.925	2.075	10851626.1017298
-2.925	2.125	108516261.017298
-2.925	2.175	21703252.20345961
-2.925	2.225	10851626.1017298
-2.925	2.275	54258130.50864901
-2.925	2.325	21703252.20345961
-2.925	2.375	65109756.61037882
-2.925	2.425	43406504.40691921
-2.925	2.475	10851626.1017298
-2.925	2.525	0
-2.925	2.575	0
-2.925	2.625	0
-2.875	-1.975	0
-2.875	-1.925	0
-2.875	-1.875	0
-2.875	-1.825	0
-2.875	-1.775	0
-2.875	-1.725	0
-2.875	-1.675	0
-2.875	-1.625	0
-2.875	-1.575	0
-2.875	-1.525	0
-2.875	-1.475	0
-2.875	-1.425	0
-2.875	-1.375	0
-2.875	-1.325	0
-2.875	-1.275	0
-2.875	-1.225	0
-2.875	-1.175	0
-2.875	-1.125	0
-2.875	-1.075	0
-2.875	-1.025	0
-2.875	-0.975	0
-2.875	-0.925	0
-2.875	-0.875	0
-2.875	-0.825	0
-2.875	-0.775	0
-2.875	-0.725	0
-2.875	-0.675	0
-2.875	-0.625	0
-2.875	-0.575	0
-2.875	-0.525	0
-2.875	-0.475	0
-2.875	-0.425	0
-2.875	-0.375	0
-2.875	-0.325	0
-2.875	-0.275	0
-2.875	-0.225	0
-2.875	-0.175	0
-2.875	-0.125	0
-2.875	-0.0749999999999999	0
-2.875	-0.0249999999999999	0
-2.875	0.0250000000000001	0
-2.875	0.0750000000000001	0
-2.875	0.125	0
-2.875	0.175	0
-2.875	0.225	0
-2.875	0.275	0
-2.875	0.325	0
-2.875	0.375	10851626.1017298
-2.875	0.425	0
-2.875	0.475	0
-2.875	0.525	0
-2.875	0.575	10851626.1017298
-2.875	0.625	0
-2.875	0.675	0
-2.875	0.725	0
-2.875	0.775	0
-2.875	0.825	0
-2.875	0.875	21703252.20345961
-2.875	0.925	0
-2.875	0.975	10851626.1017298
-2.875	1.025	10851626.1017298
-2.875	1.075	10851626.1017298
-2.875	1.125	21703252.20345961
-2.875	1.175	21703252.20345961
-2.875	1.225	54258130.50864901
-2.875	1.275	10851626.1017298
-2.875	1.325	0
-2.875	1.375	21703252.20345961
-2.875	1.425	86813008.81383842
-2.875	1.475	21703252.20345961
-2.875	1.525	43406504.40691921
-2.875	1.575	32554878.30518941
-2.875	1.625	108516261.017298
-2.875	1.675	54258130.50864901
-2.875	1.725	54258130.50864901
-2.875	1.775	75961382.71210863
-2.875	1.825	75961382.71210863
-2.875	1.875	43406504.40691921
-2.875	1.925	43406504.40691921
-2.875	1.975	97664634.91556822
-2.875	2.025	86813008.81383842
-2.875	2.075	97664634.91556822
-2.875	2.125	97664634.91556822
-2.875	2.175	75961382.71210863
-2.875	2.225	32554878.30518941
-2.875	2.275	54258130.50864901
-2.875	2.325	43406504.40691921
-2.875	2.375	43406504.40691921
-2.875	2.425	0
-2.875	2.475	0
-2.875	2.525	0
-2.875	2.575	0
-2.875	2.625	0
-2.825	-1.975	0
-2.825	-1.925	0
-2.825	-1.875	0
-2.825	-1.825	0
-2.825	-1.775	0
-2.825	-1.725	0
-2.825	-1.675	0
-2.825	-1.625	0
-2.825	-1.575	0
-2.825	-1.525	0
-2.825	-1.475	0
-2.825	-1.425	0
-2.825	-1.375	0
-2.825	-1.325	0
-2.825	-1.275	0
-2.825	-1.225	0
-2.825	-1.175	0
-2.825	-1.125	0
-2.825	-1.075	0
-2.825	-1.025	0
-2.825	-0.975	0
-2.825	-0.925	0
-2.825	-0.875	0
-2.825	-0.825	0
-2.825	-0.775	0
-2.825	-0.725	0
-2.825	-0.675	0
-2.825	-0.625	0
-2.825	-0.575	0
-2.825	-0.525	0
-2.825	-0.475	0
-2.825	-0.425	0
-2.825	-0.375	0
-2.825	-0.325	0
-2.825	-0.275	0
-2.825	-0.225	0
-2.825	-0.175	0
-2.825	-0.125	0
-2.825	-0.0749999999999999	0
-2.825	-0.0249999999999999	0
-2.825	0.0250000000000001	0
-2.825	0.0750000000000001	0
-2.825	0.125	0
-2.825	0.175	0
-2.825	0.225	0
-2.825	0.275	0
-2.825	0.325	10851626.1017298
-2.825	0.375	0
-2.825	0.425	21703252.20345961
-2.825	0.475	10851626.1017298
-2.825	0.525	10851626.1017298
-2.825	0.575	10851626.1017298
-2.825	0.625	0
-2.825	0.675	0
-2.825	0.725	0
-2.825	0.775	10851626.1017298
-2.825	0.825	0
-2.825	0.875	10851626.1017298
-2.825	0.925	10851626.1017298
-2.825	0.975	10851626.1017298
-2.825	1.025	32554878.30518941
-2.825	1.075	32554878.30518941
-2.825	1.125	0
-2.825	1.175	43406504.40691921
-2.825	1.225	21703252.20345961
-2.825	1.275	10851626.1017298
-2.825	1.325	21703252.20345961
-2.825	1.375	10851626.1017298
-2.825	1.425	10851626.1017298
-2.825	1.475	65109756.61037882
-2.825	1.525	10851626.1017298
-2.825	1.575	32554878.30518941
-2.825	1.625	86813008.81383842
-2.825	1.675	75961382.71210863
-2.825	1.725	97664634.91556822
-2.825	1.775	97664634.91556822
-2.825	1.825	86813008.81383842
-2.825	1.875	43406504.40691921
-2.825	1.925	130219513.2207576
-2.825	1.975	54258130.50864901
-2.825	2.025	119367887.1190278
-2.825	2.075	32554878.30518941
-2.825	2.125	75961382.71210863
-2.825	2.175	86813008.81383842
-2.825	2.225	86813008.81383842
-2.825	2.275	54258130.50864901
-2.825	2.325	21703252.20345961
-2.825	2.375	32554878.30518941
-2.825	2.425	32554878.30518941
-2.825	2.475	0
-2.825	2.525	10851626.1017298
-2.825	2.575	0
-2.825	2.625	0
-2.775	-1.975	0
-2.775	-1.925	0
-2.775	-1.875	0
-2.775	-1.825	0
-2.775	-1.775	0
-2.775	-1.725	0
-2.775	-1.675	0
-2.775	-1.625	0
-2.775	-1.575	0
-2.775	-1.525	0
-2.775	-1.475	0
-2.775	-1.425	0
-2.775	-1.375	0
-2.775	-1.325	0
-2.775	-1.275	0
-2.775	-1.225	0
-2.775	-1.175	0
-2.775	-1.125	0
-2.775	-1.075	0
-2.775	-1.025	0
-2.775	-0.975	0
-2.775	-0.925	0
-2.775	-0.875	0
-2.775	-0.825	0
-2.775	-0.775	0
-2.775	-0.725	0
-2.775	-0.675	0
-2.775	-0.625	0
-2.775	-0.575	0
-2.775	-0.525	0
-2.775	-0.475	0
-2.775	-0.425	0
-2.775	-0.375	0
-2.775	-0.325	0
-2.775	-0.275	0
-2.775	-0.225	0
-2.775	-0.175	0
-2.775	-0.125	0
-2.775	-0.0749999999999999	0
-2.775	-0.0249999999999999	0
-2.775	0.0250000000000001	0
-2.775	0.0750000000000001	0
-2.775	0.125	10851626.1017298
-2.775	0.175	0
-2.775	0.225	0
-2.775	0.275	0
-2.775	0.325	0
-2.775	0.375	0
-2.775	0.425	10851626.1017298
-2.775	0.475	0
-2.775	0.525	0
-2.775	0.575	10851626.1017298
-2.775	0.625	0
-2.775	0.675	10851626.1017298
-2.775	0.725	0
-2.775	0.775	32554878.30518941
-2.775	0.825	10851626.1017298
-2.775	0.875	21703252.20345961
-2.775	0.925	21703252.20345961
-2.775	0.975	21703252.20345961
-2.775	1.025	43406504.40691921
-2.775	1.075	10851626.1017298
-2.775	1.125	10851626.1017298
-2.775	1.175	21703252.20345961
-2.775	1.225	54258130.50864901
-2.775	1.275	32554878.30518941
-2.775	1.325	0
-2.775	1.375	43406504.40691921
-2.775	1.425	43406504.40691921
-2.775	1.475	97664634.91556822
-2.775	1.525	54258130.50864901
-2.775	1.575	65109756.61037882
-2.775	1.625	21703252.20345961
-2.775	1.675	86813008.81383842
-2.775	1.725	75961382.71210863
-2.775	1.775	65109756.61037882
-2.775	1.825	86813008.81383842
-2.775	1.875	97664634.91556822
-2.775	1.925	141071139.3224874
-2.775	1.975	206180895.9328662
-2.775	2.025	54258130.50864901
-2.775	2.075	119367887.1190278
-2.775	2.125	86813008.81383842
-2.775	2.175	32554878.30518941
-2.775	2.225	65109756.61037882
-2.775	2.275	65109756.61037882
-2.775	2.325	54258130.50864901
-2.775	2.375	54258130.50864901
-2.775	2.425	43406504.40691921
-2.775	2.475	0
-2.775	2.525	10851626.1017298
-2.775	2.575	0
-2.775	2.625	0
-2.725	-1.975	0
-2.725	-1.925	0
-2.725	-1.875	0
-2.725	-1.825	0
-2.725	-1.775	0
-2.725	-1.725	0
-2.725	-1.675	0
-2.725	-1.625	0
-2.725	-1.575	0
-2.725	-1.525	0
-2.725	-1.475	0
-2.725	-1.425	0
-2.725	-1.375	0
-2.725	-1.325	0
-2.725	-1.275	0
-2.725	-1.225	0
-2.725	-1.175	0
-2.725	-1.125	0
-2.725	-1.075	0
-2.725	-1.025	0
-2.725	-0.975	0
-2.725	-0.925	0
-2.725	-0.875	0
-2.725	-0.825	0
-2.725	-0.775	0
-2.725	-0.725	0
-2.725	-0.675	0
-2.725	-0.625	0
-2.725	-0.575	0
-2.725	-0.525	0
-2.725	-0.475	0
-2.725	-0.425	0
-2.725	-0.375	0
-2.725	-0.325	0
-2.725	-0.275	0
-2.725	-0.225	0
-2.725	-0.175	0
-2.725	-0.125	0
-2.725	-0.0749999999999999	0
-2.725	-0.0249999999999999	0
-2.725	0.0250000000000001	0
-2.725	0.0750000000000001	0
-2.725	0.125	0
-2.725	0.175	0
-2.725	0.225	0
-2.725	0.275	10851626.1017298
-2.725	0.325	0
-2.725	0.375	0
-2.725	0.425	10851626.1017298
-2.725	0.475	0
-2.725	0.525	10851626.1017298
-2.725	0.575	10851626.1017298
-2.725	0.625	0
-2.725	0.675	0
-2.725	0.725	54258130.50864901
-2.725	0.775	0
-2.725	0.825	0
-2.725	0.875	10851626.1017298
-2.725	0.925	10851626.1017298
-2.725	0.975	0
-2.725	1.025	10851626.1017298
-2.725	1.075	43406504.40691921
-2.725	1.125	43406504.40691921
-2.725	1.175	32554878.30518941
-2.725	1.225	32554878.30518941
-2.725	1.275	32554878.30518941
-2.725	1.325	43406504.40691921
-2.725	1.375	86813008.81383842
-2.725	1.425	75961382.71210863
-2.725	1.475	65109756.61037882
-2.725	1.525	43406504.40691921
-2.725	1.575	54258130.50864901
-2.725	1.625	162774391.5259471
-2.725	1.675	86813008.81383842
-2.725	1.725	86813008.81383842
-2.725	1.775	238735774.2380557
-2.725	1.825	141071139.3224874
-2.725	1.875	97664634.91556822
-2.725	1.925	173626017.6276768
-2.725	1.975	141071139.3224874
-2.725	2.025	86813008.81383842
-2.725	2.075	151922765.4242173
-2.725	2.125	75961382.71210863
-2.725	2.175	130219513.2207576
-2.725	2.225	43406504.40691921
-2.725	2.275	32554878.30518941
-2.725	2.325	21703252.20345961
-2.725	2.375	54258130.50864901
-2.725	2.425	32554878.30518941
-2.725	2.475	0
-2.725	2.525	10851626.1017298
-2.725	2.575	0
-2.725	2.625	0
-2.675	-1.975	0
-2.675	-1.925	0
-2.675	-1.875	0
-2.675	-1.825	0
-2.675	-1.775	0
-2.675	-1.725	0
-2.675	-1.675	0
-2.675	-1.625	0
-2.675	-1.575	0
-2.675	-1.525	0
-2.675	-1.475	0
-2.675	-1.425	0
-2.675	-1.375	0
-2.675	-1.325	0
-2.675	-1.275	0
-2.675	-1.225	0
-2.675	-1.175	0
-2.675	-1.125	0
-2.675	-1.075	0
-2.675	-1.025	0
-2.675	-0.975	0
-2.675	-0.925	0
-2.675	-0.875	0
-2.675	-0.825	0
-2.675	-0.775	0
-2.675	-0.725	0
-2.675	-0.675	0
-2.675	-0.625	0
-2.675	-0.575	0
-2.675	-0.525	0
-2.675	-0.475	0
-2.675	-0.425	0
-2.675	-0.375	0
-2.675	-0.325	0
-2.675	-0.275	0
-2.675	-0.225	0
-2.675	-0.175	0
-2.675	-0.125	0
-2.675	-0.0749999999999999	0
-2.675	-0.0249999999999999	0
-2.675	0.0250000000000001	0
-2.675	0.0750000000000001	0
-2.675	0.125	0
-2.675	0.175	0
-2.675	0.225	0
-2.675	0.275	0
-2.675	0.325	21703252.20345961
-2.675	0.375	21703252.20345961
-2.675	0.425	10851626.1017298
-2.675	0.475	10851626.1017298
-2.675	0.525	10851626.1017298
-2.675	0.575	0
-2.675	0.625	21703252.20345961
-2.675	0.675	0
-2.675	0.725	0
-2.675	0.775	10851626.1017298
-2.675	0.825	32554878.30518941
-2.675	0.875	21703252.20345961
-2.675	0.925	21703252.20345961
-2.675	0.975	21703252.20345961
-2.675	1.025	21703252.20345961
-2.675	1.075	32554878.30518941
-2.675	1.125	32554878.30518941
-2.675	1.175	65109756.61037882
-2.675	1.225	65109756.61037882
-2.675	1.275	32554878.30518941
-2.675	1.325	43406504.40691921
-2.675	1.375	75961382.71210863
-2.675	1.425	119367887.1190278
-2.675	1.475	75961382.71210863
-2.675	1.525	43406504.40691921
-2.675	1.575	75961382.71210863
-2.675	1.625	162774391.5259471
-2.675	1.675	162774391.5259471
-2.675	1.725	151922765.4242173
-2.675	1.775	119367887.1190278
-2.675	1.825	151922765.4242173
-2.675	1.875	217032522.0345961
-2.675	1.925	173626017.6276768
-2.675	1.975	108516261.017298
-2.675	2.025	162774391.5259471
-2.675	2.075	173626017.6276768
-2.675	2.125	184477643.7294067
-2.675	2.175	130219513.2207576
-2.675	2.225	130219513.2207576
-2.675	2.275	119367887.1190278
-2.675	2.325	43406504.40691921
-2.675	2.375	75961382.71210863
-2.675	2.425	54258130.50864901
-2.675	2.475	32554878.30518941
-2.675	2.525	0
-2.675	2.575	10851626.1017298
-2.675	2.625	0
-2.625	-1.975	0
-2.625	-1.925	0
-2.625	-1.875	0
-2.625	-1.825	0
-2.625	-1.775	0
-2.625	-1.725	0
-2.625	-1.675	0
-2.625	-1.625	0
-2.625	-1.575	0
-2.625	-1.525	0
-2.625	-1.475	0
-2.625	-1.425	0
-2.625	-1.375	0
-2.625	-1.325	0
-2.625	-1.275	0
-2.625	-1.225	0
-2.625	-1.175	0
-2.625	-1.125	0
-2.625	-1.075	0
-2.625	-1.025	0
-2.625	-0.975	0
-2.625	-0.925	0
-2.625	-0.875	0
-2.625	-0.825	0
-2.625	-0.775	0
-2.625	-0.725	0
-2.625	-0.675	0
-2.625	-0.625	0
-2.625	-0.575	0
-2.625	-0.525	0
-2.625	-0.475	0
-2.625	-0.425	0
-2.625	-0.375	0
-2.625	-0.325	0
-2.625	-0.275	0
-2.625	-0.225	0
-2.625	-0.175	0
-2.625	-0.125	0
-2.625	-0.0749999999999999	0
-2.625	-0.0249999999999999	0
-2.625	0.0250000000000001	0
-2.625	0.0750000000000001	10851626.1017298
-2.625	0.125	0
-2.625	0.175	0
-2.625	0.225	10851626.1017298
-2.625	0.275	0
-2.625	0.325	10851626.1017298
-2.625	0.375	10851626.1017298
-2.625	0.425	0
-2.625	0.475	10851626.1017298
-2.625	0.525	21703252.20345961
-2.625	0.575	10851626.1017298
-2.625	0.625	10851626.1017298
-2.625	0.675	10851626.1017298
-2.625	0.725	32554878.30518941
-2.625	0.775	0
-2.625	0.825	0
-2.625	0.875	21703252.20345961
-2.625	0.925	21703252.20345961
-2.625	0.975	10851626.1017298
-2.625	1.025	43406504.40691921
-2.625	1.075	54258130.50864901
-2.625	1.125	21703252.20345961
-2.625	1.175	65109756.61037882
-2.625	1.225	32554878.30518941
-2.625	1.275	65109756.61037882
-2.625	1.325	130219513.2207576
-2.625	1.375	97664634.91556822
-2.625	1.425	65109756.61037882
-2.625	1.475	130219513.2207576
-2.625	1.525	86813008.81383842
-2.625	1.575	173626017.6276768
-2.625	1.625	130219513.2207576
-2.625	1.675	108516261.017298
-2.625	1.725	206180895.9328662
-2.625	1.775	173626017.6276768
-2.625	1.825	119367887.1190278
-2.625	1.875	162774391.5259471
-2.625	1.925	184477643.7294067
-2.625	1.975	303845530.8484345
-2.625	2.025	260439026.4415153
-2.625	2.075	173626017.6276768
-2.625	2.125	184477643.7294067
-2.625	2.175	65109756.61037882
-2.625	2.225	75961382.71210863
-2.625	2.275	108516261.017298
-2.625	2.325	43406504.40691921
-2.625	2.375	21703252.20345961
-2.625	2.425	43406504.40691921
-2.625	2.475	10851626.1017298
-2.625	2.525	10851626.1017298
-2.625	2.575	0
-2.625	2.625	0
-2.575	-1.975	0
-2.575	-1.925	0
-2.575	-1.875	0
-2.575	-1.825	0
-2.575	-1.775	0
-2.575	-1.725	0
-2.575	-1.675	0
-2.575	-1.625	0
-2.575	-1.575	0
-2.575	-1.525	0
-2.575	-1.475	0
-2.575	-1.425	0
-2.575	-1.375	0
-2.575	-1.325	0
-2.575	-1.275	0
-2.575	-1.225	0
-2.575	-1.175	0
-2.575	-1.125	0
-2.575	-1.075	0
-2.575	-1.025	0
-2.575	-0.975	0
-2.575	-0.925	0
-2.575	-0.875	0
-2.575	-0.825	0
-2.575	-0.775	0
-2.575	-0.725	0
-2.575	-0.675	0
-2.575	-0.625	0
-2.575	-0.575	0
-2.575	-0.525	0
-2.575	-0.475	0
-2.575	-0.425	0
-2.575	-0.375	0
-2.575	-0.325	0
-2.575	-0.275	0
-2.575	-0.225	0
-2.575	-0.175	0
-2.575	-0.125	0
-2.575	-0.0749999999999999	0
-2.575	-0.0249999999999999	0
-2.575	0.0250000000000001	0
-2.575	0.0750000000000001	10851626.1017298
-2.575	0.125	0
-2.575	0.175	0
-2.575	0.225	0
-2.575	0.275	0
-2.575	0.325	0
-2.575	0.375	0
-2.575	0.425	0
-2.575	0.475	10851626.1017298
-2.575	0.525	10851626.1017298
-2.575	0.575	32554878.30518941
-2.575	0.625	10851626.1017298
-2.575	0.675	21703252.20345961
-2.575	0.725	0
-2.575	0.775	32554878.30518941
-2.575	0.825	54258130.50864901
-2.575	0.875	54258130.50864901
-2.575	0.925	32554878.30518941
-2.575	0.975	43406504.40691921
-2.575	1.025	0
-2.575	1.075	54258130.50864901
-2.575	1.125	21703252.20345961
-2.575	1.175	54258130.50864901
-2.575	1.225	65109756.61037882
-2.575	1.275	130219513.2207576
-2.575	1.325	119367887.1190278
-2.575	1.375	86813008.81383842
-2.575	1.425	108516261.017298
-2.575	1.475	130219513.2207576
-2.575	1.525	130219513.2207576
-2.575	1.575	173626017.6276768
-2.575	1.625	184477643.7294067
-2.575	1.675	260439026.4415153
-2.575	1.725	184477643.7294067
-2.575	1.775	217032522.0345961
-2.575	1.825	162774391.5259471
-2.575	1.875	206180895.9328662
-2.575	1.925	282142278.6449749
-2.575	1.975	249587400.3397855
-2.575	2.025	260439026.4415153
-2.575	2.075	227884148.1363259
-2.575	2.125	173626017.6276768
-2.575	2.175	206180895.9328662
-2.575	2.225	184477643.7294067
-2.575	2.275	75961382.71210863
-2.575	2.325	86813008.81383842
-2.575	2.375	32554878.30518941
-2.575	2.425	43406504.40691921
-2.575	2.475	21703252.20345961
-2.575	2.525	21703252.20345961
-2.575	2.575	0
-2.575	2.625	0
-2.525	-1.975	0
-2.525	-1.925	0
-2.525	-1.875	0
-2.525	-1.825	0
-2.525	-1.775	0
-2.525	-1.725	0
-2.525	-1.675	0
-2.525	-1.625	0
-2.525	-1.575	0
-2.525	-1.525	0
-2.525	-1.475	0
-2.525	-1.425	0
-2.525	-1.375	0
-2.525	-1.325	0
-2.525	-1.275	0
-2.525	-1.225	0
-2.525	-1.175	0
-2.525	-1.125	0
-2.525	-1.075	0
-2.525	-1.025	0
-2.525	-0.975	0
-2.525	-0.925	0
-2.525	-0.875	0
-2.525	-0.825	0
-2.525	-0.775	0
-2.525	-0.725	0
-2.525	-0.675	0
-2.525	-0.625	0
-2.525	-0.575	0
-2.525	-0.525	0
-2.525	-0.475	0
-2.525	-0.425	0
-2.525	-0.375	0
-2.525	-0.325	0
-2.525	-0.275	0
-2.525	-0.225	0
-2.525	-0.175	0
-2.525	-0.125	0
-2.525	-0.0749999999999999	0
-2.525	-0.0249999999999999	0
-2.525	0.0250000000000001	0
-2.525	0.0750000000000001	0
-2.525	0.125	0
-2.525	0.175	0
-2.525	0.225	0
-2.525	0.275	10851626.1017298
-2.525	0.325	10851626.1017298
-2.525	0.375	0
-2.525	0.425	10851626.1017298
-2.525	0.475	21703252.20345961
-2.525	0.525	21703252.20345961
-2.525	0.575	21703252.20345961
-2.525	0.625	10851626.1017298
-2.525	0.675	43406504.40691921
-2.525	0.725	0
-2.525	0.775	32554878.30518941
-2.525	0.825	65109756.61037882
-2.525	0.875	32554878.30518941
-2.525	0.925	43406504.40691921
-2.525	0.975	43406504.40691921
-2.525	1.025	43406504.40691921
-2.525	1.075	65109756.61037882
-2.525	1.125	21703252.20345961
-2.525	1.175	54258130.50864901
-2.525	1.225	86813008.81383842
-2.525	1.275	97664634.91556822
-2.525	1.325	141071139.3224874
-2.525	1.375	86813008.81383842
-2.525	1.425	162774391.5259471
-2.525	1.475	86813008.81383842
-2.525	1.525	119367887.1190278
-2.525	1.575	162774391.5259471
-2.525	1.625	227884148.1363259
-2.525	1.675	206180895.9328662
-2.525	1.725	336400409.1536239
-2.525	1.775	303845530.8484345
-2.525	1.825	325548783.0518941
-2.525	1.875	347252035.2553537
-2.525	1.925	292993904.7467047
-2.525	1.975	390658539.6622729
-2.525	2.025	282142278.6449749
-2.525	2.075	249587400.3397855
-2.525	2.125	217032522.0345961
-2.525	2.175	130219513.2207576
-2.525	2.225	184477643.7294067
-2.525	2.275	141071139.3224874
-2.525	2.325	43406504.40691921
-2.525	2.375	21703252.20345961
-2.525	2.425	32554878.30518941
-2.525	2.475	10851626.1017298
-2.525	2.525	10851626.1017298
-2.525	2.575	0
-2.525	2.625	0
-2.475	-1.975	0
-2.475	-1.925	0
-2.475	-1.875	0
-2.475	-1.825	0
-2.475	-1.775	0
-2.475	-1.725	0
-2.475	-1.675	0
-2.475	-1.625	0
-2.475	-1.575	0
-2.475	-1.525	0
-2.475	-1.475	0
-2.475	-1.425	0
-2.475	-1.375	0
-2.475	-1.325	0
-2.475	-1.275	0
-2.475	-1.225	0
-2.475	-1.175	0
-2.475	-1.125	0
-2.475	-1.075	0
-2.475	-1.025	0
-2.475	-0.975	0
-2.475	-0.925	0
-2.475	-0.875	0
-2.475	-0.825	0
-2.475	-0.775	0
-2.475	-0.725	0
-2.475	-0.675	0
-2.475	-0.625	0
-2.475	-0.575	0
-2.475	-0.525	0
-2.475	-0.475	0
-2.475	-0.425	0
-2.475	-0.375	10851626.1017298
-2.475	-0.325	0
-2.475	-0.275	0
-2.475	-0.225	0
-2.475	-0.175	0
-2.475	-0.125	0
-2.475	-0.0749999999999999	0
-2.475	-0.0249999999999999	10851626.1017298
-2.475	0.0250000000000001	0
-2.475	0.0750000000000001	0
-2.475	0.125	10851626.1017298
-2.475	0.175	0
-2.475	0.225	0
-2.475	0.275	10851626.1017298
-2.475	0.325	0
-2.475	0.375	21703252.20345961
-2.475	0.425	32554878.30518941
-2.475	0.475	10851626.1017298
-2.475	0.525	21703252.20345961
-2.475	0.575	21703252.20345961
-2.475	0.625	10851626.1017298
-2.475	0.675	0
-2.475	0.725	43406504.40691921
-2.475	0.775	32554878.30518941
-2.475	0.825	0
-2.475	0.875	65109756.61037882
-2.475	0.925	75961382.71210863
-2.475	0.975	65109756.61037882
-2.475	1.025	86813008.81383842
-2.475	1.075	43406504.40691921
-2.475	1.125	75961382.71210863
-2.475	1.175	108516261.017298
-2.475	1.225	75961382.71210863
-2.475	1.275	119367887.1190278
-2.475	1.325	97664634.91556822
-2.475	1.375	195329269.8311364
-2.475	1.425	227884148.1363259
-2.475	1.475	206180895.9328662
-2.475	1.525	206180895.9328662
-2.475	1.575	271290652.5432451
-2.475	1.625	314697156.9501643
-2.475	1.675	271290652.5432451
-2.475	1.725	217032522.0345961
-2.475	1.775	368955287.4588133
-2.475	1.825	423213417.9674624
-2.475	1.875	358103661.3570835
-2.475	1.925	499174800.6795709
-2.475	1.975	401510165.7640027
-2.475	2.025	401510165.7640027
-2.475	2.075	195329269.8311364
-2.475	2.125	249587400.3397855
-2.475	2.175	195329269.8311364
-2.475	2.225	151922765.4242173
-2.475	2.275	119367887.1190278
-2.475	2.325	54258130.50864901
-2.475	2.375	43406504.40691921
-2.475	2.425	0
-2.475	2.475	21703252.20345961
-2.475	2.525	0
-2.475	2.575	0
-2.475	2.625	0
-2.425	-1.975	0
-2.425	-1.925	0
-2.425	-1.875	0
-2.425	-1.825	0
-2.425	-1.775	0
-2.425	-1.725	0
-2.425	-1.675	0
-2.425	-1.625	0
-2.425	-1.575	0
-2.425	-1.525	0
-2.425	-1.475	0
-2.425	-1.425	0
-2.425	-1.375	0
-2.425	-1.325	0
-2.425	-1.275	0
-2.425	-1.225	0
-2.425	-1.175	0
-2.425	-1.125	0
-2.425	-1.075	0
-2.425	-1.025	0
-2.425	-0.975	0
-2.425	-0.925	0
-2.425	-0.875	0
-2.425	-0.825	0
-2.425	-0.775	0
-2.425	-0.725	0
-2.425	-0.675	0
-2.425	-0.625	0
-2.425	-0.575	0
-2.425	-0.525	0
-2.425	-0.475	0
-2.425	-0.425	0
-2.425	-0.375	0
-2.425	-0.325	0
-2.425	-0.275	0
-2.425	-0.225	0
-2.425	-0.175	0
-2.425	-0.125	0
-2.425	-0.0749999999999999	10851626.1017298
-2.425	-0.0249999999999999	0
-2.425	0.0250000000000001	0
-2.425	0.0750000000000001	0
-2.425	0.125	0
-2.425	0.175	10851626.1017298
-2.425	0.225	0
-2.425	0.275	0
-2.425	0.325	21703252.20345961
-2.425	0.375	10851626.1017298
-2.425	0.425	21703252.20345961
-2.425	0.475	0
-2.425	0.525	21703252.20345961
-2.425	0.575	43406504.40691921
-2.425	0.625	54258130.50864901
-2.425	0.675	54258130.50864901
-2.425	0.725	10851626.1017298
-2.425	0.775	43406504.40691921
-2.425	0.825	54258130.50864901
-2.425	0.875	65109756.61037882
-2.425	0.925	32554878.30518941
-2.425	0.975	86813008.81383842
-2.425	1.025	43406504.40691921
-2.425	1.075	75961382.71210863
-2.425	1.125	65109756.61037882
-2.425	1.175	75961382.71210863
-2.425	1.225	97664634.91556822
-2.425	1.275	217032522.0345961
-2.425	1.325	217032522.0345961
-2.425	1.375	206180895.9328662
-2.425	1.425	238735774.2380557
-2.425	1.475	227884148.1363259
-2.425	1.525	368955287.4588133
-2.425	1.575	444916670.170922
-2.425	1.625	325548783.0518941
-2.425	1.675	347252035.2553537
-2.425	1.725	368955287.4588133
-2.425	1.775	336400409.1536239
-2.425	1.825	488323174.5778412
-2.425	1.875	477471548.4761114
-2.425	1.925	358103661.3570835
-2.425	1.975	336400409.1536239
-2.425	2.025	390658539.6622729
-2.425	2.075	238735774.2380557
-2.425	2.125	271290652.5432451
-2.425	2.175	151922765.4242173
-2.425	2.225	151922765.4242173
-2.425	2.275	119367887.1190278
-2.425	2.325	86813008.81383842
-2.425	2.375	43406504.40691921
-2.425	2.425	21703252.20345961
-2.425	2.475	10851626.1017298
-2.425	2.525	0
-2.425	2.575	0
-2.425	2.625	0
-2.375	-1.975	0
-2.375	-1.925	0
-2.375	-1.875	0
-2.375	-1.825	0
-2.375	-1.775	0
-2.375	-1.725	0
-2.375	-1.675	0
-2.375	-1.625	0
-2.375	-1.575	0
-2.375	-1.525	0
-2.375	-1.475	0
-2.375	-1.425	0
-2.375	-1.375	0
-2.375	-1.325	0
-2.375	-1.275	0
-2.375	-1.225	0
-2.375	-1.175	0
-2.375	-1.125	0
-2.375	-1.075	0
-2.375	-1.025	0
-2.375	-0.975	0
-2.375	-0.925	0
-2.375	-0.875	0
-2.375	-0.825	0
-2.375	-0.775	0
-2.375	-0.725	0
-2.375	-0.675	0
-2.375	-0.625	0
-2.375	-0.575	0
-2.375	-0.525	0
-2.375	-0.475	0
-2.375	-0.425	0
-2.375	-0.375	0
-2.375	-0.325	0
-2.375	-0.275	0
-2.375	-0.225	0
-2.375	-0.175	0
-2.375	-0.125	0
-2.375	-0.0749999999999999	0
-2.375	-0.0249999999999999	0
-2.375	0.0250000000000001	10851626.1017298
-2.375	0.0750000000000001	0
-2.375	0.125	10851626.1017298
-2.375	0.175	10851626.1017298
-2.375	0.225	0
-2.375	0.275	0
-2.375	0.325	10851626.1017298
-2.375	0.375	21703252.20345961
-2.375	0.425	21703252.20345961
-2.375	0.475	10851626.1017298
-2.375	0.525	43406504.40691921
-2.375	0.575	32554878.30518941
-2.375	0.625	54258130.50864901
-2.375	0.675	75961382.71210863
-2.375	0.725	32554878.30518941
-2.375	0.775	75961382.71210863
-2.375	0.825	54258130.50864901
-2.375	0.875	32554878.30518941
-2.375	0.925	65109756.61037882
-2.375	0.975	97664634.91556822
-2.375	1.025	108516261.017298
-2.375	1.075	97664634.91556822
-2.375	1.125	206180895.9328662
-2.375	1.175	119367887.1190278
-2.375	1.225	119367887.1190278
-2.375	1.275	217032522.0345961
-2.375	1.325	195329269.8311364
-2.375	1.375	151922765.4242173
-2.375	1.425	303845530.8484345
-2.375	1.475	358103661.3570835
-2.375	1.525	260439026.4415153
-2.375	1.575	303845530.8484345
-2.375	1.625	368955287.4588133
-2.375	1.675	379806913.5605431
-2.375	1.725	488323174.5778412
-2.375	1.775	444916670.170922
-2.375	1.825	477471548.4761114
-2.375	1.875	412361791.8657325
-2.375	1.925	510026426.7813008
-2.375	1.975	455768296.2726517
-2.375	2.025	303845530.8484345
-2.375	2.075	379806913.5605431
-2.375	2.125	271290652.5432451
-2.375	2.175	238735774.2380557
-2.375	2.225	119367887.1190278
-2.375	2.275	97664634.91556822
-2.375	2.325	75961382.71210863
-2.375	2.375	10851626.1017298
-2.375	2.425	0
-2.375	2.475	0
-2.375	2.525	0
-2.375	2.575	0
-2.375	2.625	0
-2.325	-1.975	0
-2.325	-1.925	0
-2.325	-1.875	0
-2.325	-1.825	0
-2.325	-1.775	0
-2.325	-1.725	0
-2.325	-1.675	0
-2.325	-1.625	0
-2.325	-1.575	0
-2.325	-1.525	0
-2.325	-1.475	0
-2.325	-1.425	0
-2.325	-1.375	0
-2.325	-1.325	0
-2.325	-1.275	0
-2.325	-1.225	0
-2.325	-1.175	0
-2.325	-1.125	0
-2.325	-1.075	0
-2.325	-1.025	0
-2.325	-0.975	0
-2.325	-0.925	0
-2.325	-0.875	0
-2.325	-0.825	0
-2.325	-0.775	0
-2.325	-0.725	0
-2.325	-0.675	0
-2.325	-0.625	0
-2.325	-0.575	0
-2.325	-0.525	0
-2.325	-0.475	0
-2.325	-0.425	10851626.1017298
-2.325	-0.375	0
-2.325	-0.325	0
-2.325	-0.275	10851626.1017298
-2.325	-0.225	0
-2.325	-0.175	0
-2.325	-0.125	0
-2.325	-0.0749999999999999	10851626.1017298
-2.325	-0.0249999999999999	0
-2.325	0.0250000000000001	10851626.1017298
-2.325	0.0750000000000001	0
-2.325	0.125	0
-2.325	0.175	10851626.1017298
-2.325	0.225	0
-2.325	0.275	21703252.20345961
-2.325	0.325	10851626.1017298
-2.325	0.375	0
-2.325	0.425	21703252.20345961
-2.325	0.475	10851626.1017298
-2.325	0.525	10851626.1017298
-2.325	0.575	54258130.50864901
-2.325	0.625	54258130.50864901
-2.325	0.675	32554878.30518941
-2.325	0.725	10851626.1017298
-2.325	0.775	75961382.71210863
-2.325	0.825	97664634.91556822
-2.325	0.875	97664634.91556822
-2.325	0.925	75961382.71210863
-2.325	0.975	151922765.4242173
-2.325	1.025	130219513.2207576
-2.325	1.075	151922765.4242173
-2.325	1.125	151922765.4242173
-2.325	1.175	227884148.1363259
-2.325	1.225	141071139.3224874
-2.325	1.275	162774391.5259471
-2.325	1.325	260439026.4415153
-2.325	1.375	314697156.9501643
-2.325	1.425	379806913.5605431
-2.325	1.475	444916670.170922
-2.325	1.525	282142278.6449749
-2.325	1.575	466619922.3743815
-2.325	1.625	510026426.7813008
-2.325	1.675	477471548.4761114
-2.325	1.725	520878052.8830305
-2.325	1.775	640245940.0020584
-2.325	1.825	488323174.5778412
-2.325	1.875	466619922.3743815
-2.325	1.925	510026426.7813008
-2.325	1.975	466619922.3743815
-2.325	2.025	423213417.9674624
-2.325	2.075	401510165.7640027
-2.325	2.125	271290652.5432451
-2.325	2.175	249587400.3397855
-2.325	2.225	119367887.1190278
-2.325	2.275	130219513.2207576
-2.325	2.325	43406504.40691921
-2.325	2.375	21703252.20345961
-2.325	2.425	10851626.1017298
-2.325	2.475	21703252.20345961
-2.325	2.525	0
-2.325	2.575	0
-2.325	2.625	0
-2.275	-1.975	0
-2.275	-1.925	0
-2.275	-1.875	0
-2.275	-1.825	0
-2.275	-1.775	0
-2.275	-1.725	0
-2.275	-1.675	0
-2.275	-1.625	0
-2.275	-1.575	0
-2.275	-1.525	0
-2.275	-1.475	0
-2.275	-1.425	0
-2.275	-1.375	0
-2.275	-1.325	0
-2.275	-1.275	0
-2.275	-1.225	0
-2.275	-1.175	0
-2.275	-1.125	0
-2.275	-1.075	0
-2.275	-1.025	0
-2.275	-0.975	0
-2.275	-0.925	0
-2.275	-0.875	0
-2.275	-0.825	0
-2.275	-0.775	0
-2.275	-0.725	0
-2.275	-0.675	0
-2.275	-0.625	0
-2.275	-0.575	0
-2.275	-0.525	0
-2.275	-0.475	0
-2.275	-0.425	0
-2.275	-0.375	0
-2.275	-0.325	10851626.1017298
-2.275	-0.275	0
-2.275	-0.225	0
-2.275	-0.175	0
-2.275	-0.125	10851626.1017298
-2.275	-0.0749999999999999	0
-2.275	-0.0249999999999999	21703252.20345961
-2.275	0.0250000000000001	10851626.1017298
-2.275	0.0750000000000001	0
-2.275	0.125	43406504.40691921
-2.275	0.175	0
-2.275	0.225	10851626.1017298
-2.275	0.275	10851626.1017298
-2.275	0.325	10851626.1017298
-2.275	0.375	32554878.30518941
-2.275	0.425	21703252.20345961
-2.275	0.475	54258130.50864901
-2.275	0.525	43406504.40691921
-2.275	0.575	54258130.50864901
-2.275	0.625	32554878.30518941
-2.275	0.675	54258130.50864901
-2.275	0.725	108516261.017298
-2.275	0.775	75961382.71210863
-2.275	0.825	141071139.3224874
-2.275	0.875	119367887.1190278
-2.275	0.925	130219513.2207576
-2.275	0.975	97664634.91556822
-2.275	1.025	162774391.5259471
-2.275	1.075	195329269.8311364
-2.275	1.125	249587400.3397855
-2.275	1.175	271290652.5432451
-2.275	1.225	249587400.3397855
-2.275	1.275	282142278.6449749
-2.275	1.325	401510165.7640027
-2.275	1.375	499174800.6795709
-2.275	1.425	249587400.3397855
-2.275	1.475	412361791.8657325
-2.275	1.525	477471548.4761114
-2.275	1.575	477471548.4761114
-2.275	1.625	520878052.8830305
-2.275	1.675	607691061.696869
-2.275	1.725	585987809.4934094
-2.275	1.775	488323174.5778412
-2.275	1.825	618542687.7985989
-2.275	1.875	510026426.7813008
-2.275	1.925	455768296.2726517
-2.275	1.975	553432931.18822
-2.275	2.025	368955287.4588133
-2.275	2.075	238735774.2380557
-2.275	2.125	86813008.81383842
-2.275	2.175	184477643.7294067
-2.275	2.225	86813008.81383842
-2.275	2.275	119367887.1190278
-2.275	2.325	32554878.30518941
-2.275	2.375	10851626.1017298
-2.275	2.425	21703252.20345961
-2.275	2.475	0
-2.275	2.525	0
-2.275	2.575	0
-2.275	2.625	0
-2.225	-1.975	0
-2.225	-1.925	0
-2.225	-1.875	0
-2.225	-1.825	0
-2.225	-1.775	0
-2.225	-1.725	0
-2.225	-1.675	0
-2.225	-1.625	0
-2.225	-1.575	0
-2.225	-1.525	0
-2.225	-1.475	0
-2.225	-1.425	0
-2.225	-1.375	0
-2.225	-1.325	0
-2.225	-1.275	0
-2.225	-1.225	0
-2.225	-1.175	0
-2.225	-1.125	0
-2.225	-1.075	0
-2.225	-1.025	0
-2.225	-0.975	0
-2.225	-0.925	0
-2.225	-0.875	0
-2.225	-0.825	0
-2.225	-0.775	0
-2.225	-0.725	0
-2.225	-0.675	0
-2.225	-0.625	0
-2.225	-0.575	0
-2.225	-0.525	0
-2.225	-0.475	10851626.1017298
-2.225	-0.425	10851626.1017298
-2.225	-0.375	0
-2.225	-0.325	0
-2.225	-0.275	10851626.1017298
-2.225	-0.225	10851626.1017298
-2.225	-0.175	0
-2.225	-0.125	0
-2.225	-0.0749999999999999	0
-2.225	-0.0249999999999999	21703252.20345961
-2.225	0.0250000000000001	0
-2.225	0.0750000000000001	32554878.30518941
-2.225	0.125	0
-2.225	0.175	21703252.20345961
-2.225	0.225	21703252.20345961
-2.225	0.275	21703252.20345961
-2.225	0.325	10851626.1017298
-2.225	0.375	43406504.40691921
-2.225	0.425	43406504.40691921
-2.225	0.475	75961382.71210863
-2.225	0.525	54258130.50864901
-2.225	0.575	32554878.30518941
-2.225	0.625	97664634.91556822
-2.225	0.675	86813008.81383842
-2.225	0.725	75961382.71210863
-2.225	0.775	151922765.4242173
-2.225	0.825	86813008.81383842
-2.225	0.875	195329269.8311364
-2.225	0.925	162774391.5259471
-2.225	0.975	195329269.8311364
-2.225	1.025	238735774.2380557
-2.225	1.075	184477643.7294067
-2.225	1.125	292993904.7467047
-2.225	1.175	314697156.9501643
-2.225	1.225	292993904.7467047
-2.225	1.275	412361791.8657325
-2.225	1.325	477471548.4761114
-2.225	1.375	553432931.18822
-2.225	1.425	542581305.0864902
-2.225	1.475	542581305.0864902
-2.225	1.525	607691061.696869
-2.225	1.575	694504070.5107074
-2.225	1.625	640245940.0020584
-2.225	1.675	618542687.7985989
-2.225	1.725	824723583.731465
-2.225	1.775	683652444.4089776
-2.225	1.825	683652444.4089776
-2.225	1.875	575136183.3916796
-2.225	1.925	607691061.696869
-2.225	1.975	531729678.9847604
-2.225	2.025	423213417.9674624
-2.225	2.075	347252035.2553537
-2.225	2.125	303845530.8484345
-2.225	2.175	184477643.7294067
-2.225	2.225	141071139.3224874
-2.225	2.275	43406504.40691921
-2.225	2.325	43406504.40691921
-2.225	2.375	10851626.1017298
-2.225	2.425	0
-2.225	2.475	0
-2.225	2.525	0
-2.225	2.575	0
-2.225	2.625	0
-2.175	-1.975	0
-2.175	-1.925	0
-2.175	-1.875	0
-2.175	-1.825	0
-2.175	-1.775	0
-2.175	-1.725	0
-2.175	-1.675	0
-2.175	-1.625	0
-2.175	-1.575	0
-2.175	-1.525	0
-2.175	-1.475	0
-2.175	-1.425	0
-2.175	-1.375	0
-2.175	-1.325	0
-2.175	-1.275	0
-2.175	-1.225	0
-2.175	-1.175	0
-2.175	-1.125	0
-2.175	-1.075	0
-2.175	-1.025	0
-2.175	-0.975	0
-2.175	-0.925	0
-2.175	-0.875	0
-2.175	-0.825	0
-2.175	-0.775	0
-2.175	-0.725	10851626.1017298
-2.175	-0.675	0
-2.175	-0.625	0
-2.175	-0.575	0
-2.175	-0.525	0
-2.175	-0.475	10851626.1017298
-2.175	-0.425	0
-2.175	-0.375	0
-2.175	-0.325	0
-2.175	-0.275	0
-2.175	-0.225	0
-2.175	-0.175	0
-2.175	-0.125	0
-2.175	-0.0749999999999999	0
-2.175	-0.0249999999999999	0
-2.175	0.0250000000000001	21703252.20345961
-2.175	0.0750000000000001	0
-2.175	0.125	0
-2.175	0.175	54258130.50864901
-2.175	0.225	32554878.30518941
-2.175	0.275	10851626.1017298
-2.175	0.325	32554878.30518941
-2.175	0.375	32554878.30518941
-2.175	0.425	21703252.20345961
-2.175	0.475	97664634.91556822
-2.175	0.525	108516261.017298
-2.175	0.575	75961382.71210863
-2.175	0.625	65109756.61037882
-2.175	0.675	108516261.017298
-2.175	0.725	217032522.0345961
-2.175	0.775	108516261.017298
-2.175	0.825	227884148.1363259
-2.175	0.875	130219513.2207576
-2.175	0.925	227884148.1363259
-2.175	0.975	217032522.0345961
-2.175	1.025	271290652.5432451
-2.175	1.075	282142278.6449749
-2.175	1.125	347252035.2553537
-2.175	1.175	423213417.9674624
-2.175	1.225	488323174.5778412
-2.175	1.275	401510165.7640027
-2.175	1.325	477471548.4761114
-2.175	1.375	542581305.0864902
-2.175	1.425	585987809.4934094
-2.175	1.475	564284557.2899498
-2.175	1.525	694504070.5107074
-2.175	1.575	727058948.8158969
-2.175	1.625	705355696.6124371
-2.175	1.675	748762201.0193564
-2.175	1.725	781317079.3245457
-2.175	1.775	727058948.8158969
-2.175	1.825	727058948.8158969
-2.175	1.875	868130088.1383842
-2.175	1.925	434065044.0691921
-2.175	1.975	542581305.0864902
-2.175	2.025	520878052.8830305
-2.175	2.075	217032522.0345961
-2.175	2.125	217032522.0345961
-2.175	2.175	130219513.2207576
-2.175	2.225	119367887.1190278
-2.175	2.275	32554878.30518941
-2.175	2.325	21703252.20345961
-2.175	2.375	0
-2.175	2.425	0
-2.175	2.475	0
-2.175	2.525	0
-2.175	2.575	0
-2.175	2.625	0
-2.125	-1.975	0
-2.125	-1.925	0
-2.125	-1.875	0
-2.125	-1.825	0
-2.125	-1.775	0
-2.125	-1.725	0
-2.125	-1.675	0
-2.125	-1.625	0
-2.125	-1.575	0
-2.125	-1.525	0
-2.125	-1.475	0
-2.125	-1.425	0
-2.125	-1.375	0
-2.125	-1.325	0
-2.125	-1.275	0
-2.125	-1.225	0
-2.125	-1.175	0
-2.125	-1.125	0
-2.125	-1.075	0
-2.125	-1.025	0
-2.125	-0.975	0
-2.125	-0.925	0
-2.125	-0.875	0
-2.125	-0.825	0
-2.125	-0.775	0
-2.125	-0.725	0
-2.125	-0.675	0
-2.125	-0.625	0
-2.125	-0.575	0
-2.125	-0.525	0
-2.125	-0.475	0
-2.125	-0.425	0
-2.125	-0.375	0
-2.125	-0.325	0
-2.125	-0.275	0
-2.125	-0.225	0
-2.125	-0.175	10851626.1017298
-2.125	-0.125	0
-2.125	-0.0749999999999999	10851626.1017298
-2.125	-0.0249999999999999	21703252.20345961
-2.125	0.0250000000000001	0
-2.125	0.0750000000000001	0
-2.125	0.125	32554878.30518941
-2.125	0.175	10851626.1017298
-2.125	0.225	21703252.20345961
-2.125	0.275	21703252.20345961
-2.125	0.325	119367887.1190278
-2.125	0.375	43406504.40691921
-2.125	0.425	86813008.81383842
-2.125	0.475	97664634.91556822
-2.125	0.525	86813008.81383842
-2.125	0.575	75961382.71210863
-2.125	0.625	97664634.91556822
-2.125	0.675	173626017.6276768
-2.125	0.725	249587400.3397855
-2.125	0.775	173626017.6276768
-2.125	0.825	184477643.7294067
-2.125	0.875	151922765.4242173
-2.125	0.925	260439026.4415153
-2.125	0.975	271290652.5432451
-2.125	1.025	282142278.6449749
-2.125	1.075	466619922.3743815
-2.125	1.125	520878052.8830305
-2.125	1.175	423213417.9674624
-2.125	1.225	651097566.1037883
-2.125	1.275	423213417.9674624
-2.125	1.325	477471548.4761114
-2.125	1.375	520878052.8830305
-2.125	1.425	748762201.0193564
-2.125	1.475	857278462.0366545
-2.125	1.525	813871957.6297354
-2.125	1.575	748762201.0193564
-2.125	1.625	965794723.0539525
-2.125	1.675	1215382123.393738
-2.125	1.725	944091470.850493
-2.125	1.775	716207322.714167
-2.125	1.825	759613827.1210862
-2.125	1.875	759613827.1210862
-2.125	1.925	520878052.8830305
-2.125	1.975	488323174.5778412
-2.125	2.025	466619922.3743815
-2.125	2.075	292993904.7467047
-2.125	2.125	119367887.1190278
-2.125	2.175	108516261.017298
-2.125	2.225	43406504.40691921
-2.125	2.275	54258130.50864901
-2.125	2.325	0
-2.125	2.375	0
-2.125	2.425	0
-2.125	2.475	0
-2.125	2.525	0
-2.125	2.575	0
-2.125	2.625	0
-2.075	-1.975	0
-2.075	-1.925	0
-2.075	-1.875	0
-2.075	-1.825	0
-2.075	-1.775	0
-2.075	-1.725	0
-2.075	-1.675	0
-2.075	-1.625	0
-2.075	-1.575	0
-2.075	-1.525	0
-2.075	-1.475	0
-2.075	-1.425	0
-2.075	-1.375	0
-2.075	-1.325	0
-2.075	-1.275	0
-2.075	-1.225	0
-2.075	-1.175	0
-2.075	-1.125	0
-2.075	-1.075	0
-2.075	-1.025	0
-2.075	-0.975	0
-2.075	-0.925	0
-2.075	-0.875	0
-2.075	-0.825	0
-2.075	-0.775	0
-2.075	-0.725	0
-2.075	-0.675	0
-2.075	-0.625	0
-2.075	-0.575	0
-2.075	-0.525	0
-2.075	-0.475	10851626.1017298
-2.075	-0.425	0
-2.075	-0.375	0
-2.075	-0.325	0
-2.075	-0.275	0
-2.075	-0.225	10851626.1017298
-2.075	-0.175	54258130.50864901
-2.075	-0.125	0
-2.075	-0.0749999999999999	10851626.1017298
-2.075	-0.0249999999999999	21703252.20345961
-2.075	0.0250000000000001	21703252.20345961
-2.075	0.0750000000000001	10851626.1017298
-2.075	0.125	10851626.1017298
-2.075	0.175	21703252.20345961
-2.075	0.225	32554878.30518941
-2.075	0.275	10851626.1017298
-2.075	0.325	75961382.71210863
-2.075	0.375	54258130.50864901
-2.075	0.425	86813008.81383842
-2.075	0.475	86813008.81383842
-2.075	0.525	97664634.91556822
-2.075	0.575	119367887.1190278
-2.075	0.625	173626017.6276768
-2.075	0.675	119367887.1190278
-2.075	0.725	173626017.6276768
-2.075	0.775	206180895.9328662
-2.075	0.825	336400409.1536239
-2.075	0.875	271290652.5432451
-2.075	0.925	249587400.3397855
-2.075	0.975	368955287.4588133
-2.075	1.025	401510165.7640027
-2.075	1.075	412361791.8657325
-2.075	1.125	564284557.2899498
-2.075	1.175	510026426.7813008
-2.075	1.225	575136183.3916796
-2.075	1.275	770465453.2228161
-2.075	1.325	944091470.850493
-2.075	1.375	965794723.0539525
-2.075	1.425	1030904479.664331
-2.075	1.475	1085162610.17298
-2.075	1.525	1030904479.664331
-2.075	1.575	965794723.0539525
-2.075	1.625	1009201227.460872
-2.075	1.675	1085162610.17298
-2.075	1.725	1009201227.460872
-2.075	1.775	922388218.6470333
-2.075	1.825	651097566.1037883
-2.075	1.875	661949192.205518
-2.075	1.925	520878052.8830305
-2.075	1.975	477471548.4761114
-2.075	2.025	227884148.1363259
-2.075	2.075	162774391.5259471
-2.075	2.125	151922765.4242173
-2.075	2.175	75961382.71210863
-2.075	2.225	43406504.40691921
-2.075	2.275	43406504.40691921
-2.075	2.325	0
-2.075	2.375	0
-2.075	2.425	0
-2.075	2.475	0
-2.075	2.525	0
-2.075	2.575	0
-2.075	2.625	0
-2.025	-1.975	0
-2.025	-1.925	0
-2.025	-1.875	0
-2.025	-1.825	0
-2.025	-1.775	0
-2.025	-1.725	0
-2.025	-1.675	0
-2.025	-1.625	0
-2.025	-1.575	0
-2.025	-1.525	0
-2.025	-1.475	0
-2.025	-1.425	0
-2.025	-1.375	0
-2.025	-1.325	0
-2.025	-1.275	0
-2.025	-1.225	0
-2.025	-1.175	0
-2.025	-1.125	0
-2.025	-1.075	0
-2.025	-1.025	0
-2.025	-0.975	0
-2.025	-0.925	0
-2.025	-0.875	0
-2.025	-0.825	0
-2.025	-0.775	0
-2.025	-0.725	0
-2.025	-0.675	0
-2.025	-0.625	0
-2.025	-0.575	0
-2.025	-0.525	10851626.1017298
-2.025	-0.475	0
-2.025	-0.425	0
-2.025	-0.375	0
-2.025	-0.325	0
-2.025	-0.275	0
-2.025	-0.225	0
-2.025	-0.175	10851626.1017298
-2.025	-0.125	10851626.1017298
-2.025	-0.0749999999999999	10851626.1017298
-2.025	-0.0249999999999999	21703252.20345961
-2.025	0.0250000000000001	43406504.40691921
-2.025	0.0750000000000001	21703252.20345961
-2.025	0.125	21703252.20345961
-2.025	0.175	10851626.1017298
-2.025	0.225	43406504.40691921
-2.025	0.275	21703252.20345961
-2.025	0.325	65109756.61037882
-2.025	0.375	162774391.5259471
-2.025	0.425	108516261.017298
-2.025	0.475	184477643.7294067
-2.025	0.525	108516261.017298
-2.025	0.575	206180895.9328662
-2.025	0.625	206180895.9328662
-2.025	0.675	184477643.7294067
-2.025	0.725	206180895.9328662
-2.025	0.775	260439026.4415153
-2.025	0.825	249587400.3397855
-2.025	0.875	412361791.8657325
-2.025	0.925	390658539.6622729
-2.025	0.975	477471548.4761114
-2.025	1.025	640245940.0020584
-2.025	1.075	553432931.18822
-2.025	1.125	640245940.0020584
-2.025	1.175	792168705.4262756
-2.025	1.225	661949192.205518
-2.025	1.275	857278462.0366545
-2.025	1.325	933239844.7487631
-2.025	1.375	1063459357.969521
-2.025	1.425	792168705.4262756
-2.025	1.475	1041756105.766061
-2.025	1.525	1020052853.562602
-2.025	1.575	1269640253.902387
-2.025	1.625	1030904479.664331
-2.025	1.675	1280491880.004117
-2.025	1.725	976646349.1556823
-2.025	1.775	813871957.6297354
-2.025	1.825	803020331.5280055
-2.025	1.875	607691061.696869
-2.025	1.925	412361791.8657325
-2.025	1.975	358103661.3570835
-2.025	2.025	141071139.3224874
-2.025	2.075	173626017.6276768
-2.025	2.125	54258130.50864901
-2.025	2.175	10851626.1017298
-2.025	2.225	10851626.1017298
-2.025	2.275	21703252.20345961
-2.025	2.325	0
-2.025	2.375	0
-2.025	2.425	0
-2.025	2.475	0
-2.025	2.525	0
-2.025	2.575	0
-2.025	2.625	0
-1.975	-1.975	0
-1.975	-1.925	0
-1.975	-1.875	0
-1.975	-1.825	0
-1.975	-1.775	0
-1.975	-1.725	0
-1.975	-1.675	0
-1.975	-1.625	0
-1.975	-1.575	0
-1.975	-1.525	0
-1.975	-1.475	0
-1.975	-1.425	0
-1.975	-1.375	0
-1.975	-1.325	0
-1.975	-1.275	0
-1.975	-1.225	0
-1.975	-1.175	0
-1.975	-1.125	0
-1.975	-1.075	0
-1.975	-1.025	0
-1.975	-0.975	0
-1.975	-0.925	0
-1.975	-0.875	0
-1.975	-0.825	0
-1.975	-0.775	0
-1.975	-0.725	0
-1.975	-0.675	0
-1.975	-0.625	0
-1.975	-0.575	0
-1.975	-0.525	0
-1.975	-0.475	0
-1.975	-0.425	0
-1.975	-0.375	10851626.1017298
-1.975	-0.325	10851626.1017298
-1.975	-0.275	0
-1.975	-0.225	10851626.1017298
-1.975	-0.175	21703252.20345961
-1.975	-0.125	0
-1.975	-0.0749999999999999	10851626.1017298
-1.975	-0.0249999999999999	10851626.1017298
-1.975	0.0250000000000001	10851626.1017298
-1.975	0.0750000000000001	32554878.30518941
-1.975	0.125	21703252.20345961
-1.975	0.175	75961382.71210863
-1.975	0.225	75961382.71210863
-1.975	0.275	43406504.40691921
-1.975	0.325	43406504.40691921
-1.975	0.375	108516261.017298
-1.975	0.425	141071139.3224874
-1.975	0.475	108516261.017298
-1.975	0.525	151922765.4242173
-1.975	0.575	206180895.9328662
-1.975	0.625	271290652.5432451
-1.975	0.675	260439026.4415153
-1.975	0.725	303845530.8484345
-1.975	0.775	227884148.1363259
-1.975	0.825	282142278.6449749
-1.975	0.875	368955287.4588133
-1.975	0.925	531729678.9847604
-1.975	0.975	585987809.4934094
-1.975	1.025	607691061.696869
-1.975	1.075	792168705.4262756
-1.975	1.125	672800818.3072478
-1.975	1.175	846426835.9349247
-1.975	1.225	803020331.5280055
-1.975	1.275	998349601.3591418
-1.975	1.325	1171975618.986819
-1.975	1.375	1269640253.902387
-1.975	1.425	1226233749.495468
-1.975	1.475	1247937001.698927
-1.975	1.525	1399859767.123145
-1.975	1.575	1421563019.326604
-1.975	1.625	1041756105.766061
-1.975	1.675	1161123992.885089
-1.975	1.725	813871957.6297354
-1.975	1.775	781317079.3245457
-1.975	1.825	575136183.3916796
-1.975	1.875	488323174.5778412
-1.975	1.925	390658539.6622729
-1.975	1.975	206180895.9328662
-1.975	2.025	162774391.5259471
-1.975	2.075	75961382.71210863
-1.975	2.125	54258130.50864901
-1.975	2.175	21703252.20345961
-1.975	2.225	10851626.1017298
-1.975	2.275	0
-1.975	2.325	0
-1.975	2.375	0
-1.975	2.425	0
-1.975	2.475	0
-1.975	2.525	0
-1.975	2.575	0
-1.975	2.625	0
-1.925	-1.975	0
-1.925	-1.925	0
-1.925	-1.875	0
-1.925	-1.825	0
-1.925	-1.775	0
-1.925	-1.725	0
-1.925	-1.675	0
-1.925	-1.625	0
-1.925	-1.575	0
-1.925	-1.525	0
-1.925	-1.475	0
-1.925	-1.425	0
-1.925	-1.375	0
-1.925	-1.325	0
-1.925	-1.275	0
-1.925	-1.225	0
-1.925	-1.175	10851626.1017298
-1.925	-1.125	0
-1.925	-1.075	0
-1.925	-1.025	0
-1.925	-0.975	0
-1.925	-0.925	0
-1.925	-0.875	0
-1.925	-0.825	0
-1.925	-0.775	0
-1.925	-0.725	0
-1.925	-0.675	10851626.1017298
-1.925	-0.625	10851626.1017298
-1.925	-0.575	0
-1.925	-0.525	10851626.1017298
-1.925	-0.475	0
-1.925	-0.425	0
-1.925	-0.375	10851626.1017298
-1.925	-0.325	10851626.1017298
-1.925	-0.275	0
-1.925	-0.225	21703252.20345961
-1.925	-0.175	10851626.1017298
-1.925	-0.125	10851626.1017298
-1.925	-0.0749999999999999	21703252.20345961
-1.925	-0.0249999999999999	65109756.61037882
-1.925	0.0250000000000001	43406504.40691921
-1.925	0.0750000000000001	10851626.1017298
-1.925	0.125	86813008.81383842
-1.925	0.175	108516261.017298
-1.925	0.225	54258130.50864901
-1.925	0.275	43406504.40691921
-1.925	0.325	75961382.71210863
-1.925	0.375	173626017.6276768
-1.925	0.425	238735774.2380557
-1.925	0.475	151922765.4242173
-1.925	0.525	162774391.5259471
-1.925	0.575	151922765.4242173
-1.925	0.625	260439026.4415153
-1.925	0.675	466619922.3743815
-1.925	0.725	368955287.4588133
-1.925	0.775	488323174.5778412
-1.925	0.825	542581305.0864902
-1.925	0.875	564284557.2899498
-1.925	0.925	520878052.8830305
-1.925	0.975	618542687.7985989
-1.925	1.025	792168705.4262756
-1.925	1.075	694504070.5107074
-1.925	1.125	1085162610.17298
-1.925	1.175	1139420740.681629
-1.925	1.225	1247937001.698927
-1.925	1.275	1280491880.004117
-1.925	1.325	1421563019.326604
-1.925	1.375	1258788627.800657
-1.925	1.425	1486672775.936983
-1.925	1.475	1399859767.123145
-1.925	1.525	1464969523.733523
-1.925	1.575	1519227654.242172
-1.925	1.625	1367304888.817955
-1.925	1.675	933239844.7487631
-1.925	1.725	1052607731.867791
-1.925	1.775	770465453.2228161
-1.925	1.825	759613827.1210862
-1.925	1.875	553432931.18822
-1.925	1.925	249587400.3397855
-1.925	1.975	162774391.5259471
-1.925	2.025	119367887.1190278
-1.925	2.075	32554878.30518941
-1.925	2.125	86813008.81383842
-1.925	2.175	21703252.20345961
-1.925	2.225	21703252.20345961
-1.925	2.275	0
-1.925	2.325	0
-1.925	2.375	0
-1.925	2.425	0
-1.925	2.475	0
-1.925	2.525	0
-1.925	2.575	0
-1.925	2.625	0
-1.875	-1.975	0
-1.875	-1.925	0
-1.875	-1.875	0
-1.875	-1.825	0
-1.875	-1.775	0
-1.875	-1.725	0
-1.875	-1.675	0
-1.875	-1.625	0
-1.875	-1.575	0
-1.875	-1.525	0
-1.875	-1.475	0
-1.875	-1.425	0
-1.875	-1.375	0
-1.875	-1.325	0
-1.875	-1.275	0
-1.875	-1.225	0
-1.875	-1.175	0
-1.875	-1.125	0
-1.875	-1.075	0
-1.875	-1.025	0
-1.875	-0.975	0
-1.875	-0.925	0
-1.875	-0.875	0
-1.875	-0.825	0
-1.875	-0.775	21703252.20345961
-1.875	-0.725	10851626.1017298
-1.875	-0.675	0
-1.875	-0.625	0
-1.875	-0.575	0
-1.875	-0.525	10851626.1017298
-1.875	-0.475	0
-1.875	-0.425	0
-1.875	-0.375	10851626.1017298
-1.875	-0.325	10851626.1017298
-1.875	-0.275	0
-1.875	-0.225	21703252.20345961
-1.875	-0.175	21703252.20345961
-1.875	-0.125	10851626.1017298
-1.875	-0.0749999999999999	21703252.20345961
-1.875	-0.0249999999999999	43406504.40691921
-1.875	0.0250000000000001	32554878.30518941
-1.875	0.0750000000000001	43406504.40691921
-1.875	0.125	65109756.61037882
-1.875	0.175	54258130.50864901
-1.875	0.225	86813008.81383842
-1.875	0.275	32554878.30518941
-1.875	0.325	151922765.4242173
-1.875	0.375	195329269.8311364
-1.875	0.425	217032522.0345961
-1.875	0.475	249587400.3397855
-1.875	0.525	238735774.2380557
-1.875	0.575	260439026.4415153
-1.875	0.625	401510165.7640027
-1.875	0.675	358103661.3570835
-1.875	0.725	434065044.0691921
-1.875	0.775	477471548.4761114
-1.875	0.825	618542687.7985989
-1.875	0.875	694504070.5107074
-1.875	0.925	868130088.1383842
-1.875	0.975	1052607731.867791
-1.875	1.025	824723583.731465
-1.875	1.075	1096014236.27471
-1.875	1.125	1182827245.088549
-1.875	1.175	1139420740.681629
-1.875	1.225	1171975618.986819
-1.875	1.275	1464969523.733523
-1.875	1.325	1616892289.157741
-1.875	1.375	1660298793.56466
-1.875	1.425	1595189036.954281
-1.875	1.475	1757963428.480228
-1.875	1.525	1660298793.56466
-1.875	1.575	1475821149.835253
-1.875	1.625	1161123992.885089
-1.875	1.675	1171975618.986819
-1.875	1.725	770465453.2228161
-1.875	1.775	596839435.5951393
-1.875	1.825	455768296.2726517
-1.875	1.875	401510165.7640027
-1.875	1.925	260439026.4415153
-1.875	1.975	130219513.2207576
-1.875	2.025	32554878.30518941
-1.875	2.075	54258130.50864901
-1.875	2.125	21703252.20345961
-1.875	2.175	0
-1.875	2.225	0
-1.875	2.275	0
-1.875	2.325	0
-1.875	2.375	0
-1.875	2.425	0
-1.875	2.475	0
-1.875	2.525	0
-1.875	2.575	0
-1.875	2.625	0
-1.825	-1.975	0
-1.825	-1.925	0
-1.825	-1.875	0
-1.825	-1.825	0
-1.825	-1.775	0
-1.825	-1.725	0
-1.825	-1.675	0
-1.825	-1.625	0
-1.825	-1.575	0
-1.825	-1.525	0
-1.825	-1.475	0
-1.825	-1.425	0
-1.825	-1.375	0
-1.825	-1.325	0
-1.825	-1.275	0
-1.825	-1.225	0
-1.825	-1.175	0
-1.825	-1.125	0
-1.825	-1.075	0
-1.825	-1.025	0
-1.825	-0.975	0
-1.825	-0.925	10851626.1017298
-1.825	-0.875	0
-1.825	-0.825	0
-1.825	-0.775	0
-1.825	-0.725	10851626.1017298
-1.825	-0.675	0
-1.825	-0.625	0
-1.825	-0.575	10851626.1017298
-1.825	-0.525	0
-1.825	-0.475	0
-1.825	-0.425	0
-1.825	-0.375	0
-1.825	-0.325	10851626.1017298
-1.825	-0.275	32554878.30518941
-1.825	-0.225	10851626.1017298
-1.825	-0.175	21703252.20345961
-1.825	-0.125	21703252.20345961
-1.825	-0.0749999999999999	32554878.30518941
-1.825	-0.0249999999999999	10851626.1017298
-1.825	0.0250000000000001	65109756.61037882
-1.825	0.0750000000000001	86813008.81383842
-1.825	0.125	65109756.61037882
-1.825	0.175	119367887.1190278
-1.825	0.225	141071139.3224874
-1.825	0.275	75961382.71210863
-1.825	0.325	217032522.0345961
-1.825	0.375	206180895.9328662
-1.825	0.425	271290652.5432451
-1.825	0.475	238735774.2380557
-1.825	0.525	401510165.7640027
-1.825	0.575	488323174.5778412
-1.825	0.625	401510165.7640027
-1.825	0.675	596839435.5951393
-1.825	0.725	585987809.4934094
-1.825	0.775	672800818.3072478
-1.825	0.825	835575209.8331949
-1.825	0.875	889833340.341844
-1.825	0.925	933239844.7487631
-1.825	0.975	1096014236.27471
-1.825	1.025	1030904479.664331
-1.825	1.075	1128569114.5799
-1.825	1.125	1345601636.614496
-1.825	1.175	1378156514.919685
-1.825	1.225	1638595541.3612
-1.825	1.275	1519227654.242172
-1.825	1.325	1714556924.073309
-1.825	1.375	1866479689.497526
-1.825	1.425	1671150419.66639
-1.825	1.475	1649447167.46293
-1.825	1.525	1616892289.157741
-1.825	1.575	1258788627.800657
-1.825	1.625	1182827245.088549
-1.825	1.675	954943096.9522227
-1.825	1.725	727058948.8158969
-1.825	1.775	661949192.205518
-1.825	1.825	379806913.5605431
-1.825	1.875	292993904.7467047
-1.825	1.925	130219513.2207576
-1.825	1.975	97664634.91556822
-1.825	2.025	65109756.61037882
-1.825	2.075	10851626.1017298
-1.825	2.125	10851626.1017298
-1.825	2.175	0
-1.825	2.225	0
-1.825	2.275	0
-1.825	2.325	0
-1.825	2.375	0
-1.825	2.425	0
-1.825	2.475	0
-1.825	2.525	0
-1.825	2.575	0
-1.825	2.625	0
-1.775	-1.975	0
-1.775	-1.925	0
-1.775	-1.875	0
-1.775	-1.825	0
-1.775	-1.775	0
-1.775	-1.725	0
-1.775	-1.675	0
-1.775	-1.625	0
-1.775	-1.575	0
-1.775	-1.525	0
-1.775	-1.475	0
-1.775	-1.425	0
-1.775	-1.375	0
-1.775	-1.325	0
-1.775	-1.275	0
-1.775	-1.225	0
-1.775	-1.175	0
-1.775	-1.125	0
-1.775	-1.075	0
-1.775	-1.025	0
-1.775	-0.975	0
-1.775	-0.925	0
-1.775	-0.875	0
-1.775	-0.825	0
-1.775	-0.775	0
-1.775	-0.725	0
-1.775	-0.675	0
-1.775	-0.625	0
-1.775	-0.575	0
-1.775	-0.525	21703252.20345961
-1.775	-0.475	0
-1.775	-0.425	10851626.1017298
-1.775	-0.375	10851626.1017298
-1.775	-0.325	0
-1.775	-0.275	0
-1.775	-0.225	43406504.40691921
-1.775	-0.175	21703252.20345961
-1.775	-0.125	21703252.20345961
-1.775	-0.0749999999999999	0
-1.775	-0.0249999999999999	10851626.1017298
-1.775	0.0250000000000001	86813008.81383842
-1.775	0.0750000000000001	54258130.50864901
-1.775	0.125	97664634.91556822
-1.775	0.175	141071139.3224874
-1.775	0.225	86813008.81383842
-1.775	0.275	206180895.9328662
-1.775	0.325	173626017.6276768
-1.775	0.375	249587400.3397855
-1.775	0.425	173626017.6276768
-1.775	0.475	336400409.1536239
-1.775	0.525	423213417.9674624
-1.775	0.575	477471548.4761114
-1.775	0.625	412361791.8657325
-1.775	0.675	672800818.3072478
-1.775	0.725	748762201.0193564
-1.775	0.775	911536592.5453035
-1.775	0.825	1085162610.17298
-1.775	0.875	792168705.4262756
-1.775	0.925	1063459357.969521
-1.775	0.975	1280491880.004117
-1.775	1.025	1399859767.123145
-1.775	1.075	1703705297.971579
-1.775	1.125	1855628063.395796
-1.775	1.175	1475821149.835253
-1.775	1.225	1974995950.514824
-1.775	1.275	1985847576.616554
-1.775	1.325	1942441072.209635
-1.775	1.375	1432414645.428334
-1.775	1.425	1812221558.988877
-1.775	1.475	1660298793.56466
-1.775	1.525	1443266271.530064
-1.775	1.575	1486672775.936983
-1.775	1.625	1215382123.393738
-1.775	1.675	878981714.2401141
-1.775	1.725	607691061.696869
-1.775	1.775	466619922.3743815
-1.775	1.825	260439026.4415153
-1.775	1.875	184477643.7294067
-1.775	1.925	97664634.91556822
-1.775	1.975	65109756.61037882
-1.775	2.025	43406504.40691921
-1.775	2.075	0
-1.775	2.125	10851626.1017298
-1.775	2.175	0
-1.775	2.225	0
-1.775	2.275	0
-1.775	2.325	0
-1.775	2.375	0
-1.775	2.425	0
-1.775	2.475	0
-1.775	2.525	0
-1.775	2.575	0
-1.775	2.625	0
-1.725	-1.975	0
-1.725	-1.925	0
-1.725	-1.875	0
-1.725	-1.825	0
-1.725	-1.775	0
-1.725	-1.725	0
-1.725	-1.675	0
-1.725	-1.625	0
-1.725	-1.575	0
-1.725	-1.525	0
-1.725	-1.475	0
-1.725	-1.425	0
-1.725	-1.375	0
-1.725	-1.325	0
-1.725	-1.275	0
-1.725	-1.225	0
-1.725	-1.175	0
-1.725	-1.125	0
-1.725	-1.075	10851626.1017298
-1.725	-1.025	10851626.1017298
-1.725	-0.975	0
-1.725	-0.925	0
-1.725	-0.875	0
-1.725	-0.825	0
-1.725	-0.775	0
-1.725	-0.725	0
-1.725	-0.675	0
-1.725	-0.625	0
-1.725	-0.575	0
-1.725	-0.525	0
-1.725	-0.475	0
-1.725	-0.425	10851626.1017298
-1.725	-0.375	0
-1.725	-0.325	21703252.20345961
-1.725	-0.275	32554878.30518941
-1.725	-0.225	21703252.20345961
-1.725	-0.175	32554878.30518941
-1.725	-0.125	43406504.40691921
-1.725	-0.0749999999999999	43406504.40691921
-1.725	-0.0249999999999999	75961382.71210863
-1.725	0.0250000000000001	86813008.81383842
-1.725	0.0750000000000001	86813008.81383842
-1.725	0.125	119367887.1190278
-1.725	0.175	130219513.2207576
-1.725	0.225	184477643.7294067
-1.725	0.275	173626017.6276768
-1.725	0.325	249587400.3397855
-1.725	0.375	336400409.1536239
-1.725	0.425	412361791.8657325
-1.725	0.475	368955287.4588133
-1.725	0.525	390658539.6622729
-1.725	0.575	510026426.7813008
-1.725	0.625	683652444.4089776
-1.725	0.675	835575209.8331949
-1.725	0.725	1063459357.969521
-1.725	0.775	976646349.1556823
-1.725	0.825	1204530497.292008
-1.725	0.875	1161123992.885089
-1.725	0.925	1497524402.038713
-1.725	0.975	1421563019.326604
-1.725	1.025	1779666680.683688
-1.725	1.075	1888182941.700986
-1.725	1.125	1812221558.988877
-1.725	1.175	1974995950.514824
-1.725	1.225	1909886193.904445
-1.725	1.275	2235434976.956339
-1.725	1.325	2257138229.159799
-1.725	1.375	2181176846.44769
-1.725	1.425	1909886193.904445
-1.725	1.475	1801369932.887147
-1.725	1.525	1508376028.140443
-1.725	1.575	1204530497.292008
-1.725	1.625	803020331.5280055
-1.725	1.675	651097566.1037883
-1.725	1.725	531729678.9847604
-1.725	1.775	347252035.2553537
-1.725	1.825	195329269.8311364
-1.725	1.875	141071139.3224874
-1.725	1.925	10851626.1017298
-1.725	1.975	43406504.40691921
-1.725	2.025	32554878.30518941
-1.725	2.075	0
-1.725	2.125	10851626.1017298
-1.725	2.175	0
-1.725	2.225	0
-1.725	2.275	0
-1.725	2.325	0
-1.725	2.375	0
-1.725	2.425	0
-1.725	2.475	0
-1.725	2.525	0
-1.725	2.575	0
-1.725	2.625	0
-1.675	-1.975	0
-1.675	-1.925	0
-1.675	-1.875	0
-1.675	-1.825	0
-1.675	-1.775	0
-1.675	-1.725	0
-1.675	-1.675	0
-1.675	-1.625	0
-1.675	-1.575	0
-1.675	-1.525	0
-1.675	-1.475	0
-1.675	-1.425	0
-1.675	-1.375	0
-1.675	-1.325	0
-1.675	-1.275	10851626.1017298
-1.675	-1.225	0
-1.675	-1.175	0
-1.675	-1.125	0
-1.675	-1.075	0
-1.675	-1.025	0
-1.675	-0.975	0
-1.675	-0.925	0
-1.675	-0.875	0
-1.675	-0.825	10851626.1017298
-1.675	-0.775	0
-1.675	-0.725	0
-1.675	-0.675	0
-1.675	-0.625	0
-1.675	-0.575	0
-1.675	-0.525	10851626.1017298
-1.675	-0.475	10851626.1017298
-1.675	-0.425	0
-1.675	-0.375	0
-1.675	-0.325	32554878.30518941
-1.675	-0.275	21703252.20345961
-1.675	-0.225	43406504.40691921
-1.675	-0.175	65109756.61037882
-1.675	-0.125	32554878.30518941
-1.675	-0.0749999999999999	75961382.71210863
-1.675	-0.0249999999999999	75961382.71210863
-1.675	0.0250000000000001	141071139.3224874
-1.675	0.0750000000000001	108516261.017298
-1.675	0.125	184477643.7294067
-1.675	0.175	217032522.0345961
-1.675	0.225	249587400.3397855
-1.675	0.275	173626017.6276768
-1.675	0.325	282142278.6449749
-1.675	0.375	358103661.3570835
-1.675	0.425	466619922.3743815
-1.675	0.475	466619922.3743815
-1.675	0.525	520878052.8830305
-1.675	0.575	759613827.1210862
-1.675	0.625	889833340.341844
-1.675	0.675	1161123992.885089
-1.675	0.725	1041756105.766061
-1.675	0.775	1204530497.292008
-1.675	0.825	1454117897.631794
-1.675	0.875	1540930906.445632
-1.675	0.925	1682002045.76812
-1.675	0.975	1866479689.497526
-1.675	1.025	1823073185.090607
-1.675	1.075	2202880098.65115
-1.675	1.125	2430764246.787476
-1.675	1.175	2615241890.516882
-1.675	1.225	2322247985.770178
-1.675	1.275	2333099611.871908
-1.675	1.325	2474170751.194396
-1.675	1.375	1996699202.718284
-1.675	1.425	2029254081.023473
-1.675	1.475	1421563019.326604
-1.675	1.525	1454117897.631794
-1.675	1.575	1074310984.07125
-1.675	1.625	933239844.7487631
-1.675	1.675	412361791.8657325
-1.675	1.725	292993904.7467047
-1.675	1.775	238735774.2380557
-1.675	1.825	97664634.91556822
-1.675	1.875	54258130.50864901
-1.675	1.925	0
-1.675	1.975	10851626.1017298
-1.675	2.025	0
-1.675	2.075	0
-1.675	2.125	0
-1.675	2.175	0
-1.675	2.225	0
-1.675	2.275	0
-1.675	2.325	0
-1.675	2.375	0
-1.675	2.425	0
-1.675	2.475	0
-1.675	2.525	0
-1.675	2.575	0
-1.675	2.625	0
-1.625	-1.975	0
-1.625	-1.925	0
-1.625	-1.875	0
-1.625	-1.825	0
-1.625	-1.775	0
-1.625	-1.725	0
-1.625	-1.675	0
-1.625	-1.625	0
-1.625	-1.575	10851626.1017298
-1.625	-1.525	0
-1.625	-1.475	0
-1.625	-1.425	0
-1.625	-1.375	0
-1.625	-1.325	0
-1.625	-1.275	0
-1.625	-1.225	0
-1.625	-1.175	0
-1.625	-1.125	0
-1.625	-1.075	0
-1.625	-1.025	0
-1.625	-0.975	0
-1.625	-0.925	0
-1.625	-0.875	0
-1.625	-0.825	10851626.1017298
-1.625	-0.775	0
-1.625	-0.725	0
-1.625	-0.675	21703252.20345961
-1.625	-0.625	0
-1.625	-0.575	10851626.1017298
-1.625	-0.525	10851626.1017298
-1.625	-0.475	32554878.30518941
-1.625	-0.425	10851626.1017298
-1.625	-0.375	21703252.20345961
-1.625	-0.325	54258130.50864901
-1.625	-0.275	86813008.81383842
-1.625	-0.225	32554878.30518941
-1.625	-0.175	86813008.81383842
-1.625	-0.125	54258130.50864901
-1.625	-0.0749999999999999	75961382.71210863
-1.625	-0.0249999999999999	119367887.1190278
-1.625	0.0250000000000001	43406504.40691921
-1.625	0.0750000000000001	119367887.1190278
-1.625	0.125	184477643.7294067
-1.625	0.175	184477643.7294067
-1.625	0.225	379806913.5605431
-1.625	0.275	477471548.4761114
-1.625	0.325	607691061.696869
-1.625	0.375	455768296.2726517
-1.625	0.425	705355696.6124371
-1.625	0.475	900684966.4435737
-1.625	0.525	922388218.6470333
-1.625	0.575	900684966.4435737
-1.625	0.625	1171975618.986819
-1.625	0.675	1128569114.5799
-1.625	0.725	1443266271.530064
-1.625	0.775	1519227654.242172
-1.625	0.825	1866479689.497526
-1.625	0.875	2235434976.956339
-1.625	0.925	1974995950.514824
-1.625	0.975	2387357742.380557
-1.625	1.025	2593538638.313423
-1.625	1.075	2539280507.804774
-1.625	1.125	2235434976.956339
-1.625	1.175	2767164655.9411
-1.625	1.225	2821422786.449749
-1.625	1.275	2398209368.482286
-1.625	1.325	2257138229.159799
-1.625	1.375	2007550828.820014
-1.625	1.425	1757963428.480228
-1.625	1.475	1551782532.547362
-1.625	1.525	1020052853.562602
-1.625	1.575	1074310984.07125
-1.625	1.625	510026426.7813008
-1.625	1.675	553432931.18822
-1.625	1.725	227884148.1363259
-1.625	1.775	227884148.1363259
-1.625	1.825	108516261.017298
-1.625	1.875	21703252.20345961
-1.625	1.925	10851626.1017298
-1.625	1.975	21703252.20345961
-1.625	2.025	0
-1.625	2.075	0
-1.625	2.125	0
-1.625	2.175	0
-1.625	2.225	0
-1.625	2.275	0
-1.625	2.325	0
-1.625	2.375	0
-1.625	2.425	0
-1.625	2.475	0
-1.625	2.525	0
-1.625	2.575	0
-1.625	2.625	0
-1.575	-1.975	0
-1.575	-1.925	0
-1.575	-1.875	0
-1.575	-1.825	0
-1.575	-1.775	0
-1.575	-1.725	0
-1.575	-1.675	0
-1.575	-1.625	0
-1.575	-1.575	10851626.1017298
-1.575	-1.525	0
-1.575	-1.475	10851626.1017298
-1.575	-1.425	0
-1.575	-1.375	0
-1.575	-1.325	0
-1.575	-1.275	0
-1.575	-1.225	0
-1.575	-1.175	10851626.1017298
-1.575	-1.125	0
-1.575	-1.075	0
-1.575	-1.025	0
-1.575	-0.975	0
-1.575	-0.925	0
-1.575	-0.875	10851626.1017298
-1.575	-0.825	0
-1.575	-0.775	10851626.1017298
-1.575	-0.725	10851626.1017298
-1.575	-0.675	0
-1.575	-0.625	0
-1.575	-0.575	21703252.20345961
-1.575	-0.525	32554878.30518941
-1.575	-0.475	10851626.1017298
-1.575	-0.425	0
-1.575	-0.375	21703252.20345961
-1.575	-0.325	43406504.40691921
-1.575	-0.275	32554878.30518941
-1.575	-0.225	43406504.40691921
-1.575	-0.175	75961382.71210863
-1.575	-0.125	119367887.1190278
-1.575	-0.0749999999999999	75961382.71210863
-1.575	-0.0249999999999999	141071139.3224874
-1.575	0.0250000000000001	141071139.3224874
-1.575	0.0750000000000001	173626017.6276768
-1.575	0.125	292993904.7467047
-1.575	0.175	260439026.4415153
-1.575	0.225	358103661.3570835
-1.575	0.275	303845530.8484345
-1.575	0.325	347252035.2553537
-1.575	0.375	694504070.5107074
-1.575	0.425	792168705.4262756
-1.575	0.475	944091470.850493
-1.575	0.525	846426835.9349247
-1.575	0.575	1204530497.292008
-1.575	0.625	1128569114.5799
-1.575	0.675	1389008141.021415
-1.575	0.725	1606040663.056011
-1.575	0.775	2018402454.921743
-1.575	0.825	1964144324.413094
-1.575	0.875	2061808959.328663
-1.575	0.925	2267989855.261529
-1.575	0.975	2756313029.83937
-1.575	1.025	3027603682.382615
-1.575	1.075	2734609777.635911
-1.575	1.125	2995048804.077425
-1.575	1.175	2962493925.772236
-1.575	1.225	2778016282.04283
-1.575	1.275	2582687012.211693
-1.575	1.325	2235434976.956339
-1.575	1.375	1888182941.700986
-1.575	1.425	1682002045.76812
-1.575	1.475	1399859767.123145
-1.575	1.525	813871957.6297354
-1.575	1.575	737910574.9176266
-1.575	1.625	520878052.8830305
-1.575	1.675	184477643.7294067
-1.575	1.725	173626017.6276768
-1.575	1.775	86813008.81383842
-1.575	1.825	21703252.20345961
-1.575	1.875	10851626.1017298
-1.575	1.925	0
-1.575	1.975	0
-1.575	2.025	0
-1.575	2.075	0
-1.575	2.125	0
-1.575	2.175	0
-1.575	2.225	0
-1.575	2.275	0
-1.575	2.325	0
-1.575	2.375	0
-1.575	2.425	0
-1.575	2.475	0
-1.575	2.525	0
-1.575	2.575	0
-1.575	2.625	0
-1.525	-1.975	0
-1.525	-1.925	0
-1.525	-1.875	0
-1.525	-1.825	0
-1.525	-1.775	0
-1.525	-1.725	0
-1.525	-1.675	10851626.1017298
-1.525	-1.625	0
-1.525	-1.575	0
-1.525	-1.525	0
-1.525	-1.475	0
-1.525	-1.425	0
-1.525	-1.375	0
-1.525	-1.325	0
-1.525	-1.275	10851626.1017298
-1.525	-1.225	0
-1.525	-1.175	0
-1.525	-1.125	0
-1.525	-1.075	0
-1.525	-1.025	0
-1.525	-0.975	0
-1.525	-0.925	0
-1.525	-0.875	0
-1.525	-0.825	0
-1.525	-0.775	0
-1.525	-0.725	0
-1.525	-0.675	0
-1.525	-0.625	0
-1.525	-0.575	21703252.20345961
-1.525	-0.525	0
-1.525	-0.475	0
-1.525	-0.425	21703252.20345961
-1.525	-0.375	54258130.50864901
-1.525	-0.325	43406504.40691921
-1.525	-0.275	32554878.30518941
-1.525	-0.225	86813008.81383842
-1.525	-0.175	151922765.4242173
-1.525	-0.125	130219513.2207576
-1.525	-0.0749999999999999	151922765.4242173
-1.525	-0.0249999999999999	151922765.4242173
-1.525	0.0250000000000001	260439026.4415153
-1.525	0.0750000000000001	206180895.9328662
-1.525	0.125	249587400.3397855
-1.525	0.175	423213417.9674624
-1.525	0.225	488323174.5778412
-1.525	0.275	564284557.2899498
-1.525	0.325	640245940.0020584
-1.525	0.375	813871957.6297354
-1.525	0.425	965794723.0539525
-1.525	0.475	1269640253.902387
-1.525	0.525	1139420740.681629
-1.525	0.575	1508376028.140443
-1.525	0.625	1584337410.852551
-1.525	0.675	2072660585.430393
-1.525	0.725	2202880098.65115
-1.525	0.775	2485022377.296125
-1.525	0.825	2463319125.092665
-1.525	0.875	2680351647.127262
-1.525	0.925	3114416691.196454
-1.525	0.975	2843126038.653209
-1.525	1.025	3461668726.451807
-1.525	1.075	2864829290.856668
-1.525	1.125	3483371978.655267
-1.525	1.175	3233784578.315481
-1.525	1.225	2734609777.635911
-1.525	1.275	2463319125.092665
-1.525	1.325	2300544733.566719
-1.525	1.375	1736260176.276768
-1.525	1.425	1486672775.936983
-1.525	1.475	1063459357.969521
-1.525	1.525	748762201.0193564
-1.525	1.575	455768296.2726517
-1.525	1.625	238735774.2380557
-1.525	1.675	173626017.6276768
-1.525	1.725	97664634.91556822
-1.525	1.775	54258130.50864901
-1.525	1.825	10851626.1017298
-1.525	1.875	10851626.1017298
-1.525	1.925	0
-1.525	1.975	0
-1.525	2.025	0
-1.525	2.075	0
-1.525	2.125	0
-1.525	2.175	0
-1.525	2.225	0
-1.525	2.275	0
-1.525	2.325	0
-1.525	2.375	0
-1.525	2.425	0
-1.525	2.475	0
-1.525	2.525	0
-1.525	2.575	0
-1.525	2.625	0
-1.475	-1.975	0
-1.475	-1.925	0
-1.475	-1.875	0
-1.475	-1.825	0
-1.475	-1.775	0
-1.475	-1.725	10851626.1017298
-1.475	-1.675	0
-1.475	-1.625	0
-1.475	-1.575	0
-1.475	-1.525	0
-1.475	-1.475	0
-1.475	-1.425	0
-1.475	-1.375	0
-1.475	-1.325	0
-1.475	-1.275	0
-1.475	-1.225	0
-1.475	-1.175	10851626.1017298
-1.475	-1.125	0
-1.475	-1.075	0
-1.475	-1.025	0
-1.475	-0.975	10851626.1017298
-1.475	-0.925	10851626.1017298
-1.475	-0.875	0
-1.475	-0.825	0
-1.475	-0.775	0
-1.475	-0.725	0
-1.475	-0.675	10851626.1017298
-1.475	-0.625	0
-1.475	-0.575	32554878.30518941
-1.475	-0.525	21703252.20345961
-1.475	-0.475	43406504.40691921
-1.475	-0.425	43406504.40691921
-1.475	-0.375	32554878.30518941
-1.475	-0.325	54258130.50864901
-1.475	-0.275	75961382.71210863
-1.475	-0.225	54258130.50864901
-1.475	-0.175	97664634.91556822
-1.475	-0.125	141071139.3224874
-1.475	-0.0749999999999999	162774391.5259471
-1.475	-0.0249999999999999	173626017.6276768
-1.475	0.0250000000000001	151922765.4242173
-1.475	0.0750000000000001	336400409.1536239
-1.475	0.125	390658539.6622729
-1.475	0.175	477471548.4761114
-1.475	0.225	629394313.9003286
-1.475	0.275	510026426.7813008
-1.475	0.325	933239844.7487631
-1.475	0.375	1009201227.460872
-1.475	0.425	1291343506.105847
-1.475	0.475	1226233749.495468
-1.475	0.525	1573485784.750822
-1.475	0.575	1671150419.66639
-1.475	0.625	2018402454.921743
-1.475	0.675	2387357742.380557
-1.475	0.725	2387357742.380557
-1.475	0.775	2615241890.516882
-1.475	0.825	3016752056.280886
-1.475	0.875	2962493925.772236
-1.475	0.925	3711256126.791593
-1.475	0.975	3255487830.518941
-1.475	1.025	3515926856.960456
-1.475	1.075	3418262222.044888
-1.475	1.125	3526778483.062186
-1.475	1.175	2962493925.772236
-1.475	1.225	2778016282.04283
-1.475	1.275	2235434976.956339
-1.475	1.325	2126918715.939042
-1.475	1.375	1757963428.480228
-1.475	1.425	1226233749.495468
-1.475	1.475	857278462.0366545
-1.475	1.525	553432931.18822
-1.475	1.575	282142278.6449749
-1.475	1.625	217032522.0345961
-1.475	1.675	141071139.3224874
-1.475	1.725	54258130.50864901
-1.475	1.775	21703252.20345961
-1.475	1.825	0
-1.475	1.875	0
-1.475	1.925	0
-1.475	1.975	0
-1.475	2.025	0
-1.475	2.075	0
-1.475	2.125	0
-1.475	2.175	0
-1.475	2.225	0
-1.475	2.275	0
-1.475	2.325	0
-1.475	2.375	0
-1.475	2.425	0
-1.475	2.475	0
-1.475	2.525	0
-1.475	2.575	0
-1.475	2.625	0
-1.425	-1.975	0
-1.425	-1.925	0
-1.425	-1.875	0
-1.425	-1.825	0
-1.425	-1.775	0
-1.425	-1.725	0
-1.425	-1.675	0
-1.425	-1.625	0
-1.425	-1.575	0
-1.425	-1.525	0
-1.425	-1.475	0
-1.425	-1.425	0
-1.425	-1.375	0
-1.425	-1.325	0
-1.425	-1.275	0
-1.425	-1.225	0
-1.425	-1.175	0
-1.425	-1.125	10851626.1017298
-1.425	-1.075	0
-1.425	-1.025	10851626.1017298
-1.425	-0.975	10851626.1017298
-1.425	-0.925	0
-1.425	-0.875	0
-1.425	-0.825	10851626.1017298
-1.425	-0.775	21703252.20345961
-1.425	-0.725	21703252.20345961
-1.425	-0.675	0
-1.425	-0.625	21703252.20345961
-1.425	-0.575	21703252.20345961
-1.425	-0.525	21703252.20345961
-1.425	-0.475	10851626.1017298
-1.425	-0.425	32554878.30518941
-1.425	-0.375	86813008.81383842
-1.425	-0.325	65109756.61037882
-1.425	-0.275	86813008.81383842
-1.425	-0.225	151922765.4242173
-1.425	-0.175	184477643.7294067
-1.425	-0.125	249587400.3397855
-1.425	-0.0749999999999999	260439026.4415153
-1.425	-0.0249999999999999	238735774.2380557
-1.425	0.0250000000000001	358103661.3570835
-1.425	0.0750000000000001	368955287.4588133
-1.425	0.125	401510165.7640027
-1.425	0.175	629394313.9003286
-1.425	0.225	770465453.2228161
-1.425	0.275	727058948.8158969
-1.425	0.325	1215382123.393738
-1.425	0.375	944091470.850493
-1.425	0.425	1399859767.123145
-1.425	0.475	1671150419.66639
-1.425	0.525	2040105707.125203
-1.425	0.575	2137770342.040771
-1.425	0.625	2224583350.854609
-1.425	0.675	2778016282.04283
-1.425	0.725	3060158560.687804
-1.425	0.775	3418262222.044888
-1.425	0.825	3266339456.620671
-1.425	0.875	3787217509.503701
-1.425	0.925	4101914666.453866
-1.425	0.975	3602739865.774295
-1.425	1.025	3754662631.198512
-1.425	1.075	3787217509.503701
-1.425	1.125	3439965474.248347
-1.425	1.175	3027603682.382615
-1.425	1.225	2864829290.856668
-1.425	1.275	2148621968.142501
-1.425	1.325	1627743915.259471
-1.425	1.375	1182827245.088549
-1.425	1.425	1074310984.07125
-1.425	1.475	488323174.5778412
-1.425	1.525	314697156.9501643
-1.425	1.575	249587400.3397855
-1.425	1.625	184477643.7294067
-1.425	1.675	32554878.30518941
-1.425	1.725	32554878.30518941
-1.425	1.775	32554878.30518941
-1.425	1.825	0
-1.425	1.875	0
-1.425	1.925	0
-1.425	1.975	0
-1.425	2.025	0
-1.425	2.075	0
-1.425	2.125	0
-1.425	2.175	0
-1.425	2.225	0
-1.425	2.275	0
-1.425	2.325	0
-1.425	2.375	0
-1.425	2.425	0
-1.425	2.475	0
-1.425	2.525	0
-1.425	2.575	0
-1.425	2.625	0
-1.375	-1.975	0
-1.375	-1.925	0
-1.375	-1.875	0
-1.375	-1.825	0
-1.375	-1.775	0
-1.375	-1.725	0
-1.375	-1.675	0
-1.375	-1.625	0
-1.375	-1.575	0
-1.375	-1.525	0
-1.375	-1.475	0
-1.375	-1.425	0
-1.375	-1.375	0
-1.375	-1.325	0
-1.375	-1.275	0
-1.375	-1.225	10851626.1017298
-1.375	-1.175	0
-1.375	-1.125	0
-1.375	-1.075	0
-1.375	-1.025	0
-1.375	-0.975	10851626.1017298
-1.375	-0.925	0
-1.375	-0.875	10851626.1017298
-1.375	-0.825	10851626.1017298
-1.375	-0.775	0
-1.375	-0.725	10851626.1017298
-1.375	-0.675	21703252.20345961
-1.375	-0.625	0
-1.375	-0.575	21703252.20345961
-1.375	-0.525	21703252.20345961
-1.375	-0.475	21703252.20345961
-1.375	-0.425	43406504.40691921
-1.375	-0.375	43406504.40691921
-1.375	-0.325	54258130.50864901
-1.375	-0.275	86813008.81383842
-1.375	-0.225	151922765.4242173
-1.375	-0.175	227884148.1363259
-1.375	-0.125	292993904.7467047
-1.375	-0.0749999999999999	249587400.3397855
-1.375	-0.0249999999999999	368955287.4588133
-1.375	0.0250000000000001	455768296.2726517
-1.375	0.0750000000000001	466619922.3743815
-1.375	0.125	737910574.9176266
-1.375	0.175	781317079.3245457
-1.375	0.225	998349601.3591418
-1.375	0.275	1052607731.867791
-1.375	0.325	1215382123.393738
-1.375	0.375	1584337410.852551
-1.375	0.425	1725408550.175039
-1.375	0.475	2289693107.464988
-1.375	0.525	2246286603.058069
-1.375	0.575	2734609777.635911
-1.375	0.625	2788867908.144559
-1.375	0.675	3309745961.02759
-1.375	0.725	3277191082.722401
-1.375	0.775	4091063040.352136
-1.375	0.825	3863178892.21581
-1.375	0.875	4080211414.250406
-1.375	0.925	4221282553.572894
-1.375	0.975	3841475640.012351
-1.375	1.025	4242985805.776353
-1.375	1.075	3906585396.622729
-1.375	1.125	3526778483.062186
-1.375	1.175	3222932952.213752
-1.375	1.225	2680351647.127262
-1.375	1.275	1790518306.785418
-1.375	1.325	1627743915.259471
-1.375	1.375	803020331.5280055
-1.375	1.425	651097566.1037883
-1.375	1.475	499174800.6795709
-1.375	1.525	217032522.0345961
-1.375	1.575	151922765.4242173
-1.375	1.625	43406504.40691921
-1.375	1.675	32554878.30518941
-1.375	1.725	0
-1.375	1.775	0
-1.375	1.825	10851626.1017298
-1.375	1.875	0
-1.375	1.925	0
-1.375	1.975	0
-1.375	2.025	0
-1.375	2.075	0
-1.375	2.125	0
-1.375	2.175	0
-1.375	2.225	0
-1.375	2.275	0
-1.375	2.325	0
-1.375	2.375	0
-1.375	2.425	0
-1.375	2.475	0
-1.375	2.525	0
-1.375	2.575	0
-1.375	2.625	0
-1.325	-1.975	0
-1.325	-1.925	0
-1.325	-1.875	0
-1.325	-1.825	0
-1.325	-1.775	0
-1.325	-1.725	0
-1.325	-1.675	0
-1.325	-1.625	0
-1.325	-1.575	0
-1.325	-1.525	0
-1.325	-1.475	0
-1.325	-1.425	0
-1.325	-1.375	10851626.1017298
-1.325	-1.325	0
-1.325	-1.275	10851626.1017298
-1.325	-1.225	10851626.1017298
-1.325	-1.175	10851626.1017298
-1.325	-1.125	21703252.20345961
-1.325	-1.075	10851626.1017298
-1.325	-1.025	0
-1.325	-0.975	0
-1.325	-0.925	0
-1.325	-0.875	0
-1.325	-0.825	0
-1.325	-0.775	0
-1.325	-0.725	0
-1.325	-0.675	0
-1.325	-0.625	10851626.1017298
-1.325	-0.575	21703252.20345961
-1.325	-0.525	10851626.1017298
-1.325	-0.475	54258130.50864901
-1.325	-0.425	86813008.81383842
-1.325	-0.375	86813008.81383842
-1.325	-0.325	97664634.91556822
-1.325	-0.275	86813008.81383842
-1.325	-0.225	173626017.6276768
-1.325	-0.175	206180895.9328662
-1.325	-0.125	292993904.7467047
-1.325	-0.0749999999999999	325548783.0518941
-1.325	-0.0249999999999999	488323174.5778412
-1.325	0.0250000000000001	444916670.170922
-1.325	0.0750000000000001	531729678.9847604
-1.325	0.125	694504070.5107074
-1.325	0.175	976646349.1556823
-1.325	0.225	1182827245.088549
-1.325	0.275	1443266271.530064
-1.325	0.325	1584337410.852551
-1.325	0.375	1855628063.395796
-1.325	0.425	1909886193.904445
-1.325	0.475	2257138229.159799
-1.325	0.525	2832274412.551479
-1.325	0.575	3125268317.298183
-1.325	0.625	3548481735.265646
-1.325	0.675	3960843527.131378
-1.325	0.725	4308095562.386732
-1.325	0.775	4601089467.133437
-1.325	0.825	4427463449.50576
-1.325	0.875	5121967520.016467
-1.325	0.925	4329798814.590192
-1.325	0.975	3993398405.436567
-1.325	1.025	3960843527.131378
-1.325	1.075	3906585396.622729
-1.325	1.125	3320597587.12932
-1.325	1.175	2995048804.077425
-1.325	1.225	2159473594.244231
-1.325	1.275	1692853671.869849
-1.325	1.325	954943096.9522227
-1.325	1.375	889833340.341844
-1.325	1.425	499174800.6795709
-1.325	1.475	303845530.8484345
-1.325	1.525	119367887.1190278
-1.325	1.575	54258130.50864901
-1.325	1.625	32554878.30518941
-1.325	1.675	10851626.1017298
-1.325	1.725	10851626.1017298
-1.325	1.775	0
-1.325	1.825	0
-1.325	1.875	0
-1.325	1.925	0
-1.325	1.975	0
-1.325	2.025	0
-1.325	2.075	0
-1.325	2.125	0
-1.325	2.175	0
-1.325	2.225	0
-1.325	2.275	0
-1.325	2.325	0
-1.325	2.375	0
-1.325	2.425	0
-1.325	2.475	0
-1.325	2.525	0
-1.325	2.575	0
-1.325	2.625	0
-1.275	-1.975	0
-1.275	-1.925	0
-1.275	-1.875	0
-1.275	-1.825	0
-1.275	-1.775	0
-1.275	-1.725	0
-1.275	-1.675	0
-1.275	-1.625	0
-1.275	-1.575	0
-1.275	-1.525	0
-1.275	-1.475	0
-1.275	-1.425	0
-1.275	-1.375	32554878.30518941
-1.275	-1.325	0
-1.275	-1.275	0
-1.275	-1.225	0
-1.275	-1.175	0
-1.275	-1.125	10851626.1017298
-1.275	-1.075	10851626.1017298
-1.275	-1.025	0
-1.275	-0.975	0
-1.275	-0.925	0
-1.275	-0.875	0
-1.275	-0.825	0
-1.275	-0.775	10851626.1017298
-1.275	-0.725	10851626.1017298
-1.275	-0.675	10851626.1017298
-1.275	-0.625	32554878.30518941
-1.275	-0.575	32554878.30518941
-1.275	-0.525	10851626.1017298
-1.275	-0.475	43406504.40691921
-1.275	-0.425	86813008.81383842
-1.275	-0.375	108516261.017298
-1.275	-0.325	97664634.91556822
-1.275	-0.275	130219513.2207576
-1.275	-0.225	227884148.1363259
-1.275	-0.175	336400409.1536239
-1.275	-0.125	303845530.8484345
-1.275	-0.0749999999999999	325548783.0518941
-1.275	-0.0249999999999999	510026426.7813008
-1.275	0.0250000000000001	531729678.9847604
-1.275	0.0750000000000001	846426835.9349247
-1.275	0.125	954943096.9522227
-1.275	0.175	1161123992.885089
-1.275	0.225	1280491880.004117
-1.275	0.275	1584337410.852551
-1.275	0.325	2018402454.921743
-1.275	0.375	2159473594.244231
-1.275	0.425	2658648394.923802
-1.275	0.475	3212081326.112022
-1.275	0.525	3364004091.536239
-1.275	0.575	3689552874.588133
-1.275	0.625	4091063040.352136
-1.275	0.675	3971695153.233108
-1.275	0.725	5067709389.507818
-1.275	0.775	4980896380.69398
-1.275	0.825	5089412641.711278
-1.275	0.875	5111115893.914738
-1.275	0.925	4774715484.761114
-1.275	0.975	4318947188.488461
-1.275	1.025	4340650440.691921
-1.275	1.075	3700404500.689863
-1.275	1.125	2723758151.534181
-1.275	1.175	2170325220.345961
-1.275	1.225	1757963428.480228
-1.275	1.275	1345601636.614496
-1.275	1.325	781317079.3245457
-1.275	1.375	466619922.3743815
-1.275	1.425	401510165.7640027
-1.275	1.475	97664634.91556822
-1.275	1.525	32554878.30518941
-1.275	1.575	10851626.1017298
-1.275	1.625	0
-1.275	1.675	0
-1.275	1.725	10851626.1017298
-1.275	1.775	0
-1.275	1.825	0
-1.275	1.875	0
-1.275	1.925	0
-1.275	1.975	0
-1.275	2.025	0
-1.275	2.075	0
-1.275	2.125	0
-1.275	2.175	0
-1.275	2.225	0
-1.275	2.275	0
-1.275	2.325	0
-1.275	2.375	0
-1.275	2.425	0
-1.275	2.475	0
-1.275	2.525	0
-1.275	2.575	0
-1.275	2.625	0
-1.225	-1.975	0
-1.225	-1.925	0
-1.225	-1.875	0
-1.225	-1.825	0
-1.225	-1.775	0
-1.225	-1.725	0
-1.225	-1.675	0
-1.225	-1.625	0
-1.225	-1.575	0
-1.225	-1.525	0
-1.225	-1.475	0
-1.225	-1.425	10851626.1017298
-1.225	-1.375	10851626.1017298
-1.225	-1.325	0
-1.225	-1.275	0
-1.225	-1.225	0
-1.225	-1.175	0
-1.225	-1.125	10851626.1017298
-1.225	-1.075	0
-1.225	-1.025	0
-1.225	-0.975	10851626.1017298
-1.225	-0.925	0
-1.225	-0.875	10851626.1017298
-1.225	-0.825	10851626.1017298
-1.225	-0.775	10851626.1017298
-1.225	-0.725	86813008.81383842
-1.225	-0.675	10851626.1017298
-1.225	-0.625	21703252.20345961
-1.225	-0.575	54258130.50864901
-1.225	-0.525	43406504.40691921
-1.225	-0.475	43406504.40691921
-1.225	-0.425	97664634.91556822
-1.225	-0.375	206180895.9328662
-1.225	-0.325	86813008.81383842
-1.225	-0.275	238735774.2380557
-1.225	-0.225	227884148.1363259
-1.225	-0.175	303845530.8484345
-1.225	-0.125	336400409.1536239
-1.225	-0.0749999999999999	553432931.18822
-1.225	-0.0249999999999999	672800818.3072478
-1.225	0.0250000000000001	661949192.205518
-1.225	0.0750000000000001	1074310984.07125
-1.225	0.125	1117717488.47817
-1.225	0.175	1356453262.716225
-1.225	0.225	1692853671.869849
-1.225	0.275	1909886193.904445
-1.225	0.325	2289693107.464988
-1.225	0.375	2615241890.516882
-1.225	0.425	3233784578.315481
-1.225	0.475	3667849622.384674
-1.225	0.525	4015101657.640028
-1.225	0.575	4340650440.691921
-1.225	0.625	4872380119.676682
-1.225	0.675	5414961424.763172
-1.225	0.725	5295593537.644144
-1.225	0.775	5490922807.475281
-1.225	0.825	5436664676.966631
-1.225	0.875	5393258172.559712
-1.225	0.925	5056857763.406088
-1.225	0.975	3884882144.41927
-1.225	1.025	4004250031.538298
-1.225	1.075	3179526447.806832
-1.225	1.125	2376506116.278827
-1.225	1.175	1823073185.090607
-1.225	1.225	1269640253.902387
-1.225	1.275	1041756105.766061
-1.225	1.325	520878052.8830305
-1.225	1.375	238735774.2380557
-1.225	1.425	151922765.4242173
-1.225	1.475	54258130.50864901
-1.225	1.525	32554878.30518941
-1.225	1.575	10851626.1017298
-1.225	1.625	10851626.1017298
-1.225	1.675	0
-1.225	1.725	0
-1.225	1.775	0
-1.225	1.825	0
-1.225	1.875	0
-1.225	1.925	0
-1.225	1.975	0
-1.225	2.025	0
-1.225	2.075	0
-1.225	2.125	0
-1.225	2.175	0
-1.225	2.225	0
-1.225	2.275	0
-1.225	2.325	0
-1.225	2.375	0
-1.225	2.425	0
-1.225	2.475	0
-1.225	2.525	0
-1.225	2.575	0
-1.225	2.625	0
-1.175	-1.975	0
-1.175	-1.925	0
-1.175	-1.875	0
-1.175	-1.825	0
-1.175	-1.775	0
-1.175	-1.725	0
-1.175	-1.675	10851626.1017298
-1.175	-1.625	0
-1.175	-1.575	0
-1.175	-1.525	0
-1.175	-1.475	0
-1.175	-1.425	0
-1.175	-1.375	0
-1.175	-1.325	21703252.20345961
-1.175	-1.275	0
-1.175	-1.225	0
-1.175	-1.175	10851626.1017298
-1.175	-1.125	10851626.1017298
-1.175	-1.075	10851626.1017298
-1.175	-1.025	10851626.1017298
-1.175	-0.975	0
-1.175	-0.925	21703252.20345961
-1.175	-0.875	10851626.1017298
-1.175	-0.825	10851626.1017298
-1.175	-0.775	32554878.30518941
-1.175	-0.725	10851626.1017298
-1.175	-0.675	10851626.1017298
-1.175	-0.625	43406504.40691921
-1.175	-0.575	54258130.50864901
-1.175	-0.525	43406504.40691921
-1.175	-0.475	86813008.81383842
-1.175	-0.425	32554878.30518941
-1.175	-0.375	130219513.2207576
-1.175	-0.325	217032522.0345961
-1.175	-0.275	227884148.1363259
-1.175	-0.225	336400409.1536239
-1.175	-0.175	434065044.0691921
-1.175	-0.125	596839435.5951393
-1.175	-0.0749999999999999	585987809.4934094
-1.175	-0.0249999999999999	727058948.8158969
-1.175	0.0250000000000001	976646349.1556823
-1.175	0.0750000000000001	1096014236.27471
-1.175	0.125	1345601636.614496
-1.175	0.175	1812221558.988877
-1.175	0.225	1812221558.988877
-1.175	0.275	2452467498.990936
-1.175	0.325	2940790673.568777
-1.175	0.375	3255487830.518941
-1.175	0.425	4015101657.640028
-1.175	0.475	4525128084.421329
-1.175	0.525	5035154511.202629
-1.175	0.575	5132819146.118196
-1.175	0.625	5664548825.102958
-1.175	0.675	6217981756.291178
-1.175	0.725	5881581347.137554
-1.175	0.775	5859878094.934093
-1.175	0.825	5697103703.408146
-1.175	0.875	5382406546.457982
-1.175	0.925	4894083371.880141
-1.175	0.975	4015101657.640028
-1.175	1.025	3472520352.553537
-1.175	1.075	2767164655.9411
-1.175	1.125	1953292698.311365
-1.175	1.175	1345601636.614496
-1.175	1.225	857278462.0366545
-1.175	1.275	651097566.1037883
-1.175	1.325	260439026.4415153
-1.175	1.375	151922765.4242173
-1.175	1.425	130219513.2207576
-1.175	1.475	21703252.20345961
-1.175	1.525	21703252.20345961
-1.175	1.575	10851626.1017298
-1.175	1.625	0
-1.175	1.675	0
-1.175	1.725	0
-1.175	1.775	0
-1.175	1.825	0
-1.175	1.875	0
-1.175	1.925	0
-1.175	1.975	0
-1.175	2.025	0
-1.175	2.075	0
-1.175	2.125	0
-1.175	2.175	0
-1.175	2.225	0
-1.175	2.275	0
-1.175	2.325	0
-1.175	2.375	0
-1.175	2.425	0
-1.175	2.475	0
-1.175	2.525	0
-1.175	2.575	0
-1.175	2.625	0
-1.125	-1.975	10851626.1017298
-1.125	-1.925	0
-1.125	-1.875	0
-1.125	-1.825	0
-1.125	-1.775	0
-1.125	-1.725	0
-1.125	-1.675	0
-1.125	-1.625	0
-1.125	-1.575	0
-1.125	-1.525	0
-1.125	-1.475	21703252.20345961
-1.125	-1.425	0
-1.125	-1.375	0
-1.125	-1.325	0
-1.125	-1.275	10851626.1017298
-1.125	-1.225	10851626.1017298
-1.125	-1.175	0
-1.125	-1.125	10851626.1017298
-1.125	-1.075	0
-1.125	-1.025	21703252.20345961
-1.125	-0.975	0
-1.125	-0.925	21703252.20345961
-1.125	-0.875	21703252.20345961
-1.125	-0.825	21703252.20345961
-1.125	-0.775	10851626.1017298
-1.125	-0.725	43406504.40691921
-1.125	-0.675	43406504.40691921
-1.125	-0.625	75961382.71210863
-1.125	-0.575	65109756.61037882
-1.125	-0.525	21703252.20345961
-1.125	-0.475	86813008.81383842
-1.125	-0.425	151922765.4242173
-1.125	-0.375	195329269.8311364
-1.125	-0.325	325548783.0518941
-1.125	-0.275	314697156.9501643
-1.125	-0.225	434065044.0691921
-1.125	-0.175	553432931.18822
-1.125	-0.125	629394313.9003286
-1.125	-0.0749999999999999	857278462.0366545
-1.125	-0.0249999999999999	998349601.3591418
-1.125	0.0250000000000001	1291343506.105847
-1.125	0.0750000000000001	1497524402.038713
-1.125	0.125	1649447167.46293
-1.125	0.175	2126918715.939042
-1.125	0.225	2474170751.194396
-1.125	0.275	2615241890.516882
-1.125	0.325	3754662631.198512
-1.125	0.375	4242985805.776353
-1.125	0.425	5035154511.202629
-1.125	0.475	5306445163.745873
-1.125	0.525	5523477685.78047
-1.125	0.575	6185426877.985988
-1.125	0.625	6228833382.392907
-1.125	0.675	6152871999.680799
-1.125	0.725	6489272408.834422
-1.125	0.775	6424162652.224044
-1.125	0.825	5924987851.544473
-1.125	0.875	5501774433.57701
-1.125	0.925	4373205318.99711
-1.125	0.975	3711256126.791593
-1.125	1.025	2984197177.975696
-1.125	1.075	2181176846.44769
-1.125	1.125	1530079280.343902
-1.125	1.175	1128569114.5799
-1.125	1.225	520878052.8830305
-1.125	1.275	325548783.0518941
-1.125	1.325	271290652.5432451
-1.125	1.375	43406504.40691921
-1.125	1.425	75961382.71210863
-1.125	1.475	10851626.1017298
-1.125	1.525	0
-1.125	1.575	0
-1.125	1.625	0
-1.125	1.675	0
-1.125	1.725	0
-1.125	1.775	0
-1.125	1.825	0
-1.125	1.875	0
-1.125	1.925	0
-1.125	1.975	0
-1.125	2.025	0
-1.125	2.075	0
-1.125	2.125	0
-1.125	2.175	0
-1.125	2.225	0
-1.125	2.275	0
-1.125	2.325	0
-1.125	2.375	0
-1.125	2.425	0
-1.125	2.475	0
-1.125	2.525	0
-1.125	2.575	0
-1.125	2.625	0
-1.075	-1.975	0
-1.075	-1.925	0
-1.075	-1.875	0
-1.075	-1.825	0
-1.075	-1.775	0
-1.075	-1.725	0
-1.075	-1.675	0
-1.075	-1.625	0
-1.075	-1.575	0
-1.075	-1.525	0
-1.075	-1.475	0
-1.075	-1.425	10851626.1017298
-1.075	-1.375	10851626.1017298
-1.075	-1.325	10851626.1017298
-1.075	-1.275	0
-1.075	-1.225	10851626.1017298
-1.075	-1.175	21703252.20345961
-1.075	-1.125	10851626.1017298
-1.075	-1.075	21703252.20345961
-1.075	-1.025	10851626.1017298
-1.075	-0.975	10851626.1017298
-1.075	-0.925	0
-1.075	-0.875	10851626.1017298
-1.075	-0.825	43406504.40691921
-1.075	-0.775	0
-1.075	-0.725	10851626.1017298
-1.075	-0.675	65109756.61037882
-1.075	-0.625	54258130.50864901
-1.075	-0.575	65109756.61037882
-1.075	-0.525	86813008.81383842
-1.075	-0.475	97664634.91556822
-1.075	-0.425	151922765.4242173
-1.075	-0.375	217032522.0345961
-1.075	-0.325	292993904.7467047
-1.075	-0.275	336400409.1536239
-1.075	-0.225	455768296.2726517
-1.075	-0.175	824723583.731465
-1.075	-0.125	889833340.341844
-1.075	-0.0749999999999999	1171975618.986819
-1.075	-0.0249999999999999	1171975618.986819
-1.075	0.0250000000000001	1519227654.242172
-1.075	0.0750000000000001	1844776437.294067
-1.075	0.125	2083512211.532122
-1.075	0.175	2354802864.075367
-1.075	0.225	3244636204.417211
-1.075	0.275	3570184987.469106
-1.075	0.325	4004250031.538298
-1.075	0.375	5263038659.338954
-1.075	0.425	5610290694.594308
-1.075	0.475	6044355738.6635
-1.075	0.525	5957542729.849663
-1.075	0.575	6717156556.970749
-1.075	0.625	7281441114.260698
-1.075	0.675	7389957375.277996
-1.075	0.725	6966743957.310534
-1.075	0.775	6261388260.698096
-1.075	0.825	5816471590.527175
-1.075	0.875	4894083371.880141
-1.075	0.925	4557682962.726518
-1.075	0.975	3591888239.672565
-1.075	1.025	2517577255.601315
-1.075	1.075	1812221558.988877
-1.075	1.125	1139420740.681629
-1.075	1.175	640245940.0020584
-1.075	1.225	412361791.8657325
-1.075	1.275	173626017.6276768
-1.075	1.325	108516261.017298
-1.075	1.375	43406504.40691921
-1.075	1.425	10851626.1017298
-1.075	1.475	0
-1.075	1.525	0
-1.075	1.575	0
-1.075	1.625	0
-1.075	1.675	0
-1.075	1.725	0
-1.075	1.775	0
-1.075	1.825	0
-1.075	1.875	0
-1.075	1.925	0
-1.075	1.975	0
-1.075	2.025	0
-1.075	2.075	0
-1.075	2.125	0
-1.075	2.175	0
-1.075	2.225	0
-1.075	2.275	0
-1.075	2.325	0
-1.075	2.375	0
-1.075	2.425	0
-1.075	2.475	0
-1.075	2.525	0
-1.075	2.575	0
-1.075	2.625	0
-1.025	-1.975	0
-1.025	-1.925	0
-1.025	-1.875	0
-1.025	-1.825	0
-1.025	-1.775	0
-1.025	-1.725	10851626.1017298
-1.025	-1.675	0
-1.025	-1.625	0
-1.025	-1.575	21703252.20345961
-1.025	-1.525	0
-1.025	-1.475	32554878.30518941
-1.025	-1.425	21703252.20345961
-1.025	-1.375	21703252.20345961
-1.025	-1.325	0
-1.025	-1.275	0
-1.025	-1.225	21703252.20345961
-1.025	-1.175	10851626.1017298
-1.025	-1.125	32554878.30518941
-1.025	-1.075	21703252.20345961
-1.025	-1.025	10851626.1017298
-1.025	-0.975	10851626.1017298
-1.025	-0.925	10851626.1017298
-1.025	-0.875	75961382.71210863
-1.025	-0.825	21703252.20345961
-1.025	-0.775	21703252.20345961
-1.025	-0.725	75961382.71210863
-1.025	-0.675	65109756.61037882
-1.025	-0.625	65109756.61037882
-1.025	-0.575	86813008.81383842
-1.025	-0.525	195329269.8311364
-1.025	-0.475	151922765.4242173
-1.025	-0.425	271290652.5432451
-1.025	-0.375	260439026.4415153
-1.025	-0.325	249587400.3397855
-1.025	-0.275	520878052.8830305
-1.025	-0.225	727058948.8158969
-1.025	-0.175	998349601.3591418
-1.025	-0.125	1302195132.207577
-1.025	-0.0749999999999999	1443266271.530064
-1.025	-0.0249999999999999	1519227654.242172
-1.025	0.0250000000000001	2007550828.820014
-1.025	0.0750000000000001	2365654490.177097
-1.025	0.125	2756313029.83937
-1.025	0.175	3613591491.876024
-1.025	0.225	3711256126.791593
-1.025	0.275	4394908571.200571
-1.025	0.325	4861528493.574952
-1.025	0.375	5121967520.016467
-1.025	0.425	6315646391.206745
-1.025	0.475	6966743957.310534
-1.025	0.525	7596138271.210862
-1.025	0.575	7389957375.277996
-1.025	0.625	7574435019.007402
-1.025	0.675	8073609819.686974
-1.025	0.725	6728008183.072478
-1.025	0.775	6445865904.427504
-1.025	0.825	5263038659.338954
-1.025	0.875	4394908571.200571
-1.025	0.925	3385707343.739699
-1.025	0.975	2354802864.075367
-1.025	1.025	2126918715.939042
-1.025	1.075	1291343506.105847
-1.025	1.125	824723583.731465
-1.025	1.175	368955287.4588133
-1.025	1.225	271290652.5432451
-1.025	1.275	141071139.3224874
-1.025	1.325	43406504.40691921
-1.025	1.375	0
-1.025	1.425	10851626.1017298
-1.025	1.475	0
-1.025	1.525	0
-1.025	1.575	0
-1.025	1.625	0
-1.025	1.675	0
-1.025	1.725	0
-1.025	1.775	0
-1.025	1.825	0
-1.025	1.875	0
-1.025	1.925	0
-1.025	1.975	0
-1.025	2.025	0
-1.025	2.075	0
-1.025	2.125	0
-1.025	2.175	0
-1.025	2.225	0
-1.025	2.275	0
-1.025	2.325	0
-1.025	2.375	0
-1.025	2.425	0
-1.025	2.475	0
-1.025	2.525	0
-1.025	2.575	0
-1.025	2.625	0
-0.974999999999999	-1.975	0
-0.974999999999999	-1.925	0
-0.974999999999999	-1.875	0
-0.974999999999999	-1.825	10851626.1017298
-0.974999999999999	-1.775	0
-0.974999999999999	-1.725	0
-0.974999999999999	-1.675	0
-0.974999999999999	-1.625	21703252.20345961
-0.974999999999999	-1.575	10851626.1017298
-0.974999999999999	-1.525	0
-0.974999999999999	-1.475	0
-0.974999999999999	-1.425	10851626.1017298
-0.974999999999999	-1.375	10851626.1017298
-0.974999999999999	-1.325	10851626.1017298
-0.974999999999999	-1.275	21703252.20345961
-0.974999999999999	-1.225	21703252.20345961
-0.974999999999999	-1.175	0
-0.974999999999999	-1.125	21703252.20345961
-0.974999999999999	-1.075	21703252.20345961
-0.974999999999999	-1.025	32554878.30518941
-0.974999999999999	-0.975	0
-0.974999999999999	-0.925	21703252.20345961
-0.974999999999999	-0.875	54258130.50864901
-0.974999999999999	-0.825	21703252.20345961
-0.974999999999999	-0.775	10851626.1017298
-0.974999999999999	-0.725	97664634.91556822
-0.974999999999999	-0.675	32554878.30518941
-0.974999999999999	-0.625	86813008.81383842
-0.974999999999999	-0.575	119367887.1190278
-0.974999999999999	-0.525	86813008.81383842
-0.974999999999999	-0.475	184477643.7294067
-0.974999999999999	-0.425	292993904.7467047
-0.974999999999999	-0.375	325548783.0518941
-0.974999999999999	-0.325	423213417.9674624
-0.974999999999999	-0.275	596839435.5951393
-0.974999999999999	-0.225	900684966.4435737
-0.974999999999999	-0.175	1150272366.783359
-0.974999999999999	-0.125	1345601636.614496
-0.974999999999999	-0.0749999999999999	1714556924.073309
-0.974999999999999	-0.0249999999999999	1985847576.616554
-0.974999999999999	0.0250000000000001	1974995950.514824
-0.974999999999999	0.0750000000000001	2962493925.772236
-0.974999999999999	0.125	3559333361.367376
-0.974999999999999	0.175	3971695153.233108
-0.974999999999999	0.225	4644495971.540356
-0.974999999999999	0.275	5089412641.711278
-0.974999999999999	0.325	6163723625.782529
-0.974999999999999	0.375	6467569156.630962
-0.974999999999999	0.425	6988447209.513994
-0.974999999999999	0.475	7997648436.974865
-0.974999999999999	0.525	7986796810.873135
-0.974999999999999	0.575	8258087463.41638
-0.974999999999999	0.625	7834874045.448917
-0.974999999999999	0.675	7520176888.498754
-0.974999999999999	0.725	6619491922.05518
-0.974999999999999	0.775	6272239886.799827
-0.974999999999999	0.825	5002599632.897439
-0.974999999999999	0.875	3743811005.096783
-0.974999999999999	0.925	2875680916.958398
-0.974999999999999	0.975	2137770342.040771
-0.974999999999999	1.025	1302195132.207577
-0.974999999999999	1.075	737910574.9176266
-0.974999999999999	1.125	585987809.4934094
-0.974999999999999	1.175	195329269.8311364
-0.974999999999999	1.225	119367887.1190278
-0.974999999999999	1.275	65109756.61037882
-0.974999999999999	1.325	43406504.40691921
-0.974999999999999	1.375	21703252.20345961
-0.974999999999999	1.425	0
-0.974999999999999	1.475	0
-0.974999999999999	1.525	0
-0.974999999999999	1.575	0
-0.974999999999999	1.625	0
-0.974999999999999	1.675	0
-0.974999999999999	1.725	0
-0.974999999999999	1.775	0
-0.974999999999999	1.825	0
-0.974999999999999	1.875	0
-0.974999999999999	1.925	0
-0.974999999999999	1.975	0
-0.974999999999999	2.025	0
-0.974999999999999	2.075	0
-0.974999999999999	2.125	0
-0.974999999999999	2.175	0
-0.974999999999999	2.225	0
-0.974999999999999	2.275	0
-0.974999999999999	2.325	0
-0.974999999999999	2.375	0
-0.974999999999999	2.425	0
-0.974999999999999	2.475	0
-0.974999999999999	2.525	0
-0.974999999999999	2.575	0
-0.974999999999999	2.625	0
-0.924999999999999	-1.975	0
-0.924999999999999	-1.925	0
-0.924999999999999	-1.875	0
-0.924999999999999	-1.825	0
-0.924999999999999	-1.775	0
-0.924999999999999	-1.725	0
-0.924999999999999	-1.675	0
-0.924999999999999	-1.625	0
-0.924999999999999	-1.575	21703252.20345961
-0.924999999999999	-1.525	10851626.1017298
-0.924999999999999	-1.475	21703252.20345961
-0.924999999999999	-1.425	21703252.20345961
-0.924999999999999	-1.375	0
-0.924999999999999	-1.325	32554878.30518941
-0.924999999999999	-1.275	21703252.20345961
-0.924999999999999	-1.225	21703252.20345961
-0.924999999999999	-1.175	21703252.20345961
-0.924999999999999	-1.125	32554878.30518941
-0.924999999999999	-1.075	0
-0.924999999999999	-1.025	32554878.30518941
-0.924999999999999	-0.975	10851626.1017298
-0.924999999999999	-0.925	32554878.30518941
-0.924999999999999	-0.875	32554878.30518941
-0.924999999999999	-0.825	10851626.1017298
-0.924999999999999	-0.775	75961382.71210863
-0.924999999999999	-0.725	10851626.1017298
-0.924999999999999	-0.675	65109756.61037882
-0.924999999999999	-0.625	162774391.5259471
-0.924999999999999	-0.575	119367887.1190278
-0.924999999999999	-0.525	217032522.0345961
-0.924999999999999	-0.475	195329269.8311364
-0.924999999999999	-0.425	542581305.0864902
-0.924999999999999	-0.375	466619922.3743815
-0.924999999999999	-0.325	651097566.1037883
-0.924999999999999	-0.275	846426835.9349247
-0.924999999999999	-0.225	1291343506.105847
-0.924999999999999	-0.175	1291343506.105847
-0.924999999999999	-0.125	1888182941.700986
-0.924999999999999	-0.0749999999999999	2322247985.770178
-0.924999999999999	-0.0249999999999999	2311396359.668448
-0.924999999999999	0.0250000000000001	3005900430.179156
-0.924999999999999	0.0750000000000001	3515926856.960456
-0.924999999999999	0.125	4004250031.538298
-0.924999999999999	0.175	4677050849.845545
-0.924999999999999	0.225	5512626059.67874
-0.924999999999999	0.275	6261388260.698096
-0.924999999999999	0.325	6413311026.122313
-0.924999999999999	0.375	8268939089.51811
-0.924999999999999	0.425	8399158602.738868
-0.924999999999999	0.475	8453416733.247518
-0.924999999999999	0.525	8637894376.976923
-0.924999999999999	0.575	8627042750.875195
-0.924999999999999	0.625	8127867950.195622
-0.924999999999999	0.675	7129518348.836481
-0.924999999999999	0.725	6684601678.665559
-0.924999999999999	0.775	5295593537.644144
-0.924999999999999	0.825	4091063040.352136
-0.924999999999999	0.875	3396558969.841429
-0.924999999999999	0.925	2094363837.633852
-0.924999999999999	0.975	1410711393.224874
-0.924999999999999	1.025	835575209.8331949
-0.924999999999999	1.075	499174800.6795709
-0.924999999999999	1.125	282142278.6449749
-0.924999999999999	1.175	86813008.81383842
-0.924999999999999	1.225	32554878.30518941
-0.924999999999999	1.275	54258130.50864901
-0.924999999999999	1.325	0
-0.924999999999999	1.375	0
-0.924999999999999	1.425	0
-0.924999999999999	1.475	0
-0.924999999999999	1.525	0
-0.924999999999999	1.575	0
-0.924999999999999	1.625	0
-0.924999999999999	1.675	0
-0.924999999999999	1.725	0
-0.924999999999999	1.775	0
-0.924999999999999	1.825	0
-0.924999999999999	1.875	0
-0.924999999999999	1.925	0
-0.924999999999999	1.975	0
-0.924999999999999	2.025	0
-0.924999999999999	2.075	0
-0.924999999999999	2.125	0
-0.924999999999999	2.175	0
-0.924999999999999	2.225	0
-0.924999999999999	2.275	0
-0.924999999999999	2.325	0
-0.924999999999999	2.375	0
-0.924999999999999	2.425	0
-0.924999999999999	2.475	0
-0.924999999999999	2.525	0
-0.924999999999999	2.575	0
-0.924999999999999	2.625	0
-0.874999999999999	-1.975	0
-0.874999999999999	-1.925	10851626.1017298
-0.874999999999999	-1.875	0
-0.874999999999999	-1.825	10851626.1017298
-0.874999999999999	-1.775	0
-0.874999999999999	-1.725	0
-0.874999999999999	-1.675	0
-0.874999999999999	-1.625	10851626.1017298
-0.874999999999999	-1.575	0
-0.874999999999999	-1.525	32554878.30518941
-0.874999999999999	-1.475	21703252.20345961
-0.874999999999999	-1.425	21703252.20345961
-0.874999999999999	-1.375	32554878.30518941
-0.874999999999999	-1.325	0
-0.874999999999999	-1.275	10851626.1017298
-0.874999999999999	-1.225	21703252.20345961
-0.874999999999999	-1.175	21703252.20345961
-0.874999999999999	-1.125	65109756.61037882
-0.874999999999999	-1.075	21703252.20345961
-0.874999999999999	-1.025	21703252.20345961
-0.874999999999999	-0.975	54258130.50864901
-0.874999999999999	-0.925	21703252.20345961
-0.874999999999999	-0.875	54258130.50864901
-0.874999999999999	-0.825	75961382.71210863
-0.874999999999999	-0.775	86813008.81383842
-0.874999999999999	-0.725	75961382.71210863
-0.874999999999999	-0.675	151922765.4242173
-0.874999999999999	-0.625	162774391.5259471
-0.874999999999999	-0.575	130219513.2207576
-0.874999999999999	-0.525	227884148.1363259
-0.874999999999999	-0.475	379806913.5605431
-0.874999999999999	-0.425	444916670.170922
-0.874999999999999	-0.375	694504070.5107074
-0.874999999999999	-0.325	792168705.4262756
-0.874999999999999	-0.275	933239844.7487631
-0.874999999999999	-0.225	1356453262.716225
-0.874999999999999	-0.175	1551782532.547362
-0.874999999999999	-0.125	2029254081.023473
-0.874999999999999	-0.0749999999999999	2756313029.83937
-0.874999999999999	-0.0249999999999999	2973345551.873966
-0.874999999999999	0.0250000000000001	3863178892.21581
-0.874999999999999	0.0750000000000001	4112766292.555595
-0.874999999999999	0.125	4785567110.862844
-0.874999999999999	0.175	5805619964.425445
-0.874999999999999	0.225	6435014278.325774
-0.874999999999999	0.275	6717156556.970749
-0.874999999999999	0.325	8192977706.806002
-0.874999999999999	0.375	8854926899.01152
-0.874999999999999	0.425	8399158602.738868
-0.874999999999999	0.475	8898333403.418438
-0.874999999999999	0.525	9288991943.080711
-0.874999999999999	0.575	8377455350.535409
-0.874999999999999	0.625	8019351689.178325
-0.874999999999999	0.675	6673750052.563828
-0.874999999999999	0.725	5642845572.899497
-0.874999999999999	0.775	4460018327.810949
-0.874999999999999	0.825	3396558969.841429
-0.874999999999999	0.875	2463319125.092665
-0.874999999999999	0.925	1421563019.326604
-0.874999999999999	0.975	900684966.4435737
-0.874999999999999	1.025	585987809.4934094
-0.874999999999999	1.075	282142278.6449749
-0.874999999999999	1.125	217032522.0345961
-0.874999999999999	1.175	43406504.40691921
-0.874999999999999	1.225	32554878.30518941
-0.874999999999999	1.275	0
-0.874999999999999	1.325	0
-0.874999999999999	1.375	10851626.1017298
-0.874999999999999	1.425	0
-0.874999999999999	1.475	0
-0.874999999999999	1.525	0
-0.874999999999999	1.575	10851626.1017298
-0.874999999999999	1.625	0
-0.874999999999999	1.675	0
-0.874999999999999	1.725	0
-0.874999999999999	1.775	0
-0.874999999999999	1.825	0
-0.874999999999999	1.875	0
-0.874999999999999	1.925	0
-0.874999999999999	1.975	0
-0.874999999999999	2.025	0
-0.874999999999999	2.075	0
-0.874999999999999	2.125	0
-0.874999999999999	2.175	0
-0.874999999999999	2.225	0
-0.874999999999999	2.275	0
-0.874999999999999	2.325	0
-0.874999999999999	2.375	0
-0.874999999999999	2.425	0
-0.874999999999999	2.475	0
-0.874999999999999	2.525	0
-0.874999999999999	2.575	0
-0.874999999999999	2.625	0
-0.825	-1.975	32554878.30518941
-0.825	-1.925	0
-0.825	-1.875	0
-0.825	-1.825	0
-0.825	-1.775	0
-0.825	-1.725	0
-0.825	-1.675	0
-0.825	-1.625	10851626.1017298
-0.825	-1.575	21703252.20345961
-0.825	-1.525	0
-0.825	-1.475	10851626.1017298
-0.825	-1.425	0
-0.825	-1.375	0
-0.825	-1.325	21703252.20345961
-0.825	-1.275	10851626.1017298
-0.825	-1.225	54258130.50864901
-0.825	-1.175	43406504.40691921
-0.825	-1.125	54258130.50864901
-0.825	-1.075	10851626.1017298
-0.825	-1.025	65109756.61037882
-0.825	-0.975	21703252.20345961
-0.825	-0.925	54258130.50864901
-0.825	-0.875	54258130.50864901
-0.825	-0.825	43406504.40691921
-0.825	-0.775	75961382.71210863
-0.825	-0.725	119367887.1190278
-0.825	-0.675	130219513.2207576
-0.825	-0.625	162774391.5259471
-0.825	-0.575	282142278.6449749
-0.825	-0.525	412361791.8657325
-0.825	-0.475	314697156.9501643
-0.825	-0.425	488323174.5778412
-0.825	-0.375	575136183.3916796
-0.825	-0.325	803020331.5280055
-0.825	-0.275	1497524402.038713
-0.825	-0.225	1833924811.192337
-0.825	-0.175	2029254081.023473
-0.825	-0.125	2560983760.008234
-0.825	-0.0749999999999999	3396558969.841429
-0.825	-0.0249999999999999	4199579301.369434
-0.825	0.0250000000000001	4698754102.049005
-0.825	0.0750000000000001	5252187033.237225
-0.825	0.125	5729658581.713336
-0.825	0.175	6456717530.529232
-0.825	0.225	7498473636.295294
-0.825	0.275	8084461445.788704
-0.825	0.325	9495172839.013578
-0.825	0.375	8909185029.520168
-0.825	0.425	9440914708.504929
-0.825	0.475	9777315117.658552
-0.825	0.525	9354101699.69109
-0.825	0.575	8051906567.483514
-0.825	0.625	7270589488.158969
-0.825	0.675	5903284599.341013
-0.825	0.725	4481721580.014409
-0.825	0.775	3309745961.02759
-0.825	0.825	2343951237.973638
-0.825	0.875	1616892289.157741
-0.825	0.925	1063459357.969521
-0.825	0.975	629394313.9003286
-0.825	1.025	260439026.4415153
-0.825	1.075	206180895.9328662
-0.825	1.125	75961382.71210863
-0.825	1.175	0
-0.825	1.225	0
-0.825	1.275	0
-0.825	1.325	0
-0.825	1.375	0
-0.825	1.425	0
-0.825	1.475	0
-0.825	1.525	0
-0.825	1.575	0
-0.825	1.625	0
-0.825	1.675	0
-0.825	1.725	0
-0.825	1.775	0
-0.825	1.825	0
-0.825	1.875	0
-0.825	1.925	0
-0.825	1.975	0
-0.825	2.025	0
-0.825	2.075	0
-0.825	2.125	0
-0.825	2.175	0
-0.825	2.225	0
-0.825	2.275	0
-0.825	2.325	0
-0.825	2.375	0
-0.825	2.425	0
-0.825	2.475	0
-0.825	2.525	0
-0.825	2.575	0
-0.825	2.625	0
-0.774999999999999	-1.975	21703252.20345961
-0.774999999999999	-1.925	0
-0.774999999999999	-1.875	0
-0.774999999999999	-1.825	0
-0.774999999999999	-1.775	0
-0.774999999999999	-1.725	0
-0.774999999999999	-1.675	10851626.1017298
-0.774999999999999	-1.625	32554878.30518941
-0.774999999999999	-1.575	10851626.1017298
-0.774999999999999	-1.525	10851626.1017298
-0.774999999999999	-1.475	32554878.30518941
-0.774999999999999	-1.425	21703252.20345961
-0.774999999999999	-1.375	32554878.30518941
-0.774999999999999	-1.325	54258130.50864901
-0.774999999999999	-1.275	54258130.50864901
-0.774999999999999	-1.225	21703252.20345961
-0.774999999999999	-1.175	75961382.71210863
-0.774999999999999	-1.125	43406504.40691921
-0.774999999999999	-1.075	43406504.40691921
-0.774999999999999	-1.025	21703252.20345961
-0.774999999999999	-0.975	86813008.81383842
-0.774999999999999	-0.925	21703252.20345961
-0.774999999999999	-0.875	54258130.50864901
-0.774999999999999	-0.825	97664634.91556822
-0.774999999999999	-0.775	97664634.91556822
-0.774999999999999	-0.725	162774391.5259471
-0.774999999999999	-0.675	162774391.5259471
-0.774999999999999	-0.625	271290652.5432451
-0.774999999999999	-0.575	314697156.9501643
-0.774999999999999	-0.525	477471548.4761114
-0.774999999999999	-0.475	455768296.2726517
-0.774999999999999	-0.425	640245940.0020584
-0.774999999999999	-0.375	987497975.2574122
-0.774999999999999	-0.325	1161123992.885089
-0.774999999999999	-0.275	1725408550.175039
-0.774999999999999	-0.225	2224583350.854609
-0.774999999999999	-0.175	2485022377.296125
-0.774999999999999	-0.125	3374855717.637969
-0.774999999999999	-0.0749999999999999	3884882144.41927
-0.774999999999999	-0.0249999999999999	4427463449.50576
-0.774999999999999	0.0250000000000001	5143670772.219927
-0.774999999999999	0.0750000000000001	6044355738.6635
-0.774999999999999	0.125	7259737862.057239
-0.774999999999999	0.175	7433363879.684915
-0.774999999999999	0.225	8637894376.976923
-0.774999999999999	0.275	8844075272.90979
-0.774999999999999	0.325	9462617960.708389
-0.774999999999999	0.375	9842424874.26893
-0.774999999999999	0.425	9538579343.420498
-0.774999999999999	0.475	9202178934.266874
-0.774999999999999	0.525	9039404542.740927
-0.774999999999999	0.575	7585286645.109133
-0.774999999999999	0.625	6174575251.884259
-0.774999999999999	0.675	5013451258.999169
-0.774999999999999	0.725	3928288648.826189
-0.774999999999999	0.775	2853977664.754938
-0.774999999999999	0.825	1671150419.66639
-0.774999999999999	0.875	1161123992.885089
-0.774999999999999	0.925	727058948.8158969
-0.774999999999999	0.975	347252035.2553537
-0.774999999999999	1.025	130219513.2207576
-0.774999999999999	1.075	43406504.40691921
-0.774999999999999	1.125	21703252.20345961
-0.774999999999999	1.175	10851626.1017298
-0.774999999999999	1.225	10851626.1017298
-0.774999999999999	1.275	0
-0.774999999999999	1.325	0
-0.774999999999999	1.375	0
-0.774999999999999	1.425	0
-0.774999999999999	1.475	0
-0.774999999999999	1.525	0
-0.774999999999999	1.575	0
-0.774999999999999	1.625	0
-0.774999999999999	1.675	0
-0.774999999999999	1.725	0
-0.774999999999999	1.775	0
-0.774999999999999	1.825	0
-0.774999999999999	1.875	0
-0.774999999999999	1.925	0
-0.774999999999999	1.975	0
-0.774999999999999	2.025	0
-0.774999999999999	2.075	0
-0.774999999999999	2.125	0
-0.774999999999999	2.175	0
-0.774999999999999	2.225	0
-0.774999999999999	2.275	0
-0.774999999999999	2.325	0
-0.774999999999999	2.375	0
-0.774999999999999	2.425	0
-0.774999999999999	2.475	0
-0.774999999999999	2.525	0
-0.774999999999999	2.575	0
-0.774999999999999	2.625	0
-0.724999999999999	-1.975	10851626.1017298
-0.724999999999999	-1.925	0
-0.724999999999999	-1.875	10851626.1017298
-0.724999999999999	-1.825	0
-0.724999999999999	-1.775	21703252.20345961
-0.724999999999999	-1.725	10851626.1017298
-0.724999999999999	-1.675	21703252.20345961
-0.724999999999999	-1.625	10851626.1017298
-0.724999999999999	-1.575	21703252.20345961
-0.724999999999999	-1.525	97664634.91556822
-0.724999999999999	-1.475	32554878.30518941
-0.724999999999999	-1.425	32554878.30518941
-0.724999999999999	-1.375	54258130.50864901
-0.724999999999999	-1.325	32554878.30518941
-0.724999999999999	-1.275	54258130.50864901
-0.724999999999999	-1.225	108516261.017298
-0.724999999999999	-1.175	54258130.50864901
-0.724999999999999	-1.125	43406504.40691921
-0.724999999999999	-1.075	54258130.50864901
-0.724999999999999	-1.025	65109756.61037882
-0.724999999999999	-0.975	97664634.91556822
-0.724999999999999	-0.925	75961382.71210863
-0.724999999999999	-0.875	97664634.91556822
-0.724999999999999	-0.825	97664634.91556822
-0.724999999999999	-0.775	119367887.1190278
-0.724999999999999	-0.725	130219513.2207576
-0.724999999999999	-0.675	238735774.2380557
-0.724999999999999	-0.625	282142278.6449749
-0.724999999999999	-0.575	314697156.9501643
-0.724999999999999	-0.525	564284557.2899498
-0.724999999999999	-0.475	607691061.696869
-0.724999999999999	-0.425	813871957.6297354
-0.724999999999999	-0.375	1204530497.292008
-0.724999999999999	-0.325	1671150419.66639
-0.724999999999999	-0.275	1985847576.616554
-0.724999999999999	-0.225	2571835386.109963
-0.724999999999999	-0.175	3353152465.434509
-0.724999999999999	-0.125	4199579301.369434
-0.724999999999999	-0.0749999999999999	4785567110.862844
-0.724999999999999	-0.0249999999999999	5642845572.899497
-0.724999999999999	0.0250000000000001	6066058990.86696
-0.724999999999999	0.0750000000000001	6966743957.310534
-0.724999999999999	0.125	8095313071.890433
-0.724999999999999	0.175	8778965516.299412
-0.724999999999999	0.225	8735559011.89249
-0.724999999999999	0.275	10580335449.18656
-0.724999999999999	0.325	9907534630.879311
-0.724999999999999	0.375	9885831378.675852
-0.724999999999999	0.425	9484321212.911848
-0.724999999999999	0.475	8540229742.061355
-0.724999999999999	0.525	8051906567.483514
-0.724999999999999	0.575	7042705340.022642
-0.724999999999999	0.625	5458367929.170092
-0.724999999999999	0.675	4221282553.572894
-0.724999999999999	0.725	3277191082.722401
-0.724999999999999	0.775	1833924811.192337
-0.724999999999999	0.825	922388218.6470333
-0.724999999999999	0.875	813871957.6297354
-0.724999999999999	0.925	520878052.8830305
-0.724999999999999	0.975	173626017.6276768
-0.724999999999999	1.025	65109756.61037882
-0.724999999999999	1.075	0
-0.724999999999999	1.125	10851626.1017298
-0.724999999999999	1.175	0
-0.724999999999999	1.225	10851626.1017298
-0.724999999999999	1.275	0
-0.724999999999999	1.325	0
-0.724999999999999	1.375	0
-0.724999999999999	1.425	0
-0.724999999999999	1.475	0
-0.724999999999999	1.525	0
-0.724999999999999	1.575	0
-0.724999999999999	1.625	0
-0.724999999999999	1.675	0
-0.724999999999999	1.725	0
-0.724999999999999	1.775	0
-0.724999999999999	1.825	0
-0.724999999999999	1.875	0
-0.724999999999999	1.925	0
-0.724999999999999	1.975	0
-0.724999999999999	2.025	0
-0.724999999999999	2.075	0
-0.724999999999999	2.125	0
-0.724999999999999	2.175	0
-0.724999999999999	2.225	0
-0.724999999999999	2.275	0
-0.724999999999999	2.325	0
-0.724999999999999	2.375	0
-0.724999999999999	2.425	0
-0.724999999999999	2.475	0
-0.724999999999999	2.525	0
-0.724999999999999	2.575	0
-0.724999999999999	2.625	0
-0.674999999999999	-1.975	32554878.30518941
-0.674999999999999	-1.925	0
-0.674999999999999	-1.875	0
-0.674999999999999	-1.825	0
-0.674999999999999	-1.775	10851626.1017298
-0.674999999999999	-1.725	0
-0.674999999999999	-1.675	0
-0.674999999999999	-1.625	21703252.20345961
-0.674999999999999	-1.575	21703252.20345961
-0.674999999999999	-1.525	43406504.40691921
-0.674999999999999	-1.475	54258130.50864901
-0.674999999999999	-1.425	32554878.30518941
-0.674999999999999	-1.375	32554878.30518941
-0.674999999999999	-1.325	75961382.71210863
-0.674999999999999	-1.275	97664634.91556822
-0.674999999999999	-1.225	43406504.40691921
-0.674999999999999	-1.175	86813008.81383842
-0.674999999999999	-1.125	43406504.40691921
-0.674999999999999	-1.075	86813008.81383842
-0.674999999999999	-1.025	43406504.40691921
-0.674999999999999	-0.975	65109756.61037882
-0.674999999999999	-0.925	108516261.017298
-0.674999999999999	-0.875	108516261.017298
-0.674999999999999	-0.825	162774391.5259471
-0.674999999999999	-0.775	130219513.2207576
-0.674999999999999	-0.725	271290652.5432451
-0.674999999999999	-0.675	303845530.8484345
-0.674999999999999	-0.625	379806913.5605431
-0.674999999999999	-0.575	553432931.18822
-0.674999999999999	-0.525	510026426.7813008
-0.674999999999999	-0.475	781317079.3245457
-0.674999999999999	-0.425	1182827245.088549
-0.674999999999999	-0.375	1421563019.326604
-0.674999999999999	-0.325	1899034567.802716
-0.674999999999999	-0.275	2441615872.889205
-0.674999999999999	-0.225	3168674821.705102
-0.674999999999999	-0.175	3711256126.791593
-0.674999999999999	-0.125	4763863858.659384
-0.674999999999999	-0.0749999999999999	5458367929.170092
-0.674999999999999	-0.0249999999999999	5849026468.832364
-0.674999999999999	0.0250000000000001	7216331357.650319
-0.674999999999999	0.0750000000000001	7824022419.347189
-0.674999999999999	0.125	8290642341.72157
-0.674999999999999	0.175	9310695195.284172
-0.674999999999999	0.225	10157122031.2191
-0.674999999999999	0.275	9744760239.353363
-0.674999999999999	0.325	10374154553.25369
-0.674999999999999	0.375	9473469586.81012
-0.674999999999999	0.425	9430063082.403198
-0.674999999999999	0.475	8778965516.299412
-0.674999999999999	0.525	6825672817.988047
-0.674999999999999	0.575	5740510207.815066
-0.674999999999999	0.625	4134469544.759055
-0.674999999999999	0.675	3016752056.280886
-0.674999999999999	0.725	1877331315.599256
-0.674999999999999	0.775	1530079280.343902
-0.674999999999999	0.825	564284557.2899498
-0.674999999999999	0.875	314697156.9501643
-0.674999999999999	0.925	162774391.5259471
-0.674999999999999	0.975	97664634.91556822
-0.674999999999999	1.025	10851626.1017298
-0.674999999999999	1.075	21703252.20345961
-0.674999999999999	1.125	0
-0.674999999999999	1.175	0
-0.674999999999999	1.225	0
-0.674999999999999	1.275	0
-0.674999999999999	1.325	0
-0.674999999999999	1.375	0
-0.674999999999999	1.425	0
-0.674999999999999	1.475	0
-0.674999999999999	1.525	0
-0.674999999999999	1.575	0
-0.674999999999999	1.625	0
-0.674999999999999	1.675	0
-0.674999999999999	1.725	0
-0.674999999999999	1.775	0
-0.674999999999999	1.825	0
-0.674999999999999	1.875	0
-0.674999999999999	1.925	0
-0.674999999999999	1.975	0
-0.674999999999999	2.025	0
-0.674999999999999	2.075	0
-0.674999999999999	2.125	0
-0.674999999999999	2.175	0
-0.674999999999999	2.225	0
-0.674999999999999	2.275	0
-0.674999999999999	2.325	0
-0.674999999999999	2.375	0
-0.674999999999999	2.425	0
-0.674999999999999	2.475	0
-0.674999999999999	2.525	0
-0.674999999999999	2.575	0
-0.674999999999999	2.625	0
-0.624999999999999	-1.975	10851626.1017298
-0.624999999999999	-1.925	0
-0.624999999999999	-1.875	0
-0.624999999999999	-1.825	0
-0.624999999999999	-1.775	10851626.1017298
-0.624999999999999	-1.725	0
-0.624999999999999	-1.675	32554878.30518941
-0.624999999999999	-1.625	21703252.20345961
-0.624999999999999	-1.575	43406504.40691921
-0.624999999999999	-1.525	86813008.81383842
-0.624999999999999	-1.475	32554878.30518941
-0.624999999999999	-1.425	32554878.30518941
-0.624999999999999	-1.375	32554878.30518941
-0.624999999999999	-1.325	43406504.40691921
-0.624999999999999	-1.275	97664634.91556822
-0.624999999999999	-1.225	43406504.40691921
-0.624999999999999	-1.175	75961382.71210863
-0.624999999999999	-1.125	65109756.61037882
-0.624999999999999	-1.075	119367887.1190278
-0.624999999999999	-1.025	75961382.71210863
-0.624999999999999	-0.975	43406504.40691921
-0.624999999999999	-0.925	130219513.2207576
-0.624999999999999	-0.875	86813008.81383842
-0.624999999999999	-0.825	173626017.6276768
-0.624999999999999	-0.775	195329269.8311364
-0.624999999999999	-0.725	130219513.2207576
-0.624999999999999	-0.675	347252035.2553537
-0.624999999999999	-0.625	510026426.7813008
-0.624999999999999	-0.575	607691061.696869
-0.624999999999999	-0.525	705355696.6124371
-0.624999999999999	-0.475	976646349.1556823
-0.624999999999999	-0.425	1389008141.021415
-0.624999999999999	-0.375	1725408550.175039
-0.624999999999999	-0.325	2419912620.685746
-0.624999999999999	-0.275	3288042708.824131
-0.624999999999999	-0.225	3884882144.41927
-0.624999999999999	-0.175	4991748006.79571
-0.624999999999999	-0.125	5697103703.408146
-0.624999999999999	-0.0749999999999999	6554382165.444801
-0.624999999999999	-0.0249999999999999	7053556966.124372
-0.624999999999999	0.0250000000000001	8160422828.500813
-0.624999999999999	0.0750000000000001	8952591533.927088
-0.624999999999999	0.125	9723056987.149904
-0.624999999999999	0.175	10189676909.52428
-0.624999999999999	0.225	10254786666.13466
-0.624999999999999	0.275	9940089509.1845
-0.624999999999999	0.325	9799018369.862013
-0.624999999999999	0.375	9571134221.725687
-0.624999999999999	0.425	8485971611.552707
-0.624999999999999	0.475	6814821191.886316
-0.624999999999999	0.525	5805619964.425445
-0.624999999999999	0.575	4188727675.267704
-0.624999999999999	0.625	3320597587.12932
-0.624999999999999	0.675	2181176846.44769
-0.624999999999999	0.725	1573485784.750822
-0.624999999999999	0.775	705355696.6124371
-0.624999999999999	0.825	358103661.3570835
-0.624999999999999	0.875	130219513.2207576
-0.624999999999999	0.925	65109756.61037882
-0.624999999999999	0.975	32554878.30518941
-0.624999999999999	1.025	10851626.1017298
-0.624999999999999	1.075	0
-0.624999999999999	1.125	0
-0.624999999999999	1.175	0
-0.624999999999999	1.225	0
-0.624999999999999	1.275	0
-0.624999999999999	1.325	0
-0.624999999999999	1.375	0
-0.624999999999999	1.425	0
-0.624999999999999	1.475	0
-0.624999999999999	1.525	0
-0.624999999999999	1.575	0
-0.624999999999999	1.625	0
-0.624999999999999	1.675	0
-0.624999999999999	1.725	0
-0.624999999999999	1.775	0
-0.624999999999999	1.825	0
-0.624999999999999	1.875	0
-0.624999999999999	1.925	0
-0.624999999999999	1.975	0
-0.624999999999999	2.025	0
-0.624999999999999	2.075	0
-0.624999999999999	2.125	0
-0.624999999999999	2.175	0
-0.624999999999999	2.225	0
-0.624999999999999	2.275	0
-0.624999999999999	2.325	0
-0.624999999999999	2.375	0
-0.624999999999999	2.425	0
-0.624999999999999	2.475	0
-0.624999999999999	2.525	0
-0.624999999999999	2.575	0
-0.624999999999999	2.625	0
-0.574999999999999	-1.975	10851626.1017298
-0.574999999999999	-1.925	0
-0.574999999999999	-1.875	10851626.1017298
-0.574999999999999	-1.825	0
-0.574999999999999	-1.775	0
-0.574999999999999	-1.725	10851626.1017298
-0.574999999999999	-1.675	32554878.30518941
-0.574999999999999	-1.625	10851626.1017298
-0.574999999999999	-1.575	32554878.30518941
-0.574999999999999	-1.525	54258130.50864901
-0.574999999999999	-1.475	54258130.50864901
-0.574999999999999	-1.425	54258130.50864901
-0.574999999999999	-1.375	65109756.61037882
-0.574999999999999	-1.325	97664634.91556822
-0.574999999999999	-1.275	75961382.71210863
-0.574999999999999	-1.225	130219513.2207576
-0.574999999999999	-1.175	54258130.50864901
-0.574999999999999	-1.125	108516261.017298
-0.574999999999999	-1.075	54258130.50864901
-0.574999999999999	-1.025	141071139.3224874
-0.574999999999999	-0.975	86813008.81383842
-0.574999999999999	-0.925	162774391.5259471
-0.574999999999999	-0.875	130219513.2207576
-0.574999999999999	-0.825	238735774.2380557
-0.574999999999999	-0.775	292993904.7467047
-0.574999999999999	-0.725	368955287.4588133
-0.574999999999999	-0.675	368955287.4588133
-0.574999999999999	-0.625	477471548.4761114
-0.574999999999999	-0.575	759613827.1210862
-0.574999999999999	-0.525	987497975.2574122
-0.574999999999999	-0.475	1139420740.681629
-0.574999999999999	-0.425	1812221558.988877
-0.574999999999999	-0.375	2495874003.397855
-0.574999999999999	-0.325	2951642299.670506
-0.574999999999999	-0.275	3852327266.11408
-0.574999999999999	-0.225	4763863858.659384
-0.574999999999999	-0.175	6283091512.901556
-0.574999999999999	-0.125	6966743957.310534
-0.574999999999999	-0.0749999999999999	7802319167.143729
-0.574999999999999	-0.0249999999999999	8485971611.552707
-0.574999999999999	0.0250000000000001	8995998038.334007
-0.574999999999999	0.0750000000000001	10157122031.2191
-0.574999999999999	0.125	10460967562.06753
-0.574999999999999	0.175	10905884232.23845
-0.574999999999999	0.225	10612890327.49175
-0.574999999999999	0.275	9820721622.065472
-0.574999999999999	0.325	9592837473.929146
-0.574999999999999	0.375	8475119985.450976
-0.574999999999999	0.425	6662898426.462099
-0.574999999999999	0.475	5849026468.832364
-0.574999999999999	0.525	4883231745.778411
-0.574999999999999	0.575	3635294744.079484
-0.574999999999999	0.625	2050957333.226933
-0.574999999999999	0.675	1627743915.259471
-0.574999999999999	0.725	618542687.7985989
-0.574999999999999	0.775	303845530.8484345
-0.574999999999999	0.825	195329269.8311364
-0.574999999999999	0.875	108516261.017298
-0.574999999999999	0.925	10851626.1017298
-0.574999999999999	0.975	21703252.20345961
-0.574999999999999	1.025	0
-0.574999999999999	1.075	0
-0.574999999999999	1.125	0
-0.574999999999999	1.175	0
-0.574999999999999	1.225	0
-0.574999999999999	1.275	0
-0.574999999999999	1.325	0
-0.574999999999999	1.375	0
-0.574999999999999	1.425	0
-0.574999999999999	1.475	0
-0.574999999999999	1.525	0
-0.574999999999999	1.575	0
-0.574999999999999	1.625	0
-0.574999999999999	1.675	0
-0.574999999999999	1.725	0
-0.574999999999999	1.775	0
-0.574999999999999	1.825	0
-0.574999999999999	1.875	0
-0.574999999999999	1.925	0
-0.574999999999999	1.975	0
-0.574999999999999	2.025	0
-0.574999999999999	2.075	0
-0.574999999999999	2.125	0
-0.574999999999999	2.175	0
-0.574999999999999	2.225	0
-0.574999999999999	2.275	0
-0.574999999999999	2.325	0
-0.574999999999999	2.375	0
-0.574999999999999	2.425	0
-0.574999999999999	2.475	0
-0.574999999999999	2.525	0
-0.574999999999999	2.575	0
-0.574999999999999	2.625	0
-0.524999999999999	-1.975	0
-0.524999999999999	-1.925	10851626.1017298
-0.524999999999999	-1.875	0
-0.524999999999999	-1.825	10851626.1017298
-0.524999999999999	-1.775	10851626.1017298
-0.524999999999999	-1.725	10851626.1017298
-0.524999999999999	-1.675	0
-0.524999999999999	-1.625	0
-0.524999999999999	-1.575	21703252.20345961
-0.524999999999999	-1.525	43406504.40691921
-0.524999999999999	-1.475	32554878.30518941
-0.524999999999999	-1.425	97664634.91556822
-0.524999999999999	-1.375	65109756.61037882
-0.524999999999999	-1.325	108516261.017298
-0.524999999999999	-1.275	108516261.017298
-0.524999999999999	-1.225	130219513.2207576
-0.524999999999999	-1.175	173626017.6276768
-0.524999999999999	-1.125	75961382.71210863
-0.524999999999999	-1.075	130219513.2207576
-0.524999999999999	-1.025	151922765.4242173
-0.524999999999999	-0.975	141071139.3224874
-0.524999999999999	-0.925	206180895.9328662
-0.524999999999999	-0.875	249587400.3397855
-0.524999999999999	-0.825	282142278.6449749
-0.524999999999999	-0.775	368955287.4588133
-0.524999999999999	-0.725	434065044.0691921
-0.524999999999999	-0.675	564284557.2899498
-0.524999999999999	-0.625	727058948.8158969
-0.524999999999999	-0.575	922388218.6470333
-0.524999999999999	-0.525	1247937001.698927
-0.524999999999999	-0.475	1801369932.887147
-0.524999999999999	-0.425	1953292698.311365
-0.524999999999999	-0.375	2615241890.516882
-0.524999999999999	-0.325	3678701248.486403
-0.524999999999999	-0.275	4405760197.3023
-0.524999999999999	-0.225	5762213460.018526
-0.524999999999999	-0.175	7118666722.734752
-0.524999999999999	-0.125	8279790715.61984
-0.524999999999999	-0.0749999999999999	8616191124.773464
-0.524999999999999	-0.0249999999999999	9451766334.606659
-0.524999999999999	0.0250000000000001	9972644387.489691
-0.524999999999999	0.0750000000000001	10862477727.83153
-0.524999999999999	0.125	10580335449.18656
-0.524999999999999	0.175	10819071223.42461
-0.524999999999999	0.225	10243935040.03293
-0.524999999999999	0.275	9679650482.742985
-0.524999999999999	0.325	8399158602.738868
-0.524999999999999	0.375	7531028514.600484
-0.524999999999999	0.425	6337349643.410205
-0.524999999999999	0.475	5013451258.999169
-0.524999999999999	0.525	3895733770.520999
-0.524999999999999	0.575	2137770342.040771
-0.524999999999999	0.625	1421563019.326604
-0.524999999999999	0.675	672800818.3072478
-0.524999999999999	0.725	368955287.4588133
-0.524999999999999	0.775	75961382.71210863
-0.524999999999999	0.825	75961382.71210863
-0.524999999999999	0.875	75961382.71210863
-0.524999999999999	0.925	0
-0.524999999999999	0.975	10851626.1017298
-0.524999999999999	1.025	0
-0.524999999999999	1.075	0
-0.524999999999999	1.125	0
-0.524999999999999	1.175	0
-0.524999999999999	1.225	0
-0.524999999999999	1.275	0
-0.524999999999999	1.325	0
-0.524999999999999	1.375	0
-0.524999999999999	1.425	0
-0.524999999999999	1.475	0
-0.524999999999999	1.525	0
-0.524999999999999	1.575	0
-0.524999999999999	1.625	0
-0.524999999999999	1.675	0
-0.524999999999999	1.725	0
-0.524999999999999	1.775	0
-0.524999999999999	1.825	0
-0.524999999999999	1.875	0
-0.524999999999999	1.925	0
-0.524999999999999	1.975	0
-0.524999999999999	2.025	0
-0.524999999999999	2.075	0
-0.524999999999999	2.125	0
-0.524999999999999	2.175	0
-0.524999999999999	2.225	0
-0.524999999999999	2.275	0
-0.524999999999999	2.325	0
-0.524999999999999	2.375	0
-0.524999999999999	2.425	0
-0.524999999999999	2.475	0
-0.524999999999999	2.525	0
-0.524999999999999	2.575	0
-0.524999999999999	2.625	0
-0.474999999999999	-1.975	43406504.40691921
-0.474999999999999	-1.925	32554878.30518941
-0.474999999999999	-1.875	21703252.20345961
-0.474999999999999	-1.825	21703252.20345961
-0.474999999999999	-1.775	32554878.30518941
-0.474999999999999	-1.725	21703252.20345961
-0.474999999999999	-1.675	32554878.30518941
-0.474999999999999	-1.625	21703252.20345961
-0.474999999999999	-1.575	65109756.61037882
-0.474999999999999	-1.525	65109756.61037882
-0.474999999999999	-1.475	119367887.1190278
-0.474999999999999	-1.425	141071139.3224874
-0.474999999999999	-1.375	227884148.1363259
-0.474999999999999	-1.325	151922765.4242173
-0.474999999999999	-1.275	162774391.5259471
-0.474999999999999	-1.225	184477643.7294067
-0.474999999999999	-1.175	184477643.7294067
-0.474999999999999	-1.125	151922765.4242173
-0.474999999999999	-1.075	130219513.2207576
-0.474999999999999	-1.025	173626017.6276768
-0.474999999999999	-0.975	162774391.5259471
-0.474999999999999	-0.925	206180895.9328662
-0.474999999999999	-0.875	260439026.4415153
-0.474999999999999	-0.825	292993904.7467047
-0.474999999999999	-0.775	466619922.3743815
-0.474999999999999	-0.725	575136183.3916796
-0.474999999999999	-0.675	770465453.2228161
-0.474999999999999	-0.625	748762201.0193564
-0.474999999999999	-0.575	1171975618.986819
-0.474999999999999	-0.525	1616892289.157741
-0.474999999999999	-0.475	1985847576.616554
-0.474999999999999	-0.425	2409060994.584016
-0.474999999999999	-0.375	3179526447.806832
-0.474999999999999	-0.325	4514276458.319598
-0.474999999999999	-0.275	5328148415.949334
-0.474999999999999	-0.225	7118666722.734752
-0.474999999999999	-0.175	8225532585.111191
-0.474999999999999	-0.125	9332398447.487631
-0.474999999999999	-0.0749999999999999	10124567152.91391
-0.474999999999999	-0.0249999999999999	11112065128.17132
-0.474999999999999	0.0250000000000001	10927587484.44191
-0.474999999999999	0.0750000000000001	11350800902.40937
-0.474999999999999	0.125	11318246024.10419
-0.474999999999999	0.175	10547780570.88137
-0.474999999999999	0.225	9625392352.234337
-0.474999999999999	0.275	8703004133.587303
-0.474999999999999	0.325	7965093558.669676
-0.474999999999999	0.375	6500124034.936152
-0.474999999999999	0.425	4546831336.624787
-0.474999999999999	0.475	3656997996.282944
-0.474999999999999	0.525	2474170751.194396
-0.474999999999999	0.575	1334750010.512766
-0.474999999999999	0.625	965794723.0539525
-0.474999999999999	0.675	444916670.170922
-0.474999999999999	0.725	195329269.8311364
-0.474999999999999	0.775	54258130.50864901
-0.474999999999999	0.825	21703252.20345961
-0.474999999999999	0.875	21703252.20345961
-0.474999999999999	0.925	10851626.1017298
-0.474999999999999	0.975	0
-0.474999999999999	1.025	0
-0.474999999999999	1.075	0
-0.474999999999999	1.125	0
-0.474999999999999	1.175	0
-0.474999999999999	1.225	0
-0.474999999999999	1.275	0
-0.474999999999999	1.325	0
-0.474999999999999	1.375	0
-0.474999999999999	1.425	0
-0.474999999999999	1.475	0
-0.474999999999999	1.525	0
-0.474999999999999	1.575	0
-0.474999999999999	1.625	0
-0.474999999999999	1.675	0
-0.474999999999999	1.725	0
-0.474999999999999	1.775	0
-0.474999999999999	1.825	0
-0.474999999999999	1.875	0
-0.474999999999999	1.925	0
-0.474999999999999	1.975	0
-0.474999999999999	2.025	0
-0.474999999999999	2.075	0
-0.474999999999999	2.125	0
-0.474999999999999	2.175	0
-0.474999999999999	2.225	0
-0.474999999999999	2.275	0
-0.474999999999999	2.325	0
-0.474999999999999	2.375	0
-0.474999999999999	2.425	0
-0.474999999999999	2.475	0
-0.474999999999999	2.525	0
-0.474999999999999	2.575	0
-0.474999999999999	2.625	0
-0.424999999999999	-1.975	21703252.20345961
-0.424999999999999	-1.925	21703252.20345961
-0.424999999999999	-1.875	32554878.30518941
-0.424999999999999	-1.825	0
-0.424999999999999	-1.775	0
-0.424999999999999	-1.725	43406504.40691921
-0.424999999999999	-1.675	21703252.20345961
-0.424999999999999	-1.625	75961382.71210863
-0.424999999999999	-1.575	21703252.20345961
-0.424999999999999	-1.525	141071139.3224874
-0.424999999999999	-1.475	108516261.017298
-0.424999999999999	-1.425	119367887.1190278
-0.424999999999999	-1.375	130219513.2207576
-0.424999999999999	-1.325	162774391.5259471
-0.424999999999999	-1.275	206180895.9328662
-0.424999999999999	-1.225	217032522.0345961
-0.424999999999999	-1.175	227884148.1363259
-0.424999999999999	-1.125	162774391.5259471
-0.424999999999999	-1.075	130219513.2207576
-0.424999999999999	-1.025	173626017.6276768
-0.424999999999999	-0.975	130219513.2207576
-0.424999999999999	-0.925	282142278.6449749
-0.424999999999999	-0.875	423213417.9674624
-0.424999999999999	-0.825	412361791.8657325
-0.424999999999999	-0.775	520878052.8830305
-0.424999999999999	-0.725	716207322.714167
-0.424999999999999	-0.675	1030904479.664331
-0.424999999999999	-0.625	1161123992.885089
-0.424999999999999	-0.575	1475821149.835253
-0.424999999999999	-0.525	1530079280.343902
-0.424999999999999	-0.475	2430764246.787476
-0.424999999999999	-0.425	3298894334.92586
-0.424999999999999	-0.375	3939140274.927919
-0.424999999999999	-0.325	5610290694.594308
-0.424999999999999	-0.275	6239685008.494637
-0.424999999999999	-0.225	7617841523.414323
-0.424999999999999	-0.175	9126217551.554766
-0.424999999999999	-0.125	10211380161.72775
-0.424999999999999	-0.0749999999999999	10895032606.13672
-0.424999999999999	-0.0249999999999999	12012750094.61489
-0.424999999999999	0.0250000000000001	11394207406.81629
-0.424999999999999	0.0750000000000001	11524426920.03705
-0.424999999999999	0.125	10840774475.62807
-0.424999999999999	0.175	9820721622.065472
-0.424999999999999	0.225	8670449255.282112
-0.424999999999999	0.275	7422512253.583185
-0.424999999999999	0.325	5924987851.544473
-0.424999999999999	0.375	4655347597.642086
-0.424999999999999	0.425	3646146370.181214
-0.424999999999999	0.475	2398209368.482286
-0.424999999999999	0.525	1497524402.038713
-0.424999999999999	0.575	868130088.1383842
-0.424999999999999	0.625	314697156.9501643
-0.424999999999999	0.675	217032522.0345961
-0.424999999999999	0.725	43406504.40691921
-0.424999999999999	0.775	21703252.20345961
-0.424999999999999	0.825	0
-0.424999999999999	0.875	0
-0.424999999999999	0.925	0
-0.424999999999999	0.975	0
-0.424999999999999	1.025	0
-0.424999999999999	1.075	0
-0.424999999999999	1.125	0
-0.424999999999999	1.175	0
-0.424999999999999	1.225	0
-0.424999999999999	1.275	0
-0.424999999999999	1.325	0
-0.424999999999999	1.375	0
-0.424999999999999	1.425	0
-0.424999999999999	1.475	0
-0.424999999999999	1.525	0
-0.424999999999999	1.575	0
-0.424999999999999	1.625	0
-0.424999999999999	1.675	0
-0.424999999999999	1.725	0
-0.424999999999999	1.775	0
-0.424999999999999	1.825	0
-0.424999999999999	1.875	0
-0.424999999999999	1.925	0
-0.424999999999999	1.975	0
-0.424999999999999	2.025	0
-0.424999999999999	2.075	0
-0.424999999999999	2.125	0
-0.424999999999999	2.175	0
-0.424999999999999	2.225	0
-0.424999999999999	2.275	0
-0.424999999999999	2.325	0
-0.424999999999999	2.375	0
-0.424999999999999	2.425	0
-0.424999999999999	2.475	0
-0.424999999999999	2.525	0
-0.424999999999999	2.575	0
-0.424999999999999	2.625	0
-0.374999999999999	-1.975	0
-0.374999999999999	-1.925	10851626.1017298
-0.374999999999999	-1.875	21703252.20345961
-0.374999999999999	-1.825	21703252.20345961
-0.374999999999999	-1.775	21703252.20345961
-0.374999999999999	-1.725	32554878.30518941
-0.374999999999999	-1.675	54258130.50864901
-0.374999999999999	-1.625	43406504.40691921
-0.374999999999999	-1.575	130219513.2207576
-0.374999999999999	-1.525	119367887.1190278
-0.374999999999999	-1.475	206180895.9328662
-0.374999999999999	-1.425	227884148.1363259
-0.374999999999999	-1.375	238735774.2380557
-0.374999999999999	-1.325	249587400.3397855
-0.374999999999999	-1.275	184477643.7294067
-0.374999999999999	-1.225	238735774.2380557
-0.374999999999999	-1.175	358103661.3570835
-0.374999999999999	-1.125	238735774.2380557
-0.374999999999999	-1.075	195329269.8311364
-0.374999999999999	-1.025	325548783.0518941
-0.374999999999999	-0.975	423213417.9674624
-0.374999999999999	-0.925	444916670.170922
-0.374999999999999	-0.875	531729678.9847604
-0.374999999999999	-0.825	575136183.3916796
-0.374999999999999	-0.775	759613827.1210862
-0.374999999999999	-0.725	889833340.341844
-0.374999999999999	-0.675	1020052853.562602
-0.374999999999999	-0.625	1399859767.123145
-0.374999999999999	-0.575	1638595541.3612
-0.374999999999999	-0.525	2495874003.397855
-0.374999999999999	-0.475	2702054899.330721
-0.374999999999999	-0.425	3754662631.198512
-0.374999999999999	-0.375	5252187033.237225
-0.374999999999999	-0.325	6207130130.189447
-0.374999999999999	-0.275	7704654532.22816
-0.374999999999999	-0.225	9343250073.589361
-0.374999999999999	-0.175	11253136267.49381
-0.374999999999999	-0.125	12316595625.46333
-0.374999999999999	-0.0749999999999999	12262337494.95468
-0.374999999999999	-0.0249999999999999	12533628147.49792
-0.374999999999999	0.0250000000000001	11893382207.49586
-0.374999999999999	0.0750000000000001	10732258214.61078
-0.374999999999999	0.125	9820721622.065472
-0.374999999999999	0.175	8800668768.502871
-0.374999999999999	0.225	7389957375.277996
-0.374999999999999	0.275	6131168747.477339
-0.374999999999999	0.325	5100264267.813007
-0.374999999999999	0.375	3635294744.079484
-0.374999999999999	0.425	2257138229.159799
-0.374999999999999	0.475	1367304888.817955
-0.374999999999999	0.525	878981714.2401141
-0.374999999999999	0.575	455768296.2726517
-0.374999999999999	0.625	162774391.5259471
-0.374999999999999	0.675	54258130.50864901
-0.374999999999999	0.725	0
-0.374999999999999	0.775	0
-0.374999999999999	0.825	10851626.1017298
-0.374999999999999	0.875	0
-0.374999999999999	0.925	0
-0.374999999999999	0.975	0
-0.374999999999999	1.025	0
-0.374999999999999	1.075	0
-0.374999999999999	1.125	0
-0.374999999999999	1.175	0
-0.374999999999999	1.225	0
-0.374999999999999	1.275	0
-0.374999999999999	1.325	0
-0.374999999999999	1.375	0
-0.374999999999999	1.425	0
-0.374999999999999	1.475	0
-0.374999999999999	1.525	0
-0.374999999999999	1.575	0
-0.374999999999999	1.625	0
-0.374999999999999	1.675	0
-0.374999999999999	1.725	0
-0.374999999999999	1.775	0
-0.374999999999999	1.825	0
-0.374999999999999	1.875	0
-0.374999999999999	1.925	0
-0.374999999999999	1.975	0
-0.374999999999999	2.025	0
-0.374999999999999	2.075	0
-0.374999999999999	2.125	0
-0.374999999999999	2.175	0
-0.374999999999999	2.225	0
-0.374999999999999	2.275	0
-0.374999999999999	2.325	0
-0.374999999999999	2.375	0
-0.374999999999999	2.425	0
-0.374999999999999	2.475	0
-0.374999999999999	2.525	0
-0.374999999999999	2.575	0
-0.374999999999999	2.625	0
-0.324999999999999	-1.975	54258130.50864901
-0.324999999999999	-1.925	32554878.30518941
-0.324999999999999	-1.875	10851626.1017298
-0.324999999999999	-1.825	43406504.40691921
-0.324999999999999	-1.775	43406504.40691921
-0.324999999999999	-1.725	75961382.71210863
-0.324999999999999	-1.675	54258130.50864901
-0.324999999999999	-1.625	54258130.50864901
-0.324999999999999	-1.575	86813008.81383842
-0.324999999999999	-1.525	119367887.1190278
-0.324999999999999	-1.475	217032522.0345961
-0.324999999999999	-1.425	195329269.8311364
-0.324999999999999	-1.375	206180895.9328662
-0.324999999999999	-1.325	336400409.1536239
-0.324999999999999	-1.275	358103661.3570835
-0.324999999999999	-1.225	303845530.8484345
-0.324999999999999	-1.175	401510165.7640027
-0.324999999999999	-1.125	271290652.5432451
-0.324999999999999	-1.075	271290652.5432451
-0.324999999999999	-1.025	455768296.2726517
-0.324999999999999	-0.975	423213417.9674624
-0.324999999999999	-0.925	314697156.9501643
-0.324999999999999	-0.875	683652444.4089776
-0.324999999999999	-0.825	672800818.3072478
-0.324999999999999	-0.775	803020331.5280055
-0.324999999999999	-0.725	1117717488.47817
-0.324999999999999	-0.675	1464969523.733523
-0.324999999999999	-0.625	1486672775.936983
-0.324999999999999	-0.575	2257138229.159799
-0.324999999999999	-0.525	2886532543.060128
-0.324999999999999	-0.475	3819772387.808891
-0.324999999999999	-0.425	5208780528.830306
-0.324999999999999	-0.375	6250536634.596366
-0.324999999999999	-0.325	7520176888.498754
-0.324999999999999	-0.275	9115365925.453035
-0.324999999999999	-0.225	11491872041.73186
-0.324999999999999	-0.175	11969343590.20797
-0.324999999999999	-0.125	13011099695.97404
-0.324999999999999	-0.0749999999999999	12501073269.19273
-0.324999999999999	-0.0249999999999999	12674699286.82041
-0.324999999999999	0.0250000000000001	11448465537.32494
-0.324999999999999	0.0750000000000001	10482670814.27099
-0.324999999999999	0.125	8865778525.113251
-0.324999999999999	0.175	7227182983.752048
-0.324999999999999	0.225	6500124034.936152
-0.324999999999999	0.275	4470869953.912679
-0.324999999999999	0.325	3689552874.588133
-0.324999999999999	0.375	2192028472.54942
-0.324999999999999	0.425	1345601636.614496
-0.324999999999999	0.475	911536592.5453035
-0.324999999999999	0.525	423213417.9674624
-0.324999999999999	0.575	173626017.6276768
-0.324999999999999	0.625	54258130.50864901
-0.324999999999999	0.675	32554878.30518941
-0.324999999999999	0.725	10851626.1017298
-0.324999999999999	0.775	0
-0.324999999999999	0.825	0
-0.324999999999999	0.875	0
-0.324999999999999	0.925	0
-0.324999999999999	0.975	0
-0.324999999999999	1.025	0
-0.324999999999999	1.075	0
-0.324999999999999	1.125	0
-0.324999999999999	1.175	0
-0.324999999999999	1.225	0
-0.324999999999999	1.275	0
-0.324999999999999	1.325	0
-0.324999999999999	1.375	0
-0.324999999999999	1.425	0
-0.324999999999999	1.475	0
-0.324999999999999	1.525	0
-0.324999999999999	1.575	0
-0.324999999999999	1.625	0
-0.324999999999999	1.675	0
-0.324999999999999	1.725	0
-0.324999999999999	1.775	0
-0.324999999999999	1.825	0
-0.324999999999999	1.875	0
-0.324999999999999	1.925	0
-0.324999999999999	1.975	0
-0.324999999999999	2.025	0
-0.324999999999999	2.075	0
-0.324999999999999	2.125	0
-0.324999999999999	2.175	0
-0.324999999999999	2.225	0
-0.324999999999999	2.275	0
-0.324999999999999	2.325	0
-0.324999999999999	2.375	0
-0.324999999999999	2.425	0
-0.324999999999999	2.475	0
-0.324999999999999	2.525	0
-0.324999999999999	2.575	0
-0.324999999999999	2.625	0
-0.274999999999999	-1.975	54258130.50864901
-0.274999999999999	-1.925	10851626.1017298
-0.274999999999999	-1.875	32554878.30518941
-0.274999999999999	-1.825	32554878.30518941
-0.274999999999999	-1.775	54258130.50864901
-0.274999999999999	-1.725	43406504.40691921
-0.274999999999999	-1.675	10851626.1017298
-0.274999999999999	-1.625	97664634.91556822
-0.274999999999999	-1.575	119367887.1190278
-0.274999999999999	-1.525	151922765.4242173
-0.274999999999999	-1.475	303845530.8484345
-0.274999999999999	-1.425	282142278.6449749
-0.274999999999999	-1.375	347252035.2553537
-0.274999999999999	-1.325	444916670.170922
-0.274999999999999	-1.275	368955287.4588133
-0.274999999999999	-1.225	358103661.3570835
-0.274999999999999	-1.175	499174800.6795709
-0.274999999999999	-1.125	347252035.2553537
-0.274999999999999	-1.075	336400409.1536239
-0.274999999999999	-1.025	336400409.1536239
-0.274999999999999	-0.975	553432931.18822
-0.274999999999999	-0.925	629394313.9003286
-0.274999999999999	-0.875	878981714.2401141
-0.274999999999999	-0.825	900684966.4435737
-0.274999999999999	-0.775	1258788627.800657
-0.274999999999999	-0.725	1356453262.716225
-0.274999999999999	-0.675	1595189036.954281
-0.274999999999999	-0.625	2267989855.261529
-0.274999999999999	-0.575	2560983760.008234
-0.274999999999999	-0.525	3711256126.791593
-0.274999999999999	-0.475	4514276458.319598
-0.274999999999999	-0.425	5414961424.763172
-0.274999999999999	-0.375	7292292740.362428
-0.274999999999999	-0.325	8485971611.552707
-0.274999999999999	-0.275	10124567152.91391
-0.274999999999999	-0.225	12511924895.29446
-0.274999999999999	-0.175	13966042792.92626
-0.274999999999999	-0.125	14237333445.4695
-0.274999999999999	-0.0749999999999999	14248185071.57123
-0.274999999999999	-0.0249999999999999	12435963512.58236
-0.274999999999999	0.0250000000000001	11242284641.39208
-0.274999999999999	0.0750000000000001	9332398447.487631
-0.274999999999999	0.125	7357402496.972806
-0.274999999999999	0.175	6250536634.596366
-0.274999999999999	0.225	4362353692.895381
-0.274999999999999	0.275	3700404500.689863
-0.274999999999999	0.325	2788867908.144559
-0.274999999999999	0.375	1421563019.326604
-0.274999999999999	0.425	629394313.9003286
-0.274999999999999	0.475	499174800.6795709
-0.274999999999999	0.525	86813008.81383842
-0.274999999999999	0.575	32554878.30518941
-0.274999999999999	0.625	32554878.30518941
-0.274999999999999	0.675	21703252.20345961
-0.274999999999999	0.725	0
-0.274999999999999	0.775	0
-0.274999999999999	0.825	0
-0.274999999999999	0.875	0
-0.274999999999999	0.925	0
-0.274999999999999	0.975	0
-0.274999999999999	1.025	0
-0.274999999999999	1.075	0
-0.274999999999999	1.125	0
-0.274999999999999	1.175	0
-0.274999999999999	1.225	0
-0.274999999999999	1.275	0
-0.274999999999999	1.325	0
-0.274999999999999	1.375	0
-0.274999999999999	1.425	0
-0.274999999999999	1.475	0
-0.274999999999999	1.525	0
-0.274999999999999	1.575	0
-0.274999999999999	1.625	0
-0.274999999999999	1.675	0
-0.274999999999999	1.725	0
-0.274999999999999	1.775	0
-0.274999999999999	1.825	0
-0.274999999999999	1.875	0
-0.274999999999999	1.925	0
-0.274999999999999	1.975	0
-0.274999999999999	2.025	0
-0.274999999999999	2.075	0
-0.274999999999999	2.125	0
-0.274999999999999	2.175	0
-0.274999999999999	2.225	0
-0.274999999999999	2.275	0
-0.274999999999999	2.325	0
-0.274999999999999	2.375	0
-0.274999999999999	2.425	0
-0.274999999999999	2.475	0
-0.274999999999999	2.525	0
-0.274999999999999	2.575	0
-0.274999999999999	2.625	0
-0.224999999999999	-1.975	54258130.50864901
-0.224999999999999	-1.925	10851626.1017298
-0.224999999999999	-1.875	43406504.40691921
-0.224999999999999	-1.825	54258130.50864901
-0.224999999999999	-1.775	43406504.40691921
-0.224999999999999	-1.725	108516261.017298
-0.224999999999999	-1.675	86813008.81383842
-0.224999999999999	-1.625	217032522.0345961
-0.224999999999999	-1.575	151922765.4242173
-0.224999999999999	-1.525	282142278.6449749
-0.224999999999999	-1.475	358103661.3570835
-0.224999999999999	-1.425	325548783.0518941
-0.224999999999999	-1.375	325548783.0518941
-0.224999999999999	-1.325	434065044.0691921
-0.224999999999999	-1.275	542581305.0864902
-0.224999999999999	-1.225	510026426.7813008
-0.224999999999999	-1.175	434065044.0691921
-0.224999999999999	-1.125	629394313.9003286
-0.224999999999999	-1.075	466619922.3743815
-0.224999999999999	-1.025	423213417.9674624
-0.224999999999999	-0.975	477471548.4761114
-0.224999999999999	-0.925	759613827.1210862
-0.224999999999999	-0.875	878981714.2401141
-0.224999999999999	-0.825	1204530497.292008
-0.224999999999999	-0.775	1280491880.004117
-0.224999999999999	-0.725	1551782532.547362
-0.224999999999999	-0.675	2018402454.921743
-0.224999999999999	-0.625	2680351647.127262
-0.224999999999999	-0.575	3288042708.824131
-0.224999999999999	-0.525	4557682962.726518
-0.224999999999999	-0.475	5501774433.57701
-0.224999999999999	-0.425	6782266313.581127
-0.224999999999999	-0.375	8388306976.637137
-0.224999999999999	-0.325	10298193170.54158
-0.224999999999999	-0.275	12142969607.83565
-0.224999999999999	-0.225	14117965558.35048
-0.224999999999999	-0.175	14834172881.06464
-0.224999999999999	-0.125	14627991985.13177
-0.224999999999999	-0.0749999999999999	14432662715.30064
-0.224999999999999	-0.0249999999999999	12327447251.56506
-0.224999999999999	0.0250000000000001	9853276500.370661
-0.224999999999999	0.0750000000000001	7574435019.007402
-0.224999999999999	0.125	6196278504.087717
-0.224999999999999	0.175	4449166701.709219
-0.224999999999999	0.225	3418262222.044888
-0.224999999999999	0.275	2322247985.770178
-0.224999999999999	0.325	1540930906.445632
-0.224999999999999	0.375	672800818.3072478
-0.224999999999999	0.425	260439026.4415153
-0.224999999999999	0.475	141071139.3224874
-0.224999999999999	0.525	54258130.50864901
-0.224999999999999	0.575	32554878.30518941
-0.224999999999999	0.625	0
-0.224999999999999	0.675	0
-0.224999999999999	0.725	0
-0.224999999999999	0.775	0
-0.224999999999999	0.825	0
-0.224999999999999	0.875	0
-0.224999999999999	0.925	0
-0.224999999999999	0.975	0
-0.224999999999999	1.025	0
-0.224999999999999	1.075	0
-0.224999999999999	1.125	0
-0.224999999999999	1.175	0
-0.224999999999999	1.225	0
-0.224999999999999	1.275	0
-0.224999999999999	1.325	0
-0.224999999999999	1.375	0
-0.224999999999999	1.425	0
-0.224999999999999	1.475	0
-0.224999999999999	1.525	0
-0.224999999999999	1.575	0
-0.224999999999999	1.625	0
-0.224999999999999	1.675	0
-0.224999999999999	1.725	0
-0.224999999999999	1.775	0
-0.224999999999999	1.825	0
-0.224999999999999	1.875	0
-0.224999999999999	1.925	0
-0.224999999999999	1.975	0
-0.224999999999999	2.025	0
-0.224999999999999	2.075	0
-0.224999999999999	2.125	0
-0.224999999999999	2.175	0
-0.224999999999999	2.225	0
-0.224999999999999	2.275	0
-0.224999999999999	2.325	0
-0.224999999999999	2.375	0
-0.224999999999999	2.425	0
-0.224999999999999	2.475	0
-0.224999999999999	2.525	0
-0.224999999999999	2.575	0
-0.224999999999999	2.625	0
-0.174999999999999	-1.975	108516261.017298
-0.174999999999999	-1.925	43406504.40691921
-0.174999999999999	-1.875	32554878.30518941
-0.174999999999999	-1.825	21703252.20345961
-0.174999999999999	-1.775	65109756.61037882
-0.174999999999999	-1.725	86813008.81383842
-0.174999999999999	-1.675	54258130.50864901
-0.174999999999999	-1.625	238735774.2380557
-0.174999999999999	-1.575	260439026.4415153
-0.174999999999999	-1.525	325548783.0518941
-0.174999999999999	-1.475	423213417.9674624
-0.174999999999999	-1.425	358103661.3570835
-0.174999999999999	-1.375	564284557.2899498
-0.174999999999999	-1.325	553432931.18822
-0.174999999999999	-1.275	792168705.4262756
-0.174999999999999	-1.225	661949192.205518
-0.174999999999999	-1.175	379806913.5605431
-0.174999999999999	-1.125	575136183.3916796
-0.174999999999999	-1.075	672800818.3072478
-0.174999999999999	-1.025	651097566.1037883
-0.174999999999999	-0.975	651097566.1037883
-0.174999999999999	-0.925	770465453.2228161
-0.174999999999999	-0.875	1063459357.969521
-0.174999999999999	-0.825	1389008141.021415
-0.174999999999999	-0.775	1833924811.192337
-0.174999999999999	-0.725	2267989855.261529
-0.174999999999999	-0.675	2734609777.635911
-0.174999999999999	-0.625	3092713438.992994
-0.174999999999999	-0.575	3874030518.31754
-0.174999999999999	-0.525	5111115893.914738
-0.174999999999999	-0.475	6174575251.884259
-0.174999999999999	-0.425	8268939089.51811
-0.174999999999999	-0.375	9571134221.725687
-0.174999999999999	-0.325	11915085459.69933
-0.174999999999999	-0.275	13857526531.90896
-0.174999999999999	-0.225	14606288732.92831
-0.174999999999999	-0.175	15593786708.18573
-0.174999999999999	-0.125	15127166785.81134
-0.174999999999999	-0.0749999999999999	12685550912.92214
-0.174999999999999	-0.0249999999999999	10634593579.69521
-0.174999999999999	0.0250000000000001	8149571202.399082
-0.174999999999999	0.0750000000000001	6586937043.749991
-0.174999999999999	0.125	4677050849.845545
-0.174999999999999	0.175	3418262222.044888
-0.174999999999999	0.225	2246286603.058069
-0.174999999999999	0.275	1389008141.021415
-0.174999999999999	0.325	651097566.1037883
-0.174999999999999	0.375	325548783.0518941
-0.174999999999999	0.425	238735774.2380557
-0.174999999999999	0.475	32554878.30518941
-0.174999999999999	0.525	0
-0.174999999999999	0.575	0
-0.174999999999999	0.625	0
-0.174999999999999	0.675	0
-0.174999999999999	0.725	0
-0.174999999999999	0.775	0
-0.174999999999999	0.825	0
-0.174999999999999	0.875	0
-0.174999999999999	0.925	0
-0.174999999999999	0.975	0
-0.174999999999999	1.025	0
-0.174999999999999	1.075	0
-0.174999999999999	1.125	0
-0.174999999999999	1.175	0
-0.174999999999999	1.225	0
-0.174999999999999	1.275	0
-0.174999999999999	1.325	0
-0.174999999999999	1.375	0
-0.174999999999999	1.425	0
-0.174999999999999	1.475	0
-0.174999999999999	1.525	0
-0.174999999999999	1.575	0
-0.174999999999999	1.625	0
-0.174999999999999	1.675	0
-0.174999999999999	1.725	0
-0.174999999999999	1.775	0
-0.174999999999999	1.825	0
-0.174999999999999	1.875	0
-0.174999999999999	1.925	0
-0.174999999999999	1.975	0
-0.174999999999999	2.025	0
-0.174999999999999	2.075	0
-0.174999999999999	2.125	0
-0.174999999999999	2.175	0
-0.174999999999999	2.225	0
-0.174999999999999	2.275	0
-0.174999999999999	2.325	0
-0.174999999999999	2.375	0
-0.174999999999999	2.425	0
-0.174999999999999	2.475	0
-0.174999999999999	2.525	0
-0.174999999999999	2.575	0
-0.174999999999999	2.625	0
-0.124999999999999	-1.975	97664634.91556822
-0.124999999999999	-1.925	21703252.20345961
-0.124999999999999	-1.875	10851626.1017298
-0.124999999999999	-1.825	32554878.30518941
-0.124999999999999	-1.775	54258130.50864901
-0.124999999999999	-1.725	108516261.017298
-0.124999999999999	-1.675	130219513.2207576
-0.124999999999999	-1.625	336400409.1536239
-0.124999999999999	-1.575	314697156.9501643
-0.124999999999999	-1.525	423213417.9674624
-0.124999999999999	-1.475	401510165.7640027
-0.124999999999999	-1.425	629394313.9003286
-0.124999999999999	-1.375	835575209.8331949
-0.124999999999999	-1.325	846426835.9349247
-0.124999999999999	-1.275	727058948.8158969
-0.124999999999999	-1.225	792168705.4262756
-0.124999999999999	-1.175	846426835.9349247
-0.124999999999999	-1.125	694504070.5107074
-0.124999999999999	-1.075	781317079.3245457
-0.124999999999999	-1.025	857278462.0366545
-0.124999999999999	-0.975	900684966.4435737
-0.124999999999999	-0.925	1182827245.088549
-0.124999999999999	-0.875	1291343506.105847
-0.124999999999999	-0.825	1931589446.107905
-0.124999999999999	-0.775	2311396359.668448
-0.124999999999999	-0.725	2853977664.754938
-0.124999999999999	-0.675	3179526447.806832
-0.124999999999999	-0.625	3808920761.707161
-0.124999999999999	-0.575	4948341502.388791
-0.124999999999999	-0.525	5404109798.661442
-0.124999999999999	-0.475	7715506158.32989
-0.124999999999999	-0.425	9050256168.842657
-0.124999999999999	-0.375	11155471632.57824
-0.124999999999999	-0.325	13434313113.9415
-0.124999999999999	-0.275	14682250115.64042
-0.124999999999999	-0.225	14790766376.65772
-0.124999999999999	-0.175	14964392394.2854
-0.124999999999999	-0.125	14627991985.13177
-0.124999999999999	-0.0749999999999999	11752311068.17338
-0.124999999999999	-0.0249999999999999	9375804951.89455
-0.124999999999999	0.0250000000000001	6652046800.36037
-0.124999999999999	0.0750000000000001	4970044754.59225
-0.124999999999999	0.125	3320597587.12932
-0.124999999999999	0.175	2376506116.278827
-0.124999999999999	0.225	1475821149.835253
-0.124999999999999	0.275	596839435.5951393
-0.124999999999999	0.325	412361791.8657325
-0.124999999999999	0.375	108516261.017298
-0.124999999999999	0.425	54258130.50864901
-0.124999999999999	0.475	10851626.1017298
-0.124999999999999	0.525	0
-0.124999999999999	0.575	0
-0.124999999999999	0.625	0
-0.124999999999999	0.675	0
-0.124999999999999	0.725	0
-0.124999999999999	0.775	0
-0.124999999999999	0.825	0
-0.124999999999999	0.875	0
-0.124999999999999	0.925	0
-0.124999999999999	0.975	0
-0.124999999999999	1.025	0
-0.124999999999999	1.075	0
-0.124999999999999	1.125	0
-0.124999999999999	1.175	0
-0.124999999999999	1.225	0
-0.124999999999999	1.275	0
-0.124999999999999	1.325	0
-0.124999999999999	1.375	0
-0.124999999999999	1.425	0
-0.124999999999999	1.475	0
-0.124999999999999	1.525	0
-0.124999999999999	1.575	0
-0.124999999999999	1.625	0
-0.124999999999999	1.675	0
-0.124999999999999	1.725	0
-0.124999999999999	1.775	0
-0.124999999999999	1.825	0
-0.124999999999999	1.875	0
-0.124999999999999	1.925	0
-0.124999999999999	1.975	0
-0.124999999999999	2.025	0
-0.124999999999999	2.075	0
-0.124999999999999	2.125	0
-0.124999999999999	2.175	0
-0.124999999999999	2.225	0
-0.124999999999999	2.275	0
-0.124999999999999	2.325	0
-0.124999999999999	2.375	0
-0.124999999999999	2.425	0
-0.124999999999999	2.475	0
-0.124999999999999	2.525	0
-0.124999999999999	2.575	0
-0.124999999999999	2.625	0
-0.0749999999999994	-1.975	86813008.81383842
-0.0749999999999994	-1.925	54258130.50864901
-0.0749999999999994	-1.875	54258130.50864901
-0.0749999999999994	-1.825	75961382.71210863
-0.0749999999999994	-1.775	108516261.017298
-0.0749999999999994	-1.725	119367887.1190278
-0.0749999999999994	-1.675	238735774.2380557
-0.0749999999999994	-1.625	260439026.4415153
-0.0749999999999994	-1.575	336400409.1536239
-0.0749999999999994	-1.525	499174800.6795709
-0.0749999999999994	-1.475	444916670.170922
-0.0749999999999994	-1.425	727058948.8158969
-0.0749999999999994	-1.375	824723583.731465
-0.0749999999999994	-1.325	868130088.1383842
-0.0749999999999994	-1.275	1041756105.766061
-0.0749999999999994	-1.225	1193678871.190279
-0.0749999999999994	-1.175	933239844.7487631
-0.0749999999999994	-1.125	1020052853.562602
-0.0749999999999994	-1.075	1052607731.867791
-0.0749999999999994	-1.025	933239844.7487631
-0.0749999999999994	-0.975	1367304888.817955
-0.0749999999999994	-0.925	1150272366.783359
-0.0749999999999994	-0.875	1747111802.378499
-0.0749999999999994	-0.825	2116067089.837312
-0.0749999999999994	-0.775	2550132133.906504
-0.0749999999999994	-0.725	2984197177.975696
-0.0749999999999994	-0.675	3841475640.012351
-0.0749999999999994	-0.625	4677050849.845545
-0.0749999999999994	-0.575	5653697199.001227
-0.0749999999999994	-0.525	6467569156.630962
-0.0749999999999994	-0.475	8507674863.756166
-0.0749999999999994	-0.425	9581985847.827415
-0.0749999999999994	-0.375	11524426920.03705
-0.0749999999999994	-0.325	12761512295.63425
-0.0749999999999994	-0.275	14725656620.04734
-0.0749999999999994	-0.225	15257386299.0321
-0.0749999999999994	-0.175	14334998080.38507
-0.0749999999999994	-0.125	13065357826.48268
-0.0749999999999994	-0.0749999999999999	10254786666.13466
-0.0749999999999994	-0.0249999999999999	6901634200.700155
-0.0749999999999994	0.0250000000000001	5143670772.219927
-0.0749999999999994	0.0750000000000001	3689552874.588133
-0.0749999999999994	0.125	1823073185.090607
-0.0749999999999994	0.175	1215382123.393738
-0.0749999999999994	0.225	618542687.7985989
-0.0749999999999994	0.275	282142278.6449749
-0.0749999999999994	0.325	151922765.4242173
-0.0749999999999994	0.375	21703252.20345961
-0.0749999999999994	0.425	21703252.20345961
-0.0749999999999994	0.475	0
-0.0749999999999994	0.525	0
-0.0749999999999994	0.575	0
-0.0749999999999994	0.625	0
-0.0749999999999994	0.675	0
-0.0749999999999994	0.725	0
-0.0749999999999994	0.775	0
-0.0749999999999994	0.825	0
-0.0749999999999994	0.875	0
-0.0749999999999994	0.925	0
-0.0749999999999994	0.975	0
-0.0749999999999994	1.025	0
-0.0749999999999994	1.075	0
-0.0749999999999994	1.125	0
-0.0749999999999994	1.175	0
-0.0749999999999994	1.225	0
-0.0749999999999994	1.275	0
-0.0749999999999994	1.325	0
-0.0749999999999994	1.375	0
-0.0749999999999994	1.425	0
-0.0749999999999994	1.475	0
-0.0749999999999994	1.525	0
-0.0749999999999994	1.575	0
-0.0749999999999994	1.625	0
-0.0749999999999994	1.675	0
-0.0749999999999994	1.725	0
-0.0749999999999994	1.775	0
-0.0749999999999994	1.825	0
-0.0749999999999994	1.875	0
-0.0749999999999994	1.925	0
-0.0749999999999994	1.975	0
-0.0749999999999994	2.025	0
-0.0749999999999994	2.075	0
-0.0749999999999994	2.125	0
-0.0749999999999994	2.175	0
-0.0749999999999994	2.225	0
-0.0749999999999994	2.275	0
-0.0749999999999994	2.325	0
-0.0749999999999994	2.375	0
-0.0749999999999994	2.425	0
-0.0749999999999994	2.475	0
-0.0749999999999994	2.525	0
-0.0749999999999994	2.575	0
-0.0749999999999994	2.625	0
-0.0249999999999994	-1.975	86813008.81383842
-0.0249999999999994	-1.925	54258130.50864901
-0.0249999999999994	-1.875	65109756.61037882
-0.0249999999999994	-1.825	65109756.61037882
-0.0249999999999994	-1.775	217032522.0345961
-0.0249999999999994	-1.725	151922765.4242173
-0.0249999999999994	-1.675	130219513.2207576
-0.0249999999999994	-1.625	412361791.8657325
-0.0249999999999994	-1.575	379806913.5605431
-0.0249999999999994	-1.525	651097566.1037883
-0.0249999999999994	-1.475	737910574.9176266
-0.0249999999999994	-1.425	748762201.0193564
-0.0249999999999994	-1.375	1009201227.460872
-0.0249999999999994	-1.325	1117717488.47817
-0.0249999999999994	-1.275	1182827245.088549
-0.0249999999999994	-1.225	1150272366.783359
-0.0249999999999994	-1.175	1161123992.885089
-0.0249999999999994	-1.125	1128569114.5799
-0.0249999999999994	-1.075	1171975618.986819
-0.0249999999999994	-1.025	1161123992.885089
-0.0249999999999994	-0.975	1530079280.343902
-0.0249999999999994	-0.925	1855628063.395796
-0.0249999999999994	-0.875	1942441072.209635
-0.0249999999999994	-0.825	2257138229.159799
-0.0249999999999994	-0.775	2929939047.467047
-0.0249999999999994	-0.725	3602739865.774295
-0.0249999999999994	-0.675	4416611823.40403
-0.0249999999999994	-0.625	5382406546.457982
-0.0249999999999994	-0.575	6272239886.799827
-0.0249999999999994	-0.525	7292292740.362428
-0.0249999999999994	-0.475	8887481777.31671
-0.0249999999999994	-0.425	11079510249.86613
-0.0249999999999994	-0.375	12446815138.68409
-0.0249999999999994	-0.325	13824971653.60377
-0.0249999999999994	-0.275	14508624098.01275
-0.0249999999999994	-0.225	14150520436.65566
-0.0249999999999994	-0.175	12761512295.63425
-0.0249999999999994	-0.125	11556981798.34224
-0.0249999999999994	-0.0749999999999999	8182126080.704271
-0.0249999999999994	-0.0249999999999999	6142020373.579069
-0.0249999999999994	0.0250000000000001	3928288648.826189
-0.0249999999999994	0.0750000000000001	2181176846.44769
-0.0249999999999994	0.125	1454117897.631794
-0.0249999999999994	0.175	596839435.5951393
-0.0249999999999994	0.225	260439026.4415153
-0.0249999999999994	0.275	54258130.50864901
-0.0249999999999994	0.325	10851626.1017298
-0.0249999999999994	0.375	0
-0.0249999999999994	0.425	0
-0.0249999999999994	0.475	0
-0.0249999999999994	0.525	0
-0.0249999999999994	0.575	0
-0.0249999999999994	0.625	0
-0.0249999999999994	0.675	0
-0.0249999999999994	0.725	0
-0.0249999999999994	0.775	0
-0.0249999999999994	0.825	0
-0.0249999999999994	0.875	0
-0.0249999999999994	0.925	0
-0.0249999999999994	0.975	0
-0.0249999999999994	1.025	0
-0.0249999999999994	1.075	0
-0.0249999999999994	1.125	0
-0.0249999999999994	1.175	0
-0.0249999999999994	1.225	0
-0.0249999999999994	1.275	0
-0.0249999999999994	1.325	0
-0.0249999999999994	1.375	0
-0.0249999999999994	1.425	0
-0.0249999999999994	1.475	0
-0.0249999999999994	1.525	0
-0.0249999999999994	1.575	0
-0.0249999999999994	1.625	0
-0.0249999999999994	1.675	0
-0.0249999999999994	1.725	0
-0.0249999999999994	1.775	0
-0.0249999999999994	1.825	0
-0.0249999999999994	1.875	0
-0.0249999999999994	1.925	0
-0.0249999999999994	1.975	0
-0.0249999999999994	2.025	0
-0.0249999999999994	2.075	0
-0.0249999999999994	2.125	0
-0.0249999999999994	2.175	0
-0.0249999999999994	2.225	0
-0.0249999999999994	2.275	0
-0.0249999999999994	2.325	0
-0.0249999999999994	2.375	0
-0.0249999999999994	2.425	0
-0.0249999999999994	2.475	0
-0.0249999999999994	2.525	0
-0.0249999999999994	2.575	0
-0.0249999999999994	2.625	0
