 1.0000e-03  0.0000e+00
 1.0046e-03  0.0000e+00
 1.0093e-03  0.0000e+00
 1.0139e-03  0.0000e+00
 1.0186e-03  0.0000e+00
 1.0233e-03  0.0000e+00
 1.0280e-03  0.0000e+00
 1.0328e-03  0.0000e+00
 1.0376e-03  0.0000e+00
 1.0424e-03  0.0000e+00
 1.0472e-03  0.0000e+00
 1.0520e-03  0.0000e+00
 1.0569e-03  0.0000e+00
 1.0618e-03  0.0000e+00
 1.0667e-03  0.0000e+00
 1.0716e-03  0.0000e+00
 1.0765e-03  0.0000e+00
 1.0815e-03  0.0000e+00
 1.0865e-03  0.0000e+00
 1.0915e-03  0.0000e+00
 1.0966e-03  0.0000e+00
 1.1016e-03  0.0000e+00
 1.1067e-03  0.0000e+00
 1.1118e-03  0.0000e+00
 1.1170e-03  0.0000e+00
 1.1221e-03  0.0000e+00
 1.1273e-03  0.0000e+00
 1.1325e-03  0.0000e+00
 1.1378e-03  0.0000e+00
 1.1430e-03  0.0000e+00
 1.1483e-03  0.0000e+00
 1.1536e-03  0.0000e+00
 1.1589e-03  0.0000e+00
 1.1643e-03  0.0000e+00
 1.1697e-03  0.0000e+00
 1.1751e-03  0.0000e+00
 1.1805e-03  0.0000e+00
 1.1860e-03  0.0000e+00
 1.1915e-03  0.0000e+00
 1.1970e-03  0.0000e+00
 1.2025e-03  0.0000e+00
 1.2080e-03  0.0000e+00
 1.2136e-03  0.0000e+00
 1.2192e-03  0.0000e+00
 1.2249e-03  0.0000e+00
 1.2305e-03  0.0000e+00
 1.2362e-03  0.0000e+00
 1.2419e-03  0.0000e+00
 1.2477e-03  0.0000e+00
 1.2534e-03  0.0000e+00
 1.2592e-03  0.0000e+00
 1.2650e-03  0.0000e+00
 1.2709e-03  0.0000e+00
 1.2768e-03  0.0000e+00
 1.2826e-03  0.0000e+00
 1.2886e-03  0.0000e+00
 1.2945e-03  0.0000e+00
 1.3005e-03  0.0000e+00
 1.3065e-03  0.0000e+00
 1.3126e-03  0.0000e+00
 1.3186e-03  0.0000e+00
 1.3247e-03  0.0000e+00
 1.3308e-03  0.0000e+00
 1.3370e-03  0.0000e+00
 1.3432e-03  0.0000e+00
 1.3494e-03  0.0000e+00
 1.3556e-03  0.0000e+00
 1.3619e-03  0.0000e+00
 1.3682e-03  0.0000e+00
 1.3745e-03  0.0000e+00
 1.3808e-03  0.0000e+00
 1.3872e-03  0.0000e+00
 1.3936e-03  0.0000e+00
 1.4001e-03  0.0000e+00
 1.4065e-03  0.0000e+00
 1.4130e-03  0.0000e+00
 1.4196e-03  0.0000e+00
 1.4261e-03  0.0000e+00
 1.4327e-03  0.0000e+00
 1.4393e-03  0.0000e+00
 1.4460e-03  0.0000e+00
 1.4527e-03  0.0000e+00
 1.4594e-03  0.0000e+00
 1.4661e-03  0.0000e+00
 1.4729e-03  0.0000e+00
 1.4797e-03  0.0000e+00
 1.4865e-03  0.0000e+00
 1.4934e-03  0.0000e+00
 1.5003e-03  0.0000e+00
 1.5072e-03  0.0000e+00
 1.5142e-03  0.0000e+00
 1.5212e-03  0.0000e+00
 1.5282e-03  0.0000e+00
 1.5353e-03  0.0000e+00
 1.5424e-03  0.0000e+00
 1.5495e-03  0.0000e+00
 1.5567e-03  0.0000e+00
 1.5638e-03  0.0000e+00
 1.5711e-03  0.0000e+00
 1.5783e-03  0.0000e+00
 1.5856e-03  0.0000e+00
 1.5930e-03  0.0000e+00
 1.6003e-03  0.0000e+00
 1.6077e-03  0.0000e+00
 1.6151e-03  0.0000e+00
 1.6226e-03  0.0000e+00
 1.6301e-03  0.0000e+00
 1.6376e-03  0.0000e+00
 1.6452e-03  0.0000e+00
 1.6528e-03  0.0000e+00
 1.6604e-03  0.0000e+00
 1.6681e-03  0.0000e+00
 1.6758e-03  0.0000e+00
 1.6836e-03  0.0000e+00
 1.6913e-03  0.0000e+00
 1.6991e-03  0.0000e+00
 1.7070e-03  0.0000e+00
 1.7149e-03  0.0000e+00
 1.7228e-03  0.0000e+00
 1.7308e-03  0.0000e+00
 1.7388e-03  0.0000e+00
 1.7468e-03  0.0000e+00
 1.7549e-03  0.0000e+00
 1.7630e-03  0.0000e+00
 1.7711e-03  0.0000e+00
 1.7793e-03  0.0000e+00
 1.7875e-03  0.0000e+00
 1.7958e-03  0.0000e+00
 1.8041e-03  0.0000e+00
 1.8124e-03  0.0000e+00
 1.8208e-03  0.0000e+00
 1.8292e-03  0.0000e+00
 1.8377e-03  0.0000e+00
 1.8461e-03  0.0000e+00
 1.8547e-03  0.0000e+00
 1.8632e-03  0.0000e+00
 1.8719e-03  0.0000e+00
 1.8805e-03  0.0000e+00
 1.8892e-03  0.0000e+00
 1.8979e-03  0.0000e+00
 1.9067e-03  0.0000e+00
 1.9155e-03  0.0000e+00
 1.9244e-03  0.0000e+00
 1.9332e-03  0.0000e+00
 1.9422e-03  0.0000e+00
 1.9511e-03  0.0000e+00
 1.9602e-03  0.0000e+00
 1.9692e-03  0.0000e+00
 1.9783e-03  0.0000e+00
 1.9875e-03  0.0000e+00
 1.9966e-03  0.0000e+00
 2.0059e-03  0.0000e+00
 2.0151e-03  0.0000e+00
 2.0244e-03  0.0000e+00
 2.0338e-03  0.0000e+00
 2.0432e-03  0.0000e+00
 2.0526e-03  0.0000e+00
 2.0621e-03  0.0000e+00
 2.0716e-03  0.0000e+00
 2.0812e-03  0.0000e+00
 2.0908e-03  0.0000e+00
 2.1005e-03  0.0000e+00
 2.1102e-03  0.0000e+00
 2.1200e-03  0.0000e+00
 2.1297e-03  0.0000e+00
 2.1396e-03  0.0000e+00
 2.1495e-03  0.0000e+00
 2.1594e-03  0.0000e+00
 2.1694e-03  0.0000e+00
 2.1794e-03  0.0000e+00
 2.1895e-03  0.0000e+00
 2.1996e-03  0.0000e+00
 2.2098e-03  0.0000e+00
 2.2200e-03  0.0000e+00
 2.2302e-03  0.0000e+00
 2.2405e-03  0.0000e+00
 2.2509e-03  0.0000e+00
 2.2613e-03  0.0000e+00
 2.2717e-03  0.0000e+00
 2.2822e-03  0.0000e+00
 2.2928e-03  0.0000e+00
 2.3034e-03  0.0000e+00
 2.3140e-03  0.0000e+00
 2.3247e-03  0.0000e+00
 2.3354e-03  0.0000e+00
 2.3462e-03  0.0000e+00
 2.3571e-03  0.0000e+00
 2.3680e-03  0.0000e+00
 2.3789e-03  0.0000e+00
 2.3899e-03  0.0000e+00
 2.4009e-03  0.0000e+00
 2.4120e-03  0.0000e+00
 2.4232e-03  0.0000e+00
 2.4344e-03  0.0000e+00
 2.4456e-03  0.0000e+00
 2.4569e-03  0.0000e+00
 2.4683e-03  0.0000e+00
 2.4797e-03  0.0000e+00
 2.4911e-03  0.0000e+00
 2.5026e-03  0.0000e+00
 2.5142e-03  0.0000e+00
 2.5258e-03  0.0000e+00
 2.5375e-03  0.0000e+00
 2.5492e-03  0.0000e+00
 2.5610e-03  0.0000e+00
 2.5728e-03  0.0000e+00
 2.5847e-03  0.0000e+00
 2.5967e-03  0.0000e+00
 2.6087e-03  0.0000e+00
 2.6207e-03  0.0000e+00
 2.6328e-03  0.0000e+00
 2.6450e-03  0.0000e+00
 2.6572e-03  0.0000e+00
 2.6695e-03  0.0000e+00
 2.6818e-03  0.0000e+00
 2.6942e-03  0.0000e+00
 2.7067e-03  0.0000e+00
 2.7192e-03  0.0000e+00
 2.7317e-03  0.0000e+00
 2.7443e-03  0.0000e+00
 2.7570e-03  0.0000e+00
 2.7698e-03  0.0000e+00
 2.7826e-03  0.0000e+00
 2.7954e-03  0.0000e+00
 2.8083e-03  0.0000e+00
 2.8213e-03  0.0000e+00
 2.8343e-03  0.0000e+00
 2.8474e-03  0.0000e+00
 2.8606e-03  0.0000e+00
 2.8738e-03  0.0000e+00
 2.8871e-03  0.0000e+00
 2.9004e-03  0.0000e+00
 2.9138e-03  0.0000e+00
 2.9273e-03  0.0000e+00
 2.9408e-03  0.0000e+00
 2.9544e-03  0.0000e+00
 2.9681e-03  0.0000e+00
 2.9818e-03  0.0000e+00
 2.9955e-03  0.0000e+00
 3.0094e-03  0.0000e+00
 3.0233e-03  0.0000e+00
 3.0373e-03  0.0000e+00
 3.0513e-03  0.0000e+00
 3.0654e-03  0.0000e+00
 3.0796e-03  0.0000e+00
 3.0938e-03  0.0000e+00
 3.1081e-03  0.0000e+00
 3.1224e-03  0.0000e+00
 3.1369e-03  0.0000e+00
 3.1514e-03  0.0000e+00
 3.1659e-03  0.0000e+00
 3.1806e-03  0.0000e+00
 3.1952e-03  0.0000e+00
 3.2100e-03  0.0000e+00
 3.2248e-03  0.0000e+00
 3.2397e-03  0.0000e+00
 3.2547e-03  0.0000e+00
 3.2697e-03  0.0000e+00
 3.2849e-03  0.0000e+00
 3.3000e-03  0.0000e+00
 3.3153e-03  0.0000e+00
 3.3306e-03  0.0000e+00
 3.3460e-03  0.0000e+00
 3.3614e-03  0.0000e+00
 3.3770e-03  0.0000e+00
 3.3926e-03  0.0000e+00
 3.4083e-03  0.0000e+00
 3.4240e-03  0.0000e+00
 3.4398e-03  0.0000e+00
 3.4557e-03  0.0000e+00
 3.4717e-03  0.0000e+00
 3.4877e-03  0.0000e+00
 3.5038e-03  0.0000e+00
 3.5200e-03  0.0000e+00
 3.5363e-03  0.0000e+00
 3.5526e-03  0.0000e+00
 3.5690e-03  0.0000e+00
 3.5855e-03  0.0000e+00
 3.6021e-03  0.0000e+00
 3.6187e-03  0.0000e+00
 3.6355e-03  0.0000e+00
 3.6523e-03  0.0000e+00
 3.6691e-03  0.0000e+00
 3.6861e-03  0.0000e+00
 3.7031e-03  0.0000e+00
 3.7202e-03  0.0000e+00
 3.7374e-03  0.0000e+00
 3.7547e-03  0.0000e+00
 3.7720e-03  0.0000e+00
 3.7895e-03  0.0000e+00
 3.8070e-03  0.0000e+00
 3.8246e-03  0.0000e+00
 3.8422e-03  0.0000e+00
 3.8600e-03  0.0000e+00
 3.8778e-03  0.0000e+00
 3.8957e-03  0.0000e+00
 3.9137e-03  0.0000e+00
 3.9318e-03  0.0000e+00
 3.9500e-03  0.0000e+00
 3.9682e-03  0.0000e+00
 3.9866e-03  0.0000e+00
 4.0050e-03  0.0000e+00
 4.0235e-03  0.0000e+00
 4.0421e-03  0.0000e+00
 4.0608e-03  0.0000e+00
 4.0795e-03  0.0000e+00
 4.0984e-03  0.0000e+00
 4.1173e-03  0.0000e+00
 4.1363e-03  0.0000e+00
 4.1555e-03  0.0000e+00
 4.1747e-03  0.0000e+00
 4.1939e-03  0.0000e+00
 4.2133e-03  0.0000e+00
 4.2328e-03  0.0000e+00
 4.2523e-03  0.0000e+00
 4.2720e-03  0.0000e+00
 4.2917e-03  0.0000e+00
 4.3116e-03  0.0000e+00
 4.3315e-03  0.0000e+00
 4.3515e-03  0.0000e+00
 4.3716e-03  0.0000e+00
 4.3918e-03  0.0000e+00
 4.4121e-03  0.0000e+00
 4.4325e-03  0.0000e+00
 4.4530e-03  0.0000e+00
 4.4735e-03  0.0000e+00
 4.4942e-03  0.0000e+00
 4.5150e-03  0.0000e+00
 4.5358e-03  0.0000e+00
 4.5568e-03  0.0000e+00
 4.5778e-03  0.0000e+00
 4.5990e-03  0.0000e+00
 4.6202e-03  0.0000e+00
 4.6416e-03  0.0000e+00
 4.6630e-03  0.0000e+00
 4.6846e-03  0.0000e+00
 4.7062e-03  0.0000e+00
 4.7280e-03  0.0000e+00
 4.7498e-03  0.0000e+00
 4.7718e-03  0.0000e+00
 4.7938e-03  0.0000e+00
 4.8160e-03  0.0000e+00
 4.8382e-03  0.0000e+00
 4.8606e-03  0.0000e+00
 4.8830e-03  0.0000e+00
 4.9056e-03  0.0000e+00
 4.9282e-03  0.0000e+00
 4.9510e-03  0.0000e+00
 4.9739e-03  0.0000e+00
 4.9969e-03  0.0000e+00
 5.0200e-03  0.0000e+00
 5.0432e-03  0.0000e+00
 5.0665e-03  0.0000e+00
 5.0899e-03  0.0000e+00
 5.1134e-03  0.0000e+00
 5.1370e-03  0.0000e+00
 5.1607e-03  0.0000e+00
 5.1846e-03  0.0000e+00
 5.2085e-03  0.0000e+00
 5.2326e-03  0.0000e+00
 5.2568e-03  0.0000e+00
 5.2811e-03  0.0000e+00
 5.3055e-03  0.0000e+00
 5.3300e-03  0.0000e+00
 5.3546e-03  0.0000e+00
 5.3794e-03  0.0000e+00
 5.4042e-03  0.0000e+00
 5.4292e-03  0.0000e+00
 5.4543e-03  0.0000e+00
 5.4795e-03  0.0000e+00
 5.5048e-03  0.0000e+00
 5.5302e-03  0.0000e+00
 5.5558e-03  0.0000e+00
 5.5814e-03  0.0000e+00
 5.6072e-03  0.0000e+00
 5.6331e-03  0.0000e+00
 5.6592e-03  0.0000e+00
 5.6853e-03  0.0000e+00
 5.7116e-03  0.0000e+00
 5.7380e-03  0.0000e+00
 5.7645e-03  0.0000e+00
 5.7911e-03  0.0000e+00
 5.8179e-03  0.0000e+00
 5.8448e-03  0.0000e+00
 5.8718e-03  0.0000e+00
 5.8989e-03  0.0000e+00
 5.9262e-03  0.0000e+00
 5.9535e-03  0.0000e+00
 5.9810e-03  0.0000e+00
 6.0087e-03  0.0000e+00
 6.0364e-03  0.0000e+00
 6.0643e-03  0.0000e+00
 6.0923e-03  0.0000e+00
 6.1205e-03  0.0000e+00
 6.1488e-03  0.0000e+00
 6.1772e-03  0.0000e+00
 6.2057e-03  0.0000e+00
 6.2344e-03  0.0000e+00
 6.2632e-03  0.0000e+00
 6.2921e-03  0.0000e+00
 6.3212e-03  0.0000e+00
 6.3504e-03  0.0000e+00
 6.3798e-03  0.0000e+00
 6.4092e-03  0.0000e+00
 6.4389e-03  0.0000e+00
 6.4686e-03  0.0000e+00
 6.4985e-03  0.0000e+00
 6.5285e-03  0.0000e+00
 6.5587e-03  0.0000e+00
 6.5890e-03  0.0000e+00
 6.6194e-03  0.0000e+00
 6.6500e-03  0.0000e+00
 6.6807e-03  0.0000e+00
 6.7116e-03  0.0000e+00
 6.7426e-03  0.0000e+00
 6.7738e-03  0.0000e+00
 6.8051e-03  0.0000e+00
 6.8365e-03  0.0000e+00
 6.8681e-03  0.0000e+00
 6.8998e-03  0.0000e+00
 6.9317e-03  0.0000e+00
 6.9637e-03  0.0000e+00
 6.9959e-03  0.0000e+00
 7.0282e-03  0.0000e+00
 7.0607e-03  0.0000e+00
 7.0933e-03  0.0000e+00
 7.1261e-03  0.0000e+00
 7.1590e-03  0.0000e+00
 7.1921e-03  0.0000e+00
 7.2253e-03  0.0000e+00
 7.2587e-03  0.0000e+00
 7.2923e-03  0.0000e+00
 7.3260e-03  0.0000e+00
 7.3598e-03  0.0000e+00
 7.3938e-03  0.0000e+00
 7.4280e-03  0.0000e+00
 7.4623e-03  0.0000e+00
 7.4968e-03  0.0000e+00
 7.5314e-03  0.0000e+00
 7.5662e-03  0.0000e+00
 7.6012e-03  0.0000e+00
 7.6363e-03  0.0000e+00
 7.6716e-03  0.0000e+00
 7.7070e-03  0.0000e+00
 7.7426e-03  0.0000e+00
 7.7784e-03  0.0000e+00
 7.8144e-03  0.0000e+00
 7.8505e-03  0.0000e+00
 7.8867e-03  0.0000e+00
 7.9232e-03  0.0000e+00
 7.9598e-03  0.0000e+00
 7.9966e-03  0.0000e+00
 8.0335e-03  0.0000e+00
 8.0706e-03  0.0000e+00
 8.1079e-03  0.0000e+00
 8.1454e-03  0.0000e+00
 8.1830e-03  0.0000e+00
 8.2208e-03  0.0000e+00
 8.2588e-03  0.0000e+00
 8.2970e-03  0.0000e+00
 8.3353e-03  0.0000e+00
 8.3738e-03  0.0000e+00
 8.4125e-03  0.0000e+00
 8.4514e-03  0.0000e+00
 8.4904e-03  0.0000e+00
 8.5296e-03  0.0000e+00
 8.5691e-03  0.0000e+00
 8.6086e-03  0.0000e+00
 8.6484e-03  0.0000e+00
 8.6884e-03  0.0000e+00
 8.7285e-03  0.0000e+00
 8.7689e-03  0.0000e+00
 8.8094e-03  0.0000e+00
 8.8501e-03  0.0000e+00
 8.8910e-03  0.0000e+00
 8.9320e-03  0.0000e+00
 8.9733e-03  0.0000e+00
 9.0148e-03  0.0000e+00
 9.0564e-03  0.0000e+00
 9.0983e-03  0.0000e+00
 9.1403e-03  0.0000e+00
 9.1825e-03  0.0000e+00
 9.2250e-03  0.0000e+00
 9.2676e-03  0.0000e+00
 9.3104e-03  0.0000e+00
 9.3534e-03  0.0000e+00
 9.3966e-03  0.0000e+00
 9.4401e-03  0.0000e+00
 9.4837e-03  0.0000e+00
 9.5275e-03  0.0000e+00
 9.5715e-03  0.0000e+00
 9.6157e-03  0.0000e+00
 9.6602e-03  0.0000e+00
 9.7048e-03  0.0000e+00
 9.7496e-03  0.0000e+00
 9.7947e-03  0.0000e+00
 9.8400e-03  0.0000e+00
 9.8854e-03  0.0000e+00
 9.9311e-03  0.0000e+00
 9.9770e-03  0.0000e+00
 1.0023e-02  0.0000e+00
 1.0069e-02  0.0000e+00
 1.0116e-02  0.0000e+00
 1.0163e-02  0.0000e+00
 1.0210e-02  0.0000e+00
 1.0257e-02  0.0000e+00
 1.0304e-02  0.0000e+00
 1.0352e-02  0.0000e+00
 1.0400e-02  0.0000e+00
 1.0448e-02  0.0000e+00
 1.0496e-02  0.0000e+00
 1.0544e-02  0.0000e+00
 1.0593e-02  0.0000e+00
 1.0642e-02  0.0000e+00
 1.0691e-02  0.0000e+00
 1.0741e-02  0.0000e+00
 1.0790e-02  0.0000e+00
 1.0840e-02  0.0000e+00
 1.0890e-02  0.0000e+00
 1.0941e-02  0.0000e+00
 1.0991e-02  0.0000e+00
 1.1042e-02  0.0000e+00
 1.1093e-02  0.0000e+00
 1.1144e-02  0.0000e+00
 1.1196e-02  0.0000e+00
 1.1247e-02  0.0000e+00
 1.1299e-02  0.0000e+00
 1.1352e-02  0.0000e+00
 1.1404e-02  0.0000e+00
 1.1457e-02  0.0000e+00
 1.1510e-02  0.0000e+00
 1.1563e-02  0.0000e+00
 1.1616e-02  0.0000e+00
 1.1670e-02  0.0000e+00
 1.1724e-02  0.0000e+00
 1.1778e-02  0.0000e+00
 1.1832e-02  0.0000e+00
 1.1887e-02  0.0000e+00
 1.1942e-02  0.0000e+00
 1.1997e-02  0.0000e+00
 1.2053e-02  0.0000e+00
 1.2108e-02  0.0000e+00
 1.2164e-02  0.0000e+00
 1.2220e-02  0.0000e+00
 1.2277e-02  0.0000e+00
 1.2334e-02  0.0000e+00
 1.2391e-02  0.0000e+00
 1.2448e-02  0.0000e+00
 1.2505e-02  0.0000e+00
 1.2563e-02  0.0000e+00
 1.2621e-02  0.0000e+00
 1.2680e-02  0.0000e+00
 1.2738e-02  0.0000e+00
 1.2797e-02  0.0000e+00
 1.2856e-02  0.0000e+00
 1.2915e-02  0.0000e+00
 1.2975e-02  0.0000e+00
 1.3035e-02  0.0000e+00
 1.3095e-02  0.0000e+00
 1.3156e-02  0.0000e+00
 1.3217e-02  0.0000e+00
 1.3278e-02  0.0000e+00
 1.3339e-02  0.0000e+00
 1.3401e-02  0.0000e+00
 1.3463e-02  0.0000e+00
 1.3525e-02  0.0000e+00
 1.3587e-02  0.0000e+00
 1.3650e-02  0.0000e+00
 1.3713e-02  0.0000e+00
 1.3777e-02  0.0000e+00
 1.3840e-02  0.0000e+00
 1.3904e-02  0.0000e+00
 1.3968e-02  0.0000e+00
 1.4033e-02  0.0000e+00
 1.4098e-02  0.0000e+00
 1.4163e-02  0.0000e+00
 1.4228e-02  0.0000e+00
 1.4294e-02  0.0000e+00
 1.4360e-02  0.0000e+00
 1.4426e-02  0.0000e+00
 1.4493e-02  0.0000e+00
 1.4560e-02  0.0000e+00
 1.4627e-02  0.0000e+00
 1.4695e-02  0.0000e+00
 1.4763e-02  0.0000e+00
 1.4831e-02  0.0000e+00
 1.4900e-02  0.0000e+00
 1.4968e-02  0.0000e+00
 1.5038e-02  0.0000e+00
 1.5107e-02  0.0000e+00
 1.5177e-02  0.0000e+00
 1.5247e-02  0.0000e+00
 1.5317e-02  0.0000e+00
 1.5388e-02  0.0000e+00
 1.5459e-02  0.0000e+00
 1.5531e-02  0.0000e+00
 1.5602e-02  0.0000e+00
 1.5675e-02  0.0000e+00
 1.5747e-02  0.0000e+00
 1.5820e-02  0.0000e+00
 1.5893e-02  0.0000e+00
 1.5966e-02  0.0000e+00
 1.6040e-02  0.0000e+00
 1.6114e-02  0.0000e+00
 1.6189e-02  0.0000e+00
 1.6263e-02  0.0000e+00
 1.6339e-02  0.0000e+00
 1.6414e-02  0.0000e+00
 1.6490e-02  0.0000e+00
 1.6566e-02  0.0000e+00
 1.6643e-02  0.0000e+00
 1.6719e-02  0.0000e+00
 1.6797e-02  0.0000e+00
 1.6874e-02  0.0000e+00
 1.6952e-02  0.0000e+00
 1.7031e-02  0.0000e+00
 1.7109e-02  0.0000e+00
 1.7188e-02  0.0000e+00
 1.7268e-02  0.0000e+00
 1.7348e-02  0.0000e+00
 1.7428e-02  0.0000e+00
 1.7508e-02  0.0000e+00
 1.7589e-02  0.0000e+00
 1.7670e-02  0.0000e+00
 1.7752e-02  0.0000e+00
 1.7834e-02  0.0000e+00
 1.7917e-02  0.0000e+00
 1.7999e-02  0.0000e+00
 1.8082e-02  0.0000e+00
 1.8166e-02  0.0000e+00
 1.8250e-02  0.0000e+00
 1.8334e-02  0.0000e+00
 1.8419e-02  0.0000e+00
 1.8504e-02  0.0000e+00
 1.8590e-02  0.0000e+00
 1.8675e-02  0.0000e+00
 1.8762e-02  0.0000e+00
 1.8848e-02  0.0000e+00
 1.8936e-02  0.0000e+00
 1.9023e-02  0.0000e+00
 1.9111e-02  0.0000e+00
 1.9199e-02  0.0000e+00
 1.9288e-02  0.0000e+00
 1.9377e-02  0.0000e+00
 1.9467e-02  0.0000e+00
 1.9557e-02  0.0000e+00
 1.9647e-02  0.0000e+00
 1.9738e-02  0.0000e+00
 1.9829e-02  0.0000e+00
 1.9920e-02  0.0000e+00
 2.0012e-02  0.0000e+00
 2.0105e-02  0.0000e+00
 2.0198e-02  0.0000e+00
 2.0291e-02  0.0000e+00
 2.0385e-02  0.0000e+00
 2.0479e-02  0.0000e+00
 2.0574e-02  0.0000e+00
 2.0669e-02  0.0000e+00
 2.0764e-02  0.0000e+00
 2.0860e-02  0.0000e+00
 2.0957e-02  0.0000e+00
 2.1053e-02  0.0000e+00
 2.1151e-02  0.0000e+00
 2.1248e-02  0.0000e+00
 2.1347e-02  0.0000e+00
 2.1445e-02  0.0000e+00
 2.1544e-02  0.0000e+00
 2.1644e-02  0.0000e+00
 2.1744e-02  0.0000e+00
 2.1844e-02  0.0000e+00
 2.1945e-02  0.0000e+00
 2.2047e-02  0.0000e+00
 2.2149e-02  0.0000e+00
 2.2251e-02  0.0000e+00
 2.2354e-02  0.0000e+00
 2.2457e-02  0.0000e+00
 2.2561e-02  0.0000e+00
 2.2665e-02  0.0000e+00
 2.2770e-02  0.0000e+00
 2.2875e-02  0.0000e+00
 2.2981e-02  0.0000e+00
 2.3087e-02  0.0000e+00
 2.3193e-02  0.0000e+00
 2.3301e-02  0.0000e+00
 2.3408e-02  0.0000e+00
 2.3516e-02  0.0000e+00
 2.3625e-02  0.0000e+00
 2.3734e-02  0.0000e+00
 2.3844e-02  0.0000e+00
 2.3954e-02  0.0000e+00
 2.4065e-02  0.0000e+00
 2.4176e-02  0.0000e+00
 2.4288e-02  0.0000e+00
 2.4400e-02  0.0000e+00
 2.4513e-02  0.0000e+00
 2.4626e-02  0.0000e+00
 2.4740e-02  0.0000e+00
 2.4854e-02  0.0000e+00
 2.4969e-02  0.0000e+00
 2.5084e-02  0.0000e+00
 2.5200e-02  0.0000e+00
 2.5316e-02  0.0000e+00
 2.5433e-02  0.0000e+00
 2.5551e-02  0.0000e+00
 2.5669e-02  0.0000e+00
 2.5788e-02  0.0000e+00
 2.5907e-02  0.0000e+00
 2.6026e-02  0.0000e+00
 2.6147e-02  0.0000e+00
 2.6268e-02  0.0000e+00
 2.6389e-02  0.0000e+00
 2.6511e-02  0.0000e+00
 2.6633e-02  0.0000e+00
 2.6756e-02  0.0000e+00
 2.6880e-02  0.0000e+00
 2.7004e-02  0.0000e+00
 2.7129e-02  0.0000e+00
 2.7254e-02  0.0000e+00
 2.7380e-02  0.0000e+00
 2.7507e-02  0.0000e+00
 2.7634e-02  0.0000e+00
 2.7762e-02  0.0000e+00
 2.7890e-02  0.0000e+00
 2.8019e-02  0.0000e+00
 2.8148e-02  0.0000e+00
 2.8278e-02  0.0000e+00
 2.8409e-02  0.0000e+00
 2.8540e-02  0.0000e+00
 2.8672e-02  0.0000e+00
 2.8804e-02  0.0000e+00
 2.8938e-02  0.0000e+00
 2.9071e-02  0.0000e+00
 2.9206e-02  0.0000e+00
 2.9340e-02  0.0000e+00
 2.9476e-02  0.0000e+00
 2.9612e-02  0.0000e+00
 2.9749e-02  0.0000e+00
 2.9887e-02  0.0000e+00
 3.0025e-02  0.0000e+00
 3.0163e-02  0.0000e+00
 3.0303e-02  0.0000e+00
 3.0443e-02  0.0000e+00
 3.0583e-02  0.0000e+00
 3.0725e-02  0.0000e+00
 3.0867e-02  0.0000e+00
 3.1009e-02  0.0000e+00
 3.1153e-02  0.0000e+00
 3.1296e-02  0.0000e+00
 3.1441e-02  0.0000e+00
 3.1586e-02  0.0000e+00
 3.1732e-02  0.0000e+00
 3.1879e-02  0.0000e+00
 3.2026e-02  0.0000e+00
 3.2174e-02  0.0000e+00
 3.2323e-02  0.0000e+00
 3.2472e-02  0.0000e+00
 3.2622e-02  0.0000e+00
 3.2773e-02  0.0000e+00
 3.2924e-02  0.0000e+00
 3.3076e-02  0.0000e+00
 3.3229e-02  0.0000e+00
 3.3383e-02  0.0000e+00
 3.3537e-02  0.0000e+00
 3.3692e-02  0.0000e+00
 3.3848e-02  0.0000e+00
 3.4004e-02  0.0000e+00
 3.4161e-02  0.0000e+00
 3.4319e-02  0.0000e+00
 3.4478e-02  0.0000e+00
 3.4637e-02  0.0000e+00
 3.4797e-02  0.0000e+00
 3.4958e-02  0.0000e+00
 3.5119e-02  0.0000e+00
 3.5282e-02  0.0000e+00
 3.5445e-02  0.0000e+00
 3.5608e-02  0.0000e+00
 3.5773e-02  0.0000e+00
 3.5938e-02  0.0000e+00
 3.6104e-02  0.0000e+00
 3.6271e-02  0.0000e+00
 3.6439e-02  0.0000e+00
 3.6607e-02  0.0000e+00
 3.6776e-02  0.0000e+00
 3.6946e-02  0.0000e+00
 3.7117e-02  0.0000e+00
 3.7288e-02  0.0000e+00
 3.7461e-02  0.0000e+00
 3.7634e-02  0.0000e+00
 3.7807e-02  0.0000e+00
 3.7982e-02  0.0000e+00
 3.8158e-02  0.0000e+00
 3.8334e-02  0.0000e+00
 3.8511e-02  0.0000e+00
 3.8689e-02  0.0000e+00
 3.8868e-02  0.0000e+00
 3.9047e-02  0.0000e+00
 3.9228e-02  0.0000e+00
 3.9409e-02  0.0000e+00
 3.9591e-02  0.0000e+00
 3.9774e-02  0.0000e+00
 3.9958e-02  0.0000e+00
 4.0142e-02  0.0000e+00
 4.0328e-02  0.0000e+00
 4.0514e-02  0.0000e+00
 4.0701e-02  0.0000e+00
 4.0889e-02  0.0000e+00
 4.1078e-02  0.0000e+00
 4.1268e-02  0.0000e+00
 4.1459e-02  0.0000e+00
 4.1650e-02  0.0000e+00
 4.1843e-02  0.0000e+00
 4.2036e-02  0.0000e+00
 4.2230e-02  0.0000e+00
 4.2426e-02  0.0000e+00
 4.2622e-02  0.0000e+00
 4.2819e-02  0.0000e+00
 4.3016e-02  0.0000e+00
 4.3215e-02  0.0000e+00
 4.3415e-02  0.0000e+00
 4.3615e-02  0.0000e+00
 4.3817e-02  0.0000e+00
 4.4019e-02  0.0000e+00
 4.4223e-02  0.0000e+00
 4.4427e-02  0.0000e+00
 4.4632e-02  0.0000e+00
 4.4839e-02  0.0000e+00
 4.5046e-02  0.0000e+00
 4.5254e-02  0.0000e+00
 4.5463e-02  0.0000e+00
 4.5673e-02  0.0000e+00
 4.5884e-02  0.0000e+00
 4.6096e-02  0.0000e+00
 4.6309e-02  0.0000e+00
 4.6523e-02  0.0000e+00
 4.6738e-02  0.0000e+00
 4.6954e-02  0.0000e+00
 4.7171e-02  0.0000e+00
 4.7389e-02  0.0000e+00
 4.7608e-02  0.0000e+00
 4.7828e-02  0.0000e+00
 4.8049e-02  0.0000e+00
 4.8271e-02  0.0000e+00
 4.8494e-02  0.0000e+00
 4.8718e-02  0.0000e+00
 4.8943e-02  0.0000e+00
 4.9169e-02  0.0000e+00
 4.9396e-02  0.0000e+00
 4.9624e-02  0.0000e+00
 4.9854e-02  0.0000e+00
 5.0084e-02  0.0000e+00
 5.0315e-02  0.0000e+00
 5.0548e-02  0.0000e+00
 5.0782e-02  0.0000e+00
 5.1016e-02  0.0000e+00
 5.1252e-02  0.0000e+00
 5.1489e-02  0.0000e+00
 5.1727e-02  0.0000e+00
 5.1966e-02  0.0000e+00
 5.2206e-02  0.0000e+00
 5.2447e-02  0.0000e+00
 5.2689e-02  0.0000e+00
 5.2933e-02  0.0000e+00
 5.3177e-02  0.0000e+00
 5.3423e-02  0.0000e+00
 5.3670e-02  0.0000e+00
 5.3918e-02  0.0000e+00
 5.4167e-02  0.0000e+00
 5.4417e-02  0.0000e+00
 5.4669e-02  0.0000e+00
 5.4921e-02  0.0000e+00
 5.5175e-02  0.0000e+00
 5.5430e-02  0.0000e+00
 5.5686e-02  0.0000e+00
 5.5943e-02  0.0000e+00
 5.6202e-02  0.0000e+00
 5.6461e-02  0.0000e+00
 5.6722e-02  0.0000e+00
 5.6984e-02  0.0000e+00
 5.7248e-02  0.0000e+00
 5.7512e-02  0.0000e+00
 5.7778e-02  0.0000e+00
 5.8045e-02  0.0000e+00
 5.8313e-02  0.0000e+00
 5.8582e-02  0.0000e+00
 5.8853e-02  0.0000e+00
 5.9125e-02  0.0000e+00
 5.9398e-02  0.0000e+00
 5.9673e-02  0.0000e+00
 5.9948e-02  0.0000e+00
 6.0225e-02  0.0000e+00
 6.0504e-02  0.0000e+00
 6.0783e-02  0.0000e+00
 6.1064e-02  0.0000e+00
 6.1346e-02  0.0000e+00
 6.1630e-02  0.0000e+00
 6.1914e-02  0.0000e+00
 6.2200e-02  0.0000e+00
 6.2488e-02  0.0000e+00
 6.2777e-02  0.0000e+00
 6.3067e-02  0.0000e+00
 6.3358e-02  0.0000e+00
 6.3651e-02  0.0000e+00
 6.3945e-02  0.0000e+00
 6.4240e-02  0.0000e+00
 6.4537e-02  0.0000e+00
 6.4835e-02  0.0000e+00
 6.5135e-02  0.0000e+00
 6.5436e-02  0.0000e+00
 6.5738e-02  0.0000e+00
 6.6042e-02  0.0000e+00
 6.6347e-02  0.0000e+00
 6.6654e-02  0.0000e+00
 6.6962e-02  0.0000e+00
 6.7271e-02  0.0000e+00
 6.7582e-02  0.0000e+00
 6.7894e-02  0.0000e+00
 6.8208e-02  0.0000e+00
 6.8523e-02  0.0000e+00
 6.8840e-02  0.0000e+00
 6.9158e-02  0.0000e+00
 6.9477e-02  0.0000e+00
 6.9798e-02  0.0000e+00
 7.0121e-02  0.0000e+00
 7.0445e-02  0.0000e+00
 7.0770e-02  0.0000e+00
 7.1097e-02  0.0000e+00
 7.1426e-02  0.0000e+00
 7.1756e-02  0.0000e+00
 7.2087e-02  0.0000e+00
 7.2420e-02  0.0000e+00
 7.2755e-02  0.0000e+00
 7.3091e-02  0.0000e+00
 7.3429e-02  0.0000e+00
 7.3768e-02  0.0000e+00
 7.4109e-02  0.0000e+00
 7.4451e-02  0.0000e+00
 7.4795e-02  0.0000e+00
 7.5141e-02  0.0000e+00
 7.5488e-02  0.0000e+00
 7.5837e-02  0.0000e+00
 7.6187e-02  0.0000e+00
 7.6539e-02  0.0000e+00
 7.6893e-02  0.0000e+00
 7.7248e-02  0.0000e+00
 7.7605e-02  0.0000e+00
 7.7964e-02  0.0000e+00
 7.8324e-02  0.0000e+00
 7.8686e-02  0.0000e+00
 7.9049e-02  0.0000e+00
 7.9415e-02  0.0000e+00
 7.9781e-02  0.0000e+00
 8.0150e-02  0.0000e+00
 8.0520e-02  0.0000e+00
 8.0892e-02  0.0000e+00
 8.1266e-02  0.0000e+00
 8.1642e-02  0.0000e+00
 8.2019e-02  0.0000e+00
 8.2398e-02  0.0000e+00
 8.2779e-02  0.0000e+00
 8.3161e-02  0.0000e+00
 8.3545e-02  0.0000e+00
 8.3931e-02  0.0000e+00
 8.4319e-02  0.0000e+00
 8.4709e-02  0.0000e+00
 8.5100e-02  0.0000e+00
 8.5493e-02  0.0000e+00
 8.5888e-02  0.0000e+00
 8.6285e-02  0.0000e+00
 8.6684e-02  0.0000e+00
 8.7084e-02  0.0000e+00
 8.7487e-02  0.0000e+00
 8.7891e-02  0.0000e+00
 8.8297e-02  0.0000e+00
 8.8705e-02  0.0000e+00
 8.9115e-02  0.0000e+00
 8.9527e-02  0.0000e+00
 8.9940e-02  0.0000e+00
 9.0356e-02  0.0000e+00
 9.0773e-02  0.0000e+00
 9.1193e-02  0.0000e+00
 9.1614e-02  0.0000e+00
 9.2037e-02  0.0000e+00
 9.2463e-02  0.0000e+00
 9.2890e-02  0.0000e+00
 9.3319e-02  0.0000e+00
 9.3750e-02  0.0000e+00
 9.4183e-02  0.0000e+00
 9.4618e-02  0.0000e+00
 9.5056e-02  0.0000e+00
 9.5495e-02  0.0000e+00
 9.5936e-02  0.0000e+00
 9.6379e-02  0.0000e+00
 9.6825e-02  0.0000e+00
 9.7272e-02  0.0000e+00
 9.7721e-02  0.0000e+00
 9.8173e-02  0.0000e+00
 9.8627e-02  0.0000e+00
 9.9082e-02  0.0000e+00
 9.9540e-02  0.0000e+00
 1.0000e-01  0.0000e+00
 1.0000e-01  0.0000e+00
 1.0023e-01  0.0000e+00
 1.0046e-01  0.0000e+00
 1.0069e-01  0.0000e+00
 1.0093e-01  0.0000e+00
 1.0116e-01  0.0000e+00
 1.0139e-01  0.0000e+00
 1.0163e-01  0.0000e+00
 1.0186e-01  0.0000e+00
 1.0210e-01  0.0000e+00
 1.0233e-01  0.0000e+00
 1.0257e-01  0.0000e+00
 1.0280e-01  0.0000e+00
 1.0304e-01  0.0000e+00
 1.0328e-01  0.0000e+00
 1.0352e-01  0.0000e+00
 1.0376e-01  0.0000e+00
 1.0400e-01  0.0000e+00
 1.0424e-01  0.0000e+00
 1.0448e-01  0.0000e+00
 1.0472e-01  0.0000e+00
 1.0496e-01  0.0000e+00
 1.0520e-01  0.0000e+00
 1.0544e-01  0.0000e+00
 1.0569e-01  0.0000e+00
 1.0593e-01  0.0000e+00
 1.0618e-01  0.0000e+00
 1.0642e-01  0.0000e+00
 1.0667e-01  0.0000e+00
 1.0691e-01  0.0000e+00
 1.0716e-01  0.0000e+00
 1.0741e-01  0.0000e+00
 1.0765e-01  0.0000e+00
 1.0790e-01  0.0000e+00
 1.0815e-01  0.0000e+00
 1.0840e-01  0.0000e+00
 1.0865e-01  0.0000e+00
 1.0890e-01  0.0000e+00
 1.0915e-01  0.0000e+00
 1.0941e-01  0.0000e+00
 1.0966e-01  0.0000e+00
 1.0991e-01  0.0000e+00
 1.1016e-01  0.0000e+00
 1.1042e-01  0.0000e+00
 1.1067e-01  0.0000e+00
 1.1093e-01  0.0000e+00
 1.1118e-01  0.0000e+00
 1.1144e-01  0.0000e+00
 1.1170e-01  0.0000e+00
 1.1196e-01  0.0000e+00
 1.1221e-01  0.0000e+00
 1.1247e-01  0.0000e+00
 1.1273e-01  0.0000e+00
 1.1299e-01  0.0000e+00
 1.1325e-01  0.0000e+00
 1.1352e-01  0.0000e+00
 1.1378e-01  0.0000e+00
 1.1404e-01  0.0000e+00
 1.1430e-01  0.0000e+00
 1.1457e-01  0.0000e+00
 1.1483e-01  0.0000e+00
 1.1510e-01  0.0000e+00
 1.1536e-01  0.0000e+00
 1.1563e-01  0.0000e+00
 1.1589e-01  0.0000e+00
 1.1616e-01  0.0000e+00
 1.1643e-01  0.0000e+00
 1.1670e-01  0.0000e+00
 1.1697e-01  0.0000e+00
 1.1724e-01  0.0000e+00
 1.1751e-01  0.0000e+00
 1.1778e-01  0.0000e+00
 1.1805e-01  0.0000e+00
 1.1832e-01  0.0000e+00
 1.1860e-01  0.0000e+00
 1.1887e-01  0.0000e+00
 1.1915e-01  0.0000e+00
 1.1942e-01  0.0000e+00
 1.1970e-01  0.0000e+00
 1.1997e-01  0.0000e+00
 1.2025e-01  0.0000e+00
 1.2053e-01  0.0000e+00
 1.2080e-01  0.0000e+00
 1.2108e-01  0.0000e+00
 1.2136e-01  0.0000e+00
 1.2164e-01  0.0000e+00
 1.2192e-01  0.0000e+00
 1.2220e-01  0.0000e+00
 1.2249e-01  0.0000e+00
 1.2277e-01  0.0000e+00
 1.2305e-01  0.0000e+00
 1.2334e-01  0.0000e+00
 1.2362e-01  0.0000e+00
 1.2391e-01  0.0000e+00
 1.2419e-01  0.0000e+00
 1.2448e-01  0.0000e+00
 1.2477e-01  0.0000e+00
 1.2505e-01  0.0000e+00
 1.2534e-01  0.0000e+00
 1.2563e-01  0.0000e+00
 1.2592e-01  0.0000e+00
 1.2621e-01  0.0000e+00
 1.2650e-01  0.0000e+00
 1.2680e-01  0.0000e+00
 1.2709e-01  0.0000e+00
 1.2738e-01  0.0000e+00
 1.2768e-01  0.0000e+00
 1.2797e-01  0.0000e+00
 1.2826e-01  0.0000e+00
 1.2856e-01  0.0000e+00
 1.2886e-01  0.0000e+00
 1.2915e-01  0.0000e+00
 1.2945e-01  0.0000e+00
 1.2975e-01  0.0000e+00
 1.3005e-01  0.0000e+00
 1.3035e-01  0.0000e+00
 1.3065e-01  0.0000e+00
 1.3095e-01  0.0000e+00
 1.3126e-01  0.0000e+00
 1.3156e-01  0.0000e+00
 1.3186e-01  0.0000e+00
 1.3217e-01  0.0000e+00
 1.3247e-01  0.0000e+00
 1.3278e-01  0.0000e+00
 1.3308e-01  0.0000e+00
 1.3339e-01  0.0000e+00
 1.3370e-01  0.0000e+00
 1.3401e-01  0.0000e+00
 1.3432e-01  0.0000e+00
 1.3463e-01  0.0000e+00
 1.3494e-01  0.0000e+00
 1.3525e-01  0.0000e+00
 1.3556e-01  0.0000e+00
 1.3587e-01  0.0000e+00
 1.3619e-01  0.0000e+00
 1.3650e-01  0.0000e+00
 1.3682e-01  0.0000e+00
 1.3713e-01  0.0000e+00
 1.3745e-01  0.0000e+00
 1.3777e-01  0.0000e+00
 1.3808e-01  0.0000e+00
 1.3840e-01  0.0000e+00
 1.3872e-01  0.0000e+00
 1.3904e-01  0.0000e+00
 1.3936e-01  0.0000e+00
 1.3968e-01  0.0000e+00
 1.4001e-01  0.0000e+00
 1.4033e-01  0.0000e+00
 1.4065e-01  0.0000e+00
 1.4098e-01  0.0000e+00
 1.4130e-01  0.0000e+00
 1.4163e-01  0.0000e+00
 1.4196e-01  0.0000e+00
 1.4228e-01  0.0000e+00
 1.4261e-01  0.0000e+00
 1.4294e-01  0.0000e+00
 1.4327e-01  0.0000e+00
 1.4360e-01  0.0000e+00
 1.4393e-01  0.0000e+00
 1.4426e-01  0.0000e+00
 1.4460e-01  0.0000e+00
 1.4493e-01  0.0000e+00
 1.4527e-01  0.0000e+00
 1.4560e-01  0.0000e+00
 1.4594e-01  0.0000e+00
 1.4627e-01  0.0000e+00
 1.4661e-01  0.0000e+00
 1.4695e-01  0.0000e+00
 1.4729e-01  0.0000e+00
 1.4763e-01  0.0000e+00
 1.4797e-01  0.0000e+00
 1.4831e-01  0.0000e+00
 1.4865e-01  0.0000e+00
 1.4900e-01  0.0000e+00
 1.4934e-01  0.0000e+00
 1.4968e-01  0.0000e+00
 1.5003e-01  0.0000e+00
 1.5038e-01  0.0000e+00
 1.5072e-01  0.0000e+00
 1.5107e-01  0.0000e+00
 1.5142e-01  0.0000e+00
 1.5177e-01  0.0000e+00
 1.5212e-01  0.0000e+00
 1.5247e-01  0.0000e+00
 1.5282e-01  0.0000e+00
 1.5317e-01  0.0000e+00
 1.5353e-01  0.0000e+00
 1.5388e-01  0.0000e+00
 1.5424e-01  0.0000e+00
 1.5459e-01  0.0000e+00
 1.5495e-01  0.0000e+00
 1.5531e-01  0.0000e+00
 1.5567e-01  0.0000e+00
 1.5602e-01  0.0000e+00
 1.5638e-01  0.0000e+00
 1.5675e-01  0.0000e+00
 1.5711e-01  0.0000e+00
 1.5747e-01  0.0000e+00
 1.5783e-01  0.0000e+00
 1.5820e-01  0.0000e+00
 1.5856e-01  0.0000e+00
 1.5893e-01  0.0000e+00
 1.5930e-01  0.0000e+00
 1.5966e-01  0.0000e+00
 1.6003e-01  0.0000e+00
 1.6040e-01  0.0000e+00
 1.6077e-01  0.0000e+00
 1.6114e-01  0.0000e+00
 1.6151e-01  0.0000e+00
 1.6189e-01  0.0000e+00
 1.6226e-01  0.0000e+00
 1.6263e-01  0.0000e+00
 1.6301e-01  0.0000e+00
 1.6339e-01  0.0000e+00
 1.6376e-01  0.0000e+00
 1.6414e-01  0.0000e+00
 1.6452e-01  0.0000e+00
 1.6490e-01  0.0000e+00
 1.6528e-01  0.0000e+00
 1.6566e-01  0.0000e+00
 1.6604e-01  0.0000e+00
 1.6643e-01  0.0000e+00
 1.6681e-01  0.0000e+00
 1.6719e-01  0.0000e+00
 1.6758e-01  0.0000e+00
 1.6797e-01  0.0000e+00
 1.6836e-01  0.0000e+00
 1.6874e-01  0.0000e+00
 1.6913e-01  0.0000e+00
 1.6952e-01  0.0000e+00
 1.6991e-01  0.0000e+00
 1.7031e-01  0.0000e+00
 1.7070e-01  0.0000e+00
 1.7109e-01  0.0000e+00
 1.7149e-01  0.0000e+00
 1.7188e-01  0.0000e+00
 1.7228e-01  0.0000e+00
 1.7268e-01  0.0000e+00
 1.7308e-01  0.0000e+00
 1.7348e-01  0.0000e+00
 1.7388e-01  0.0000e+00
 1.7428e-01  0.0000e+00
 1.7468e-01  0.0000e+00
 1.7508e-01  0.0000e+00
 1.7549e-01  0.0000e+00
 1.7589e-01  0.0000e+00
 1.7630e-01  0.0000e+00
 1.7670e-01  0.0000e+00
 1.7711e-01  0.0000e+00
 1.7752e-01  0.0000e+00
 1.7793e-01  0.0000e+00
 1.7834e-01  0.0000e+00
 1.7875e-01  0.0000e+00
 1.7917e-01  0.0000e+00
 1.7958e-01  0.0000e+00
 1.7999e-01  0.0000e+00
 1.8041e-01  0.0000e+00
 1.8082e-01  0.0000e+00
 1.8124e-01  0.0000e+00
 1.8166e-01  0.0000e+00
 1.8208e-01  0.0000e+00
 1.8250e-01  0.0000e+00
 1.8292e-01  0.0000e+00
 1.8334e-01  0.0000e+00
 1.8377e-01  0.0000e+00
 1.8419e-01  0.0000e+00
 1.8461e-01  0.0000e+00
 1.8504e-01  0.0000e+00
 1.8547e-01  0.0000e+00
 1.8590e-01  0.0000e+00
 1.8632e-01  0.0000e+00
 1.8675e-01  0.0000e+00
 1.8719e-01  0.0000e+00
 1.8762e-01  0.0000e+00
 1.8805e-01  0.0000e+00
 1.8848e-01  0.0000e+00
 1.8892e-01  0.0000e+00
 1.8936e-01  0.0000e+00
 1.8979e-01  0.0000e+00
 1.9023e-01  0.0000e+00
 1.9067e-01  0.0000e+00
 1.9111e-01  0.0000e+00
 1.9155e-01  0.0000e+00
 1.9199e-01  0.0000e+00
 1.9244e-01  0.0000e+00
 1.9288e-01  0.0000e+00
 1.9332e-01  0.0000e+00
 1.9377e-01  0.0000e+00
 1.9422e-01  0.0000e+00
 1.9467e-01  0.0000e+00
 1.9511e-01  0.0000e+00
 1.9557e-01  0.0000e+00
 1.9602e-01  0.0000e+00
 1.9647e-01  0.0000e+00
 1.9692e-01  0.0000e+00
 1.9738e-01  0.0000e+00
 1.9783e-01  0.0000e+00
 1.9829e-01  0.0000e+00
 1.9875e-01  0.0000e+00
 1.9920e-01  0.0000e+00
 1.9966e-01  0.0000e+00
 2.0012e-01  0.0000e+00
 2.0059e-01  0.0000e+00
 2.0105e-01  0.0000e+00
 2.0151e-01  0.0000e+00
 2.0198e-01  0.0000e+00
 2.0244e-01  0.0000e+00
 2.0291e-01  0.0000e+00
 2.0338e-01  0.0000e+00
 2.0385e-01  0.0000e+00
 2.0432e-01  0.0000e+00
 2.0479e-01  0.0000e+00
 2.0526e-01  0.0000e+00
 2.0574e-01  0.0000e+00
 2.0621e-01  0.0000e+00
 2.0669e-01  0.0000e+00
 2.0716e-01  0.0000e+00
 2.0764e-01  0.0000e+00
 2.0812e-01  0.0000e+00
 2.0860e-01  0.0000e+00
 2.0908e-01  0.0000e+00
 2.0957e-01  0.0000e+00
 2.1005e-01  0.0000e+00
 2.1053e-01  0.0000e+00
 2.1102e-01  0.0000e+00
 2.1151e-01  0.0000e+00
 2.1200e-01  0.0000e+00
 2.1248e-01  0.0000e+00
 2.1297e-01  0.0000e+00
 2.1347e-01  0.0000e+00
 2.1396e-01  0.0000e+00
 2.1445e-01  0.0000e+00
 2.1495e-01  0.0000e+00
 2.1544e-01  0.0000e+00
 2.1594e-01  0.0000e+00
 2.1644e-01  0.0000e+00
 2.1694e-01  0.0000e+00
 2.1744e-01  0.0000e+00
 2.1794e-01  0.0000e+00
 2.1844e-01  0.0000e+00
 2.1895e-01  0.0000e+00
 2.1945e-01  0.0000e+00
 2.1996e-01  0.0000e+00
 2.2047e-01  0.0000e+00
 2.2098e-01  0.0000e+00
 2.2149e-01  0.0000e+00
 2.2200e-01  0.0000e+00
 2.2251e-01  0.0000e+00
 2.2302e-01  0.0000e+00
 2.2354e-01  0.0000e+00
 2.2405e-01  0.0000e+00
 2.2457e-01  0.0000e+00
 2.2509e-01  0.0000e+00
 2.2561e-01  0.0000e+00
 2.2613e-01  0.0000e+00
 2.2665e-01  0.0000e+00
 2.2717e-01  0.0000e+00
 2.2770e-01  0.0000e+00
 2.2822e-01  0.0000e+00
 2.2875e-01  0.0000e+00
 2.2928e-01  0.0000e+00
 2.2981e-01  0.0000e+00
 2.3034e-01  0.0000e+00
 2.3087e-01  0.0000e+00
 2.3140e-01  0.0000e+00
 2.3193e-01  0.0000e+00
 2.3247e-01  0.0000e+00
 2.3301e-01  0.0000e+00
 2.3354e-01  0.0000e+00
 2.3408e-01  0.0000e+00
 2.3462e-01  0.0000e+00
 2.3516e-01  0.0000e+00
 2.3571e-01  0.0000e+00
 2.3625e-01  0.0000e+00
 2.3680e-01  0.0000e+00
 2.3734e-01  0.0000e+00
 2.3789e-01  0.0000e+00
 2.3844e-01  0.0000e+00
 2.3899e-01  0.0000e+00
 2.3954e-01  0.0000e+00
 2.4009e-01  0.0000e+00
 2.4065e-01  0.0000e+00
 2.4120e-01  0.0000e+00
 2.4176e-01  0.0000e+00
 2.4232e-01  0.0000e+00
 2.4288e-01  0.0000e+00
 2.4344e-01  0.0000e+00
 2.4400e-01  0.0000e+00
 2.4456e-01  0.0000e+00
 2.4513e-01  0.0000e+00
 2.4569e-01  0.0000e+00
 2.4626e-01  0.0000e+00
 2.4683e-01  0.0000e+00
 2.4740e-01  0.0000e+00
 2.4797e-01  0.0000e+00
 2.4854e-01  0.0000e+00
 2.4911e-01  0.0000e+00
 2.4969e-01  0.0000e+00
 2.5026e-01  0.0000e+00
 2.5084e-01  0.0000e+00
 2.5142e-01  0.0000e+00
 2.5200e-01  0.0000e+00
 2.5258e-01  0.0000e+00
 2.5316e-01  0.0000e+00
 2.5375e-01  0.0000e+00
 2.5433e-01  0.0000e+00
 2.5492e-01  0.0000e+00
 2.5551e-01  0.0000e+00
 2.5610e-01  0.0000e+00
 2.5669e-01  0.0000e+00
 2.5728e-01  0.0000e+00
 2.5788e-01  0.0000e+00
 2.5847e-01  0.0000e+00
 2.5907e-01  0.0000e+00
 2.5967e-01  0.0000e+00
 2.6026e-01  0.0000e+00
 2.6087e-01  0.0000e+00
 2.6147e-01  0.0000e+00
 2.6207e-01  0.0000e+00
 2.6268e-01  0.0000e+00
 2.6328e-01  0.0000e+00
 2.6389e-01  0.0000e+00
 2.6450e-01  0.0000e+00
 2.6511e-01  0.0000e+00
 2.6572e-01  0.0000e+00
 2.6633e-01  0.0000e+00
 2.6695e-01  0.0000e+00
 2.6756e-01  0.0000e+00
 2.6818e-01  0.0000e+00
 2.6880e-01  0.0000e+00
 2.6942e-01  0.0000e+00
 2.7004e-01  0.0000e+00
 2.7067e-01  0.0000e+00
 2.7129e-01  0.0000e+00
 2.7192e-01  0.0000e+00
 2.7254e-01  0.0000e+00
 2.7317e-01  0.0000e+00
 2.7380e-01  0.0000e+00
 2.7443e-01  0.0000e+00
 2.7507e-01  0.0000e+00
 2.7570e-01  0.0000e+00
 2.7634e-01  0.0000e+00
 2.7698e-01  0.0000e+00
 2.7762e-01  0.0000e+00
 2.7826e-01  0.0000e+00
 2.7890e-01  0.0000e+00
 2.7954e-01  0.0000e+00
 2.8019e-01  0.0000e+00
 2.8083e-01  0.0000e+00
 2.8148e-01  0.0000e+00
 2.8213e-01  0.0000e+00
 2.8278e-01  0.0000e+00
 2.8343e-01  0.0000e+00
 2.8409e-01  0.0000e+00
 2.8474e-01  0.0000e+00
 2.8540e-01  0.0000e+00
 2.8606e-01  0.0000e+00
 2.8672e-01  0.0000e+00
 2.8738e-01  0.0000e+00
 2.8804e-01  0.0000e+00
 2.8871e-01  0.0000e+00
 2.8938e-01  0.0000e+00
 2.9004e-01  0.0000e+00
 2.9071e-01  0.0000e+00
 2.9138e-01  0.0000e+00
 2.9206e-01  0.0000e+00
 2.9273e-01  0.0000e+00
 2.9340e-01  0.0000e+00
 2.9408e-01  0.0000e+00
 2.9476e-01  0.0000e+00
 2.9544e-01  0.0000e+00
 2.9612e-01  0.0000e+00
 2.9681e-01  0.0000e+00
 2.9749e-01  0.0000e+00
 2.9818e-01  0.0000e+00
 2.9887e-01  0.0000e+00
 2.9955e-01  0.0000e+00
 3.0025e-01  0.0000e+00
 3.0094e-01  0.0000e+00
 3.0163e-01  0.0000e+00
 3.0233e-01  0.0000e+00
 3.0303e-01  0.0000e+00
 3.0373e-01  0.0000e+00
 3.0443e-01  0.0000e+00
 3.0513e-01  0.0000e+00
 3.0583e-01  0.0000e+00
 3.0654e-01  0.0000e+00
 3.0725e-01  0.0000e+00
 3.0796e-01  0.0000e+00
 3.0867e-01  0.0000e+00
 3.0938e-01  0.0000e+00
 3.1009e-01  0.0000e+00
 3.1081e-01  0.0000e+00
 3.1153e-01  0.0000e+00
 3.1224e-01  0.0000e+00
 3.1296e-01  0.0000e+00
 3.1369e-01  0.0000e+00
 3.1441e-01  0.0000e+00
 3.1514e-01  0.0000e+00
 3.1586e-01  0.0000e+00
 3.1659e-01  0.0000e+00
 3.1732e-01  0.0000e+00
 3.1806e-01  0.0000e+00
 3.1879e-01  0.0000e+00
 3.1952e-01  0.0000e+00
 3.2026e-01  0.0000e+00
 3.2100e-01  0.0000e+00
 3.2174e-01  0.0000e+00
 3.2248e-01  0.0000e+00
 3.2323e-01  0.0000e+00
 3.2397e-01  0.0000e+00
 3.2472e-01  0.0000e+00
 3.2547e-01  0.0000e+00
 3.2622e-01  0.0000e+00
 3.2697e-01  0.0000e+00
 3.2773e-01  0.0000e+00
 3.2849e-01  0.0000e+00
 3.2924e-01  0.0000e+00
 3.3000e-01  0.0000e+00
 3.3076e-01  0.0000e+00
 3.3153e-01  0.0000e+00
 3.3229e-01  0.0000e+00
 3.3306e-01  0.0000e+00
 3.3383e-01  0.0000e+00
 3.3460e-01  0.0000e+00
 3.3537e-01  0.0000e+00
 3.3614e-01  0.0000e+00
 3.3692e-01  0.0000e+00
 3.3770e-01  0.0000e+00
 3.3848e-01  0.0000e+00
 3.3926e-01  0.0000e+00
 3.4004e-01  0.0000e+00
 3.4083e-01  0.0000e+00
 3.4161e-01  0.0000e+00
 3.4240e-01  0.0000e+00
 3.4319e-01  0.0000e+00
 3.4398e-01  0.0000e+00
 3.4478e-01  0.0000e+00
 3.4557e-01  0.0000e+00
 3.4637e-01  0.0000e+00
 3.4717e-01  0.0000e+00
 3.4797e-01  0.0000e+00
 3.4877e-01  0.0000e+00
 3.4958e-01  0.0000e+00
 3.5038e-01  0.0000e+00
 3.5119e-01  0.0000e+00
 3.5200e-01  0.0000e+00
 3.5282e-01  0.0000e+00
 3.5363e-01  0.0000e+00
 3.5445e-01  0.0000e+00
 3.5526e-01  0.0000e+00
 3.5608e-01  0.0000e+00
 3.5690e-01  0.0000e+00
 3.5773e-01  0.0000e+00
 3.5855e-01  0.0000e+00
 3.5938e-01  0.0000e+00
 3.6021e-01  0.0000e+00
 3.6104e-01  0.0000e+00
 3.6187e-01  0.0000e+00
 3.6271e-01  0.0000e+00
 3.6355e-01  0.0000e+00
 3.6439e-01  0.0000e+00
 3.6523e-01  0.0000e+00
 3.6607e-01  0.0000e+00
 3.6691e-01  0.0000e+00
 3.6776e-01  0.0000e+00
 3.6861e-01  0.0000e+00
 3.6946e-01  0.0000e+00
 3.7031e-01  0.0000e+00
 3.7117e-01  0.0000e+00
 3.7202e-01  0.0000e+00
 3.7288e-01  0.0000e+00
 3.7374e-01  0.0000e+00
 3.7461e-01  0.0000e+00
 3.7547e-01  0.0000e+00
 3.7634e-01  0.0000e+00
 3.7720e-01  0.0000e+00
 3.7807e-01  0.0000e+00
 3.7895e-01  0.0000e+00
 3.7982e-01  0.0000e+00
 3.8070e-01  0.0000e+00
 3.8158e-01  0.0000e+00
 3.8246e-01  0.0000e+00
 3.8334e-01  0.0000e+00
 3.8422e-01  0.0000e+00
 3.8511e-01  0.0000e+00
 3.8600e-01  0.0000e+00
 3.8689e-01  0.0000e+00
 3.8778e-01  0.0000e+00
 3.8868e-01  0.0000e+00
 3.8957e-01  0.0000e+00
 3.9047e-01  0.0000e+00
 3.9137e-01  0.0000e+00
 3.9228e-01  0.0000e+00
 3.9318e-01  0.0000e+00
 3.9409e-01  0.0000e+00
 3.9500e-01  0.0000e+00
 3.9591e-01  0.0000e+00
 3.9682e-01  0.0000e+00
 3.9774e-01  0.0000e+00
 3.9866e-01  0.0000e+00
 3.9958e-01  0.0000e+00
 4.0050e-01  0.0000e+00
 4.0142e-01  0.0000e+00
 4.0235e-01  0.0000e+00
 4.0328e-01  0.0000e+00
 4.0421e-01  0.0000e+00
 4.0514e-01  0.0000e+00
 4.0608e-01  0.0000e+00
 4.0701e-01  0.0000e+00
 4.0795e-01  0.0000e+00
 4.0889e-01  0.0000e+00
 4.0984e-01  0.0000e+00
 4.1078e-01  0.0000e+00
 4.1173e-01  0.0000e+00
 4.1268e-01  0.0000e+00
 4.1363e-01  0.0000e+00
 4.1459e-01  0.0000e+00
 4.1555e-01  0.0000e+00
 4.1650e-01  0.0000e+00
 4.1747e-01  0.0000e+00
 4.1843e-01  0.0000e+00
 4.1939e-01  0.0000e+00
 4.2036e-01  0.0000e+00
 4.2133e-01  0.0000e+00
 4.2230e-01  0.0000e+00
 4.2328e-01  0.0000e+00
 4.2426e-01  0.0000e+00
 4.2523e-01  0.0000e+00
 4.2622e-01  0.0000e+00
 4.2720e-01  0.0000e+00
 4.2819e-01  0.0000e+00
 4.2917e-01  0.0000e+00
 4.3016e-01  0.0000e+00
 4.3116e-01  0.0000e+00
 4.3215e-01  0.0000e+00
 4.3315e-01  0.0000e+00
 4.3415e-01  0.0000e+00
 4.3515e-01  0.0000e+00
 4.3615e-01  0.0000e+00
 4.3716e-01  0.0000e+00
 4.3817e-01  0.0000e+00
 4.3918e-01  0.0000e+00
 4.4019e-01  0.0000e+00
 4.4121e-01  0.0000e+00
 4.4223e-01  0.0000e+00
 4.4325e-01  0.0000e+00
 4.4427e-01  0.0000e+00
 4.4530e-01  0.0000e+00
 4.4632e-01  0.0000e+00
 4.4735e-01  0.0000e+00
 4.4839e-01  0.0000e+00
 4.4942e-01  0.0000e+00
 4.5046e-01  0.0000e+00
 4.5150e-01  0.0000e+00
 4.5254e-01  0.0000e+00
 4.5358e-01  0.0000e+00
 4.5463e-01  0.0000e+00
 4.5568e-01  0.0000e+00
 4.5673e-01  0.0000e+00
 4.5778e-01  0.0000e+00
 4.5884e-01  0.0000e+00
 4.5990e-01  0.0000e+00
 4.6096e-01  0.0000e+00
 4.6202e-01  0.0000e+00
 4.6309e-01  0.0000e+00
 4.6416e-01  0.0000e+00
 4.6523e-01  0.0000e+00
 4.6630e-01  0.0000e+00
 4.6738e-01  0.0000e+00
 4.6846e-01  0.0000e+00
 4.6954e-01  0.0000e+00
 4.7062e-01  0.0000e+00
 4.7171e-01  0.0000e+00
 4.7280e-01  0.0000e+00
 4.7389e-01  0.0000e+00
 4.7498e-01  0.0000e+00
 4.7608e-01  0.0000e+00
 4.7718e-01  0.0000e+00
 4.7828e-01  0.0000e+00
 4.7938e-01  0.0000e+00
 4.8049e-01  0.0000e+00
 4.8160e-01  0.0000e+00
 4.8271e-01  0.0000e+00
 4.8382e-01  0.0000e+00
 4.8494e-01  0.0000e+00
 4.8606e-01  0.0000e+00
 4.8718e-01  0.0000e+00
 4.8830e-01  0.0000e+00
 4.8943e-01  0.0000e+00
 4.9056e-01  0.0000e+00
 4.9169e-01  0.0000e+00
 4.9282e-01  0.0000e+00
 4.9396e-01  0.0000e+00
 4.9510e-01  0.0000e+00
 4.9624e-01  0.0000e+00
 4.9739e-01  0.0000e+00
 4.9854e-01  0.0000e+00
 4.9969e-01  0.0000e+00
 5.0084e-01  0.0000e+00
 5.0200e-01  0.0000e+00
 5.0315e-01  0.0000e+00
 5.0432e-01  0.0000e+00
 5.0548e-01  0.0000e+00
 5.0665e-01  0.0000e+00
 5.0782e-01  0.0000e+00
 5.0899e-01  0.0000e+00
 5.1016e-01  0.0000e+00
 5.1134e-01  0.0000e+00
 5.1252e-01  0.0000e+00
 5.1370e-01  0.0000e+00
 5.1489e-01  0.0000e+00
 5.1607e-01  0.0000e+00
 5.1727e-01  0.0000e+00
 5.1846e-01  0.0000e+00
 5.1966e-01  0.0000e+00
 5.2085e-01  0.0000e+00
 5.2206e-01  0.0000e+00
 5.2326e-01  0.0000e+00
 5.2447e-01  0.0000e+00
 5.2568e-01  0.0000e+00
 5.2689e-01  0.0000e+00
 5.2811e-01  0.0000e+00
 5.2933e-01  0.0000e+00
 5.3055e-01  0.0000e+00
 5.3177e-01  0.0000e+00
 5.3300e-01  0.0000e+00
 5.3423e-01  0.0000e+00
 5.3546e-01  0.0000e+00
 5.3670e-01  0.0000e+00
 5.3794e-01  0.0000e+00
 5.3918e-01  0.0000e+00
 5.4042e-01  0.0000e+00
 5.4167e-01  0.0000e+00
 5.4292e-01  0.0000e+00
 5.4417e-01  0.0000e+00
 5.4543e-01  0.0000e+00
 5.4669e-01  0.0000e+00
 5.4795e-01  0.0000e+00
 5.4921e-01  0.0000e+00
 5.5048e-01  0.0000e+00
 5.5175e-01  0.0000e+00
 5.5302e-01  0.0000e+00
 5.5430e-01  0.0000e+00
 5.5558e-01  0.0000e+00
 5.5686e-01  0.0000e+00
 5.5814e-01  0.0000e+00
 5.5943e-01  0.0000e+00
 5.6072e-01  0.0000e+00
 5.6202e-01  0.0000e+00
 5.6331e-01  0.0000e+00
 5.6461e-01  0.0000e+00
 5.6592e-01  0.0000e+00
 5.6722e-01  0.0000e+00
 5.6853e-01  0.0000e+00
 5.6984e-01  0.0000e+00
 5.7116e-01  0.0000e+00
 5.7248e-01  0.0000e+00
 5.7380e-01  0.0000e+00
 5.7512e-01  0.0000e+00
 5.7645e-01  0.0000e+00
 5.7778e-01  0.0000e+00
 5.7911e-01  0.0000e+00
 5.8045e-01  0.0000e+00
 5.8179e-01  0.0000e+00
 5.8313e-01  0.0000e+00
 5.8448e-01  0.0000e+00
 5.8582e-01  0.0000e+00
 5.8718e-01  0.0000e+00
 5.8853e-01  0.0000e+00
 5.8989e-01  0.0000e+00
 5.9125e-01  0.0000e+00
 5.9262e-01  0.0000e+00
 5.9398e-01  0.0000e+00
 5.9535e-01  0.0000e+00
 5.9673e-01  0.0000e+00
 5.9810e-01  0.0000e+00
 5.9948e-01  0.0000e+00
 6.0087e-01  0.0000e+00
 6.0225e-01  0.0000e+00
 6.0364e-01  0.0000e+00
 6.0504e-01  0.0000e+00
 6.0643e-01  0.0000e+00
 6.0783e-01  0.0000e+00
 6.0923e-01  0.0000e+00
 6.1064e-01  0.0000e+00
 6.1205e-01  0.0000e+00
 6.1346e-01  0.0000e+00
 6.1488e-01  0.0000e+00
 6.1630e-01  0.0000e+00
 6.1772e-01  0.0000e+00
 6.1914e-01  0.0000e+00
 6.2057e-01  0.0000e+00
 6.2200e-01  0.0000e+00
 6.2344e-01  0.0000e+00
 6.2488e-01  0.0000e+00
 6.2632e-01  0.0000e+00
 6.2777e-01  0.0000e+00
 6.2921e-01  0.0000e+00
 6.3067e-01  0.0000e+00
 6.3212e-01  0.0000e+00
 6.3358e-01  0.0000e+00
 6.3504e-01  0.0000e+00
 6.3651e-01  0.0000e+00
 6.3798e-01  0.0000e+00
 6.3945e-01  0.0000e+00
 6.4092e-01  0.0000e+00
 6.4240e-01  0.0000e+00
 6.4389e-01  0.0000e+00
 6.4537e-01  0.0000e+00
 6.4686e-01  0.0000e+00
 6.4835e-01  0.0000e+00
 6.4985e-01  0.0000e+00
 6.5135e-01  0.0000e+00
 6.5285e-01  0.0000e+00
 6.5436e-01  0.0000e+00
 6.5587e-01  0.0000e+00
 6.5738e-01  0.0000e+00
 6.5890e-01  0.0000e+00
 6.6042e-01  0.0000e+00
 6.6194e-01  0.0000e+00
 6.6347e-01  0.0000e+00
 6.6500e-01  0.0000e+00
 6.6654e-01  0.0000e+00
 6.6807e-01  0.0000e+00
 6.6962e-01  0.0000e+00
 6.7116e-01  0.0000e+00
 6.7271e-01  0.0000e+00
 6.7426e-01  0.0000e+00
 6.7582e-01  0.0000e+00
 6.7738e-01  0.0000e+00
 6.7894e-01  0.0000e+00
 6.8051e-01  0.0000e+00
 6.8208e-01  0.0000e+00
 6.8365e-01  0.0000e+00
 6.8523e-01  0.0000e+00
 6.8681e-01  0.0000e+00
 6.8840e-01  0.0000e+00
 6.8998e-01  0.0000e+00
 6.9158e-01  0.0000e+00
 6.9317e-01  0.0000e+00
 6.9477e-01  0.0000e+00
 6.9637e-01  0.0000e+00
 6.9798e-01  0.0000e+00
 6.9959e-01  0.0000e+00
 7.0121e-01  0.0000e+00
 7.0282e-01  0.0000e+00
 7.0445e-01  0.0000e+00
 7.0607e-01  0.0000e+00
 7.0770e-01  0.0000e+00
 7.0933e-01  0.0000e+00
 7.1097e-01  0.0000e+00
 7.1261e-01  0.0000e+00
 7.1426e-01  0.0000e+00
 7.1590e-01  0.0000e+00
 7.1756e-01  0.0000e+00
 7.1921e-01  0.0000e+00
 7.2087e-01  0.0000e+00
 7.2253e-01  0.0000e+00
 7.2420e-01  0.0000e+00
 7.2587e-01  0.0000e+00
 7.2755e-01  0.0000e+00
 7.2923e-01  0.0000e+00
 7.3091e-01  0.0000e+00
 7.3260e-01  0.0000e+00
 7.3429e-01  0.0000e+00
 7.3598e-01  0.0000e+00
 7.3768e-01  0.0000e+00
 7.3938e-01  0.0000e+00
 7.4109e-01  0.0000e+00
 7.4280e-01  0.0000e+00
 7.4451e-01  0.0000e+00
 7.4623e-01  0.0000e+00
 7.4795e-01  0.0000e+00
 7.4968e-01  0.0000e+00
 7.5141e-01  0.0000e+00
 7.5314e-01  0.0000e+00
 7.5488e-01  0.0000e+00
 7.5662e-01  0.0000e+00
 7.5837e-01  0.0000e+00
 7.6012e-01  0.0000e+00
 7.6187e-01  0.0000e+00
 7.6363e-01  0.0000e+00
 7.6539e-01  0.0000e+00
 7.6716e-01  0.0000e+00
 7.6893e-01  0.0000e+00
 7.7070e-01  0.0000e+00
 7.7248e-01  0.0000e+00
 7.7426e-01  0.0000e+00
 7.7605e-01  0.0000e+00
 7.7784e-01  0.0000e+00
 7.7964e-01  0.0000e+00
 7.8144e-01  0.0000e+00
 7.8324e-01  0.0000e+00
 7.8505e-01  0.0000e+00
 7.8686e-01  0.0000e+00
 7.8867e-01  0.0000e+00
 7.9049e-01  0.0000e+00
 7.9232e-01  0.0000e+00
 7.9415e-01  0.0000e+00
 7.9598e-01  0.0000e+00
 7.9781e-01  0.0000e+00
 7.9966e-01  0.0000e+00
 8.0150e-01  0.0000e+00
 8.0335e-01  0.0000e+00
 8.0520e-01  0.0000e+00
 8.0706e-01  0.0000e+00
 8.0892e-01  0.0000e+00
 8.1079e-01  0.0000e+00
 8.1266e-01  0.0000e+00
 8.1454e-01  0.0000e+00
 8.1642e-01  0.0000e+00
 8.1830e-01  0.0000e+00
 8.2019e-01  0.0000e+00
 8.2208e-01  0.0000e+00
 8.2398e-01  0.0000e+00
 8.2588e-01  0.0000e+00
 8.2779e-01  0.0000e+00
 8.2970e-01  0.0000e+00
 8.3161e-01  0.0000e+00
 8.3353e-01  0.0000e+00
 8.3545e-01  0.0000e+00
 8.3738e-01  0.0000e+00
 8.3931e-01  0.0000e+00
 8.4125e-01  0.0000e+00
 8.4319e-01  0.0000e+00
 8.4514e-01  0.0000e+00
 8.4709e-01  0.0000e+00
 8.4904e-01  0.0000e+00
 8.5100e-01  0.0000e+00
 8.5296e-01  0.0000e+00
 8.5493e-01  0.0000e+00
 8.5691e-01  0.0000e+00
 8.5888e-01  0.0000e+00
 8.6086e-01  0.0000e+00
 8.6285e-01  0.0000e+00
 8.6484e-01  0.0000e+00
 8.6684e-01  0.0000e+00
 8.6884e-01  0.0000e+00
 8.7084e-01  0.0000e+00
 8.7285e-01  0.0000e+00
 8.7487e-01  0.0000e+00
 8.7689e-01  0.0000e+00
 8.7891e-01  0.0000e+00
 8.8094e-01  0.0000e+00
 8.8297e-01  0.0000e+00
 8.8501e-01  0.0000e+00
 8.8705e-01  0.0000e+00
 8.8910e-01  0.0000e+00
 8.9115e-01  0.0000e+00
 8.9320e-01  0.0000e+00
 8.9527e-01  0.0000e+00
 8.9733e-01  0.0000e+00
 8.9940e-01  0.0000e+00
 9.0148e-01  0.0000e+00
 9.0356e-01  0.0000e+00
 9.0564e-01  0.0000e+00
 9.0773e-01  0.0000e+00
 9.0983e-01  0.0000e+00
 9.1193e-01  0.0000e+00
 9.1403e-01  0.0000e+00
 9.1614e-01  0.0000e+00
 9.1825e-01  0.0000e+00
 9.2037e-01  0.0000e+00
 9.2250e-01  0.0000e+00
 9.2463e-01  0.0000e+00
 9.2676e-01  0.0000e+00
 9.2890e-01  0.0000e+00
 9.3104e-01  0.0000e+00
 9.3319e-01  0.0000e+00
 9.3534e-01  0.0000e+00
 9.3750e-01  0.0000e+00
 9.3966e-01  0.0000e+00
 9.4183e-01  0.0000e+00
 9.4401e-01  0.0000e+00
 9.4618e-01  0.0000e+00
 9.4837e-01  0.0000e+00
 9.5056e-01  0.0000e+00
 9.5275e-01  0.0000e+00
 9.5495e-01  0.0000e+00
 9.5715e-01  0.0000e+00
 9.5936e-01  0.0000e+00
 9.6157e-01  0.0000e+00
 9.6379e-01  0.0000e+00
 9.6602e-01  0.0000e+00
 9.6825e-01  0.0000e+00
 9.7048e-01  0.0000e+00
 9.7272e-01  0.0000e+00
 9.7496e-01  0.0000e+00
 9.7721e-01  0.0000e+00
 9.7947e-01  0.0000e+00
 9.8173e-01  0.0000e+00
 9.8400e-01  0.0000e+00
 9.8627e-01  0.0000e+00
 9.8854e-01  0.0000e+00
 9.9082e-01  0.0000e+00
 9.9311e-01  0.0000e+00
 9.9540e-01  0.0000e+00
 9.9770e-01  0.0000e+00
 1.0000e+00  0.0000e+00
 1.0000e+00  0.0000e+00
 1.0008e+00  0.0000e+00
 1.0015e+00  0.0000e+00
 1.0023e+00  0.0000e+00
 1.0031e+00  0.0000e+00
 1.0038e+00  0.0000e+00
 1.0046e+00  0.0000e+00
 1.0054e+00  0.0000e+00
 1.0062e+00  0.0000e+00
 1.0069e+00  0.0000e+00
 1.0077e+00  0.0000e+00
 1.0085e+00  0.0000e+00
 1.0093e+00  0.0000e+00
 1.0100e+00  0.0000e+00
 1.0108e+00  0.0000e+00
 1.0116e+00  0.0000e+00
 1.0124e+00  0.0000e+00
 1.0131e+00  0.0000e+00
 1.0139e+00  0.0000e+00
 1.0147e+00  0.0000e+00
 1.0155e+00  0.0000e+00
 1.0163e+00  0.0000e+00
 1.0170e+00  0.0000e+00
 1.0178e+00  0.0000e+00
 1.0186e+00  0.0000e+00
 1.0194e+00  0.0000e+00
 1.0202e+00  0.0000e+00
 1.0209e+00  0.0000e+00
 1.0217e+00  0.0000e+00
 1.0225e+00  0.0000e+00
 1.0233e+00  0.0000e+00
 1.0241e+00  0.0000e+00
 1.0249e+00  0.0000e+00
 1.0257e+00  0.0000e+00
 1.0264e+00  0.0000e+00
 1.0272e+00  0.0000e+00
 1.0280e+00  0.0000e+00
 1.0288e+00  0.0000e+00
 1.0296e+00  0.0000e+00
 1.0304e+00  0.0000e+00
 1.0312e+00  0.0000e+00
 1.0320e+00  0.0000e+00
 1.0328e+00  0.0000e+00
 1.0336e+00  0.0000e+00
 1.0344e+00  0.0000e+00
 1.0352e+00  0.0000e+00
 1.0359e+00  0.0000e+00
 1.0367e+00  0.0000e+00
 1.0375e+00  0.0000e+00
 1.0383e+00  0.0000e+00
 1.0391e+00  0.0000e+00
 1.0399e+00  0.0000e+00
 1.0407e+00  0.0000e+00
 1.0415e+00  0.0000e+00
 1.0423e+00  0.0000e+00
 1.0431e+00  0.0000e+00
 1.0439e+00  0.0000e+00
 1.0447e+00  0.0000e+00
 1.0455e+00  0.0000e+00
 1.0463e+00  0.0000e+00
 1.0471e+00  0.0000e+00
 1.0479e+00  0.0000e+00
 1.0488e+00  0.0000e+00
 1.0496e+00  0.0000e+00
 1.0504e+00  0.0000e+00
 1.0512e+00  0.0000e+00
 1.0520e+00  0.0000e+00
 1.0528e+00  0.0000e+00
 1.0536e+00  0.0000e+00
 1.0544e+00  0.0000e+00
 1.0552e+00  0.0000e+00
 1.0560e+00  0.0000e+00
 1.0568e+00  0.0000e+00
 1.0576e+00  0.0000e+00
 1.0585e+00  0.0000e+00
 1.0593e+00  0.0000e+00
 1.0601e+00  0.0000e+00
 1.0609e+00  0.0000e+00
 1.0617e+00  0.0000e+00
 1.0625e+00  0.0000e+00
 1.0633e+00  0.0000e+00
 1.0642e+00  0.0000e+00
 1.0650e+00  0.0000e+00
 1.0658e+00  0.0000e+00
 1.0666e+00  0.0000e+00
 1.0674e+00  0.0000e+00
 1.0683e+00  0.0000e+00
 1.0691e+00  0.0000e+00
 1.0699e+00  0.0000e+00
 1.0707e+00  0.0000e+00
 1.0715e+00  0.0000e+00
 1.0724e+00  0.0000e+00
 1.0732e+00  0.0000e+00
 1.0740e+00  0.0000e+00
 1.0748e+00  0.0000e+00
 1.0757e+00  0.0000e+00
 1.0765e+00  0.0000e+00
 1.0773e+00  0.0000e+00
 1.0781e+00  0.0000e+00
 1.0790e+00  0.0000e+00
 1.0798e+00  0.0000e+00
 1.0806e+00  0.0000e+00
 1.0815e+00  0.0000e+00
 1.0823e+00  0.0000e+00
 1.0831e+00  0.0000e+00
 1.0840e+00  0.0000e+00
 1.0848e+00  0.0000e+00
 1.0856e+00  0.0000e+00
 1.0865e+00  0.0000e+00
 1.0873e+00  0.0000e+00
 1.0881e+00  0.0000e+00
 1.0890e+00  0.0000e+00
 1.0898e+00  0.0000e+00
 1.0906e+00  0.0000e+00
 1.0915e+00  0.0000e+00
 1.0923e+00  0.0000e+00
 1.0931e+00  0.0000e+00
 1.0940e+00  0.0000e+00
 1.0948e+00  0.0000e+00
 1.0957e+00  0.0000e+00
 1.0965e+00  0.0000e+00
 1.0974e+00  0.0000e+00
 1.0982e+00  0.0000e+00
 1.0990e+00  0.0000e+00
 1.0999e+00  0.0000e+00
 1.1007e+00  0.0000e+00
 1.1016e+00  0.0000e+00
 1.1024e+00  0.0000e+00
 1.1033e+00  0.0000e+00
 1.1041e+00  0.0000e+00
 1.1050e+00  0.0000e+00
 1.1058e+00  0.0000e+00
 1.1067e+00  0.0000e+00
 1.1075e+00  0.0000e+00
 1.1084e+00  0.0000e+00
 1.1092e+00  0.0000e+00
 1.1101e+00  0.0000e+00
 1.1109e+00  0.0000e+00
 1.1118e+00  0.0000e+00
 1.1126e+00  0.0000e+00
 1.1135e+00  0.0000e+00
 1.1143e+00  0.0000e+00
 1.1152e+00  0.0000e+00
 1.1160e+00  0.0000e+00
 1.1169e+00  0.0000e+00
 1.1178e+00  0.0000e+00
 1.1186e+00  0.0000e+00
 1.1195e+00  0.0000e+00
 1.1203e+00  0.0000e+00
 1.1212e+00  0.0000e+00
 1.1221e+00  0.0000e+00
 1.1229e+00  0.0000e+00
 1.1238e+00  0.0000e+00
 1.1246e+00  0.0000e+00
 1.1255e+00  0.0000e+00
 1.1264e+00  0.0000e+00
 1.1272e+00  0.0000e+00
 1.1281e+00  0.0000e+00
 1.1290e+00  0.0000e+00
 1.1298e+00  0.0000e+00
 1.1307e+00  0.0000e+00
 1.1316e+00  0.0000e+00
 1.1324e+00  0.0000e+00
 1.1333e+00  0.0000e+00
 1.1342e+00  0.0000e+00
 1.1351e+00  0.0000e+00
 1.1359e+00  0.0000e+00
 1.1368e+00  0.0000e+00
 1.1377e+00  0.0000e+00
 1.1386e+00  0.0000e+00
 1.1394e+00  0.0000e+00
 1.1403e+00  0.0000e+00
 1.1412e+00  0.0000e+00
 1.1421e+00  0.0000e+00
 1.1429e+00  0.0000e+00
 1.1438e+00  0.0000e+00
 1.1447e+00  0.0000e+00
 1.1456e+00  0.0000e+00
 1.1464e+00  0.0000e+00
 1.1473e+00  0.0000e+00
 1.1482e+00  0.0000e+00
 1.1491e+00  0.0000e+00
 1.1500e+00  0.0000e+00
 1.1509e+00  0.0000e+00
 1.1517e+00  0.0000e+00
 1.1526e+00  0.0000e+00
 1.1535e+00  0.0000e+00
 1.1544e+00  0.0000e+00
 1.1553e+00  0.0000e+00
 1.1562e+00  0.0000e+00
 1.1571e+00  0.0000e+00
 1.1579e+00  0.0000e+00
 1.1588e+00  0.0000e+00
 1.1597e+00  0.0000e+00
 1.1606e+00  0.0000e+00
 1.1615e+00  0.0000e+00
 1.1624e+00  0.0000e+00
 1.1633e+00  0.0000e+00
 1.1642e+00  0.0000e+00
 1.1651e+00  0.0000e+00
 1.1660e+00  0.0000e+00
 1.1669e+00  0.0000e+00
 1.1678e+00  0.0000e+00
 1.1687e+00  0.0000e+00
 1.1696e+00  0.0000e+00
 1.1705e+00  0.0000e+00
 1.1714e+00  0.0000e+00
 1.1723e+00  0.0000e+00
 1.1732e+00  0.0000e+00
 1.1741e+00  0.0000e+00
 1.1750e+00  0.0000e+00
 1.1759e+00  0.0000e+00
 1.1768e+00  0.0000e+00
 1.1777e+00  0.0000e+00
 1.1786e+00  0.0000e+00
 1.1795e+00  0.0000e+00
 1.1804e+00  0.0000e+00
 1.1813e+00  0.0000e+00
 1.1822e+00  0.0000e+00
 1.1831e+00  0.0000e+00
 1.1840e+00  0.0000e+00
 1.1849e+00  0.0000e+00
 1.1858e+00  0.0000e+00
 1.1867e+00  0.0000e+00
 1.1877e+00  0.0000e+00
 1.1886e+00  0.0000e+00
 1.1895e+00  0.0000e+00
 1.1904e+00  0.0000e+00
 1.1913e+00  0.0000e+00
 1.1922e+00  0.0000e+00
 1.1931e+00  0.0000e+00
 1.1941e+00  0.0000e+00
 1.1950e+00  0.0000e+00
 1.1959e+00  0.0000e+00
 1.1968e+00  0.0000e+00
 1.1977e+00  0.0000e+00
 1.1987e+00  0.0000e+00
 1.1996e+00  0.0000e+00
 1.2005e+00  0.0000e+00
 1.2014e+00  0.0000e+00
 1.2023e+00  0.0000e+00
 1.2033e+00  0.0000e+00
 1.2042e+00  0.0000e+00
 1.2051e+00  0.0000e+00
 1.2060e+00  0.0000e+00
 1.2070e+00  0.0000e+00
 1.2079e+00  0.0000e+00
 1.2088e+00  0.0000e+00
 1.2097e+00  0.0000e+00
 1.2107e+00  0.0000e+00
 1.2116e+00  0.0000e+00
 1.2125e+00  0.0000e+00
 1.2135e+00  0.0000e+00
 1.2144e+00  0.0000e+00
 1.2153e+00  0.0000e+00
 1.2163e+00  0.0000e+00
 1.2172e+00  0.0000e+00
 1.2181e+00  0.0000e+00
 1.2191e+00  0.0000e+00
 1.2200e+00  0.0000e+00
 1.2209e+00  0.0000e+00
 1.2219e+00  0.0000e+00
 1.2228e+00  0.0000e+00
 1.2238e+00  0.0000e+00
 1.2247e+00  0.0000e+00
 1.2256e+00  0.0000e+00
 1.2266e+00  0.0000e+00
 1.2275e+00  0.0000e+00
 1.2285e+00  0.0000e+00
 1.2294e+00  0.0000e+00
 1.2304e+00  0.0000e+00
 1.2313e+00  0.0000e+00
 1.2322e+00  0.0000e+00
 1.2332e+00  0.0000e+00
 1.2341e+00  0.0000e+00
 1.2351e+00  0.0000e+00
 1.2360e+00  0.0000e+00
 1.2370e+00  0.0000e+00
 1.2379e+00  0.0000e+00
 1.2389e+00  0.0000e+00
 1.2398e+00  0.0000e+00
 1.2408e+00  0.0000e+00
 1.2417e+00  0.0000e+00
 1.2427e+00  0.0000e+00
 1.2437e+00  0.0000e+00
 1.2446e+00  0.0000e+00
 1.2456e+00  0.0000e+00
 1.2465e+00  0.0000e+00
 1.2475e+00  0.0000e+00
 1.2484e+00  0.0000e+00
 1.2494e+00  0.0000e+00
 1.2504e+00  0.0000e+00
 1.2513e+00  0.0000e+00
 1.2523e+00  0.0000e+00
 1.2532e+00  0.0000e+00
 1.2542e+00  0.0000e+00
 1.2552e+00  0.0000e+00
 1.2561e+00  0.0000e+00
 1.2571e+00  0.0000e+00
 1.2581e+00  0.0000e+00
 1.2590e+00  0.0000e+00
 1.2600e+00  0.0000e+00
 1.2610e+00  0.0000e+00
 1.2619e+00  0.0000e+00
 1.2629e+00  0.0000e+00
 1.2639e+00  0.0000e+00
 1.2648e+00  0.0000e+00
 1.2658e+00  0.0000e+00
 1.2668e+00  0.0000e+00
 1.2678e+00  0.0000e+00
 1.2687e+00  0.0000e+00
 1.2697e+00  0.0000e+00
 1.2707e+00  0.0000e+00
 1.2717e+00  0.0000e+00
 1.2726e+00  0.0000e+00
 1.2736e+00  0.0000e+00
 1.2746e+00  0.0000e+00
 1.2756e+00  0.0000e+00
 1.2765e+00  0.0000e+00
 1.2775e+00  0.0000e+00
 1.2785e+00  0.0000e+00
 1.2795e+00  0.0000e+00
 1.2805e+00  0.0000e+00
 1.2815e+00  0.0000e+00
 1.2824e+00  0.0000e+00
 1.2834e+00  0.0000e+00
 1.2844e+00  0.0000e+00
 1.2854e+00  0.0000e+00
 1.2864e+00  0.0000e+00
 1.2874e+00  0.0000e+00
 1.2884e+00  0.0000e+00
 1.2893e+00  0.0000e+00
 1.2903e+00  0.0000e+00
 1.2913e+00  0.0000e+00
 1.2923e+00  0.0000e+00
 1.2933e+00  0.0000e+00
 1.2943e+00  0.0000e+00
 1.2953e+00  0.0000e+00
 1.2963e+00  0.0000e+00
 1.2973e+00  0.0000e+00
 1.2983e+00  0.0000e+00
 1.2993e+00  0.0000e+00
 1.3003e+00  0.0000e+00
 1.3013e+00  0.0000e+00
 1.3023e+00  0.0000e+00
 1.3033e+00  0.0000e+00
 1.3043e+00  0.0000e+00
 1.3053e+00  0.0000e+00
 1.3063e+00  0.0000e+00
 1.3073e+00  0.0000e+00
 1.3083e+00  0.0000e+00
 1.3093e+00  0.0000e+00
 1.3103e+00  0.0000e+00
 1.3113e+00  0.0000e+00
 1.3123e+00  0.0000e+00
 1.3133e+00  0.0000e+00
 1.3143e+00  0.0000e+00
 1.3153e+00  0.0000e+00
 1.3164e+00  0.0000e+00
 1.3174e+00  0.0000e+00
 1.3184e+00  0.0000e+00
 1.3194e+00  0.0000e+00
 1.3204e+00  0.0000e+00
 1.3214e+00  0.0000e+00
 1.3224e+00  0.0000e+00
 1.3234e+00  0.0000e+00
 1.3245e+00  0.0000e+00
 1.3255e+00  0.0000e+00
 1.3265e+00  0.0000e+00
 1.3275e+00  0.0000e+00
 1.3285e+00  0.0000e+00
 1.3296e+00  0.0000e+00
 1.3306e+00  0.0000e+00
 1.3316e+00  0.0000e+00
 1.3326e+00  0.0000e+00
 1.3336e+00  0.0000e+00
 1.3347e+00  0.0000e+00
 1.3357e+00  0.0000e+00
 1.3367e+00  0.0000e+00
 1.3378e+00  0.0000e+00
 1.3388e+00  0.0000e+00
 1.3398e+00  0.0000e+00
 1.3408e+00  0.0000e+00
 1.3419e+00  0.0000e+00
 1.3429e+00  0.0000e+00
 1.3439e+00  0.0000e+00
 1.3450e+00  0.0000e+00
 1.3460e+00  0.0000e+00
 1.3470e+00  0.0000e+00
 1.3481e+00  0.0000e+00
 1.3491e+00  0.0000e+00
 1.3501e+00  0.0000e+00
 1.3512e+00  0.0000e+00
 1.3522e+00  0.0000e+00
 1.3532e+00  0.0000e+00
 1.3543e+00  0.0000e+00
 1.3553e+00  0.0000e+00
 1.3564e+00  0.0000e+00
 1.3574e+00  0.0000e+00
 1.3585e+00  0.0000e+00
 1.3595e+00  0.0000e+00
 1.3605e+00  0.0000e+00
 1.3616e+00  0.0000e+00
 1.3626e+00  0.0000e+00
 1.3637e+00  0.0000e+00
 1.3647e+00  0.0000e+00
 1.3658e+00  0.0000e+00
 1.3668e+00  0.0000e+00
 1.3679e+00  0.0000e+00
 1.3689e+00  0.0000e+00
 1.3700e+00  0.0000e+00
 1.3710e+00  0.0000e+00
 1.3721e+00  0.0000e+00
 1.3731e+00  0.0000e+00
 1.3742e+00  0.0000e+00
 1.3752e+00  0.0000e+00
 1.3763e+00  0.0000e+00
 1.3774e+00  0.0000e+00
 1.3784e+00  0.0000e+00
 1.3795e+00  0.0000e+00
 1.3805e+00  0.0000e+00
 1.3816e+00  0.0000e+00
 1.3827e+00  0.0000e+00
 1.3837e+00  0.0000e+00
 1.3848e+00  0.0000e+00
 1.3858e+00  0.0000e+00
 1.3869e+00  0.0000e+00
 1.3880e+00  0.0000e+00
 1.3890e+00  0.0000e+00
 1.3901e+00  0.0000e+00
 1.3912e+00  0.0000e+00
 1.3922e+00  0.0000e+00
 1.3933e+00  0.0000e+00
 1.3944e+00  0.0000e+00
 1.3955e+00  0.0000e+00
 1.3965e+00  0.0000e+00
 1.3976e+00  0.0000e+00
 1.3987e+00  0.0000e+00
 1.3997e+00  0.0000e+00
 1.4008e+00  0.0000e+00
 1.4019e+00  0.0000e+00
 1.4030e+00  0.0000e+00
 1.4040e+00  0.0000e+00
 1.4051e+00  0.0000e+00
 1.4062e+00  0.0000e+00
 1.4073e+00  0.0000e+00
 1.4084e+00  0.0000e+00
 1.4095e+00  0.0000e+00
 1.4105e+00  0.0000e+00
 1.4116e+00  0.0000e+00
 1.4127e+00  0.0000e+00
 1.4138e+00  0.0000e+00
 1.4149e+00  0.0000e+00
 1.4160e+00  0.0000e+00
 1.4170e+00  0.0000e+00
 1.4181e+00  0.0000e+00
 1.4192e+00  0.0000e+00
 1.4203e+00  0.0000e+00
 1.4214e+00  0.0000e+00
 1.4225e+00  0.0000e+00
 1.4236e+00  0.0000e+00
 1.4247e+00  0.0000e+00
 1.4258e+00  0.0000e+00
 1.4269e+00  0.0000e+00
 1.4280e+00  0.0000e+00
 1.4291e+00  0.0000e+00
 1.4302e+00  0.0000e+00
 1.4313e+00  0.0000e+00
 1.4324e+00  0.0000e+00
 1.4335e+00  0.0000e+00
 1.4346e+00  0.0000e+00
 1.4357e+00  0.0000e+00
 1.4368e+00  0.0000e+00
 1.4379e+00  0.0000e+00
 1.4390e+00  0.0000e+00
 1.4401e+00  0.0000e+00
 1.4412e+00  0.0000e+00
 1.4423e+00  0.0000e+00
 1.4434e+00  0.0000e+00
 1.4445e+00  0.0000e+00
 1.4456e+00  0.0000e+00
 1.4467e+00  0.0000e+00
 1.4478e+00  0.0000e+00
 1.4490e+00  0.0000e+00
 1.4501e+00  0.0000e+00
 1.4512e+00  0.0000e+00
 1.4523e+00  0.0000e+00
 1.4534e+00  0.0000e+00
 1.4545e+00  0.0000e+00
 1.4556e+00  0.0000e+00
 1.4568e+00  0.0000e+00
 1.4579e+00  0.0000e+00
 1.4590e+00  0.0000e+00
 1.4601e+00  0.0000e+00
 1.4612e+00  0.0000e+00
 1.4624e+00  0.0000e+00
 1.4635e+00  0.0000e+00
 1.4646e+00  0.0000e+00
 1.4657e+00  0.0000e+00
 1.4669e+00  0.0000e+00
 1.4680e+00  0.0000e+00
 1.4691e+00  0.0000e+00
 1.4702e+00  0.0000e+00
 1.4714e+00  0.0000e+00
 1.4725e+00  0.0000e+00
 1.4736e+00  0.0000e+00
 1.4748e+00  0.0000e+00
 1.4759e+00  0.0000e+00
 1.4770e+00  0.0000e+00
 1.4782e+00  0.0000e+00
 1.4793e+00  0.0000e+00
 1.4804e+00  0.0000e+00
 1.4816e+00  0.0000e+00
 1.4827e+00  0.0000e+00
 1.4839e+00  0.0000e+00
 1.4850e+00  0.0000e+00
 1.4861e+00  0.0000e+00
 1.4873e+00  0.0000e+00
 1.4884e+00  0.0000e+00
 1.4896e+00  0.0000e+00
 1.4907e+00  0.0000e+00
 1.4918e+00  0.0000e+00
 1.4930e+00  0.0000e+00
 1.4941e+00  0.0000e+00
 1.4953e+00  0.0000e+00
 1.4964e+00  0.0000e+00
 1.4976e+00  0.0000e+00
 1.4987e+00  0.0000e+00
 1.4999e+00  0.0000e+00
 1.5010e+00  0.0000e+00
 1.5022e+00  0.0000e+00
 1.5033e+00  0.0000e+00
 1.5045e+00  0.0000e+00
 1.5057e+00  0.0000e+00
 1.5068e+00  0.0000e+00
 1.5080e+00  0.0000e+00
 1.5091e+00  0.0000e+00
 1.5103e+00  0.0000e+00
 1.5114e+00  0.0000e+00
 1.5126e+00  0.0000e+00
 1.5138e+00  0.0000e+00
 1.5149e+00  0.0000e+00
 1.5161e+00  0.0000e+00
 1.5173e+00  0.0000e+00
 1.5184e+00  0.0000e+00
 1.5196e+00  0.0000e+00
 1.5208e+00  0.0000e+00
 1.5219e+00  0.0000e+00
 1.5231e+00  0.0000e+00
 1.5243e+00  0.0000e+00
 1.5254e+00  0.0000e+00
 1.5266e+00  0.0000e+00
 1.5278e+00  0.0000e+00
 1.5290e+00  0.0000e+00
 1.5301e+00  0.0000e+00
 1.5313e+00  0.0000e+00
 1.5325e+00  0.0000e+00
 1.5337e+00  0.0000e+00
 1.5348e+00  0.0000e+00
 1.5360e+00  0.0000e+00
 1.5372e+00  0.0000e+00
 1.5384e+00  0.0000e+00
 1.5396e+00  0.0000e+00
 1.5407e+00  0.0000e+00
 1.5419e+00  0.0000e+00
 1.5431e+00  0.0000e+00
 1.5443e+00  0.0000e+00
 1.5455e+00  0.0000e+00
 1.5467e+00  0.0000e+00
 1.5479e+00  0.0000e+00
 1.5490e+00  0.0000e+00
 1.5502e+00  0.0000e+00
 1.5514e+00  0.0000e+00
 1.5526e+00  0.0000e+00
 1.5538e+00  0.0000e+00
 1.5550e+00  0.0000e+00
 1.5562e+00  0.0000e+00
 1.5574e+00  0.0000e+00
 1.5586e+00  0.0000e+00
 1.5598e+00  0.0000e+00
 1.5610e+00  0.0000e+00
 1.5622e+00  0.0000e+00
 1.5634e+00  0.0000e+00
 1.5646e+00  0.0000e+00
 1.5658e+00  0.0000e+00
 1.5670e+00  0.0000e+00
 1.5682e+00  0.0000e+00
 1.5694e+00  0.0000e+00
 1.5706e+00  0.0000e+00
 1.5718e+00  0.0000e+00
 1.5730e+00  0.0000e+00
 1.5742e+00  0.0000e+00
 1.5754e+00  0.0000e+00
 1.5766e+00  0.0000e+00
 1.5779e+00  0.0000e+00
 1.5791e+00  0.0000e+00
 1.5803e+00  0.0000e+00
 1.5815e+00  0.0000e+00
 1.5827e+00  0.0000e+00
 1.5839e+00  0.0000e+00
 1.5851e+00  0.0000e+00
 1.5864e+00  0.0000e+00
 1.5876e+00  0.0000e+00
 1.5888e+00  0.0000e+00
 1.5900e+00  0.0000e+00
 1.5912e+00  0.0000e+00
 1.5925e+00  0.0000e+00
 1.5937e+00  0.0000e+00
 1.5949e+00  0.0000e+00
 1.5961e+00  0.0000e+00
 1.5974e+00  0.0000e+00
 1.5986e+00  0.0000e+00
 1.5998e+00  0.0000e+00
 1.6010e+00  0.0000e+00
 1.6023e+00  0.0000e+00
 1.6035e+00  0.0000e+00
 1.6047e+00  0.0000e+00
 1.6060e+00  0.0000e+00
 1.6072e+00  0.0000e+00
 1.6084e+00  0.0000e+00
 1.6097e+00  0.0000e+00
 1.6109e+00  0.0000e+00
 1.6121e+00  0.0000e+00
 1.6134e+00  0.0000e+00
 1.6146e+00  0.0000e+00
 1.6159e+00  0.0000e+00
 1.6171e+00  0.0000e+00
 1.6183e+00  0.0000e+00
 1.6196e+00  0.0000e+00
 1.6208e+00  0.0000e+00
 1.6221e+00  0.0000e+00
 1.6233e+00  0.0000e+00
 1.6246e+00  0.0000e+00
 1.6258e+00  0.0000e+00
 1.6271e+00  0.0000e+00
 1.6283e+00  0.0000e+00
 1.6296e+00  0.0000e+00
 1.6308e+00  0.0000e+00
 1.6321e+00  0.0000e+00
 1.6333e+00  0.0000e+00
 1.6346e+00  0.0000e+00
 1.6358e+00  1.3810e-03
 1.6371e+00  6.1579e-03
 1.6383e+00  1.0941e-02
 1.6396e+00  1.5817e-02
 1.6409e+00  2.0779e-02
 1.6421e+00  2.5825e-02
 1.6434e+00  3.0951e-02
 1.6446e+00  3.6153e-02
 1.6459e+00  4.1431e-02
 1.6472e+00  4.6775e-02
 1.6484e+00  5.2184e-02
 1.6497e+00  5.7652e-02
 1.6510e+00  6.3178e-02
 1.6522e+00  6.8757e-02
 1.6535e+00  7.4381e-02
 1.6548e+00  8.0054e-02
 1.6560e+00  8.5767e-02
 1.6573e+00  9.1511e-02
 1.6586e+00  9.7292e-02
 1.6599e+00  1.0310e-01
 1.6611e+00  1.0893e-01
 1.6624e+00  1.1479e-01
 1.6637e+00  1.2066e-01
 1.6650e+00  1.2654e-01
 1.6663e+00  1.3244e-01
 1.6675e+00  1.3834e-01
 1.6688e+00  1.4425e-01
 1.6701e+00  1.5015e-01
 1.6714e+00  1.5606e-01
 1.6727e+00  1.6196e-01
 1.6739e+00  1.6785e-01
 1.6752e+00  1.7373e-01
 1.6765e+00  1.7959e-01
 1.6778e+00  1.8544e-01
 1.6791e+00  1.9127e-01
 1.6804e+00  1.9707e-01
 1.6817e+00  2.0286e-01
 1.6830e+00  2.0862e-01
 1.6843e+00  2.1436e-01
 1.6856e+00  2.2007e-01
 1.6868e+00  2.2574e-01
 1.6881e+00  2.3139e-01
 1.6894e+00  2.3700e-01
 1.6907e+00  2.4259e-01
 1.6920e+00  2.4814e-01
 1.6933e+00  2.5366e-01
 1.6946e+00  2.5916e-01
 1.6959e+00  2.6463e-01
 1.6972e+00  2.7007e-01
 1.6985e+00  2.7549e-01
 1.6998e+00  2.8089e-01
 1.7012e+00  2.8628e-01
 1.7025e+00  2.9165e-01
 1.7038e+00  2.9700e-01
 1.7051e+00  3.0234e-01
 1.7064e+00  3.0768e-01
 1.7077e+00  3.1300e-01
 1.7090e+00  3.1832e-01
 1.7103e+00  3.2517e-01
 1.7116e+00  3.3284e-01
 1.7129e+00  3.4053e-01
 1.7143e+00  3.4825e-01
 1.7156e+00  3.5600e-01
 1.7169e+00  3.6377e-01
 1.7182e+00  3.7155e-01
 1.7195e+00  3.7935e-01
 1.7209e+00  3.8715e-01
 1.7222e+00  3.9495e-01
 1.7235e+00  4.0275e-01
 1.7248e+00  4.1054e-01
 1.7262e+00  4.1832e-01
 1.7275e+00  4.2609e-01
 1.7288e+00  4.3383e-01
 1.7301e+00  4.4153e-01
 1.7315e+00  4.4921e-01
 1.7328e+00  4.5685e-01
 1.7341e+00  4.6444e-01
 1.7355e+00  4.7197e-01
 1.7368e+00  4.7945e-01
 1.7381e+00  4.8686e-01
 1.7395e+00  4.9420e-01
 1.7408e+00  5.0146e-01
 1.7421e+00  5.0862e-01
 1.7435e+00  5.1566e-01
 1.7448e+00  5.2259e-01
 1.7461e+00  5.2938e-01
 1.7475e+00  5.3603e-01
 1.7488e+00  5.4253e-01
 1.7502e+00  5.4887e-01
 1.7515e+00  5.5502e-01
 1.7529e+00  5.6099e-01
 1.7542e+00  5.6680e-01
 1.7556e+00  5.7243e-01
 1.7569e+00  5.7789e-01
 1.7583e+00  5.8318e-01
 1.7596e+00  5.8831e-01
 1.7610e+00  5.9328e-01
 1.7623e+00  5.9808e-01
 1.7637e+00  6.0273e-01
 1.7650e+00  6.0723e-01
 1.7664e+00  6.1157e-01
 1.7677e+00  6.1577e-01
 1.7691e+00  6.1984e-01
 1.7704e+00  6.2374e-01
 1.7718e+00  6.2753e-01
 1.7732e+00  6.3117e-01
 1.7745e+00  6.3470e-01
 1.7759e+00  6.3810e-01
 1.7773e+00  6.4138e-01
 1.7786e+00  6.4455e-01
 1.7800e+00  6.4762e-01
 1.7814e+00  6.5056e-01
 1.7827e+00  6.5342e-01
 1.7841e+00  6.5617e-01
 1.7855e+00  6.5885e-01
 1.7868e+00  6.6143e-01
 1.7882e+00  6.6393e-01
 1.7896e+00  6.6635e-01
 1.7910e+00  6.6872e-01
 1.7923e+00  6.7102e-01
 1.7937e+00  6.7327e-01
 1.7951e+00  6.7548e-01
 1.7965e+00  6.7765e-01
 1.7978e+00  6.7978e-01
 1.7992e+00  6.8189e-01
 1.8006e+00  6.8398e-01
 1.8020e+00  6.8606e-01
 1.8034e+00  6.8813e-01
 1.8048e+00  6.9017e-01
 1.8061e+00  6.9220e-01
 1.8075e+00  6.9421e-01
 1.8089e+00  6.9620e-01
 1.8103e+00  6.9817e-01
 1.8117e+00  7.0011e-01
 1.8131e+00  7.0203e-01
 1.8145e+00  7.0392e-01
 1.8159e+00  7.0579e-01
 1.8173e+00  7.0763e-01
 1.8187e+00  7.0942e-01
 1.8201e+00  7.1119e-01
 1.8215e+00  7.1293e-01
 1.8229e+00  7.1462e-01
 1.8243e+00  7.1628e-01
 1.8257e+00  7.1790e-01
 1.8271e+00  7.1946e-01
 1.8285e+00  7.2099e-01
 1.8299e+00  7.2247e-01
 1.8313e+00  7.2390e-01
 1.8327e+00  7.2528e-01
 1.8341e+00  7.2662e-01
 1.8355e+00  7.2790e-01
 1.8369e+00  7.2912e-01
 1.8383e+00  7.3028e-01
 1.8397e+00  7.3138e-01
 1.8411e+00  7.3243e-01
 1.8426e+00  7.3341e-01
 1.8440e+00  7.3433e-01
 1.8454e+00  7.3516e-01
 1.8468e+00  7.3594e-01
 1.8482e+00  7.3662e-01
 1.8496e+00  7.3723e-01
 1.8511e+00  7.3776e-01
 1.8525e+00  7.3821e-01
 1.8539e+00  7.3858e-01
 1.8553e+00  7.3887e-01
 1.8568e+00  7.3910e-01
 1.8582e+00  7.3926e-01
 1.8596e+00  7.3937e-01
 1.8610e+00  7.3942e-01
 1.8625e+00  7.3941e-01
 1.8639e+00  7.3936e-01
 1.8653e+00  7.3927e-01
 1.8668e+00  7.3914e-01
 1.8682e+00  7.3898e-01
 1.8696e+00  7.3878e-01
 1.8711e+00  7.3856e-01
 1.8725e+00  7.3833e-01
 1.8739e+00  7.3809e-01
 1.8754e+00  7.3782e-01
 1.8768e+00  7.3756e-01
 1.8783e+00  7.3730e-01
 1.8797e+00  7.3704e-01
 1.8812e+00  7.3678e-01
 1.8826e+00  7.3654e-01
 1.8840e+00  7.3632e-01
 1.8855e+00  7.3613e-01
 1.8869e+00  7.3595e-01
 1.8884e+00  7.3582e-01
 1.8898e+00  7.3572e-01
 1.8913e+00  7.3566e-01
 1.8927e+00  7.3566e-01
 1.8942e+00  7.3572e-01
 1.8957e+00  7.3581e-01
 1.8971e+00  7.3598e-01
 1.8986e+00  7.3622e-01
 1.9000e+00  7.3654e-01
 1.9015e+00  7.3692e-01
 1.9029e+00  7.3739e-01
 1.9044e+00  7.3794e-01
 1.9059e+00  7.3857e-01
 1.9073e+00  7.3926e-01
 1.9088e+00  7.4005e-01
 1.9103e+00  7.4092e-01
 1.9117e+00  7.4187e-01
 1.9132e+00  7.4289e-01
 1.9147e+00  7.4400e-01
 1.9161e+00  7.4519e-01
 1.9176e+00  7.4645e-01
 1.9191e+00  7.4780e-01
 1.9206e+00  7.4923e-01
 1.9220e+00  7.5074e-01
 1.9235e+00  7.5233e-01
 1.9250e+00  7.5400e-01
 1.9265e+00  7.5574e-01
 1.9279e+00  7.5758e-01
 1.9294e+00  7.5948e-01
 1.9309e+00  7.6147e-01
 1.9324e+00  7.6354e-01
 1.9339e+00  7.6568e-01
 1.9354e+00  7.6790e-01
 1.9368e+00  7.7019e-01
 1.9383e+00  7.7256e-01
 1.9398e+00  7.7501e-01
 1.9413e+00  7.7754e-01
 1.9428e+00  7.8013e-01
 1.9443e+00  7.8279e-01
 1.9458e+00  7.8552e-01
 1.9473e+00  7.8833e-01
 1.9488e+00  7.9120e-01
 1.9503e+00  7.9414e-01
 1.9518e+00  7.9714e-01
 1.9533e+00  8.0021e-01
 1.9548e+00  8.0334e-01
 1.9563e+00  8.0652e-01
 1.9578e+00  8.0976e-01
 1.9593e+00  8.1305e-01
 1.9608e+00  8.1640e-01
 1.9623e+00  8.1979e-01
 1.9638e+00  8.2323e-01
 1.9653e+00  8.2670e-01
 1.9668e+00  8.3022e-01
 1.9683e+00  8.3376e-01
 1.9698e+00  8.3735e-01
 1.9714e+00  8.4095e-01
 1.9729e+00  8.4458e-01
 1.9744e+00  8.4823e-01
 1.9759e+00  8.5190e-01
 1.9774e+00  8.5557e-01
 1.9789e+00  8.5925e-01
 1.9805e+00  8.6293e-01
 1.9820e+00  8.6661e-01
 1.9835e+00  8.7028e-01
 1.9850e+00  8.7394e-01
 1.9865e+00  8.7757e-01
 1.9881e+00  8.8118e-01
 1.9896e+00  8.8476e-01
 1.9911e+00  8.8830e-01
 1.9927e+00  8.9180e-01
 1.9942e+00  8.9524e-01
 1.9957e+00  8.9863e-01
 1.9973e+00  9.0195e-01
 1.9988e+00  9.0520e-01
 2.0003e+00  9.0771e-01
 2.0019e+00  9.0771e-01
 2.0034e+00  9.0771e-01
 2.0049e+00  9.0771e-01
 2.0065e+00  9.0771e-01
 2.0080e+00  9.0771e-01
 2.0096e+00  9.0771e-01
 2.0111e+00  9.0771e-01
 2.0126e+00  9.0771e-01
 2.0142e+00  9.0771e-01
 2.0157e+00  9.0771e-01
 2.0173e+00  9.0771e-01
 2.0188e+00  9.0771e-01
 2.0204e+00  9.0771e-01
 2.0219e+00  9.0771e-01
 2.0235e+00  9.0771e-01
 2.0250e+00  9.0771e-01
 2.0266e+00  9.0771e-01
 2.0282e+00  9.0771e-01
 2.0297e+00  9.0771e-01
 2.0313e+00  9.0771e-01
 2.0328e+00  9.0771e-01
 2.0344e+00  9.0771e-01
 2.0360e+00  9.0771e-01
 2.0375e+00  9.0771e-01
 2.0391e+00  9.0771e-01
 2.0407e+00  9.0771e-01
 2.0422e+00  9.0771e-01
 2.0438e+00  9.0771e-01
 2.0454e+00  9.0771e-01
 2.0469e+00  9.0771e-01
 2.0485e+00  9.0771e-01
 2.0501e+00  9.0771e-01
 2.0517e+00  9.0771e-01
 2.0532e+00  9.0771e-01
 2.0548e+00  9.0771e-01
 2.0564e+00  9.0771e-01
 2.0580e+00  9.0771e-01
 2.0595e+00  9.0771e-01
 2.0611e+00  9.0771e-01
 2.0627e+00  9.0771e-01
 2.0643e+00  9.0771e-01
 2.0659e+00  9.0771e-01
 2.0675e+00  9.0771e-01
 2.0691e+00  9.0771e-01
 2.0706e+00  9.0771e-01
 2.0722e+00  9.0771e-01
 2.0738e+00  9.0771e-01
 2.0754e+00  9.0771e-01
 2.0770e+00  9.0771e-01
 2.0786e+00  9.0771e-01
 2.0802e+00  9.0771e-01
 2.0818e+00  9.0771e-01
 2.0834e+00  9.0771e-01
 2.0850e+00  9.0771e-01
 2.0866e+00  9.0771e-01
 2.0882e+00  9.0771e-01
 2.0898e+00  9.0771e-01
 2.0914e+00  9.0771e-01
 2.0930e+00  9.0771e-01
 2.0946e+00  9.0771e-01
 2.0962e+00  9.0771e-01
 2.0978e+00  9.0771e-01
 2.0995e+00  9.0771e-01
 2.1011e+00  9.0771e-01
 2.1027e+00  9.0771e-01
 2.1043e+00  9.0771e-01
 2.1059e+00  9.0771e-01
 2.1075e+00  9.0771e-01
 2.1092e+00  9.0771e-01
 2.1108e+00  9.0771e-01
 2.1124e+00  9.0771e-01
 2.1140e+00  9.0771e-01
 2.1156e+00  9.0771e-01
 2.1173e+00  9.0771e-01
 2.1189e+00  9.0771e-01
 2.1205e+00  9.0771e-01
 2.1221e+00  9.0771e-01
 2.1238e+00  9.0771e-01
 2.1254e+00  9.0771e-01
 2.1270e+00  9.0771e-01
 2.1287e+00  9.0771e-01
 2.1303e+00  9.0771e-01
 2.1319e+00  9.0771e-01
 2.1336e+00  9.0771e-01
 2.1352e+00  9.0771e-01
 2.1369e+00  9.0771e-01
 2.1385e+00  9.0771e-01
 2.1401e+00  9.0771e-01
 2.1418e+00  9.0771e-01
 2.1434e+00  9.0771e-01
 2.1451e+00  9.0771e-01
 2.1467e+00  9.0771e-01
 2.1484e+00  9.0771e-01
 2.1500e+00  9.0771e-01
 2.1517e+00  9.0771e-01
 2.1533e+00  9.0771e-01
 2.1550e+00  9.0771e-01
 2.1566e+00  9.0771e-01
 2.1583e+00  9.0771e-01
 2.1600e+00  9.0771e-01
 2.1616e+00  9.0771e-01
 2.1633e+00  9.0771e-01
 2.1649e+00  9.0771e-01
 2.1666e+00  9.0771e-01
 2.1683e+00  9.0771e-01
 2.1699e+00  9.0771e-01
 2.1716e+00  9.0771e-01
 2.1733e+00  9.0771e-01
 2.1749e+00  9.0771e-01
 2.1766e+00  9.0771e-01
 2.1783e+00  9.0771e-01
 2.1799e+00  9.0771e-01
 2.1816e+00  9.0771e-01
 2.1833e+00  9.0771e-01
 2.1850e+00  9.0771e-01
 2.1867e+00  9.0771e-01
 2.1883e+00  9.0771e-01
 2.1900e+00  9.0771e-01
 2.1917e+00  9.0771e-01
 2.1934e+00  9.0771e-01
 2.1951e+00  9.0771e-01
 2.1967e+00  9.0771e-01
 2.1984e+00  9.0771e-01
 2.2001e+00  9.0771e-01
 2.2018e+00  9.0771e-01
 2.2035e+00  9.0771e-01
 2.2052e+00  9.0771e-01
 2.2069e+00  9.0771e-01
 2.2086e+00  9.0771e-01
 2.2103e+00  9.0771e-01
 2.2120e+00  9.0771e-01
 2.2137e+00  9.0771e-01
 2.2154e+00  9.0771e-01
 2.2171e+00  9.0771e-01
 2.2188e+00  9.0771e-01
 2.2205e+00  9.0771e-01
 2.2222e+00  9.0771e-01
 2.2239e+00  9.0771e-01
 2.2256e+00  9.0771e-01
 2.2273e+00  9.0771e-01
 2.2290e+00  9.0771e-01
 2.2307e+00  9.0771e-01
 2.2325e+00  9.0771e-01
 2.2342e+00  9.0771e-01
 2.2359e+00  9.0771e-01
 2.2376e+00  9.0771e-01
 2.2393e+00  9.0771e-01
 2.2410e+00  9.0771e-01
 2.2428e+00  9.0771e-01
 2.2445e+00  9.0771e-01
 2.2462e+00  9.0771e-01
 2.2479e+00  9.0771e-01
 2.2497e+00  9.0771e-01
 2.2514e+00  9.0771e-01
 2.2531e+00  9.0771e-01
 2.2549e+00  9.0771e-01
 2.2566e+00  9.0771e-01
 2.2583e+00  9.0771e-01
 2.2600e+00  9.0771e-01
 2.2618e+00  9.0771e-01
 2.2635e+00  9.0771e-01
 2.2653e+00  9.0771e-01
 2.2670e+00  9.0771e-01
 2.2687e+00  9.0771e-01
 2.2705e+00  9.0771e-01
 2.2722e+00  9.0771e-01
 2.2740e+00  9.0771e-01
 2.2757e+00  9.0771e-01
 2.2775e+00  9.0771e-01
 2.2792e+00  9.0771e-01
 2.2810e+00  9.0771e-01
 2.2827e+00  9.0771e-01
 2.2845e+00  9.0771e-01
 2.2862e+00  9.0771e-01
 2.2880e+00  9.0771e-01
 2.2897e+00  9.0771e-01
 2.2915e+00  9.0771e-01
 2.2933e+00  9.0771e-01
 2.2950e+00  9.0771e-01
 2.2968e+00  9.0771e-01
 2.2985e+00  9.0771e-01
 2.3003e+00  9.0771e-01
 2.3021e+00  9.0771e-01
 2.3038e+00  9.0771e-01
 2.3056e+00  9.0771e-01
 2.3074e+00  9.0771e-01
 2.3092e+00  9.0771e-01
 2.3109e+00  9.0771e-01
 2.3127e+00  9.0771e-01
 2.3145e+00  9.0771e-01
 2.3163e+00  9.0771e-01
 2.3180e+00  9.0771e-01
 2.3198e+00  9.0771e-01
 2.3216e+00  9.0771e-01
 2.3234e+00  9.0771e-01
 2.3252e+00  9.0771e-01
 2.3270e+00  9.0771e-01
 2.3287e+00  9.0771e-01
 2.3305e+00  9.0771e-01
 2.3323e+00  9.0771e-01
 2.3341e+00  9.0771e-01
 2.3359e+00  9.0771e-01
 2.3377e+00  9.0771e-01
 2.3395e+00  9.0771e-01
 2.3413e+00  9.0771e-01
 2.3431e+00  9.0771e-01
 2.3449e+00  9.0771e-01
 2.3467e+00  9.0771e-01
 2.3485e+00  9.0771e-01
 2.3503e+00  9.0771e-01
 2.3521e+00  9.0771e-01
 2.3539e+00  9.0771e-01
 2.3557e+00  9.0771e-01
 2.3575e+00  9.0771e-01
 2.3593e+00  9.0771e-01
 2.3612e+00  9.0771e-01
 2.3630e+00  9.0771e-01
 2.3648e+00  9.0771e-01
 2.3666e+00  9.0771e-01
 2.3684e+00  9.0771e-01
 2.3702e+00  9.0771e-01
 2.3721e+00  9.0771e-01
 2.3739e+00  9.0771e-01
 2.3757e+00  9.0771e-01
 2.3775e+00  9.0771e-01
 2.3794e+00  9.0771e-01
 2.3812e+00  9.0771e-01
 2.3830e+00  9.0771e-01
 2.3848e+00  9.0771e-01
 2.3867e+00  9.0771e-01
 2.3885e+00  9.0771e-01
 2.3903e+00  9.0771e-01
 2.3922e+00  9.0771e-01
 2.3940e+00  9.0771e-01
 2.3959e+00  9.0771e-01
 2.3977e+00  9.0771e-01
 2.3995e+00  9.0771e-01
 2.4014e+00  9.0771e-01
 2.4032e+00  9.0771e-01
 2.4051e+00  9.0771e-01
 2.4069e+00  9.0771e-01
 2.4088e+00  9.0771e-01
 2.4106e+00  9.0771e-01
 2.4125e+00  9.0771e-01
 2.4143e+00  9.0771e-01
 2.4162e+00  9.0771e-01
 2.4180e+00  9.0771e-01
 2.4199e+00  9.0771e-01
 2.4217e+00  9.0771e-01
 2.4236e+00  9.0771e-01
 2.4255e+00  9.0771e-01
 2.4273e+00  9.0771e-01
 2.4292e+00  9.0771e-01
 2.4311e+00  9.0771e-01
 2.4329e+00  9.0771e-01
 2.4348e+00  9.0771e-01
 2.4367e+00  9.0771e-01
 2.4385e+00  9.0771e-01
 2.4404e+00  9.0771e-01
 2.4423e+00  9.0771e-01
 2.4442e+00  9.0771e-01
 2.4460e+00  9.0771e-01
 2.4479e+00  9.0771e-01
 2.4498e+00  9.0771e-01
 2.4517e+00  9.0771e-01
 2.4536e+00  9.0771e-01
 2.4554e+00  9.0771e-01
 2.4573e+00  9.0771e-01
 2.4592e+00  9.0771e-01
 2.4611e+00  9.0771e-01
 2.4630e+00  9.0771e-01
 2.4649e+00  9.0771e-01
 2.4668e+00  9.0771e-01
 2.4687e+00  9.0771e-01
 2.4706e+00  9.0771e-01
 2.4725e+00  9.0771e-01
 2.4744e+00  9.0771e-01
 2.4763e+00  9.0771e-01
 2.4782e+00  9.0771e-01
 2.4801e+00  9.0771e-01
 2.4820e+00  9.0771e-01
 2.4839e+00  9.0771e-01
 2.4858e+00  9.0771e-01
 2.4877e+00  9.0771e-01
 2.4896e+00  9.0771e-01
 2.4915e+00  9.0771e-01
 2.4934e+00  9.0771e-01
 2.4954e+00  9.0771e-01
 2.4973e+00  9.0771e-01
 2.4992e+00  9.0771e-01
 2.5011e+00  9.0771e-01
 2.5030e+00  9.0771e-01
 2.5050e+00  9.0771e-01
 2.5069e+00  9.0771e-01
 2.5088e+00  9.0771e-01
 2.5107e+00  9.0771e-01
 2.5127e+00  9.0771e-01
 2.5146e+00  9.0771e-01
 2.5165e+00  9.0771e-01
 2.5185e+00  9.0771e-01
 2.5204e+00  9.0771e-01
 2.5223e+00  9.0771e-01
 2.5243e+00  9.0771e-01
 2.5262e+00  9.0771e-01
 2.5281e+00  9.0771e-01
 2.5301e+00  9.0771e-01
 2.5320e+00  9.0771e-01
 2.5340e+00  9.0771e-01
 2.5359e+00  9.0771e-01
 2.5379e+00  9.0771e-01
 2.5398e+00  9.0771e-01
 2.5418e+00  9.0771e-01
 2.5437e+00  9.0771e-01
 2.5457e+00  9.0771e-01
 2.5476e+00  9.0771e-01
 2.5496e+00  9.0771e-01
 2.5515e+00  9.0771e-01
 2.5535e+00  9.0771e-01
 2.5555e+00  9.0771e-01
 2.5574e+00  9.0771e-01
 2.5594e+00  9.0771e-01
 2.5614e+00  9.0771e-01
 2.5633e+00  9.0771e-01
 2.5653e+00  9.0771e-01
 2.5673e+00  9.0771e-01
 2.5692e+00  9.0771e-01
 2.5712e+00  9.0771e-01
 2.5732e+00  9.0771e-01
 2.5752e+00  9.0771e-01
 2.5771e+00  9.0771e-01
 2.5791e+00  9.0771e-01
 2.5811e+00  9.0771e-01
 2.5831e+00  9.0771e-01
 2.5851e+00  9.0771e-01
 2.5870e+00  9.0771e-01
 2.5890e+00  9.0771e-01
 2.5910e+00  9.0771e-01
 2.5930e+00  9.0771e-01
 2.5950e+00  9.0771e-01
 2.5970e+00  9.0771e-01
 2.5990e+00  9.0771e-01
 2.6010e+00  9.0771e-01
 2.6030e+00  9.0771e-01
 2.6050e+00  9.0771e-01
 2.6070e+00  9.0771e-01
 2.6090e+00  9.0771e-01
 2.6110e+00  9.0771e-01
 2.6130e+00  9.0771e-01
 2.6150e+00  9.0771e-01
 2.6170e+00  9.0771e-01
 2.6190e+00  9.0771e-01
 2.6210e+00  9.0771e-01
 2.6230e+00  9.0771e-01
 2.6251e+00  9.0771e-01
 2.6271e+00  9.0771e-01
 2.6291e+00  9.0771e-01
 2.6311e+00  9.0771e-01
 2.6331e+00  9.0771e-01
 2.6352e+00  9.0771e-01
 2.6372e+00  9.0771e-01
 2.6392e+00  9.0771e-01
 2.6412e+00  9.0771e-01
 2.6433e+00  9.0771e-01
 2.6453e+00  9.0771e-01
 2.6473e+00  9.0771e-01
 2.6494e+00  9.0771e-01
 2.6514e+00  9.0771e-01
 2.6534e+00  9.0771e-01
 2.6555e+00  9.0771e-01
 2.6575e+00  9.0771e-01
 2.6596e+00  9.0771e-01
 2.6616e+00  9.0771e-01
 2.6636e+00  9.0771e-01
 2.6657e+00  9.0771e-01
 2.6677e+00  9.0771e-01
 2.6698e+00  9.0771e-01
 2.6718e+00  9.0771e-01
 2.6739e+00  9.0771e-01
 2.6759e+00  9.0771e-01
 2.6780e+00  9.0771e-01
 2.6800e+00  9.0771e-01
 2.6821e+00  9.0771e-01
 2.6842e+00  9.0771e-01
 2.6862e+00  9.0771e-01
 2.6883e+00  9.0771e-01
 2.6904e+00  9.0771e-01
 2.6924e+00  9.0771e-01
 2.6945e+00  9.0771e-01
 2.6966e+00  9.0771e-01
 2.6986e+00  9.0771e-01
 2.7007e+00  9.0771e-01
 2.7028e+00  9.0771e-01
 2.7049e+00  9.0771e-01
 2.7069e+00  9.0771e-01
 2.7090e+00  9.0771e-01
 2.7111e+00  9.0771e-01
 2.7132e+00  9.0771e-01
 2.7153e+00  9.0771e-01
 2.7173e+00  9.0771e-01
 2.7194e+00  9.0771e-01
 2.7215e+00  9.0771e-01
 2.7236e+00  9.0771e-01
 2.7257e+00  9.0771e-01
 2.7278e+00  9.0771e-01
 2.7299e+00  9.0771e-01
 2.7320e+00  9.0771e-01
 2.7341e+00  9.0771e-01
 2.7362e+00  9.0771e-01
 2.7383e+00  9.0771e-01
 2.7404e+00  9.0771e-01
 2.7425e+00  9.0771e-01
 2.7446e+00  9.0771e-01
 2.7467e+00  9.0771e-01
 2.7488e+00  9.0771e-01
 2.7509e+00  9.0771e-01
 2.7530e+00  9.0771e-01
 2.7552e+00  9.0771e-01
 2.7573e+00  9.0771e-01
 2.7594e+00  9.0771e-01
 2.7615e+00  9.0771e-01
 2.7636e+00  9.0771e-01
 2.7658e+00  9.0771e-01
 2.7679e+00  9.0771e-01
 2.7700e+00  9.0771e-01
 2.7721e+00  9.0771e-01
 2.7743e+00  9.0771e-01
 2.7764e+00  9.0771e-01
 2.7785e+00  9.0771e-01
 2.7807e+00  9.0771e-01
 2.7828e+00  9.0771e-01
 2.7849e+00  9.0771e-01
 2.7871e+00  9.0771e-01
 2.7892e+00  9.0771e-01
 2.7914e+00  9.0771e-01
 2.7935e+00  9.0771e-01
 2.7956e+00  9.0771e-01
 2.7978e+00  9.0771e-01
 2.7999e+00  9.0771e-01
 2.8021e+00  9.0771e-01
 2.8042e+00  9.0771e-01
 2.8064e+00  9.0771e-01
 2.8086e+00  9.0771e-01
 2.8107e+00  9.0771e-01
 2.8129e+00  9.0771e-01
 2.8150e+00  9.0771e-01
 2.8172e+00  9.0771e-01
 2.8194e+00  9.0771e-01
 2.8215e+00  9.0771e-01
 2.8237e+00  9.0771e-01
 2.8259e+00  9.0771e-01
 2.8280e+00  9.0771e-01
 2.8302e+00  9.0771e-01
 2.8324e+00  9.0771e-01
 2.8346e+00  9.0771e-01
 2.8367e+00  9.0771e-01
 2.8389e+00  9.0771e-01
 2.8411e+00  9.0771e-01
 2.8433e+00  9.0771e-01
 2.8455e+00  9.0771e-01
 2.8476e+00  9.0771e-01
 2.8498e+00  9.0771e-01
 2.8520e+00  9.0771e-01
 2.8542e+00  9.0771e-01
 2.8564e+00  9.0771e-01
 2.8586e+00  9.0771e-01
 2.8608e+00  9.0771e-01
 2.8630e+00  9.0771e-01
 2.8652e+00  9.0771e-01
 2.8674e+00  9.0771e-01
 2.8696e+00  9.0771e-01
 2.8718e+00  9.0771e-01
 2.8740e+00  9.0771e-01
 2.8762e+00  9.0771e-01
 2.8784e+00  9.0771e-01
 2.8806e+00  9.0771e-01
 2.8828e+00  9.0771e-01
 2.8851e+00  9.0771e-01
 2.8873e+00  9.0771e-01
 2.8895e+00  9.0771e-01
 2.8917e+00  9.0771e-01
 2.8939e+00  9.0771e-01
 2.8961e+00  9.0771e-01
 2.8984e+00  9.0771e-01
 2.9006e+00  9.0771e-01
 2.9028e+00  9.0771e-01
 2.9051e+00  9.0771e-01
 2.9073e+00  9.0771e-01
 2.9095e+00  9.0771e-01
 2.9118e+00  9.0771e-01
 2.9140e+00  9.0771e-01
 2.9162e+00  9.0771e-01
 2.9185e+00  9.0771e-01
 2.9207e+00  9.0771e-01
 2.9230e+00  9.0771e-01
 2.9252e+00  9.0771e-01
 2.9274e+00  9.0771e-01
 2.9297e+00  9.0771e-01
 2.9319e+00  9.0771e-01
 2.9342e+00  9.0771e-01
 2.9364e+00  9.0771e-01
 2.9387e+00  9.0771e-01
 2.9410e+00  9.0771e-01
 2.9432e+00  9.0771e-01
 2.9455e+00  9.0771e-01
 2.9477e+00  9.0771e-01
 2.9500e+00  9.0771e-01
 2.9523e+00  9.0771e-01
 2.9545e+00  9.0771e-01
 2.9568e+00  9.0771e-01
 2.9591e+00  9.0771e-01
 2.9614e+00  9.0771e-01
 2.9636e+00  9.0771e-01
 2.9659e+00  9.0771e-01
 2.9682e+00  9.0771e-01
 2.9705e+00  9.0771e-01
 2.9727e+00  9.0771e-01
 2.9750e+00  9.0771e-01
 2.9773e+00  9.0771e-01
 2.9796e+00  9.0771e-01
 2.9819e+00  9.0771e-01
 2.9842e+00  9.0771e-01
 2.9865e+00  9.0771e-01
 2.9888e+00  9.0771e-01
 2.9911e+00  9.0771e-01
 2.9934e+00  9.0771e-01
 2.9957e+00  9.0771e-01
 2.9980e+00  9.0771e-01
 3.0003e+00  9.0771e-01
 3.0026e+00  9.0771e-01
 3.0049e+00  9.0771e-01
 3.0072e+00  9.0771e-01
 3.0095e+00  9.0771e-01
 3.0118e+00  9.0771e-01
 3.0141e+00  9.0771e-01
 3.0164e+00  9.0771e-01
 3.0187e+00  9.0771e-01
 3.0211e+00  9.0771e-01
 3.0234e+00  9.0771e-01
 3.0257e+00  9.0771e-01
 3.0280e+00  9.0771e-01
 3.0304e+00  9.0771e-01
 3.0327e+00  9.0771e-01
 3.0350e+00  9.0771e-01
 3.0373e+00  9.0771e-01
 3.0397e+00  9.0771e-01
 3.0420e+00  9.0771e-01
 3.0443e+00  9.0771e-01
 3.0467e+00  9.0771e-01
 3.0490e+00  9.0771e-01
 3.0514e+00  9.0771e-01
 3.0537e+00  9.0771e-01
 3.0561e+00  9.0771e-01
 3.0584e+00  9.0771e-01
 3.0608e+00  9.0771e-01
 3.0631e+00  9.0771e-01
 3.0655e+00  9.0771e-01
 3.0678e+00  9.0771e-01
 3.0702e+00  9.0771e-01
 3.0725e+00  9.0771e-01
 3.0749e+00  9.0771e-01
 3.0772e+00  9.0771e-01
 3.0796e+00  9.0771e-01
 3.0820e+00  9.0771e-01
 3.0843e+00  9.0771e-01
 3.0867e+00  9.0771e-01
 3.0891e+00  9.0771e-01
 3.0915e+00  9.0771e-01
 3.0938e+00  9.0771e-01
 3.0962e+00  9.0771e-01
 3.0986e+00  9.0771e-01
 3.1010e+00  9.0771e-01
 3.1033e+00  9.0771e-01
 3.1057e+00  9.0771e-01
 3.1081e+00  9.0771e-01
 3.1105e+00  9.0771e-01
 3.1129e+00  9.0771e-01
 3.1153e+00  9.0771e-01
 3.1177e+00  9.0771e-01
 3.1201e+00  9.0771e-01
 3.1225e+00  9.0771e-01
 3.1249e+00  9.0771e-01
 3.1273e+00  9.0771e-01
 3.1297e+00  9.0771e-01
 3.1321e+00  9.0771e-01
 3.1345e+00  9.0771e-01
 3.1369e+00  9.0771e-01
 3.1393e+00  9.0771e-01
 3.1417e+00  9.0771e-01
 3.1441e+00  9.0771e-01
 3.1465e+00  9.0771e-01
 3.1490e+00  9.0771e-01
 3.1514e+00  9.0771e-01
 3.1538e+00  9.0771e-01
 3.1562e+00  9.0771e-01
 3.1586e+00  9.0771e-01
 3.1611e+00  9.0771e-01
 3.1635e+00  9.0771e-01
 3.1659e+00  9.0771e-01
 3.1684e+00  9.0771e-01
 3.1708e+00  9.0771e-01
 3.1732e+00  9.0771e-01
 3.1757e+00  9.0771e-01
 3.1781e+00  9.0771e-01
 3.1805e+00  9.0771e-01
 3.1830e+00  9.0771e-01
 3.1854e+00  9.0771e-01
 3.1879e+00  9.0771e-01
 3.1903e+00  9.0771e-01
 3.1928e+00  9.0771e-01
 3.1952e+00  9.0771e-01
 3.1977e+00  9.0771e-01
 3.2001e+00  9.0771e-01
 3.2026e+00  9.0771e-01
 3.2051e+00  9.0771e-01
 3.2075e+00  9.0771e-01
 3.2100e+00  9.0771e-01
 3.2124e+00  9.0771e-01
 3.2149e+00  9.0771e-01
 3.2174e+00  9.0771e-01
 3.2199e+00  9.0771e-01
 3.2223e+00  9.0771e-01
 3.2248e+00  9.0771e-01
 3.2273e+00  9.0771e-01
 3.2298e+00  9.0771e-01
 3.2322e+00  9.0771e-01
 3.2347e+00  9.0771e-01
 3.2372e+00  9.0771e-01
 3.2397e+00  9.0771e-01
 3.2422e+00  9.0771e-01
 3.2447e+00  9.0771e-01
 3.2472e+00  9.0771e-01
 3.2497e+00  9.0771e-01
 3.2522e+00  9.0771e-01
 3.2546e+00  9.0771e-01
 3.2571e+00  9.0771e-01
 3.2597e+00  9.0771e-01
 3.2622e+00  9.0771e-01
 3.2647e+00  9.0771e-01
 3.2672e+00  9.0771e-01
 3.2697e+00  9.0771e-01
 3.2722e+00  9.0771e-01
 3.2747e+00  9.0771e-01
 3.2772e+00  9.0771e-01
 3.2797e+00  9.0771e-01
 3.2823e+00  9.0771e-01
 3.2848e+00  9.0771e-01
 3.2873e+00  9.0771e-01
 3.2898e+00  9.0771e-01
 3.2923e+00  9.0771e-01
 3.2949e+00  9.0771e-01
 3.2974e+00  9.0771e-01
 3.2999e+00  9.0771e-01
 3.3025e+00  9.0771e-01
 3.3050e+00  9.0771e-01
 3.3076e+00  9.0771e-01
 3.3101e+00  9.0771e-01
 3.3126e+00  9.0771e-01
 3.3152e+00  9.0771e-01
 3.3177e+00  9.0771e-01
 3.3203e+00  9.0771e-01
 3.3228e+00  9.0771e-01
 3.3254e+00  9.0771e-01
 3.3279e+00  9.0771e-01
 3.3305e+00  9.0771e-01
 3.3330e+00  9.0771e-01
 3.3356e+00  9.0771e-01
 3.3382e+00  9.0771e-01
 3.3407e+00  9.0771e-01
 3.3433e+00  9.0771e-01
 3.3459e+00  9.0771e-01
 3.3484e+00  9.0771e-01
 3.3510e+00  9.0771e-01
 3.3536e+00  9.0771e-01
 3.3562e+00  9.0771e-01
 3.3587e+00  9.0771e-01
 3.3613e+00  9.0771e-01
 3.3639e+00  9.0771e-01
 3.3665e+00  9.0771e-01
 3.3691e+00  9.0771e-01
 3.3717e+00  9.0771e-01
 3.3742e+00  9.0771e-01
 3.3768e+00  9.0771e-01
 3.3794e+00  9.0771e-01
 3.3820e+00  9.0771e-01
 3.3846e+00  9.0771e-01
 3.3872e+00  9.0771e-01
 3.3898e+00  9.0771e-01
 3.3924e+00  9.0771e-01
 3.3950e+00  9.0771e-01
 3.3976e+00  9.0771e-01
 3.4002e+00  9.0771e-01
 3.4029e+00  9.0771e-01
 3.4055e+00  9.0771e-01
 3.4081e+00  9.0771e-01
 3.4107e+00  9.0771e-01
 3.4133e+00  9.0771e-01
 3.4159e+00  9.0771e-01
 3.4186e+00  9.0771e-01
 3.4212e+00  9.0771e-01
 3.4238e+00  9.0771e-01
 3.4265e+00  9.0771e-01
 3.4291e+00  9.0771e-01
 3.4317e+00  9.0771e-01
 3.4344e+00  9.0771e-01
 3.4370e+00  9.0771e-01
 3.4396e+00  9.0771e-01
 3.4423e+00  9.0771e-01
 3.4449e+00  9.0771e-01
 3.4476e+00  9.0771e-01
 3.4502e+00  9.0771e-01
 3.4529e+00  9.0771e-01
 3.4555e+00  9.0771e-01
 3.4582e+00  9.0771e-01
 3.4608e+00  9.0771e-01
 3.4635e+00  9.0771e-01
 3.4661e+00  9.0771e-01
 3.4688e+00  9.0771e-01
 3.4715e+00  9.0771e-01
 3.4741e+00  9.0771e-01
 3.4768e+00  9.0771e-01
 3.4795e+00  9.0771e-01
 3.4821e+00  9.0771e-01
 3.4848e+00  9.0771e-01
 3.4875e+00  9.0771e-01
 3.4902e+00  9.0771e-01
 3.4929e+00  9.0771e-01
 3.4955e+00  9.0771e-01
 3.4982e+00  9.0771e-01
 3.5009e+00  9.0771e-01
 3.5036e+00  9.0771e-01
 3.5063e+00  9.0771e-01
 3.5090e+00  9.0771e-01
 3.5117e+00  9.0771e-01
 3.5144e+00  9.0771e-01
 3.5171e+00  9.0771e-01
 3.5198e+00  9.0771e-01
 3.5225e+00  9.0771e-01
 3.5252e+00  9.0771e-01
 3.5279e+00  9.0771e-01
 3.5306e+00  9.0771e-01
 3.5333e+00  9.0771e-01
 3.5360e+00  9.0771e-01
 3.5387e+00  9.0771e-01
 3.5415e+00  9.0771e-01
 3.5442e+00  9.0771e-01
 3.5469e+00  9.0771e-01
 3.5496e+00  9.0771e-01
 3.5524e+00  9.0771e-01
 3.5551e+00  9.0771e-01
 3.5578e+00  9.0771e-01
 3.5606e+00  9.0771e-01
 3.5633e+00  9.0771e-01
 3.5660e+00  9.0771e-01
 3.5688e+00  9.0771e-01
 3.5715e+00  9.0771e-01
 3.5742e+00  9.0771e-01
 3.5770e+00  9.0771e-01
 3.5797e+00  9.0771e-01
 3.5825e+00  9.0771e-01
 3.5852e+00  9.0771e-01
 3.5880e+00  9.0771e-01
 3.5907e+00  9.0771e-01
 3.5935e+00  9.0771e-01
 3.5963e+00  9.0771e-01
 3.5990e+00  9.0771e-01
 3.6018e+00  9.0771e-01
 3.6046e+00  9.0771e-01
 3.6073e+00  9.0771e-01
 3.6101e+00  9.0771e-01
 3.6129e+00  9.0771e-01
 3.6156e+00  9.0771e-01
 3.6184e+00  9.0771e-01
 3.6212e+00  9.0771e-01
 3.6240e+00  9.0771e-01
 3.6268e+00  9.0771e-01
 3.6296e+00  9.0771e-01
 3.6323e+00  9.0771e-01
 3.6351e+00  9.0771e-01
 3.6379e+00  9.0771e-01
 3.6407e+00  9.0771e-01
 3.6435e+00  9.0771e-01
 3.6463e+00  9.0771e-01
 3.6491e+00  9.0771e-01
 3.6519e+00  9.0771e-01
 3.6547e+00  9.0771e-01
 3.6575e+00  9.0771e-01
 3.6603e+00  9.0771e-01
 3.6631e+00  9.0771e-01
 3.6660e+00  9.0771e-01
 3.6688e+00  9.0771e-01
 3.6716e+00  9.0771e-01
 3.6744e+00  9.0771e-01
 3.6772e+00  9.0771e-01
 3.6801e+00  9.0771e-01
 3.6829e+00  9.0771e-01
 3.6857e+00  9.0771e-01
 3.6885e+00  9.0771e-01
 3.6914e+00  9.0771e-01
 3.6942e+00  9.0771e-01
 3.6971e+00  9.0771e-01
 3.6999e+00  9.0771e-01
 3.7027e+00  9.0771e-01
 3.7056e+00  9.0771e-01
 3.7084e+00  9.0771e-01
 3.7113e+00  9.0771e-01
 3.7141e+00  9.0771e-01
 3.7170e+00  9.0771e-01
 3.7198e+00  9.0771e-01
 3.7227e+00  9.0771e-01
 3.7256e+00  9.0771e-01
 3.7284e+00  9.0771e-01
 3.7313e+00  9.0771e-01
 3.7341e+00  9.0771e-01
 3.7370e+00  9.0771e-01
 3.7399e+00  9.0771e-01
 3.7428e+00  9.0771e-01
 3.7456e+00  9.0771e-01
 3.7485e+00  9.0771e-01
 3.7514e+00  9.0771e-01
 3.7543e+00  9.0771e-01
 3.7571e+00  9.0771e-01
 3.7600e+00  9.0771e-01
 3.7629e+00  9.0771e-01
 3.7658e+00  9.0771e-01
 3.7687e+00  9.0771e-01
 3.7716e+00  9.0771e-01
 3.7745e+00  9.0771e-01
 3.7774e+00  9.0771e-01
 3.7803e+00  9.0771e-01
 3.7832e+00  9.0771e-01
 3.7861e+00  9.0771e-01
 3.7890e+00  9.0771e-01
 3.7919e+00  9.0771e-01
 3.7948e+00  9.0771e-01
 3.7978e+00  9.0771e-01
 3.8007e+00  9.0771e-01
 3.8036e+00  9.0771e-01
 3.8065e+00  9.0771e-01
 3.8094e+00  9.0771e-01
 3.8124e+00  9.0771e-01
 3.8153e+00  9.0771e-01
 3.8182e+00  9.0771e-01
 3.8211e+00  9.0771e-01
 3.8241e+00  9.0771e-01
 3.8270e+00  9.0771e-01
 3.8300e+00  9.0771e-01
 3.8329e+00  9.0771e-01
 3.8358e+00  9.0771e-01
 3.8388e+00  9.0771e-01
 3.8417e+00  9.0771e-01
 3.8447e+00  9.0771e-01
 3.8476e+00  9.0771e-01
 3.8506e+00  9.0771e-01
 3.8536e+00  9.0771e-01
 3.8565e+00  9.0771e-01
 3.8595e+00  9.0771e-01
 3.8624e+00  9.0771e-01
 3.8654e+00  9.0771e-01
 3.8684e+00  9.0771e-01
 3.8714e+00  9.0771e-01
 3.8743e+00  9.0771e-01
 3.8773e+00  9.0771e-01
 3.8803e+00  9.0771e-01
 3.8833e+00  9.0771e-01
 3.8862e+00  9.0771e-01
 3.8892e+00  9.0771e-01
 3.8922e+00  9.0771e-01
 3.8952e+00  9.0771e-01
 3.8982e+00  9.0771e-01
 3.9012e+00  9.0771e-01
 3.9042e+00  9.0771e-01
 3.9072e+00  9.0771e-01
 3.9102e+00  9.0771e-01
 3.9132e+00  9.0771e-01
 3.9162e+00  9.0771e-01
 3.9192e+00  9.0771e-01
 3.9222e+00  9.0771e-01
 3.9252e+00  9.0771e-01
 3.9282e+00  9.0771e-01
 3.9313e+00  9.0771e-01
 3.9343e+00  9.0771e-01
 3.9373e+00  9.0771e-01
 3.9403e+00  9.0771e-01
 3.9433e+00  9.0771e-01
 3.9464e+00  9.0771e-01
 3.9494e+00  9.0771e-01
 3.9524e+00  9.0771e-01
 3.9555e+00  9.0771e-01
 3.9585e+00  9.0771e-01
 3.9616e+00  9.0771e-01
 3.9646e+00  9.0771e-01
 3.9676e+00  9.0771e-01
 3.9707e+00  9.0771e-01
 3.9737e+00  9.0771e-01
 3.9768e+00  9.0771e-01
 3.9798e+00  9.0771e-01
 3.9829e+00  9.0771e-01
 3.9860e+00  9.0771e-01
 3.9890e+00  9.0771e-01
 3.9921e+00  9.0771e-01
 3.9952e+00  9.0771e-01
 3.9982e+00  9.0771e-01
 4.0013e+00  9.0771e-01
 4.0044e+00  9.0771e-01
 4.0074e+00  9.0771e-01
 4.0105e+00  9.0771e-01
 4.0136e+00  9.0771e-01
 4.0167e+00  9.0771e-01
 4.0198e+00  9.0771e-01
 4.0229e+00  9.0771e-01
 4.0259e+00  9.0771e-01
 4.0290e+00  9.0771e-01
 4.0321e+00  9.0771e-01
 4.0352e+00  9.0771e-01
 4.0383e+00  9.0771e-01
 4.0414e+00  9.0771e-01
 4.0445e+00  9.0771e-01
 4.0476e+00  9.0771e-01
 4.0508e+00  9.0771e-01
 4.0539e+00  9.0771e-01
 4.0570e+00  9.0771e-01
 4.0601e+00  9.0771e-01
 4.0632e+00  9.0771e-01
 4.0663e+00  9.0771e-01
 4.0695e+00  9.0771e-01
 4.0726e+00  9.0771e-01
 4.0757e+00  9.0771e-01
 4.0788e+00  9.0771e-01
 4.0820e+00  9.0771e-01
 4.0851e+00  9.0771e-01
 4.0882e+00  9.0771e-01
 4.0914e+00  9.0771e-01
 4.0945e+00  9.0771e-01
 4.0977e+00  9.0771e-01
 4.1008e+00  9.0771e-01
 4.1040e+00  9.0771e-01
 4.1071e+00  9.0771e-01
 4.1103e+00  9.0771e-01
 4.1134e+00  9.0771e-01
 4.1166e+00  9.0771e-01
 4.1198e+00  9.0771e-01
 4.1229e+00  9.0771e-01
 4.1261e+00  9.0771e-01
 4.1293e+00  9.0771e-01
 4.1324e+00  9.0771e-01
 4.1356e+00  9.0771e-01
 4.1388e+00  9.0771e-01
 4.1420e+00  9.0771e-01
 4.1451e+00  9.0771e-01
 4.1483e+00  9.0771e-01
 4.1515e+00  9.0771e-01
 4.1547e+00  9.0771e-01
 4.1579e+00  9.0771e-01
 4.1611e+00  9.0771e-01
 4.1643e+00  9.0771e-01
 4.1675e+00  9.0771e-01
 4.1707e+00  9.0771e-01
 4.1739e+00  9.0771e-01
 4.1771e+00  9.0771e-01
 4.1803e+00  9.0771e-01
 4.1835e+00  9.0771e-01
 4.1867e+00  9.0771e-01
 4.1899e+00  9.0771e-01
 4.1932e+00  9.0771e-01
 4.1964e+00  9.0771e-01
 4.1996e+00  9.0771e-01
 4.2028e+00  9.0771e-01
 4.2061e+00  9.0771e-01
 4.2093e+00  9.0771e-01
 4.2125e+00  9.0771e-01
 4.2158e+00  9.0771e-01
 4.2190e+00  9.0771e-01
 4.2222e+00  9.0771e-01
 4.2255e+00  9.0771e-01
 4.2287e+00  9.0771e-01
 4.2320e+00  9.0771e-01
 4.2352e+00  9.0771e-01
 4.2385e+00  9.0771e-01
 4.2417e+00  9.0771e-01
 4.2450e+00  9.0771e-01
 4.2482e+00  9.0771e-01
 4.2515e+00  9.0771e-01
 4.2548e+00  9.0771e-01
 4.2580e+00  9.0771e-01
 4.2613e+00  9.0771e-01
 4.2646e+00  9.0771e-01
 4.2679e+00  9.0771e-01
 4.2711e+00  9.0771e-01
 4.2744e+00  9.0771e-01
 4.2777e+00  9.0771e-01
 4.2810e+00  9.0771e-01
 4.2843e+00  9.0771e-01
 4.2876e+00  9.0771e-01
 4.2909e+00  9.0771e-01
 4.2942e+00  9.0771e-01
 4.2975e+00  9.0771e-01
 4.3008e+00  9.0771e-01
 4.3041e+00  9.0771e-01
 4.3074e+00  9.0771e-01
 4.3107e+00  9.0771e-01
 4.3140e+00  9.0771e-01
 4.3173e+00  9.0771e-01
 4.3206e+00  9.0771e-01
 4.3239e+00  9.0771e-01
 4.3273e+00  9.0771e-01
 4.3306e+00  9.0771e-01
 4.3339e+00  9.0771e-01
 4.3372e+00  9.0771e-01
 4.3406e+00  9.0771e-01
 4.3439e+00  9.0771e-01
 4.3472e+00  9.0771e-01
 4.3506e+00  9.0771e-01
 4.3539e+00  9.0771e-01
 4.3573e+00  9.0771e-01
 4.3606e+00  9.0771e-01
 4.3640e+00  9.0771e-01
 4.3673e+00  9.0771e-01
 4.3707e+00  9.0771e-01
 4.3740e+00  9.0771e-01
 4.3774e+00  9.0771e-01
 4.3807e+00  9.0771e-01
 4.3841e+00  9.0771e-01
 4.3875e+00  9.0771e-01
 4.3908e+00  9.0771e-01
 4.3942e+00  9.0771e-01
 4.3976e+00  9.0771e-01
 4.4010e+00  9.0771e-01
 4.4043e+00  9.0771e-01
 4.4077e+00  9.0771e-01
 4.4111e+00  9.0771e-01
 4.4145e+00  9.0771e-01
 4.4179e+00  9.0771e-01
 4.4213e+00  9.0771e-01
 4.4247e+00  9.0771e-01
 4.4281e+00  9.0771e-01
 4.4315e+00  9.0771e-01
 4.4349e+00  9.0771e-01
 4.4383e+00  9.0771e-01
 4.4417e+00  9.0771e-01
 4.4451e+00  9.0771e-01
 4.4485e+00  9.0771e-01
 4.4519e+00  9.0771e-01
 4.4554e+00  9.0771e-01
 4.4588e+00  9.0771e-01
 4.4622e+00  9.0771e-01
 4.4656e+00  9.0771e-01
 4.4691e+00  9.0771e-01
 4.4725e+00  9.0771e-01
 4.4759e+00  9.0771e-01
 4.4794e+00  9.0771e-01
 4.4828e+00  9.0771e-01
 4.4863e+00  9.0771e-01
 4.4897e+00  9.0771e-01
 4.4931e+00  9.0771e-01
 4.4966e+00  9.0771e-01
 4.5001e+00  9.0771e-01
 4.5035e+00  9.0771e-01
 4.5070e+00  9.0771e-01
 4.5104e+00  9.0771e-01
 4.5139e+00  9.0771e-01
 4.5174e+00  9.0771e-01
 4.5208e+00  9.0771e-01
 4.5243e+00  9.0771e-01
 4.5278e+00  9.0771e-01
 4.5313e+00  9.0771e-01
 4.5347e+00  9.0771e-01
 4.5382e+00  9.0771e-01
 4.5417e+00  9.0771e-01
 4.5452e+00  9.0771e-01
 4.5487e+00  9.0771e-01
 4.5522e+00  9.0771e-01
 4.5557e+00  9.0771e-01
 4.5592e+00  9.0771e-01
 4.5627e+00  9.0771e-01
 4.5662e+00  9.0771e-01
 4.5697e+00  9.0771e-01
 4.5732e+00  9.0771e-01
 4.5767e+00  9.0771e-01
 4.5802e+00  9.0771e-01
 4.5837e+00  9.0771e-01
 4.5873e+00  9.0771e-01
 4.5908e+00  9.0771e-01
 4.5943e+00  9.0771e-01
 4.5978e+00  9.0771e-01
 4.6014e+00  9.0771e-01
 4.6049e+00  9.0771e-01
 4.6084e+00  9.0771e-01
 4.6120e+00  9.0771e-01
 4.6155e+00  9.0771e-01
 4.6191e+00  9.0771e-01
 4.6226e+00  9.0771e-01
 4.6262e+00  9.0771e-01
 4.6297e+00  9.0771e-01
 4.6333e+00  9.0771e-01
 4.6368e+00  9.0771e-01
 4.6404e+00  9.0771e-01
 4.6440e+00  9.0771e-01
 4.6475e+00  9.0771e-01
 4.6511e+00  9.0771e-01
 4.6547e+00  9.0771e-01
 4.6582e+00  9.0771e-01
 4.6618e+00  9.0771e-01
 4.6654e+00  9.0771e-01
 4.6690e+00  9.0771e-01
 4.6726e+00  9.0771e-01
 4.6762e+00  9.0771e-01
 4.6798e+00  9.0771e-01
 4.6834e+00  9.0771e-01
 4.6869e+00  9.0771e-01
 4.6905e+00  9.0771e-01
 4.6942e+00  9.0771e-01
 4.6978e+00  9.0771e-01
 4.7014e+00  9.0771e-01
 4.7050e+00  9.0771e-01
 4.7086e+00  9.0771e-01
 4.7122e+00  9.0771e-01
 4.7158e+00  9.0771e-01
 4.7194e+00  9.0771e-01
 4.7231e+00  9.0771e-01
 4.7267e+00  9.0771e-01
 4.7303e+00  9.0771e-01
 4.7340e+00  9.0771e-01
 4.7376e+00  9.0771e-01
 4.7412e+00  9.0771e-01
 4.7449e+00  9.0771e-01
 4.7485e+00  9.0771e-01
 4.7522e+00  9.0771e-01
 4.7558e+00  9.0771e-01
 4.7595e+00  9.0771e-01
 4.7631e+00  9.0771e-01
 4.7668e+00  9.0771e-01
 4.7705e+00  9.0771e-01
 4.7741e+00  9.0771e-01
 4.7778e+00  9.0771e-01
 4.7815e+00  9.0771e-01
 4.7851e+00  9.0771e-01
 4.7888e+00  9.0771e-01
 4.7925e+00  9.0771e-01
 4.7962e+00  9.0771e-01
 4.7998e+00  9.0771e-01
 4.8035e+00  9.0771e-01
 4.8072e+00  9.0771e-01
 4.8109e+00  9.0771e-01
 4.8146e+00  9.0771e-01
 4.8183e+00  9.0771e-01
 4.8220e+00  9.0771e-01
 4.8257e+00  9.0771e-01
 4.8294e+00  9.0771e-01
 4.8331e+00  9.0771e-01
 4.8368e+00  9.0771e-01
 4.8406e+00  9.0771e-01
 4.8443e+00  9.0771e-01
 4.8480e+00  9.0771e-01
 4.8517e+00  9.0771e-01
 4.8554e+00  9.0771e-01
 4.8592e+00  9.0771e-01
 4.8629e+00  9.0771e-01
 4.8666e+00  9.0771e-01
 4.8704e+00  9.0771e-01
 4.8741e+00  9.0771e-01
 4.8779e+00  9.0771e-01
 4.8816e+00  9.0771e-01
 4.8854e+00  9.0771e-01
 4.8891e+00  9.0771e-01
 4.8929e+00  9.0771e-01
 4.8966e+00  9.0771e-01
 4.9004e+00  9.0771e-01
 4.9041e+00  9.0771e-01
 4.9079e+00  9.0771e-01
 4.9117e+00  9.0771e-01
 4.9155e+00  9.0771e-01
 4.9192e+00  9.0771e-01
 4.9230e+00  9.0771e-01
 4.9268e+00  9.0771e-01
 4.9306e+00  9.0771e-01
 4.9344e+00  9.0771e-01
 4.9382e+00  9.0771e-01
 4.9419e+00  9.0771e-01
 4.9457e+00  9.0771e-01
 4.9495e+00  9.0771e-01
 4.9533e+00  9.0771e-01
 4.9571e+00  9.0771e-01
 4.9610e+00  9.0771e-01
 4.9648e+00  9.0771e-01
 4.9686e+00  9.0771e-01
 4.9724e+00  9.0771e-01
 4.9762e+00  9.0771e-01
 4.9800e+00  9.0771e-01
 4.9839e+00  9.0771e-01
 4.9877e+00  9.0771e-01
 4.9915e+00  9.0771e-01
 4.9954e+00  9.0771e-01
 4.9992e+00  9.0771e-01
 5.0030e+00  9.0771e-01
 5.0069e+00  9.0771e-01
 5.0107e+00  9.0771e-01
 5.0146e+00  9.0771e-01
 5.0184e+00  9.0771e-01
 5.0223e+00  9.0771e-01
 5.0261e+00  9.0771e-01
 5.0300e+00  9.0771e-01
 5.0339e+00  9.0771e-01
 5.0377e+00  9.0771e-01
 5.0416e+00  9.0771e-01
 5.0455e+00  9.0771e-01
 5.0493e+00  9.0771e-01
 5.0532e+00  9.0771e-01
 5.0571e+00  9.0771e-01
 5.0610e+00  9.0771e-01
 5.0649e+00  9.0771e-01
 5.0688e+00  9.0771e-01
 5.0727e+00  9.0771e-01
 5.0765e+00  9.0771e-01
 5.0804e+00  9.0771e-01
 5.0843e+00  9.0771e-01
 5.0883e+00  9.0771e-01
 5.0922e+00  9.0771e-01
 5.0961e+00  9.0771e-01
 5.1000e+00  9.0771e-01
 5.1039e+00  9.0771e-01
 5.1078e+00  9.0771e-01
 5.1117e+00  9.0771e-01
 5.1157e+00  9.0771e-01
 5.1196e+00  9.0771e-01
 5.1235e+00  9.0771e-01
 5.1275e+00  9.0771e-01
 5.1314e+00  9.0771e-01
 5.1354e+00  9.0771e-01
 5.1393e+00  9.0771e-01
 5.1432e+00  9.0771e-01
 5.1472e+00  9.0771e-01
 5.1511e+00  9.0771e-01
 5.1551e+00  9.0771e-01
 5.1591e+00  9.0771e-01
 5.1630e+00  9.0771e-01
 5.1670e+00  9.0771e-01
 5.1710e+00  9.0771e-01
 5.1749e+00  9.0771e-01
 5.1789e+00  9.0771e-01
 5.1829e+00  9.0771e-01
 5.1869e+00  9.0771e-01
 5.1908e+00  9.0771e-01
 5.1948e+00  9.0771e-01
 5.1988e+00  9.0771e-01
 5.2028e+00  9.0771e-01
 5.2068e+00  9.0771e-01
 5.2108e+00  9.0771e-01
 5.2148e+00  9.0771e-01
 5.2188e+00  9.0771e-01
 5.2228e+00  9.0771e-01
 5.2268e+00  9.0771e-01
 5.2309e+00  9.0771e-01
 5.2349e+00  9.0771e-01
 5.2389e+00  9.0771e-01
 5.2429e+00  9.0771e-01
 5.2469e+00  9.0771e-01
 5.2510e+00  9.0771e-01
 5.2550e+00  9.0771e-01
 5.2590e+00  9.0771e-01
 5.2631e+00  9.0771e-01
 5.2671e+00  9.0771e-01
 5.2712e+00  9.0771e-01
 5.2752e+00  9.0771e-01
 5.2793e+00  9.0771e-01
 5.2833e+00  9.0771e-01
 5.2874e+00  9.0771e-01
 5.2914e+00  9.0771e-01
 5.2955e+00  9.0771e-01
 5.2996e+00  9.0771e-01
 5.3037e+00  9.0771e-01
 5.3077e+00  9.0771e-01
 5.3118e+00  9.0771e-01
 5.3159e+00  9.0771e-01
 5.3200e+00  9.0771e-01
 5.3240e+00  9.0771e-01
 5.3281e+00  9.0771e-01
 5.3322e+00  9.0771e-01
 5.3363e+00  9.0771e-01
 5.3404e+00  9.0771e-01
 5.3445e+00  9.0771e-01
 5.3486e+00  9.0771e-01
 5.3527e+00  9.0771e-01
 5.3569e+00  9.0771e-01
 5.3610e+00  9.0771e-01
 5.3651e+00  9.0771e-01
 5.3692e+00  9.0771e-01
 5.3733e+00  9.0771e-01
 5.3775e+00  9.0771e-01
 5.3816e+00  9.0771e-01
 5.3857e+00  9.0771e-01
 5.3899e+00  9.0771e-01
 5.3940e+00  9.0771e-01
 5.3981e+00  9.0771e-01
 5.4023e+00  9.0771e-01
 5.4064e+00  9.0771e-01
 5.4106e+00  9.0771e-01
 5.4147e+00  9.0771e-01
 5.4189e+00  9.0771e-01
 5.4231e+00  9.0771e-01
 5.4272e+00  9.0771e-01
 5.4314e+00  9.0771e-01
 5.4356e+00  9.0771e-01
 5.4397e+00  9.0771e-01
 5.4439e+00  9.0771e-01
 5.4481e+00  9.0771e-01
 5.4523e+00  9.0771e-01
 5.4565e+00  9.0771e-01
 5.4607e+00  9.0771e-01
 5.4649e+00  9.0771e-01
 5.4691e+00  9.0771e-01
 5.4733e+00  9.0771e-01
 5.4775e+00  9.0771e-01
 5.4817e+00  9.0771e-01
 5.4859e+00  9.0771e-01
 5.4901e+00  9.0771e-01
 5.4943e+00  9.0771e-01
 5.4985e+00  9.0771e-01
 5.5028e+00  9.0771e-01
 5.5070e+00  9.0771e-01
 5.5112e+00  9.0771e-01
 5.5154e+00  9.0771e-01
 5.5197e+00  9.0771e-01
 5.5239e+00  9.0771e-01
 5.5282e+00  9.0771e-01
 5.5324e+00  9.0771e-01
 5.5367e+00  9.0771e-01
 5.5409e+00  9.0771e-01
 5.5452e+00  9.0771e-01
 5.5494e+00  9.0771e-01
 5.5537e+00  9.0771e-01
 5.5580e+00  9.0771e-01
 5.5622e+00  9.0771e-01
 5.5665e+00  9.0771e-01
 5.5708e+00  9.0771e-01
 5.5750e+00  9.0771e-01
 5.5793e+00  9.0771e-01
 5.5836e+00  9.0771e-01
 5.5879e+00  9.0771e-01
 5.5922e+00  9.0771e-01
 5.5965e+00  9.0771e-01
 5.6008e+00  9.0771e-01
 5.6051e+00  9.0771e-01
 5.6094e+00  9.0771e-01
 5.6137e+00  9.0771e-01
 5.6180e+00  9.0771e-01
 5.6223e+00  9.0771e-01
 5.6267e+00  9.0771e-01
 5.6310e+00  9.0771e-01
 5.6353e+00  9.0771e-01
 5.6396e+00  9.0771e-01
 5.6440e+00  9.0771e-01
 5.6483e+00  9.0771e-01
 5.6526e+00  9.0771e-01
 5.6570e+00  9.0771e-01
 5.6613e+00  9.0771e-01
 5.6657e+00  9.0771e-01
 5.6700e+00  9.0771e-01
 5.6744e+00  9.0771e-01
 5.6787e+00  9.0771e-01
 5.6831e+00  9.0771e-01
 5.6875e+00  9.0771e-01
 5.6918e+00  9.0771e-01
 5.6962e+00  9.0771e-01
 5.7006e+00  9.0771e-01
 5.7050e+00  9.0771e-01
 5.7093e+00  9.0771e-01
 5.7137e+00  9.0771e-01
 5.7181e+00  9.0771e-01
 5.7225e+00  9.0771e-01
 5.7269e+00  9.0771e-01
 5.7313e+00  9.0771e-01
 5.7357e+00  9.0771e-01
 5.7401e+00  9.0771e-01
 5.7445e+00  9.0771e-01
 5.7489e+00  9.0771e-01
 5.7533e+00  9.0771e-01
 5.7578e+00  9.0771e-01
 5.7622e+00  9.0771e-01
 5.7666e+00  9.0771e-01
 5.7710e+00  9.0771e-01
 5.7755e+00  9.0771e-01
 5.7799e+00  9.0771e-01
 5.7843e+00  9.0771e-01
 5.7888e+00  9.0771e-01
 5.7932e+00  9.0771e-01
 5.7977e+00  9.0771e-01
 5.8021e+00  9.0771e-01
 5.8066e+00  9.0771e-01
 5.8111e+00  9.0771e-01
 5.8155e+00  9.0771e-01
 5.8200e+00  9.0771e-01
 5.8245e+00  9.0771e-01
 5.8289e+00  9.0771e-01
 5.8334e+00  9.0771e-01
 5.8379e+00  9.0771e-01
 5.8424e+00  9.0771e-01
 5.8469e+00  9.0771e-01
 5.8513e+00  9.0771e-01
 5.8558e+00  9.0771e-01
 5.8603e+00  9.0771e-01
 5.8648e+00  9.0771e-01
 5.8693e+00  9.0771e-01
 5.8739e+00  9.0771e-01
 5.8784e+00  9.0771e-01
 5.8829e+00  9.0771e-01
 5.8874e+00  9.0771e-01
 5.8919e+00  9.0771e-01
 5.8964e+00  9.0771e-01
 5.9010e+00  9.0771e-01
 5.9055e+00  9.0771e-01
 5.9100e+00  9.0771e-01
 5.9146e+00  9.0771e-01
 5.9191e+00  9.0771e-01
 5.9237e+00  9.0771e-01
 5.9282e+00  9.0771e-01
 5.9328e+00  9.0771e-01
 5.9373e+00  9.0771e-01
 5.9419e+00  9.0771e-01
 5.9465e+00  9.0771e-01
 5.9510e+00  9.0771e-01
 5.9556e+00  9.0771e-01
 5.9602e+00  9.0771e-01
 5.9647e+00  9.0771e-01
 5.9693e+00  9.0771e-01
 5.9739e+00  9.0771e-01
 5.9785e+00  9.0771e-01
 5.9831e+00  9.0771e-01
 5.9877e+00  9.0771e-01
 5.9923e+00  9.0771e-01
 5.9969e+00  9.0771e-01
 6.0015e+00  9.0771e-01
 6.0061e+00  9.0771e-01
 6.0107e+00  9.0771e-01
 6.0153e+00  9.0771e-01
 6.0200e+00  9.0771e-01
 6.0246e+00  9.0771e-01
 6.0292e+00  9.0771e-01
 6.0338e+00  9.0771e-01
 6.0385e+00  9.0771e-01
 6.0431e+00  9.0771e-01
 6.0478e+00  9.0771e-01
 6.0524e+00  9.0771e-01
 6.0570e+00  9.0771e-01
 6.0617e+00  9.0771e-01
 6.0664e+00  9.0771e-01
 6.0710e+00  9.0771e-01
 6.0757e+00  9.0771e-01
 6.0803e+00  9.0771e-01
 6.0850e+00  9.0771e-01
 6.0897e+00  9.0771e-01
 6.0944e+00  9.0771e-01
 6.0990e+00  9.0771e-01
 6.1037e+00  9.0771e-01
 6.1084e+00  9.0771e-01
 6.1131e+00  9.0771e-01
 6.1178e+00  9.0771e-01
 6.1225e+00  9.0771e-01
 6.1272e+00  9.0771e-01
 6.1319e+00  9.0771e-01
 6.1366e+00  9.0771e-01
 6.1413e+00  9.0771e-01
 6.1461e+00  9.0771e-01
 6.1508e+00  9.0771e-01
 6.1555e+00  9.0771e-01
 6.1602e+00  9.0771e-01
 6.1650e+00  9.0771e-01
 6.1697e+00  9.0771e-01
 6.1744e+00  9.0771e-01
 6.1792e+00  9.0771e-01
 6.1839e+00  9.0771e-01
 6.1887e+00  9.0771e-01
 6.1934e+00  9.0771e-01
 6.1982e+00  9.0771e-01
 6.2029e+00  9.0771e-01
 6.2077e+00  9.0771e-01
 6.2125e+00  9.0771e-01
 6.2172e+00  9.0771e-01
 6.2220e+00  9.0771e-01
 6.2268e+00  9.0771e-01
 6.2316e+00  9.0771e-01
 6.2364e+00  9.0771e-01
 6.2412e+00  9.0771e-01
 6.2460e+00  9.0771e-01
 6.2507e+00  9.0771e-01
 6.2555e+00  9.0771e-01
 6.2604e+00  9.0771e-01
 6.2652e+00  9.0771e-01
 6.2700e+00  9.0771e-01
 6.2748e+00  9.0771e-01
 6.2796e+00  9.0771e-01
 6.2844e+00  9.0771e-01
 6.2893e+00  9.0771e-01
 6.2941e+00  9.0771e-01
 6.2989e+00  9.0771e-01
 6.3038e+00  9.0771e-01
 6.3086e+00  9.0771e-01
 6.3135e+00  9.0771e-01
 6.3183e+00  9.0771e-01
 6.3232e+00  9.0771e-01
 6.3280e+00  9.0771e-01
 6.3329e+00  9.0771e-01
 6.3377e+00  9.0771e-01
 6.3426e+00  9.0771e-01
 6.3475e+00  9.0771e-01
 6.3523e+00  9.0771e-01
 6.3572e+00  9.0771e-01
 6.3621e+00  9.0771e-01
 6.3670e+00  9.0771e-01
 6.3719e+00  9.0771e-01
 6.3768e+00  9.0771e-01
 6.3817e+00  9.0771e-01
 6.3866e+00  9.0771e-01
 6.3915e+00  9.0771e-01
 6.3964e+00  9.0771e-01
 6.4013e+00  9.0771e-01
 6.4062e+00  9.0771e-01
 6.4111e+00  9.0771e-01
 6.4161e+00  9.0771e-01
 6.4210e+00  9.0771e-01
 6.4259e+00  9.0771e-01
 6.4309e+00  9.0771e-01
 6.4358e+00  9.0771e-01
 6.4407e+00  9.0771e-01
 6.4457e+00  9.0771e-01
 6.4506e+00  9.0771e-01
 6.4556e+00  9.0771e-01
 6.4606e+00  9.0771e-01
 6.4655e+00  9.0771e-01
 6.4705e+00  9.0771e-01
 6.4755e+00  9.0771e-01
 6.4804e+00  9.0771e-01
 6.4854e+00  9.0771e-01
 6.4904e+00  9.0771e-01
 6.4954e+00  9.0771e-01
 6.5004e+00  9.0771e-01
 6.5054e+00  9.0771e-01
 6.5104e+00  9.0771e-01
 6.5154e+00  9.0771e-01
 6.5204e+00  9.0771e-01
 6.5254e+00  9.0771e-01
 6.5304e+00  9.0771e-01
 6.5354e+00  9.0771e-01
 6.5404e+00  9.0771e-01
 6.5454e+00  9.0771e-01
 6.5505e+00  9.0771e-01
 6.5555e+00  9.0771e-01
 6.5605e+00  9.0771e-01
 6.5656e+00  9.0771e-01
 6.5706e+00  9.0771e-01
 6.5757e+00  9.0771e-01
 6.5807e+00  9.0771e-01
 6.5858e+00  9.0771e-01
 6.5908e+00  9.0771e-01
 6.5959e+00  9.0771e-01
 6.6010e+00  9.0771e-01
 6.6060e+00  9.0771e-01
 6.6111e+00  9.0771e-01
 6.6162e+00  9.0771e-01
 6.6213e+00  9.0771e-01
 6.6263e+00  9.0771e-01
 6.6314e+00  9.0771e-01
 6.6365e+00  9.0771e-01
 6.6416e+00  9.0771e-01
 6.6467e+00  9.0771e-01
 6.6518e+00  9.0771e-01
 6.6569e+00  9.0771e-01
 6.6620e+00  9.0771e-01
 6.6672e+00  9.0771e-01
 6.6723e+00  9.0771e-01
 6.6774e+00  9.0771e-01
 6.6825e+00  9.0771e-01
 6.6877e+00  9.0771e-01
 6.6928e+00  9.0771e-01
 6.6980e+00  9.0771e-01
 6.7031e+00  9.0771e-01
 6.7082e+00  9.0771e-01
 6.7134e+00  9.0771e-01
 6.7186e+00  9.0771e-01
 6.7237e+00  9.0771e-01
 6.7289e+00  9.0771e-01
 6.7340e+00  9.0771e-01
 6.7392e+00  9.0771e-01
 6.7444e+00  9.0771e-01
 6.7496e+00  9.0771e-01
 6.7548e+00  9.0771e-01
 6.7599e+00  9.0771e-01
 6.7651e+00  9.0771e-01
 6.7703e+00  9.0771e-01
 6.7755e+00  9.0771e-01
 6.7807e+00  9.0771e-01
 6.7859e+00  9.0771e-01
 6.7912e+00  9.0771e-01
 6.7964e+00  9.0771e-01
 6.8016e+00  9.0771e-01
 6.8068e+00  9.0771e-01
 6.8120e+00  9.0771e-01
 6.8173e+00  9.0771e-01
 6.8225e+00  9.0771e-01
 6.8278e+00  9.0771e-01
 6.8330e+00  9.0771e-01
 6.8383e+00  9.0771e-01
 6.8435e+00  9.0771e-01
 6.8488e+00  9.0771e-01
 6.8540e+00  9.0771e-01
 6.8593e+00  9.0771e-01
 6.8646e+00  9.0771e-01
 6.8698e+00  9.0771e-01
 6.8751e+00  9.0771e-01
 6.8804e+00  9.0771e-01
 6.8857e+00  9.0771e-01
 6.8910e+00  9.0771e-01
 6.8962e+00  9.0771e-01
 6.9015e+00  9.0771e-01
 6.9068e+00  9.0771e-01
 6.9122e+00  9.0771e-01
 6.9175e+00  9.0771e-01
 6.9228e+00  9.0771e-01
 6.9281e+00  9.0771e-01
 6.9334e+00  9.0771e-01
 6.9387e+00  9.0771e-01
 6.9441e+00  9.0771e-01
 6.9494e+00  9.0771e-01
 6.9547e+00  9.0771e-01
 6.9601e+00  9.0771e-01
 6.9654e+00  9.0771e-01
 6.9708e+00  9.0771e-01
 6.9761e+00  9.0771e-01
 6.9815e+00  9.0771e-01
 6.9869e+00  9.0771e-01
 6.9922e+00  9.0771e-01
 6.9976e+00  9.0771e-01
 7.0030e+00  9.0771e-01
 7.0083e+00  9.0771e-01
 7.0137e+00  9.0771e-01
 7.0191e+00  9.0771e-01
 7.0245e+00  9.0771e-01
 7.0299e+00  9.0771e-01
 7.0353e+00  9.0771e-01
 7.0407e+00  9.0771e-01
 7.0461e+00  9.0771e-01
 7.0515e+00  9.0771e-01
 7.0569e+00  9.0771e-01
 7.0624e+00  9.0771e-01
 7.0678e+00  9.0771e-01
 7.0732e+00  9.0771e-01
 7.0786e+00  9.0771e-01
 7.0841e+00  9.0771e-01
 7.0895e+00  9.0771e-01
 7.0950e+00  9.0771e-01
 7.1004e+00  9.0771e-01
 7.1059e+00  9.0771e-01
 7.1113e+00  9.0771e-01
 7.1168e+00  9.0771e-01
 7.1223e+00  9.0771e-01
 7.1277e+00  9.0771e-01
 7.1332e+00  9.0771e-01
 7.1387e+00  9.0771e-01
 7.1442e+00  9.0771e-01
 7.1496e+00  9.0771e-01
 7.1551e+00  9.0771e-01
 7.1606e+00  9.0771e-01
 7.1661e+00  9.0771e-01
 7.1716e+00  9.0771e-01
 7.1771e+00  9.0771e-01
 7.1827e+00  9.0771e-01
 7.1882e+00  9.0771e-01
 7.1937e+00  9.0771e-01
 7.1992e+00  9.0771e-01
 7.2048e+00  9.0771e-01
 7.2103e+00  9.0771e-01
 7.2158e+00  9.0771e-01
 7.2214e+00  9.0771e-01
 7.2269e+00  9.0771e-01
 7.2325e+00  9.0771e-01
 7.2380e+00  9.0771e-01
 7.2436e+00  9.0771e-01
 7.2491e+00  9.0771e-01
 7.2547e+00  9.0771e-01
 7.2603e+00  9.0771e-01
 7.2659e+00  9.0771e-01
 7.2714e+00  9.0771e-01
 7.2770e+00  9.0771e-01
 7.2826e+00  9.0771e-01
 7.2882e+00  9.0771e-01
 7.2938e+00  9.0771e-01
 7.2994e+00  9.0771e-01
 7.3050e+00  9.0771e-01
 7.3106e+00  9.0771e-01
 7.3162e+00  9.0771e-01
 7.3219e+00  9.0771e-01
 7.3275e+00  9.0771e-01
 7.3331e+00  9.0771e-01
 7.3387e+00  9.0771e-01
 7.3444e+00  9.0771e-01
 7.3500e+00  9.0771e-01
 7.3557e+00  9.0771e-01
 7.3613e+00  9.0771e-01
 7.3670e+00  9.0771e-01
 7.3726e+00  9.0771e-01
 7.3783e+00  9.0771e-01
 7.3840e+00  9.0771e-01
 7.3896e+00  9.0771e-01
 7.3953e+00  9.0771e-01
 7.4010e+00  9.0771e-01
 7.4067e+00  9.0771e-01
 7.4124e+00  9.0771e-01
 7.4181e+00  9.0771e-01
 7.4238e+00  9.0771e-01
 7.4295e+00  9.0771e-01
 7.4352e+00  9.0771e-01
 7.4409e+00  9.0771e-01
 7.4466e+00  9.0771e-01
 7.4523e+00  9.0771e-01
 7.4580e+00  9.0771e-01
 7.4638e+00  9.0771e-01
 7.4695e+00  9.0771e-01
 7.4752e+00  9.0771e-01
 7.4810e+00  9.0771e-01
 7.4867e+00  9.0771e-01
 7.4925e+00  9.0771e-01
 7.4982e+00  9.0771e-01
 7.5040e+00  9.0771e-01
 7.5097e+00  9.0771e-01
 7.5155e+00  9.0771e-01
 7.5213e+00  9.0771e-01
 7.5271e+00  9.0771e-01
 7.5328e+00  9.0771e-01
 7.5386e+00  9.0771e-01
 7.5444e+00  9.0771e-01
 7.5502e+00  9.0771e-01
 7.5560e+00  9.0771e-01
 7.5618e+00  9.0771e-01
 7.5676e+00  9.0771e-01
 7.5734e+00  9.0771e-01
 7.5793e+00  9.0771e-01
 7.5851e+00  9.0771e-01
 7.5909e+00  9.0771e-01
 7.5967e+00  9.0771e-01
 7.6026e+00  9.0771e-01
 7.6084e+00  9.0771e-01
 7.6143e+00  9.0771e-01
 7.6201e+00  9.0771e-01
 7.6260e+00  9.0771e-01
 7.6318e+00  9.0771e-01
 7.6377e+00  9.0771e-01
 7.6435e+00  9.0771e-01
 7.6494e+00  9.0771e-01
 7.6553e+00  9.0771e-01
 7.6612e+00  9.0771e-01
 7.6670e+00  9.0771e-01
 7.6729e+00  9.0771e-01
 7.6788e+00  9.0771e-01
 7.6847e+00  9.0771e-01
 7.6906e+00  9.0771e-01
 7.6965e+00  9.0771e-01
 7.7024e+00  9.0771e-01
 7.7084e+00  9.0771e-01
 7.7143e+00  9.0771e-01
 7.7202e+00  9.0771e-01
 7.7261e+00  9.0771e-01
 7.7321e+00  9.0771e-01
 7.7380e+00  9.0771e-01
 7.7440e+00  9.0771e-01
 7.7499e+00  9.0771e-01
 7.7559e+00  9.0771e-01
 7.7618e+00  9.0771e-01
 7.7678e+00  9.0771e-01
 7.7737e+00  9.0771e-01
 7.7797e+00  9.0771e-01
 7.7857e+00  9.0771e-01
 7.7917e+00  9.0771e-01
 7.7977e+00  9.0771e-01
 7.8036e+00  9.0771e-01
 7.8096e+00  9.0771e-01
 7.8156e+00  9.0771e-01
 7.8216e+00  9.0771e-01
 7.8276e+00  9.0771e-01
 7.8337e+00  9.0771e-01
 7.8397e+00  9.0771e-01
 7.8457e+00  9.0771e-01
 7.8517e+00  9.0771e-01
 7.8578e+00  9.0771e-01
 7.8638e+00  9.0771e-01
 7.8698e+00  9.0771e-01
 7.8759e+00  9.0771e-01
 7.8819e+00  9.0771e-01
 7.8880e+00  9.0771e-01
 7.8940e+00  9.0771e-01
 7.9001e+00  9.0771e-01
 7.9062e+00  9.0771e-01
 7.9122e+00  9.0771e-01
 7.9183e+00  9.0771e-01
 7.9244e+00  9.0771e-01
 7.9305e+00  9.0771e-01
 7.9366e+00  9.0771e-01
 7.9427e+00  9.0771e-01
 7.9488e+00  9.0771e-01
 7.9549e+00  9.0771e-01
 7.9610e+00  9.0771e-01
 7.9671e+00  9.0771e-01
 7.9732e+00  9.0771e-01
 7.9793e+00  9.0771e-01
 7.9855e+00  9.0771e-01
 7.9916e+00  9.0771e-01
 7.9977e+00  9.0771e-01
 8.0039e+00  9.0771e-01
 8.0100e+00  9.0771e-01
 8.0162e+00  9.0771e-01
 8.0223e+00  9.0771e-01
 8.0285e+00  9.0771e-01
 8.0347e+00  9.0771e-01
 8.0408e+00  9.0771e-01
 8.0470e+00  9.0771e-01
 8.0532e+00  9.0771e-01
 8.0594e+00  9.0771e-01
 8.0656e+00  9.0771e-01
 8.0718e+00  9.0771e-01
 8.0780e+00  9.0771e-01
 8.0842e+00  9.0771e-01
 8.0904e+00  9.0771e-01
 8.0966e+00  9.0771e-01
 8.1028e+00  9.0771e-01
 8.1090e+00  9.0771e-01
 8.1153e+00  9.0771e-01
 8.1215e+00  9.0771e-01
 8.1277e+00  9.0771e-01
 8.1340e+00  9.0771e-01
 8.1402e+00  9.0771e-01
 8.1465e+00  9.0771e-01
 8.1527e+00  9.0771e-01
 8.1590e+00  9.0771e-01
 8.1653e+00  9.0771e-01
 8.1715e+00  9.0771e-01
 8.1778e+00  9.0771e-01
 8.1841e+00  9.0771e-01
 8.1904e+00  9.0771e-01
 8.1967e+00  9.0771e-01
 8.2030e+00  9.0771e-01
 8.2093e+00  9.0771e-01
 8.2156e+00  9.0771e-01
 8.2219e+00  9.0771e-01
 8.2282e+00  9.0771e-01
 8.2345e+00  9.0771e-01
 8.2408e+00  9.0771e-01
 8.2472e+00  9.0771e-01
 8.2535e+00  9.0771e-01
 8.2599e+00  9.0771e-01
 8.2662e+00  9.0771e-01
 8.2725e+00  9.0771e-01
 8.2789e+00  9.0771e-01
 8.2853e+00  9.0771e-01
 8.2916e+00  9.0771e-01
 8.2980e+00  9.0771e-01
 8.3044e+00  9.0771e-01
 8.3107e+00  9.0771e-01
 8.3171e+00  9.0771e-01
 8.3235e+00  9.0771e-01
 8.3299e+00  9.0771e-01
 8.3363e+00  9.0771e-01
 8.3427e+00  9.0771e-01
 8.3491e+00  9.0771e-01
 8.3555e+00  9.0771e-01
 8.3619e+00  9.0771e-01
 8.3684e+00  9.0771e-01
 8.3748e+00  9.0771e-01
 8.3812e+00  9.0771e-01
 8.3877e+00  9.0771e-01
 8.3941e+00  9.0771e-01
 8.4006e+00  9.0771e-01
 8.4070e+00  9.0771e-01
 8.4135e+00  9.0771e-01
 8.4199e+00  9.0771e-01
 8.4264e+00  9.0771e-01
 8.4329e+00  9.0771e-01
 8.4393e+00  9.0771e-01
 8.4458e+00  9.0771e-01
 8.4523e+00  9.0771e-01
 8.4588e+00  9.0771e-01
 8.4653e+00  9.0771e-01
 8.4718e+00  9.0771e-01
 8.4783e+00  9.0771e-01
 8.4848e+00  9.0771e-01
 8.4913e+00  9.0771e-01
 8.4979e+00  9.0771e-01
 8.5044e+00  9.0771e-01
 8.5109e+00  9.0771e-01
 8.5175e+00  9.0771e-01
 8.5240e+00  9.0771e-01
 8.5305e+00  9.0771e-01
 8.5371e+00  9.0771e-01
 8.5437e+00  9.0771e-01
 8.5502e+00  9.0771e-01
 8.5568e+00  9.0771e-01
 8.5634e+00  9.0771e-01
 8.5699e+00  9.0771e-01
 8.5765e+00  9.0771e-01
 8.5831e+00  9.0771e-01
 8.5897e+00  9.0771e-01
 8.5963e+00  9.0771e-01
 8.6029e+00  9.0771e-01
 8.6095e+00  9.0771e-01
 8.6161e+00  9.0771e-01
 8.6227e+00  9.0771e-01
 8.6294e+00  9.0771e-01
 8.6360e+00  9.0771e-01
 8.6426e+00  9.0771e-01
 8.6493e+00  9.0771e-01
 8.6559e+00  9.0771e-01
 8.6626e+00  9.0771e-01
 8.6692e+00  9.0771e-01
 8.6759e+00  9.0771e-01
 8.6825e+00  9.0771e-01
 8.6892e+00  9.0771e-01
 8.6959e+00  9.0771e-01
 8.7026e+00  9.0771e-01
 8.7092e+00  9.0771e-01
 8.7159e+00  9.0771e-01
 8.7226e+00  9.0771e-01
 8.7293e+00  9.0771e-01
 8.7360e+00  9.0771e-01
 8.7427e+00  9.0771e-01
 8.7494e+00  9.0771e-01
 8.7562e+00  9.0771e-01
 8.7629e+00  9.0771e-01
 8.7696e+00  9.0771e-01
 8.7764e+00  9.0771e-01
 8.7831e+00  9.0771e-01
 8.7898e+00  9.0771e-01
 8.7966e+00  9.0771e-01
 8.8034e+00  9.0771e-01
 8.8101e+00  9.0771e-01
 8.8169e+00  9.0771e-01
 8.8237e+00  9.0771e-01
 8.8304e+00  9.0771e-01
 8.8372e+00  9.0771e-01
 8.8440e+00  9.0771e-01
 8.8508e+00  9.0771e-01
 8.8576e+00  9.0771e-01
 8.8644e+00  9.0771e-01
 8.8712e+00  9.0771e-01
 8.8780e+00  9.0771e-01
 8.8848e+00  9.0771e-01
 8.8917e+00  9.0771e-01
 8.8985e+00  9.0771e-01
 8.9053e+00  9.0771e-01
 8.9122e+00  9.0771e-01
 8.9190e+00  9.0771e-01
 8.9259e+00  9.0771e-01
 8.9327e+00  9.0771e-01
 8.9396e+00  9.0771e-01
 8.9464e+00  9.0771e-01
 8.9533e+00  9.0771e-01
 8.9602e+00  9.0771e-01
 8.9671e+00  9.0771e-01
 8.9740e+00  9.0771e-01
 8.9809e+00  9.0771e-01
 8.9878e+00  9.0771e-01
 8.9947e+00  9.0771e-01
 9.0016e+00  9.0771e-01
 9.0085e+00  9.0771e-01
 9.0154e+00  9.0771e-01
 9.0223e+00  9.0771e-01
 9.0293e+00  9.0771e-01
 9.0362e+00  9.0771e-01
 9.0431e+00  9.0771e-01
 9.0501e+00  9.0771e-01
 9.0570e+00  9.0771e-01
 9.0640e+00  9.0771e-01
 9.0709e+00  9.0771e-01
 9.0779e+00  9.0771e-01
 9.0849e+00  9.0771e-01
 9.0919e+00  9.0771e-01
 9.0988e+00  9.0771e-01
 9.1058e+00  9.0771e-01
 9.1128e+00  9.0771e-01
 9.1198e+00  9.0771e-01
 9.1268e+00  9.0771e-01
 9.1338e+00  9.0771e-01
 9.1409e+00  9.0771e-01
 9.1479e+00  9.0771e-01
 9.1549e+00  9.0771e-01
 9.1619e+00  9.0771e-01
 9.1690e+00  9.0771e-01
 9.1760e+00  9.0771e-01
 9.1831e+00  9.0771e-01
 9.1901e+00  9.0771e-01
 9.1972e+00  9.0771e-01
 9.2042e+00  9.0771e-01
 9.2113e+00  9.0771e-01
 9.2184e+00  9.0771e-01
 9.2255e+00  9.0771e-01
 9.2326e+00  9.0771e-01
 9.2396e+00  9.0771e-01
 9.2467e+00  9.0771e-01
 9.2538e+00  9.0771e-01
 9.2610e+00  9.0771e-01
 9.2681e+00  9.0771e-01
 9.2752e+00  9.0771e-01
 9.2823e+00  9.0771e-01
 9.2894e+00  9.0771e-01
 9.2966e+00  9.0771e-01
 9.3037e+00  9.0771e-01
 9.3109e+00  9.0771e-01
 9.3180e+00  9.0771e-01
 9.3252e+00  9.0771e-01
 9.3323e+00  9.0771e-01
 9.3395e+00  9.0771e-01
 9.3467e+00  9.0771e-01
 9.3538e+00  9.0771e-01
 9.3610e+00  9.0771e-01
 9.3682e+00  9.0771e-01
 9.3754e+00  9.0771e-01
 9.3826e+00  9.0771e-01
 9.3898e+00  9.0771e-01
 9.3970e+00  9.0771e-01
 9.4043e+00  9.0771e-01
 9.4115e+00  9.0771e-01
 9.4187e+00  9.0771e-01
 9.4259e+00  9.0771e-01
 9.4332e+00  9.0771e-01
 9.4404e+00  9.0771e-01
 9.4477e+00  9.0771e-01
 9.4549e+00  9.0771e-01
 9.4622e+00  9.0771e-01
 9.4695e+00  9.0771e-01
 9.4767e+00  9.0771e-01
 9.4840e+00  9.0771e-01
 9.4913e+00  9.0771e-01
 9.4986e+00  9.0771e-01
 9.5059e+00  9.0771e-01
 9.5132e+00  9.0771e-01
 9.5205e+00  9.0771e-01
 9.5278e+00  9.0771e-01
 9.5351e+00  9.0771e-01
 9.5424e+00  9.0771e-01
 9.5498e+00  9.0771e-01
 9.5571e+00  9.0771e-01
 9.5645e+00  9.0771e-01
 9.5718e+00  9.0771e-01
 9.5792e+00  9.0771e-01
 9.5865e+00  9.0771e-01
 9.5939e+00  9.0771e-01
 9.6012e+00  9.0771e-01
 9.6086e+00  9.0771e-01
 9.6160e+00  9.0771e-01
 9.6234e+00  9.0771e-01
 9.6308e+00  9.0771e-01
 9.6382e+00  9.0771e-01
 9.6456e+00  9.0771e-01
 9.6530e+00  9.0771e-01
 9.6604e+00  9.0771e-01
 9.6678e+00  9.0771e-01
 9.6752e+00  9.0771e-01
 9.6827e+00  9.0771e-01
 9.6901e+00  9.0771e-01
 9.6976e+00  9.0771e-01
 9.7050e+00  9.0771e-01
 9.7125e+00  9.0771e-01
 9.7199e+00  9.0771e-01
 9.7274e+00  9.0771e-01
 9.7349e+00  9.0771e-01
 9.7423e+00  9.0771e-01
 9.7498e+00  9.0771e-01
 9.7573e+00  9.0771e-01
 9.7648e+00  9.0771e-01
 9.7723e+00  9.0771e-01
 9.7798e+00  9.0771e-01
 9.7873e+00  9.0771e-01
 9.7948e+00  9.0771e-01
 9.8024e+00  9.0771e-01
 9.8099e+00  9.0771e-01
 9.8174e+00  9.0771e-01
 9.8250e+00  9.0771e-01
 9.8325e+00  9.0771e-01
 9.8401e+00  9.0771e-01
 9.8476e+00  9.0771e-01
 9.8552e+00  9.0771e-01
 9.8627e+00  9.0771e-01
 9.8703e+00  9.0771e-01
 9.8779e+00  9.0771e-01
 9.8855e+00  9.0771e-01
 9.8931e+00  9.0771e-01
 9.9007e+00  9.0771e-01
 9.9083e+00  9.0771e-01
 9.9159e+00  9.0771e-01
 9.9235e+00  9.0771e-01
 9.9311e+00  9.0771e-01
 9.9388e+00  9.0771e-01
 9.9464e+00  9.0771e-01
 9.9540e+00  9.0771e-01
 9.9617e+00  9.0771e-01
 9.9693e+00  9.0771e-01
 9.9770e+00  9.0771e-01
 9.9847e+00  9.0771e-01
 9.9923e+00  9.0771e-01
 1.0000e+01  9.0771e-01
